Picked up JAVA_TOOL_OPTIONS: 
WARNING: A restricted method in java.lang.System has been called
WARNING: java.lang.System::load has been called by org.fusesource.jansi.internal.JansiLoader in an unnamed module (file:<maven>/lib/jansi-2.4.1.jar)
WARNING: Use --enable-native-access=ALL-UNNAMED to avoid a warning for callers in this module
WARNING: Restricted methods will be blocked in a future release unless native access is enabled

WARNING: A terminally deprecated method in sun.misc.Unsafe has been called
WARNING: sun.misc.Unsafe::objectFieldOffset has been called by com.google.common.util.concurrent.AbstractFuture$UnsafeAtomicHelper (file:<maven>/lib/guava-33.2.1-jre.jar)
WARNING: Please consider reporting this to the maintainers of class com.google.common.util.concurrent.AbstractFuture$UnsafeAtomicHelper
WARNING: sun.misc.Unsafe::objectFieldOffset will be removed in a future release
Picked up JAVA_TOOL_OPTIONS: 
WARNING: A terminally deprecated method in sun.misc.Unsafe has been called
WARNING: sun.misc.Unsafe::invokeCleaner has been called by nonapi.io.github.classgraph.utils.FileUtils (file:<m2>/repository/io/github/classgraph/classgraph/4.8.83/classgraph-4.8.83.jar)
WARNING: Please consider reporting this to the maintainers of class nonapi.io.github.classgraph.utils.FileUtils
WARNING: sun.misc.Unsafe::invokeCleaner will be removed in a future release
{
	"@type":"com.alibaba.fastjson2.issues_1500.Issue1509$LoginUser#0",
	"@value":{
		"authorities#1":{
			"@type":"java.util.Collections$UnmodifiableSet#2",
			"@value":[]
		},
		"name#3":"张三",
		"realName#4":"zhangsan"
	}
}
Wed, 7 Oct 2026 00:48:45 GMT
{
	"date":1642003200
}
[{"@type":"[O","@value":[{"@type":"com.alibaba.fastjson2.issues_2100.Issue2175.Index$TestER","name":"ER"},0]},{"@type":"[O","@value":[{"@type":"com.alibaba.fastjson2.issues_2100.Issue2175.Index$TestER","name":"ER"},false]}]
1
[{"@type":"[com.alibaba.fastjson2.issues_2100.Issue2175.Index$TestER","@value":[{"name":"ER"},{"name":"ER"}]},{"@type":"[com.alibaba.fastjson2.issues_2100.Issue2175.Index$TestER","@value":[{"name":"ER"},{"name":"ER"}]}]
[{"@type":"[O","@value":[{"@type":"[com.alibaba.fastjson2.issues_2100.Issue2175.Index$TestER","@value":[{"name":"parent"},{"@type":"com.alibaba.fastjson2.issues_2100.Issue2175.Index$Children","age":1,"name":"child"}]},{"@type":"[com.alibaba.fastjson2.issues_2100.Issue2175.Index$TestER","@value":[{"@type":"com.alibaba.fastjson2.issues_2100.Issue2175.Index$Children","age":1,"name":"child"},{"name":"parent"}]}]},{"@type":"[com.alibaba.fastjson2.issues_2100.Issue2175.Index$TestER","@value":[{"@type":"com.alibaba.fastjson2.issues_2100.Issue2175.Index$Children","age":1,"name":"child"},{"name":"parent"}]},{"@type":"[O","@value":[1,false]}]
[{"@type":"[com.alibaba.fastjson2.issues_2100.Issue2175.Index$TestER","@value":[{"name":"parent"},{"@type":"com.alibaba.fastjson2.issues_2100.Issue2175.Index$Children","age":1,"name":"child"}]},{"@type":"[com.alibaba.fastjson2.issues_2100.Issue2175.Index$TestER","@value":[{"@type":"com.alibaba.fastjson2.issues_2100.Issue2175.Index$Children","age":1,"name":"child"},{"name":"parent"}]}]
[[{"name":"parent"},{"@type":"com.alibaba.fastjson2.issues_2100.Issue2175.Index$Children","age":1,"name":"child"}],[{"@type":"com.alibaba.fastjson2.issues_2100.Issue2175.Index$Children","age":1,"name":"child"},{"name":"parent"}]]
{}
{"hash":2138216064,"resolved":"java.util.HashMap","type":{"actualTypeArguments":["java.lang.Integer",{"actualTypeArguments":["java.lang.String"],"rawType":"java.util.List"}],"rawType":"java.util.HashMap"},"typeProvider":{"source":{"declaringClass":"com.alibaba.fastjson2.issues_2100.Issue2103$Bean","name":"myMap"},"type":{"actualTypeArguments":["java.lang.Integer",{"actualTypeArguments":["java.lang.String"],"rawType":"java.util.List"}],"rawType":"java.util.HashMap"}}}"\"\"\"\""
{
	"@type":"org.joda.time.LocalDateTime#0",
	"@value":"2026-10-07 00:48:45.525"
}
{
	"@type":"org.joda.time.LocalDateTime#0",
	"@value":"2026-10-07 00:48:45.529"
}
{
	"@type":"org.joda.time.LocalDateTime#0",
	"@value":{
		"year":2026,
		"month":10,
		"day":6,
		"hour":16,
		"minute":48,
		"second":45,
		"millis":530,
		"chronology":{
			"zoneId":"UTC"
		}
	}
}
{
	"@type":"org.joda.time.LocalDate#0",
	"@value":"2026-10-07"
}
{
	"@type":"org.joda.time.LocalDate#0",
	"@value":"2026-10-07"
}
{
	"@type":"org.joda.time.LocalDate#0",
	"@value":{
		"year":2026,
		"month":10,
		"day":6,
		"chronology":{
			"zoneId":"UTC"
		}
	}
}
{"type":"directory","items":[{"type":"file","data":"Some content ...","name":"my_file.txt"}],"name":"My directory"}
{"type":"object","properties":{"longitude":{"type":["string","number"]},"latitude":{"type":"number","minimum":-90,"maximum":90}},"required":["longitude","latitude"]}
66060288
Serialized JSON with circular reference: {"parent😀":{"child👍":{"$ref":"$"}}}
Test passed - no exception thrown during serialization with circular reference
Serialized JSON: {"key👍":"value3","key😀":"value1","nested":{"nested😀":{"deepValue":"deepValue"}},"key🌍":"value2"}
Test passed - no exception thrown during serialization
Generated JSON: {
	"key👍":"value3",
	"key😀":"value1",
	"key🌍":"value2"
}
Generated JSON with circular reference: {"parent😀":{"child😀":{"parent😀":{"$ref":"parent😀"}}}}
Generated JSON: {"key😀":"value","nested":{"nestedKey":"nestedValue"}}
UrlEntity [name=rose, url=https://www.baidu.com/web/user?name=rose]
[1,2,3]
[1,2,3]
{
	"@type":"com.alibaba.fastjson2.issues_3800.Issue3842$UserData",
	"errorCode":0
}
{
	"@type":"com.alibaba.fastjson2.issues_3800.Issue3828$Data",
	"list":{
		"@type":"java.util.Collections$EmptyList",
		"@value":[]
	}
}
{"AI":[]}
SLF4J(W): No SLF4J providers were found.
SLF4J(W): Defaulting to no-operation (NOP) logger implementation
SLF4J(W): See https://www.slf4j.org/codes.html#noProviders for further details.
{"age1":0,"age2":null,"age3":0,"age5":10,"age6":10}
[
	{
		"id":101,
		"name":"DataWorks"
	},
	{
		"id":102,
		"name":"MaxCompute"
	},
	{
		"id":103,
		"name":"Flink"
	}
]
{"images": [{
      "height":768,
      "size":"LARGE",
      "title":"Javaone Keynote",
      "uri":"http://javaone.com/keynote_large.jpg",
      "width":1024
    }, {
      "height":240,
      "size":"SMALL",
      "title":"Javaone Keynote",
      "uri":"http://javaone.com/keynote_small.jpg",
      "width":320
    }
  ],
  "media": {
    "bitrate":262144,
    "duration":18000000,
    "format":"video/mpg4",
    "height":480,
    "persons": [
      "Bill Gates",
      "Steve Jobs"
    ],
    "player":"JAVA",
    "size":58982400,
    "title":"Javaone Keynote",
    "uri":"http://javaone.com/keynote.mpg",
    "width":640
  }
}

--------------jsonpath/jsonpath_compliance.json--------------
  [00/00]	"$[?@.a]"
  [00/01]	"$[?@.a]"
  [00/02]	"$[?@.a=='b']"
  [00/03]	"$[?@.a=='1']"
  [00/04]	"$[?@.a==\"b\"]"
  [00/05]	"$[?@.a==\"1\"]"
  [00/06]	"$[?@.a==1]"
  [00/07]	"$[?@.a==null]"
  [00/08]	"$[?@.a==null]"
  [00/09]	"$[?@.a==true]"
  [00/10]	"$[?@.a==false]"
  [00/11]	"$[?@.a==@.b]"
  [00/12]	"$[?@.a==@.b]"
  [00/13]	"$[?@.a!='b']"
  [00/14]	"$[?@.a!='1']"
  [00/15]	"$[?@.a!='b']"
  [00/16]	"$[?@.a!=\"b\"]"
  [00/17]	"$[?@.a!=\"1\"]"
  [00/18]	"$[?@.a!=\"b\"]"
  [00/19]	"$[?@.a!=1]"
  [00/20]	"$[?@.a!=1]"
  [00/21]	"$[?@.a!=null]"
  [00/22]	"$[?@.a!=null]"
  [00/23]	"$[?@.a!=true]"
  [00/24]	"$[?@.a!=false]"
  [00/25]	"$[?@.a<'c']"
  [00/26]	"$[?@.a<\"c\"]"
  [00/27]	"$[?@.a<10]"
  [00/28]	"$[?@.a<null]"
  [00/29]	"$[?@.a<true]"
  [00/30]	"$[?@.a<false]"
  [00/31]	"$[?@.a<='c']"
  [00/32]	"$[?@.a<=\"c\"]"
  [00/33]	"$[?@.a<=10]"
  [00/34]	"$[?@.a<=null]"
  [00/35]	"$[?@.a<=true]"
  [00/36]	"$[?@.a<=false]"
  [00/37]	"$[?@.a>'c']"
  [00/38]	"$[?@.a>\"c\"]"
  [00/39]	"$[?@.a>10]"
  [00/40]	"$[?@.a>null]"
  [00/41]	"$[?@.a>true]"
  [00/42]	"$[?@.a>false]"
  [00/43]	"$[?@.a>='c']"
  [00/44]	"$[?@.a>=\"c\"]"
  [00/45]	"$[?@.a>=10]"
  [00/46]	"$[?@.a>=null]"
  [00/47]	"$[?@.a>=true]"
  [00/48]	"$[?@.a>=false]"
  [00/49]	"$[?@.a&&@.a!=null]"
  [00/50]	"$[?@.a&&@.b]"
  [00/51]	"$[?@.a||@.b]"
  [00/52]	"$[?@.a>0&&@.a<10]"
  [00/53]	"$[?@.a=='b'||@.a=='d']"
- [01/54]	"$[?@[0:0]==0]"
- [02/55]	"$[?@[*]==0]"
- [03/56]	"$[?@..a==0]"
  [03/57]	"$[?@.a[*].a==0]"
  [03/58]	"$[?@.a == 1]"
  [03/59]	"$[?@['0'] == 5]"
  [03/60]	"$[?@[0] == 5]"
- [04/61]	"$[?(@[0, 0]==42)]"
- [05/62]	"$[?(@[0, 0]!=42)]"
- [06/63]	"$[?(@[0, 0]<=42)]"
- [07/64]	"$[?(@['a', 'a']==42)]"
- [08/65]	"$[?(@['a', 'a']!=42)]"
- [09/66]	"$[?(@['a', 'a']<=42)]"
  [09/67]	"$[?(@[0, '0']==42)]"
  [09/68]	"$[?(@[0, '0']!=42)]"
  [09/69]	"$[?(@[0, '0']<=42)]"
  [09/70]	"$[?(@.*==42)]"
  [09/71]	"$[?(@.*!=42)]"
  [09/72]	"$[?(@.*<=42)]"
- [10/73]	"$[?(@[0:0]==42)]"
- [11/74]	"$[?(@[0:0]!=42)]"
- [12/75]	"$[?(@[0:0]<=42)]"
  [12/76]	"$[?($[0, 0]==42)]"
  [12/77]	"$[?($[0, 0]!=42)]"
  [12/78]	"$[?($[0, 0]<=42)]"
  [12/79]	"$[?($['a', 'a']==42)]"
  [12/80]	"$[?($['a', 'a']!=42)]"
  [12/81]	"$[?($['a', 'a']<=42)]"
  [12/82]	"$[?($[0, '0']==42)]"
  [12/83]	"$[?($[0, '0']!=42)]"
  [12/84]	"$[?($[0, '0']<=42)]"
  [12/85]	"$[?($.*==42)]"
  [12/86]	"$[?($.*!=42)]"
  [12/87]	"$[?($.*<=42)]"
  [12/88]	"$[?($[0:0]==42)]"
  [12/89]	"$[?($[0:0]!=42)]"
  [12/90]	"$[?($[0:0]<=42)]"
  [12/91]	"$[?@.a==-0]"
  [12/92]	"$[?@.a==1.0]"
  [12/93]	"$[?@.a==1e2]"
  [12/94]	"$[?@.a==1e+2]"
  [12/95]	"$[?@.a==1e-2]"
  [12/96]	"$[?@.a==1.1]"
- [13/97]	"$[?@.a==1.]"
  [13/98]	"$[?@.a==1.1e2]"
  [13/99]	"$[?@.a==1.1e+2]"
  [13/100]	"$[?@.a==1.1e-2]"
  [13/101]	"$[?@<3]"
  [13/102]	"$[?@.a || @.b && @.b]"
  [13/103]	"$[?@.b && @.b || @.a]"
  [13/104]	"$[?@ == \"quoted' literal\"]"
  [13/105]	"$[?@ == 'quoted\" literal']"
  [13/106]	"$[?@ == 'quoted\\' literal']"
  [13/107]	"$[?@ == \"quoted\\\" literal\"]"
b
a
b
a
b
b
a
b
b
b
b
a
a
a
a
a
a
a
a
b
a
a
a
a
b
b
a
b
b
a
a
b
a
a
b
b
a
a
b
b
b
b
a
a
b
a
a
b
b
b
{"id":1,"name":"a"}
{"id":1,"name":"a"}
{"id":2,"name":"b"}
{"id":2,"name":"b"}
{"id":2,"name":"b"}
{"id":2,"name":"b"}
{"id":1,"name":"a"}
{"id":1,"name":"a"}
{"id":1,"name":"a"}
{"id":1,"name":"a"}
{"id":1,"name":"a"}
{"id":2,"name":"b"}
{"id":1,"name":"a"}
{"id":1,"name":"a"}
{"id":1,"name":"a"}
{"id":2,"name":"b"}
{"id":2,"name":"b"}
{"id":1,"name":"a"}
{"id":2,"name":"b"}
{"id":2,"name":"b"}
{"id":1,"name":"a"}
{"id":2,"name":"b"}
{"id":2,"name":"b"}
{"id":1,"name":"a"}
{"id":2,"name":"b"}
{"id":1,"name":"a"}
{"id":2,"name":"b"}
{"id":2,"name":"b"}
{"id":1,"name":"a"}
{"id":1,"name":"a"}
{"id":1,"name":"a"}
{"id":1,"name":"a"}
{"id":2,"name":"b"}
{"id":1,"name":"a"}
{"id":2,"name":"b"}
{"id":1,"name":"a"}
{"id":1,"name":"a"}
{"id":2,"name":"b"}
{"id":2,"name":"b"}
{"id":1,"name":"a"}
{"id":1,"name":"a"}
{"id":2,"name":"b"}
{"id":1,"name":"a"}
{"id":1,"name":"a"}
{"id":2,"name":"b"}
{"id":2,"name":"b"}
{"id":2,"name":"b"}
{"id":1,"name":"a"}
{"id":2,"name":"b"}
{"id":2,"name":"b"}

--------------jsonpath/name_selector.json--------------
  [00/00]	"$[\"a\"]"
  [00/01]	"$[\"c\"]"
  [00/02]	"$[\"a\"]"
- [01/03]	"$[\"\u0000\"]"
- [02/04]	"$[\"\u0001\"]"
- [03/05]	"$[\"\u0002\"]"
- [04/06]	"$[\"\u0003\"]"
- [05/07]	"$[\"\u0004\"]"
- [06/08]	"$[\"\u0005\"]"
- [07/09]	"$[\"\u0006\"]"
- [08/10]	"$[\"\u0007\"]"
- [09/11]	"$[\"\b\"]"
- [10/12]	"$[\"\t\"]"
- [11/13]	"$[\"\n\"]"
- [12/14]	"$[\"\u000b\"]"
- [13/15]	"$[\"\f\"]"
- [14/16]	"$[\"\r\"]"
- [15/17]	"$[\"\u000e\"]"
- [16/18]	"$[\"\u000f\"]"
- [17/19]	"$[\"\u0010\"]"
- [18/20]	"$[\"\u0011\"]"
- [19/21]	"$[\"\u0012\"]"
- [20/22]	"$[\"\u0013\"]"
- [21/23]	"$[\"\u0014\"]"
- [22/24]	"$[\"\u0015\"]"
- [23/25]	"$[\"\u0016\"]"
- [24/26]	"$[\"\u0017\"]"
- [25/27]	"$[\"\u0018\"]"
- [26/28]	"$[\"\u0019\"]"
- [27/29]	"$[\"\u001a\"]"
- [28/30]	"$[\"\u001b\"]"
- [29/31]	"$[\"\u001c\"]"
- [30/32]	"$[\"\u001d\"]"
- [31/33]	"$[\"\u001e\"]"
- [32/34]	"$[\"\u001f\"]"
  [32/35]	"$[\" \"]"
  [32/36]	"$[\"\\\"\"]"
  [32/37]	"$[\"\\\\\"]"
  [32/38]	"$[\"\\/\"]"
  [32/39]	"$[\"\\b\"]"
  [32/40]	"$[\"\\f\"]"
  [32/41]	"$[\"\\n\"]"
  [32/42]	"$[\"\\r\"]"
  [32/43]	"$[\"\\t\"]"
  [32/44]	"$[\"\\u263A\"]"
  [32/45]	"$[\"\\u263a\"]"
  [32/46]	"$[\"\\uD834\\uDD1E\"]"
  [32/47]	"$[\"\\uD83D\\uDE00\"]"
- [33/48]	"$[\"\\'\"]"
  [33/49]	"$[\"\"\"]"
  [33/50]	"$[\"\\\"]"
  [33/51]	"$['a']"
  [33/52]	"$['c']"
  [33/53]	"$['a']"
- [34/54]	"$['\u0000']"
- [35/55]	"$['\u0001']"
- [36/56]	"$['\u0002']"
- [37/57]	"$['\u0003']"
- [38/58]	"$['\u0004']"
- [39/59]	"$['\u0005']"
- [40/60]	"$['\u0006']"
- [41/61]	"$['\u0007']"
- [42/62]	"$['\b']"
- [43/63]	"$['\t']"
- [44/64]	"$['\n']"
- [45/65]	"$['\u000b']"
- [46/66]	"$['\f']"
- [47/67]	"$['\r']"
- [48/68]	"$['\u000e']"
- [49/69]	"$['\u000f']"
- [50/70]	"$['\u0010']"
- [51/71]	"$['\u0011']"
- [52/72]	"$['\u0012']"
- [53/73]	"$['\u0013']"
- [54/74]	"$['\u0014']"
- [55/75]	"$['\u0015']"
- [56/76]	"$['\u0016']"
- [57/77]	"$['\u0017']"
- [58/78]	"$['\u0018']"
- [59/79]	"$['\u0019']"
- [60/80]	"$['\u001a']"
- [61/81]	"$['\u001b']"
- [62/82]	"$['\u001c']"
- [63/83]	"$['\u001d']"
- [64/84]	"$['\u001e']"
- [65/85]	"$['\u001f']"
  [65/86]	"$[' ']"
  [65/87]	"$['\\'']"
  [65/88]	"$['\\\\']"
  [65/89]	"$['\\/']"
  [65/90]	"$['\\b']"
  [65/91]	"$['\\f']"
  [65/92]	"$['\\n']"
  [65/93]	"$['\\r']"
  [65/94]	"$['\\t']"
  [65/95]	"$['\\u263A']"
  [65/96]	"$['\\u263a']"
  [65/97]	"$['\\uD834\\uDD1E']"
  [65/98]	"$['\\uD83D\\uDE00']"
- [66/99]	"$['\\\"']"
  [66/100]	"$[''']"
  [66/101]	"$['\\']"
  [66/102]	"$[\"\"]"
  [66/103]	"$['']"

--------------jsonpath/filter.json--------------
* [01/00]	"$[?@]"
  [01/01]	"$[?@.a]"
  [01/02]	"$[?@.a]"
  [01/03]	"$[?@.a=='b']"
  [01/04]	"$[?@.a=='1']"
  [01/05]	"$[?@.a==\"b\"]"
  [01/06]	"$[?@.a==\"1\"]"
  [01/07]	"$[?@.a==1]"
  [01/08]	"$[?@.a==null]"
  [01/09]	"$[?@.a==null]"
  [01/10]	"$[?@.a==true]"
  [01/11]	"$[?@.a==false]"
* [02/12]	"$[?@==@]"
  [02/13]	"$[?@.a==@.b]"
  [02/14]	"$[?@.a==@.b]"
  [02/15]	"$[?@.a!='b']"
  [02/16]	"$[?@.a!='1']"
  [02/17]	"$[?@.a!='b']"
  [02/18]	"$[?@.a!=\"b\"]"
  [02/19]	"$[?@.a!=\"1\"]"
  [02/20]	"$[?@.a!=\"b\"]"
  [02/21]	"$[?@.a!=1]"
  [02/22]	"$[?@.a!=1]"
  [02/23]	"$[?@.a!=null]"
  [02/24]	"$[?@.a!=null]"
  [02/25]	"$[?@.a!=true]"
  [02/26]	"$[?@.a!=false]"
  [02/27]	"$[?@.a<'c']"
  [02/28]	"$[?@.a<\"c\"]"
  [02/29]	"$[?@.a<10]"
  [02/30]	"$[?@.a<null]"
  [02/31]	"$[?@.a<true]"
  [02/32]	"$[?@.a<false]"
  [02/33]	"$[?@.a<='c']"
  [02/34]	"$[?@.a<=\"c\"]"
  [02/35]	"$[?@.a<=10]"
  [02/36]	"$[?@.a<=null]"
  [02/37]	"$[?@.a<=true]"
  [02/38]	"$[?@.a<=false]"
  [02/39]	"$[?@.a>'c']"
  [02/40]	"$[?@.a>\"c\"]"
  [02/41]	"$[?@.a>10]"
  [02/42]	"$[?@.a>null]"
  [02/43]	"$[?@.a>true]"
  [02/44]	"$[?@.a>false]"
  [02/45]	"$[?@.a>='c']"
  [02/46]	"$[?@.a>=\"c\"]"
  [02/47]	"$[?@.a>=10]"
  [02/48]	"$[?@.a>=null]"
  [02/49]	"$[?@.a>=true]"
  [02/50]	"$[?@.a>=false]"
  [02/51]	"$[?@.a&&@.a!=null]"
  [02/52]	"$[?@.a&&@.b]"
  [02/53]	"$[?@.a||@.b]"
  [02/54]	"$[?@.a>0&&@.a<10]"
  [02/55]	"$[?@.a=='b'||@.a=='d']"
* [03/56]	"$[?!(@.a=='b')]"
* [04/57]	"$[?!@.a]"
* [05/58]	"$[?!@.a]"
* [06/59]	"$[?@.*]"
* [07/60]	"$[?@[0, 0, 'a']]"
* [08/61]	"$[?@[0:2]]"
* [09/62]	"$[?!@.*]"
- [10/63]	"$[?@[0:0]==0]"
- [11/64]	"$[?@[*]==0]"
- [12/65]	"$[?@..a==0]"
  [12/66]	"$[?@.a[*].a==0]"
* [13/67]	"$[?@[?@>1]]"
  [13/68]	"$[?@.a == 1]"
  [13/69]	"$[?@['0'] == 5]"
  [13/70]	"$[?@[0] == 5]"
- [14/71]	"$[?(@[0, 0]==42)]"
- [15/72]	"$[?(@[0, 0]!=42)]"
- [16/73]	"$[?(@[0, 0]<=42)]"
- [17/74]	"$[?(@['a', 'a']==42)]"
- [18/75]	"$[?(@['a', 'a']!=42)]"
- [19/76]	"$[?(@['a', 'a']<=42)]"
  [19/77]	"$[?(@[0, '0']==42)]"
  [19/78]	"$[?(@[0, '0']!=42)]"
  [19/79]	"$[?(@[0, '0']<=42)]"
  [19/80]	"$[?(@.*==42)]"
  [19/81]	"$[?(@.*!=42)]"
  [19/82]	"$[?(@.*<=42)]"
- [20/83]	"$[?(@[0:0]==42)]"
- [21/84]	"$[?(@[0:0]!=42)]"
- [22/85]	"$[?(@[0:0]<=42)]"
  [22/86]	"$[?($[0, 0]==42)]"
  [22/87]	"$[?($[0, 0]!=42)]"
  [22/88]	"$[?($[0, 0]<=42)]"
  [22/89]	"$[?($['a', 'a']==42)]"
  [22/90]	"$[?($['a', 'a']!=42)]"
  [22/91]	"$[?($['a', 'a']<=42)]"
  [22/92]	"$[?($[0, '0']==42)]"
  [22/93]	"$[?($[0, '0']!=42)]"
  [22/94]	"$[?($[0, '0']<=42)]"
  [22/95]	"$[?($.*==42)]"
  [22/96]	"$[?($.*!=42)]"
  [22/97]	"$[?($.*<=42)]"
  [22/98]	"$[?($[0:0]==42)]"
  [22/99]	"$[?($[0:0]!=42)]"
  [22/100]	"$[?($[0:0]<=42)]"
* [23/101]	"$[?@.a,?@.b]"
* [24/102]	"$[?@.a=='b',?@.b=='x']"
* [25/103]	"$[?@.a,?@.d]"
* [26/104]	"$[?@.a,1]"
* [27/105]	"$[?@.a,*]"
* [28/106]	"$[?@.a,1:]"
* [29/107]	"$[1, ?@.a=='b', 1:]"
  [29/108]	"$[?@.a==-0]"
  [29/109]	"$[?@.a==1.0]"
  [29/110]	"$[?@.a==1e2]"
  [29/111]	"$[?@.a==1e+2]"
  [29/112]	"$[?@.a==1e-2]"
  [29/113]	"$[?@.a==1.1]"
- [30/114]	"$[?@.a==1.]"
  [30/115]	"$[?@.a==1.1e2]"
  [30/116]	"$[?@.a==1.1e+2]"
  [30/117]	"$[?@.a==1.1e-2]"
* [31/118]	"$.values[?length(@.a) == value($..c)]"
  [31/119]	"$[?@<3]"
  [31/120]	"$[?@.a || @.b && @.b]"
  [31/121]	"$[?@.b && @.b || @.a]"
* [32/122]	"$[?(@.a || @.b) && @.a]"
* [33/123]	"$[?@.a && (@.b || @.a)]"
* [34/124]	"$[?(@.a || @.b) && @.b]"
  [34/125]	"$[?@ == \"quoted' literal\"]"
  [34/126]	"$[?@ == 'quoted\" literal']"
  [34/127]	"$[?@ == 'quoted\\' literal']"
  [34/128]	"$[?@ == \"quoted\\\" literal\"]"
- [35/129]	"$[?true]"
- [36/130]	"$[?false]"
  [36/131]	"$[?'abc']"
- [37/132]	"$[?2]"
  [37/133]	"$[?2.2]"
- [38/134]	"$[?null]"
- [39/135]	"$[?true && false]"
- [40/136]	"$[?true || false]"
- [41/137]	"$[?true == false && false]"
- [42/138]	"$[?true == false || false]"
- [43/139]	"$[?false && true == false]"
- [44/140]	"$[?false || true == false]"

--------------jsonpath/basic.json--------------
  [00/00]	"$"
- [01/01]	" $"
- [02/02]	"$ "
  [02/03]	"$.a"
  [02/04]	"$.☺"
  [02/05]	"$._"
- [03/06]	"$.&"
- [04/07]	"$.1"
  [04/08]	"$.c"
  [04/09]	"$.a"
  [04/10]	"$.*"
  [04/11]	"$.*"
  [04/12]	"$[*]"
  [04/13]	"$.*.a"
  [04/14]	"$[0,2]"
- [05/15]	"$[0 2]"
* [06/16]	"$['a',1]"
* [07/17]	"$['a',1]"
* [08/18]	"$[1,5:7]"
* [09/19]	"$[1,0:3]"
  [09/20]	"$[1,1]"
* [10/21]	"$[*,1]"
* [11/22]	"$[*,'a']"
* [12/23]	"$[*,0:2]"
* [13/24]	"$[*,*]"
  [13/25]	"$[]"
  [13/26]	"$..[1]"
  [13/27]	"$..a"
  [13/28]	"$..*"
  [13/29]	"$..[*]"
  [13/30]	"$..[*]"
  [13/31]	"$..[*]"
  [13/32]	"$..*"
  [13/33]	"$..*"
  [13/34]	"$..['a','d']"
  [13/35]	"$..['a','d']"
- [14/36]	"$.."

--------------jsonpath/index_selector.json--------------
  [00/00]	"$[0]"
  [00/01]	"$[1]"
  [00/02]	"$[2]"
  [00/03]	"$[231584178474632390847141970017375815706539969331281128078915168015826259279872]"
  [00/04]	"$[231584178474632390847141970017375815706539969331281128078915168SomeRandomText]"
  [00/05]	"$[-1]"
  [00/06]	"$[-2]"
  [00/07]	"$[-3]"
  [00/08]	"$[0]"
- [01/09]	"$[01]"
- [02/10]	"$[-01]"
{
    "code":"success",
    "data":{
        "data2":{
            "id":null,
            "type":null,
            "serveCategoryInfoList":[
                {
                    "id":0,
                    "infoList":[

                    ],
                    "idList":[
                        200226
                    ]
                },
                {
                    "id":1,
                    "idList":[
                        1,
                        2,
                        3,
                        4,
                        5,
                        6,
                        7
                    ]
                }
            ]
        }
    },
    "msg":"",
    "status":"1"
}

[{"id":1001,"salary":4000,"name":"jobs","valid":false},{"id":1001,"salary":5000}]
{
	"@type":"com.alibaba.fastjson2_vo.IntField1",
	"v0000":123
}
{
	"@type":"A#0",
	"@value":[
		{
			"@type":"com.alibaba.fastjson2.autoType.AutoTypeTest10$Bean4#1",
			"@value":{
				"params":{
					"@type":"LinkedList#2",
					"@value":[
						{}
					]
				}
			}
		},
		{
			"@type":"#1",
			"@value":{}
		}
	]
}
{}
{
	"@type":"JO1#0",
	"@value":{
		"data":{
			"@type":"A#1",
			"@value":[
				{
					"@type":"#0",
					"@value":{}
				}
			]
		}
	}
}
{
	"@type":"com.alibaba.fastjson2.autoType.AutoTypeTest10$Bean3#0",
	"@value":{
		"params":{
			"@type":"JO10#1",
			"@value":{}
		}
	}
}
{}
{
	"@type":"com.alibaba.fastjson2.autoType.AutoTypeTest20$Bean2#0",
	"@value":{
		"values":{
			"@type":"LinkedHashSet#1",
			"@value":[
				{
					"@type":"com.alibaba.fastjson2.autoType.AutoTypeTest20$XItem#2",
					"@value":"A"
				},
				{
					"@type":"#2",
					"@value":"B"
				},
				{
					"@type":"#2",
					"@value":"C"
				},
				{
					"@type":"#2",
					"@value":"D"
				}
			]
		}
	}
}
{
	"@type":"com.alibaba.fastjson2.autoType.AutoTypeTest20$Bean1#0",
	"@value":{
		"values":{
			"@type":"LinkedList#1",
			"@value":[
				{
					"@type":"com.alibaba.fastjson2.autoType.AutoTypeTest20$XItem#2",
					"@value":"A"
				},
				{
					"@type":"#2",
					"@value":"B"
				},
				{
					"@type":"#2",
					"@value":"C"
				},
				{
					"@type":"#2",
					"@value":"D"
				}
			]
		}
	}
}
{
	"@type":"com.alibaba.fastjson2.autoType.AutoTypeTest20$Bean2#0",
	"@value":{
		"values":{
			"@type":"LinkedHashSet#1",
			"@value":[
				{
					"@type":"com.alibaba.fastjson2.autoType.AutoTypeTest20$XItem#2",
					"@value":"A"
				},
				{
					"@type":"#2",
					"@value":"B"
				},
				{
					"@type":"#2",
					"@value":"C"
				},
				{
					"@type":"#2",
					"@value":"D"
				}
			]
		}
	}
}
{
	"@type":"com.alibaba.fastjson2.autoType.AutoTypeTest20$Bean3#0",
	"@value":{
		"values":[
			{
				"@type":"com.alibaba.fastjson2.autoType.AutoTypeTest20$XItem#1",
				"@value":"B"
			},
			{
				"@type":"#1",
				"@value":"A"
			},
			{
				"@type":"#1",
				"@value":"D"
			},
			{
				"@type":"#1",
				"@value":"C"
			}
		]
	}
}
{
	"@type":"com.alibaba.fastjson2.autoType.AutoTypeTest21$Bean1#0",
	"@value":{
		"item#1":{
			"id#2":101
		},
		"values#3":{
			"@type":"M#4",
			"@value":{
				{
					"@type":"com.alibaba.fastjson2.autoType.AutoTypeTest21$Item#5",
					"@value":{
						"#2":101
					}
				}:"101"
			}
		},
		"values2#6":{
			"@type":"#4",
			"@value":{
				{"$ref":"$.item"}:null
			}
		}
	}
}
{
	"@type":"com.alibaba.fastjson2.autoType.AutoTypeTest21$Bean1#0",
	"@value":{
		"item":{
			"id":101
		},
		"values":{
			"@type":"LM#1",
			"@value":{
				{
					"@type":"com.alibaba.fastjson2.autoType.AutoTypeTest21$Item#2",
					"@value":{
						"id":101
					}
				}:"101"
			}
		},
		"values2":{
			"@type":"#1",
			"@value":{
				{
					"@type":"#2",
					"@value":{
						"id":101
					}
				}:"101"
			}
		}
	}
}
{
	"@type":"com.alibaba.fastjson2.autoType.AutoTypeTest21$Bean2#0",
	"@value":{
		"item":{
			"id":101
		},
		"values":{
			"@type":"M#1",
			"@value":{
				{
					"@type":"com.alibaba.fastjson2.autoType.AutoTypeTest21$Item#2",
					"@value":{
						"id":101
					}
				}:"101"
			}
		},
		"values2":{
			"@type":"#1",
			"@value":{
				{"$ref":"$.item"}:null
			}
		}
	}
}
{
	"@type":"com.alibaba.fastjson2.autoType.AutoTypeTest16_pairKey$Bean#0",
	"@value":{
		"map":{
			"@type":"M#1",
			"@value":{
				{
					"@type":"org.apache.commons.lang3.tuple.MutablePair#2",
					"@value":{
						"left":1,
						"right":2
					}
				}:"12"
			}
		}
	}
}
{
	"@type":"com.alibaba.fastjson2.autoType.AutoTypeTest16_pairKey$Bean#0",
	"@value":{
		"map":{
			"@type":"M#1",
			"@value":{
				{
					"@type":"org.apache.commons.lang3.tuple.ImmutablePair#2",
					"@value":{
						"left":1,
						"right":2
					}
				}:"12"
			}
		}
	}
}
{
	"@type":"com.alibaba.fastjson2.autoType.AutoTypeTest43_dynamic$Model#0",
	"@value":{
		"id":102
	}
}
{
	"@type":"com.alibaba.fastjson2.autoType.AutoTypeTest29_Byte$Bean1#0",
	"@value":{
		"value":1
	}
}
{
	"@type":"com.alibaba.fastjson2.autoType.AutoTypeTest29_Byte$Bean2#0",
	"@value":{
		"value":1
	}
}
{
	"@type":"com.alibaba.fastjson2.autoType.AutoTypeTest29_Byte$Bean3#0",
	"@value":{
		"value":1
	}
}
{
	"@type":"LinkedList#0",
	"@value":[
		{
			"@type":"com.alibaba.fastjson2.autoType.AutoTypeTest32$Bean#1",
			"@value":{
				"items":{
					"@type":"#0",
					"@value":[
						{},
						{},
						{}
					]
				}
			}
		},
		{
			"@type":"#1",
			"@value":{
				"items":null
			}
		},
		{
			"@type":"#1",
			"@value":{
				"items":null
			}
		}
	]
}
{
	"@type":"LinkedList#0",
	"@value":[
		{
			"@type":"com.alibaba.fastjson2.autoType.AutoTypeTest32$Bean#1",
			"@value":{
				"items":{
					"@type":"#0",
					"@value":[
						{},
						{},
						{}
					]
				}
			}
		},
		{
			"@type":"#1",
			"@value":{
				"items":{
					"@type":"java.util.Collections$SingletonList#2",
					"@value":[
						{}
					]
				}
			}
		},
		{
			"@type":"#1",
			"@value":{
				"items":null
			}
		}
	]
}
{
	"@type":"com.alibaba.fastjson2.autoType.AutoTypeTest22$Bean1#0",
	"@value":{
		"item":{
			"@type":"com.alibaba.fastjson2.autoType.AutoTypeTest22$XItem#1",
			"@value":{
				"id":101
			}
		},
		"item1":{"$ref":"$.item"}
	}
}
{
	"@type":"com.alibaba.fastjson2.autoType.AutoTypeTest9$Bean4#0",
	"@value":{
		"values":[
			{
				"@type":"LM#1",
				"@value":{}
			}
		]
	}
}
{
	"@type":"com.alibaba.fastjson2.autoType.AutoTypeTest9$Bean#0",
	"@value":{
		"values":[]
	}
}
{
	"@type":"com.alibaba.fastjson2.autoType.AutoTypeTest9$Bean2#0",
	"@value":{
		"values":[1]
	}
}
{
	"@type":"com.alibaba.fastjson2.autoType.AutoTypeTest9$Bean3#0",
	"@value":{
		"values":{
			"@type":"JO1#1",
			"@value":{
				"set":{
					"@type":"HashSet#2",
					"@value":[]
				}
			}
		}
	}
}
{
	"@type":"com.alibaba.fastjson2.autoType.AutoTypeTest9$Bean4#0",
	"@value":{
		"values":[
			{
				"@type":"JO1#1",
				"@value":{}
			}
		]
	}
}
{
	"@type":"com.alibaba.fastjson2.autoType.AutoTypeTest9$Bean5#0",
	"@value":{
		"values":{
			"data":{
				"@type":"A#1",
				"@value":[
					{
						"@type":"JO1#2",
						"@value":{}
					}
				]
			}
		}
	}
}
{
	"@type":"com.alibaba.fastjson2.autoType.AutoTypeTest39_ListStr$Bean#0",
	"@value":{
		"items":{
			"@type":"LinkedList#1",
			"@value":[
				"abcde",
				"abcde"
			]
		}
	}
}
{
	"@type":"com.alibaba.fastjson2.autoType.AutoTypeTest39_ListStr$Bean#0",
	"@value":{
		"items":{
			"@type":"java.util.Collections$SingletonList#1",
			"@value":["abc"]
		}
	}
}
{
	"@type":"com.alibaba.fastjson2.autoType.AutoTypeTest39_ListStr$Bean#0",
	"@value":{
		"items":{
			"@type":"java.util.Collections$SingletonList#1",
			"@value":["abc"]
		}
	}
}
{
	"@type":"com.alibaba.fastjson2.autoType.AutoTypeTest39_ListStr$Bean#0",
	"@value":{
		"items":{
			"@type":"java.util.Arrays$ArrayList#1",
			"@value":["abc"]
		}
	}
}
{
	"@type":"com.alibaba.fastjson2.autoType.AutoTypeTest39_ListStr$Bean#0",
	"@value":{
		"items":{
			"@type":"LinkedList#1",
			"@value":["abc"]
		}
	}
}
{
	"@type":"[Long#0",
	"@value":[101]
}
{
	"@type":"[UUID#0",
	"@value":[
		[
			114,
			-62,
			-68,
			110,
			-37,
			-107,
			71,
			-108,
			-124,
			48,
			110,
			-30,
			23,
			-70,
			78,
			42
		]
	]
}
{
	"@type":"[String#0",
	"@value":["101"]
}
{
	"@type":"[BigDecimal#0",
	"@value":[
		101
	]
}
{
	"@type":"[BigInteger#0",
	"@value":[101]
}
{
	"@type":"com.alibaba.fastjson2.autoType.AutoTypeTest31_array$BeanLong64Array#0",
	"@value":{
		"values":[101]
	}
}
{
	"@type":"[J#0",
	"@value":[101]
}
{
	"@type":"com.alibaba.fastjson2.autoType.AutoTypeTest31_array$BeanInteger64Array#0",
	"@value":{
		"values":[101]
	}
}
{
	"@type":"List#0",
	"@value":[101]
}
{
	"@type":"Set#0",
	"@value":["a"]
}
{
	"@type":"List#0",
	"@value":[101]
}
{
	"@type":"Set#0",
	"@value":["a"]
}
{
	"@type":"Set#0",
	"@value":["a"]
}
{
	"@type":"List#0",
	"@value":[101]
}
{
	"@type":"List#0",
	"@value":[101]
}
{
	"@type":"List#0",
	"@value":[101]
}
{
	"@type":"Set#0",
	"@value":["a"]
}
{
	"@type":"Set#0",
	"@value":["a"]
}
{
	"@type":"com.alibaba.fastjson2.autoType.AutoTypeTest18$Bean1#0",
	"@value":{
		"values":{
			"@type":"LinkedList#1",
			"@value":[
				{
					"@type":"com.alibaba.fastjson2.autoType.AutoTypeTest18$XItem#2",
					"@value":{}
				},
				{
					"@type":"com.alibaba.fastjson2.autoType.AutoTypeTest18$YItem#3",
					"@value":{}
				}
			]
		}
	}
}
{
	"@type":"com.alibaba.fastjson2.autoType.AutoTypeTest18$Bean2#0",
	"@value":{
		"values":{
			"@type":"LinkedHashSet#1",
			"@value":[
				{
					"@type":"com.alibaba.fastjson2.autoType.AutoTypeTest18$XItem#2",
					"@value":{}
				},
				{
					"@type":"com.alibaba.fastjson2.autoType.AutoTypeTest18$YItem#3",
					"@value":{}
				},
				{
					"@type":"com.alibaba.fastjson2.autoType.AutoTypeTest18$ZEnum#4",
					"@value":"A"
				}
			]
		}
	}
}
{
	"@type":"LinkedList#0",
	"@value":[
		{
			"@type":"com.alibaba.fastjson2.autoType.AutoTypeTest33$Bean#1",
			"@value":{
				"items":{
					"@type":"#0",
					"@value":[
						{
							"@type":"com.alibaba.fastjson2.autoType.AutoTypeTest33$Item#2",
							"@value":{}
						},
						{
							"@type":"#2",
							"@value":{}
						},
						{
							"@type":"#2",
							"@value":{}
						}
					]
				}
			}
		},
		{
			"@type":"#1",
			"@value":{
				"items":null
			}
		},
		{
			"@type":"#1",
			"@value":{
				"items":null
			}
		}
	]
}
{
	"@type":"LinkedList#0",
	"@value":[
		{
			"@type":"com.alibaba.fastjson2.autoType.AutoTypeTest33$Bean#1",
			"@value":{
				"items":{
					"@type":"#0",
					"@value":[
						{
							"@type":"com.alibaba.fastjson2.autoType.AutoTypeTest33$Item#2",
							"@value":{}
						},
						{
							"@type":"#2",
							"@value":{}
						},
						{
							"@type":"#2",
							"@value":{}
						}
					]
				}
			}
		},
		{
			"@type":"#1",
			"@value":{
				"items":{
					"@type":"java.util.Collections$SingletonList#3",
					"@value":[
						{
							"@type":"#2",
							"@value":{}
						}
					]
				}
			}
		},
		{
			"@type":"#1",
			"@value":{
				"items":null
			}
		}
	]
}
{
	"@type":"LinkedList#0",
	"@value":[
		{
			"@type":"com.alibaba.fastjson2.autoType.AutoTypeTest33$Bean#1",
			"@value":{
				"items":{
					"@type":"#0",
					"@value":[
						{
							"@type":"com.alibaba.fastjson2.autoType.AutoTypeTest33$Item#2",
							"@value":{}
						},
						{
							"@type":"#2",
							"@value":{}
						},
						{
							"@type":"#2",
							"@value":{}
						}
					]
				}
			}
		},
		{
			"@type":"#1",
			"@value":{
				"items":{
					"@type":"java.util.Collections$SingletonSet#3",
					"@value":[
						{}
					]
				}
			}
		},
		{
			"@type":"#1",
			"@value":{
				"items":null
			}
		}
	]
}
{
	"@type":"com.alibaba.fastjson2.autoType.AutoTypeTest26$Bean1#0",
	"@value":{
		"items":{
			"@type":"java.util.Collections$UnmodifiableMap#1",
			"@value":{}
		}
	}
}
{
	"@type":"com.alibaba.fastjson2.autoType.AutoTypeTest26$Bean1#0",
	"@value":{
		"items":{
			"@type":"java.util.Collections$UnmodifiableSortedMap#1",
			"@value":{}
		}
	}
}
{
	"@type":"com.alibaba.fastjson2.autoType.AutoTypeTest26$Bean1#0",
	"@value":{
		"items":{
			"@type":"java.util.Collections$UnmodifiableNavigableMap#1",
			"@value":{}
		}
	}
}
{
	"@type":"com.alibaba.fastjson2.autoType.AutoTypeTest26$Bean1#0",
	"@value":{
		"items":{
			"@type":"com.google.common.collect.RegularImmutableMap#1",
			"@value":{}
		}
	}
}
{
	"@type":"com.alibaba.fastjson2.autoType.AutoTypeTest26$Bean1#0",
	"@value":{
		"items":{
			"@type":"java.util.Collections$UnmodifiableNavigableMap$EmptyNavigableMap#1",
			"@value":{}
		}
	}
}
{
	"@type":"com.alibaba.fastjson2.autoType.AutoTypeTest26$Bean1#0",
	"@value":{
		"items":{
			"@type":"EmptyMap#1",
			"@value":{}
		}
	}
}
{
	"@type":"com.alibaba.fastjson2.autoType.AutoTypeTest26$Bean1#0",
	"@value":{
		"items":{
			"@type":"java.util.Collections$UnmodifiableNavigableMap$EmptyNavigableMap#1",
			"@value":{}
		}
	}
}
{
	"@type":"com.alibaba.fastjson2.autoType.AutoTypeTest26$Bean1#0",
	"@value":{
		"items":{
			"@type":"com.google.common.collect.SingletonImmutableBiMap#1",
			"@value":{
				"a":0
			}
		}
	}
}
{
	"@type":"com.alibaba.fastjson2.autoType.AutoTypeTest26$Bean1#0",
	"@value":{
		"items":{
			"@type":"java.util.Collections$SingletonMap#1",
			"@value":{
				"a":1
			}
		}
	}
}
{
	"@type":"com.alibaba.fastjson2.autoType.AutoTypeTest23$Bean1#0",
	"@value":{
		"items":{
			"@type":"[com.alibaba.fastjson2.autoType.AutoTypeTest23$XItem#1",
			"@value":[]
		},
		"items1":{"$ref":"$.items"}
	}
}
{
	"@type":"com.alibaba.fastjson2.autoType.AutoTypeTest23$Bean2#0",
	"@value":{
		"items":[
			"a",
			"b"
		],
		"items1":{"$ref":"$.items"}
	}
}
{
	"@type":"com.alibaba.fastjson2.autoType.AutoTypeFilterTest1$RpcException#0",
	"@value":{
		"stackTrace#1":[],
		"suppressedExceptions#2":{
			"@type":"java.util.Collections$EmptyList#3",
			"@value":[]
		}
	}
}
{
	"@type":"com.alibaba.fastjson2.autoType.AutoTypeTest28_Short$Bean1#0",
	"@value":{
		"value":1
	}
}
{
	"@type":"com.alibaba.fastjson2.autoType.AutoTypeTest28_Short$Bean2#0",
	"@value":{
		"value":1
	}
}
{
	"@type":"com.alibaba.fastjson2.autoType.AutoTypeTest28_Short$Bean3#0",
	"@value":{
		"value":1
	}
}
{
	"@type":"com.alibaba.fastjson2.autoType.AutoTypeTest17$Bean2#0",
	"@value":{
		"values":[
			{
				"@type":"com.alibaba.fastjson2.autoType.AutoTypeTest17$XItem#1",
				"@value":{}
			},
			{
				"@type":"com.alibaba.fastjson2.autoType.AutoTypeTest17$Item#2",
				"@value":{}
			}
		]
	}
}
{
	"@type":"com.alibaba.fastjson2.autoType.AutoTypeTest17$Bean3#0",
	"@value":{
		"values":[
			{
				"@type":"com.alibaba.fastjson2.autoType.AutoTypeTest17$XItem#1",
				"@value":{}
			},
			{}
		]
	}
}
{
	"@type":"com.alibaba.fastjson2.autoType.AutoTypeTest17$Bean4#0",
	"@value":{
		"values":{
			"@type":"LM#1",
			"@value":{
				"0":{
					"@type":"com.alibaba.fastjson2.autoType.AutoTypeTest17$XItem#2",
					"@value":{}
				},
				"1":{}
			}
		}
	}
}
{
	"@type":"com.alibaba.fastjson2.autoType.AutoTypeTest17$Bean5#0",
	"@value":{
		"item":{}
	}
}
{
	"@type":"com.alibaba.fastjson2.autoType.AutoTypeTest17$Bean5#0",
	"@value":{
		"item":{
			"@type":"com.alibaba.fastjson2.autoType.AutoTypeTest17$XItem#1",
			"@value":{}
		}
	}
}
{
	"@type":"com.alibaba.fastjson2.autoType.AutoTypeTest17$Bean6#0",
	"@value":{
		"values":{
			"0":{
				"@type":"com.alibaba.fastjson2.autoType.AutoTypeTest17$XItem#1",
				"@value":{}
			},
			"1":{}
		}
	}
}
{
	"@type":"com.alibaba.fastjson2.autoType.AutoTypeTest17$Bean8#0",
	"@value":{
		"values":{
			"@type":"LM#1",
			"@value":{
				0:{
					"@type":"com.alibaba.fastjson2.autoType.AutoTypeTest17$XItem#2",
					"@value":{}
				},
				1:{}
			}
		}
	}
}
{
	"@type":"LM#0",
	"@value":{
		{
			"@type":"java.lang.Class#1",
			"@value":"java.lang.String"
		}:"S"
	}
}
{
	{
		"@type":"HashSet#0",
		"@value":[]
	}:"A",
	{
		"@type":"EmptyMap#1",
		"@value":{}
	}:"C",
	{
		{}:"D"
	}:"E"
}
{
	"@type":"com.alibaba.fastjson2.autoType.AutoTypeTest34_ListStr$Bean#0",
	"@value":{
		"items":{
			"@type":"LinkedList#1",
			"@value":[
				"abcde",
				"abcde"
			]
		}
	}
}
{
	"@type":"com.alibaba.fastjson2.autoType.AutoTypeTest34_ListStr$Bean#0",
	"@value":{
		"items":{
			"@type":"java.util.Collections$SingletonList#1",
			"@value":["abc"]
		}
	}
}
{
	"@type":"com.alibaba.fastjson2.autoType.AutoTypeTest34_ListStr$Bean#0",
	"@value":{
		"items":{
			"@type":"java.util.Collections$SingletonSet#1",
			"@value":["abc"]
		}
	}
}
{
	"@type":"com.alibaba.fastjson2.autoType.AutoTypeTest34_ListStr$Bean#0",
	"@value":{
		"items":{
			"@type":"java.util.Arrays$ArrayList#1",
			"@value":["abc"]
		}
	}
}
{
	"@type":"com.alibaba.fastjson2.autoType.AutoTypeTest34_ListStr$Bean#0",
	"@value":{
		"items":{
			"@type":"java.util.Collections$UnmodifiableCollection#1",
			"@value":["abc"]
		}
	}
}
{
	"@type":"com.alibaba.fastjson2.autoType.AutoTypeTest38_DupType$Bean#0",
	"@value":{
		"first":{
			"@type":"com.alibaba.fastjson2.autoType.AutoTypeTest38_DupType$Item#1",
			"@value":{
				"id":101,
				"name":"DataWorks"
			}
		},
		"second":{
			"@type":"#1",
			"@value":{
				"id":102,
				"name":"MaxCompute"
			}
		},
		"third":{
			"@type":"#1",
			"@value":{
				"id":102,
				"name":"EMR"
			}
		}
	}
}
{
	"@type":"com.alibaba.fastjson2.autoType.AutoTypeTest46_Pair$Bean#0",
	"@value":{
		"pair1#1":{
			"@type":"org.apache.commons.lang3.tuple.ImmutablePair#2",
			"@value":{
				"left#3":"101",
				"right#4":true
			}
		},
		"pair2#5":{
			"@type":"#2",
			"@value":{
				"#3":"102",
				"#4":true
			}
		}
	}
}
{
	"@type":"com.alibaba.fastjson2.autoType.AutoTypeTest36_SetLong$Bean#0",
	"@value":{
		"values":[100],
		"values1":[100]
	}
}
[
	{
		"@type":"com.alibaba.fastjson2.autoType.AutoTypeTest36_SetLong$Bean2#0",
		"@value":{
			"values":[100]
		}
	},
	{
		"@type":"#0",
		"@value":{
			"values":[200]
		}
	},
	{
		"@type":"#0",
		"@value":{
			"values":[300]
		}
	}
]
{
	"@type":"com.alibaba.fastjson2.autoType.AutoTypeTest36_SetLong$Bean2#0",
	"@value":{
		"values":[100]
	}
}
{
	"@type":"com.alibaba.fastjson2.autoType.AutoTypeTest36_MapAtomicLong$Bean#0",
	"@value":{
		"map":{
			"123":{
				"@type":"AtomicLong#1",
				"@value":123
			}
		}
	}
}
{
	"@type":"com.alibaba.fastjson2.autoType.AutoTypeTest36_MapAtomicLong$Bean#0",
	"@value":{
		"map":{
			"123":{
				"@type":"AtomicInteger#1",
				"@value":123
			}
		}
	}
}
{
	"@type":"com.google.common.collect.AbstractMapBasedMultimap$RandomAccessWrappedList#0",
	"@value":[
		101,
		102,
		101
	]
}
{
	"@type":"com.google.common.collect.AbstractMapBasedMultimap$WrappedSet#0",
	"@value":{
		"ancestor":null,
		"ancestorDelegate":null,
		"delegate":{
			"@type":"HashSet#1",
			"@value":[
				101,
				102
			]
		},
		"key":"a",
		"this$0":{
			"@type":"com.google.common.collect.HashMultimap#2",
			"@value":{
				"a":{
					"@type":"#0",
					"@value":{
						"ancestor":null,
						"ancestorDelegate":null,
						"delegate":{"$ref":"$.delegate"},
						"key":"a",
						"this$0":{"$ref":"$.this$0"}
					}
				}
			}
		}
	}
}
{
	"@type":"com.alibaba.fastjson2.autoType.AutoTypeTest27$Bean1#0",
	"@value":{
		"items":{
			"@type":"java.util.Arrays$ArrayList#1",
			"@value":[
				0,
				1,
				2,
				3
			]
		}
	}
}
{
	"@type":"com.alibaba.fastjson2.autoType.AutoTypeTest27$Bean1#0",
	"@value":{
		"items":{
			"@type":"java.util.Collections$EmptySet#1",
			"@value":[]
		}
	}
}
{
	"@type":"com.alibaba.fastjson2.autoType.AutoTypeTest27$Bean1#0",
	"@value":{
		"items":{
			"@type":"java.util.Collections$UnmodifiableCollection#1",
			"@value":[]
		}
	}
}
{
	"@type":"com.alibaba.fastjson2.autoType.AutoTypeTest27$Bean1#0",
	"@value":{
		"items":{
			"@type":"java.util.AbstractList$SubList#1",
			"@value":[0]
		}
	}
}
{
	"@type":"com.alibaba.fastjson2.autoType.AutoTypeTest27$Bean1#0",
	"@value":{
		"items":{
			"@type":"A#1",
			"@value":[0]
		}
	}
}
{
	"@type":"com.alibaba.fastjson2.autoType.AutoTypeTest27$Bean1#0",
	"@value":{
		"items":{
			"@type":"java.util.Collections$UnmodifiableSortedSet#1",
			"@value":["A"]
		}
	}
}
{
	"@type":"com.alibaba.fastjson2.autoType.AutoTypeTest27$Bean1#0",
	"@value":{
		"items":{
			"@type":"java.util.Collections$UnmodifiableNavigableSet#1",
			"@value":["A"]
		}
	}
}
{
	"@type":"com.alibaba.fastjson2.autoType.AutoTypeTest27$Bean1#0",
	"@value":{
		"items":{
			"@type":"java.util.Collections$SingletonSet#1",
			"@value":["1"]
		}
	}
}
{
	"@type":"com.alibaba.fastjson2.autoType.AutoTypeTest27$Bean1#0",
	"@value":{
		"items":{
			"@type":"java.util.Collections$UnmodifiableSet#1",
			"@value":[]
		}
	}
}
{
	"@type":"com.alibaba.fastjson2.autoType.AutoTypeTest45_ListNullItem$Bean#0",
	"@value":{
		"items":[
			null,
			{}
		]
	}
}
diff type $.sesameBlock_1.fields.map, left class java.util.HashMap, right class com.alibaba.fastjson.JSONObject
diff JSONObject1 $.sesameBlock_1.fields
diff map $.sesameBlock_1, com.alibaba.fastjson.JSONObject
diff map $, com.alibaba.fastjson.JSONObject
{
	"@type":"[O#0",
	"@value":[
		{
			"@type":"TimeUnit#1",
			"@value":"DAYS"
		}
	]
}
{
	"a":{
		"@type":"com.alibaba.fastjson2.autoType.AutoTypeTest37_MapBean$Item#0",
		"@value":{
			"child":null,
			"id":101
		}
	},
	"b":{
		"@type":"#0",
		"@value":{
			"child":null,
			"id":102
		}
	},
	"c":{
		"@type":"#0",
		"@value":{
			"child":{},
			"id":103
		}
	}
}
{
	"@type":"com.alibaba.fastjson2.autoType.AutoTypeTest19$Bean2#0",
	"@value":{
		"values":{
			"@type":"LinkedList#1",
			"@value":[
				{
					"@type":"com.alibaba.fastjson2.autoType.AutoTypeTest19$XItem2#2",
					"@value":{
						"id":0,
						"value":0
					}
				},
				{
					"@type":"#2",
					"@value":{
						"id":0,
						"value":0
					}
				},
				{
					"@type":"#2",
					"@value":{
						"id":0,
						"value":0
					}
				}
			]
		}
	}
}
{
	"@type":"com.alibaba.fastjson2.autoType.AutoTypeTest19$Bean1#0",
	"@value":{
		"f1":false,
		"id":123,
		"v1":0,
		"values":{
			"@type":"LinkedList#1",
			"@value":[
				{
					"key":"101",
					"value":1
				},
				{
					"gmtCreate":1791305328902,
					"key":"102",
					"value":2
				},
				{
					"gmtCreate":1791305328902,
					"key":"103",
					"value":"3"
				}
			]
		}
	}
}
{
	"@type":"com.alibaba.fastjson2.autoType.AutoTypeTest19$Bean2#0",
	"@value":{
		"values":{
			"@type":"LinkedList#1",
			"@value":[
				{
					"@type":"com.alibaba.fastjson2.autoType.AutoTypeTest19$XItem2#2",
					"@value":{
						"id":0,
						"value":0
					}
				}
			]
		}
	}
}
{
	"@type":"com.alibaba.fastjson2.autoType.AutoTypeTest25$Bean1#0",
	"@value":{
		"items":{
			"@type":"TreeMap#1",
			"@value":{
				"a":{
					"a1":null,
					"child":null,
					"chilren":null
				}
			}
		}
	}
}
{
	"@type":"com.alibaba.fastjson2.autoType.AutoTypeTest44_customList$1#0",
	"@value":[101]
}
{
	"@type":"com.alibaba.fastjson2.autoType.AutoTypeTest44_customList$2#0",
	"@value":[101]
}
{
	"@type":"M#0",
	"@value":{
		"a":101
	}
}
{
	"@type":"com.alibaba.fastjson2.autoType.AutoTypeTest24$Bean1#0",
	"@value":{
		"items":[
			"1",
			"2"
		]
	}
}
{
	"@type":"com.alibaba.fastjson2.autoType.AutoTypeTest16_enums$Bean1#0",
	"@value":{
		"values":{
			"@type":"LinkedList#1",
			"@value":[
				"DAYS",
				"SECONDS",
				"DAYS"
			]
		}
	}
}
{
	"@type":"com.alibaba.fastjson2.autoType.AutoTypeTest16_enums$Bean2#0",
	"@value":{
		"values":{
			"@type":"LinkedList#1",
			"@value":[
				{
					"children":{
						"@type":"A#2",
						"@value":[
							{
								"id":11
							},
							{
								"id":12
							}
						]
					}
				},
				{
					"children":{
						"@type":"#2",
						"@value":[
							{
								"id":21
							},
							{
								"id":22
							}
						]
					}
				}
			]
		}
	}
}
{
	"@type":"com.alibaba.fastjson2.autoType.AutoTypeTest36_MapLong$Bean#0",
	"@value":{
		"values":{
			"abc":100
		}
	}
}
{
	"@type":"com.alibaba.fastjson2.autoType.AutoTypeTest40_listBeanMap$Bean#0",
	"@value":{
		"items":[
			{
				"@type":"M#1",
				"@value":{}
			}
		]
	}
}
{
	"@type":"com.alibaba.fastjson2.autoType.AutoTypeTest40_listBeanMap$Bean2#0",
	"@value":{
		"items":{
			"a":{
				"@type":"M#1",
				"@value":{}
			}
		}
	}
}
{
	"@type":"com.alibaba.fastjson2.autoType.AutoTypeTest8$Bean#0",
	"@value":{
		"values":{
			"@type":"[com.alibaba.fastjson2.autoType.AutoTypeTest8$A1#1",
			"@value":[
				{}
			]
		}
	}
}
[{}]
[{}]
{
	"@type":"com.alibaba.fastjson2.autoType.AutoTypeTest8$ListBean#0",
	"@value":{
		"values":{
			"@type":"LinkedList#1",
			"@value":[
				{
					"@type":"com.alibaba.fastjson2.autoType.AutoTypeTest8$A#2",
					"@value":{}
				}
			]
		}
	}
}
{
	"@type":"com.alibaba.fastjson2.autoType.AutoTypeTest8$ListBean2#0",
	"@value":{
		"values":[
			{
				"@type":"com.alibaba.fastjson2.autoType.AutoTypeTest8$A#1",
				"@value":{}
			}
		]
	}
}
{
	"@type":"com.alibaba.fastjson2.autoType.AutoTypeTest30$Bean1#0",
	"@value":{
		"items":["101"]
	}
}
{
	"@type":"com.alibaba.fastjson2.autoType.AutoTypeTest30$Bean2#0",
	"@value":{
		"value":"1001"
	}
}
[
	{
		"@type":"com.alibaba.fastjson2.autoType.AutoTypeTest30$Bean1#0",
		"@value":{
			"items":["101"]
		}
	},
	{
		"@type":"#0",
		"@value":{
			"items":["102"]
		}
	},
	{
		"@type":"#0",
		"@value":{
			"items":["103"]
		}
	}
]
{"name":123456789,"id":"abc"}
[
	{
		"name":"id",
		"inferSQLType":"STRING",
		"inferType":"java.lang.String",
		"integers":7702,
		"numbers":7702,
		"precision":10,
		"values":15404
	},
	{
		"name":"type",
		"inferSQLType":"STRING",
		"inferType":"java.lang.String",
		"precision":29,
		"values":15404
	},
	{
		"name":"actor",
		"inferSQLType":"STRING",
		"inferType":"java.util.Map",
		"maps":7702,
		"values":7702
	},
	{
		"name":"actor.id",
		"inferSQLType":"INT",
		"inferType":"java.lang.Integer",
		"integers":7702,
		"numbers":7702,
		"values":7702
	},
	{
		"name":"actor.login",
		"inferSQLType":"STRING",
		"inferType":"java.lang.String",
		"integers":3,
		"numbers":3,
		"precision":27,
		"values":15404
	},
	{
		"name":"actor.gravatar_id",
		"inferSQLType":"STRING",
		"inferType":"java.lang.String",
		"nulls":7702,
		"values":15404
	},
	{
		"name":"actor.url",
		"inferSQLType":"STRING",
		"inferType":"java.lang.String",
		"precision":56,
		"values":15404
	},
	{
		"name":"actor.avatar_url",
		"inferSQLType":"STRING",
		"inferType":"java.lang.String",
		"precision":49,
		"values":15404
	},
	{
		"name":"repo",
		"inferSQLType":"STRING",
		"inferType":"java.util.Map",
		"maps":7702,
		"values":7702
	},
	{
		"name":"repo.id",
		"inferSQLType":"INT",
		"inferType":"java.lang.Integer",
		"integers":7702,
		"numbers":7702,
		"values":7702
	},
	{
		"name":"repo.name",
		"errors":64,
		"inferSQLType":"STRING",
		"inferType":"java.lang.String",
		"precision":54,
		"values":15404
	},
	{
		"name":"repo.url",
		"inferSQLType":"STRING",
		"inferType":"java.lang.String",
		"precision":83,
		"values":15404
	},
	{
		"name":"payload",
		"inferSQLType":"STRING",
		"inferType":"java.util.Map",
		"maps":7702,
		"values":7702
	},
	{
		"name":"payload.push_id",
		"inferSQLType":"INT",
		"inferType":"java.lang.Integer",
		"integers":4280,
		"numbers":4280,
		"values":4280
	},
	{
		"name":"payload.size",
		"inferSQLType":"INT",
		"inferType":"java.lang.Integer",
		"integers":4280,
		"numbers":4280,
		"values":4280
	},
	{
		"name":"payload.distinct_size",
		"inferSQLType":"INT",
		"inferType":"java.lang.Integer",
		"integers":4280,
		"numbers":4280,
		"values":4280
	},
	{
		"name":"payload.ref",
		"errors":192,
		"inferSQLType":"STRING",
		"inferType":"java.lang.String",
		"integers":1,
		"nulls":290,
		"numbers":10,
		"precision":250,
		"scale":4,
		"values":9892
	},
	{
		"name":"payload.head",
		"inferSQLType":"STRING",
		"inferType":"java.lang.String",
		"precision":40,
		"values":8560
	},
	{
		"name":"payload.before",
		"inferSQLType":"STRING",
		"inferType":"java.lang.String",
		"precision":40,
		"values":8560
	},
	{
		"name":"payload.commits",
		"arrays":4280,
		"inferSQLType":"STRING",
		"inferType":"java.util.Collection",
		"maps":5706,
		"values":9986
	},
	{
		"name":"payload.commits[0].sha",
		"inferSQLType":"STRING",
		"inferType":"java.lang.String",
		"precision":40,
		"values":8270
	},
	{
		"name":"payload.commits[0].author",
		"inferSQLType":"STRING",
		"inferType":"java.util.Map",
		"maps":4135,
		"values":4135
	},
	{
		"name":"payload.commits[0].author.email",
		"inferSQLType":"STRING",
		"inferType":"java.lang.String",
		"precision":77,
		"values":8270
	},
	{
		"name":"payload.commits[0].author.name",
		"inferSQLType":"STRING",
		"inferType":"java.lang.String",
		"integers":1,
		"nonAsciiStrings":83,
		"numbers":1,
		"precision":35,
		"values":8270
	},
	{
		"name":"payload.commits[0].message",
		"dates":2,
		"errors":26,
		"inferSQLType":"STRING",
		"inferType":"java.lang.String",
		"integers":19,
		"nonAsciiStrings":64,
		"nulls":6,
		"numbers":20,
		"precision":3949,
		"scale":2,
		"values":8270
	},
	{
		"name":"payload.commits[0].distinct",
		"booleans":4135,
		"inferSQLType":"STRING",
		"inferType":"java.lang.Boolean",
		"values":4135
	},
	{
		"name":"payload.commits[0].url",
		"inferSQLType":"STRING",
		"inferType":"java.lang.String",
		"precision":132,
		"values":8270
	},
	{
		"name":"public",
		"booleans":7702,
		"inferSQLType":"STRING",
		"inferType":"java.lang.Boolean",
		"values":7702
	},
	{
		"name":"created_at",
		"dates":7702,
		"inferSQLType":"STRING",
		"inferType":"java.lang.String",
		"values":15404
	},
	{
		"name":"payload.ref_type",
		"inferSQLType":"STRING",
		"inferType":"java.lang.String",
		"precision":10,
		"values":1912
	},
	{
		"name":"payload.master_branch",
		"inferSQLType":"STRING",
		"inferType":"java.lang.String",
		"precision":13,
		"values":1630
	},
	{
		"name":"payload.description",
		"inferSQLType":"STRING",
		"inferType":"java.lang.String",
		"integers":4,
		"nonAsciiStrings":20,
		"nulls":256,
		"numbers":4,
		"precision":469,
		"values":1576
	},
	{
		"name":"payload.pusher_type",
		"inferSQLType":"STRING",
		"inferType":"java.lang.String",
		"precision":4,
		"values":1912
	},
	{
		"name":"payload.commits[1].sha",
		"inferSQLType":"STRING",
		"inferType":"java.lang.String",
		"precision":40,
		"values":1462
	},
	{
		"name":"payload.commits[1].author",
		"inferSQLType":"STRING",
		"inferType":"java.util.Map",
		"maps":731,
		"values":731
	},
	{
		"name":"payload.commits[1].author.email",
		"inferSQLType":"STRING",
		"inferType":"java.lang.String",
		"precision":77,
		"values":1462
	},
	{
		"name":"payload.commits[1].author.name",
		"inferSQLType":"STRING",
		"inferType":"java.lang.String",
		"nonAsciiStrings":9,
		"precision":30,
		"values":1462
	},
	{
		"name":"payload.commits[1].message",
		"errors":3,
		"inferSQLType":"STRING",
		"inferType":"java.lang.String",
		"nonAsciiStrings":6,
		"numbers":2,
		"precision":2336,
		"scale":4,
		"values":1462
	},
	{
		"name":"payload.commits[1].distinct",
		"booleans":731,
		"inferSQLType":"STRING",
		"inferType":"java.lang.Boolean",
		"values":731
	},
	{
		"name":"payload.commits[1].url",
		"inferSQLType":"STRING",
		"inferType":"java.lang.String",
		"precision":132,
		"values":1462
	},
	{
		"name":"payload.commits[2].sha",
		"inferSQLType":"STRING",
		"inferType":"java.lang.String",
		"precision":40,
		"values":640
	},
	{
		"name":"payload.commits[2].author",
		"inferSQLType":"STRING",
		"inferType":"java.util.Map",
		"maps":320,
		"values":320
	},
	{
		"name":"payload.commits[2].author.email",
		"inferSQLType":"STRING",
		"inferType":"java.lang.String",
		"precision":77,
		"values":640
	},
	{
		"name":"payload.commits[2].author.name",
		"inferSQLType":"STRING",
		"inferType":"java.lang.String",
		"nonAsciiStrings":4,
		"precision":29,
		"values":640
	},
	{
		"name":"payload.commits[2].message",
		"inferSQLType":"STRING",
		"inferType":"java.lang.String",
		"nonAsciiStrings":3,
		"precision":1154,
		"values":640
	},
	{
		"name":"payload.commits[2].distinct",
		"booleans":320,
		"inferSQLType":"STRING",
		"inferType":"java.lang.Boolean",
		"values":320
	},
	{
		"name":"payload.commits[2].url",
		"inferSQLType":"STRING",
		"inferType":"java.lang.String",
		"precision":121,
		"values":640
	},
	{
		"name":"payload.commits[3].sha",
		"inferSQLType":"STRING",
		"inferType":"java.lang.String",
		"precision":40,
		"values":354
	},
	{
		"name":"payload.commits[3].author",
		"inferSQLType":"STRING",
		"inferType":"java.util.Map",
		"maps":177,
		"values":177
	},
	{
		"name":"payload.commits[3].author.email",
		"inferSQLType":"STRING",
		"inferType":"java.lang.String",
		"precision":75,
		"values":354
	},
	{
		"name":"payload.commits[3].author.name",
		"inferSQLType":"STRING",
		"inferType":"java.lang.String",
		"nonAsciiStrings":2,
		"precision":46,
		"values":354
	},
	{
		"name":"payload.commits[3].message",
		"inferSQLType":"STRING",
		"inferType":"java.lang.String",
		"nonAsciiStrings":3,
		"precision":492,
		"values":354
	},
	{
		"name":"payload.commits[3].distinct",
		"booleans":177,
		"inferSQLType":"STRING",
		"inferType":"java.lang.Boolean",
		"values":177
	},
	{
		"name":"payload.commits[3].url",
		"inferSQLType":"STRING",
		"inferType":"java.lang.String",
		"precision":121,
		"values":354
	},
	{
		"name":"payload.commits[4].sha",
		"inferSQLType":"STRING",
		"inferType":"java.lang.String",
		"precision":40,
		"values":238
	},
	{
		"name":"payload.commits[4].author",
		"inferSQLType":"STRING",
		"inferType":"java.util.Map",
		"maps":119,
		"values":119
	},
	{
		"name":"payload.commits[4].author.email",
		"inferSQLType":"STRING",
		"inferType":"java.lang.String",
		"precision":75,
		"values":238
	},
	{
		"name":"payload.commits[4].author.name",
		"inferSQLType":"STRING",
		"inferType":"java.lang.String",
		"nonAsciiStrings":2,
		"precision":29,
		"values":238
	},
	{
		"name":"payload.commits[4].message",
		"inferSQLType":"STRING",
		"inferType":"java.lang.String",
		"nonAsciiStrings":1,
		"precision":654,
		"values":238
	},
	{
		"name":"payload.commits[4].distinct",
		"booleans":119,
		"inferSQLType":"STRING",
		"inferType":"java.lang.Boolean",
		"values":119
	},
	{
		"name":"payload.commits[4].url",
		"inferSQLType":"STRING",
		"inferType":"java.lang.String",
		"precision":121,
		"values":238
	},
	{
		"name":"payload.commits[5].sha",
		"inferSQLType":"STRING",
		"inferType":"java.lang.String",
		"precision":40,
		"values":166
	},
	{
		"name":"payload.commits[5].author",
		"inferSQLType":"STRING",
		"inferType":"java.util.Map",
		"maps":83,
		"values":83
	},
	{
		"name":"payload.commits[5].author.email",
		"inferSQLType":"STRING",
		"inferType":"java.lang.String",
		"precision":75,
		"values":166
	},
	{
		"name":"payload.commits[5].author.name",
		"inferSQLType":"STRING",
		"inferType":"java.lang.String",
		"nonAsciiStrings":1,
		"precision":29,
		"values":166
	},
	{
		"name":"payload.commits[5].message",
		"inferSQLType":"STRING",
		"inferType":"java.lang.String",
		"nonAsciiStrings":1,
		"precision":1164,
		"values":166
	},
	{
		"name":"payload.commits[5].distinct",
		"booleans":83,
		"inferSQLType":"STRING",
		"inferType":"java.lang.Boolean",
		"values":83
	},
	{
		"name":"payload.commits[5].url",
		"inferSQLType":"STRING",
		"inferType":"java.lang.String",
		"precision":121,
		"values":166
	},
	{
		"name":"payload.commits[6].sha",
		"inferSQLType":"STRING",
		"inferType":"java.lang.String",
		"precision":40,
		"values":122
	},
	{
		"name":"payload.commits[6].author",
		"inferSQLType":"STRING",
		"inferType":"java.util.Map",
		"maps":61,
		"values":61
	},
	{
		"name":"payload.commits[6].author.email",
		"inferSQLType":"STRING",
		"inferType":"java.lang.String",
		"precision":75,
		"values":122
	},
	{
		"name":"payload.commits[6].author.name",
		"inferSQLType":"STRING",
		"inferType":"java.lang.String",
		"nonAsciiStrings":2,
		"precision":29,
		"values":122
	},
	{
		"name":"payload.commits[6].message",
		"inferSQLType":"STRING",
		"inferType":"java.lang.String",
		"nonAsciiStrings":1,
		"precision":525,
		"values":122
	},
	{
		"name":"payload.commits[6].distinct",
		"booleans":61,
		"inferSQLType":"STRING",
		"inferType":"java.lang.Boolean",
		"values":61
	},
	{
		"name":"payload.commits[6].url",
		"inferSQLType":"STRING",
		"inferType":"java.lang.String",
		"precision":121,
		"values":122
	},
	{
		"name":"payload.commits[7].sha",
		"inferSQLType":"STRING",
		"inferType":"java.lang.String",
		"precision":40,
		"values":82
	},
	{
		"name":"payload.commits[7].author",
		"inferSQLType":"STRING",
		"inferType":"java.util.Map",
		"maps":41,
		"values":41
	},
	{
		"name":"payload.commits[7].author.email",
		"inferSQLType":"STRING",
		"inferType":"java.lang.String",
		"precision":75,
		"values":82
	},
	{
		"name":"payload.commits[7].author.name",
		"inferSQLType":"STRING",
		"inferType":"java.lang.String",
		"precision":29,
		"values":82
	},
	{
		"name":"payload.commits[7].message",
		"inferSQLType":"STRING",
		"inferType":"java.lang.String",
		"nonAsciiStrings":1,
		"precision":458,
		"values":82
	},
	{
		"name":"payload.commits[7].distinct",
		"booleans":41,
		"inferSQLType":"STRING",
		"inferType":"java.lang.Boolean",
		"values":41
	},
	{
		"name":"payload.commits[7].url",
		"inferSQLType":"STRING",
		"inferType":"java.lang.String",
		"precision":121,
		"values":82
	},
	{
		"name":"org",
		"inferSQLType":"STRING",
		"inferType":"java.util.Map",
		"maps":2342,
		"values":2342
	},
	{
		"name":"org.id",
		"inferSQLType":"INT",
		"inferType":"java.lang.Integer",
		"integers":2342,
		"numbers":2342,
		"values":2342
	},
	{
		"name":"org.login",
		"errors":3,
		"inferSQLType":"STRING",
		"inferType":"java.lang.String",
		"precision":36,
		"values":4684
	},
	{
		"name":"org.gravatar_id",
		"inferSQLType":"STRING",
		"inferType":"java.lang.String",
		"nulls":2342,
		"values":4684
	},
	{
		"name":"org.url",
		"inferSQLType":"STRING",
		"inferType":"java.lang.String",
		"precision":64,
		"values":4684
	},
	{
		"name":"org.avatar_url",
		"inferSQLType":"STRING",
		"inferType":"java.lang.String",
		"precision":49,
		"values":4684
	},
	{
		"name":"payload.action",
		"inferSQLType":"STRING",
		"inferType":"java.lang.String",
		"precision":9,
		"values":4210
	},
	{
		"name":"payload.issue",
		"inferSQLType":"STRING",
		"inferType":"java.util.Map",
		"maps":1023,
		"values":1023
	},
	{
		"name":"payload.issue.url",
		"inferSQLType":"STRING",
		"inferType":"java.lang.String",
		"precision":82,
		"values":2046
	},
	{
		"name":"payload.issue.labels_url",
		"inferSQLType":"STRING",
		"inferType":"java.lang.String",
		"precision":96,
		"values":2046
	},
	{
		"name":"payload.issue.comments_url",
		"inferSQLType":"STRING",
		"inferType":"java.lang.String",
		"precision":91,
		"values":2046
	},
	{
		"name":"payload.issue.events_url",
		"inferSQLType":"STRING",
		"inferType":"java.lang.String",
		"precision":89,
		"values":2046
	},
	{
		"name":"payload.issue.html_url",
		"inferSQLType":"STRING",
		"inferType":"java.lang.String",
		"precision":71,
		"values":2046
	},
	{
		"name":"payload.issue.id",
		"inferSQLType":"INT",
		"inferType":"java.lang.Integer",
		"integers":1023,
		"numbers":1023,
		"values":1023
	},
	{
		"name":"payload.issue.number",
		"inferSQLType":"INT",
		"inferType":"java.lang.Integer",
		"integers":1023,
		"numbers":1023,
		"values":1023
	},
	{
		"name":"payload.issue.title",
		"inferSQLType":"STRING",
		"inferType":"java.lang.String",
		"nonAsciiStrings":16,
		"precision":135,
		"values":2046
	},
	{
		"name":"payload.issue.user",
		"inferSQLType":"STRING",
		"inferType":"java.util.Map",
		"maps":1023,
		"values":1023
	},
	{
		"name":"payload.issue.user.login",
		"inferSQLType":"STRING",
		"inferType":"java.lang.String",
		"precision":20,
		"values":2046
	},
	{
		"name":"payload.issue.user.id",
		"inferSQLType":"INT",
		"inferType":"java.lang.Integer",
		"integers":1023,
		"numbers":1023,
		"values":1023
	}
]
{"@type":"com.alibaba.fastjson2.issues_1900.Issue1945$B","aInstance":{"@type":"java.util.HashMap","test":"test"},"clazz":["java.lang.String"]}
{
	"id#0":"#0",
	"#0":"#0"
}
[
	{
		"@type":"vip.joinsun.dto.order.ThirdOrderResponseBO0#0",
		"@value":{}
	},
	{
		"@type":"vip.joinsun.dto.order.ThirdOrderResponseBO1#1",
		"@value":{}
	},
	{
		"@type":"vip.joinsun.dto.order.ThirdOrderResponseBO2#2",
		"@value":{}
	},
	{
		"@type":"vip.joinsun.dto.order.ThirdOrderResponseBO3#3",
		"@value":{}
	},
	{
		"@type":"vip.joinsun.dto.order.ThirdOrderResponseBO4#4",
		"@value":{}
	},
	{
		"@type":"vip.joinsun.dto.order.ThirdOrderResponseBO5#5",
		"@value":{}
	},
	{
		"@type":"vip.joinsun.dto.order.ThirdOrderResponseBO6#6",
		"@value":{}
	},
	{
		"@type":"vip.joinsun.dto.order.ThirdOrderResponseBO7#7",
		"@value":{}
	},
	{
		"@type":"vip.joinsun.dto.order.ThirdOrderResponseBO8#8",
		"@value":{}
	},
	{
		"@type":"vip.joinsun.dto.order.ThirdOrderResponseBO9#9",
		"@value":{}
	},
	{
		"@type":"vip.joinsun.dto.order.ThirdOrderResponseBO10#10",
		"@value":{}
	},
	{
		"@type":"vip.joinsun.dto.order.ThirdOrderResponseBO11#11",
		"@value":{}
	},
	{
		"@type":"vip.joinsun.dto.order.ThirdOrderResponseBO12#12",
		"@value":{}
	},
	{
		"@type":"vip.joinsun.dto.order.ThirdOrderResponseBO13#13",
		"@value":{}
	},
	{
		"@type":"vip.joinsun.dto.order.ThirdOrderResponseBO14#14",
		"@value":{}
	},
	{
		"@type":"vip.joinsun.dto.order.ThirdOrderResponseBO15#15",
		"@value":{}
	},
	{
		"@type":"vip.joinsun.dto.order.ThirdOrderResponseBO16#16",
		"@value":{}
	},
	{
		"@type":"vip.joinsun.dto.order.ThirdOrderResponseBO17#17",
		"@value":{}
	},
	{
		"@type":"vip.joinsun.dto.order.ThirdOrderResponseBO18#18",
		"@value":{}
	},
	{
		"@type":"vip.joinsun.dto.order.ThirdOrderResponseBO19#19",
		"@value":{}
	},
	{
		"@type":"vip.joinsun.dto.order.ThirdOrderResponseBO20#20",
		"@value":{}
	},
	{
		"@type":"vip.joinsun.dto.order.ThirdOrderResponseBO21#21",
		"@value":{}
	},
	{
		"@type":"vip.joinsun.dto.order.ThirdOrderResponseBO22#22",
		"@value":{}
	},
	{
		"@type":"vip.joinsun.dto.order.ThirdOrderResponseBO23#23",
		"@value":{}
	},
	{
		"@type":"vip.joinsun.dto.order.ThirdOrderResponseBO24#24",
		"@value":{}
	},
	{
		"@type":"vip.joinsun.dto.order.ThirdOrderResponseBO25#25",
		"@value":{}
	},
	{
		"@type":"vip.joinsun.dto.order.ThirdOrderResponseBO26#26",
		"@value":{}
	},
	{
		"@type":"vip.joinsun.dto.order.ThirdOrderResponseBO27#27",
		"@value":{}
	},
	{
		"@type":"vip.joinsun.dto.order.ThirdOrderResponseBO28#28",
		"@value":{}
	},
	{
		"@type":"vip.joinsun.dto.order.ThirdOrderResponseBO29#29",
		"@value":{}
	},
	{
		"@type":"vip.joinsun.dto.order.ThirdOrderResponseBO30#30",
		"@value":{}
	},
	{
		"@type":"vip.joinsun.dto.order.ThirdOrderResponseBO31#31",
		"@value":{}
	},
	{
		"@type":"vip.joinsun.dto.order.ThirdOrderResponseBO32#32",
		"@value":{}
	},
	{
		"@type":"vip.joinsun.dto.order.ThirdOrderResponseBO33#33",
		"@value":{}
	},
	{
		"@type":"vip.joinsun.dto.order.ThirdOrderResponseBO34#34",
		"@value":{}
	},
	{
		"@type":"vip.joinsun.dto.order.ThirdOrderResponseBO35#35",
		"@value":{}
	},
	{
		"@type":"vip.joinsun.dto.order.ThirdOrderResponseBO36#36",
		"@value":{}
	},
	{
		"@type":"vip.joinsun.dto.order.ThirdOrderResponseBO37#37",
		"@value":{}
	},
	{
		"@type":"vip.joinsun.dto.order.ThirdOrderResponseBO38#38",
		"@value":{}
	},
	{
		"@type":"vip.joinsun.dto.order.ThirdOrderResponseBO39#39",
		"@value":{}
	},
	{
		"@type":"vip.joinsun.dto.order.ThirdOrderResponseBO40#40",
		"@value":{}
	},
	{
		"@type":"vip.joinsun.dto.order.ThirdOrderResponseBO41#41",
		"@value":{}
	},
	{
		"@type":"vip.joinsun.dto.order.ThirdOrderResponseBO42#42",
		"@value":{}
	},
	{
		"@type":"vip.joinsun.dto.order.ThirdOrderResponseBO43#43",
		"@value":{}
	},
	{
		"@type":"vip.joinsun.dto.order.ThirdOrderResponseBO44#44",
		"@value":{}
	},
	{
		"@type":"vip.joinsun.dto.order.ThirdOrderResponseBO45#45",
		"@value":{}
	},
	{
		"@type":"vip.joinsun.dto.order.ThirdOrderResponseBO46#46",
		"@value":{}
	},
	{
		"@type":"vip.joinsun.dto.order.ThirdOrderResponseBO47#47",
		"@value":{}
	},
	{
		"@type":"vip.joinsun.dto.order.ThirdOrderResponseBO48#48",
		"@value":{}
	},
	{
		"@type":"vip.joinsun.dto.order.ThirdOrderResponseBO49#49",
		"@value":{}
	},
	{
		"@type":"vip.joinsun.dto.order.ThirdOrderResponseBO50#50",
		"@value":{}
	},
	{
		"@type":"vip.joinsun.dto.order.ThirdOrderResponseBO51#51",
		"@value":{}
	},
	{
		"@type":"vip.joinsun.dto.order.ThirdOrderResponseBO52#52",
		"@value":{}
	},
	{
		"@type":"vip.joinsun.dto.order.ThirdOrderResponseBO53#53",
		"@value":{}
	},
	{
		"@type":"vip.joinsun.dto.order.ThirdOrderResponseBO54#54",
		"@value":{}
	},
	{
		"@type":"vip.joinsun.dto.order.ThirdOrderResponseBO55#55",
		"@value":{}
	},
	{
		"@type":"vip.joinsun.dto.order.ThirdOrderResponseBO56#56",
		"@value":{}
	},
	{
		"@type":"vip.joinsun.dto.order.ThirdOrderResponseBO57#57",
		"@value":{}
	},
	{
		"@type":"vip.joinsun.dto.order.ThirdOrderResponseBO58#58",
		"@value":{}
	},
	{
		"@type":"vip.joinsun.dto.order.ThirdOrderResponseBO59#59",
		"@value":{}
	},
	{
		"@type":"vip.joinsun.dto.order.ThirdOrderResponseBO60#60",
		"@value":{}
	},
	{
		"@type":"vip.joinsun.dto.order.ThirdOrderResponseBO61#61",
		"@value":{}
	},
	{
		"@type":"vip.joinsun.dto.order.ThirdOrderResponseBO62#62",
		"@value":{}
	},
	{
		"@type":"vip.joinsun.dto.order.ThirdOrderResponseBO63#63",
		"@value":{}
	},
	{
		"@type":"vip.joinsun.dto.order.ThirdOrderResponseBO64#64",
		"@value":{}
	},
	{
		"@type":"vip.joinsun.dto.order.ThirdOrderResponseBO65#65",
		"@value":{}
	},
	{
		"@type":"vip.joinsun.dto.order.ThirdOrderResponseBO66#66",
		"@value":{}
	},
	{
		"@type":"vip.joinsun.dto.order.ThirdOrderResponseBO67#67",
		"@value":{}
	},
	{
		"@type":"vip.joinsun.dto.order.ThirdOrderResponseBO68#68",
		"@value":{}
	},
	{
		"@type":"vip.joinsun.dto.order.ThirdOrderResponseBO69#69",
		"@value":{}
	},
	{
		"@type":"vip.joinsun.dto.order.ThirdOrderResponseBO70#70",
		"@value":{}
	},
	{
		"@type":"vip.joinsun.dto.order.ThirdOrderResponseBO71#71",
		"@value":{}
	},
	{
		"@type":"vip.joinsun.dto.order.ThirdOrderResponseBO72#72",
		"@value":{}
	},
	{
		"@type":"vip.joinsun.dto.order.ThirdOrderResponseBO73#73",
		"@value":{}
	},
	{
		"@type":"vip.joinsun.dto.order.ThirdOrderResponseBO74#74",
		"@value":{}
	},
	{
		"@type":"vip.joinsun.dto.order.ThirdOrderResponseBO75#75",
		"@value":{}
	},
	{
		"@type":"vip.joinsun.dto.order.ThirdOrderResponseBO76#76",
		"@value":{}
	},
	{
		"@type":"vip.joinsun.dto.order.ThirdOrderResponseBO77#77",
		"@value":{}
	},
	{
		"@type":"vip.joinsun.dto.order.ThirdOrderResponseBO78#78",
		"@value":{}
	},
	{
		"@type":"vip.joinsun.dto.order.ThirdOrderResponseBO79#79",
		"@value":{}
	},
	{
		"@type":"vip.joinsun.dto.order.ThirdOrderResponseBO80#80",
		"@value":{}
	},
	{
		"@type":"vip.joinsun.dto.order.ThirdOrderResponseBO81#81",
		"@value":{}
	},
	{
		"@type":"vip.joinsun.dto.order.ThirdOrderResponseBO82#82",
		"@value":{}
	},
	{
		"@type":"vip.joinsun.dto.order.ThirdOrderResponseBO83#83",
		"@value":{}
	},
	{
		"@type":"vip.joinsun.dto.order.ThirdOrderResponseBO84#84",
		"@value":{}
	},
	{
		"@type":"vip.joinsun.dto.order.ThirdOrderResponseBO85#85",
		"@value":{}
	},
	{
		"@type":"vip.joinsun.dto.order.ThirdOrderResponseBO86#86",
		"@value":{}
	},
	{
		"@type":"vip.joinsun.dto.order.ThirdOrderResponseBO87#87",
		"@value":{}
	},
	{
		"@type":"vip.joinsun.dto.order.ThirdOrderResponseBO88#88",
		"@value":{}
	},
	{
		"@type":"vip.joinsun.dto.order.ThirdOrderResponseBO89#89",
		"@value":{}
	},
	{
		"@type":"vip.joinsun.dto.order.ThirdOrderResponseBO90#90",
		"@value":{}
	},
	{
		"@type":"vip.joinsun.dto.order.ThirdOrderResponseBO91#91",
		"@value":{}
	},
	{
		"@type":"vip.joinsun.dto.order.ThirdOrderResponseBO92#92",
		"@value":{}
	},
	{
		"@type":"vip.joinsun.dto.order.ThirdOrderResponseBO93#93",
		"@value":{}
	},
	{
		"@type":"vip.joinsun.dto.order.ThirdOrderResponseBO94#94",
		"@value":{}
	},
	{
		"@type":"vip.joinsun.dto.order.ThirdOrderResponseBO95#95",
		"@value":{}
	},
	{
		"@type":"vip.joinsun.dto.order.ThirdOrderResponseBO96#96",
		"@value":{}
	},
	{
		"@type":"vip.joinsun.dto.order.ThirdOrderResponseBO97#97",
		"@value":{}
	},
	{
		"@type":"vip.joinsun.dto.order.ThirdOrderResponseBO98#98",
		"@value":{}
	},
	{
		"@type":"vip.joinsun.dto.order.ThirdOrderResponseBO99#99",
		"@value":{}
	},
	{
		"@type":"vip.joinsun.dto.order.ThirdOrderResponseBO100#100",
		"@value":{}
	},
	{
		"@type":"vip.joinsun.dto.order.ThirdOrderResponseBO101#101",
		"@value":{}
	},
	{
		"@type":"vip.joinsun.dto.order.ThirdOrderResponseBO102#102",
		"@value":{}
	},
	{
		"@type":"vip.joinsun.dto.order.ThirdOrderResponseBO103#103",
		"@value":{}
	},
	{
		"@type":"vip.joinsun.dto.order.ThirdOrderResponseBO104#104",
		"@value":{}
	},
	{
		"@type":"vip.joinsun.dto.order.ThirdOrderResponseBO105#105",
		"@value":{}
	},
	{
		"@type":"vip.joinsun.dto.order.ThirdOrderResponseBO106#106",
		"@value":{}
	},
	{
		"@type":"vip.joinsun.dto.order.ThirdOrderResponseBO107#107",
		"@value":{}
	},
	{
		"@type":"vip.joinsun.dto.order.ThirdOrderResponseBO108#108",
		"@value":{}
	},
	{
		"@type":"vip.joinsun.dto.order.ThirdOrderResponseBO109#109",
		"@value":{}
	},
	{
		"@type":"vip.joinsun.dto.order.ThirdOrderResponseBO110#110",
		"@value":{}
	},
	{
		"@type":"vip.joinsun.dto.order.ThirdOrderResponseBO111#111",
		"@value":{}
	},
	{
		"@type":"vip.joinsun.dto.order.ThirdOrderResponseBO112#112",
		"@value":{}
	},
	{
		"@type":"vip.joinsun.dto.order.ThirdOrderResponseBO113#113",
		"@value":{}
	},
	{
		"@type":"vip.joinsun.dto.order.ThirdOrderResponseBO114#114",
		"@value":{}
	},
	{
		"@type":"vip.joinsun.dto.order.ThirdOrderResponseBO115#115",
		"@value":{}
	},
	{
		"@type":"vip.joinsun.dto.order.ThirdOrderResponseBO116#116",
		"@value":{}
	},
	{
		"@type":"vip.joinsun.dto.order.ThirdOrderResponseBO117#117",
		"@value":{}
	},
	{
		"@type":"vip.joinsun.dto.order.ThirdOrderResponseBO118#118",
		"@value":{}
	},
	{
		"@type":"vip.joinsun.dto.order.ThirdOrderResponseBO119#119",
		"@value":{}
	},
	{
		"@type":"vip.joinsun.dto.order.ThirdOrderResponseBO120#120",
		"@value":{}
	},
	{
		"@type":"vip.joinsun.dto.order.ThirdOrderResponseBO121#121",
		"@value":{}
	},
	{
		"@type":"vip.joinsun.dto.order.ThirdOrderResponseBO122#122",
		"@value":{}
	},
	{
		"@type":"vip.joinsun.dto.order.ThirdOrderResponseBO123#123",
		"@value":{}
	},
	{
		"@type":"vip.joinsun.dto.order.ThirdOrderResponseBO124#124",
		"@value":{}
	},
	{
		"@type":"vip.joinsun.dto.order.ThirdOrderResponseBO125#125",
		"@value":{}
	},
	{
		"@type":"vip.joinsun.dto.order.ThirdOrderResponseBO126#126",
		"@value":{}
	},
	{
		"@type":"vip.joinsun.dto.order.ThirdOrderResponseBO127#127",
		"@value":{}
	},
	{
		"@type":"vip.joinsun.dto.order.ThirdOrderResponseBO128#128",
		"@value":{}
	},
	{
		"@type":"vip.joinsun.dto.order.ThirdOrderResponseBO129#129",
		"@value":{}
	},
	{
		"@type":"vip.joinsun.dto.order.ThirdOrderResponseBO130#130",
		"@value":{}
	},
	{
		"@type":"vip.joinsun.dto.order.ThirdOrderResponseBO131#131",
		"@value":{}
	},
	{
		"@type":"vip.joinsun.dto.order.ThirdOrderResponseBO132#132",
		"@value":{}
	},
	{
		"@type":"vip.joinsun.dto.order.ThirdOrderResponseBO133#133",
		"@value":{}
	},
	{
		"@type":"vip.joinsun.dto.order.ThirdOrderResponseBO134#134",
		"@value":{}
	},
	{
		"@type":"vip.joinsun.dto.order.ThirdOrderResponseBO135#135",
		"@value":{}
	},
	{
		"@type":"vip.joinsun.dto.order.ThirdOrderResponseBO136#136",
		"@value":{}
	},
	{
		"@type":"vip.joinsun.dto.goods.ProjectGoodsSkuDTO#137",
		"@value":{}
	}
]
{
	"id":"id#0",
	"id":"#0"
}
{
	"value":""
}
{
	"value":""
}
123
Result1: "abc"
Result2: "hij"
Result: "cde"
Result: "de"

Oct 07, 2026 12:48:53 AM org.javamoney.moneta.DefaultMonetaryContextFactory createMonetaryContextNonNullConfig
INFO: Using custom MathContext: precision=256, roundingMode=HALF_EVEN
{"name2":["name2_0","name2_1"]}
{
	"color":{
		"name":"red"
	}
}
{
	"color":{
		"name":"red"
	}
}
{
	"@type":"java.time.format.DateTimeParseException#0",
	"@value":{
		"detailMessage#1":"msg",
		"parsedString#2":"input",
		"stackTrace#3":[
			{
				"fileName#4":"DubboTest4.java",
				"lineNumber#5":209,
				"className#6":"com.alibaba.fastjson2.dubbo.DubboTest4",
				"methodName#7":"testDateTimeParseException"
			},
			{
				"#4":"DirectMethodHandleAccessor.java",
				"#5":104,
				"#6":"jdk.internal.reflect.DirectMethodHandleAccessor",
				"#7":"invoke"
			},
			{
				"#4":"Method.java",
				"#5":565,
				"#6":"java.lang.reflect.Method",
				"#7":"invoke"
			},
			{
				"#4":"ReflectionUtils.java",
				"#5":787,
				"#6":"org.junit.platform.commons.util.ReflectionUtils",
				"#7":"invokeMethod"
			},
			{
				"#4":"ReflectionSupport.java",
				"#5":478,
				"#6":"org.junit.platform.commons.support.ReflectionSupport",
				"#7":"invokeMethod"
			},
			{
				"#4":"MethodInvocation.java",
				"#5":60,
				"#6":"org.junit.jupiter.engine.execution.MethodInvocation",
				"#7":"proceed"
			},
			{
				"#4":"InvocationInterceptorChain.java",
				"#5":131,
				"#6":"org.junit.jupiter.engine.execution.InvocationInterceptorChain$ValidatingInvocation",
				"#7":"proceed"
			},
			{
				"#4":"TimeoutExtension.java",
				"#5":161,
				"#6":"org.junit.jupiter.engine.extension.TimeoutExtension",
				"#7":"intercept"
			},
			{
				"#4":"TimeoutExtension.java",
				"#5":152,
				"#6":"org.junit.jupiter.engine.extension.TimeoutExtension",
				"#7":"interceptTestableMethod"
			},
			{
				"#4":"TimeoutExtension.java",
				"#5":91,
				"#6":"org.junit.jupiter.engine.extension.TimeoutExtension",
				"#7":"interceptTestMethod"
			},
			{
				"#4":"InterceptingExecutableInvoker.java",
				"#5":112,
				"#6":"org.junit.jupiter.engine.execution.InterceptingExecutableInvoker$ReflectiveInterceptorCall",
				"#7":"lambda$ofVoidMethod$0"
			},
			{
				"#4":"InterceptingExecutableInvoker.java",
				"#5":94,
				"#6":"org.junit.jupiter.engine.execution.InterceptingExecutableInvoker",
				"#7":"lambda$invoke$0"
			},
			{
				"#4":"InvocationInterceptorChain.java",
				"#5":106,
				"#6":"org.junit.jupiter.engine.execution.InvocationInterceptorChain$InterceptedInvocation",
				"#7":"proceed"
			},
			{
				"#4":"InvocationInterceptorChain.java",
				"#5":64,
				"#6":"org.junit.jupiter.engine.execution.InvocationInterceptorChain",
				"#7":"proceed"
			},
			{
				"#4":"InvocationInterceptorChain.java",
				"#5":45,
				"#6":"org.junit.jupiter.engine.execution.InvocationInterceptorChain",
				"#7":"chainAndInvoke"
			},
			{
				"#4":"InvocationInterceptorChain.java",
				"#5":37,
				"#6":"org.junit.jupiter.engine.execution.InvocationInterceptorChain",
				"#7":"invoke"
			},
			{
				"#4":"InterceptingExecutableInvoker.java",
				"#5":93,
				"#6":"org.junit.jupiter.engine.execution.InterceptingExecutableInvoker",
				"#7":"invoke"
			},
			{
				"#4":"InterceptingExecutableInvoker.java",
				"#5":87,
				"#6":"org.junit.jupiter.engine.execution.InterceptingExecutableInvoker",
				"#7":"invoke"
			},
			{
				"#4":"TestMethodTestDescriptor.java",
				"#5":221,
				"#6":"org.junit.jupiter.engine.descriptor.TestMethodTestDescriptor",
				"#7":"lambda$invokeTestMethod$4"
			},
			{
				"#4":"ThrowableCollector.java",
				"#5":73,
				"#6":"org.junit.platform.engine.support.hierarchical.ThrowableCollector",
				"#7":"execute"
			},
			{
				"#4":"TestMethodTestDescriptor.java",
				"#5":217,
				"#6":"org.junit.jupiter.engine.descriptor.TestMethodTestDescriptor",
				"#7":"invokeTestMethod"
			},
			{
				"#4":"TestMethodTestDescriptor.java",
				"#5":159,
				"#6":"org.junit.jupiter.engine.descriptor.TestMethodTestDescriptor",
				"#7":"execute"
			},
			{
				"#4":"TestMethodTestDescriptor.java",
				"#5":70,
				"#6":"org.junit.jupiter.engine.descriptor.TestMethodTestDescriptor",
				"#7":"execute"
			},
			{
				"#4":"NodeTestTask.java",
				"#5":157,
				"#6":"org.junit.platform.engine.support.hierarchical.NodeTestTask",
				"#7":"lambda$executeRecursively$6"
			},
			{
				"#4":"ThrowableCollector.java",
				"#5":73,
				"#6":"org.junit.platform.engine.support.hierarchical.ThrowableCollector",
				"#7":"execute"
			},
			{
				"#4":"NodeTestTask.java",
				"#5":147,
				"#6":"org.junit.platform.engine.support.hierarchical.NodeTestTask",
				"#7":"lambda$executeRecursively$8"
			},
			{
				"#4":"Node.java",
				"#5":137,
				"#6":"org.junit.platform.engine.support.hierarchical.Node",
				"#7":"around"
			},
			{
				"#4":"NodeTestTask.java",
				"#5":145,
				"#6":"org.junit.platform.engine.support.hierarchical.NodeTestTask",
				"#7":"lambda$executeRecursively$9"
			},
			{
				"#4":"ThrowableCollector.java",
				"#5":73,
				"#6":"org.junit.platform.engine.support.hierarchical.ThrowableCollector",
				"#7":"execute"
			},
			{
				"#4":"NodeTestTask.java",
				"#5":144,
				"#6":"org.junit.platform.engine.support.hierarchical.NodeTestTask",
				"#7":"executeRecursively"
			},
			{
				"#4":"NodeTestTask.java",
				"#5":101,
				"#6":"org.junit.platform.engine.support.hierarchical.NodeTestTask",
				"#7":"execute"
			},
			{
				"#4":"ArrayList.java",
				"#5":1604,
				"#6":"java.util.ArrayList",
				"#7":"forEach"
			},
			{
				"#4":"SameThreadHierarchicalTestExecutorService.java",
				"#5":41,
				"#6":"org.junit.platform.engine.support.hierarchical.SameThreadHierarchicalTestExecutorService",
				"#7":"invokeAll"
			},
			{
				"#4":"NodeTestTask.java",
				"#5":161,
				"#6":"org.junit.platform.engine.support.hierarchical.NodeTestTask",
				"#7":"lambda$executeRecursively$6"
			},
			{
				"#4":"ThrowableCollector.java",
				"#5":73,
				"#6":"org.junit.platform.engine.support.hierarchical.ThrowableCollector",
				"#7":"execute"
			},
			{
				"#4":"NodeTestTask.java",
				"#5":147,
				"#6":"org.junit.platform.engine.support.hierarchical.NodeTestTask",
				"#7":"lambda$executeRecursively$8"
			},
			{
				"#4":"Node.java",
				"#5":137,
				"#6":"org.junit.platform.engine.support.hierarchical.Node",
				"#7":"around"
			},
			{
				"#4":"NodeTestTask.java",
				"#5":145,
				"#6":"org.junit.platform.engine.support.hierarchical.NodeTestTask",
				"#7":"lambda$executeRecursively$9"
			},
			{
				"#4":"ThrowableCollector.java",
				"#5":73,
				"#6":"org.junit.platform.engine.support.hierarchical.ThrowableCollector",
				"#7":"execute"
			},
			{
				"#4":"NodeTestTask.java",
				"#5":144,
				"#6":"org.junit.platform.engine.support.hierarchical.NodeTestTask",
				"#7":"executeRecursively"
			},
			{
				"#4":"NodeTestTask.java",
				"#5":101,
				"#6":"org.junit.platform.engine.support.hierarchical.NodeTestTask",
				"#7":"execute"
			},
			{
				"#4":"ArrayList.java",
				"#5":1604,
				"#6":"java.util.ArrayList",
				"#7":"forEach"
			},
			{
				"#4":"SameThreadHierarchicalTestExecutorService.java",
				"#5":41,
				"#6":"org.junit.platform.engine.support.hierarchical.SameThreadHierarchicalTestExecutorService",
				"#7":"invokeAll"
			},
			{
				"#4":"NodeTestTask.java",
				"#5":161,
				"#6":"org.junit.platform.engine.support.hierarchical.NodeTestTask",
				"#7":"lambda$executeRecursively$6"
			},
			{
				"#4":"ThrowableCollector.java",
				"#5":73,
				"#6":"org.junit.platform.engine.support.hierarchical.ThrowableCollector",
				"#7":"execute"
			},
			{
				"#4":"NodeTestTask.java",
				"#5":147,
				"#6":"org.junit.platform.engine.support.hierarchical.NodeTestTask",
				"#7":"lambda$executeRecursively$8"
			},
			{
				"#4":"Node.java",
				"#5":137,
				"#6":"org.junit.platform.engine.support.hierarchical.Node",
				"#7":"around"
			},
			{
				"#4":"NodeTestTask.java",
				"#5":145,
				"#6":"org.junit.platform.engine.support.hierarchical.NodeTestTask",
				"#7":"lambda$executeRecursively$9"
			},
			{
				"#4":"ThrowableCollector.java",
				"#5":73,
				"#6":"org.junit.platform.engine.support.hierarchical.ThrowableCollector",
				"#7":"execute"
			},
			{
				"#4":"NodeTestTask.java",
				"#5":144,
				"#6":"org.junit.platform.engine.support.hierarchical.NodeTestTask",
				"#7":"executeRecursively"
			},
			{
				"#4":"NodeTestTask.java",
				"#5":101,
				"#6":"org.junit.platform.engine.support.hierarchical.NodeTestTask",
				"#7":"execute"
			},
			{
				"#4":"SameThreadHierarchicalTestExecutorService.java",
				"#5":35,
				"#6":"org.junit.platform.engine.support.hierarchical.SameThreadHierarchicalTestExecutorService",
				"#7":"submit"
			},
			{
				"#4":"HierarchicalTestExecutor.java",
				"#5":57,
				"#6":"org.junit.platform.engine.support.hierarchical.HierarchicalTestExecutor",
				"#7":"execute"
			},
			{
				"#4":"HierarchicalTestEngine.java",
				"#5":54,
				"#6":"org.junit.platform.engine.support.hierarchical.HierarchicalTestEngine",
				"#7":"execute"
			},
			{
				"#4":"EngineExecutionOrchestrator.java",
				"#5":230,
				"#6":"org.junit.platform.launcher.core.EngineExecutionOrchestrator",
				"#7":"executeEngine"
			},
			{
				"#4":"EngineExecutionOrchestrator.java",
				"#5":204,
				"#6":"org.junit.platform.launcher.core.EngineExecutionOrchestrator",
				"#7":"failOrExecuteEngine"
			},
			{
				"#4":"EngineExecutionOrchestrator.java",
				"#5":172,
				"#6":"org.junit.platform.launcher.core.EngineExecutionOrchestrator",
				"#7":"execute"
			},
			{
				"#4":"EngineExecutionOrchestrator.java",
				"#5":101,
				"#6":"org.junit.platform.launcher.core.EngineExecutionOrchestrator",
				"#7":"execute"
			},
			{
				"#4":"EngineExecutionOrchestrator.java",
				"#5":64,
				"#6":"org.junit.platform.launcher.core.EngineExecutionOrchestrator",
				"#7":"lambda$execute$0"
			},
			{
				"#4":"EngineExecutionOrchestrator.java",
				"#5":150,
				"#6":"org.junit.platform.launcher.core.EngineExecutionOrchestrator",
				"#7":"withInterceptedStreams"
			},
			{
				"#4":"EngineExecutionOrchestrator.java",
				"#5":63,
				"#6":"org.junit.platform.launcher.core.EngineExecutionOrchestrator",
				"#7":"execute"
			},
			{
				"#4":"DefaultLauncher.java",
				"#5":109,
				"#6":"org.junit.platform.launcher.core.DefaultLauncher",
				"#7":"execute"
			},
			{
				"#4":"DefaultLauncher.java",
				"#5":91,
				"#6":"org.junit.platform.launcher.core.DefaultLauncher",
				"#7":"execute"
			},
			{
				"#4":"DelegatingLauncher.java",
				"#5":47,
				"#6":"org.junit.platform.launcher.core.DelegatingLauncher",
				"#7":"execute"
			},
			{
				"#4":"InterceptingLauncher.java",
				"#5":39,
				"#6":"org.junit.platform.launcher.core.InterceptingLauncher",
				"#7":"lambda$execute$1"
			},
			{
				"#4":"ClasspathAlignmentCheckingLauncherInterceptor.java",
				"#5":25,
				"#6":"org.junit.platform.launcher.core.ClasspathAlignmentCheckingLauncherInterceptor",
				"#7":"intercept"
			},
			{
				"#4":"InterceptingLauncher.java",
				"#5":38,
				"#6":"org.junit.platform.launcher.core.InterceptingLauncher",
				"#7":"execute"
			},
			{
				"#4":"DelegatingLauncher.java",
				"#5":47,
				"#6":"org.junit.platform.launcher.core.DelegatingLauncher",
				"#7":"execute"
			},
			{
				"#4":"LazyLauncher.java",
				"#5":56,
				"#6":"org.apache.maven.surefire.junitplatform.LazyLauncher",
				"#7":"execute"
			},
			{
				"#4":"JUnitPlatformProvider.java",
				"#5":194,
				"#6":"org.apache.maven.surefire.junitplatform.JUnitPlatformProvider",
				"#7":"execute"
			},
			{
				"#4":"JUnitPlatformProvider.java",
				"#5":150,
				"#6":"org.apache.maven.surefire.junitplatform.JUnitPlatformProvider",
				"#7":"invokeAllTests"
			},
			{
				"#4":"JUnitPlatformProvider.java",
				"#5":124,
				"#6":"org.apache.maven.surefire.junitplatform.JUnitPlatformProvider",
				"#7":"invoke"
			},
			{
				"#4":"ForkedBooter.java",
				"#5":385,
				"#6":"org.apache.maven.surefire.booter.ForkedBooter",
				"#7":"runSuitesInProcess"
			},
			{
				"#4":"ForkedBooter.java",
				"#5":162,
				"#6":"org.apache.maven.surefire.booter.ForkedBooter",
				"#7":"execute"
			},
			{
				"#4":"ForkedBooter.java",
				"#5":507,
				"#6":"org.apache.maven.surefire.booter.ForkedBooter",
				"#7":"run"
			},
			{
				"#4":"ForkedBooter.java",
				"#5":495,
				"#6":"org.apache.maven.surefire.booter.ForkedBooter",
				"#7":"main"
			}
		],
		"suppressedExceptions#8":{
			"@type":"java.util.Collections$EmptyList#9",
			"@value":[]
		}
	}
}
{
	"@type":"org.apache.dubbo.springboot.demo.ServiceException",
	"cause":{
		"@type":"org.apache.dubbo.springboot.demo.BusinessException",
		"message":"报错啦。。",
		"stackTrace":[
			{
				"fileName":"DemoServiceImpl.java",
				"lineNumber":42,
				"className":"org.apache.dubbo.springboot.demo.provider.DemoServiceImpl",
				"methodName":"sayHello"
			},
			{
				"fileName":"DemoServiceImplDubboWrap0.java",
				"lineNumber":-1,
				"className":"org.apache.dubbo.springboot.demo.provider.DemoServiceImplDubboWrap0",
				"methodName":"invokeMethod"
			},
			{
				"fileName":"JavassistProxyFactory.java",
				"lineNumber":73,
				"className":"org.apache.dubbo.rpc.proxy.javassist.JavassistProxyFactory$1",
				"methodName":"doInvoke"
			},
			{
				"fileName":"AbstractProxyInvoker.java",
				"lineNumber":100,
				"className":"org.apache.dubbo.rpc.proxy.AbstractProxyInvoker",
				"methodName":"invoke"
			},
			{
				"fileName":"DelegateProviderMetaDataInvoker.java",
				"lineNumber":55,
				"className":"org.apache.dubbo.config.invoker.DelegateProviderMetaDataInvoker",
				"methodName":"invoke"
			},
			{
				"fileName":"InvokerWrapper.java",
				"lineNumber":56,
				"className":"org.apache.dubbo.rpc.protocol.InvokerWrapper",
				"methodName":"invoke"
			},
			{
				"fileName":"ClassLoaderCallbackFilter.java",
				"lineNumber":38,
				"className":"org.apache.dubbo.rpc.filter.ClassLoaderCallbackFilter",
				"methodName":"invoke"
			},
			{
				"fileName":"FilterChainBuilder.java",
				"lineNumber":327,
				"className":"org.apache.dubbo.rpc.cluster.filter.FilterChainBuilder$CopyOfFilterChainNode",
				"methodName":"invoke"
			},
			{
				"fileName":"TraceFilter.java",
				"lineNumber":79,
				"className":"org.apache.dubbo.rpc.protocol.dubbo.filter.TraceFilter",
				"methodName":"invoke"
			},
			{
				"fileName":"FilterChainBuilder.java",
				"lineNumber":327,
				"className":"org.apache.dubbo.rpc.cluster.filter.FilterChainBuilder$CopyOfFilterChainNode",
				"methodName":"invoke"
			},
			{
				"fileName":"TimeoutFilter.java",
				"lineNumber":44,
				"className":"org.apache.dubbo.rpc.filter.TimeoutFilter",
				"methodName":"invoke"
			},
			{
				"fileName":"FilterChainBuilder.java",
				"lineNumber":327,
				"className":"org.apache.dubbo.rpc.cluster.filter.FilterChainBuilder$CopyOfFilterChainNode",
				"methodName":"invoke"
			},
			{
				"fileName":"MonitorFilter.java",
				"lineNumber":100,
				"className":"org.apache.dubbo.monitor.support.MonitorFilter",
				"methodName":"invoke"
			},
			{
				"fileName":"FilterChainBuilder.java",
				"lineNumber":327,
				"className":"org.apache.dubbo.rpc.cluster.filter.FilterChainBuilder$CopyOfFilterChainNode",
				"methodName":"invoke"
			},
			{
				"fileName":"ExceptionFilter.java",
				"lineNumber":54,
				"className":"org.apache.dubbo.rpc.filter.ExceptionFilter",
				"methodName":"invoke"
			},
			{
				"fileName":"FilterChainBuilder.java",
				"lineNumber":327,
				"className":"org.apache.dubbo.rpc.cluster.filter.FilterChainBuilder$CopyOfFilterChainNode",
				"methodName":"invoke"
			},
			{
				"fileName":"DubboExceptionFilter.java",
				"lineNumber":32,
				"className":"org.apache.dubbo.springboot.demo.provider.DubboExceptionFilter",
				"methodName":"invoke"
			},
			{
				"fileName":"FilterChainBuilder.java",
				"lineNumber":327,
				"className":"org.apache.dubbo.rpc.cluster.filter.FilterChainBuilder$CopyOfFilterChainNode",
				"methodName":"invoke"
			},
			{
				"fileName":"GenericFilter.java",
				"lineNumber":192,
				"className":"org.apache.dubbo.rpc.filter.GenericFilter",
				"methodName":"invoke"
			},
			{
				"fileName":"FilterChainBuilder.java",
				"lineNumber":327,
				"className":"org.apache.dubbo.rpc.cluster.filter.FilterChainBuilder$CopyOfFilterChainNode",
				"methodName":"invoke"
			},
			{
				"fileName":"ClassLoaderFilter.java",
				"lineNumber":54,
				"className":"org.apache.dubbo.rpc.filter.ClassLoaderFilter",
				"methodName":"invoke"
			},
			{
				"fileName":"FilterChainBuilder.java",
				"lineNumber":327,
				"className":"org.apache.dubbo.rpc.cluster.filter.FilterChainBuilder$CopyOfFilterChainNode",
				"methodName":"invoke"
			},
			{
				"fileName":"EchoFilter.java",
				"lineNumber":41,
				"className":"org.apache.dubbo.rpc.filter.EchoFilter",
				"methodName":"invoke"
			},
			{
				"fileName":"FilterChainBuilder.java",
				"lineNumber":327,
				"className":"org.apache.dubbo.rpc.cluster.filter.FilterChainBuilder$CopyOfFilterChainNode",
				"methodName":"invoke"
			},
			{
				"fileName":"ProfilerServerFilter.java",
				"lineNumber":58,
				"className":"org.apache.dubbo.rpc.filter.ProfilerServerFilter",
				"methodName":"invoke"
			},
			{
				"fileName":"FilterChainBuilder.java",
				"lineNumber":327,
				"className":"org.apache.dubbo.rpc.cluster.filter.FilterChainBuilder$CopyOfFilterChainNode",
				"methodName":"invoke"
			},
			{
				"fileName":"ContextFilter.java",
				"lineNumber":133,
				"className":"org.apache.dubbo.rpc.filter.ContextFilter",
				"methodName":"invoke"
			},
			{
				"fileName":"FilterChainBuilder.java",
				"lineNumber":327,
				"className":"org.apache.dubbo.rpc.cluster.filter.FilterChainBuilder$CopyOfFilterChainNode",
				"methodName":"invoke"
			},
			{
				"fileName":"FilterChainBuilder.java",
				"lineNumber":194,
				"className":"org.apache.dubbo.rpc.cluster.filter.FilterChainBuilder$CallbackRegistrationInvoker",
				"methodName":"invoke"
			},
			{
				"fileName":"DubboProtocol.java",
				"lineNumber":156,
				"className":"org.apache.dubbo.rpc.protocol.dubbo.DubboProtocol$1",
				"methodName":"reply"
			},
			{
				"fileName":"HeaderExchangeHandler.java",
				"lineNumber":102,
				"className":"org.apache.dubbo.remoting.exchange.support.header.HeaderExchangeHandler",
				"methodName":"handleRequest"
			},
			{
				"fileName":"HeaderExchangeHandler.java",
				"lineNumber":177,
				"className":"org.apache.dubbo.remoting.exchange.support.header.HeaderExchangeHandler",
				"methodName":"received"
			},
			{
				"fileName":"DecodeHandler.java",
				"lineNumber":53,
				"className":"org.apache.dubbo.remoting.transport.DecodeHandler",
				"methodName":"received"
			},
			{
				"fileName":"ChannelEventRunnable.java",
				"lineNumber":62,
				"className":"org.apache.dubbo.remoting.transport.dispatcher.ChannelEventRunnable",
				"methodName":"run"
			},
			{
				"fileName":"ThreadPoolExecutor.java",
				"lineNumber":1149,
				"className":"java.util.concurrent.ThreadPoolExecutor",
				"methodName":"runWorker"
			},
			{
				"fileName":"ThreadPoolExecutor.java",
				"lineNumber":624,
				"className":"java.util.concurrent.ThreadPoolExecutor$Worker",
				"methodName":"run"
			},
			{
				"fileName":"InternalRunnable.java",
				"lineNumber":41,
				"className":"org.apache.dubbo.common.threadlocal.InternalRunnable",
				"methodName":"run"
			},
			{
				"fileName":"Thread.java",
				"lineNumber":748,
				"className":"java.lang.Thread",
				"methodName":"run"
			}
		],
		"suppressedExceptions":{
			"@type":"java.util.Collections$UnmodifiableRandomAccessList",
			"@value":[]
		}
	},
	"detailMessage":"org.apache.dubbo.springboot.demo.BusinessException: 报错啦。。",
	"stackTrace":[
		{
			"fileName":"DubboExceptionFilter.java",
			"lineNumber":41,
			"className":"org.apache.dubbo.springboot.demo.provider.DubboExceptionFilter",
			"methodName":"onResponse"
		},
		{
			"fileName":"FilterChainBuilder.java",
			"lineNumber":218,
			"className":"org.apache.dubbo.rpc.cluster.filter.FilterChainBuilder$CallbackRegistrationInvoker",
			"methodName":"lambda$invoke$1"
		},
		{
			"fileName":"AsyncRpcResult.java",
			"lineNumber":216,
			"className":"org.apache.dubbo.rpc.AsyncRpcResult",
			"methodName":"lambda$whenCompleteWithContext$0"
		},
		{
			"fileName":"CompletableFuture.java",
			"lineNumber":774,
			"className":"java.util.concurrent.CompletableFuture",
			"methodName":"uniWhenComplete"
		},
		{
			"fileName":"CompletableFuture.java",
			"lineNumber":792,
			"className":"java.util.concurrent.CompletableFuture",
			"methodName":"uniWhenCompleteStage"
		},
		{
			"fileName":"CompletableFuture.java",
			"lineNumber":2153,
			"className":"java.util.concurrent.CompletableFuture",
			"methodName":"whenComplete"
		},
		{
			"fileName":"AsyncRpcResult.java",
			"lineNumber":212,
			"className":"org.apache.dubbo.rpc.AsyncRpcResult",
			"methodName":"whenCompleteWithContext"
		},
		{
			"fileName":"FilterChainBuilder.java",
			"lineNumber":195,
			"className":"org.apache.dubbo.rpc.cluster.filter.FilterChainBuilder$CallbackRegistrationInvoker",
			"methodName":"invoke"
		},
		{
			"fileName":"DubboProtocol.java",
			"lineNumber":156,
			"className":"org.apache.dubbo.rpc.protocol.dubbo.DubboProtocol$1",
			"methodName":"reply"
		},
		{
			"fileName":"HeaderExchangeHandler.java",
			"lineNumber":102,
			"className":"org.apache.dubbo.remoting.exchange.support.header.HeaderExchangeHandler",
			"methodName":"handleRequest"
		},
		{
			"fileName":"HeaderExchangeHandler.java",
			"lineNumber":177,
			"className":"org.apache.dubbo.remoting.exchange.support.header.HeaderExchangeHandler",
			"methodName":"received"
		},
		{
			"fileName":"DecodeHandler.java",
			"lineNumber":53,
			"className":"org.apache.dubbo.remoting.transport.DecodeHandler",
			"methodName":"received"
		},
		{
			"fileName":"ChannelEventRunnable.java",
			"lineNumber":62,
			"className":"org.apache.dubbo.remoting.transport.dispatcher.ChannelEventRunnable",
			"methodName":"run"
		},
		{
			"fileName":"ThreadPoolExecutor.java",
			"lineNumber":1149,
			"className":"java.util.concurrent.ThreadPoolExecutor",
			"methodName":"runWorker"
		},
		{
			"fileName":"ThreadPoolExecutor.java",
			"lineNumber":624,
			"className":"java.util.concurrent.ThreadPoolExecutor$Worker",
			"methodName":"run"
		},
		{
			"fileName":"InternalRunnable.java",
			"lineNumber":41,
			"className":"org.apache.dubbo.common.threadlocal.InternalRunnable",
			"methodName":"run"
		},
		{
			"fileName":"Thread.java",
			"lineNumber":748,
			"className":"java.lang.Thread",
			"methodName":"run"
		}
	],
	"suppressedExceptions":{"$ref":"$.cause.suppressedExceptions"}
}
{
	"innerObject":{
		"innerB":234,
		"innerA":"v1",
		"class":"org.apache.dubbo.service.ComplexObject$InnerObject"
	}
}
{
	"@type":"com.alibaba.fastjson2.dubbo.DubboTest0$Pojo#0",
	"@value":{
		"parentClass#1":{
			"@type":"com.alibaba.fastjson2.dubbo.DubboTest0$ChildClass#2",
			"@value":{
				"param#3":"param"
			}
		}
	}
}
{
	"type":"java.lang.String"
}
{
	"bool":false,
	"card":{
		"id":"",
		"level":"C1",
		"levelValue":0,
		"years":0
	},
	"cardOrBuilder":{
		"id":"",
		"level":"C1",
		"levelValue":0,
		"years":0
	},
	"cardsCount":0,
	"cardsList":[
		
	],
	"cardsOrBuilderList":[
		
	],
	"cardsmap":{},
	"cardsmapCount":0,
	"cardsmapMap":{},
	"double":0.0,
	"fixed32":0,
	"fixed64":0,
	"float":0.0,
	"int32":0,
	"int64":0,
	"sfixed32":0,
	"sfixed64":0,
	"sint32":0,
	"sint64":0,
	"string":"some string from client",
	"uint32":0,
	"uint64":0
}
{
	"@type":"org.apache.dubbo.rpc.service.GenericException#0",
	"@value":{
		"exceptionClass#1":"",
		"exceptionMessage#2":"",
		"genericExceptionInfo#3":{
			"exClass#4":"",
			"exMsg#5":"",
			"msg#6":"",
			"stackTrace#7":[
				{
					"fileName#8":"FastJson2ObjectInput.java",
					"lineNumber#9":110,
					"className#10":"org.apache.dubbo.common.serialize.fastjson2.FastJson2ObjectInput",
					"methodName#11":"readObject"
				},
				{
					"#8":"FastJson2ObjectInput.java",
					"#9":98,
					"#10":"org.apache.dubbo.common.serialize.fastjson2.FastJson2ObjectInput",
					"#11":"readObject"
				},
				{
					"#8":"ObjectInput.java",
					"#9":74,
					"#10":"org.apache.dubbo.common.serialize.ObjectInput",
					"#11":"readThrowable"
				},
				{
					"#8":"DecodeableRpcResult.java",
					"#9":171,
					"#10":"org.apache.dubbo.rpc.protocol.dubbo.DecodeableRpcResult",
					"#11":"handleException"
				},
				{
					"#8":"DecodeableRpcResult.java",
					"#9":110,
					"#10":"org.apache.dubbo.rpc.protocol.dubbo.DecodeableRpcResult",
					"#11":"decode"
				},
				{
					"#8":"DecodeableRpcResult.java",
					"#9":138,
					"#10":"org.apache.dubbo.rpc.protocol.dubbo.DecodeableRpcResult",
					"#11":"decode"
				},
				{
					"#8":"DecodeHandler.java",
					"#9":62,
					"#10":"org.apache.dubbo.remoting.transport.DecodeHandler",
					"#11":"decode"
				},
				{
					"#8":"DecodeHandler.java",
					"#9":50,
					"#10":"org.apache.dubbo.remoting.transport.DecodeHandler",
					"#11":"received"
				},
				{
					"#8":"ChannelEventRunnable.java",
					"#9":61,
					"#10":"org.apache.dubbo.remoting.transport.dispatcher.ChannelEventRunnable",
					"#11":"run"
				},
				{
					"#8":"ThreadlessExecutor.java",
					"#9":184,
					"#10":"org.apache.dubbo.common.threadpool.ThreadlessExecutor$RunnableWrapper",
					"#11":"run"
				},
				{
					"#8":"ThreadlessExecutor.java",
					"#9":103,
					"#10":"org.apache.dubbo.common.threadpool.ThreadlessExecutor",
					"#11":"waitAndDrain"
				},
				{
					"#8":"AsyncRpcResult.java",
					"#9":194,
					"#10":"org.apache.dubbo.rpc.AsyncRpcResult",
					"#11":"get"
				},
				{
					"#8":"AbstractInvoker.java",
					"#9":277,
					"#10":"org.apache.dubbo.rpc.protocol.AbstractInvoker",
					"#11":"waitForResultIfSync"
				},
				{
					"#8":"AbstractInvoker.java",
					"#9":181,
					"#10":"org.apache.dubbo.rpc.protocol.AbstractInvoker",
					"#11":"invoke"
				},
				{
					"#8":"ListenerInvokerWrapper.java",
					"#9":70,
					"#10":"org.apache.dubbo.rpc.listener.ListenerInvokerWrapper",
					"#11":"invoke"
				},
				{
					"#8":"GenericImplFilter.java",
					"#9":102,
					"#10":"org.apache.dubbo.rpc.filter.GenericImplFilter",
					"#11":"invoke"
				},
				{
					"#8":"FilterChainBuilder.java",
					"#9":327,
					"#10":"org.apache.dubbo.rpc.cluster.filter.FilterChainBuilder$CopyOfFilterChainNode",
					"#11":"invoke"
				},
				{
					"#8":"CacheFilter.java",
					"#9":95,
					"#10":"org.apache.dubbo.cache.filter.CacheFilter",
					"#11":"invoke"
				},
				{
					"#8":"FilterChainBuilder.java",
					"#9":327,
					"#10":"org.apache.dubbo.rpc.cluster.filter.FilterChainBuilder$CopyOfFilterChainNode",
					"#11":"invoke"
				},
				{
					"#8":"FilterChainBuilder.java",
					"#9":194,
					"#10":"org.apache.dubbo.rpc.cluster.filter.FilterChainBuilder$CallbackRegistrationInvoker",
					"#11":"invoke"
				},
				{
					"#8":"AbstractClusterInvoker.java",
					"#9":379,
					"#10":"org.apache.dubbo.rpc.cluster.support.AbstractClusterInvoker",
					"#11":"invokeWithContext"
				},
				{
					"#8":"FailoverClusterInvoker.java",
					"#9":81,
					"#10":"org.apache.dubbo.rpc.cluster.support.FailoverClusterInvoker",
					"#11":"doInvoke"
				},
				{
					"#8":"AbstractClusterInvoker.java",
					"#9":341,
					"#10":"org.apache.dubbo.rpc.cluster.support.AbstractClusterInvoker",
					"#11":"invoke"
				},
				{
					"#8":"RouterSnapshotFilter.java",
					"#9":46,
					"#10":"org.apache.dubbo.rpc.cluster.router.RouterSnapshotFilter",
					"#11":"invoke"
				},
				{
					"#8":"FilterChainBuilder.java",
					"#9":327,
					"#10":"org.apache.dubbo.rpc.cluster.filter.FilterChainBuilder$CopyOfFilterChainNode",
					"#11":"invoke"
				},
				{
					"#8":"MonitorFilter.java",
					"#9":100,
					"#10":"org.apache.dubbo.monitor.support.MonitorFilter",
					"#11":"invoke"
				},
				{
					"#8":"FilterChainBuilder.java",
					"#9":327,
					"#10":"org.apache.dubbo.rpc.cluster.filter.FilterChainBuilder$CopyOfFilterChainNode",
					"#11":"invoke"
				},
				{
					"#8":"FutureFilter.java",
					"#9":52,
					"#10":"org.apache.dubbo.rpc.protocol.dubbo.filter.FutureFilter",
					"#11":"invoke"
				},
				{
					"#8":"FilterChainBuilder.java",
					"#9":327,
					"#10":"org.apache.dubbo.rpc.cluster.filter.FilterChainBuilder$CopyOfFilterChainNode",
					"#11":"invoke"
				},
				{
					"#8":"ConsumerContextFilter.java",
					"#9":108,
					"#10":"org.apache.dubbo.rpc.cluster.filter.support.ConsumerContextFilter",
					"#11":"invoke"
				},
				{
					"#8":"FilterChainBuilder.java",
					"#9":327,
					"#10":"org.apache.dubbo.rpc.cluster.filter.FilterChainBuilder$CopyOfFilterChainNode",
					"#11":"invoke"
				},
				{
					"#8":"FilterChainBuilder.java",
					"#9":194,
					"#10":"org.apache.dubbo.rpc.cluster.filter.FilterChainBuilder$CallbackRegistrationInvoker",
					"#11":"invoke"
				},
				{
					"#8":"AbstractCluster.java",
					"#9":92,
					"#10":"org.apache.dubbo.rpc.cluster.support.wrapper.AbstractCluster$ClusterFilterInvoker",
					"#11":"invoke"
				},
				{
					"#8":"MockClusterInvoker.java",
					"#9":103,
					"#10":"org.apache.dubbo.rpc.cluster.support.wrapper.MockClusterInvoker",
					"#11":"invoke"
				},
				{
					"#8":"MigrationInvoker.java",
					"#9":282,
					"#10":"org.apache.dubbo.registry.client.migration.MigrationInvoker",
					"#11":"invoke"
				},
				{
					"#8":"InvocationUtil.java",
					"#9":56,
					"#10":"org.apache.dubbo.rpc.proxy.InvocationUtil",
					"#11":"invoke"
				},
				{
					"#8":"InvokerInvocationHandler.java",
					"#9":75,
					"#10":"org.apache.dubbo.rpc.proxy.InvokerInvocationHandler",
					"#11":"invoke"
				},
				{
					"#8":"HelloServiceDubboProxy0.java",
					"#9":-1,
					"#10":"org.apache.dubbo.samples.generic.call.api.HelloServiceDubboProxy0",
					"#11":"notImplementedHello"
				},
				{
					"#8":"NativeMethodAccessorImpl.java",
					"#9":-2,
					"#10":"sun.reflect.NativeMethodAccessorImpl",
					"#11":"invoke0"
				},
				{
					"#8":"NativeMethodAccessorImpl.java",
					"#9":62,
					"#10":"sun.reflect.NativeMethodAccessorImpl",
					"#11":"invoke"
				},
				{
					"#8":"DelegatingMethodAccessorImpl.java",
					"#9":43,
					"#10":"sun.reflect.DelegatingMethodAccessorImpl",
					"#11":"invoke"
				},
				{
					"#8":"Method.java",
					"#9":498,
					"#10":"java.lang.reflect.Method",
					"#11":"invoke"
				},
				{
					"#8":"AopUtils.java",
					"#9":333,
					"#10":"org.springframework.aop.support.AopUtils",
					"#11":"invokeJoinpointUsingReflection"
				},
				{
					"#8":"JdkDynamicAopProxy.java",
					"#9":207,
					"#10":"org.springframework.aop.framework.JdkDynamicAopProxy",
					"#11":"invoke"
				},
				{
					"#8":null,
					"#9":-1,
					"#10":"com.sun.proxy.$Proxy23",
					"#11":"notImplementedHello"
				},
				{
					"#8":"HelloServiceIT.java",
					"#9":49,
					"#10":"org.apache.dubbo.samples.generic.call.HelloServiceIT",
					"#11":"testNotImplementedHello"
				},
				{
					"#8":"NativeMethodAccessorImpl.java",
					"#9":-2,
					"#10":"sun.reflect.NativeMethodAccessorImpl",
					"#11":"invoke0"
				},
				{
					"#8":"NativeMethodAccessorImpl.java",
					"#9":62,
					"#10":"sun.reflect.NativeMethodAccessorImpl",
					"#11":"invoke"
				},
				{
					"#8":"DelegatingMethodAccessorImpl.java",
					"#9":43,
					"#10":"sun.reflect.DelegatingMethodAccessorImpl",
					"#11":"invoke"
				},
				{
					"#8":"Method.java",
					"#9":498,
					"#10":"java.lang.reflect.Method",
					"#11":"invoke"
				},
				{
					"#8":"FrameworkMethod.java",
					"#9":50,
					"#10":"org.junit.runners.model.FrameworkMethod$1",
					"#11":"runReflectiveCall"
				},
				{
					"#8":"ReflectiveCallable.java",
					"#9":12,
					"#10":"org.junit.internal.runners.model.ReflectiveCallable",
					"#11":"run"
				},
				{
					"#8":"FrameworkMethod.java",
					"#9":47,
					"#10":"org.junit.runners.model.FrameworkMethod",
					"#11":"invokeExplosively"
				},
				{
					"#8":"InvokeMethod.java",
					"#9":17,
					"#10":"org.junit.internal.runners.statements.InvokeMethod",
					"#11":"evaluate"
				},
				{
					"#8":"RunBeforeTestMethodCallbacks.java",
					"#9":75,
					"#10":"org.springframework.test.context.junit4.statements.RunBeforeTestMethodCallbacks",
					"#11":"evaluate"
				},
				{
					"#8":"RunAfterTestMethodCallbacks.java",
					"#9":86,
					"#10":"org.springframework.test.context.junit4.statements.RunAfterTestMethodCallbacks",
					"#11":"evaluate"
				},
				{
					"#8":"SpringRepeat.java",
					"#9":84,
					"#10":"org.springframework.test.context.junit4.statements.SpringRepeat",
					"#11":"evaluate"
				},
				{
					"#8":"ParentRunner.java",
					"#9":325,
					"#10":"org.junit.runners.ParentRunner",
					"#11":"runLeaf"
				},
				{
					"#8":"SpringJUnit4ClassRunner.java",
					"#9":252,
					"#10":"org.springframework.test.context.junit4.SpringJUnit4ClassRunner",
					"#11":"runChild"
				},
				{
					"#8":"SpringJUnit4ClassRunner.java",
					"#9":94,
					"#10":"org.springframework.test.context.junit4.SpringJUnit4ClassRunner",
					"#11":"runChild"
				},
				{
					"#8":"ParentRunner.java",
					"#9":290,
					"#10":"org.junit.runners.ParentRunner$3",
					"#11":"run"
				},
				{
					"#8":"ParentRunner.java",
					"#9":71,
					"#10":"org.junit.runners.ParentRunner$1",
					"#11":"schedule"
				},
				{
					"#8":"ParentRunner.java",
					"#9":288,
					"#10":"org.junit.runners.ParentRunner",
					"#11":"runChildren"
				},
				{
					"#8":"ParentRunner.java",
					"#9":58,
					"#10":"org.junit.runners.ParentRunner",
					"#11":"access$000"
				},
				{
					"#8":"ParentRunner.java",
					"#9":268,
					"#10":"org.junit.runners.ParentRunner$2",
					"#11":"evaluate"
				},
				{
					"#8":"RunBeforeTestClassCallbacks.java",
					"#9":61,
					"#10":"org.springframework.test.context.junit4.statements.RunBeforeTestClassCallbacks",
					"#11":"evaluate"
				},
				{
					"#8":"RunAfterTestClassCallbacks.java",
					"#9":70,
					"#10":"org.springframework.test.context.junit4.statements.RunAfterTestClassCallbacks",
					"#11":"evaluate"
				},
				{
					"#8":"ParentRunner.java",
					"#9":363,
					"#10":"org.junit.runners.ParentRunner",
					"#11":"run"
				},
				{
					"#8":"SpringJUnit4ClassRunner.java",
					"#9":191,
					"#10":"org.springframework.test.context.junit4.SpringJUnit4ClassRunner",
					"#11":"run"
				},
				{
					"#8":"JUnit4Provider.java",
					"#9":365,
					"#10":"org.apache.maven.surefire.junit4.JUnit4Provider",
					"#11":"execute"
				},
				{
					"#8":"JUnit4Provider.java",
					"#9":273,
					"#10":"org.apache.maven.surefire.junit4.JUnit4Provider",
					"#11":"executeWithRerun"
				},
				{
					"#8":"JUnit4Provider.java",
					"#9":238,
					"#10":"org.apache.maven.surefire.junit4.JUnit4Provider",
					"#11":"executeTestSet"
				},
				{
					"#8":"JUnit4Provider.java",
					"#9":159,
					"#10":"org.apache.maven.surefire.junit4.JUnit4Provider",
					"#11":"invoke"
				},
				{
					"#8":"NativeMethodAccessorImpl.java",
					"#9":-2,
					"#10":"sun.reflect.NativeMethodAccessorImpl",
					"#11":"invoke0"
				},
				{
					"#8":"NativeMethodAccessorImpl.java",
					"#9":62,
					"#10":"sun.reflect.NativeMethodAccessorImpl",
					"#11":"invoke"
				},
				{
					"#8":"DelegatingMethodAccessorImpl.java",
					"#9":43,
					"#10":"sun.reflect.DelegatingMethodAccessorImpl",
					"#11":"invoke"
				},
				{
					"#8":"Method.java",
					"#9":498,
					"#10":"java.lang.reflect.Method",
					"#11":"invoke"
				},
				{
					"#8":"ReflectionUtils.java",
					"#9":206,
					"#10":"org.apache.maven.surefire.util.ReflectionUtils",
					"#11":"invokeMethodWithArray2"
				},
				{
					"#8":"ProviderFactory.java",
					"#9":161,
					"#10":"org.apache.maven.surefire.booter.ProviderFactory$ProviderProxy",
					"#11":"invoke"
				},
				{
					"#8":"ProviderFactory.java",
					"#9":84,
					"#10":"org.apache.maven.surefire.booter.ProviderFactory",
					"#11":"invokeProvider"
				},
				{
					"#8":"ClassloaderSurefireStarter.java",
					"#9":78,
					"#10":"org.apache.dubbo.test.runner.ClassloaderSurefireStarter",
					"#11":"runSuitesInProcess"
				},
				{
					"#8":"TestRunnerMain.java",
					"#9":185,
					"#10":"org.apache.dubbo.test.runner.TestRunnerMain",
					"#11":"main"
				}
			]
		},
		"message#12":"{\"exClass\":\"\",\"exMsg\":\"\",\"msg\":\"\"}",
		"#7":[
			{
				"#8":"FastJson2ObjectInput.java",
				"#9":110,
				"#10":"org.apache.dubbo.common.serialize.fastjson2.FastJson2ObjectInput",
				"#11":"readObject"
			},
			{
				"#8":"FastJson2ObjectInput.java",
				"#9":98,
				"#10":"org.apache.dubbo.common.serialize.fastjson2.FastJson2ObjectInput",
				"#11":"readObject"
			},
			{
				"#8":"ObjectInput.java",
				"#9":74,
				"#10":"org.apache.dubbo.common.serialize.ObjectInput",
				"#11":"readThrowable"
			},
			{
				"#8":"DecodeableRpcResult.java",
				"#9":171,
				"#10":"org.apache.dubbo.rpc.protocol.dubbo.DecodeableRpcResult",
				"#11":"handleException"
			},
			{
				"#8":"DecodeableRpcResult.java",
				"#9":110,
				"#10":"org.apache.dubbo.rpc.protocol.dubbo.DecodeableRpcResult",
				"#11":"decode"
			},
			{
				"#8":"DecodeableRpcResult.java",
				"#9":138,
				"#10":"org.apache.dubbo.rpc.protocol.dubbo.DecodeableRpcResult",
				"#11":"decode"
			},
			{
				"#8":"DecodeHandler.java",
				"#9":62,
				"#10":"org.apache.dubbo.remoting.transport.DecodeHandler",
				"#11":"decode"
			},
			{
				"#8":"DecodeHandler.java",
				"#9":50,
				"#10":"org.apache.dubbo.remoting.transport.DecodeHandler",
				"#11":"received"
			},
			{
				"#8":"ChannelEventRunnable.java",
				"#9":61,
				"#10":"org.apache.dubbo.remoting.transport.dispatcher.ChannelEventRunnable",
				"#11":"run"
			},
			{
				"#8":"ThreadlessExecutor.java",
				"#9":184,
				"#10":"org.apache.dubbo.common.threadpool.ThreadlessExecutor$RunnableWrapper",
				"#11":"run"
			},
			{
				"#8":"ThreadlessExecutor.java",
				"#9":103,
				"#10":"org.apache.dubbo.common.threadpool.ThreadlessExecutor",
				"#11":"waitAndDrain"
			},
			{
				"#8":"AsyncRpcResult.java",
				"#9":194,
				"#10":"org.apache.dubbo.rpc.AsyncRpcResult",
				"#11":"get"
			},
			{
				"#8":"AbstractInvoker.java",
				"#9":277,
				"#10":"org.apache.dubbo.rpc.protocol.AbstractInvoker",
				"#11":"waitForResultIfSync"
			},
			{
				"#8":"AbstractInvoker.java",
				"#9":181,
				"#10":"org.apache.dubbo.rpc.protocol.AbstractInvoker",
				"#11":"invoke"
			},
			{
				"#8":"ListenerInvokerWrapper.java",
				"#9":70,
				"#10":"org.apache.dubbo.rpc.listener.ListenerInvokerWrapper",
				"#11":"invoke"
			},
			{
				"#8":"GenericImplFilter.java",
				"#9":102,
				"#10":"org.apache.dubbo.rpc.filter.GenericImplFilter",
				"#11":"invoke"
			},
			{
				"#8":"FilterChainBuilder.java",
				"#9":327,
				"#10":"org.apache.dubbo.rpc.cluster.filter.FilterChainBuilder$CopyOfFilterChainNode",
				"#11":"invoke"
			},
			{
				"#8":"CacheFilter.java",
				"#9":95,
				"#10":"org.apache.dubbo.cache.filter.CacheFilter",
				"#11":"invoke"
			},
			{
				"#8":"FilterChainBuilder.java",
				"#9":327,
				"#10":"org.apache.dubbo.rpc.cluster.filter.FilterChainBuilder$CopyOfFilterChainNode",
				"#11":"invoke"
			},
			{
				"#8":"FilterChainBuilder.java",
				"#9":194,
				"#10":"org.apache.dubbo.rpc.cluster.filter.FilterChainBuilder$CallbackRegistrationInvoker",
				"#11":"invoke"
			},
			{
				"#8":"AbstractClusterInvoker.java",
				"#9":379,
				"#10":"org.apache.dubbo.rpc.cluster.support.AbstractClusterInvoker",
				"#11":"invokeWithContext"
			},
			{
				"#8":"FailoverClusterInvoker.java",
				"#9":81,
				"#10":"org.apache.dubbo.rpc.cluster.support.FailoverClusterInvoker",
				"#11":"doInvoke"
			},
			{
				"#8":"AbstractClusterInvoker.java",
				"#9":341,
				"#10":"org.apache.dubbo.rpc.cluster.support.AbstractClusterInvoker",
				"#11":"invoke"
			},
			{
				"#8":"RouterSnapshotFilter.java",
				"#9":46,
				"#10":"org.apache.dubbo.rpc.cluster.router.RouterSnapshotFilter",
				"#11":"invoke"
			},
			{
				"#8":"FilterChainBuilder.java",
				"#9":327,
				"#10":"org.apache.dubbo.rpc.cluster.filter.FilterChainBuilder$CopyOfFilterChainNode",
				"#11":"invoke"
			},
			{
				"#8":"MonitorFilter.java",
				"#9":100,
				"#10":"org.apache.dubbo.monitor.support.MonitorFilter",
				"#11":"invoke"
			},
			{
				"#8":"FilterChainBuilder.java",
				"#9":327,
				"#10":"org.apache.dubbo.rpc.cluster.filter.FilterChainBuilder$CopyOfFilterChainNode",
				"#11":"invoke"
			},
			{
				"#8":"FutureFilter.java",
				"#9":52,
				"#10":"org.apache.dubbo.rpc.protocol.dubbo.filter.FutureFilter",
				"#11":"invoke"
			},
			{
				"#8":"FilterChainBuilder.java",
				"#9":327,
				"#10":"org.apache.dubbo.rpc.cluster.filter.FilterChainBuilder$CopyOfFilterChainNode",
				"#11":"invoke"
			},
			{
				"#8":"ConsumerContextFilter.java",
				"#9":108,
				"#10":"org.apache.dubbo.rpc.cluster.filter.support.ConsumerContextFilter",
				"#11":"invoke"
			},
			{
				"#8":"FilterChainBuilder.java",
				"#9":327,
				"#10":"org.apache.dubbo.rpc.cluster.filter.FilterChainBuilder$CopyOfFilterChainNode",
				"#11":"invoke"
			},
			{
				"#8":"FilterChainBuilder.java",
				"#9":194,
				"#10":"org.apache.dubbo.rpc.cluster.filter.FilterChainBuilder$CallbackRegistrationInvoker",
				"#11":"invoke"
			},
			{
				"#8":"AbstractCluster.java",
				"#9":92,
				"#10":"org.apache.dubbo.rpc.cluster.support.wrapper.AbstractCluster$ClusterFilterInvoker",
				"#11":"invoke"
			},
			{
				"#8":"MockClusterInvoker.java",
				"#9":103,
				"#10":"org.apache.dubbo.rpc.cluster.support.wrapper.MockClusterInvoker",
				"#11":"invoke"
			},
			{
				"#8":"MigrationInvoker.java",
				"#9":282,
				"#10":"org.apache.dubbo.registry.client.migration.MigrationInvoker",
				"#11":"invoke"
			},
			{
				"#8":"InvocationUtil.java",
				"#9":56,
				"#10":"org.apache.dubbo.rpc.proxy.InvocationUtil",
				"#11":"invoke"
			},
			{
				"#8":"InvokerInvocationHandler.java",
				"#9":75,
				"#10":"org.apache.dubbo.rpc.proxy.InvokerInvocationHandler",
				"#11":"invoke"
			},
			{
				"#8":"HelloServiceDubboProxy0.java",
				"#9":-1,
				"#10":"org.apache.dubbo.samples.generic.call.api.HelloServiceDubboProxy0",
				"#11":"notImplementedHello"
			},
			{
				"#8":"NativeMethodAccessorImpl.java",
				"#9":-2,
				"#10":"sun.reflect.NativeMethodAccessorImpl",
				"#11":"invoke0"
			},
			{
				"#8":"NativeMethodAccessorImpl.java",
				"#9":62,
				"#10":"sun.reflect.NativeMethodAccessorImpl",
				"#11":"invoke"
			},
			{
				"#8":"DelegatingMethodAccessorImpl.java",
				"#9":43,
				"#10":"sun.reflect.DelegatingMethodAccessorImpl",
				"#11":"invoke"
			},
			{
				"#8":"Method.java",
				"#9":498,
				"#10":"java.lang.reflect.Method",
				"#11":"invoke"
			},
			{
				"#8":"AopUtils.java",
				"#9":333,
				"#10":"org.springframework.aop.support.AopUtils",
				"#11":"invokeJoinpointUsingReflection"
			},
			{
				"#8":"JdkDynamicAopProxy.java",
				"#9":207,
				"#10":"org.springframework.aop.framework.JdkDynamicAopProxy",
				"#11":"invoke"
			},
			{
				"#8":null,
				"#9":-1,
				"#10":"com.sun.proxy.$Proxy23",
				"#11":"notImplementedHello"
			},
			{
				"#8":"HelloServiceIT.java",
				"#9":49,
				"#10":"org.apache.dubbo.samples.generic.call.HelloServiceIT",
				"#11":"testNotImplementedHello"
			},
			{
				"#8":"NativeMethodAccessorImpl.java",
				"#9":-2,
				"#10":"sun.reflect.NativeMethodAccessorImpl",
				"#11":"invoke0"
			},
			{
				"#8":"NativeMethodAccessorImpl.java",
				"#9":62,
				"#10":"sun.reflect.NativeMethodAccessorImpl",
				"#11":"invoke"
			},
			{
				"#8":"DelegatingMethodAccessorImpl.java",
				"#9":43,
				"#10":"sun.reflect.DelegatingMethodAccessorImpl",
				"#11":"invoke"
			},
			{
				"#8":"Method.java",
				"#9":498,
				"#10":"java.lang.reflect.Method",
				"#11":"invoke"
			},
			{
				"#8":"FrameworkMethod.java",
				"#9":50,
				"#10":"org.junit.runners.model.FrameworkMethod$1",
				"#11":"runReflectiveCall"
			},
			{
				"#8":"ReflectiveCallable.java",
				"#9":12,
				"#10":"org.junit.internal.runners.model.ReflectiveCallable",
				"#11":"run"
			},
			{
				"#8":"FrameworkMethod.java",
				"#9":47,
				"#10":"org.junit.runners.model.FrameworkMethod",
				"#11":"invokeExplosively"
			},
			{
				"#8":"InvokeMethod.java",
				"#9":17,
				"#10":"org.junit.internal.runners.statements.InvokeMethod",
				"#11":"evaluate"
			},
			{
				"#8":"RunBeforeTestMethodCallbacks.java",
				"#9":75,
				"#10":"org.springframework.test.context.junit4.statements.RunBeforeTestMethodCallbacks",
				"#11":"evaluate"
			},
			{
				"#8":"RunAfterTestMethodCallbacks.java",
				"#9":86,
				"#10":"org.springframework.test.context.junit4.statements.RunAfterTestMethodCallbacks",
				"#11":"evaluate"
			},
			{
				"#8":"SpringRepeat.java",
				"#9":84,
				"#10":"org.springframework.test.context.junit4.statements.SpringRepeat",
				"#11":"evaluate"
			},
			{
				"#8":"ParentRunner.java",
				"#9":325,
				"#10":"org.junit.runners.ParentRunner",
				"#11":"runLeaf"
			},
			{
				"#8":"SpringJUnit4ClassRunner.java",
				"#9":252,
				"#10":"org.springframework.test.context.junit4.SpringJUnit4ClassRunner",
				"#11":"runChild"
			},
			{
				"#8":"SpringJUnit4ClassRunner.java",
				"#9":94,
				"#10":"org.springframework.test.context.junit4.SpringJUnit4ClassRunner",
				"#11":"runChild"
			},
			{
				"#8":"ParentRunner.java",
				"#9":290,
				"#10":"org.junit.runners.ParentRunner$3",
				"#11":"run"
			},
			{
				"#8":"ParentRunner.java",
				"#9":71,
				"#10":"org.junit.runners.ParentRunner$1",
				"#11":"schedule"
			},
			{
				"#8":"ParentRunner.java",
				"#9":288,
				"#10":"org.junit.runners.ParentRunner",
				"#11":"runChildren"
			},
			{
				"#8":"ParentRunner.java",
				"#9":58,
				"#10":"org.junit.runners.ParentRunner",
				"#11":"access$000"
			},
			{
				"#8":"ParentRunner.java",
				"#9":268,
				"#10":"org.junit.runners.ParentRunner$2",
				"#11":"evaluate"
			},
			{
				"#8":"RunBeforeTestClassCallbacks.java",
				"#9":61,
				"#10":"org.springframework.test.context.junit4.statements.RunBeforeTestClassCallbacks",
				"#11":"evaluate"
			},
			{
				"#8":"RunAfterTestClassCallbacks.java",
				"#9":70,
				"#10":"org.springframework.test.context.junit4.statements.RunAfterTestClassCallbacks",
				"#11":"evaluate"
			},
			{
				"#8":"ParentRunner.java",
				"#9":363,
				"#10":"org.junit.runners.ParentRunner",
				"#11":"run"
			},
			{
				"#8":"SpringJUnit4ClassRunner.java",
				"#9":191,
				"#10":"org.springframework.test.context.junit4.SpringJUnit4ClassRunner",
				"#11":"run"
			},
			{
				"#8":"JUnit4Provider.java",
				"#9":365,
				"#10":"org.apache.maven.surefire.junit4.JUnit4Provider",
				"#11":"execute"
			},
			{
				"#8":"JUnit4Provider.java",
				"#9":273,
				"#10":"org.apache.maven.surefire.junit4.JUnit4Provider",
				"#11":"executeWithRerun"
			},
			{
				"#8":"JUnit4Provider.java",
				"#9":238,
				"#10":"org.apache.maven.surefire.junit4.JUnit4Provider",
				"#11":"executeTestSet"
			},
			{
				"#8":"JUnit4Provider.java",
				"#9":159,
				"#10":"org.apache.maven.surefire.junit4.JUnit4Provider",
				"#11":"invoke"
			},
			{
				"#8":"NativeMethodAccessorImpl.java",
				"#9":-2,
				"#10":"sun.reflect.NativeMethodAccessorImpl",
				"#11":"invoke0"
			},
			{
				"#8":"NativeMethodAccessorImpl.java",
				"#9":62,
				"#10":"sun.reflect.NativeMethodAccessorImpl",
				"#11":"invoke"
			},
			{
				"#8":"DelegatingMethodAccessorImpl.java",
				"#9":43,
				"#10":"sun.reflect.DelegatingMethodAccessorImpl",
				"#11":"invoke"
			},
			{
				"#8":"Method.java",
				"#9":498,
				"#10":"java.lang.reflect.Method",
				"#11":"invoke"
			},
			{
				"#8":"ReflectionUtils.java",
				"#9":206,
				"#10":"org.apache.maven.surefire.util.ReflectionUtils",
				"#11":"invokeMethodWithArray2"
			},
			{
				"#8":"ProviderFactory.java",
				"#9":161,
				"#10":"org.apache.maven.surefire.booter.ProviderFactory$ProviderProxy",
				"#11":"invoke"
			},
			{
				"#8":"ProviderFactory.java",
				"#9":84,
				"#10":"org.apache.maven.surefire.booter.ProviderFactory",
				"#11":"invokeProvider"
			},
			{
				"#8":"ClassloaderSurefireStarter.java",
				"#9":78,
				"#10":"org.apache.dubbo.test.runner.ClassloaderSurefireStarter",
				"#11":"runSuitesInProcess"
			},
			{
				"#8":"TestRunnerMain.java",
				"#9":185,
				"#10":"org.apache.dubbo.test.runner.TestRunnerMain",
				"#11":"main"
			}
		],
		"suppressed#13":[]
	}
}
{"v0000":[0],"v0001":[],"v0002":[0,0]}
1
{
	"@type":"com.alibaba.fastjson2.aliyun.MapGhostTest$MapGhost#0",
	"@value":{
		"name":"abc",
		"$super$":{
			"@type":"M#1",
			"@value":{
				"name":123
			}
		}
	}
}
{
	"@type":"com.alibaba.fastjson2.eishay.vo.MediaContent#0",
	"@value":[
		[
			[
				768,
				1,
				"Javaone Keynote",
				"http://javaone.com/keynote_large.jpg",
				1024
			],
			[
				240,
				0,
				"Javaone Keynote",
				"http://javaone.com/keynote_small.jpg",
				320
			]
		],
		[
			262144,
			null,
			18000000,
			"video/mpg4",
			480,
			[
				"Bill Gates",
				"Steve Jobs"
			],
			0,
			58982400,
			"Javaone Keynote",
			"http://javaone.com/keynote.mpg",
			640
		]
	]
}
{
	"@type":"com.alibaba.fastjson2.arraymapping.EishayTest$Sample",
	"@value":[
		[
			true,
			false
		],
		false,
		"AB",
		"\u0000",
		[
			1.0,
			2.0,
			3.0
		],
		0.0,
		[
			1.0,
			2.0,
			3.0
		],
		0.0,
		[
			1,
			2
		],
		101,
		[
			1,
			2
		],
		1001,
		null,
		[
			1,
			2
		],
		0,
		null
	]
}
com.alibaba.fastjson2.issues_2400.Issue2440$Bean@705a793a
{"first_name":"wenshao","id":123}
{"courseId":"6bad799a1c894893bedade17215244a1","userId":"4b99d48f87f84868a59aa3b3ce82fd56"}
{
	"@type":"com.alibaba.fastjson2.eishay.vo.MediaContent",
	"@value":[
		[
			[
				768,
				1,
				"Javaone Keynote",
				"http://javaone.com/keynote_large.jpg",
				1024
			],
			[
				240,
				0,
				"Javaone Keynote",
				"http://javaone.com/keynote_small.jpg",
				320
			]
		],
		[
			262144,
			null,
			18000000,
			"video/mpg4",
			480,
			[
				"Bill Gates",
				"Steve Jobs"
			],
			0,
			58982400,
			"Javaone Keynote",
			"http://javaone.com/keynote.mpg",
			640
		]
	]
}
[[[768,1,"Javaone Keynote","http://javaone.com/keynote_large.jpg",1024],[240,0,"Javaone Keynote","http://javaone.com/keynote_small.jpg",320]],[262144,null,18000000,"video/mpg4",480,["Bill Gates","Steve Jobs"],0,58982400,"Javaone Keynote","http://javaone.com/keynote.mpg",640]]
{
	"@type":"com.alibaba.fastjson2.eishay.vo.MediaContent#0",
	"@value":{
		"images#1":[
			{
				"height#2":768,
				"size#3":1,
				"title#4":"Javaone Keynote",
				"uri#5":"http://javaone.com/keynote_large.jpg",
				"width#6":1024
			},
			{
				"#2":240,
				"#3":0,
				"#4":"Javaone Keynote",
				"#5":"http://javaone.com/keynote_small.jpg",
				"#6":320
			}
		],
		"media#7":{
			"bitrate#8":262144,
			"duration#9":18000000,
			"format#10":"video/mpg4",
			"#2":480,
			"persons#11":[
				"Bill Gates",
				"Steve Jobs"
			],
			"player#12":0,
			"#3":58982400,
			"#4":"Javaone Keynote",
			"#5":"http://javaone.com/keynote.mpg",
			"#6":640
		}
	}
}
[
	[
		[
			768,
			1,
			"Javaone Keynote",
			"http://javaone.com/keynote_large.jpg",
			1024
		],
		[
			240,
			0,
			"Javaone Keynote",
			"http://javaone.com/keynote_small.jpg",
			320
		]
	],
	[
		262144,
		null,
		18000000,
		"video/mpg4",
		480,
		[
			"Bill Gates",
			"Steve Jobs"
		],
		0,
		58982400,
		"Javaone Keynote",
		"http://javaone.com/keynote.mpg",
		640
	]
]
{"values":{"100":[{"id":1001},{"id":1002}],"200":[{"id":2001},{"id":2002}]}}
millis : 288
millis : 224
[name, weight, age]
CSVReaderTest.Person(name=张三, weight=68.2, age=32)
CSVReaderTest.Person(name=李四, weight=75.6, age=28)
[name, weight, age]
CSVReaderTest.Person(name=张三, weight=68.2, age=32)
CSVReaderTest.Person(name=李四, weight=75.6, age=28)
{
	"@type":"com.alibaba.fastjson2.support.ApacheTripleTest$Bean#0",
	"@value":{
		"triple":{
			"@type":"org.apache.commons.lang3.tuple.MutableTriple#1",
			"@value":{
				"left":101,
				"middle":102,
				"right":103
			}
		}
	}
}
{
	"@type":"com.alibaba.fastjson2.support.ApacheTripleTest$Bean#0",
	"@value":{
		"triple":{
			"@type":"org.apache.commons.lang3.tuple.ImmutableTriple#1",
			"@value":{
				"left":101,
				"middle":102,
				"right":103
			}
		}
	}
}
{
	"high":{
		"value":"H"
	},
	"low":{
		"value":"L"
	},
	"mid":{
		"value":"M"
	}
}
Tue Oct 15 10:02:26 CST 2024
Enum Item: LOCKED
JVM_VERSION : 25
-9214723784238596577L,
-9030616758866828325L,
-8335274122997354104L,
-6963030519018899258L,
-4863137578837233966L,
-3653547262287832698L,
-2819277587813726773L,
-2669552864532011468L,
-2458634727370886912L,
-2291619803571459675L,
-1811306045128064037L,
-864440709753525476L,
-779604756358333743L,
8731803887940231L,
1616814008855344660L,
2164749833121980361L,
2688642392827789427L,
3724195282986200606L,
3742915795806478647L,
3977020351318456359L,
4775491097662790952L,
4882459834864833642L,
6033839080488254886L,
7981148566008458638L,
8344106065386396833L,
9215465129261900012L,
27545
27545
1	[1]
2	[2]
3	[3]
4	[4]
5	[5]
6	[6]
7	[7]
8	[8]
9	[9]
10	[10]
11	[11]
12	[12]
13	[13]
14	[14]
15	[15]
16	[16]
17	[17]
18	[18]
19	[19]
20	[20]
21	[21]
22	[22]
23	[23]
24	[24]
25	[25]
26	[26]
27	[27]
28	[28]
29	[29]
30	[30]
31	[31]
32	[32]
33	[33]
34	[34]
35	[35]
36	[36]
37	[37]
38	[38]
39	[39]
40	[40]
41	[41]
42	[42]
43	[43]
44	[44]
45	[45]
46	[46]
47	[47]
48	[48]
49	[49]
50	[50]
51	[51]
52	[52]
53	[53]
54	[54]
55	[55]
56	[56]
57	[57]
58	[58]
59	[59]
60	[60]
61	[61]
62	[62]
63	[63]
64	[64]
65	[65]
66	[66]
67	[67]
68	[68]
69	[69]
70	[70]
71	[71]
72	[72]
73	[73]
74	[74]
75	[75]
76	[76]
77	[77]
78	[78]
79	[79]
80	[80]
81	[81]
82	[82]
83	[83]
84	[84]
85	[85]
86	[86]
87	[87]
88	[88]
89	[89]
90	[90]
91	[91]
92	[92]
93	[93]
94	[94]
95	[95]
96	[96]
97	[97]
98	[98]
99	[99]
100	[100]
101	[101]
102	[102]
103	[103]
104	[104]
105	[105]
106	[106]
107	[107]
108	[108]
109	[109]
110	[110]
111	[111]
112	[112]
113	[113]
114	[114]
115	[115]
116	[116]
117	[117]
118	[118]
119	[119]
120	[120]
121	[121]
122	[122]
123	[123]
124	[124]
125	[125]
126	[126]
127	[127]
128	[-62, -128]
129	[-62, -127]
130	[-62, -126]
131	[-62, -125]
132	[-62, -124]
133	[-62, -123]
134	[-62, -122]
135	[-62, -121]
136	[-62, -120]
137	[-62, -119]
138	[-62, -118]
139	[-62, -117]
140	[-62, -116]
141	[-62, -115]
142	[-62, -114]
143	[-62, -113]
144	[-62, -112]
145	[-62, -111]
146	[-62, -110]
147	[-62, -109]
148	[-62, -108]
149	[-62, -107]
150	[-62, -106]
151	[-62, -105]
152	[-62, -104]
153	[-62, -103]
154	[-62, -102]
155	[-62, -101]
156	[-62, -100]
157	[-62, -99]
158	[-62, -98]
159	[-62, -97]
160	[-62, -96]
161	[-62, -95]
162	[-62, -94]
163	[-62, -93]
164	[-62, -92]
165	[-62, -91]
166	[-62, -90]
167	[-62, -89]
168	[-62, -88]
169	[-62, -87]
170	[-62, -86]
171	[-62, -85]
172	[-62, -84]
173	[-62, -83]
174	[-62, -82]
175	[-62, -81]
176	[-62, -80]
177	[-62, -79]
178	[-62, -78]
179	[-62, -77]
180	[-62, -76]
181	[-62, -75]
182	[-62, -74]
183	[-62, -73]
184	[-62, -72]
185	[-62, -71]
186	[-62, -70]
187	[-62, -69]
188	[-62, -68]
189	[-62, -67]
190	[-62, -66]
191	[-62, -65]
192	[-61, -128]
193	[-61, -127]
194	[-61, -126]
195	[-61, -125]
196	[-61, -124]
197	[-61, -123]
198	[-61, -122]
199	[-61, -121]
200	[-61, -120]
201	[-61, -119]
202	[-61, -118]
203	[-61, -117]
204	[-61, -116]
205	[-61, -115]
206	[-61, -114]
207	[-61, -113]
208	[-61, -112]
209	[-61, -111]
210	[-61, -110]
211	[-61, -109]
212	[-61, -108]
213	[-61, -107]
214	[-61, -106]
215	[-61, -105]
216	[-61, -104]
217	[-61, -103]
218	[-61, -102]
219	[-61, -101]
220	[-61, -100]
221	[-61, -99]
222	[-61, -98]
223	[-61, -97]
224	[-61, -96]
225	[-61, -95]
226	[-61, -94]
227	[-61, -93]
228	[-61, -92]
229	[-61, -91]
230	[-61, -90]
231	[-61, -89]
232	[-61, -88]
233	[-61, -87]
234	[-61, -86]
235	[-61, -85]
236	[-61, -84]
237	[-61, -83]
238	[-61, -82]
239	[-61, -81]
240	[-61, -80]
241	[-61, -79]
242	[-61, -78]
243	[-61, -77]
244	[-61, -76]
245	[-61, -75]
246	[-61, -74]
247	[-61, -73]
248	[-61, -72]
249	[-61, -71]
250	[-61, -70]
251	[-61, -69]
252	[-61, -68]
253	[-61, -67]
254	[-61, -66]
255	[-61, -65]
0.1260491260255273 -> 0.12604912602552731
0.04564188373782763 -> 0.045641883737827627
0.824234774488458 -> 0.8242347744884581
0.1293628569561628 -> 0.12936285695616279
0.871988237259748 -> 0.8719882372597479
0.657990504218187 -> 0.6579905042181869
0.3153341741532317 -> 0.31533417415323173
0.01597071507794867 -> 0.015970715077948672
0.841422719123676 -> 0.8414227191236761
0.891210639918323 -> 0.8912106399183231
0.1470735901568372 -> 0.14707359015683719
0.06007832679110248 -> 0.060078326791102477
0.0764801352202178 -> 0.07648013522021779
0.3154818751228258 -> 0.31548187512282577
0.04868315990993222 -> 0.048683159909932217
0.953055653496721 -> 0.9530556534967209
0.3014239092601462 -> 0.30142390926014617
0.665245901703928 -> 0.6652459017039281
0.2939248378255854 -> 0.29392483782558543
0.853002599642463 -> 0.8530025996424631
0.4216221802481184 -> 0.42162218024811837
0.1401404311496076 -> 0.14014043114960761
0.987624880018036 -> 0.9876248800180361
0.2229910193875453 -> 0.22299101938754529
0.569766405458976 -> 0.5697664054589761
0.3128970085621329 -> 0.31289700856213287
0.504186034272396 -> 0.5041860342723961
0.631088670827261 -> 0.6310886708272609
0.2935088657489969 -> 0.29350886574899693
0.729497412802598 -> 0.7294974128025981
0.1649901267795192 -> 0.16499012677951919
0.04621763122991163 -> 0.046217631229911627
0.419715497787538 -> 0.41971549778753803
0.59161703905627 -> 0.5916170390562701
0.679733455668525 -> 0.6797334556685251
0.04268064413929595 -> 0.042680644139295953
0.527372208971223 -> 0.5273722089712231
0.596976308715018 -> 0.5969763087150179
0.969457904937643 -> 0.9694579049376429
0.807511815297211 -> 0.8075118152972111
0.0719217405154483 -> 0.07192174051544831
0.2498083207887314 -> 0.24980832078873139
0.892429887459325 -> 0.8924298874593251
0.3018978710771342 -> 0.30189787107713417
0.03931918062101614 -> 0.039319180621016137
0.1719614416531383 -> 0.17196144165313831
0.814853007005579 -> 0.8148530070055791
0.770250310603596 -> 0.7702503106035959
0.4636163030231574 -> 0.46361630302315737
0.3172720676191014 -> 0.31727206761910143
0.93908960339316 -> 0.9390896033931601
0.588265790955737 -> 0.5882657909557369
0.2794361329731124 -> 0.27943613297311243
0.4043395179258992 -> 0.40433951792589917
0.3231439412138917 -> 0.32314394121389167
0.1324345806909175 -> 0.13243458069091751
0.724593664874776 -> 0.7245936648747759
0.1909114804828035 -> 0.19091148048280349
0.830363311087639 -> 0.8303633110876391
0.867564403142911 -> 0.8675644031429109
0.615397840486615 -> 0.6153978404866151
0.654831221571958 -> 0.6548312215719581
0.4487541167424485 -> 0.44875411674244847
0.05222961811655236 -> 0.052229618116552357
0.4842476118089796 -> 0.48424761180897957
0.503396169558674 -> 0.5033961695586739
0.954551631185172 -> 0.9545516311851719
0.4527160251427991 -> 0.45271602514279907
0.4441494842650551 -> 0.44414948426505507
0.1657637320250578 -> 0.16576373202505779
0.3720750831912015 -> 0.37207508319120153
0.003217486189966978 -> 0.0032174861899669782
0.956306961768496 -> 0.9563069617684961
0.4017634845225522 -> 0.40176348452255217
0.4104576063189391 -> 0.41045760631893913
0.160412566185253 -> 0.16041256618525301
0.757182930279721 -> 0.7571829302797209
0.3346203315103706 -> 0.33462033151037063
0.006756625913020176 -> 0.0067566259130201756
0.2441519385658628 -> 0.24415193856586281
0.3269833468227549 -> 0.32698334682275487
0.437191893555437 -> 0.43719189355543697
0.3212521221245003 -> 0.32125212212450027
0.73317009277938 -> 0.7331700927793799
0.3521564041459396 -> 0.35215640414593963
0.3330444154275711 -> 0.33304441542757113
0.645329274826207 -> 0.6453292748262071
0.545463855635341 -> 0.5454638556353411
0.1334986617737942 -> 0.13349866177379421
0.88238534472072 -> 0.8823853447207201
0.37285804821047 -> 0.37285804821046997
0.723066771392953 -> 0.7230667713929529
0.521679105731991 -> 0.5216791057319911
0.618646888242741 -> 0.6186468882427411
0.4260401760581288 -> 0.42604017605812883
0.186298308349215 -> 0.18629830834921501
0.4047925121866289 -> 0.40479251218662893
0.637860669593523 -> 0.6378606695935231
0.868099503681731 -> 0.8680995036817311
0.216279783798229 -> 0.21627978379822899
0.3067584276001388 -> 0.30675842760013883
0.1755302270400768 -> 0.17553022704007681
0.1831187833394642 -> 0.18311878333946419
0.2455325388170536 -> 0.24553253881705361
0.2585937557777995 -> 0.25859375577779953
0.1357197790808332 -> 0.13571977908083321
0.05334391837112629 -> 0.053343918371126287
0.523325877443164 -> 0.5233258774431639
0.956105033526852 -> 0.9561050335268521
0.944189943444183 -> 0.9441899434441831
0.0907749828509734 -> 0.09077498285097341
0.695170808077127 -> 0.6951708080771269
0.3697489513033482 -> 0.36974895130334817
0.1890742530780226 -> 0.18907425307802261
0.087603098484769 -> 0.08760309848476899
0.2658836169114073 -> 0.26588361691140727
0.633611091371794 -> 0.6336110913717941
0.02052237010467939 -> 0.020522370104679388
0.825870692021552 -> 0.8258706920215521
0.3462523076172003 -> 0.34625230761720027
0.967413697558759 -> 0.9674136975587589
0.378435371485041 -> 0.37843537148504103
0.4534838654915542 -> 0.45348386549155417
0.789129289829753 -> 0.7891292898297529
0.3399822445631209 -> 0.33998224456312087
0.573686189645013 -> 0.5736861896450129
0.259567392362096 -> 0.25956739236209603
0.4235008258858384 -> 0.42350082588583837
0.724813629353319 -> 0.7248136293533191
0.64678236257742 -> 0.6467823625774199
0.8745589318941 -> 0.8745589318940999
0.662291369397564 -> 0.6622913693975639
0.2495548252158135 -> 0.24955482521581351
0.574075670502808 -> 0.5740756705028081
0.799033053132505 -> 0.7990330531325049
0.843734898707656 -> 0.8437348987076559
0.3166267926704113 -> 0.31662679267041127
0.3093677421530103 -> 0.30936774215301033
0.4553013274695418 -> 0.45530132746954177
0.3248111384716659 -> 0.32481113847166587
0.4778672506083603 -> 0.47786725060836033
0.4047970497633053 -> 0.40479704976330533
0.650994532437077 -> 0.6509945324370769
0.3837348423325391 -> 0.38373484233253907
0.4058963465330859 -> 0.40589634653308593
0.885164200440339 -> 0.8851642004403391
0.955782511300658 -> 0.9557825113006581
0.858518749573216 -> 0.8585187495732159
0.3573273984453815 -> 0.35732739844538153
0.825489990987819 -> 0.8254899909878189
0.731615992258212 -> 0.7316159922582119
0.1620596327661218 -> 0.16205963276612179
0.3875832775160791 -> 0.38758327751607913
0.953878115174912 -> 0.9538781151749119
0.586636578402914 -> 0.5866365784029141
0.814799157909256 -> 0.8147991579092561
0.2112877265019487 -> 0.21128772650194871
0.4075450634949285 -> 0.40754506349492847
0.1269863638728186 -> 0.12698636387281859
0.1901365373380869 -> 0.19013653733808689
0.711598793252813 -> 0.7115987932528131
0.2370300997231891 -> 0.23703009972318911
0.2477551003968783 -> 0.24775510039687831
0.545896322974671 -> 0.5458963229746711
0.1615568515022585 -> 0.16155685150225851
0.2430053913661573 -> 0.24300539136615729
0.3250236136175432 -> 0.32502361361754317
0.659382561606286 -> 0.6593825616062861
0.994001016716413 -> 0.9940010167164131
0.838048306040933 -> 0.8380483060409331
0.672365361055763 -> 0.6723653610557629
0.574742834479053 -> 0.5747428344790531
0.738516157117659 -> 0.7385161571176589
0.616274825007672 -> 0.6162748250076719
0.926872131976405 -> 0.9268721319764049
0.1751836883466764 -> 0.17518368834667641
0.646656737279173 -> 0.6466567372791731
0.3887425703794192 -> 0.38874257037941917
0.2983174812498883 -> 0.29831748124988833
0.64731578184263 -> 0.6473157818426299
0.045895546264618 -> 0.045895546264618003
0.3697774038975222 -> 0.36977740389752223
0.593115163419836 -> 0.5931151634198359
0.4252922763788409 -> 0.42529227637884093
0.891325315971707 -> 0.8913253159717071
0.6554736591866 -> 0.6554736591866001
0.2555957317652576 -> 0.25559573176525763
0.215935007085979 -> 0.21593500708597901
0.951336547977016 -> 0.9513365479770159
0.832225611413485 -> 0.8322256114134849
0.2226899374733219 -> 0.22268993747332189
0.757002141171984 -> 0.7570021411719841
0.4662344650767484 -> 0.46623446507674837
2.130946876681694E-4 -> 2.1309468766816941E-4
0.3330230116035999 -> 0.33302301160359993
0.641603723369571 -> 0.6416037233695711
0.1445413421221763 -> 0.14454134212217629
0.4905201118399172 -> 0.49052011183991717
0.2560612042479605 -> 0.25606120424796053
0.4590341484839566 -> 0.45903414848395663
0.623041874693886 -> 0.6230418746938861
0.4037338738166176 -> 0.40373387381661763
0.1545134070334616 -> 0.15451340703346161
0.1728852195405539 -> 0.17288521954055391
0.04681611590880164 -> 0.046816115908801637
0.138589001540824 -> 0.13858900154082399
0.817564598447238 -> 0.8175645984472379
0.837761154098214 -> 0.8377611540982139
0.611775305689991 -> 0.6117753056899909
0.2233270739404596 -> 0.22332707394045959
0.05849697792309538 -> 0.058496977923095383
0.859901815856078 -> 0.8599018158560779
0.558754312079977 -> 0.5587543120799769
0.1995588205464046 -> 0.19955882054640461
0.689301318461849 -> 0.6893013184618491
0.591464345997537 -> 0.5914643459975371
0.0737297294606667 -> 0.07372972946066669
0.4595725060929923 -> 0.45957250609299227
0.3971598487660081 -> 0.39715984876600807
0.08114058541323 -> 0.08114058541322999
0.900884081370737 -> 0.9008840813707371
0.1983771746695666 -> 0.19837717466956661
0.01854342853069668 -> 0.018543428530696682
0.91450156794845 -> 0.9145015679484499
0.961953083642827 -> 0.9619530836428269
0.716162605389356 -> 0.7161626053893561
0.4977560585258963 -> 0.49775605852589633
0.573663016790322 -> 0.5736630167903219
0.4069485514014409 -> 0.40694855140144093
0.845188782735319 -> 0.8451887827353191
0.4088886559287431 -> 0.40888865592874313
0.0645779477481132 -> 0.06457794774811321
0.628186035015666 -> 0.6281860350156659
0.2462594659419408 -> 0.24625946594194081
0.430706432810223 -> 0.43070643281022303
0.2538088438629095 -> 0.25380884386290947
0.831629947486971 -> 0.8316299474869711
0.2683077235779531 -> 0.26830772357795307
0.4710496393873915 -> 0.47104963938739153
0.3185937254523383 -> 0.31859372545233833
0.962245109134859 -> 0.9622451091348589
0.3995292259022101 -> 0.39952922590221007
0.3662350500616324 -> 0.36623505006163237
0.538516350068103 -> 0.5385163500681029
0.2266402128656929 -> 0.22664021286569291
0.2230270559247821 -> 0.22302705592478211
0.4507045690825425 -> 0.45070456908254253
0.1381118319953515 -> 0.13811183199535149
0.976012021405468 -> 0.9760120214054681
0.667072609990568 -> 0.6670726099905681
0.04821443282049254 -> 0.048214432820492537
0.355180484733606 -> 0.35518048473360597
0.1754944784188779 -> 0.17549447841887789
0.68044726483404 -> 0.6804472648340401
0.04439051359580359 -> 0.044390513595803593
0.565969374679199 -> 0.5659693746791991
0.95708531964311 -> 0.9570853196431101
0.4567964346773494 -> 0.45679643467734943
0.2306178130987767 -> 0.23061781309877671
0.609403303724181 -> 0.6094033037241809
0.830452247200756 -> 0.8304522472007561
0.29972104222623 -> 0.29972104222622997
0.675662804414286 -> 0.6756628044142859
0.2490236430711915 -> 0.24902364307119151
0.83627188494568 -> 0.8362718849456801
0.2971476588506409 -> 0.29714765885064087
0.3331688706394276 -> 0.33316887063942757
0.701267935125858 -> 0.7012679351258581
0.1589340260656983 -> 0.15893402606569829
0.576086853706196 -> 0.5760868537061959
0.2419503882862548 -> 0.24195038828625481
0.976450288284682 -> 0.9764502882846821
0.001025464268034182 -> 0.0010254642680341819
0.2142631860635794 -> 0.21426318606357941
0.804818435669512 -> 0.8048184356695119
0.1435320397250648 -> 0.14353203972506479
0.0964831164242601 -> 0.09648311642426011
0.744015700407406 -> 0.7440157004074061
0.146873666810049 -> 0.14687366681004899
0.875390409079775 -> 0.8753904090797749
0.294607359805065 -> 0.29460735980506503
0.1553784929741686 -> 0.15537849297416861
0.54066665698527 -> 0.5406666569852701
0.995843046931914 -> 0.9958430469319141
0.595515081038201 -> 0.5955150810382011
0.593691353063659 -> 0.5936913530636591
0.69623857980178 -> 0.6962385798017801
0.2422040266438341 -> 0.24220402664383411
0.4363332911924169 -> 0.43633329119241693
0.2664429799615117 -> 0.26644297996151167
0.215654758778399 -> 0.21565475877839901
0.251241073485409 -> 0.25124107348540903
0.812662841919987 -> 0.8126628419199869
0.2560550395742551 -> 0.25605503957425513
0.06123454652618587 -> 0.061234546526185873
0.2620384747855454 -> 0.26203847478554543
0.983834822497965 -> 0.9838348224979649
0.65725188641658 -> 0.6572518864165799
0.940471413300559 -> 0.9404714133005589
0.2593650974700695 -> 0.25936509747006953
0.3186967519902765 -> 0.31869675199027647
0.2056519861145195 -> 0.20565198611451951
0.88819220984635 -> 0.8881922098463499
0.2065658394431341 -> 0.20656583944313411
0.2638551368942261 -> 0.26385513689422613
0.573935654427497 -> 0.5739356544274971
0.588345863536961 -> 0.5883458635369609
0.896543815562932 -> 0.8965438155629319
0.02536989154768521 -> 0.025369891547685208
0.741517802106404 -> 0.7415178021064039
0.64718837267821 -> 0.6471883726782101
0.2100007298119798 -> 0.21000072981197981
0.953274998776866 -> 0.9532749987768659
0.4102606290354536 -> 0.41026062903545357
0.675206478433585 -> 0.6752064784335849
0.694489293613267 -> 0.6944892936132669
0.1081923170606005 -> 0.10819231706060051
0.750484028964923 -> 0.7504840289649229
0.04274282726743606 -> 0.042742827267436057
0.05281580969339306 -> 0.052815809693393057
0.708291783549373 -> 0.7082917835493731
0.583621643685239 -> 0.5836216436852391
0.88850643981895 -> 0.8885064398189499
0.2021047076812338 -> 0.20210470768123379
0.2193525854827061 -> 0.21935258548270609
0.1753695267801718 -> 0.17536952678017181
0.796528841729435 -> 0.7965288417294351
0.362986347420687 -> 0.36298634742068703
0.927194895798579 -> 0.9271948957985791
0.1390222386647295 -> 0.13902223866472951
0.565751977115242 -> 0.5657519771152421
0.1658261677167817 -> 0.16582616771678171
0.01442105015416728 -> 0.014421050154167281
0.059399379861242 -> 0.059399379861241997
0.3382790012035298 -> 0.33827900120352983
0.720963523624433 -> 0.7209635236244329
0.800710382078687 -> 0.8007103820786871
0.4977327611727487 -> 0.49773276117274867
0.945592607064141 -> 0.9455926070641411
0.1173895907951421 -> 0.11738959079514211
0.1305585936213116 -> 0.13055859362131161
0.365052914283544 -> 0.36505291428354403
0.61467567293316 -> 0.6146756729331601
0.1962654448647735 -> 0.19626544486477349
0.2100388935494545 -> 0.21003889354945449
0.2878613607033568 -> 0.28786136070335677
0.0922170042355882 -> 0.09221700423558821
0.2704609181560719 -> 0.27046091815607187
0.627055171237552 -> 0.6270551712375519
0.03519975877003945 -> 0.035199758770039447
0.670007631041106 -> 0.6700076310411061
0.1781447756591268 -> 0.17814477565912679
0.3204142933532588 -> 0.32041429335325877
0.066358425379074 -> 0.06635842537907399
0.869423138970081 -> 0.8694231389700811
0.754848579188725 -> 0.7548485791887251
0.3650801884957873 -> 0.36508018849578727
0.524529003046803 -> 0.5245290030468031
0.2213445922461761 -> 0.22134459224617609
0.790656897139074 -> 0.7906568971390741
0.3130559898443597 -> 0.31305598984435967
0.916602876685849 -> 0.9166028766858491
0.7378181565336 -> 0.7378181565335999
0.551785933167456 -> 0.5517859331674561
0.873347579076239 -> 0.8733475790762389
0.4509711320941793 -> 0.45097113209417927
0.2599334039297235 -> 0.25993340392972353
0.3168463373438066 -> 0.31684633734380663
0.3962762873763436 -> 0.39627628737634357
0.2864792560494758 -> 0.28647925604947577
0.535566435274274 -> 0.5355664352742741
0.561667818613865 -> 0.5616678186138651
0.979589365194452 -> 0.9795893651944521
0.959922488608072 -> 0.9599224886080721
0.736685651599503 -> 0.7366856515995031
0.00908600448665453 -> 0.009086004486654531
0.2356781997094025 -> 0.23567819970940251
0.78115381915248 -> 0.7811538191524799
0.4695190796869603 -> 0.46951907968696027
0.1687154067146691 -> 0.16871540671466911
0.790551332823274 -> 0.7905513328232739
0.997301698012866 -> 0.9973016980128659
0.739392915689774 -> 0.7393929156897741
0.592917310098313 -> 0.5929173100983131
0.579658960101817 -> 0.5796589601018169
0.782614770421104 -> 0.7826147704211039
0.3791562072702718 -> 0.37915620727027177
0.0926762892904388 -> 0.09267628929043881
0.910706888596094 -> 0.9107068885960941
0.893612672749101 -> 0.8936126727491009
0.746783763771594 -> 0.7467837637715939
0.582971721108759 -> 0.5829717211087589
0.696934778503773 -> 0.6969347785037729
0.1474148753460819 -> 0.14741487534608189
0.87391973149037 -> 0.8739197314903701
0.873164521630237 -> 0.8731645216302369
0.2926487822810869 -> 0.29264878228108693
0.1158279265709573 -> 0.11582792657095731
0.782721003050941 -> 0.7827210030509411
0.789189513857323 -> 0.7891895138573231
0.2971023867603724 -> 0.29710238676037237
0.1029592483668701 -> 0.10295924836687009
0.832335466905123 -> 0.8323354669051229
0.1286612930080583 -> 0.12866129300805829
0.2220072852733911 -> 0.22200728527339109
0.559762043195907 -> 0.5597620431959071
0.511996308079327 -> 0.5119963080793269
0.501042372645014 -> 0.5010423726450139
0.1506910541341797 -> 0.15069105413417971
0.1524739815391115 -> 0.15247398153911151
0.513022572626119 -> 0.5130225726261189
0.587211314621433 -> 0.5872113146214329
0.813872256581677 -> 0.8138722565816769
0.559081722467414 -> 0.5590817224674141
0.4805083279948065 -> 0.48050832799480647
0.3198746984523754 -> 0.31987469845237537
0.81873026693084 -> 0.8187302669308399
0.1532943891259788 -> 0.15329438912597881
0.553687390953365 -> 0.5536873909533651
0.958681228648327 -> 0.9586812286483271
0.878450014633192 -> 0.8784500146331919
0.3336068671178333 -> 0.33360686711783327
0.04321366486947242 -> 0.043213664869472423
0.1110687010496808 -> 0.11106870104968081
0.1244660340141912 -> 0.12446603401419121
0.638570753045479 -> 0.6385707530454789
0.911961222676479 -> 0.9119612226764791
0.856212037549478 -> 0.8562120375494779
0.2059260746158562 -> 0.20592607461585621
0.768613903428153 -> 0.7686139034281529
0.04498746068507797 -> 0.044987460685077973
0.4598216798149313 -> 0.45982167981493127
0.02345932300567166 -> 0.023459323005671662
0.768669892923942 -> 0.7686698929239421
0.3090196111359024 -> 0.30901961113590237
0.829242565839237 -> 0.8292425658392369
0.3105468945463635 -> 0.31054689454636353
0.27663354687833 -> 0.27663354687832997
0.405994061294045 -> 0.40599406129404503
0.830744325311706 -> 0.8307443253117059
0.1439892938501003 -> 0.14398929385010029
0.2740839697128232 -> 0.27408396971282323
0.628366059000735 -> 0.6283660590007351
0.943624232785993 -> 0.9436242327859929
0.2646714525740613 -> 0.26467145257406133
0.823845518477687 -> 0.8238455184776871
0.901520411673638 -> 0.9015204116736379
0.760551040810098 -> 0.7605510408100979
0.849523052276905 -> 0.8495230522769051
0.3739649562528852 -> 0.37396495625288517
0.3983640136293847 -> 0.39836401362938467
0.3895024621656413 -> 0.38950246216564133
0.782094654601382 -> 0.7820946546013821
0.4608374548987412 -> 0.46083745489874117
0.826901573931139 -> 0.8269015739311389
0.4789852448183681 -> 0.47898524481836813
0.315412146520858 -> 0.31541214652085803
0.3697835250636963 -> 0.36978352506369627
0.536030409332308 -> 0.5360304093323081
0.717685061934696 -> 0.7176850619346959
0.971728689742897 -> 0.9717286897428969
0.1474030276753968 -> 0.14740302767539681
0.442840749884821 -> 0.44284074988482103
0.750570749545519 -> 0.7505707495455189
0.787916578666848 -> 0.7879165786668481
0.2106682884769948 -> 0.21066828847699481
0.3045489861140874 -> 0.30454898611408743
0.1424578256363528 -> 0.14245782563635279
0.258040257535848 -> 0.25804025753584803
0.938343106645323 -> 0.9383431066453231
0.2565880936217316 -> 0.25658809362173163
0.3802724973811136 -> 0.38027249738111357
0.1974427287334969 -> 0.19744272873349689
0.974414414819676 -> 0.9744144148196759
0.2171823130781423 -> 0.21718231307814229
0.707219075243466 -> 0.7072190752434661
0.2011078742822935 -> 0.20110787428229349
0.853125128768426 -> 0.8531251287684261
0.2155035512872122 -> 0.21550355128721221
0.1889629645618741 -> 0.18896296456187411
0.03927540772462201 -> 0.039275407724622013
0.2422304899768115 -> 0.24223048997681151
0.796988888126896 -> 0.7969888881268959
0.3958549048449648 -> 0.39585490484496477
0.821555164432134 -> 0.8215551644321341
0.03203592248756559 -> 0.032035922487565593
0.864421038184155 -> 0.8644210381841551
0.2404128920029278 -> 0.24041289200292781
0.05395795235601741 -> 0.053957952356017413
0.493340510337582 -> 0.49334051033758197
0.2622343422108597 -> 0.26223434221085973
0.2729490371565855 -> 0.27294903715658547
0.676080120902324 -> 0.6760801209023241
0.2049177882718589 -> 0.20491778827185891
0.840509427899993 -> 0.8405094278999929
0.4382554045029389 -> 0.43825540450293887
0.4555342836620975 -> 0.45553428366209747
0.977745587825189 -> 0.9777455878251891
0.984092871037965 -> 0.9840928710379649
0.2300724605387756 -> 0.23007246053877561
0.87729459161758 -> 0.8772945916175801
0.4748171136627444 -> 0.47481711366274437
0.683762291285613 -> 0.6837622912856131
0.2087118987483325 -> 0.20871189874833251
0.220460645599433 -> 0.22046064559943301
0.2631615188385866 -> 0.26316151883858663
0.2938718060612798 -> 0.29387180606127983
0.2993037512390124 -> 0.29930375123901243
0.1296143618255544 -> 0.12961436182555441
0.745130848065716 -> 0.7451308480657159
0.967451895695635 -> 0.9674518956956349
0.350958279075856 -> 0.35095827907585597
0.4169781486232709 -> 0.41697814862327087
0.04682964751433338 -> 0.046829647514333383
0.04233381552494608 -> 0.042333815524946083
0.1532559825679186 -> 0.15325598256791861
0.644369039209229 -> 0.6443690392092291
0.983828914471297 -> 0.9838289144712969
0.2465648604587969 -> 0.24656486045879689
0.075629057775505 -> 0.07562905777550499
0.4227869882574464 -> 0.42278698825744643
0.03183338734630781 -> 0.031833387346307807
0.4817831278801257 -> 0.48178312788012567
0.571387624638448 -> 0.5713876246384481
0.790140250358286 -> 0.7901402503582859
0.733560878201235 -> 0.7335608782012349
0.585501813481 -> 0.5855018134810001
0.578327404453645 -> 0.5783274044536451
0.985734667672789 -> 0.9857346676727889
0.394555569914498 -> 0.39455556991449803
0.884527666357733 -> 0.8845276663577329
0.925534189247118 -> 0.9255341892471181
0.2573184434135318 -> 0.25731844341353183
0.1852613110878608 -> 0.18526131108786081
0.816195428129945 -> 0.8161954281299451
0.2040238280666581 -> 0.20402382806665809
0.01600164826371764 -> 0.016001648263717638
0.553789107759387 -> 0.5537891077593869
0.564125209091975 -> 0.5641252090919751
0.2316389206086822 -> 0.23163892060868219
0.782892020342215 -> 0.7828920203422149
0.04600802206563415 -> 0.046008022065634147
0.2126135004219427 -> 0.21261350042194271
0.978892640285074 -> 0.9788926402850739
0.3021459622727867 -> 0.30214596227278667
0.4155017845743256 -> 0.41550178457432563
0.864104634532116 -> 0.8641046345321159
0.676717950395543 -> 0.6767179503955431
0.100611628144062 -> 0.10061162814406199
0.2880871730028777 -> 0.28808717300287767
0.2665053795880373 -> 0.26650537958803733
0.2682281091720429 -> 0.26822810917204287
0.04926035319533573 -> 0.049260353195335727
0.823990401914727 -> 0.8239904019147271
0.2479842026660143 -> 0.24798420266601429
0.97256195202529 -> 0.9725619520252901
0.2844189752446524 -> 0.28441897524465243
0.359773750699 -> 0.35977375069899997
0.604225258712002 -> 0.6042252587120019
0.4514281011610701 -> 0.45142810116107013
0.4543206368419134 -> 0.45432063684191337
0.04252275435410258 -> 0.042522754354102577
0.67531982860834 -> 0.6753198286083399
0.596839824573763 -> 0.5968398245737629
0.2591319829410553 -> 0.25913198294105533
0.925129444083509 -> 0.9251294440835089
0.603586865054138 -> 0.6035868650541381
0.3353115357599252 -> 0.33531153575992523
0.967169835463145 -> 0.9671698354631449
0.213813835337041 -> 0.21381383533704101
0.3935084892067022 -> 0.39350848920670223
0.4456373598974743 -> 0.44563735989747433
0.4174193230884298 -> 0.41741932308842977
0.4878918288579078 -> 0.48789182885790783
0.4883890692287641 -> 0.48838906922876413
0.769131707778759 -> 0.7691317077787591
0.769280636077808 -> 0.7692806360778081
0.816496309033167 -> 0.8164963090331669
0.626058390090451 -> 0.6260583900904509
0.0848929724250247 -> 0.08489297242502469
0.741504845908109 -> 0.7415048459081089
0.552955750740662 -> 0.5529557507406621
0.629362678043835 -> 0.6293626780438351
0.836062250253438 -> 0.8360622502534381
0.818782778293003 -> 0.8187827782930031
0.846415876671126 -> 0.8464158766711261
0.539257689005676 -> 0.5392576890056761
0.1921225472842054 -> 0.19212254728420541
0.629496130567681 -> 0.6294961305676809
0.769680696611241 -> 0.7696806966112411
0.4302649162839218 -> 0.43026491628392183
0.03654835227828113 -> 0.036548352278281127
0.698869416989434 -> 0.6988694169894339
0.4235243842862009 -> 0.42352438428620087
0.66359475148746 -> 0.6635947514874601
0.3934241464682319 -> 0.39342414646823187
0.912301780597292 -> 0.9123017805972919
0.841849629347799 -> 0.8418496293477989
0.908549257310656 -> 0.9085492573106561
0.949092565242802 -> 0.9490925652428021
0.90478179836125 -> 0.9047817983612499
0.718080978926877 -> 0.7180809789268769
0.807154634190622 -> 0.8071546341906219
0.05013282048161238 -> 0.050132820481612383
0.3121978910667009 -> 0.31219789106670093
0.898615464199434 -> 0.8986154641994341
0.4345261907327507 -> 0.43452619073275067
0.2042159909946447 -> 0.20421599099464471
0.4342343120491233 -> 0.43423431204912333
0.832358006343835 -> 0.8323580063438351
0.694088230624545 -> 0.6940882306245451
0.520435674543478 -> 0.5204356745434781
0.3805452804360899 -> 0.38054528043608993
0.869774148469941 -> 0.8697741484699411
0.4226883843497172 -> 0.42268838434971723
0.4583403555150872 -> 0.45834035551508723
0.75974230071137 -> 0.7597423007113701
0.670919633950187 -> 0.6709196339501871
0.696768243525066 -> 0.6967682435250659
0.4206249365115243 -> 0.42062493651152433
0.1280847034286864 -> 0.12808470342868639
0.367348452046349 -> 0.36734845204634903
0.4243001611073349 -> 0.42430016110733493
0.231055267907622 -> 0.23105526790762199
0.1035922404590588 -> 0.10359224045905879
0.743536364010077 -> 0.7435363640100771
0.2840143442981444 -> 0.28401434429814443
0.0325866634947054 -> 0.032586663494705403
0.606621715768559 -> 0.6066217157685589
0.2107848881925488 -> 0.21078488819254881
0.538536682913553 -> 0.5385366829135531
0.3649109645044952 -> 0.36491096450449523
0.1568661949620863 -> 0.15686619496208631
0.88731918754222 -> 0.8873191875422199
0.1363475528083853 -> 0.13634755280838529
0.1936647945457073 -> 0.19366479454570729
0.978588438687577 -> 0.9785884386875769
0.941393340180325 -> 0.9413933401803249
0.4601651023447694 -> 0.46016510234476937
0.2522230687805255 -> 0.25222306878052547
0.824968526237082 -> 0.8249685262370819
0.931793708491715 -> 0.9317937084917149
0.790615267622161 -> 0.7906152676221611
0.505124243823245 -> 0.5051242438232449
0.2663142116078068 -> 0.26631421160780677
0.1994347693877805 -> 0.19943476938778049
0.739345532598568 -> 0.7393455325985679
0.724445977297901 -> 0.7244459772979009
0.577450283600004 -> 0.5774502836000041
0.3314241778384657 -> 0.33142417783846567
0.2464033276631621 -> 0.24640332766316209
0.132127125691597 -> 0.13212712569159701
0.897257188431899 -> 0.8972571884318991
0.522946675903669 -> 0.5229466759036689
0.624319474661648 -> 0.6243194746616481
0.3745628757574265 -> 0.37456287575742653
0.619202295096485 -> 0.6192022950964849
0.4653209123949337 -> 0.46532091239493367
0.861963683023728 -> 0.8619636830237279
0.01493776813830927 -> 0.014937768138309271
0.2370515675632031 -> 0.23705156756320311
0.3869723034242811 -> 0.38697230342428113
0.2070004466862886 -> 0.20700044668628859
0.570853598488475 -> 0.5708535984884749
0.753087099645739 -> 0.7530870996457391
0.954606996038528 -> 0.9546069960385281
0.05715765037582499 -> 0.057157650375824987
0.0763358197902353 -> 0.07633581979023529
0.970987997097778 -> 0.9709879970977781
0.790529481939167 -> 0.7905294819391669
0.604687217224606 -> 0.6046872172246061
0.4277556589741143 -> 0.42775565897411427
0.2160610373842866 -> 0.21606103738428661
0.075579882491415 -> 0.07557988249141501
0.83231819347357 -> 0.8323181934735699
0.063434364070997 -> 0.06343436407099701
0.1680283940140158 -> 0.16802839401401581
0.3843360863280674 -> 0.38433608632806737
0.869898970689508 -> 0.8698989706895081
0.1328262889176305 -> 0.13282628891763049
0.660353780944613 -> 0.6603537809446129
0.774798300637283 -> 0.7747983006372831
0.1643377586590722 -> 0.16433775865907219
0.04941398485215431 -> 0.049413984852154313
0.3821441912668537 -> 0.38214419126685373
0.2422689957124846 -> 0.24226899571248461
0.7922930592454 -> 0.7922930592454001
0.3282413868068009 -> 0.32824138680680093
0.2391397574471852 -> 0.23913975744718519
0.925399909168863 -> 0.9253999091688631
0.824391414791041 -> 0.8243914147910411
0.869222202466228 -> 0.8692222024662281
0.3186743742963212 -> 0.31867437429632117
0.65838418062845 -> 0.6583841806284501
0.815891073825947 -> 0.8158910738259471
0.2140495845970284 -> 0.21404958459702839
0.1388041979822041 -> 0.13880419798220411
0.1458265907810362 -> 0.14582659078103621
0.657112404519338 -> 0.6571124045193379
0.3721824873273126 -> 0.37218248732731263
0.1364952985985841 -> 0.13649529859858411
0.2096882853270121 -> 0.20968828532701211
0.558860181067452 -> 0.5588601810674521
0.683473479546509 -> 0.6834734795465091
0.627233243328918 -> 0.6272332433289181
0.583322208278026 -> 0.5833222082780261
0.628882819781656 -> 0.6288828197816561
0.679197672816441 -> 0.6791976728164409
0.873693732652777 -> 0.8736937326527771
0.703753204430626 -> 0.7037532044306259
0.4546955078429816 -> 0.45469550784298163
0.4629792018295458 -> 0.46297920182954577
0.688437421143479 -> 0.6884374211434789
0.839012675261189 -> 0.8390126752611889
0.3870792197605398 -> 0.38707921976053983
0.004617146896352176 -> 0.0046171468963521756
0.531719199688583 -> 0.5317191996885831
0.02959900679391325 -> 0.029599006793913252
0.05663102965783939 -> 0.056631029657839393
0.525298193723092 -> 0.5252981937230921
0.531846646957641 -> 0.5318466469576409
0.0215618460935576 -> 0.021561846093557602
0.885325894193217 -> 0.8853258941932169
0.646460907447374 -> 0.6464609074473739
0.2477548845592248 -> 0.24775488455922479
0.4161477750543289 -> 0.41614777505432887
0.52079311828864 -> 0.5207931182886399
0.656052451337997 -> 0.6560524513379969
0.581966585802767 -> 0.5819665858027669
0.677526012814264 -> 0.6775260128142639
0.661166067394446 -> 0.6611660673944461
0.740063861607064 -> 0.7400638616070641
0.893040726399356 -> 0.8930407263993561
0.899784565863676 -> 0.8997845658636759
0.687425979853378 -> 0.6874259798533781
0.821750848005459 -> 0.8217508480054589
0.835024024506897 -> 0.8350240245068969
0.757973161479432 -> 0.7579731614794319
0.0605035585521192 -> 0.060503558552119197
0.3632375172914937 -> 0.36323751729149367
0.4586080946686171 -> 0.45860809466861707
0.4514060426420132 -> 0.45140604264201323
0.0985115076691555 -> 0.09851150766915551
0.816216014686377 -> 0.8162160146863769
0.2082573600377675 -> 0.20825736003776751
0.902979984409156 -> 0.9029799844091559
0.938435671699898 -> 0.9384356716998981
0.1331214898785925 -> 0.13312148987859251
0.3872504744134109 -> 0.38725047441341087
0.3718471660395056 -> 0.37184716603950563
0.3104200903685502 -> 0.31042009036855023
0.953976001220531 -> 0.9539760012205309
0.94385625342717 -> 0.9438562534271701
0.76419348578106 -> 0.7641934857810599
0.914295559879232 -> 0.9142955598792319
0.1732716124326973 -> 0.17327161243269729
0.530288802715079 -> 0.5302888027150791
0.1669326578538083 -> 0.16693265785380829
0.3190189848041525 -> 0.31901898480415247
0.2044783266639877 -> 0.20447832666398769
0.2980093467630269 -> 0.29800934676302693
0.816767375191014 -> 0.8167673751910139
0.0750621720393937 -> 0.07506217203939369
0.0637076800859896 -> 0.06370768008598959
0.01879421660404401 -> 0.018794216604044012
0.1861497345031876 -> 0.18614973450318761
0.584227499310706 -> 0.5842274993107061
0.904333360966666 -> 0.9043333609666659
0.4489059626698437 -> 0.44890596266984373
0.005297100915161002 -> 0.0052971009151610016
0.889959134550038 -> 0.8899591345500379
0.06102248001146637 -> 0.061022480011466373
0.771433058825786 -> 0.7714330588257861
0.4082120394863821 -> 0.40821203948638207
0.2730765661900523 -> 0.27307656619005227
0.02311856356373365 -> 0.023118563563733652
0.706835953754474 -> 0.7068359537544739
0.888053937430272 -> 0.8880539374302719
0.561775944962633 -> 0.5617759449626329
0.2215104172150444 -> 0.22151041721504439
0.244238912810139 -> 0.24423891281013899
0.745282390647588 -> 0.7452823906475879
0.4665880282086802 -> 0.46658802820868017
0.552701502009529 -> 0.5527015020095291
0.3918875351756754 -> 0.39188753517567543
0.549768330472652 -> 0.5497683304726519
0.727438775942644 -> 0.7274387759426439
0.2481941362663279 -> 0.24819413626632791
0.4120859738854665 -> 0.41208597388546653
0.574995108643024 -> 0.5749951086430241
0.155360396324267 -> 0.15536039632426701
0.4934905807301809 -> 0.49349058073018093
0.3179430772795728 -> 0.31794307727957283
0.1530583642331277 -> 0.15305836423312769
0.683187983207659 -> 0.6831879832076591
0.640796235375584 -> 0.6407962353755839
0.452751826727501 -> 0.45275182672750103
0.1629608342845731 -> 0.16296083428457309
0.873432221929274 -> 0.8734322219292741
0.1852045491532298 -> 0.18520454915322981
0.1844685144256588 -> 0.18446851442565881
0.01660066112469827 -> 0.016600661124698268
6.8178837907662E-5 -> 6.817883790766199E-5
0.2162722517633794 -> 0.21627225176337939
0.3271935110476413 -> 0.32719351104764127
0.834377515802531 -> 0.8343775158025309
0.930608691759438 -> 0.9306086917594379
0.1654881657159364 -> 0.16548816571593639
0.907037173387717 -> 0.9070371733877171
0.773146281838408 -> 0.7731462818384079
0.3486116713129708 -> 0.34861167131297077
0.2551622266237559 -> 0.25516222662375587
0.912766629211822 -> 0.9127666292118219
0.3350989983868847 -> 0.33509899838688473
0.901875798773699 -> 0.9018757987736989
0.965916658860763 -> 0.9659166588607631
0.5722235094109 -> 0.5722235094109001
0.582378290016417 -> 0.5823782900164171
0.1330009613985388 -> 0.13300096139853879
0.655898873431286 -> 0.6558988734312859
0.1009052981923848 -> 0.10090529819238481
0.789724845121968 -> 0.7897248451219681
0.902036182751561 -> 0.9020361827515611
0.04909597445994884 -> 0.049095974459948843
0.590640534808549 -> 0.5906405348085489
0.00811603613201095 -> 0.008116036132010951
0.3996946442260568 -> 0.39969464422605683
0.969830019192157 -> 0.9698300191921569
0.2714758844177316 -> 0.27147588441773163
0.2727939348544344 -> 0.27279393485443437
0.603849195526381 -> 0.6038491955263811
0.853380837664865 -> 0.8533808376648651
0.3377235265471559 -> 0.33772352654715587
0.1505779991959698 -> 0.15057799919596981
0.3328732253046153 -> 0.33287322530461527
0.628181756629068 -> 0.6281817566290681
0.771787502703632 -> 0.7717875027036319
0.4111402444974879 -> 0.41114024449748787
0.1443640480651288 -> 0.14436404806512881
0.0790511580612605 -> 0.07905115806126051
0.947887094117217 -> 0.9478870941172171
0.1263011842408822 -> 0.12630118424088221
0.1921202191623924 -> 0.19212021916239241
0.975249007462272 -> 0.9752490074622721
0.2972591048132531 -> 0.29725910481325313
0.01001398728326064 -> 0.010013987283260639
0.661805097826555 -> 0.6618050978265551
0.2453022708547795 -> 0.24530227085477951
0.1843091616871846 -> 0.18430916168718459
0.35471373882144 -> 0.35471373882143997
0.763308012291741 -> 0.7633080122917409
0.545200898783957 -> 0.5452008987839571
0.675169552887183 -> 0.6751695528871831
0.732182353857112 -> 0.7321823538571119
0.614179442868032 -> 0.6141794428680321
0.702522827022036 -> 0.7025228270220359
0.713797639415995 -> 0.7137976394159951
0.3623121421115231 -> 0.36231214211152307
0.8999273663215 -> 0.8999273663215001
0.71152212086312 -> 0.7115221208631199
0.871133612302811 -> 0.8711336123028109
0.665297883325424 -> 0.6652978833254241
0.2561892156517038 -> 0.25618921565170383
0.978250157015707 -> 0.9782501570157069
0.1023627649974772 -> 0.10236276499747721
0.90195225111117 -> 0.9019522511111699
0.1794192079652457 -> 0.17941920796524569
0.4610102556781909 -> 0.46101025567819087
0.02563600293421253 -> 0.025636002934212532
0.238658999055696 -> 0.23865899905569599
0.4844286043477046 -> 0.48442860434770463
0.981700887375413 -> 0.9817008873754129
0.535628737832683 -> 0.5356287378326831
0.0915637522462125 -> 0.09156375224621249
0.924567647525462 -> 0.9245676475254621
0.3441201579722796 -> 0.34412015797227957
0.965807572529295 -> 0.9658075725292951
0.752130261443199 -> 0.7521302614431991
0.472165864535009 -> 0.47216586453500897
0.1320883923886743 -> 0.13208839238867431
0.189420698288969 -> 0.18942069828896901
0.724491176894902 -> 0.7244911768949019
0.178602777736262 -> 0.17860277773626199
0.1889237878464365 -> 0.18892378784643649
0.600140836141625 -> 0.6001408361416249
0.772241479380883 -> 0.7722414793808829
0.3187505583756923 -> 0.31875055837569233
0.852512827466473 -> 0.8525128274664731
0.756310333606175 -> 0.7563103336061749
0.558137755471176 -> 0.5581377554711759
0.2504321713800228 -> 0.25043217138002283
0.991587316912173 -> 0.9915873169121729
0.3395068690185922 -> 0.33950686901859217
0.2298765877112494 -> 0.22987658771124941
0.945811422350399 -> 0.9458114223503989
0.635625124999252 -> 0.6356251249992519
0.197732461767803 -> 0.19773246176780301
0.1776618965494592 -> 0.17766189654945919
0.963522222613377 -> 0.9635222226133771
0.656125114725781 -> 0.6561251147257809
0.2304722250465603 -> 0.23047222504656029
0.545326916461569 -> 0.5453269164615689
0.1252557920758922 -> 0.12525579207589221
0.2665564391072687 -> 0.26655643910726867
0.886583561910467 -> 0.8865835619104671
0.582516018330898 -> 0.5825160183308981
0.935834005437923 -> 0.9358340054379231
0.2319207553261491 -> 0.23192075532614909
0.652530625928537 -> 0.6525306259285369
0.456752888072016 -> 0.45675288807201597
0.1422270543655587 -> 0.14222705436555871
0.978164890244342 -> 0.9781648902443419
0.65418568814743 -> 0.6541856881474299
0.918629238499515 -> 0.9186292384995151
0.3663803920484415 -> 0.36638039204844153
0.3203252393875268 -> 0.32032523938752677
0.859582374984108 -> 0.8595823749841081
0.790623546049324 -> 0.7906235460493241
0.1589715916166866 -> 0.15897159161668661
0.874379376690471 -> 0.8743793766904711
0.648698071916121 -> 0.6486980719161211
0.457789296254243 -> 0.45778929625424303
0.2694062940106908 -> 0.26940629401069083
0.05417294810790119 -> 0.054172948107901187
0.3912826563784986 -> 0.39128265637849857
0.03518825887375698 -> 0.035188258873756983
0.715105705025117 -> 0.7151057050251171
0.9783663135565 -> 0.9783663135564999
0.4580763139119923 -> 0.45807631391199233
0.3469816936842193 -> 0.34698169368421927
0.4407351220709744 -> 0.44073512207097443
0.565857488144414 -> 0.5658574881444139
0.596371506826399 -> 0.5963715068263989
0.930522710533843 -> 0.9305227105338429
0.2341433923923638 -> 0.23414339239236381
0.784981454526611 -> 0.7849814545266111
0.03709917647429695 -> 0.037099176474296947
0.712028218377805 -> 0.7120282183778049
0.898385700435751 -> 0.8983857004357509
0.99763792168505 -> 0.9976379216850501
0.0831357900214671 -> 0.08313579002146709
0.1365509793731534 -> 0.13655097937315341
0.928283254506236 -> 0.9282832545062361
0.654735903843153 -> 0.6547359038431531
0.615418938193456 -> 0.6154189381934561
0.646923695501953 -> 0.6469236955019531
0.73235798306173 -> 0.7323579830617299
0.795349151434599 -> 0.7953491514345991
0.680901226353055 -> 0.6809012263530549
0.894418999912238 -> 0.8944189999122381
0.1413090781482398 -> 0.14130907814823979
0.97283961611816 -> 0.9728396161181601
0.1622143246312754 -> 0.16221432463127539
0.819968689573011 -> 0.8199686895730109
0.2418130339303005 -> 0.24181303393030051
0.3409267610110642 -> 0.34092676101106423
0.2303188980764138 -> 0.23031889807641381
0.589118242965951 -> 0.5891182429659509
0.2408197419758593 -> 0.24081974197585931
0.2365530878823736 -> 0.23655308788237361
0.524698588686834 -> 0.5246985886868341
0.1999366944794604 -> 0.19993669447946039
0.642238621584933 -> 0.6422386215849329
0.392783572162722 -> 0.39278357216272197
0.3011049601464795 -> 0.30110496014647947
0.607165376336605 -> 0.6071653763366049
0.3284601568451678 -> 0.32846015684516783
0.68995356362943 -> 0.6899535636294299
0.426306759962956 -> 0.42630675996295597
0.2724339405798544 -> 0.27243394057985437
0.0437734722608587 -> 0.043773472260858703
0.1972787661370453 -> 0.19727876613704531
0.755235033261138 -> 0.7552350332611379
0.231519559243636 -> 0.23151955924363599
0.3846984836304361 -> 0.38469848363043613
0.397076778750553 -> 0.39707677875055303
0.1633572914131005 -> 0.16335729141310051
0.3590345106935455 -> 0.35903451069354553
0.387301450016762 -> 0.38730145001676197
0.41084266084071 -> 0.41084266084070997
0.806863236806521 -> 0.8068632368065209
0.2329649364857138 -> 0.23296493648571381
0.4385769232993805 -> 0.43857692329938047
0.3498300721485956 -> 0.34983007214859563
0.919084032701247 -> 0.9190840327012469
0.788591538630458 -> 0.7885915386304581
0.0869177938413963 -> 0.08691779384139631
0.4449318399670322 -> 0.44493183996703223
0.821447514597966 -> 0.8214475145979661
0.1770408099866113 -> 0.17704080998661131
0.006736510512698191 -> 0.0067365105126981906
0.688009957355529 -> 0.6880099573555289
0.4728746402132116 -> 0.47287464021321157
0.424097357963478 -> 0.42409735796347803
0.828903637261102 -> 0.8289036372611021
0.568669171058862 -> 0.5686691710588621
0.94451375020278 -> 0.9445137502027799
0.959636136263813 -> 0.9596361362638131
0.945426313783646 -> 0.9454263137836461
0.098196432730015 -> 0.09819643273001499
0.4059042975125218 -> 0.40590429751252177
0.920962379175085 -> 0.9209623791750851
0.669817894397225 -> 0.6698178943972251
0.83874145688592 -> 0.8387414568859199
0.4114267028723885 -> 0.41142670287238847
0.3682283080431277 -> 0.36822830804312767
0.764393344444598 -> 0.7643933444445981
0.502743915919244 -> 0.5027439159192441
0.2106376985121272 -> 0.21063769851212721
0.04414629356561783 -> 0.044146293565617833
0.2472970249976605 -> 0.24729702499766049
0.139863772890766 -> 0.13986377289076601
0.4479433671175789 -> 0.44794336711757887
0.01081007068413642 -> 0.010810070684136419
0.71908911170591 -> 0.7190891117059099
0.847775488649608 -> 0.8477754886496079
0.679113054429134 -> 0.6791130544291341
0.1958474938522934 -> 0.19584749385229339
0.2776148079844242 -> 0.27761480798442417
0.1705959520632956 -> 0.17059595206329559
0.1967824976737894 -> 0.19678249767378941
0.3138197683178163 -> 0.31381976831781633
0.3867489541159638 -> 0.38674895411596377
0.857889253459376 -> 0.8578892534593761
0.1771939636161005 -> 0.17719396361610051
0.981627648819206 -> 0.9816276488192059
0.4216233667491254 -> 0.42162336674912537
0.684456578396824 -> 0.6844565783968239
0.1704062678925682 -> 0.17040626789256819
0.848446127792505 -> 0.8484461277925049
0.4968951756082505 -> 0.49689517560825047
0.2688852228026474 -> 0.26888522280264737
0.686693840774038 -> 0.6866938407740379
0.2531721778684419 -> 0.25317217786844193
0.751536095613693 -> 0.7515360956136929
0.1402456217673166 -> 0.14024562176731659
0.1585124836843015 -> 0.15851248368430149
0.250643708808547 -> 0.25064370880854703
0.682252299181277 -> 0.6822522991812771
0.97534334875973 -> 0.9753433487597299
0.1747270807143151 -> 0.17472708071431509
0.553306751705471 -> 0.5533067517054709
0.589465327661228 -> 0.5894653276612279
0.643421704688314 -> 0.6434217046883139
0.0761440798885945 -> 0.07614407988859451
0.967390692081393 -> 0.9673906920813931
0.729369881794316 -> 0.7293698817943161
0.4604186459714322 -> 0.46041864597143223
0.943862675119368 -> 0.9438626751193681
0.537741042908291 -> 0.5377410429082909
0.897793424626879 -> 0.8977934246268791
0.4988204333112152 -> 0.49882043331121517
0.621960922345348 -> 0.6219609223453481
0.830807659804845 -> 0.8308076598048449
0.4658748081664911 -> 0.46587480816649107
0.461748415841123 -> 0.46174841584112303
0.2465354788496361 -> 0.24653547884963611
0.1753274965406766 -> 0.17532749654067659
0.3702920897353634 -> 0.37029208973536343
0.980699229664103 -> 0.9806992296641029
0.588799201220155 -> 0.5887992012201551
0.507337507410555 -> 0.5073375074105551
0.3093346061880691 -> 0.30933460618806907
0.807227902776882 -> 0.8072279027768819
0.929918347177283 -> 0.9299183471772829
0.2784235081604646 -> 0.27842350816046457
0.874156303534043 -> 0.8741563035340431
0.531817945833785 -> 0.5318179458337851
0.805917312191266 -> 0.8059173121912661
0.4119276678715105 -> 0.41192766787151047
0.745629759717439 -> 0.7456297597174389
0.635617192184808 -> 0.6356171921848081
0.587907466200633 -> 0.5879074662006331
0.702224758966078 -> 0.7022247589660781
0.97208878597317 -> 0.9720887859731701
0.1723137598258455 -> 0.17231375982584551
0.781656299401498 -> 0.7816562994014979
0.083416677661442 -> 0.08341667766144201
0.03907112796454126 -> 0.039071127964541263
0.995811770399259 -> 0.9958117703992591
0.1758658149580795 -> 0.17586581495807951
0.02898785123474301 -> 0.028987851234743012
0.2164831741763278 -> 0.21648317417632779
0.849867727309012 -> 0.8498677273090121
0.512225964930694 -> 0.5122259649306941
0.4236947391833151 -> 0.42369473918331513
0.767066710739085 -> 0.7670667107390849
0.587091725073768 -> 0.5870917250737679
0.03951642218948603 -> 0.039516422189486033
0.4416045989606249 -> 0.44160459896062487
0.588075264400094 -> 0.5880752644000941
0.4396654869650857 -> 0.43966548696508567
0.565532412233338 -> 0.5655324122333381
0.4580674943702919 -> 0.45806749437029193
0.885798163654893 -> 0.8857981636548929
0.646088574533699 -> 0.6460885745336989
0.02975748137990686 -> 0.029757481379906858
0.4500402008405123 -> 0.45004020084051233
0.564141187539347 -> 0.5641411875393471
0.381287392748449 -> 0.38128739274844903
0.4643882859272149 -> 0.46438828592721493
0.96538013648505 -> 0.9653801364850501
0.310116250397762 -> 0.31011625039776203
0.2620222427279221 -> 0.26202224272792207
0.163985718574837 -> 0.16398571857483701
0.869005010078508 -> 0.8690050100785079
0.859190667928384 -> 0.8591906679283841
0.1811422485131957 -> 0.18114224851319571
0.528057390103919 -> 0.5280573901039191
0.04508717408247764 -> 0.045087174082477643
0.731671237866724 -> 0.7316712378667239
0.804551350494285 -> 0.8045513504942849
0.708116133202566 -> 0.7081161332025659
0.4700261903145663 -> 0.47002619031456627
0.755190419968019 -> 0.7551904199680191
0.793063829464906 -> 0.7930638294649059
0.3046585949034675 -> 0.30465859490346747
0.2357548346270779 -> 0.23575483462707791
0.701621084066889 -> 0.7016210840668889
0.873652437376988 -> 0.8736524373769879
0.706963591817726 -> 0.7069635918177259
0.783209378599729 -> 0.7832093785997289
0.2622286125873384 -> 0.26222861258733843
0.2599994150399699 -> 0.25999941503996993
0.760903597713183 -> 0.7609035977131831
0.1312964542414954 -> 0.13129645424149539
0.665855909654194 -> 0.6658559096541939
0.1969482200127569 -> 0.19694822001275691
0.4827721375420507 -> 0.48277213754205073
0.983541937231106 -> 0.9835419372311059
diff type $, left class java.util.Collections$SingletonMap, right class java.util.Collections$EmptyMap
diff map size $, left 1, right 0, com.alibaba.fastjson2.JSONObject
diff collection size $, left 1, right 0
diff collection size $, left 0, right 1
diff value $, left abc, right aac
diff type $.a, right is null, left class class java.lang.String
diff map $, java.util.Collections$SingletonMap
diff value $, left 1, right 2
diff value $.id, left 1, right 2
diff object $, class null
diff value $.value, left a, right b
diff object $, class null
diff value $.value, left ab, right b
diff object $, class null
diff value $.value, left ab, right ac
diff object $, class null
diff type $.value, right is null, left class class java.lang.String
diff object $, class null
diff type $.value, left is null, right class class java.lang.String
diff object $, class null
diff compare $, class jrt:/java.base/java/lang/String.class
diff array compare $, class null
diff sortedMap compare map $, class jrt:/java.base/java/util/LinkedHashMap.class
diff compare $, class null
d00000c00004e
78
12
13
{1},
{10},
{100},
{1000},
{10000},
{100000},
{1000000},
{10000000},
{100000000},
{1000000000},
{2, 1410065408},
{23, 1215752192},
{232, -727379968},
{2328, 1316134912},
{23283, 276447232},
{232830, -1530494976},
{2328306, 1874919424},
{23283064, 1569325056},
{232830643, -1486618624},
{-1966660860, -1981284352},
{5, 1808227885, 1661992960},
{54, 902409669, -559939584},
{542, 434162106, -1304428544},
{5421, 46653770, -159383552},
{54210, 466537709, -1593835520},
{542101, 370409800, 1241513984},
{5421010, -590869294, -469762048},
{54210108, -1613725636, -402653184},
{542101086, 1042612833, 268435456},
{1, 1126043566, 1836193738, -1610612736},
{12, -1624466224, 1182068202, 1073741824},
{126, 935206946, -1064219866, -2147483648},
{1262, 762134875, -2052264063, 0},
{12621, -968585837, 952195850, 0},
{126217, -1095923776, 932023908, 0},
{1262177, 1925664130, 730304488, 0},
{12621774, 2076772117, -1286889712, 0},
{126217744, -707115303, 16004768, 0},
{1262177448, 1518781562, 160047680, 0},
{2, -263127405, -1992053564, 1600476800, 0},
{29, 1663693251, 1554300843, -1175101184, 0},
{293, -542936671, -1636860747, 1133890048, 0},
{2938, -1134399408, 811261716, -1546001408, 0},
{29387, 1540907809, -477317426, 1719855104, 0},
{293873, -1770791086, -478206960, 18681856, 0},
{2938735, -528041668, -487102304, 186818560, 0},
{29387358, -985449376, -576055744, 1868185600, 0},
{293873587, -1264559160, -1465590140, 1501986816, 0},
{-1356231419, 239310294, -1770999509, 2134966272, 0},
{6, -677412302, -1901864351, -530125902, -125173760, 0},
{68, 1815811577, -1838774318, -1006291715, -1251737600, 0},
{684, 978246591, -1207873989, -1472982551, 367525888, 0},
{6842, 1192531325, 806162004, -1844923622, -619708416, 0},
{68422, -959588637, -528314547, -1269367028, -1902116864, 0},
{684227, -1005951770, -988178167, 191231613, -1841299456, 0},
{6842277, -1469583101, -1291847078, 1912316135, -1233125376, 0},
{68422776, -1810929116, -33568888, 1943292173, 553648128, 0},
{684227765, -929421967, -335688876, -2041914749, 1241513984, 0},
{1, -1747656935, -704285069, 938078541, 1055688992, -469762048, 0},
{15, -296700158, 1547083904, 790850820, 1966955336, -402653184, 0},
{159, 1327965719, -1709030143, -681426388, -1805283111, 268435456, 0},
{1593, 394755308, 89567762, 1775670717, -872961926, -1610612736, 0},
{15930, -347414216, 895677624, 576837993, -139684662, 1073741824, 0},
{159309, 820825138, 366841649, 1473412643, -1396846618, -2147483648, 0},
{
	"@type":"com.google.common.collect.SingletonImmutableBiMap",
	"k1":1
}
{
	"@type":"com.google.common.collect.SingletonImmutableBiMap",
	"k1":1
}
0xF 1111
0xF0 11110000
0x601100000

0	48	110000	3	0	18	0	0
1	49	110001	3	1	18	0	1
2	50	110010	3	2	18	0	2
3	51	110011	3	3	18	0	3
4	52	110100	3	4	18	0	4
5	53	110101	3	5	18	0	5
6	54	110110	3	6	18	0	6
7	55	110111	3	7	18	0	7
8	56	111000	3	8	18	0	8
9	57	111001	3	9	18	0	9
a	97	1100001	6	1	30	a	b
b	98	1100010	6	2	30	a	c
c	99	1100011	6	3	30	a	d
d	100	1100100	6	4	30	a	e
e	101	1100101	6	5	30	a	f
f	102	1100110	6	6	30	a	10
A	65	1000001	4	1	20	a	b
B	66	1000010	4	2	20	a	c
C	67	1000011	4	3	20	a	d
D	68	1000100	4	4	20	a	e
E	69	1000101	4	5	20	a	f
F	70	1000110	4	6	20	a	10
0xF 1111
0xF0 11110000
0x601100000

0 110000 & 11110000 = 110000
1 110001 & 11110000 = 110000
2 110010 & 11110000 = 110000
3 110011 & 11110000 = 110000
4 110100 & 11110000 = 110000
5 110101 & 11110000 = 110000
6 110110 & 11110000 = 110000
7 110111 & 11110000 = 110000
8 111000 & 11110000 = 110000
9 111001 & 11110000 = 110000

0 ((110000) & 1111 + 1100000) & 11110000 = 1100000
1 ((110001) & 1111 + 1100000) & 11110000 = 1100000
2 ((110010) & 1111 + 1100000) & 11110000 = 1100000
3 ((110011) & 1111 + 1100000) & 11110000 = 1100000
4 ((110100) & 1111 + 1100000) & 11110000 = 1100000
5 ((110101) & 1111 + 1100000) & 11110000 = 1100000
6 ((110110) & 1111 + 1100000) & 11110000 = 1100000
7 ((110111) & 1111 + 1100000) & 11110000 = 1100000
8 ((111000) & 1111 + 1100000) & 11110000 = 1100000
9 ((111001) & 1111 + 1100000) & 11110000 = 1100000
0.055664062 -> 0.055664063
0.29882812 -> 0.29882813
0.43945312 -> 0.43945313
0.23632812 -> 0.23632813
0.25976562 -> 0.25976563
0.41601562 -> 0.41601563
0.043945312 -> 0.043945313
0.38476562 -> 0.38476563
4.7683716E-7 -> 4.76837158E-7
0.22070312 -> 0.22070313
{"id":1001,"org":{"id":2001}}
{
	"@type":"java.nio.HeapByteBuffer",
	"@value":[
		1,
		2,
		3
	]
}
{
	"v0000":100.0
}
{
	"v0000":100
}
{
	"id":100
}
{
	"v0000":100
}
{
	"v0000":1234567890
}
{
	"id":"51886523-521b-4c91-be65-7850fc194aa5"
}
{
	"id":100
}
{
	"v0000":100.0
}
{
	"v0000":100
}
{
	"v0000":1234567890
}
{
	"@type":"com.alibaba.fastjson2.issues_1600.Issue1624$Bean1#0",
	"@value":{
		"id":123
	}
}
[34,0,0,0,0,0,0,0,0,0,0,0,16]
{
	"@type":"com.alibaba.fastjson2_vo.Int1#0",
	"@value":{}
}
{}
17
{
	"id":"01234567890ABCDE01234567890ABCDE01234567890ABCDE01234567890ABCDE01234567890ABCDE",
	"v0":1,
	"v1":{},
	"v2":{},
	"v3":[
		1,
		2,
		3,
		4,
		5,
		6,
		7,
		8,
		9,
		0,
		1,
		2,
		3,
		4,
		5,
		6,
		7,
		8,
		9,
		0,
		"A",
		"B",
		"C",
		"D",
		"E",
		"F"
	]
}
[
	{
		"n234#0":13
	},
	{
		"#0":14
	},
	{
		"#0":15
	}
]
{
	"#-1":1,
	"#-2":"DataWorks"
}
jsonb size : 131
{"id":123456789,"v0":"123","v1":123456789012345678,"v2":123456789012345678901234567890,"v3":123.45,"v4":1230000.0,"v5":"abcdefg","v7":"null","v8":true,"v9":false,"v10":{"val":123},"v11":{},"v12":[1234],"v13":[12.34],"v14":[null]}
jsonb size : 131
{"id":123456789,"v0":"123","v1":123456789012345678,"v2":123456789012345678901234567890,"v3":123.45,"v4":1230000.0,"v5":"abcdefg","v7":"null","v8":true,"v9":false,"v10":{"val":123},"v11":{},"v12":[1234],"v13":[12.34],"v14":[null]}
jsonb size : 131
{"id":123456789,"v0":"123","v1":123456789012345678,"v2":123456789012345678901234567890,"v3":123.45,"v4":1230000.0,"v5":"abcdefg","v7":"null","v8":true,"v9":false,"v10":{"val":123},"v11":{},"v12":[1234],"v13":[12.34],"v14":[null]}
jsonb size : 131
{"id":123456789,"v0":"123","v1":123456789012345678,"v2":123456789012345678901234567890,"v3":123.45,"v4":1230000.0,"v5":"abcdefg","v7":"null","v8":true,"v9":false,"v10":{"val":123},"v11":{},"v12":[1234],"v13":[12.34],"v14":[null]}
jsonb size : 131
{"id":123456789,"v0":"123","v1":123456789012345678,"v2":123456789012345678901234567890,"v3":123.45,"v4":1230000.0,"v5":"abcdefg","v7":"null","v8":true,"v9":false,"v10":{"val":123},"v11":{},"v12":[1234],"v13":[12.34],"v14":[null]}
jsonb size : 131
{"id":123456789,"v0":"123","v1":123456789012345678,"v2":123456789012345678901234567890,"v3":123.45,"v4":1230000.0,"v5":"abcdefg","v7":"null","v8":true,"v9":false,"v10":{"val":123},"v11":{},"v12":[1234],"v13":[12.34],"v14":[null]}
jsonb size : 131
{"id":123456789,"v0":"123","v1":123456789012345678,"v2":123456789012345678901234567890,"v3":123.45,"v4":1230000.0,"v5":"abcdefg","v7":"null","v8":true,"v9":false,"v10":{"val":123},"v11":{},"v12":[1234],"v13":[12.34],"v14":[null]}
jsonb size : 131
{"id":123456789,"v0":"123","v1":123456789012345678,"v2":123456789012345678901234567890,"v3":123.45,"v4":1230000.0,"v5":"abcdefg","v7":"null","v8":true,"v9":false,"v10":{"val":123},"v11":{},"v12":[1234],"v13":[12.34],"v14":[null]}
{"value":["a","b","c"]}
{"value":["a","b","c"]}
{"value":["a","b","c"]}
{"value":["a","b","c"]}
{"value":["a","b","c"]}
{"value":["a","b","c"]}
{"value":["a","b","c"]}
{"value":["a","b","c"]}
{"value":["a","b","c"]}
{"value":["a","b","c"]}
{
	"value":"http://a.b.com"
}
{}
{
	"id":101,
	"name":"true",
	"type":"false"
}
"name"
"true"
"0"
"1"
"false"
{"id":"\"'\\\r\n\f\b\t中国😀😉®"}
{"id":"\"'\\\r\n\f\b\t中国😀😉®"}
{
	"value":-9223372036854775808
}
{
	"value":-2147483648
}
{
	"value":32767
}
{
	"value":8388607
}
{
	"value":0
}
{}
{
	"value":0
}
{
	"value":32767
}
{
	"value":8388607
}
{
	"value":2147483647
}
{
	"value":9223372036854775807
}
{
	"value":12345678901234567890123456789012345678901234567890123456789012345678901234567890
}
{
	"value":10
}
Sun Jan 01 08:00:00 CST 1899
Sun Jan 01 08:00:00 CST 1899
{
	"id":[
		-96,
		-44,
		119,
		-31,
		-19,
		56,
		66,
		-25,
		-92,
		-72,
		108,
		36,
		-21,
		-87,
		34,
		11
	]
}
{}
{
	"v0000":[1]
}
{
	"v0000":[1]
}
{"v0000":0,"v0001":1,"v0002":2,"v0003":3,"v0004":4,"v0005":5,"v0006":6,"v0007":7,"v0008":8,"v0009":9}
{"v0000":0,"v0001":-1,"v0002":-2,"v0003":-3,"v0004":-4,"v0005":-5,"v0006":-6,"v0007":-7,"v0008":-8,"v0009":-9}
Serialized JSON with context feature: {"booleanField":false,"otherField":""}
{"checkSqlInjection":false,"expression":{"cacheSqlSegment":false,"groupBy":[{}],"having":[{}],"normal":[{},"EQ",{},"AND",{},"NE",{},"AND",{},"IN",{}],"orderBy":[{}],"sqlSegment":""},"lastSql":{"stringValue":""},"paramNameSeq":0,"paramNameValuePairs":{},"sqlComment":{"stringValue":""},"sqlFirst":{"stringValue":""},"sqlSelect":{"stringValue":"*"},"typedThis":{"$ref":".."}}
A
A
[{"a":"1","a2":"1"},{"a":"2","a2":"2"}]
{"@type":"com.alibaba.fastjson2.issues_2500.Issue2583$Bean","enumMap":{"@type":"java.util.EnumMap"}}
{
	"date":"2023-03-26T10:25:19Z"
}
{"configs":{"FROM":[{"defaultFromId":"birtney"}]}}
1036864783
[{"ActionType":2,"AlgInfo":"","AuthorName":"瓜不瓜","AuthorTags":["日常文"],"BookId":1036864783,"BookIntro":"陆离凭借自己的努力和系统的帮助走上了人生巅峰。至于青梅？啥，我还有青梅竹马啊？","BookName":"被青梅拒绝后，我获得了模拟器","BookStatus":"连载","CategoryId":4,"CategoryName":"都市","Description":"所有人都认为陆离会和徐清在一起。毕竟这俩人郎才女貌，还从小认识。\n可在散伙饭那天，徐清拒绝了陆离的表白。正在陆离怅然之际，突然听到耳边传来的提示音。\n【恭喜您获","Did":"1036864783","Dt":1,"Ex2":"","LastChapterId":0,"LastChapterName":"","LastChapterTime":0,"Pos":0,"RankName":"","ShowTime":1692079200000,"SubCategoryName":"都市生活","Type":0,"WordCount":"58万","day":"15","fbAlg":"","fbAppId":0,"fbId":1036864783,"fbType":1,"isReal":true,"isVip":1,"lastUpdateTimes":"","month":"08","recommendCol":"rengongtuijian","recommendStyle":0,"sp":"{\"exposetime\":1692084881634,\"scene\":\"preface_with_editor\"}","stability":0,"year":"2023"}]
Issue1790.Bean(op=yyy, test={"erw":{"qqq":12313}})
WARNING: Use of the three-letter time zone ID "ACT" is deprecated and it will be removed in a future release
WARNING: Use of the three-letter time zone ID "AET" is deprecated and it will be removed in a future release
WARNING: Use of the three-letter time zone ID "AGT" is deprecated and it will be removed in a future release
WARNING: Use of the three-letter time zone ID "ART" is deprecated and it will be removed in a future release
WARNING: Use of the three-letter time zone ID "AST" is deprecated and it will be removed in a future release
WARNING: Use of the three-letter time zone ID "BET" is deprecated and it will be removed in a future release
WARNING: Use of the three-letter time zone ID "BST" is deprecated and it will be removed in a future release
WARNING: Use of the three-letter time zone ID "CAT" is deprecated and it will be removed in a future release
WARNING: Use of the three-letter time zone ID "CNT" is deprecated and it will be removed in a future release
WARNING: Use of the three-letter time zone ID "CST" is deprecated and it will be removed in a future release
WARNING: Use of the three-letter time zone ID "CTT" is deprecated and it will be removed in a future release
WARNING: Use of the three-letter time zone ID "EAT" is deprecated and it will be removed in a future release
WARNING: Use of the three-letter time zone ID "ECT" is deprecated and it will be removed in a future release
WARNING: Use of the three-letter time zone ID "EST" is deprecated and it will be removed in a future release
WARNING: Use of the three-letter time zone ID "HST" is deprecated and it will be removed in a future release
WARNING: Use of the three-letter time zone ID "IET" is deprecated and it will be removed in a future release
WARNING: Use of the three-letter time zone ID "IST" is deprecated and it will be removed in a future release
WARNING: Use of the three-letter time zone ID "JST" is deprecated and it will be removed in a future release
WARNING: Use of the three-letter time zone ID "MIT" is deprecated and it will be removed in a future release
WARNING: Use of the three-letter time zone ID "MST" is deprecated and it will be removed in a future release
WARNING: Use of the three-letter time zone ID "NET" is deprecated and it will be removed in a future release
WARNING: Use of the three-letter time zone ID "NST" is deprecated and it will be removed in a future release
WARNING: Use of the three-letter time zone ID "PLT" is deprecated and it will be removed in a future release
WARNING: Use of the three-letter time zone ID "PNT" is deprecated and it will be removed in a future release
WARNING: Use of the three-letter time zone ID "PRT" is deprecated and it will be removed in a future release
WARNING: Use of the three-letter time zone ID "PST" is deprecated and it will be removed in a future release
WARNING: Use of the three-letter time zone ID "SST" is deprecated and it will be removed in a future release
WARNING: Use of the three-letter time zone ID "VST" is deprecated and it will be removed in a future release
{"appResp":{"message":"成功","status":"200","timestamp":"2017-03-15 12:13:14"}}
Issue474.Result(items=[Issue474.Item(name=item1), Issue474.Item(name=item2)])
Issue474.Result(items=[Issue474.Item(name=item1), Issue474.Item(name=item2)])
{
	"@type":"com.alibaba.fastjson2.issues.Issue385$Bean#0",
	"@value":{
		"items":{
			"@type":"java.util.Arrays$ArrayList#1",
			"@value":[
				"CamelCase",
				"PascalCase"
			]
		}
	}
}
{"data":{"pageNum":1,"pageSize":100,"records":[{"calledTimes":1,"callerPhone":"大屏演示专用线路","channelCode":"0","chatRound":0,"customerPhone":"xxxx","duration":0,"endTime":"2022-06-27 20:29:51","finishStatusDesc":"占线","finishStatusId":6,"finishStatusName":"BUSY","intentionResult":"D","startTime":"2022-06-27 20:29:07"}],"total":1}}
{"reservationId":"1520799011718696960","mealsAvailable":true,"handBaggageNum":1,"checkedBaggageNum":0}
str = {"test":[{"demo":""}]}
list = Issue464.TestParam(test=[Issue464.Demo(demo=null)])
{"a":"a value","c":"c value"}
{"c":"c value"}
{"a":null,"b":null,"c":"c value"}
{"a":null,"b":"b value","c":null}
Issue448.BasicStaff(boyList=[Issue448.BasicStaff(boyList=null, localDate=2026-10-07, localDateTime=2026-10-07T00:49:08)], localDate=2026-10-07, localDateTime=2026-10-07T00:49:08)
required latitude
2147483650
[{"var1":"d0"}]
{"availableBeginTime":"2026-10-07 00:49:18.284","availableEndTime":"2026-10-07 17:29:18.284"}
{"availableBeginTime":"2026-10-07 00:49:18.285","availableEndTime":"2026-10-07 17:29:18.285"}
{"availableBeginTime":"2026-10-07 00:49:18.285","availableEndTime":"2026-10-07 17:29:18.285"}
{"availableBeginTime":"2026-10-07 00:49:18.285","availableEndTime":"2026-10-07 17:29:18.285"}
{"availableBeginTime":"2026-10-07 00:49:18.285","availableEndTime":"2026-10-07 17:29:18.285"}
{"availableBeginTime":"2026-10-07 00:49:18.285","availableEndTime":"2026-10-07 17:29:18.285"}
{"availableBeginTime":"2026-10-07 00:49:18.285","availableEndTime":"2026-10-07 17:29:18.285"}
{"availableBeginTime":"2026-10-07 00:49:18.285","availableEndTime":"2026-10-07 17:29:18.285"}
{"availableBeginTime":"2026-10-07 00:49:18.285","availableEndTime":"2026-10-07 17:29:18.285"}
{"availableBeginTime":"2026-10-07 00:49:18.285","availableEndTime":"2026-10-07 17:29:18.285"}
{"availableBeginTime":"2026-10-07 00:49:18.285","availableEndTime":"2026-10-07 17:29:18.285"}
{"availableBeginTime":"2026-10-07 00:49:18.285","availableEndTime":"2026-10-07 17:29:18.285"}
{"availableBeginTime":"2026-10-07 00:49:18.285","availableEndTime":"2026-10-07 17:29:18.285"}
{"availableBeginTime":"2026-10-07 00:49:18.285","availableEndTime":"2026-10-07 17:29:18.285"}
{"availableBeginTime":"2026-10-07 00:49:18.285","availableEndTime":"2026-10-07 17:29:18.285"}
{"availableBeginTime":"2026-10-07 00:49:18.285","availableEndTime":"2026-10-07 17:29:18.285"}
{"availableBeginTime":"2026-10-07 00:49:18.285","availableEndTime":"2026-10-07 17:29:18.285"}
{"availableBeginTime":"2026-10-07 00:49:18.285","availableEndTime":"2026-10-07 17:29:18.285"}
{"availableBeginTime":"2026-10-07 00:49:18.285","availableEndTime":"2026-10-07 17:29:18.285"}
{"availableBeginTime":"2026-10-07 00:49:18.285","availableEndTime":"2026-10-07 17:29:18.285"}
{"availableBeginTime":"2026-10-07 00:49:18.285","availableEndTime":"2026-10-07 17:29:18.285"}
{"availableBeginTime":"2026-10-07 00:49:18.285","availableEndTime":"2026-10-07 17:29:18.285"}
{"availableBeginTime":"2026-10-07 00:49:18.285","availableEndTime":"2026-10-07 17:29:18.285"}
{"availableBeginTime":"2026-10-07 00:49:18.285","availableEndTime":"2026-10-07 17:29:18.285"}
{"availableBeginTime":"2026-10-07 00:49:18.285","availableEndTime":"2026-10-07 17:29:18.285"}
{"availableBeginTime":"2026-10-07 00:49:18.285","availableEndTime":"2026-10-07 17:29:18.285"}
{"availableBeginTime":"2026-10-07 00:49:18.285","availableEndTime":"2026-10-07 17:29:18.285"}
{"availableBeginTime":"2026-10-07 00:49:18.285","availableEndTime":"2026-10-07 17:29:18.285"}
{"availableBeginTime":"2026-10-07 00:49:18.285","availableEndTime":"2026-10-07 17:29:18.285"}
{"availableBeginTime":"2026-10-07 00:49:18.285","availableEndTime":"2026-10-07 17:29:18.285"}
{"availableBeginTime":"2026-10-07 00:49:18.285","availableEndTime":"2026-10-07 17:29:18.285"}
{"availableBeginTime":"2026-10-07 00:49:18.285","availableEndTime":"2026-10-07 17:29:18.285"}
{"availableBeginTime":"2026-10-07 00:49:18.285","availableEndTime":"2026-10-07 17:29:18.285"}
{"availableBeginTime":"2026-10-07 00:49:18.285","availableEndTime":"2026-10-07 17:29:18.285"}
{"availableBeginTime":"2026-10-07 00:49:18.285","availableEndTime":"2026-10-07 17:29:18.285"}
{"availableBeginTime":"2026-10-07 00:49:18.285","availableEndTime":"2026-10-07 17:29:18.285"}
{"availableBeginTime":"2026-10-07 00:49:18.285","availableEndTime":"2026-10-07 17:29:18.285"}
{"availableBeginTime":"2026-10-07 00:49:18.285","availableEndTime":"2026-10-07 17:29:18.285"}
{"availableBeginTime":"2026-10-07 00:49:18.285","availableEndTime":"2026-10-07 17:29:18.285"}
{"availableBeginTime":"2026-10-07 00:49:18.285","availableEndTime":"2026-10-07 17:29:18.285"}
{"availableBeginTime":"2026-10-07 00:49:18.285","availableEndTime":"2026-10-07 17:29:18.285"}
{"availableBeginTime":"2026-10-07 00:49:18.285","availableEndTime":"2026-10-07 17:29:18.285"}
{"availableBeginTime":"2026-10-07 00:49:18.285","availableEndTime":"2026-10-07 17:29:18.285"}
{"availableBeginTime":"2026-10-07 00:49:18.285","availableEndTime":"2026-10-07 17:29:18.285"}
{"availableBeginTime":"2026-10-07 00:49:18.285","availableEndTime":"2026-10-07 17:29:18.285"}
{"availableBeginTime":"2026-10-07 00:49:18.285","availableEndTime":"2026-10-07 17:29:18.285"}
{"availableBeginTime":"2026-10-07 00:49:18.285","availableEndTime":"2026-10-07 17:29:18.285"}
{"availableBeginTime":"2026-10-07 00:49:18.285","availableEndTime":"2026-10-07 17:29:18.285"}
{"availableBeginTime":"2026-10-07 00:49:18.285","availableEndTime":"2026-10-07 17:29:18.285"}
{"availableBeginTime":"2026-10-07 00:49:18.285","availableEndTime":"2026-10-07 17:29:18.285"}
{"availableBeginTime":"2026-10-07 00:49:18.285","availableEndTime":"2026-10-07 17:29:18.285"}
{"availableBeginTime":"2026-10-07 00:49:18.285","availableEndTime":"2026-10-07 17:29:18.285"}
{"availableBeginTime":"2026-10-07 00:49:18.285","availableEndTime":"2026-10-07 17:29:18.285"}
{"availableBeginTime":"2026-10-07 00:49:18.285","availableEndTime":"2026-10-07 17:29:18.285"}
{"availableBeginTime":"2026-10-07 00:49:18.285","availableEndTime":"2026-10-07 17:29:18.285"}
{"availableBeginTime":"2026-10-07 00:49:18.285","availableEndTime":"2026-10-07 17:29:18.285"}
{"availableBeginTime":"2026-10-07 00:49:18.285","availableEndTime":"2026-10-07 17:29:18.285"}
{"availableBeginTime":"2026-10-07 00:49:18.285","availableEndTime":"2026-10-07 17:29:18.285"}
{"availableBeginTime":"2026-10-07 00:49:18.285","availableEndTime":"2026-10-07 17:29:18.285"}
{"availableBeginTime":"2026-10-07 00:49:18.285","availableEndTime":"2026-10-07 17:29:18.285"}
{"availableBeginTime":"2026-10-07 00:49:18.285","availableEndTime":"2026-10-07 17:29:18.285"}
{"availableBeginTime":"2026-10-07 00:49:18.285","availableEndTime":"2026-10-07 17:29:18.285"}
{"availableBeginTime":"2026-10-07 00:49:18.285","availableEndTime":"2026-10-07 17:29:18.285"}
{"availableBeginTime":"2026-10-07 00:49:18.285","availableEndTime":"2026-10-07 17:29:18.285"}
{"availableBeginTime":"2026-10-07 00:49:18.285","availableEndTime":"2026-10-07 17:29:18.285"}
{"availableBeginTime":"2026-10-07 00:49:18.285","availableEndTime":"2026-10-07 17:29:18.285"}
{"availableBeginTime":"2026-10-07 00:49:18.285","availableEndTime":"2026-10-07 17:29:18.285"}
{"availableBeginTime":"2026-10-07 00:49:18.285","availableEndTime":"2026-10-07 17:29:18.285"}
{"availableBeginTime":"2026-10-07 00:49:18.285","availableEndTime":"2026-10-07 17:29:18.285"}
{"availableBeginTime":"2026-10-07 00:49:18.285","availableEndTime":"2026-10-07 17:29:18.285"}
{"availableBeginTime":"2026-10-07 00:49:18.285","availableEndTime":"2026-10-07 17:29:18.285"}
{"availableBeginTime":"2026-10-07 00:49:18.285","availableEndTime":"2026-10-07 17:29:18.285"}
{"availableBeginTime":"2026-10-07 00:49:18.285","availableEndTime":"2026-10-07 17:29:18.285"}
{"availableBeginTime":"2026-10-07 00:49:18.285","availableEndTime":"2026-10-07 17:29:18.285"}
{"availableBeginTime":"2026-10-07 00:49:18.285","availableEndTime":"2026-10-07 17:29:18.285"}
{"availableBeginTime":"2026-10-07 00:49:18.285","availableEndTime":"2026-10-07 17:29:18.285"}
{"availableBeginTime":"2026-10-07 00:49:18.285","availableEndTime":"2026-10-07 17:29:18.285"}
{"availableBeginTime":"2026-10-07 00:49:18.285","availableEndTime":"2026-10-07 17:29:18.285"}
{"availableBeginTime":"2026-10-07 00:49:18.285","availableEndTime":"2026-10-07 17:29:18.285"}
{"availableBeginTime":"2026-10-07 00:49:18.285","availableEndTime":"2026-10-07 17:29:18.285"}
{"availableBeginTime":"2026-10-07 00:49:18.285","availableEndTime":"2026-10-07 17:29:18.285"}
{"availableBeginTime":"2026-10-07 00:49:18.285","availableEndTime":"2026-10-07 17:29:18.285"}
{"availableBeginTime":"2026-10-07 00:49:18.285","availableEndTime":"2026-10-07 17:29:18.285"}
{"availableBeginTime":"2026-10-07 00:49:18.285","availableEndTime":"2026-10-07 17:29:18.285"}
{"availableBeginTime":"2026-10-07 00:49:18.285","availableEndTime":"2026-10-07 17:29:18.285"}
{"availableBeginTime":"2026-10-07 00:49:18.286","availableEndTime":"2026-10-07 17:29:18.286"}
{"availableBeginTime":"2026-10-07 00:49:18.286","availableEndTime":"2026-10-07 17:29:18.286"}
{"availableBeginTime":"2026-10-07 00:49:18.286","availableEndTime":"2026-10-07 17:29:18.286"}
{"availableBeginTime":"2026-10-07 00:49:18.286","availableEndTime":"2026-10-07 17:29:18.286"}
{"availableBeginTime":"2026-10-07 00:49:18.286","availableEndTime":"2026-10-07 17:29:18.286"}
{"availableBeginTime":"2026-10-07 00:49:18.286","availableEndTime":"2026-10-07 17:29:18.286"}
{"availableBeginTime":"2026-10-07 00:49:18.286","availableEndTime":"2026-10-07 17:29:18.286"}
{"availableBeginTime":"2026-10-07 00:49:18.286","availableEndTime":"2026-10-07 17:29:18.286"}
{"availableBeginTime":"2026-10-07 00:49:18.286","availableEndTime":"2026-10-07 17:29:18.286"}
{"availableBeginTime":"2026-10-07 00:49:18.286","availableEndTime":"2026-10-07 17:29:18.286"}
{"availableBeginTime":"2026-10-07 00:49:18.286","availableEndTime":"2026-10-07 17:29:18.286"}
{"availableBeginTime":"2026-10-07 00:49:18.286","availableEndTime":"2026-10-07 17:29:18.286"}
{"availableBeginTime":"2026-10-07 00:49:18.286","availableEndTime":"2026-10-07 17:29:18.286"}
{"availableBeginTime":"2026-10-07 00:49:18.286","availableEndTime":"2026-10-07 17:29:18.286"}
{"availableBeginTime":"2026-10-07 00:49:18.286","availableEndTime":"2026-10-07 17:29:18.286"}
{"availableBeginTime":"2026-10-07 00:49:18.286","availableEndTime":"2026-10-07 17:29:18.286"}
{"availableBeginTime":"2026-10-07 00:49:18.286","availableEndTime":"2026-10-07 17:29:18.286"}
{"availableBeginTime":"2026-10-07 00:49:18.286","availableEndTime":"2026-10-07 17:29:18.286"}
{"availableBeginTime":"2026-10-07 00:49:18.286","availableEndTime":"2026-10-07 17:29:18.286"}
{"availableBeginTime":"2026-10-07 00:49:18.286","availableEndTime":"2026-10-07 17:29:18.286"}
{"availableBeginTime":"2026-10-07 00:49:18.286","availableEndTime":"2026-10-07 17:29:18.286"}
{"availableBeginTime":"2026-10-07 00:49:18.286","availableEndTime":"2026-10-07 17:29:18.286"}
{"availableBeginTime":"2026-10-07 00:49:18.286","availableEndTime":"2026-10-07 17:29:18.286"}
{"availableBeginTime":"2026-10-07 00:49:18.286","availableEndTime":"2026-10-07 17:29:18.286"}
{"availableBeginTime":"2026-10-07 00:49:18.286","availableEndTime":"2026-10-07 17:29:18.286"}
{"availableBeginTime":"2026-10-07 00:49:18.286","availableEndTime":"2026-10-07 17:29:18.286"}
{"availableBeginTime":"2026-10-07 00:49:18.286","availableEndTime":"2026-10-07 17:29:18.286"}
{"availableBeginTime":"2026-10-07 00:49:18.286","availableEndTime":"2026-10-07 17:29:18.286"}
{"availableBeginTime":"2026-10-07 00:49:18.286","availableEndTime":"2026-10-07 17:29:18.286"}
{"availableBeginTime":"2026-10-07 00:49:18.286","availableEndTime":"2026-10-07 17:29:18.286"}
{"availableBeginTime":"2026-10-07 00:49:18.286","availableEndTime":"2026-10-07 17:29:18.286"}
{"availableBeginTime":"2026-10-07 00:49:18.286","availableEndTime":"2026-10-07 17:29:18.286"}
{"availableBeginTime":"2026-10-07 00:49:18.286","availableEndTime":"2026-10-07 17:29:18.286"}
{"availableBeginTime":"2026-10-07 00:49:18.286","availableEndTime":"2026-10-07 17:29:18.286"}
{"availableBeginTime":"2026-10-07 00:49:18.286","availableEndTime":"2026-10-07 17:29:18.286"}
{"availableBeginTime":"2026-10-07 00:49:18.286","availableEndTime":"2026-10-07 17:29:18.286"}
{"availableBeginTime":"2026-10-07 00:49:18.286","availableEndTime":"2026-10-07 17:29:18.286"}
{"availableBeginTime":"2026-10-07 00:49:18.286","availableEndTime":"2026-10-07 17:29:18.286"}
{"availableBeginTime":"2026-10-07 00:49:18.286","availableEndTime":"2026-10-07 17:29:18.286"}
{"availableBeginTime":"2026-10-07 00:49:18.286","availableEndTime":"2026-10-07 17:29:18.286"}
{"availableBeginTime":"2026-10-07 00:49:18.286","availableEndTime":"2026-10-07 17:29:18.286"}
{"availableBeginTime":"2026-10-07 00:49:18.286","availableEndTime":"2026-10-07 17:29:18.286"}
{"availableBeginTime":"2026-10-07 00:49:18.286","availableEndTime":"2026-10-07 17:29:18.286"}
{"availableBeginTime":"2026-10-07 00:49:18.286","availableEndTime":"2026-10-07 17:29:18.286"}
{"availableBeginTime":"2026-10-07 00:49:18.286","availableEndTime":"2026-10-07 17:29:18.286"}
{"availableBeginTime":"2026-10-07 00:49:18.286","availableEndTime":"2026-10-07 17:29:18.286"}
{"availableBeginTime":"2026-10-07 00:49:18.286","availableEndTime":"2026-10-07 17:29:18.286"}
{"availableBeginTime":"2026-10-07 00:49:18.286","availableEndTime":"2026-10-07 17:29:18.286"}
{"availableBeginTime":"2026-10-07 00:49:18.286","availableEndTime":"2026-10-07 17:29:18.286"}
{"availableBeginTime":"2026-10-07 00:49:18.286","availableEndTime":"2026-10-07 17:29:18.286"}
{"availableBeginTime":"2026-10-07 00:49:18.286","availableEndTime":"2026-10-07 17:29:18.286"}
{"availableBeginTime":"2026-10-07 00:49:18.286","availableEndTime":"2026-10-07 17:29:18.286"}
{"availableBeginTime":"2026-10-07 00:49:18.286","availableEndTime":"2026-10-07 17:29:18.286"}
{"availableBeginTime":"2026-10-07 00:49:18.286","availableEndTime":"2026-10-07 17:29:18.286"}
{"availableBeginTime":"2026-10-07 00:49:18.286","availableEndTime":"2026-10-07 17:29:18.286"}
{"availableBeginTime":"2026-10-07 00:49:18.286","availableEndTime":"2026-10-07 17:29:18.286"}
{"availableBeginTime":"2026-10-07 00:49:18.286","availableEndTime":"2026-10-07 17:29:18.286"}
{"availableBeginTime":"2026-10-07 00:49:18.286","availableEndTime":"2026-10-07 17:29:18.286"}
{"availableBeginTime":"2026-10-07 00:49:18.286","availableEndTime":"2026-10-07 17:29:18.286"}
{"availableBeginTime":"2026-10-07 00:49:18.286","availableEndTime":"2026-10-07 17:29:18.286"}
{"availableBeginTime":"2026-10-07 00:49:18.286","availableEndTime":"2026-10-07 17:29:18.286"}
{"availableBeginTime":"2026-10-07 00:49:18.286","availableEndTime":"2026-10-07 17:29:18.286"}
{"availableBeginTime":"2026-10-07 00:49:18.286","availableEndTime":"2026-10-07 17:29:18.286"}
{"availableBeginTime":"2026-10-07 00:49:18.286","availableEndTime":"2026-10-07 17:29:18.286"}
{"availableBeginTime":"2026-10-07 00:49:18.286","availableEndTime":"2026-10-07 17:29:18.286"}
{"availableBeginTime":"2026-10-07 00:49:18.286","availableEndTime":"2026-10-07 17:29:18.286"}
{"availableBeginTime":"2026-10-07 00:49:18.286","availableEndTime":"2026-10-07 17:29:18.286"}
{"availableBeginTime":"2026-10-07 00:49:18.286","availableEndTime":"2026-10-07 17:29:18.286"}
{"availableBeginTime":"2026-10-07 00:49:18.286","availableEndTime":"2026-10-07 17:29:18.286"}
{"availableBeginTime":"2026-10-07 00:49:18.286","availableEndTime":"2026-10-07 17:29:18.286"}
{"availableBeginTime":"2026-10-07 00:49:18.286","availableEndTime":"2026-10-07 17:29:18.286"}
{"availableBeginTime":"2026-10-07 00:49:18.286","availableEndTime":"2026-10-07 17:29:18.286"}
{"availableBeginTime":"2026-10-07 00:49:18.286","availableEndTime":"2026-10-07 17:29:18.286"}
{"availableBeginTime":"2026-10-07 00:49:18.286","availableEndTime":"2026-10-07 17:29:18.286"}
{"availableBeginTime":"2026-10-07 00:49:18.286","availableEndTime":"2026-10-07 17:29:18.286"}
{"availableBeginTime":"2026-10-07 00:49:18.286","availableEndTime":"2026-10-07 17:29:18.286"}
{"availableBeginTime":"2026-10-07 00:49:18.286","availableEndTime":"2026-10-07 17:29:18.286"}
{"availableBeginTime":"2026-10-07 00:49:18.286","availableEndTime":"2026-10-07 17:29:18.286"}
{"availableBeginTime":"2026-10-07 00:49:18.286","availableEndTime":"2026-10-07 17:29:18.286"}
{"availableBeginTime":"2026-10-07 00:49:18.286","availableEndTime":"2026-10-07 17:29:18.286"}
{"availableBeginTime":"2026-10-07 00:49:18.286","availableEndTime":"2026-10-07 17:29:18.286"}
{"availableBeginTime":"2026-10-07 00:49:18.286","availableEndTime":"2026-10-07 17:29:18.286"}
{"availableBeginTime":"2026-10-07 00:49:18.286","availableEndTime":"2026-10-07 17:29:18.286"}
{"availableBeginTime":"2026-10-07 00:49:18.286","availableEndTime":"2026-10-07 17:29:18.286"}
{"availableBeginTime":"2026-10-07 00:49:18.286","availableEndTime":"2026-10-07 17:29:18.286"}
{"availableBeginTime":"2026-10-07 00:49:18.286","availableEndTime":"2026-10-07 17:29:18.286"}
{"availableBeginTime":"2026-10-07 00:49:18.286","availableEndTime":"2026-10-07 17:29:18.286"}
{"availableBeginTime":"2026-10-07 00:49:18.286","availableEndTime":"2026-10-07 17:29:18.286"}
{"availableBeginTime":"2026-10-07 00:49:18.286","availableEndTime":"2026-10-07 17:29:18.286"}
{"availableBeginTime":"2026-10-07 00:49:18.286","availableEndTime":"2026-10-07 17:29:18.286"}
{"availableBeginTime":"2026-10-07 00:49:18.286","availableEndTime":"2026-10-07 17:29:18.286"}
{"availableBeginTime":"2026-10-07 00:49:18.286","availableEndTime":"2026-10-07 17:29:18.286"}
{"availableBeginTime":"2026-10-07 00:49:18.286","availableEndTime":"2026-10-07 17:29:18.286"}
{"availableBeginTime":"2026-10-07 00:49:18.286","availableEndTime":"2026-10-07 17:29:18.286"}
{"availableBeginTime":"2026-10-07 00:49:18.286","availableEndTime":"2026-10-07 17:29:18.286"}
{"availableBeginTime":"2026-10-07 00:49:18.286","availableEndTime":"2026-10-07 17:29:18.286"}
{"availableBeginTime":"2026-10-07 00:49:18.286","availableEndTime":"2026-10-07 17:29:18.286"}
{"availableBeginTime":"2026-10-07 00:49:18.286","availableEndTime":"2026-10-07 17:29:18.286"}
{"availableBeginTime":"2026-10-07 00:49:18.286","availableEndTime":"2026-10-07 17:29:18.286"}
{"availableBeginTime":"2026-10-07 00:49:18.286","availableEndTime":"2026-10-07 17:29:18.286"}
{"availableBeginTime":"2026-10-07 00:49:18.286","availableEndTime":"2026-10-07 17:29:18.286"}
{"availableBeginTime":"2026-10-07 00:49:18.286","availableEndTime":"2026-10-07 17:29:18.286"}
{"availableBeginTime":"2026-10-07 00:49:18.286","availableEndTime":"2026-10-07 17:29:18.286"}
{"availableBeginTime":"2026-10-07 00:49:18.286","availableEndTime":"2026-10-07 17:29:18.286"}
{"availableBeginTime":"2026-10-07 00:49:18.286","availableEndTime":"2026-10-07 17:29:18.286"}
{"availableBeginTime":"2026-10-07 00:49:18.286","availableEndTime":"2026-10-07 17:29:18.286"}
{"availableBeginTime":"2026-10-07 00:49:18.286","availableEndTime":"2026-10-07 17:29:18.286"}
{"availableBeginTime":"2026-10-07 00:49:18.286","availableEndTime":"2026-10-07 17:29:18.286"}
{"availableBeginTime":"2026-10-07 00:49:18.286","availableEndTime":"2026-10-07 17:29:18.286"}
{"availableBeginTime":"2026-10-07 00:49:18.286","availableEndTime":"2026-10-07 17:29:18.286"}
{"availableBeginTime":"2026-10-07 00:49:18.286","availableEndTime":"2026-10-07 17:29:18.286"}
{"availableBeginTime":"2026-10-07 00:49:18.286","availableEndTime":"2026-10-07 17:29:18.286"}
{"availableBeginTime":"2026-10-07 00:49:18.286","availableEndTime":"2026-10-07 17:29:18.286"}
{"availableBeginTime":"2026-10-07 00:49:18.286","availableEndTime":"2026-10-07 17:29:18.286"}
{"availableBeginTime":"2026-10-07 00:49:18.286","availableEndTime":"2026-10-07 17:29:18.286"}
{"availableBeginTime":"2026-10-07 00:49:18.286","availableEndTime":"2026-10-07 17:29:18.286"}
{"availableBeginTime":"2026-10-07 00:49:18.286","availableEndTime":"2026-10-07 17:29:18.286"}
{"availableBeginTime":"2026-10-07 00:49:18.286","availableEndTime":"2026-10-07 17:29:18.286"}
{"availableBeginTime":"2026-10-07 00:49:18.286","availableEndTime":"2026-10-07 17:29:18.286"}
{"availableBeginTime":"2026-10-07 00:49:18.286","availableEndTime":"2026-10-07 17:29:18.286"}
{"availableBeginTime":"2026-10-07 00:49:18.286","availableEndTime":"2026-10-07 17:29:18.286"}
{"availableBeginTime":"2026-10-07 00:49:18.286","availableEndTime":"2026-10-07 17:29:18.286"}
{"availableBeginTime":"2026-10-07 00:49:18.286","availableEndTime":"2026-10-07 17:29:18.286"}
{"availableBeginTime":"2026-10-07 00:49:18.286","availableEndTime":"2026-10-07 17:29:18.286"}
{"availableBeginTime":"2026-10-07 00:49:18.286","availableEndTime":"2026-10-07 17:29:18.286"}
{"availableBeginTime":"2026-10-07 00:49:18.286","availableEndTime":"2026-10-07 17:29:18.286"}
{"availableBeginTime":"2026-10-07 00:49:18.286","availableEndTime":"2026-10-07 17:29:18.286"}
{"availableBeginTime":"2026-10-07 00:49:18.286","availableEndTime":"2026-10-07 17:29:18.286"}
{"availableBeginTime":"2026-10-07 00:49:18.286","availableEndTime":"2026-10-07 17:29:18.286"}
{"availableBeginTime":"2026-10-07 00:49:18.286","availableEndTime":"2026-10-07 17:29:18.286"}
{"availableBeginTime":"2026-10-07 00:49:18.286","availableEndTime":"2026-10-07 17:29:18.286"}
{"availableBeginTime":"2026-10-07 00:49:18.286","availableEndTime":"2026-10-07 17:29:18.286"}
{"availableBeginTime":"2026-10-07 00:49:18.286","availableEndTime":"2026-10-07 17:29:18.286"}
{"availableBeginTime":"2026-10-07 00:49:18.286","availableEndTime":"2026-10-07 17:29:18.286"}
{"availableBeginTime":"2026-10-07 00:49:18.286","availableEndTime":"2026-10-07 17:29:18.286"}
{"availableBeginTime":"2026-10-07 00:49:18.286","availableEndTime":"2026-10-07 17:29:18.286"}
{"availableBeginTime":"2026-10-07 00:49:18.286","availableEndTime":"2026-10-07 17:29:18.286"}
{"availableBeginTime":"2026-10-07 00:49:18.286","availableEndTime":"2026-10-07 17:29:18.286"}
{"availableBeginTime":"2026-10-07 00:49:18.286","availableEndTime":"2026-10-07 17:29:18.286"}
{"availableBeginTime":"2026-10-07 00:49:18.286","availableEndTime":"2026-10-07 17:29:18.286"}
{"availableBeginTime":"2026-10-07 00:49:18.286","availableEndTime":"2026-10-07 17:29:18.286"}
{"availableBeginTime":"2026-10-07 00:49:18.286","availableEndTime":"2026-10-07 17:29:18.286"}
{"availableBeginTime":"2026-10-07 00:49:18.286","availableEndTime":"2026-10-07 17:29:18.286"}
{"availableBeginTime":"2026-10-07 00:49:18.286","availableEndTime":"2026-10-07 17:29:18.286"}
{"availableBeginTime":"2026-10-07 00:49:18.286","availableEndTime":"2026-10-07 17:29:18.286"}
{"availableBeginTime":"2026-10-07 00:49:18.286","availableEndTime":"2026-10-07 17:29:18.286"}
{"availableBeginTime":"2026-10-07 00:49:18.286","availableEndTime":"2026-10-07 17:29:18.286"}
{"availableBeginTime":"2026-10-07 00:49:18.286","availableEndTime":"2026-10-07 17:29:18.286"}
{"availableBeginTime":"2026-10-07 00:49:18.286","availableEndTime":"2026-10-07 17:29:18.286"}
{"availableBeginTime":"2026-10-07 00:49:18.286","availableEndTime":"2026-10-07 17:29:18.286"}
{"availableBeginTime":"2026-10-07 00:49:18.286","availableEndTime":"2026-10-07 17:29:18.286"}
{"availableBeginTime":"2026-10-07 00:49:18.286","availableEndTime":"2026-10-07 17:29:18.286"}
{"availableBeginTime":"2026-10-07 00:49:18.286","availableEndTime":"2026-10-07 17:29:18.286"}
{"availableBeginTime":"2026-10-07 00:49:18.286","availableEndTime":"2026-10-07 17:29:18.286"}
{"availableBeginTime":"2026-10-07 00:49:18.286","availableEndTime":"2026-10-07 17:29:18.286"}
{"availableBeginTime":"2026-10-07 00:49:18.286","availableEndTime":"2026-10-07 17:29:18.286"}
{"availableBeginTime":"2026-10-07 00:49:18.286","availableEndTime":"2026-10-07 17:29:18.286"}
{"availableBeginTime":"2026-10-07 00:49:18.286","availableEndTime":"2026-10-07 17:29:18.286"}
{"availableBeginTime":"2026-10-07 00:49:18.286","availableEndTime":"2026-10-07 17:29:18.286"}
{"availableBeginTime":"2026-10-07 00:49:18.286","availableEndTime":"2026-10-07 17:29:18.286"}
{"availableBeginTime":"2026-10-07 00:49:18.286","availableEndTime":"2026-10-07 17:29:18.286"}
{"availableBeginTime":"2026-10-07 00:49:18.286","availableEndTime":"2026-10-07 17:29:18.286"}
{"availableBeginTime":"2026-10-07 00:49:18.286","availableEndTime":"2026-10-07 17:29:18.286"}
{"availableBeginTime":"2026-10-07 00:49:18.286","availableEndTime":"2026-10-07 17:29:18.286"}
{"availableBeginTime":"2026-10-07 00:49:18.286","availableEndTime":"2026-10-07 17:29:18.286"}
{"availableBeginTime":"2026-10-07 00:49:18.286","availableEndTime":"2026-10-07 17:29:18.286"}
{"availableBeginTime":"2026-10-07 00:49:18.286","availableEndTime":"2026-10-07 17:29:18.286"}
{"availableBeginTime":"2026-10-07 00:49:18.286","availableEndTime":"2026-10-07 17:29:18.286"}
{"availableBeginTime":"2026-10-07 00:49:18.286","availableEndTime":"2026-10-07 17:29:18.286"}
{"availableBeginTime":"2026-10-07 00:49:18.286","availableEndTime":"2026-10-07 17:29:18.286"}
{"availableBeginTime":"2026-10-07 00:49:18.286","availableEndTime":"2026-10-07 17:29:18.286"}
{"availableBeginTime":"2026-10-07 00:49:18.286","availableEndTime":"2026-10-07 17:29:18.286"}
{"availableBeginTime":"2026-10-07 00:49:18.286","availableEndTime":"2026-10-07 17:29:18.286"}
{"availableBeginTime":"2026-10-07 00:49:18.286","availableEndTime":"2026-10-07 17:29:18.286"}
{"availableBeginTime":"2026-10-07 00:49:18.286","availableEndTime":"2026-10-07 17:29:18.286"}
{"availableBeginTime":"2026-10-07 00:49:18.286","availableEndTime":"2026-10-07 17:29:18.286"}
{"availableBeginTime":"2026-10-07 00:49:18.286","availableEndTime":"2026-10-07 17:29:18.286"}
{"availableBeginTime":"2026-10-07 00:49:18.286","availableEndTime":"2026-10-07 17:29:18.286"}
{"availableBeginTime":"2026-10-07 00:49:18.286","availableEndTime":"2026-10-07 17:29:18.286"}
{"availableBeginTime":"2026-10-07 00:49:18.286","availableEndTime":"2026-10-07 17:29:18.286"}
{"availableBeginTime":"2026-10-07 00:49:18.286","availableEndTime":"2026-10-07 17:29:18.286"}
{"availableBeginTime":"2026-10-07 00:49:18.286","availableEndTime":"2026-10-07 17:29:18.286"}
{"availableBeginTime":"2026-10-07 00:49:18.286","availableEndTime":"2026-10-07 17:29:18.286"}
{"availableBeginTime":"2026-10-07 00:49:18.286","availableEndTime":"2026-10-07 17:29:18.286"}
{"availableBeginTime":"2026-10-07 00:49:18.286","availableEndTime":"2026-10-07 17:29:18.286"}
{"availableBeginTime":"2026-10-07 00:49:18.286","availableEndTime":"2026-10-07 17:29:18.286"}
{"availableBeginTime":"2026-10-07 00:49:18.286","availableEndTime":"2026-10-07 17:29:18.286"}
{"availableBeginTime":"2026-10-07 00:49:18.286","availableEndTime":"2026-10-07 17:29:18.286"}
{"availableBeginTime":"2026-10-07 00:49:18.286","availableEndTime":"2026-10-07 17:29:18.286"}
{"availableBeginTime":"2026-10-07 00:49:18.286","availableEndTime":"2026-10-07 17:29:18.286"}
{"availableBeginTime":"2026-10-07 00:49:18.286","availableEndTime":"2026-10-07 17:29:18.286"}
{"availableBeginTime":"2026-10-07 00:49:18.286","availableEndTime":"2026-10-07 17:29:18.286"}
{"availableBeginTime":"2026-10-07 00:49:18.286","availableEndTime":"2026-10-07 17:29:18.286"}
{"availableBeginTime":"2026-10-07 00:49:18.286","availableEndTime":"2026-10-07 17:29:18.286"}
{"availableBeginTime":"2026-10-07 00:49:18.286","availableEndTime":"2026-10-07 17:29:18.286"}
{"availableBeginTime":"2026-10-07 00:49:18.286","availableEndTime":"2026-10-07 17:29:18.286"}
{"availableBeginTime":"2026-10-07 00:49:18.286","availableEndTime":"2026-10-07 17:29:18.286"}
{"availableBeginTime":"2026-10-07 00:49:18.286","availableEndTime":"2026-10-07 17:29:18.286"}
{"availableBeginTime":"2026-10-07 00:49:18.286","availableEndTime":"2026-10-07 17:29:18.286"}
{"availableBeginTime":"2026-10-07 00:49:18.286","availableEndTime":"2026-10-07 17:29:18.286"}
{"availableBeginTime":"2026-10-07 00:49:18.286","availableEndTime":"2026-10-07 17:29:18.286"}
{"availableBeginTime":"2026-10-07 00:49:18.286","availableEndTime":"2026-10-07 17:29:18.286"}
{"availableBeginTime":"2026-10-07 00:49:18.286","availableEndTime":"2026-10-07 17:29:18.286"}
{"availableBeginTime":"2026-10-07 00:49:18.286","availableEndTime":"2026-10-07 17:29:18.286"}
{"availableBeginTime":"2026-10-07 00:49:18.286","availableEndTime":"2026-10-07 17:29:18.286"}
{"availableBeginTime":"2026-10-07 00:49:18.286","availableEndTime":"2026-10-07 17:29:18.286"}
{"availableBeginTime":"2026-10-07 00:49:18.286","availableEndTime":"2026-10-07 17:29:18.286"}
{"availableBeginTime":"2026-10-07 00:49:18.286","availableEndTime":"2026-10-07 17:29:18.286"}
{"availableBeginTime":"2026-10-07 00:49:18.286","availableEndTime":"2026-10-07 17:29:18.286"}
{"availableBeginTime":"2026-10-07 00:49:18.286","availableEndTime":"2026-10-07 17:29:18.286"}
{"availableBeginTime":"2026-10-07 00:49:18.286","availableEndTime":"2026-10-07 17:29:18.286"}
{"availableBeginTime":"2026-10-07 00:49:18.286","availableEndTime":"2026-10-07 17:29:18.286"}
{"availableBeginTime":"2026-10-07 00:49:18.286","availableEndTime":"2026-10-07 17:29:18.286"}
{"availableBeginTime":"2026-10-07 00:49:18.286","availableEndTime":"2026-10-07 17:29:18.286"}
{"availableBeginTime":"2026-10-07 00:49:18.286","availableEndTime":"2026-10-07 17:29:18.286"}
{"availableBeginTime":"2026-10-07 00:49:18.286","availableEndTime":"2026-10-07 17:29:18.286"}
{"availableBeginTime":"2026-10-07 00:49:18.286","availableEndTime":"2026-10-07 17:29:18.286"}
{"availableBeginTime":"2026-10-07 00:49:18.286","availableEndTime":"2026-10-07 17:29:18.286"}
{"availableBeginTime":"2026-10-07 00:49:18.286","availableEndTime":"2026-10-07 17:29:18.286"}
{"availableBeginTime":"2026-10-07 00:49:18.286","availableEndTime":"2026-10-07 17:29:18.286"}
{"availableBeginTime":"2026-10-07 00:49:18.286","availableEndTime":"2026-10-07 17:29:18.286"}
{"availableBeginTime":"2026-10-07 00:49:18.286","availableEndTime":"2026-10-07 17:29:18.286"}
{"availableBeginTime":"2026-10-07 00:49:18.286","availableEndTime":"2026-10-07 17:29:18.286"}
{"availableBeginTime":"2026-10-07 00:49:18.286","availableEndTime":"2026-10-07 17:29:18.286"}
{"availableBeginTime":"2026-10-07 00:49:18.286","availableEndTime":"2026-10-07 17:29:18.286"}
{"availableBeginTime":"2026-10-07 00:49:18.287","availableEndTime":"2026-10-07 17:29:18.287"}
{"availableBeginTime":"2026-10-07 00:49:18.287","availableEndTime":"2026-10-07 17:29:18.287"}
{"availableBeginTime":"2026-10-07 00:49:18.287","availableEndTime":"2026-10-07 17:29:18.287"}
{"availableBeginTime":"2026-10-07 00:49:18.287","availableEndTime":"2026-10-07 17:29:18.287"}
{"availableBeginTime":"2026-10-07 00:49:18.287","availableEndTime":"2026-10-07 17:29:18.287"}
{"availableBeginTime":"2026-10-07 00:49:18.287","availableEndTime":"2026-10-07 17:29:18.287"}
{"availableBeginTime":"2026-10-07 00:49:18.287","availableEndTime":"2026-10-07 17:29:18.287"}
{"availableBeginTime":"2026-10-07 00:49:18.287","availableEndTime":"2026-10-07 17:29:18.287"}
{"availableBeginTime":"2026-10-07 00:49:18.287","availableEndTime":"2026-10-07 17:29:18.287"}
{"availableBeginTime":"2026-10-07 00:49:18.287","availableEndTime":"2026-10-07 17:29:18.287"}
{"availableBeginTime":"2026-10-07 00:49:18.287","availableEndTime":"2026-10-07 17:29:18.287"}
{"availableBeginTime":"2026-10-07 00:49:18.287","availableEndTime":"2026-10-07 17:29:18.287"}
{"availableBeginTime":"2026-10-07 00:49:18.287","availableEndTime":"2026-10-07 17:29:18.287"}
{"availableBeginTime":"2026-10-07 00:49:18.287","availableEndTime":"2026-10-07 17:29:18.287"}
{"availableBeginTime":"2026-10-07 00:49:18.287","availableEndTime":"2026-10-07 17:29:18.287"}
{"availableBeginTime":"2026-10-07 00:49:18.287","availableEndTime":"2026-10-07 17:29:18.287"}
{"availableBeginTime":"2026-10-07 00:49:18.287","availableEndTime":"2026-10-07 17:29:18.287"}
{"availableBeginTime":"2026-10-07 00:49:18.287","availableEndTime":"2026-10-07 17:29:18.287"}
{"availableBeginTime":"2026-10-07 00:49:18.287","availableEndTime":"2026-10-07 17:29:18.287"}
{"availableBeginTime":"2026-10-07 00:49:18.287","availableEndTime":"2026-10-07 17:29:18.287"}
{"availableBeginTime":"2026-10-07 00:49:18.287","availableEndTime":"2026-10-07 17:29:18.287"}
{"availableBeginTime":"2026-10-07 00:49:18.287","availableEndTime":"2026-10-07 17:29:18.287"}
{"availableBeginTime":"2026-10-07 00:49:18.287","availableEndTime":"2026-10-07 17:29:18.287"}
{"availableBeginTime":"2026-10-07 00:49:18.287","availableEndTime":"2026-10-07 17:29:18.287"}
{"availableBeginTime":"2026-10-07 00:49:18.287","availableEndTime":"2026-10-07 17:29:18.287"}
{"availableBeginTime":"2026-10-07 00:49:18.287","availableEndTime":"2026-10-07 17:29:18.287"}
{"availableBeginTime":"2026-10-07 00:49:18.287","availableEndTime":"2026-10-07 17:29:18.287"}
{"availableBeginTime":"2026-10-07 00:49:18.287","availableEndTime":"2026-10-07 17:29:18.287"}
{"availableBeginTime":"2026-10-07 00:49:18.287","availableEndTime":"2026-10-07 17:29:18.287"}
{"availableBeginTime":"2026-10-07 00:49:18.287","availableEndTime":"2026-10-07 17:29:18.287"}
{"availableBeginTime":"2026-10-07 00:49:18.287","availableEndTime":"2026-10-07 17:29:18.287"}
{"availableBeginTime":"2026-10-07 00:49:18.287","availableEndTime":"2026-10-07 17:29:18.287"}
{"availableBeginTime":"2026-10-07 00:49:18.287","availableEndTime":"2026-10-07 17:29:18.287"}
{"availableBeginTime":"2026-10-07 00:49:18.287","availableEndTime":"2026-10-07 17:29:18.287"}
{"availableBeginTime":"2026-10-07 00:49:18.287","availableEndTime":"2026-10-07 17:29:18.287"}
{"availableBeginTime":"2026-10-07 00:49:18.287","availableEndTime":"2026-10-07 17:29:18.287"}
{"availableBeginTime":"2026-10-07 00:49:18.287","availableEndTime":"2026-10-07 17:29:18.287"}
{"availableBeginTime":"2026-10-07 00:49:18.287","availableEndTime":"2026-10-07 17:29:18.287"}
{"availableBeginTime":"2026-10-07 00:49:18.287","availableEndTime":"2026-10-07 17:29:18.287"}
{"availableBeginTime":"2026-10-07 00:49:18.287","availableEndTime":"2026-10-07 17:29:18.287"}
{"availableBeginTime":"2026-10-07 00:49:18.287","availableEndTime":"2026-10-07 17:29:18.287"}
{"availableBeginTime":"2026-10-07 00:49:18.287","availableEndTime":"2026-10-07 17:29:18.287"}
{"availableBeginTime":"2026-10-07 00:49:18.287","availableEndTime":"2026-10-07 17:29:18.287"}
{"availableBeginTime":"2026-10-07 00:49:18.287","availableEndTime":"2026-10-07 17:29:18.287"}
{"availableBeginTime":"2026-10-07 00:49:18.287","availableEndTime":"2026-10-07 17:29:18.287"}
{"availableBeginTime":"2026-10-07 00:49:18.287","availableEndTime":"2026-10-07 17:29:18.287"}
{"availableBeginTime":"2026-10-07 00:49:18.287","availableEndTime":"2026-10-07 17:29:18.287"}
{"availableBeginTime":"2026-10-07 00:49:18.287","availableEndTime":"2026-10-07 17:29:18.287"}
{"availableBeginTime":"2026-10-07 00:49:18.287","availableEndTime":"2026-10-07 17:29:18.287"}
{"availableBeginTime":"2026-10-07 00:49:18.287","availableEndTime":"2026-10-07 17:29:18.287"}
{"availableBeginTime":"2026-10-07 00:49:18.287","availableEndTime":"2026-10-07 17:29:18.287"}
{"availableBeginTime":"2026-10-07 00:49:18.287","availableEndTime":"2026-10-07 17:29:18.287"}
{"availableBeginTime":"2026-10-07 00:49:18.287","availableEndTime":"2026-10-07 17:29:18.287"}
{"availableBeginTime":"2026-10-07 00:49:18.287","availableEndTime":"2026-10-07 17:29:18.287"}
{"availableBeginTime":"2026-10-07 00:49:18.287","availableEndTime":"2026-10-07 17:29:18.287"}
{"availableBeginTime":"2026-10-07 00:49:18.287","availableEndTime":"2026-10-07 17:29:18.287"}
{"availableBeginTime":"2026-10-07 00:49:18.287","availableEndTime":"2026-10-07 17:29:18.287"}
{"availableBeginTime":"2026-10-07 00:49:18.287","availableEndTime":"2026-10-07 17:29:18.287"}
{"availableBeginTime":"2026-10-07 00:49:18.287","availableEndTime":"2026-10-07 17:29:18.287"}
{"availableBeginTime":"2026-10-07 00:49:18.287","availableEndTime":"2026-10-07 17:29:18.287"}
{"availableBeginTime":"2026-10-07 00:49:18.287","availableEndTime":"2026-10-07 17:29:18.287"}
{"availableBeginTime":"2026-10-07 00:49:18.287","availableEndTime":"2026-10-07 17:29:18.287"}
{"availableBeginTime":"2026-10-07 00:49:18.287","availableEndTime":"2026-10-07 17:29:18.287"}
{"availableBeginTime":"2026-10-07 00:49:18.287","availableEndTime":"2026-10-07 17:29:18.287"}
{"availableBeginTime":"2026-10-07 00:49:18.287","availableEndTime":"2026-10-07 17:29:18.287"}
{"availableBeginTime":"2026-10-07 00:49:18.287","availableEndTime":"2026-10-07 17:29:18.287"}
{"availableBeginTime":"2026-10-07 00:49:18.287","availableEndTime":"2026-10-07 17:29:18.287"}
{"availableBeginTime":"2026-10-07 00:49:18.287","availableEndTime":"2026-10-07 17:29:18.287"}
{"availableBeginTime":"2026-10-07 00:49:18.287","availableEndTime":"2026-10-07 17:29:18.287"}
{"availableBeginTime":"2026-10-07 00:49:18.287","availableEndTime":"2026-10-07 17:29:18.287"}
{"availableBeginTime":"2026-10-07 00:49:18.287","availableEndTime":"2026-10-07 17:29:18.287"}
{"availableBeginTime":"2026-10-07 00:49:18.287","availableEndTime":"2026-10-07 17:29:18.287"}
{"availableBeginTime":"2026-10-07 00:49:18.287","availableEndTime":"2026-10-07 17:29:18.287"}
{"availableBeginTime":"2026-10-07 00:49:18.287","availableEndTime":"2026-10-07 17:29:18.287"}
{"availableBeginTime":"2026-10-07 00:49:18.287","availableEndTime":"2026-10-07 17:29:18.287"}
{"availableBeginTime":"2026-10-07 00:49:18.287","availableEndTime":"2026-10-07 17:29:18.287"}
{"availableBeginTime":"2026-10-07 00:49:18.287","availableEndTime":"2026-10-07 17:29:18.287"}
{"availableBeginTime":"2026-10-07 00:49:18.287","availableEndTime":"2026-10-07 17:29:18.287"}
{"availableBeginTime":"2026-10-07 00:49:18.287","availableEndTime":"2026-10-07 17:29:18.287"}
{"availableBeginTime":"2026-10-07 00:49:18.287","availableEndTime":"2026-10-07 17:29:18.287"}
{"availableBeginTime":"2026-10-07 00:49:18.287","availableEndTime":"2026-10-07 17:29:18.287"}
{"availableBeginTime":"2026-10-07 00:49:18.287","availableEndTime":"2026-10-07 17:29:18.287"}
{"availableBeginTime":"2026-10-07 00:49:18.287","availableEndTime":"2026-10-07 17:29:18.287"}
{"availableBeginTime":"2026-10-07 00:49:18.287","availableEndTime":"2026-10-07 17:29:18.287"}
{"availableBeginTime":"2026-10-07 00:49:18.287","availableEndTime":"2026-10-07 17:29:18.287"}
{"availableBeginTime":"2026-10-07 00:49:18.287","availableEndTime":"2026-10-07 17:29:18.287"}
{"availableBeginTime":"2026-10-07 00:49:18.287","availableEndTime":"2026-10-07 17:29:18.287"}
{"availableBeginTime":"2026-10-07 00:49:18.287","availableEndTime":"2026-10-07 17:29:18.287"}
{"availableBeginTime":"2026-10-07 00:49:18.287","availableEndTime":"2026-10-07 17:29:18.287"}
{"availableBeginTime":"2026-10-07 00:49:18.287","availableEndTime":"2026-10-07 17:29:18.287"}
{"availableBeginTime":"2026-10-07 00:49:18.287","availableEndTime":"2026-10-07 17:29:18.287"}
{"availableBeginTime":"2026-10-07 00:49:18.287","availableEndTime":"2026-10-07 17:29:18.287"}
{"availableBeginTime":"2026-10-07 00:49:18.287","availableEndTime":"2026-10-07 17:29:18.287"}
{"availableBeginTime":"2026-10-07 00:49:18.287","availableEndTime":"2026-10-07 17:29:18.287"}
{"availableBeginTime":"2026-10-07 00:49:18.287","availableEndTime":"2026-10-07 17:29:18.287"}
{"availableBeginTime":"2026-10-07 00:49:18.287","availableEndTime":"2026-10-07 17:29:18.287"}
{"availableBeginTime":"2026-10-07 00:49:18.287","availableEndTime":"2026-10-07 17:29:18.287"}
{"availableBeginTime":"2026-10-07 00:49:18.287","availableEndTime":"2026-10-07 17:29:18.287"}
{"availableBeginTime":"2026-10-07 00:49:18.287","availableEndTime":"2026-10-07 17:29:18.287"}
{"availableBeginTime":"2026-10-07 00:49:18.287","availableEndTime":"2026-10-07 17:29:18.287"}
{"availableBeginTime":"2026-10-07 00:49:18.287","availableEndTime":"2026-10-07 17:29:18.287"}
{"availableBeginTime":"2026-10-07 00:49:18.287","availableEndTime":"2026-10-07 17:29:18.287"}
{"availableBeginTime":"2026-10-07 00:49:18.287","availableEndTime":"2026-10-07 17:29:18.287"}
{"availableBeginTime":"2026-10-07 00:49:18.287","availableEndTime":"2026-10-07 17:29:18.287"}
{"availableBeginTime":"2026-10-07 00:49:18.287","availableEndTime":"2026-10-07 17:29:18.287"}
{"availableBeginTime":"2026-10-07 00:49:18.287","availableEndTime":"2026-10-07 17:29:18.287"}
{"availableBeginTime":"2026-10-07 00:49:18.287","availableEndTime":"2026-10-07 17:29:18.287"}
{"availableBeginTime":"2026-10-07 00:49:18.287","availableEndTime":"2026-10-07 17:29:18.287"}
{"availableBeginTime":"2026-10-07 00:49:18.287","availableEndTime":"2026-10-07 17:29:18.287"}
{"availableBeginTime":"2026-10-07 00:49:18.287","availableEndTime":"2026-10-07 17:29:18.287"}
{"availableBeginTime":"2026-10-07 00:49:18.287","availableEndTime":"2026-10-07 17:29:18.287"}
{"availableBeginTime":"2026-10-07 00:49:18.287","availableEndTime":"2026-10-07 17:29:18.287"}
{"availableBeginTime":"2026-10-07 00:49:18.287","availableEndTime":"2026-10-07 17:29:18.287"}
{"availableBeginTime":"2026-10-07 00:49:18.287","availableEndTime":"2026-10-07 17:29:18.287"}
{"availableBeginTime":"2026-10-07 00:49:18.287","availableEndTime":"2026-10-07 17:29:18.287"}
{"availableBeginTime":"2026-10-07 00:49:18.287","availableEndTime":"2026-10-07 17:29:18.287"}
{"availableBeginTime":"2026-10-07 00:49:18.287","availableEndTime":"2026-10-07 17:29:18.287"}
{"availableBeginTime":"2026-10-07 00:49:18.287","availableEndTime":"2026-10-07 17:29:18.287"}
{"availableBeginTime":"2026-10-07 00:49:18.287","availableEndTime":"2026-10-07 17:29:18.287"}
{"availableBeginTime":"2026-10-07 00:49:18.287","availableEndTime":"2026-10-07 17:29:18.287"}
{"availableBeginTime":"2026-10-07 00:49:18.287","availableEndTime":"2026-10-07 17:29:18.287"}
{"availableBeginTime":"2026-10-07 00:49:18.287","availableEndTime":"2026-10-07 17:29:18.287"}
{"availableBeginTime":"2026-10-07 00:49:18.287","availableEndTime":"2026-10-07 17:29:18.287"}
{"availableBeginTime":"2026-10-07 00:49:18.287","availableEndTime":"2026-10-07 17:29:18.287"}
{"availableBeginTime":"2026-10-07 00:49:18.287","availableEndTime":"2026-10-07 17:29:18.287"}
{"availableBeginTime":"2026-10-07 00:49:18.287","availableEndTime":"2026-10-07 17:29:18.287"}
{"availableBeginTime":"2026-10-07 00:49:18.287","availableEndTime":"2026-10-07 17:29:18.287"}
{"availableBeginTime":"2026-10-07 00:49:18.287","availableEndTime":"2026-10-07 17:29:18.287"}
{"availableBeginTime":"2026-10-07 00:49:18.287","availableEndTime":"2026-10-07 17:29:18.287"}
{"availableBeginTime":"2026-10-07 00:49:18.287","availableEndTime":"2026-10-07 17:29:18.287"}
{"availableBeginTime":"2026-10-07 00:49:18.287","availableEndTime":"2026-10-07 17:29:18.287"}
{"availableBeginTime":"2026-10-07 00:49:18.287","availableEndTime":"2026-10-07 17:29:18.287"}
{"availableBeginTime":"2026-10-07 00:49:18.287","availableEndTime":"2026-10-07 17:29:18.287"}
{"availableBeginTime":"2026-10-07 00:49:18.287","availableEndTime":"2026-10-07 17:29:18.287"}
{"availableBeginTime":"2026-10-07 00:49:18.287","availableEndTime":"2026-10-07 17:29:18.287"}
{"availableBeginTime":"2026-10-07 00:49:18.287","availableEndTime":"2026-10-07 17:29:18.287"}
{"availableBeginTime":"2026-10-07 00:49:18.287","availableEndTime":"2026-10-07 17:29:18.287"}
{"availableBeginTime":"2026-10-07 00:49:18.287","availableEndTime":"2026-10-07 17:29:18.287"}
{"availableBeginTime":"2026-10-07 00:49:18.287","availableEndTime":"2026-10-07 17:29:18.287"}
{"availableBeginTime":"2026-10-07 00:49:18.287","availableEndTime":"2026-10-07 17:29:18.287"}
{"availableBeginTime":"2026-10-07 00:49:18.287","availableEndTime":"2026-10-07 17:29:18.287"}
{"availableBeginTime":"2026-10-07 00:49:18.287","availableEndTime":"2026-10-07 17:29:18.287"}
{"availableBeginTime":"2026-10-07 00:49:18.287","availableEndTime":"2026-10-07 17:29:18.287"}
{"availableBeginTime":"2026-10-07 00:49:18.287","availableEndTime":"2026-10-07 17:29:18.287"}
{"availableBeginTime":"2026-10-07 00:49:18.287","availableEndTime":"2026-10-07 17:29:18.287"}
{"availableBeginTime":"2026-10-07 00:49:18.287","availableEndTime":"2026-10-07 17:29:18.287"}
{"availableBeginTime":"2026-10-07 00:49:18.287","availableEndTime":"2026-10-07 17:29:18.287"}
{"availableBeginTime":"2026-10-07 00:49:18.287","availableEndTime":"2026-10-07 17:29:18.287"}
{"availableBeginTime":"2026-10-07 00:49:18.287","availableEndTime":"2026-10-07 17:29:18.287"}
{"availableBeginTime":"2026-10-07 00:49:18.287","availableEndTime":"2026-10-07 17:29:18.287"}
{"availableBeginTime":"2026-10-07 00:49:18.287","availableEndTime":"2026-10-07 17:29:18.287"}
{"availableBeginTime":"2026-10-07 00:49:18.287","availableEndTime":"2026-10-07 17:29:18.287"}
{"availableBeginTime":"2026-10-07 00:49:18.287","availableEndTime":"2026-10-07 17:29:18.287"}
{"availableBeginTime":"2026-10-07 00:49:18.287","availableEndTime":"2026-10-07 17:29:18.287"}
{"availableBeginTime":"2026-10-07 00:49:18.287","availableEndTime":"2026-10-07 17:29:18.287"}
{"availableBeginTime":"2026-10-07 00:49:18.287","availableEndTime":"2026-10-07 17:29:18.287"}
{"availableBeginTime":"2026-10-07 00:49:18.287","availableEndTime":"2026-10-07 17:29:18.287"}
{"availableBeginTime":"2026-10-07 00:49:18.287","availableEndTime":"2026-10-07 17:29:18.287"}
{"availableBeginTime":"2026-10-07 00:49:18.287","availableEndTime":"2026-10-07 17:29:18.287"}
{"availableBeginTime":"2026-10-07 00:49:18.287","availableEndTime":"2026-10-07 17:29:18.287"}
{"availableBeginTime":"2026-10-07 00:49:18.287","availableEndTime":"2026-10-07 17:29:18.287"}
{"availableBeginTime":"2026-10-07 00:49:18.287","availableEndTime":"2026-10-07 17:29:18.287"}
{"availableBeginTime":"2026-10-07 00:49:18.287","availableEndTime":"2026-10-07 17:29:18.287"}
{"availableBeginTime":"2026-10-07 00:49:18.287","availableEndTime":"2026-10-07 17:29:18.287"}
{"availableBeginTime":"2026-10-07 00:49:18.287","availableEndTime":"2026-10-07 17:29:18.287"}
{"availableBeginTime":"2026-10-07 00:49:18.287","availableEndTime":"2026-10-07 17:29:18.287"}
{"availableBeginTime":"2026-10-07 00:49:18.287","availableEndTime":"2026-10-07 17:29:18.287"}
{"availableBeginTime":"2026-10-07 00:49:18.287","availableEndTime":"2026-10-07 17:29:18.287"}
{"availableBeginTime":"2026-10-07 00:49:18.287","availableEndTime":"2026-10-07 17:29:18.287"}
{"availableBeginTime":"2026-10-07 00:49:18.287","availableEndTime":"2026-10-07 17:29:18.287"}
{"availableBeginTime":"2026-10-07 00:49:18.287","availableEndTime":"2026-10-07 17:29:18.287"}
{"availableBeginTime":"2026-10-07 00:49:18.287","availableEndTime":"2026-10-07 17:29:18.287"}
{"availableBeginTime":"2026-10-07 00:49:18.287","availableEndTime":"2026-10-07 17:29:18.287"}
{"availableBeginTime":"2026-10-07 00:49:18.287","availableEndTime":"2026-10-07 17:29:18.287"}
{"availableBeginTime":"2026-10-07 00:49:18.287","availableEndTime":"2026-10-07 17:29:18.287"}
{"availableBeginTime":"2026-10-07 00:49:18.287","availableEndTime":"2026-10-07 17:29:18.287"}
{"availableBeginTime":"2026-10-07 00:49:18.287","availableEndTime":"2026-10-07 17:29:18.287"}
{"availableBeginTime":"2026-10-07 00:49:18.287","availableEndTime":"2026-10-07 17:29:18.287"}
{"availableBeginTime":"2026-10-07 00:49:18.287","availableEndTime":"2026-10-07 17:29:18.287"}
{"availableBeginTime":"2026-10-07 00:49:18.287","availableEndTime":"2026-10-07 17:29:18.287"}
{"availableBeginTime":"2026-10-07 00:49:18.287","availableEndTime":"2026-10-07 17:29:18.287"}
{"availableBeginTime":"2026-10-07 00:49:18.287","availableEndTime":"2026-10-07 17:29:18.287"}
{"availableBeginTime":"2026-10-07 00:49:18.287","availableEndTime":"2026-10-07 17:29:18.287"}
{"availableBeginTime":"2026-10-07 00:49:18.287","availableEndTime":"2026-10-07 17:29:18.287"}
{"availableBeginTime":"2026-10-07 00:49:18.287","availableEndTime":"2026-10-07 17:29:18.287"}
{"availableBeginTime":"2026-10-07 00:49:18.287","availableEndTime":"2026-10-07 17:29:18.287"}
{"availableBeginTime":"2026-10-07 00:49:18.287","availableEndTime":"2026-10-07 17:29:18.287"}
{"availableBeginTime":"2026-10-07 00:49:18.287","availableEndTime":"2026-10-07 17:29:18.287"}
{"availableBeginTime":"2026-10-07 00:49:18.287","availableEndTime":"2026-10-07 17:29:18.287"}
{"availableBeginTime":"2026-10-07 00:49:18.287","availableEndTime":"2026-10-07 17:29:18.287"}
{"availableBeginTime":"2026-10-07 00:49:18.287","availableEndTime":"2026-10-07 17:29:18.287"}
{"availableBeginTime":"2026-10-07 00:49:18.287","availableEndTime":"2026-10-07 17:29:18.287"}
{"availableBeginTime":"2026-10-07 00:49:18.287","availableEndTime":"2026-10-07 17:29:18.287"}
{"availableBeginTime":"2026-10-07 00:49:18.287","availableEndTime":"2026-10-07 17:29:18.287"}
{"availableBeginTime":"2026-10-07 00:49:18.287","availableEndTime":"2026-10-07 17:29:18.287"}
{"availableBeginTime":"2026-10-07 00:49:18.287","availableEndTime":"2026-10-07 17:29:18.287"}
{"availableBeginTime":"2026-10-07 00:49:18.287","availableEndTime":"2026-10-07 17:29:18.287"}
{"availableBeginTime":"2026-10-07 00:49:18.287","availableEndTime":"2026-10-07 17:29:18.287"}
{"availableBeginTime":"2026-10-07 00:49:18.287","availableEndTime":"2026-10-07 17:29:18.287"}
{"availableBeginTime":"2026-10-07 00:49:18.287","availableEndTime":"2026-10-07 17:29:18.287"}
{"availableBeginTime":"2026-10-07 00:49:18.287","availableEndTime":"2026-10-07 17:29:18.287"}
{"availableBeginTime":"2026-10-07 00:49:18.287","availableEndTime":"2026-10-07 17:29:18.287"}
{"availableBeginTime":"2026-10-07 00:49:18.287","availableEndTime":"2026-10-07 17:29:18.287"}
{"availableBeginTime":"2026-10-07 00:49:18.287","availableEndTime":"2026-10-07 17:29:18.287"}
{"availableBeginTime":"2026-10-07 00:49:18.287","availableEndTime":"2026-10-07 17:29:18.287"}
{"availableBeginTime":"2026-10-07 00:49:18.287","availableEndTime":"2026-10-07 17:29:18.287"}
{"availableBeginTime":"2026-10-07 00:49:18.287","availableEndTime":"2026-10-07 17:29:18.287"}
{"availableBeginTime":"2026-10-07 00:49:18.287","availableEndTime":"2026-10-07 17:29:18.287"}
{"availableBeginTime":"2026-10-07 00:49:18.287","availableEndTime":"2026-10-07 17:29:18.287"}
{"availableBeginTime":"2026-10-07 00:49:18.287","availableEndTime":"2026-10-07 17:29:18.287"}
{"availableBeginTime":"2026-10-07 00:49:18.287","availableEndTime":"2026-10-07 17:29:18.287"}
{"availableBeginTime":"2026-10-07 00:49:18.287","availableEndTime":"2026-10-07 17:29:18.287"}
{"availableBeginTime":"2026-10-07 00:49:18.287","availableEndTime":"2026-10-07 17:29:18.287"}
{"availableBeginTime":"2026-10-07 00:49:18.287","availableEndTime":"2026-10-07 17:29:18.287"}
{"availableBeginTime":"2026-10-07 00:49:18.287","availableEndTime":"2026-10-07 17:29:18.287"}
{"availableBeginTime":"2026-10-07 00:49:18.287","availableEndTime":"2026-10-07 17:29:18.287"}
{"availableBeginTime":"2026-10-07 00:49:18.287","availableEndTime":"2026-10-07 17:29:18.287"}
{"availableBeginTime":"2026-10-07 00:49:18.287","availableEndTime":"2026-10-07 17:29:18.287"}
{"availableBeginTime":"2026-10-07 00:49:18.287","availableEndTime":"2026-10-07 17:29:18.287"}
{"availableBeginTime":"2026-10-07 00:49:18.287","availableEndTime":"2026-10-07 17:29:18.287"}
{"availableBeginTime":"2026-10-07 00:49:18.287","availableEndTime":"2026-10-07 17:29:18.287"}
{"availableBeginTime":"2026-10-07 00:49:18.287","availableEndTime":"2026-10-07 17:29:18.287"}
{"availableBeginTime":"2026-10-07 00:49:18.287","availableEndTime":"2026-10-07 17:29:18.287"}
{"availableBeginTime":"2026-10-07 00:49:18.287","availableEndTime":"2026-10-07 17:29:18.287"}
{"availableBeginTime":"2026-10-07 00:49:18.287","availableEndTime":"2026-10-07 17:29:18.287"}
{"availableBeginTime":"2026-10-07 00:49:18.287","availableEndTime":"2026-10-07 17:29:18.287"}
{"availableBeginTime":"2026-10-07 00:49:18.287","availableEndTime":"2026-10-07 17:29:18.287"}
{"availableBeginTime":"2026-10-07 00:49:18.287","availableEndTime":"2026-10-07 17:29:18.287"}
{"availableBeginTime":"2026-10-07 00:49:18.287","availableEndTime":"2026-10-07 17:29:18.287"}
{"availableBeginTime":"2026-10-07 00:49:18.287","availableEndTime":"2026-10-07 17:29:18.287"}
{"availableBeginTime":"2026-10-07 00:49:18.287","availableEndTime":"2026-10-07 17:29:18.287"}
{"availableBeginTime":"2026-10-07 00:49:18.287","availableEndTime":"2026-10-07 17:29:18.287"}
{"availableBeginTime":"2026-10-07 00:49:18.287","availableEndTime":"2026-10-07 17:29:18.287"}
{"availableBeginTime":"2026-10-07 00:49:18.287","availableEndTime":"2026-10-07 17:29:18.287"}
{"availableBeginTime":"2026-10-07 00:49:18.287","availableEndTime":"2026-10-07 17:29:18.287"}
{"availableBeginTime":"2026-10-07 00:49:18.287","availableEndTime":"2026-10-07 17:29:18.287"}
{"availableBeginTime":"2026-10-07 00:49:18.287","availableEndTime":"2026-10-07 17:29:18.287"}
{"availableBeginTime":"2026-10-07 00:49:18.287","availableEndTime":"2026-10-07 17:29:18.287"}
{"availableBeginTime":"2026-10-07 00:49:18.287","availableEndTime":"2026-10-07 17:29:18.287"}
{"availableBeginTime":"2026-10-07 00:49:18.287","availableEndTime":"2026-10-07 17:29:18.287"}
{"availableBeginTime":"2026-10-07 00:49:18.287","availableEndTime":"2026-10-07 17:29:18.287"}
{"availableBeginTime":"2026-10-07 00:49:18.287","availableEndTime":"2026-10-07 17:29:18.287"}
{"availableBeginTime":"2026-10-07 00:49:18.287","availableEndTime":"2026-10-07 17:29:18.287"}
{"availableBeginTime":"2026-10-07 00:49:18.287","availableEndTime":"2026-10-07 17:29:18.287"}
{"availableBeginTime":"2026-10-07 00:49:18.287","availableEndTime":"2026-10-07 17:29:18.287"}
{"availableBeginTime":"2026-10-07 00:49:18.287","availableEndTime":"2026-10-07 17:29:18.287"}
{"availableBeginTime":"2026-10-07 00:49:18.287","availableEndTime":"2026-10-07 17:29:18.287"}
{"availableBeginTime":"2026-10-07 00:49:18.287","availableEndTime":"2026-10-07 17:29:18.287"}
{"availableBeginTime":"2026-10-07 00:49:18.287","availableEndTime":"2026-10-07 17:29:18.287"}
{"availableBeginTime":"2026-10-07 00:49:18.287","availableEndTime":"2026-10-07 17:29:18.287"}
{"availableBeginTime":"2026-10-07 00:49:18.287","availableEndTime":"2026-10-07 17:29:18.287"}
{"availableBeginTime":"2026-10-07 00:49:18.287","availableEndTime":"2026-10-07 17:29:18.287"}
{"availableBeginTime":"2026-10-07 00:49:18.287","availableEndTime":"2026-10-07 17:29:18.287"}
{"availableBeginTime":"2026-10-07 00:49:18.287","availableEndTime":"2026-10-07 17:29:18.287"}
{"availableBeginTime":"2026-10-07 00:49:18.287","availableEndTime":"2026-10-07 17:29:18.287"}
{"availableBeginTime":"2026-10-07 00:49:18.287","availableEndTime":"2026-10-07 17:29:18.287"}
{"availableBeginTime":"2026-10-07 00:49:18.287","availableEndTime":"2026-10-07 17:29:18.287"}
{"availableBeginTime":"2026-10-07 00:49:18.287","availableEndTime":"2026-10-07 17:29:18.287"}
{"availableBeginTime":"2026-10-07 00:49:18.287","availableEndTime":"2026-10-07 17:29:18.287"}
{"availableBeginTime":"2026-10-07 00:49:18.287","availableEndTime":"2026-10-07 17:29:18.287"}
{"availableBeginTime":"2026-10-07 00:49:18.287","availableEndTime":"2026-10-07 17:29:18.287"}
{"availableBeginTime":"2026-10-07 00:49:18.287","availableEndTime":"2026-10-07 17:29:18.287"}
{"availableBeginTime":"2026-10-07 00:49:18.287","availableEndTime":"2026-10-07 17:29:18.287"}
{"availableBeginTime":"2026-10-07 00:49:18.287","availableEndTime":"2026-10-07 17:29:18.287"}
{"availableBeginTime":"2026-10-07 00:49:18.287","availableEndTime":"2026-10-07 17:29:18.287"}
{"availableBeginTime":"2026-10-07 00:49:18.287","availableEndTime":"2026-10-07 17:29:18.287"}
{"availableBeginTime":"2026-10-07 00:49:18.287","availableEndTime":"2026-10-07 17:29:18.287"}
{"availableBeginTime":"2026-10-07 00:49:18.287","availableEndTime":"2026-10-07 17:29:18.287"}
{"availableBeginTime":"2026-10-07 00:49:18.287","availableEndTime":"2026-10-07 17:29:18.287"}
{"availableBeginTime":"2026-10-07 00:49:18.287","availableEndTime":"2026-10-07 17:29:18.287"}
{"availableBeginTime":"2026-10-07 00:49:18.287","availableEndTime":"2026-10-07 17:29:18.287"}
{"availableBeginTime":"2026-10-07 00:49:18.287","availableEndTime":"2026-10-07 17:29:18.287"}
{"availableBeginTime":"2026-10-07 00:49:18.287","availableEndTime":"2026-10-07 17:29:18.287"}
{"availableBeginTime":"2026-10-07 00:49:18.287","availableEndTime":"2026-10-07 17:29:18.287"}
{"availableBeginTime":"2026-10-07 00:49:18.287","availableEndTime":"2026-10-07 17:29:18.287"}
{"availableBeginTime":"2026-10-07 00:49:18.287","availableEndTime":"2026-10-07 17:29:18.287"}
{"availableBeginTime":"2026-10-07 00:49:18.287","availableEndTime":"2026-10-07 17:29:18.287"}
{"availableBeginTime":"2026-10-07 00:49:18.287","availableEndTime":"2026-10-07 17:29:18.287"}
{"availableBeginTime":"2026-10-07 00:49:18.287","availableEndTime":"2026-10-07 17:29:18.287"}
{"availableBeginTime":"2026-10-07 00:49:18.287","availableEndTime":"2026-10-07 17:29:18.287"}
{"availableBeginTime":"2026-10-07 00:49:18.287","availableEndTime":"2026-10-07 17:29:18.287"}
{"availableBeginTime":"2026-10-07 00:49:18.287","availableEndTime":"2026-10-07 17:29:18.287"}
{"availableBeginTime":"2026-10-07 00:49:18.287","availableEndTime":"2026-10-07 17:29:18.287"}
{"availableBeginTime":"2026-10-07 00:49:18.287","availableEndTime":"2026-10-07 17:29:18.287"}
{"availableBeginTime":"2026-10-07 00:49:18.287","availableEndTime":"2026-10-07 17:29:18.287"}
{"availableBeginTime":"2026-10-07 00:49:18.287","availableEndTime":"2026-10-07 17:29:18.287"}
{"availableBeginTime":"2026-10-07 00:49:18.287","availableEndTime":"2026-10-07 17:29:18.287"}
{"availableBeginTime":"2026-10-07 00:49:18.287","availableEndTime":"2026-10-07 17:29:18.287"}
{"availableBeginTime":"2026-10-07 00:49:18.287","availableEndTime":"2026-10-07 17:29:18.287"}
{"availableBeginTime":"2026-10-07 00:49:18.287","availableEndTime":"2026-10-07 17:29:18.287"}
{"availableBeginTime":"2026-10-07 00:49:18.287","availableEndTime":"2026-10-07 17:29:18.287"}
{"availableBeginTime":"2026-10-07 00:49:18.287","availableEndTime":"2026-10-07 17:29:18.287"}
{"availableBeginTime":"2026-10-07 00:49:18.287","availableEndTime":"2026-10-07 17:29:18.287"}
{"availableBeginTime":"2026-10-07 00:49:18.287","availableEndTime":"2026-10-07 17:29:18.287"}
{"availableBeginTime":"2026-10-07 00:49:18.287","availableEndTime":"2026-10-07 17:29:18.287"}
{"availableBeginTime":"2026-10-07 00:49:18.287","availableEndTime":"2026-10-07 17:29:18.287"}
{"availableBeginTime":"2026-10-07 00:49:18.287","availableEndTime":"2026-10-07 17:29:18.287"}
{"availableBeginTime":"2026-10-07 00:49:18.287","availableEndTime":"2026-10-07 17:29:18.287"}
{"availableBeginTime":"2026-10-07 00:49:18.287","availableEndTime":"2026-10-07 17:29:18.287"}
{"availableBeginTime":"2026-10-07 00:49:18.287","availableEndTime":"2026-10-07 17:29:18.287"}
{"availableBeginTime":"2026-10-07 00:49:18.287","availableEndTime":"2026-10-07 17:29:18.287"}
{"availableBeginTime":"2026-10-07 00:49:18.287","availableEndTime":"2026-10-07 17:29:18.287"}
{"availableBeginTime":"2026-10-07 00:49:18.287","availableEndTime":"2026-10-07 17:29:18.287"}
{"availableBeginTime":"2026-10-07 00:49:18.287","availableEndTime":"2026-10-07 17:29:18.287"}
{"availableBeginTime":"2026-10-07 00:49:18.287","availableEndTime":"2026-10-07 17:29:18.287"}
{"availableBeginTime":"2026-10-07 00:49:18.287","availableEndTime":"2026-10-07 17:29:18.287"}
{"availableBeginTime":"2026-10-07 00:49:18.287","availableEndTime":"2026-10-07 17:29:18.287"}
{"availableBeginTime":"2026-10-07 00:49:18.287","availableEndTime":"2026-10-07 17:29:18.287"}
{"availableBeginTime":"2026-10-07 00:49:18.287","availableEndTime":"2026-10-07 17:29:18.287"}
{"availableBeginTime":"2026-10-07 00:49:18.287","availableEndTime":"2026-10-07 17:29:18.287"}
{"availableBeginTime":"2026-10-07 00:49:18.287","availableEndTime":"2026-10-07 17:29:18.287"}
{"availableBeginTime":"2026-10-07 00:49:18.287","availableEndTime":"2026-10-07 17:29:18.287"}
{"availableBeginTime":"2026-10-07 00:49:18.287","availableEndTime":"2026-10-07 17:29:18.287"}
{"availableBeginTime":"2026-10-07 00:49:18.287","availableEndTime":"2026-10-07 17:29:18.287"}
{"availableBeginTime":"2026-10-07 00:49:18.287","availableEndTime":"2026-10-07 17:29:18.287"}
{"availableBeginTime":"2026-10-07 00:49:18.287","availableEndTime":"2026-10-07 17:29:18.287"}
{"availableBeginTime":"2026-10-07 00:49:18.287","availableEndTime":"2026-10-07 17:29:18.287"}
{"availableBeginTime":"2026-10-07 00:49:18.287","availableEndTime":"2026-10-07 17:29:18.287"}
{"availableBeginTime":"2026-10-07 00:49:18.287","availableEndTime":"2026-10-07 17:29:18.287"}
{"availableBeginTime":"2026-10-07 00:49:18.287","availableEndTime":"2026-10-07 17:29:18.287"}
{"availableBeginTime":"2026-10-07 00:49:18.287","availableEndTime":"2026-10-07 17:29:18.287"}
{"availableBeginTime":"2026-10-07 00:49:18.287","availableEndTime":"2026-10-07 17:29:18.287"}
{"availableBeginTime":"2026-10-07 00:49:18.287","availableEndTime":"2026-10-07 17:29:18.287"}
{"availableBeginTime":"2026-10-07 00:49:18.287","availableEndTime":"2026-10-07 17:29:18.287"}
{"availableBeginTime":"2026-10-07 00:49:18.287","availableEndTime":"2026-10-07 17:29:18.287"}
{"availableBeginTime":"2026-10-07 00:49:18.287","availableEndTime":"2026-10-07 17:29:18.287"}
{"availableBeginTime":"2026-10-07 00:49:18.287","availableEndTime":"2026-10-07 17:29:18.287"}
{"availableBeginTime":"2026-10-07 00:49:18.287","availableEndTime":"2026-10-07 17:29:18.287"}
{"availableBeginTime":"2026-10-07 00:49:18.287","availableEndTime":"2026-10-07 17:29:18.287"}
{"availableBeginTime":"2026-10-07 00:49:18.287","availableEndTime":"2026-10-07 17:29:18.287"}
{"availableBeginTime":"2026-10-07 00:49:18.287","availableEndTime":"2026-10-07 17:29:18.287"}
{"availableBeginTime":"2026-10-07 00:49:18.287","availableEndTime":"2026-10-07 17:29:18.287"}
{"availableBeginTime":"2026-10-07 00:49:18.287","availableEndTime":"2026-10-07 17:29:18.287"}
{"availableBeginTime":"2026-10-07 00:49:18.287","availableEndTime":"2026-10-07 17:29:18.287"}
{"availableBeginTime":"2026-10-07 00:49:18.287","availableEndTime":"2026-10-07 17:29:18.287"}
{"availableBeginTime":"2026-10-07 00:49:18.287","availableEndTime":"2026-10-07 17:29:18.287"}
{"availableBeginTime":"2026-10-07 00:49:18.287","availableEndTime":"2026-10-07 17:29:18.287"}
{"availableBeginTime":"2026-10-07 00:49:18.287","availableEndTime":"2026-10-07 17:29:18.287"}
{"availableBeginTime":"2026-10-07 00:49:18.287","availableEndTime":"2026-10-07 17:29:18.287"}
{"availableBeginTime":"2026-10-07 00:49:18.287","availableEndTime":"2026-10-07 17:29:18.287"}
{"availableBeginTime":"2026-10-07 00:49:18.287","availableEndTime":"2026-10-07 17:29:18.287"}
{"availableBeginTime":"2026-10-07 00:49:18.287","availableEndTime":"2026-10-07 17:29:18.287"}
{"availableBeginTime":"2026-10-07 00:49:18.287","availableEndTime":"2026-10-07 17:29:18.287"}
{"availableBeginTime":"2026-10-07 00:49:18.287","availableEndTime":"2026-10-07 17:29:18.287"}
{"availableBeginTime":"2026-10-07 00:49:18.287","availableEndTime":"2026-10-07 17:29:18.287"}
{"availableBeginTime":"2026-10-07 00:49:18.287","availableEndTime":"2026-10-07 17:29:18.287"}
{"availableBeginTime":"2026-10-07 00:49:18.287","availableEndTime":"2026-10-07 17:29:18.287"}
{"availableBeginTime":"2026-10-07 00:49:18.287","availableEndTime":"2026-10-07 17:29:18.287"}
{"availableBeginTime":"2026-10-07 00:49:18.287","availableEndTime":"2026-10-07 17:29:18.287"}
{"availableBeginTime":"2026-10-07 00:49:18.287","availableEndTime":"2026-10-07 17:29:18.287"}
{"availableBeginTime":"2026-10-07 00:49:18.287","availableEndTime":"2026-10-07 17:29:18.287"}
{"availableBeginTime":"2026-10-07 00:49:18.287","availableEndTime":"2026-10-07 17:29:18.287"}
{"availableBeginTime":"2026-10-07 00:49:18.287","availableEndTime":"2026-10-07 17:29:18.287"}
{"availableBeginTime":"2026-10-07 00:49:18.287","availableEndTime":"2026-10-07 17:29:18.287"}
{"availableBeginTime":"2026-10-07 00:49:18.287","availableEndTime":"2026-10-07 17:29:18.287"}
{"availableBeginTime":"2026-10-07 00:49:18.287","availableEndTime":"2026-10-07 17:29:18.287"}
{"availableBeginTime":"2026-10-07 00:49:18.287","availableEndTime":"2026-10-07 17:29:18.287"}
{"availableBeginTime":"2026-10-07 00:49:18.287","availableEndTime":"2026-10-07 17:29:18.287"}
{"availableBeginTime":"2026-10-07 00:49:18.287","availableEndTime":"2026-10-07 17:29:18.287"}
{"availableBeginTime":"2026-10-07 00:49:18.287","availableEndTime":"2026-10-07 17:29:18.287"}
{"availableBeginTime":"2026-10-07 00:49:18.287","availableEndTime":"2026-10-07 17:29:18.287"}
{"availableBeginTime":"2026-10-07 00:49:18.287","availableEndTime":"2026-10-07 17:29:18.287"}
{"availableBeginTime":"2026-10-07 00:49:18.287","availableEndTime":"2026-10-07 17:29:18.287"}
{"availableBeginTime":"2026-10-07 00:49:18.287","availableEndTime":"2026-10-07 17:29:18.287"}
{"availableBeginTime":"2026-10-07 00:49:18.287","availableEndTime":"2026-10-07 17:29:18.287"}
{"availableBeginTime":"2026-10-07 00:49:18.287","availableEndTime":"2026-10-07 17:29:18.287"}
{"availableBeginTime":"2026-10-07 00:49:18.287","availableEndTime":"2026-10-07 17:29:18.287"}
{"availableBeginTime":"2026-10-07 00:49:18.287","availableEndTime":"2026-10-07 17:29:18.287"}
{"availableBeginTime":"2026-10-07 00:49:18.287","availableEndTime":"2026-10-07 17:29:18.287"}
{"availableBeginTime":"2026-10-07 00:49:18.287","availableEndTime":"2026-10-07 17:29:18.287"}
{"availableBeginTime":"2026-10-07 00:49:18.287","availableEndTime":"2026-10-07 17:29:18.287"}
{"availableBeginTime":"2026-10-07 00:49:18.287","availableEndTime":"2026-10-07 17:29:18.287"}
{"availableBeginTime":"2026-10-07 00:49:18.287","availableEndTime":"2026-10-07 17:29:18.287"}
{"availableBeginTime":"2026-10-07 00:49:18.287","availableEndTime":"2026-10-07 17:29:18.287"}
{"availableBeginTime":"2026-10-07 00:49:18.287","availableEndTime":"2026-10-07 17:29:18.287"}
{"availableBeginTime":"2026-10-07 00:49:18.287","availableEndTime":"2026-10-07 17:29:18.287"}
{"availableBeginTime":"2026-10-07 00:49:18.287","availableEndTime":"2026-10-07 17:29:18.287"}
{"availableBeginTime":"2026-10-07 00:49:18.287","availableEndTime":"2026-10-07 17:29:18.287"}
{"availableBeginTime":"2026-10-07 00:49:18.287","availableEndTime":"2026-10-07 17:29:18.287"}
{"availableBeginTime":"2026-10-07 00:49:18.287","availableEndTime":"2026-10-07 17:29:18.287"}
{"availableBeginTime":"2026-10-07 00:49:18.287","availableEndTime":"2026-10-07 17:29:18.287"}
{"availableBeginTime":"2026-10-07 00:49:18.287","availableEndTime":"2026-10-07 17:29:18.287"}
{"availableBeginTime":"2026-10-07 00:49:18.287","availableEndTime":"2026-10-07 17:29:18.287"}
{"availableBeginTime":"2026-10-07 00:49:18.287","availableEndTime":"2026-10-07 17:29:18.287"}
{"availableBeginTime":"2026-10-07 00:49:18.287","availableEndTime":"2026-10-07 17:29:18.287"}
{"availableBeginTime":"2026-10-07 00:49:18.287","availableEndTime":"2026-10-07 17:29:18.287"}
{"availableBeginTime":"2026-10-07 00:49:18.287","availableEndTime":"2026-10-07 17:29:18.287"}
{"availableBeginTime":"2026-10-07 00:49:18.287","availableEndTime":"2026-10-07 17:29:18.287"}
{"availableBeginTime":"2026-10-07 00:49:18.288","availableEndTime":"2026-10-07 17:29:18.288"}
{"availableBeginTime":"2026-10-07 00:49:18.288","availableEndTime":"2026-10-07 17:29:18.288"}
{"availableBeginTime":"2026-10-07 00:49:18.288","availableEndTime":"2026-10-07 17:29:18.288"}
{"availableBeginTime":"2026-10-07 00:49:18.288","availableEndTime":"2026-10-07 17:29:18.288"}
{"availableBeginTime":"2026-10-07 00:49:18.288","availableEndTime":"2026-10-07 17:29:18.288"}
{"availableBeginTime":"2026-10-07 00:49:18.288","availableEndTime":"2026-10-07 17:29:18.288"}
{"availableBeginTime":"2026-10-07 00:49:18.288","availableEndTime":"2026-10-07 17:29:18.288"}
{"availableBeginTime":"2026-10-07 00:49:18.288","availableEndTime":"2026-10-07 17:29:18.288"}
{"availableBeginTime":"2026-10-07 00:49:18.288","availableEndTime":"2026-10-07 17:29:18.288"}
{"availableBeginTime":"2026-10-07 00:49:18.288","availableEndTime":"2026-10-07 17:29:18.288"}
{"availableBeginTime":"2026-10-07 00:49:18.288","availableEndTime":"2026-10-07 17:29:18.288"}
{"availableBeginTime":"2026-10-07 00:49:18.288","availableEndTime":"2026-10-07 17:29:18.288"}
{"availableBeginTime":"2026-10-07 00:49:18.288","availableEndTime":"2026-10-07 17:29:18.288"}
{"availableBeginTime":"2026-10-07 00:49:18.288","availableEndTime":"2026-10-07 17:29:18.288"}
{"availableBeginTime":"2026-10-07 00:49:18.288","availableEndTime":"2026-10-07 17:29:18.288"}
{"availableBeginTime":"2026-10-07 00:49:18.288","availableEndTime":"2026-10-07 17:29:18.288"}
{"availableBeginTime":"2026-10-07 00:49:18.288","availableEndTime":"2026-10-07 17:29:18.288"}
{"availableBeginTime":"2026-10-07 00:49:18.288","availableEndTime":"2026-10-07 17:29:18.288"}
{"availableBeginTime":"2026-10-07 00:49:18.288","availableEndTime":"2026-10-07 17:29:18.288"}
{"availableBeginTime":"2026-10-07 00:49:18.288","availableEndTime":"2026-10-07 17:29:18.288"}
{"availableBeginTime":"2026-10-07 00:49:18.288","availableEndTime":"2026-10-07 17:29:18.288"}
{"availableBeginTime":"2026-10-07 00:49:18.288","availableEndTime":"2026-10-07 17:29:18.288"}
{"availableBeginTime":"2026-10-07 00:49:18.288","availableEndTime":"2026-10-07 17:29:18.288"}
{"availableBeginTime":"2026-10-07 00:49:18.288","availableEndTime":"2026-10-07 17:29:18.288"}
{"availableBeginTime":"2026-10-07 00:49:18.288","availableEndTime":"2026-10-07 17:29:18.288"}
{"availableBeginTime":"2026-10-07 00:49:18.288","availableEndTime":"2026-10-07 17:29:18.288"}
{"availableBeginTime":"2026-10-07 00:49:18.288","availableEndTime":"2026-10-07 17:29:18.288"}
{"availableBeginTime":"2026-10-07 00:49:18.288","availableEndTime":"2026-10-07 17:29:18.288"}
{"availableBeginTime":"2026-10-07 00:49:18.288","availableEndTime":"2026-10-07 17:29:18.288"}
{"availableBeginTime":"2026-10-07 00:49:18.288","availableEndTime":"2026-10-07 17:29:18.288"}
{"availableBeginTime":"2026-10-07 00:49:18.288","availableEndTime":"2026-10-07 17:29:18.288"}
{"availableBeginTime":"2026-10-07 00:49:18.288","availableEndTime":"2026-10-07 17:29:18.288"}
{"availableBeginTime":"2026-10-07 00:49:18.288","availableEndTime":"2026-10-07 17:29:18.288"}
{"availableBeginTime":"2026-10-07 00:49:18.288","availableEndTime":"2026-10-07 17:29:18.288"}
{"availableBeginTime":"2026-10-07 00:49:18.288","availableEndTime":"2026-10-07 17:29:18.288"}
{"availableBeginTime":"2026-10-07 00:49:18.288","availableEndTime":"2026-10-07 17:29:18.288"}
{"availableBeginTime":"2026-10-07 00:49:18.288","availableEndTime":"2026-10-07 17:29:18.288"}
{"availableBeginTime":"2026-10-07 00:49:18.288","availableEndTime":"2026-10-07 17:29:18.288"}
{"availableBeginTime":"2026-10-07 00:49:18.288","availableEndTime":"2026-10-07 17:29:18.288"}
{"availableBeginTime":"2026-10-07 00:49:18.288","availableEndTime":"2026-10-07 17:29:18.288"}
{"availableBeginTime":"2026-10-07 00:49:18.288","availableEndTime":"2026-10-07 17:29:18.288"}
{"availableBeginTime":"2026-10-07 00:49:18.288","availableEndTime":"2026-10-07 17:29:18.288"}
{"availableBeginTime":"2026-10-07 00:49:18.288","availableEndTime":"2026-10-07 17:29:18.288"}
{"availableBeginTime":"2026-10-07 00:49:18.288","availableEndTime":"2026-10-07 17:29:18.288"}
{"availableBeginTime":"2026-10-07 00:49:18.288","availableEndTime":"2026-10-07 17:29:18.288"}
{"availableBeginTime":"2026-10-07 00:49:18.288","availableEndTime":"2026-10-07 17:29:18.288"}
{"availableBeginTime":"2026-10-07 00:49:18.288","availableEndTime":"2026-10-07 17:29:18.288"}
{"availableBeginTime":"2026-10-07 00:49:18.288","availableEndTime":"2026-10-07 17:29:18.288"}
{"availableBeginTime":"2026-10-07 00:49:18.288","availableEndTime":"2026-10-07 17:29:18.288"}
{"availableBeginTime":"2026-10-07 00:49:18.288","availableEndTime":"2026-10-07 17:29:18.288"}
{"availableBeginTime":"2026-10-07 00:49:18.288","availableEndTime":"2026-10-07 17:29:18.288"}
{"availableBeginTime":"2026-10-07 00:49:18.288","availableEndTime":"2026-10-07 17:29:18.288"}
{"availableBeginTime":"2026-10-07 00:49:18.288","availableEndTime":"2026-10-07 17:29:18.288"}
{"availableBeginTime":"2026-10-07 00:49:18.288","availableEndTime":"2026-10-07 17:29:18.288"}
{"availableBeginTime":"2026-10-07 00:49:18.288","availableEndTime":"2026-10-07 17:29:18.288"}
{"availableBeginTime":"2026-10-07 00:49:18.288","availableEndTime":"2026-10-07 17:29:18.288"}
{"availableBeginTime":"2026-10-07 00:49:18.288","availableEndTime":"2026-10-07 17:29:18.288"}
{"availableBeginTime":"2026-10-07 00:49:18.288","availableEndTime":"2026-10-07 17:29:18.288"}
{"availableBeginTime":"2026-10-07 00:49:18.288","availableEndTime":"2026-10-07 17:29:18.288"}
{"availableBeginTime":"2026-10-07 00:49:18.288","availableEndTime":"2026-10-07 17:29:18.288"}
{"availableBeginTime":"2026-10-07 00:49:18.288","availableEndTime":"2026-10-07 17:29:18.288"}
{"availableBeginTime":"2026-10-07 00:49:18.288","availableEndTime":"2026-10-07 17:29:18.288"}
{"availableBeginTime":"2026-10-07 00:49:18.288","availableEndTime":"2026-10-07 17:29:18.288"}
{"availableBeginTime":"2026-10-07 00:49:18.288","availableEndTime":"2026-10-07 17:29:18.288"}
{"availableBeginTime":"2026-10-07 00:49:18.288","availableEndTime":"2026-10-07 17:29:18.288"}
{"availableBeginTime":"2026-10-07 00:49:18.288","availableEndTime":"2026-10-07 17:29:18.288"}
{"availableBeginTime":"2026-10-07 00:49:18.288","availableEndTime":"2026-10-07 17:29:18.288"}
{"availableBeginTime":"2026-10-07 00:49:18.288","availableEndTime":"2026-10-07 17:29:18.288"}
{"availableBeginTime":"2026-10-07 00:49:18.288","availableEndTime":"2026-10-07 17:29:18.288"}
{"availableBeginTime":"2026-10-07 00:49:18.288","availableEndTime":"2026-10-07 17:29:18.288"}
{"availableBeginTime":"2026-10-07 00:49:18.288","availableEndTime":"2026-10-07 17:29:18.288"}
{"availableBeginTime":"2026-10-07 00:49:18.288","availableEndTime":"2026-10-07 17:29:18.288"}
{"availableBeginTime":"2026-10-07 00:49:18.288","availableEndTime":"2026-10-07 17:29:18.288"}
{"availableBeginTime":"2026-10-07 00:49:18.288","availableEndTime":"2026-10-07 17:29:18.288"}
{"availableBeginTime":"2026-10-07 00:49:18.288","availableEndTime":"2026-10-07 17:29:18.288"}
{"availableBeginTime":"2026-10-07 00:49:18.288","availableEndTime":"2026-10-07 17:29:18.288"}
{"availableBeginTime":"2026-10-07 00:49:18.288","availableEndTime":"2026-10-07 17:29:18.288"}
{"availableBeginTime":"2026-10-07 00:49:18.288","availableEndTime":"2026-10-07 17:29:18.288"}
{"availableBeginTime":"2026-10-07 00:49:18.288","availableEndTime":"2026-10-07 17:29:18.288"}
{"availableBeginTime":"2026-10-07 00:49:18.288","availableEndTime":"2026-10-07 17:29:18.288"}
{"availableBeginTime":"2026-10-07 00:49:18.288","availableEndTime":"2026-10-07 17:29:18.288"}
{"availableBeginTime":"2026-10-07 00:49:18.288","availableEndTime":"2026-10-07 17:29:18.288"}
{"availableBeginTime":"2026-10-07 00:49:18.288","availableEndTime":"2026-10-07 17:29:18.288"}
{"availableBeginTime":"2026-10-07 00:49:18.288","availableEndTime":"2026-10-07 17:29:18.288"}
{"availableBeginTime":"2026-10-07 00:49:18.288","availableEndTime":"2026-10-07 17:29:18.288"}
{"availableBeginTime":"2026-10-07 00:49:18.288","availableEndTime":"2026-10-07 17:29:18.288"}
{"availableBeginTime":"2026-10-07 00:49:18.288","availableEndTime":"2026-10-07 17:29:18.288"}
{"availableBeginTime":"2026-10-07 00:49:18.288","availableEndTime":"2026-10-07 17:29:18.288"}
{"availableBeginTime":"2026-10-07 00:49:18.288","availableEndTime":"2026-10-07 17:29:18.288"}
{"availableBeginTime":"2026-10-07 00:49:18.288","availableEndTime":"2026-10-07 17:29:18.288"}
{"availableBeginTime":"2026-10-07 00:49:18.288","availableEndTime":"2026-10-07 17:29:18.288"}
{"availableBeginTime":"2026-10-07 00:49:18.288","availableEndTime":"2026-10-07 17:29:18.288"}
{"availableBeginTime":"2026-10-07 00:49:18.288","availableEndTime":"2026-10-07 17:29:18.288"}
{"availableBeginTime":"2026-10-07 00:49:18.288","availableEndTime":"2026-10-07 17:29:18.288"}
{"availableBeginTime":"2026-10-07 00:49:18.288","availableEndTime":"2026-10-07 17:29:18.288"}
{"availableBeginTime":"2026-10-07 00:49:18.288","availableEndTime":"2026-10-07 17:29:18.288"}
{"availableBeginTime":"2026-10-07 00:49:18.288","availableEndTime":"2026-10-07 17:29:18.288"}
{"availableBeginTime":"2026-10-07 00:49:18.288","availableEndTime":"2026-10-07 17:29:18.288"}
{"availableBeginTime":"2026-10-07 00:49:18.288","availableEndTime":"2026-10-07 17:29:18.288"}
{"availableBeginTime":"2026-10-07 00:49:18.288","availableEndTime":"2026-10-07 17:29:18.288"}
{"availableBeginTime":"2026-10-07 00:49:18.288","availableEndTime":"2026-10-07 17:29:18.288"}
{"availableBeginTime":"2026-10-07 00:49:18.288","availableEndTime":"2026-10-07 17:29:18.288"}
{"availableBeginTime":"2026-10-07 00:49:18.288","availableEndTime":"2026-10-07 17:29:18.288"}
{"availableBeginTime":"2026-10-07 00:49:18.288","availableEndTime":"2026-10-07 17:29:18.288"}
{"availableBeginTime":"2026-10-07 00:49:18.288","availableEndTime":"2026-10-07 17:29:18.288"}
{"availableBeginTime":"2026-10-07 00:49:18.288","availableEndTime":"2026-10-07 17:29:18.288"}
{"availableBeginTime":"2026-10-07 00:49:18.288","availableEndTime":"2026-10-07 17:29:18.288"}
{"availableBeginTime":"2026-10-07 00:49:18.288","availableEndTime":"2026-10-07 17:29:18.288"}
{"availableBeginTime":"2026-10-07 00:49:18.288","availableEndTime":"2026-10-07 17:29:18.288"}
{"availableBeginTime":"2026-10-07 00:49:18.288","availableEndTime":"2026-10-07 17:29:18.288"}
{"availableBeginTime":"2026-10-07 00:49:18.288","availableEndTime":"2026-10-07 17:29:18.288"}
{"availableBeginTime":"2026-10-07 00:49:18.288","availableEndTime":"2026-10-07 17:29:18.288"}
{"availableBeginTime":"2026-10-07 00:49:18.288","availableEndTime":"2026-10-07 17:29:18.288"}
{"availableBeginTime":"2026-10-07 00:49:18.288","availableEndTime":"2026-10-07 17:29:18.288"}
{"availableBeginTime":"2026-10-07 00:49:18.288","availableEndTime":"2026-10-07 17:29:18.288"}
{"availableBeginTime":"2026-10-07 00:49:18.288","availableEndTime":"2026-10-07 17:29:18.288"}
{"availableBeginTime":"2026-10-07 00:49:18.288","availableEndTime":"2026-10-07 17:29:18.288"}
{"availableBeginTime":"2026-10-07 00:49:18.288","availableEndTime":"2026-10-07 17:29:18.288"}
{"availableBeginTime":"2026-10-07 00:49:18.288","availableEndTime":"2026-10-07 17:29:18.288"}
{"availableBeginTime":"2026-10-07 00:49:18.288","availableEndTime":"2026-10-07 17:29:18.288"}
{"availableBeginTime":"2026-10-07 00:49:18.288","availableEndTime":"2026-10-07 17:29:18.288"}
{"availableBeginTime":"2026-10-07 00:49:18.288","availableEndTime":"2026-10-07 17:29:18.288"}
{"availableBeginTime":"2026-10-07 00:49:18.288","availableEndTime":"2026-10-07 17:29:18.288"}
{"availableBeginTime":"2026-10-07 00:49:18.288","availableEndTime":"2026-10-07 17:29:18.288"}
{"availableBeginTime":"2026-10-07 00:49:18.288","availableEndTime":"2026-10-07 17:29:18.288"}
{"availableBeginTime":"2026-10-07 00:49:18.288","availableEndTime":"2026-10-07 17:29:18.288"}
{"availableBeginTime":"2026-10-07 00:49:18.288","availableEndTime":"2026-10-07 17:29:18.288"}
{"availableBeginTime":"2026-10-07 00:49:18.288","availableEndTime":"2026-10-07 17:29:18.288"}
{"availableBeginTime":"2026-10-07 00:49:18.288","availableEndTime":"2026-10-07 17:29:18.288"}
{"availableBeginTime":"2026-10-07 00:49:18.288","availableEndTime":"2026-10-07 17:29:18.288"}
{"availableBeginTime":"2026-10-07 00:49:18.288","availableEndTime":"2026-10-07 17:29:18.288"}
{"availableBeginTime":"2026-10-07 00:49:18.288","availableEndTime":"2026-10-07 17:29:18.288"}
{"availableBeginTime":"2026-10-07 00:49:18.288","availableEndTime":"2026-10-07 17:29:18.288"}
{"availableBeginTime":"2026-10-07 00:49:18.288","availableEndTime":"2026-10-07 17:29:18.288"}
{"availableBeginTime":"2026-10-07 00:49:18.288","availableEndTime":"2026-10-07 17:29:18.288"}
{"availableBeginTime":"2026-10-07 00:49:18.288","availableEndTime":"2026-10-07 17:29:18.288"}
{"availableBeginTime":"2026-10-07 00:49:18.288","availableEndTime":"2026-10-07 17:29:18.288"}
{"availableBeginTime":"2026-10-07 00:49:18.288","availableEndTime":"2026-10-07 17:29:18.288"}
{"availableBeginTime":"2026-10-07 00:49:18.288","availableEndTime":"2026-10-07 17:29:18.288"}
{"availableBeginTime":"2026-10-07 00:49:18.288","availableEndTime":"2026-10-07 17:29:18.288"}
{"availableBeginTime":"2026-10-07 00:49:18.288","availableEndTime":"2026-10-07 17:29:18.288"}
{"availableBeginTime":"2026-10-07 00:49:18.288","availableEndTime":"2026-10-07 17:29:18.288"}
{"availableBeginTime":"2026-10-07 00:49:18.288","availableEndTime":"2026-10-07 17:29:18.288"}
{"availableBeginTime":"2026-10-07 00:49:18.288","availableEndTime":"2026-10-07 17:29:18.288"}
{"availableBeginTime":"2026-10-07 00:49:18.288","availableEndTime":"2026-10-07 17:29:18.288"}
{"availableBeginTime":"2026-10-07 00:49:18.288","availableEndTime":"2026-10-07 17:29:18.288"}
{"availableBeginTime":"2026-10-07 00:49:18.288","availableEndTime":"2026-10-07 17:29:18.288"}
{"availableBeginTime":"2026-10-07 00:49:18.288","availableEndTime":"2026-10-07 17:29:18.288"}
{"availableBeginTime":"2026-10-07 00:49:18.288","availableEndTime":"2026-10-07 17:29:18.288"}
{"availableBeginTime":"2026-10-07 00:49:18.288","availableEndTime":"2026-10-07 17:29:18.288"}
{"availableBeginTime":"2026-10-07 00:49:18.288","availableEndTime":"2026-10-07 17:29:18.288"}
{"availableBeginTime":"2026-10-07 00:49:18.288","availableEndTime":"2026-10-07 17:29:18.288"}
{"availableBeginTime":"2026-10-07 00:49:18.288","availableEndTime":"2026-10-07 17:29:18.288"}
{"availableBeginTime":"2026-10-07 00:49:18.288","availableEndTime":"2026-10-07 17:29:18.288"}
{"availableBeginTime":"2026-10-07 00:49:18.288","availableEndTime":"2026-10-07 17:29:18.288"}
{"availableBeginTime":"2026-10-07 00:49:18.288","availableEndTime":"2026-10-07 17:29:18.288"}
{"availableBeginTime":"2026-10-07 00:49:18.288","availableEndTime":"2026-10-07 17:29:18.288"}
{"availableBeginTime":"2026-10-07 00:49:18.288","availableEndTime":"2026-10-07 17:29:18.288"}
{"availableBeginTime":"2026-10-07 00:49:18.288","availableEndTime":"2026-10-07 17:29:18.288"}
{"availableBeginTime":"2026-10-07 00:49:18.288","availableEndTime":"2026-10-07 17:29:18.288"}
{"availableBeginTime":"2026-10-07 00:49:18.288","availableEndTime":"2026-10-07 17:29:18.288"}
{"availableBeginTime":"2026-10-07 00:49:18.288","availableEndTime":"2026-10-07 17:29:18.288"}
{"availableBeginTime":"2026-10-07 00:49:18.288","availableEndTime":"2026-10-07 17:29:18.288"}
{"availableBeginTime":"2026-10-07 00:49:18.288","availableEndTime":"2026-10-07 17:29:18.288"}
{"availableBeginTime":"2026-10-07 00:49:18.288","availableEndTime":"2026-10-07 17:29:18.288"}
{"availableBeginTime":"2026-10-07 00:49:18.288","availableEndTime":"2026-10-07 17:29:18.288"}
{"availableBeginTime":"2026-10-07 00:49:18.288","availableEndTime":"2026-10-07 17:29:18.288"}
{"availableBeginTime":"2026-10-07 00:49:18.288","availableEndTime":"2026-10-07 17:29:18.288"}
{"availableBeginTime":"2026-10-07 00:49:18.288","availableEndTime":"2026-10-07 17:29:18.288"}
{"availableBeginTime":"2026-10-07 00:49:18.288","availableEndTime":"2026-10-07 17:29:18.288"}
{"availableBeginTime":"2026-10-07 00:49:18.288","availableEndTime":"2026-10-07 17:29:18.288"}
{"availableBeginTime":"2026-10-07 00:49:18.288","availableEndTime":"2026-10-07 17:29:18.288"}
{"availableBeginTime":"2026-10-07 00:49:18.288","availableEndTime":"2026-10-07 17:29:18.288"}
{"availableBeginTime":"2026-10-07 00:49:18.288","availableEndTime":"2026-10-07 17:29:18.288"}
{"availableBeginTime":"2026-10-07 00:49:18.288","availableEndTime":"2026-10-07 17:29:18.288"}
{"availableBeginTime":"2026-10-07 00:49:18.288","availableEndTime":"2026-10-07 17:29:18.288"}
{"availableBeginTime":"2026-10-07 00:49:18.288","availableEndTime":"2026-10-07 17:29:18.288"}
{"availableBeginTime":"2026-10-07 00:49:18.288","availableEndTime":"2026-10-07 17:29:18.288"}
{"availableBeginTime":"2026-10-07 00:49:18.288","availableEndTime":"2026-10-07 17:29:18.288"}
{"availableBeginTime":"2026-10-07 00:49:18.288","availableEndTime":"2026-10-07 17:29:18.288"}
{"availableBeginTime":"2026-10-07 00:49:18.288","availableEndTime":"2026-10-07 17:29:18.288"}
{"availableBeginTime":"2026-10-07 00:49:18.288","availableEndTime":"2026-10-07 17:29:18.288"}
{"availableBeginTime":"2026-10-07 00:49:18.288","availableEndTime":"2026-10-07 17:29:18.288"}
{"availableBeginTime":"2026-10-07 00:49:18.288","availableEndTime":"2026-10-07 17:29:18.288"}
{"availableBeginTime":"2026-10-07 00:49:18.288","availableEndTime":"2026-10-07 17:29:18.288"}
{"availableBeginTime":"2026-10-07 00:49:18.288","availableEndTime":"2026-10-07 17:29:18.288"}
{"availableBeginTime":"2026-10-07 00:49:18.288","availableEndTime":"2026-10-07 17:29:18.288"}
{"availableBeginTime":"2026-10-07 00:49:18.288","availableEndTime":"2026-10-07 17:29:18.288"}
{"availableBeginTime":"2026-10-07 00:49:18.288","availableEndTime":"2026-10-07 17:29:18.288"}
{"availableBeginTime":"2026-10-07 00:49:18.288","availableEndTime":"2026-10-07 17:29:18.288"}
{"availableBeginTime":"2026-10-07 00:49:18.288","availableEndTime":"2026-10-07 17:29:18.288"}
{"availableBeginTime":"2026-10-07 00:49:18.288","availableEndTime":"2026-10-07 17:29:18.288"}
{"availableBeginTime":"2026-10-07 00:49:18.288","availableEndTime":"2026-10-07 17:29:18.288"}
{"availableBeginTime":"2026-10-07 00:49:18.288","availableEndTime":"2026-10-07 17:29:18.288"}
{"availableBeginTime":"2026-10-07 00:49:18.288","availableEndTime":"2026-10-07 17:29:18.288"}
{"availableBeginTime":"2026-10-07 00:49:18.288","availableEndTime":"2026-10-07 17:29:18.288"}
{"availableBeginTime":"2026-10-07 00:49:18.288","availableEndTime":"2026-10-07 17:29:18.288"}
{"availableBeginTime":"2026-10-07 00:49:18.288","availableEndTime":"2026-10-07 17:29:18.288"}
{"availableBeginTime":"2026-10-07 00:49:18.288","availableEndTime":"2026-10-07 17:29:18.288"}
{"availableBeginTime":"2026-10-07 00:49:18.288","availableEndTime":"2026-10-07 17:29:18.288"}
{"availableBeginTime":"2026-10-07 00:49:18.288","availableEndTime":"2026-10-07 17:29:18.288"}
{"availableBeginTime":"2026-10-07 00:49:18.288","availableEndTime":"2026-10-07 17:29:18.288"}
{"availableBeginTime":"2026-10-07 00:49:18.288","availableEndTime":"2026-10-07 17:29:18.288"}
{"availableBeginTime":"2026-10-07 00:49:18.288","availableEndTime":"2026-10-07 17:29:18.288"}
{"availableBeginTime":"2026-10-07 00:49:18.288","availableEndTime":"2026-10-07 17:29:18.288"}
{"availableBeginTime":"2026-10-07 00:49:18.288","availableEndTime":"2026-10-07 17:29:18.288"}
{"availableBeginTime":"2026-10-07 00:49:18.288","availableEndTime":"2026-10-07 17:29:18.288"}
{"availableBeginTime":"2026-10-07 00:49:18.288","availableEndTime":"2026-10-07 17:29:18.288"}
{"availableBeginTime":"2026-10-07 00:49:18.288","availableEndTime":"2026-10-07 17:29:18.288"}
{"availableBeginTime":"2026-10-07 00:49:18.288","availableEndTime":"2026-10-07 17:29:18.288"}
{"availableBeginTime":"2026-10-07 00:49:18.288","availableEndTime":"2026-10-07 17:29:18.288"}
{"availableBeginTime":"2026-10-07 00:49:18.288","availableEndTime":"2026-10-07 17:29:18.288"}
{"availableBeginTime":"2026-10-07 00:49:18.288","availableEndTime":"2026-10-07 17:29:18.288"}
{"availableBeginTime":"2026-10-07 00:49:18.288","availableEndTime":"2026-10-07 17:29:18.288"}
{"availableBeginTime":"2026-10-07 00:49:18.288","availableEndTime":"2026-10-07 17:29:18.288"}
{"availableBeginTime":"2026-10-07 00:49:18.288","availableEndTime":"2026-10-07 17:29:18.288"}
{"availableBeginTime":"2026-10-07 00:49:18.288","availableEndTime":"2026-10-07 17:29:18.288"}
{"availableBeginTime":"2026-10-07 00:49:18.288","availableEndTime":"2026-10-07 17:29:18.288"}
{"availableBeginTime":"2026-10-07 00:49:18.288","availableEndTime":"2026-10-07 17:29:18.288"}
{"availableBeginTime":"2026-10-07 00:49:18.288","availableEndTime":"2026-10-07 17:29:18.288"}
{"availableBeginTime":"2026-10-07 00:49:18.288","availableEndTime":"2026-10-07 17:29:18.288"}
{"availableBeginTime":"2026-10-07 00:49:18.288","availableEndTime":"2026-10-07 17:29:18.288"}
{"availableBeginTime":"2026-10-07 00:49:18.288","availableEndTime":"2026-10-07 17:29:18.288"}
{"availableBeginTime":"2026-10-07 00:49:18.288","availableEndTime":"2026-10-07 17:29:18.288"}
{"availableBeginTime":"2026-10-07 00:49:18.288","availableEndTime":"2026-10-07 17:29:18.288"}
{"availableBeginTime":"2026-10-07 00:49:18.288","availableEndTime":"2026-10-07 17:29:18.288"}
{"availableBeginTime":"2026-10-07 00:49:18.288","availableEndTime":"2026-10-07 17:29:18.288"}
{"availableBeginTime":"2026-10-07 00:49:18.288","availableEndTime":"2026-10-07 17:29:18.288"}
{"availableBeginTime":"2026-10-07 00:49:18.288","availableEndTime":"2026-10-07 17:29:18.288"}
{"availableBeginTime":"2026-10-07 00:49:18.288","availableEndTime":"2026-10-07 17:29:18.288"}
{"availableBeginTime":"2026-10-07 00:49:18.288","availableEndTime":"2026-10-07 17:29:18.288"}
{"availableBeginTime":"2026-10-07 00:49:18.288","availableEndTime":"2026-10-07 17:29:18.288"}
{"availableBeginTime":"2026-10-07 00:49:18.288","availableEndTime":"2026-10-07 17:29:18.288"}
{"availableBeginTime":"2026-10-07 00:49:18.288","availableEndTime":"2026-10-07 17:29:18.288"}
{"availableBeginTime":"2026-10-07 00:49:18.288","availableEndTime":"2026-10-07 17:29:18.288"}
{"availableBeginTime":"2026-10-07 00:49:18.288","availableEndTime":"2026-10-07 17:29:18.288"}
{"availableBeginTime":"2026-10-07 00:49:18.288","availableEndTime":"2026-10-07 17:29:18.288"}
{"availableBeginTime":"2026-10-07 00:49:18.288","availableEndTime":"2026-10-07 17:29:18.288"}
{"availableBeginTime":"2026-10-07 00:49:18.288","availableEndTime":"2026-10-07 17:29:18.288"}
{"availableBeginTime":"2026-10-07 00:49:18.288","availableEndTime":"2026-10-07 17:29:18.288"}
{"availableBeginTime":"2026-10-07 00:49:18.288","availableEndTime":"2026-10-07 17:29:18.288"}
{"availableBeginTime":"2026-10-07 00:49:18.288","availableEndTime":"2026-10-07 17:29:18.288"}
{"availableBeginTime":"2026-10-07 00:49:18.288","availableEndTime":"2026-10-07 17:29:18.288"}
{"availableBeginTime":"2026-10-07 00:49:18.288","availableEndTime":"2026-10-07 17:29:18.288"}
{"availableBeginTime":"2026-10-07 00:49:18.288","availableEndTime":"2026-10-07 17:29:18.288"}
{"availableBeginTime":"2026-10-07 00:49:18.288","availableEndTime":"2026-10-07 17:29:18.288"}
{"availableBeginTime":"2026-10-07 00:49:18.288","availableEndTime":"2026-10-07 17:29:18.288"}
{"availableBeginTime":"2026-10-07 00:49:18.288","availableEndTime":"2026-10-07 17:29:18.288"}
{"availableBeginTime":"2026-10-07 00:49:18.288","availableEndTime":"2026-10-07 17:29:18.288"}
{"availableBeginTime":"2026-10-07 00:49:18.288","availableEndTime":"2026-10-07 17:29:18.288"}
{"availableBeginTime":"2026-10-07 00:49:18.288","availableEndTime":"2026-10-07 17:29:18.288"}
{"availableBeginTime":"2026-10-07 00:49:18.288","availableEndTime":"2026-10-07 17:29:18.288"}
{"availableBeginTime":"2026-10-07 00:49:18.288","availableEndTime":"2026-10-07 17:29:18.288"}
{"availableBeginTime":"2026-10-07 00:49:18.288","availableEndTime":"2026-10-07 17:29:18.288"}
{"availableBeginTime":"2026-10-07 00:49:18.288","availableEndTime":"2026-10-07 17:29:18.288"}
{"availableBeginTime":"2026-10-07 00:49:18.288","availableEndTime":"2026-10-07 17:29:18.288"}
{"availableBeginTime":"2026-10-07 00:49:18.288","availableEndTime":"2026-10-07 17:29:18.288"}
{"availableBeginTime":"2026-10-07 00:49:18.288","availableEndTime":"2026-10-07 17:29:18.288"}
{"availableBeginTime":"2026-10-07 00:49:18.288","availableEndTime":"2026-10-07 17:29:18.288"}
{"availableBeginTime":"2026-10-07 00:49:18.288","availableEndTime":"2026-10-07 17:29:18.288"}
{"availableBeginTime":"2026-10-07 00:49:18.288","availableEndTime":"2026-10-07 17:29:18.288"}
{"availableBeginTime":"2026-10-07 00:49:18.288","availableEndTime":"2026-10-07 17:29:18.288"}
{"availableBeginTime":"2026-10-07 00:49:18.288","availableEndTime":"2026-10-07 17:29:18.288"}
{"availableBeginTime":"2026-10-07 00:49:18.288","availableEndTime":"2026-10-07 17:29:18.288"}
{"availableBeginTime":"2026-10-07 00:49:18.288","availableEndTime":"2026-10-07 17:29:18.288"}
{"availableBeginTime":"2026-10-07 00:49:18.288","availableEndTime":"2026-10-07 17:29:18.288"}
{"availableBeginTime":"2026-10-07 00:49:18.288","availableEndTime":"2026-10-07 17:29:18.288"}
{"availableBeginTime":"2026-10-07 00:49:18.288","availableEndTime":"2026-10-07 17:29:18.288"}
{"availableBeginTime":"2026-10-07 00:49:18.288","availableEndTime":"2026-10-07 17:29:18.288"}
{"availableBeginTime":"2026-10-07 00:49:18.288","availableEndTime":"2026-10-07 17:29:18.288"}
{"availableBeginTime":"2026-10-07 00:49:18.288","availableEndTime":"2026-10-07 17:29:18.288"}
{"availableBeginTime":"2026-10-07 00:49:18.288","availableEndTime":"2026-10-07 17:29:18.288"}
{"availableBeginTime":"2026-10-07 00:49:18.288","availableEndTime":"2026-10-07 17:29:18.288"}
{"availableBeginTime":"2026-10-07 00:49:18.288","availableEndTime":"2026-10-07 17:29:18.288"}
{"availableBeginTime":"2026-10-07 00:49:18.288","availableEndTime":"2026-10-07 17:29:18.288"}
{"availableBeginTime":"2026-10-07 00:49:18.288","availableEndTime":"2026-10-07 17:29:18.288"}
{"availableBeginTime":"2026-10-07 00:49:18.288","availableEndTime":"2026-10-07 17:29:18.288"}
{"availableBeginTime":"2026-10-07 00:49:18.288","availableEndTime":"2026-10-07 17:29:18.288"}
{"availableBeginTime":"2026-10-07 00:49:18.288","availableEndTime":"2026-10-07 17:29:18.288"}
{"availableBeginTime":"2026-10-07 00:49:18.288","availableEndTime":"2026-10-07 17:29:18.288"}
{"availableBeginTime":"2026-10-07 00:49:18.288","availableEndTime":"2026-10-07 17:29:18.288"}
{"availableBeginTime":"2026-10-07 00:49:18.288","availableEndTime":"2026-10-07 17:29:18.288"}
{"availableBeginTime":"2026-10-07 00:49:18.288","availableEndTime":"2026-10-07 17:29:18.288"}
{"availableBeginTime":"2026-10-07 00:49:18.288","availableEndTime":"2026-10-07 17:29:18.288"}
{"availableBeginTime":"2026-10-07 00:49:18.288","availableEndTime":"2026-10-07 17:29:18.288"}
{"availableBeginTime":"2026-10-07 00:49:18.288","availableEndTime":"2026-10-07 17:29:18.288"}
{"availableBeginTime":"2026-10-07 00:49:18.288","availableEndTime":"2026-10-07 17:29:18.288"}
{"availableBeginTime":"2026-10-07 00:49:18.288","availableEndTime":"2026-10-07 17:29:18.288"}
{"availableBeginTime":"2026-10-07 00:49:18.288","availableEndTime":"2026-10-07 17:29:18.288"}
{"availableBeginTime":"2026-10-07 00:49:18.288","availableEndTime":"2026-10-07 17:29:18.288"}
{"availableBeginTime":"2026-10-07 00:49:18.288","availableEndTime":"2026-10-07 17:29:18.288"}
{"availableBeginTime":"2026-10-07 00:49:18.288","availableEndTime":"2026-10-07 17:29:18.288"}
{"availableBeginTime":"2026-10-07 00:49:18.288","availableEndTime":"2026-10-07 17:29:18.288"}
{"availableBeginTime":"2026-10-07 00:49:18.288","availableEndTime":"2026-10-07 17:29:18.288"}
{"availableBeginTime":"2026-10-07 00:49:18.288","availableEndTime":"2026-10-07 17:29:18.288"}
{"availableBeginTime":"2026-10-07 00:49:18.288","availableEndTime":"2026-10-07 17:29:18.288"}
{"availableBeginTime":"2026-10-07 00:49:18.288","availableEndTime":"2026-10-07 17:29:18.288"}
{"availableBeginTime":"2026-10-07 00:49:18.288","availableEndTime":"2026-10-07 17:29:18.288"}
{"availableBeginTime":"2026-10-07 00:49:18.288","availableEndTime":"2026-10-07 17:29:18.288"}
{"availableBeginTime":"2026-10-07 00:49:18.288","availableEndTime":"2026-10-07 17:29:18.288"}
{"availableBeginTime":"2026-10-07 00:49:18.288","availableEndTime":"2026-10-07 17:29:18.288"}
{"availableBeginTime":"2026-10-07 00:49:18.288","availableEndTime":"2026-10-07 17:29:18.288"}
{"@type":"com.alibaba.fastjson2.issues.Issue508$Xx","base":{"@type":"com.alibaba.fastjson2.issues.Issue508$Device","id":1,"name":"xxx"}}
Parsed date: Wed Oct 11 00:00:00 CST 2023
Formatted date: {"utilDate":"2023-10-11"}
Parsed time: Sun Jul 05 16:11:10 CST 169108099
Formatted time: {"utilTime":"16:11:10"}
Parsed time: Sun Jul 05 16:11:00 CST 169108099
Formatted time: {"utilTime":"16:11"}
Parsed date: Wed Oct 11 00:00:00 CST 2023
Formatted date: {"utilDate":"2023-10-11"}
{"@type":"com.alibaba.fastjson2.issues.Canal_Issue4186$1"}
{"code":"项目成员1","formatType":0,"id":"a368f1ff-8702-4d80-9cdf-5260b5fe0fdd","level":0}
[Issue255.TestBean(type=text, data={content=hello111}), Issue255.TestBean(type=text, data={content=hello222})]
[Issue255.TestBean(type=text, data={content=hello111}), Issue255.TestBean(type=text, data={content=hello222})]
{"child_count":8,"del_state":0,"display_level":2,"id":54,"item_index":46,"parent_id":1,"path":"/1/54/","phase_id":1,"title":"八年级上","update_time":1596423978669}
{
	"@type":"com.alibaba.fastjson2.issues.Issue752$Bean#0",
	"@value":{
		"param":[
			"int",
			"int"
		]
	}
}
{
	"@type":"com.alibaba.fastjson2.issues.Issue571$Sample",
	"@value":[
		[
			true,
			false,
			false,
			true
		],
		true,
		false,
		"asdfASDF",
		"!",
		"$",
		[
			-1.234,
			-1.23,
			-12.0,
			-1.0,
			0.0,
			1.0,
			12.0,
			1.23,
			1.234
		],
		1.234567,
		7.654321,
		[
			-12.34,
			-12.3,
			-12.0,
			-1.0,
			0.0,
			1.0,
			12.0,
			12.3,
			12.34
		],
		12.345,
		54.321,
		[
			-1234,
			-123,
			-12,
			-1,
			0,
			1,
			12,
			123,
			1234
		],
		123,
		321,
		[
			-123400,
			-12300,
			-1200,
			-100,
			0,
			100,
			1200,
			12300,
			123400
		],
		1230000,
		3210000,
		{"$ref":".."},
		[
			-1234,
			-123,
			-12,
			-1,
			0,
			1,
			12,
			123,
			1234
		],
		12345,
		32100,
		"ABCDEFGHIJKLMNOPQRSTUVWXYZ0123456789"
	]
}
[Ljava.lang.String;@1b01a0b4
true
[[Ljava.lang.String;@6db47658
true
[[Ljava.lang.String;@6e145703
true
[[Ljava.lang.String;@121e3c62
true
335
{
	"@type":"com.alibaba.fastjson2.codec.JSONBTableTest4$B10#0",
	"@value":{
		"items":{
			"@type":"A#1",
			"@value":[
				{
					"id":101,
					"name":"DataWorks"
				},
				{
					"id":102,
					"name":"MaxCompute"
				}
			]
		}
	}
}
[-110, 118, 99, 111, 109, 46, 97, 108, 105, 98, 97, 98, 97, 46, 102, 97, 115, 116, 106, 115, 111, 110, 50, 46, 99, 111, 100, 101, 99, 46, 74, 83, 79, 78, 66, 84, 97, 98, 108, 101, 84, 101, 115, 116, 52, 36, 66, 0, -90, 78, 105, 116, 101, 109, 115, -106, -110, 121, 56, 48, 99, 111, 109, 46, 97, 108, 105, 98, 97, 98, 97, 46, 102, 97, 115, 116, 106, 115, 111, 110, 50, 46, 99, 111, 100, 101, 99, 46, 74, 83, 79, 78, 66, 84, 97, 98, 108, 101, 84, 101, 115, 116, 52, 36, 73, 116, 101, 109, 1, -90, 75, 105, 100, 56, 101, 77, 110, 97, 109, 101, 82, 68, 97, 116, 97, 87, 111, 114, 107, 115, -91, -110, 1, -90, 75, 105, 100, 56, 102, 77, 110, 97, 109, 101, 83, 77, 97, 120, 67, 111, 109, 112, 117, 116, 101, -91, -91]
{
	"@type":"com.alibaba.fastjson2.codec.RefTest7$Bean#0",
	"@value":{
		"values":{
			{
				"@type":"com.alibaba.fastjson2.codec.RefTest7$Key#1",
				"@value":{}
			}:{}
		},
		"values1":{
			{
				"@type":"#1",
				"@value":{}
			}:{"$ref":"$.values[0]"}
		}
	}
}
[StackTest.Node()]
[{"name":"DataWorks","id":101},{"id":102}]
{
	"actualTypeArguments":[
		"java.lang.String",
		"java.lang.String"
	],
	"rawType":"java.util.Map"
}
{
	"@type":"IllegalStateException#0",
	"@value":{
		"stackTrace":[
			{
				"fileName":"ExceptionTest.java",
				"lineNumber":61,
				"className":"com.alibaba.fastjson2.codec.ExceptionTest",
				"methodName":"test_exception_jsonb_fieldBased"
			},
			{
				"fileName":"DirectMethodHandleAccessor.java",
				"lineNumber":104,
				"className":"jdk.internal.reflect.DirectMethodHandleAccessor",
				"methodName":"invoke"
			},
			{
				"fileName":"Method.java",
				"lineNumber":565,
				"className":"java.lang.reflect.Method",
				"methodName":"invoke"
			},
			{
				"fileName":"ReflectionUtils.java",
				"lineNumber":787,
				"className":"org.junit.platform.commons.util.ReflectionUtils",
				"methodName":"invokeMethod"
			},
			{
				"fileName":"ReflectionSupport.java",
				"lineNumber":478,
				"className":"org.junit.platform.commons.support.ReflectionSupport",
				"methodName":"invokeMethod"
			},
			{
				"fileName":"MethodInvocation.java",
				"lineNumber":60,
				"className":"org.junit.jupiter.engine.execution.MethodInvocation",
				"methodName":"proceed"
			},
			{
				"fileName":"InvocationInterceptorChain.java",
				"lineNumber":131,
				"className":"org.junit.jupiter.engine.execution.InvocationInterceptorChain$ValidatingInvocation",
				"methodName":"proceed"
			},
			{
				"fileName":"TimeoutExtension.java",
				"lineNumber":161,
				"className":"org.junit.jupiter.engine.extension.TimeoutExtension",
				"methodName":"intercept"
			},
			{
				"fileName":"TimeoutExtension.java",
				"lineNumber":152,
				"className":"org.junit.jupiter.engine.extension.TimeoutExtension",
				"methodName":"interceptTestableMethod"
			},
			{
				"fileName":"TimeoutExtension.java",
				"lineNumber":91,
				"className":"org.junit.jupiter.engine.extension.TimeoutExtension",
				"methodName":"interceptTestMethod"
			},
			{
				"fileName":"InterceptingExecutableInvoker.java",
				"lineNumber":112,
				"className":"org.junit.jupiter.engine.execution.InterceptingExecutableInvoker$ReflectiveInterceptorCall",
				"methodName":"lambda$ofVoidMethod$0"
			},
			{
				"fileName":"InterceptingExecutableInvoker.java",
				"lineNumber":94,
				"className":"org.junit.jupiter.engine.execution.InterceptingExecutableInvoker",
				"methodName":"lambda$invoke$0"
			},
			{
				"fileName":"InvocationInterceptorChain.java",
				"lineNumber":106,
				"className":"org.junit.jupiter.engine.execution.InvocationInterceptorChain$InterceptedInvocation",
				"methodName":"proceed"
			},
			{
				"fileName":"InvocationInterceptorChain.java",
				"lineNumber":64,
				"className":"org.junit.jupiter.engine.execution.InvocationInterceptorChain",
				"methodName":"proceed"
			},
			{
				"fileName":"InvocationInterceptorChain.java",
				"lineNumber":45,
				"className":"org.junit.jupiter.engine.execution.InvocationInterceptorChain",
				"methodName":"chainAndInvoke"
			},
			{
				"fileName":"InvocationInterceptorChain.java",
				"lineNumber":37,
				"className":"org.junit.jupiter.engine.execution.InvocationInterceptorChain",
				"methodName":"invoke"
			},
			{
				"fileName":"InterceptingExecutableInvoker.java",
				"lineNumber":93,
				"className":"org.junit.jupiter.engine.execution.InterceptingExecutableInvoker",
				"methodName":"invoke"
			},
			{
				"fileName":"InterceptingExecutableInvoker.java",
				"lineNumber":87,
				"className":"org.junit.jupiter.engine.execution.InterceptingExecutableInvoker",
				"methodName":"invoke"
			},
			{
				"fileName":"TestMethodTestDescriptor.java",
				"lineNumber":221,
				"className":"org.junit.jupiter.engine.descriptor.TestMethodTestDescriptor",
				"methodName":"lambda$invokeTestMethod$4"
			},
			{
				"fileName":"ThrowableCollector.java",
				"lineNumber":73,
				"className":"org.junit.platform.engine.support.hierarchical.ThrowableCollector",
				"methodName":"execute"
			},
			{
				"fileName":"TestMethodTestDescriptor.java",
				"lineNumber":217,
				"className":"org.junit.jupiter.engine.descriptor.TestMethodTestDescriptor",
				"methodName":"invokeTestMethod"
			},
			{
				"fileName":"TestMethodTestDescriptor.java",
				"lineNumber":159,
				"className":"org.junit.jupiter.engine.descriptor.TestMethodTestDescriptor",
				"methodName":"execute"
			},
			{
				"fileName":"TestMethodTestDescriptor.java",
				"lineNumber":70,
				"className":"org.junit.jupiter.engine.descriptor.TestMethodTestDescriptor",
				"methodName":"execute"
			},
			{
				"fileName":"NodeTestTask.java",
				"lineNumber":157,
				"className":"org.junit.platform.engine.support.hierarchical.NodeTestTask",
				"methodName":"lambda$executeRecursively$6"
			},
			{
				"fileName":"ThrowableCollector.java",
				"lineNumber":73,
				"className":"org.junit.platform.engine.support.hierarchical.ThrowableCollector",
				"methodName":"execute"
			},
			{
				"fileName":"NodeTestTask.java",
				"lineNumber":147,
				"className":"org.junit.platform.engine.support.hierarchical.NodeTestTask",
				"methodName":"lambda$executeRecursively$8"
			},
			{
				"fileName":"Node.java",
				"lineNumber":137,
				"className":"org.junit.platform.engine.support.hierarchical.Node",
				"methodName":"around"
			},
			{
				"fileName":"NodeTestTask.java",
				"lineNumber":145,
				"className":"org.junit.platform.engine.support.hierarchical.NodeTestTask",
				"methodName":"lambda$executeRecursively$9"
			},
			{
				"fileName":"ThrowableCollector.java",
				"lineNumber":73,
				"className":"org.junit.platform.engine.support.hierarchical.ThrowableCollector",
				"methodName":"execute"
			},
			{
				"fileName":"NodeTestTask.java",
				"lineNumber":144,
				"className":"org.junit.platform.engine.support.hierarchical.NodeTestTask",
				"methodName":"executeRecursively"
			},
			{
				"fileName":"NodeTestTask.java",
				"lineNumber":101,
				"className":"org.junit.platform.engine.support.hierarchical.NodeTestTask",
				"methodName":"execute"
			},
			{
				"fileName":"ArrayList.java",
				"lineNumber":1604,
				"className":"java.util.ArrayList",
				"methodName":"forEach"
			},
			{
				"fileName":"SameThreadHierarchicalTestExecutorService.java",
				"lineNumber":41,
				"className":"org.junit.platform.engine.support.hierarchical.SameThreadHierarchicalTestExecutorService",
				"methodName":"invokeAll"
			},
			{
				"fileName":"NodeTestTask.java",
				"lineNumber":161,
				"className":"org.junit.platform.engine.support.hierarchical.NodeTestTask",
				"methodName":"lambda$executeRecursively$6"
			},
			{
				"fileName":"ThrowableCollector.java",
				"lineNumber":73,
				"className":"org.junit.platform.engine.support.hierarchical.ThrowableCollector",
				"methodName":"execute"
			},
			{
				"fileName":"NodeTestTask.java",
				"lineNumber":147,
				"className":"org.junit.platform.engine.support.hierarchical.NodeTestTask",
				"methodName":"lambda$executeRecursively$8"
			},
			{
				"fileName":"Node.java",
				"lineNumber":137,
				"className":"org.junit.platform.engine.support.hierarchical.Node",
				"methodName":"around"
			},
			{
				"fileName":"NodeTestTask.java",
				"lineNumber":145,
				"className":"org.junit.platform.engine.support.hierarchical.NodeTestTask",
				"methodName":"lambda$executeRecursively$9"
			},
			{
				"fileName":"ThrowableCollector.java",
				"lineNumber":73,
				"className":"org.junit.platform.engine.support.hierarchical.ThrowableCollector",
				"methodName":"execute"
			},
			{
				"fileName":"NodeTestTask.java",
				"lineNumber":144,
				"className":"org.junit.platform.engine.support.hierarchical.NodeTestTask",
				"methodName":"executeRecursively"
			},
			{
				"fileName":"NodeTestTask.java",
				"lineNumber":101,
				"className":"org.junit.platform.engine.support.hierarchical.NodeTestTask",
				"methodName":"execute"
			},
			{
				"fileName":"ArrayList.java",
				"lineNumber":1604,
				"className":"java.util.ArrayList",
				"methodName":"forEach"
			},
			{
				"fileName":"SameThreadHierarchicalTestExecutorService.java",
				"lineNumber":41,
				"className":"org.junit.platform.engine.support.hierarchical.SameThreadHierarchicalTestExecutorService",
				"methodName":"invokeAll"
			},
			{
				"fileName":"NodeTestTask.java",
				"lineNumber":161,
				"className":"org.junit.platform.engine.support.hierarchical.NodeTestTask",
				"methodName":"lambda$executeRecursively$6"
			},
			{
				"fileName":"ThrowableCollector.java",
				"lineNumber":73,
				"className":"org.junit.platform.engine.support.hierarchical.ThrowableCollector",
				"methodName":"execute"
			},
			{
				"fileName":"NodeTestTask.java",
				"lineNumber":147,
				"className":"org.junit.platform.engine.support.hierarchical.NodeTestTask",
				"methodName":"lambda$executeRecursively$8"
			},
			{
				"fileName":"Node.java",
				"lineNumber":137,
				"className":"org.junit.platform.engine.support.hierarchical.Node",
				"methodName":"around"
			},
			{
				"fileName":"NodeTestTask.java",
				"lineNumber":145,
				"className":"org.junit.platform.engine.support.hierarchical.NodeTestTask",
				"methodName":"lambda$executeRecursively$9"
			},
			{
				"fileName":"ThrowableCollector.java",
				"lineNumber":73,
				"className":"org.junit.platform.engine.support.hierarchical.ThrowableCollector",
				"methodName":"execute"
			},
			{
				"fileName":"NodeTestTask.java",
				"lineNumber":144,
				"className":"org.junit.platform.engine.support.hierarchical.NodeTestTask",
				"methodName":"executeRecursively"
			},
			{
				"fileName":"NodeTestTask.java",
				"lineNumber":101,
				"className":"org.junit.platform.engine.support.hierarchical.NodeTestTask",
				"methodName":"execute"
			},
			{
				"fileName":"SameThreadHierarchicalTestExecutorService.java",
				"lineNumber":35,
				"className":"org.junit.platform.engine.support.hierarchical.SameThreadHierarchicalTestExecutorService",
				"methodName":"submit"
			},
			{
				"fileName":"HierarchicalTestExecutor.java",
				"lineNumber":57,
				"className":"org.junit.platform.engine.support.hierarchical.HierarchicalTestExecutor",
				"methodName":"execute"
			},
			{
				"fileName":"HierarchicalTestEngine.java",
				"lineNumber":54,
				"className":"org.junit.platform.engine.support.hierarchical.HierarchicalTestEngine",
				"methodName":"execute"
			},
			{
				"fileName":"EngineExecutionOrchestrator.java",
				"lineNumber":230,
				"className":"org.junit.platform.launcher.core.EngineExecutionOrchestrator",
				"methodName":"executeEngine"
			},
			{
				"fileName":"EngineExecutionOrchestrator.java",
				"lineNumber":204,
				"className":"org.junit.platform.launcher.core.EngineExecutionOrchestrator",
				"methodName":"failOrExecuteEngine"
			},
			{
				"fileName":"EngineExecutionOrchestrator.java",
				"lineNumber":172,
				"className":"org.junit.platform.launcher.core.EngineExecutionOrchestrator",
				"methodName":"execute"
			},
			{
				"fileName":"EngineExecutionOrchestrator.java",
				"lineNumber":101,
				"className":"org.junit.platform.launcher.core.EngineExecutionOrchestrator",
				"methodName":"execute"
			},
			{
				"fileName":"EngineExecutionOrchestrator.java",
				"lineNumber":64,
				"className":"org.junit.platform.launcher.core.EngineExecutionOrchestrator",
				"methodName":"lambda$execute$0"
			},
			{
				"fileName":"EngineExecutionOrchestrator.java",
				"lineNumber":150,
				"className":"org.junit.platform.launcher.core.EngineExecutionOrchestrator",
				"methodName":"withInterceptedStreams"
			},
			{
				"fileName":"EngineExecutionOrchestrator.java",
				"lineNumber":63,
				"className":"org.junit.platform.launcher.core.EngineExecutionOrchestrator",
				"methodName":"execute"
			},
			{
				"fileName":"DefaultLauncher.java",
				"lineNumber":109,
				"className":"org.junit.platform.launcher.core.DefaultLauncher",
				"methodName":"execute"
			},
			{
				"fileName":"DefaultLauncher.java",
				"lineNumber":91,
				"className":"org.junit.platform.launcher.core.DefaultLauncher",
				"methodName":"execute"
			},
			{
				"fileName":"DelegatingLauncher.java",
				"lineNumber":47,
				"className":"org.junit.platform.launcher.core.DelegatingLauncher",
				"methodName":"execute"
			},
			{
				"fileName":"InterceptingLauncher.java",
				"lineNumber":39,
				"className":"org.junit.platform.launcher.core.InterceptingLauncher",
				"methodName":"lambda$execute$1"
			},
			{
				"fileName":"ClasspathAlignmentCheckingLauncherInterceptor.java",
				"lineNumber":25,
				"className":"org.junit.platform.launcher.core.ClasspathAlignmentCheckingLauncherInterceptor",
				"methodName":"intercept"
			},
			{
				"fileName":"InterceptingLauncher.java",
				"lineNumber":38,
				"className":"org.junit.platform.launcher.core.InterceptingLauncher",
				"methodName":"execute"
			},
			{
				"fileName":"DelegatingLauncher.java",
				"lineNumber":47,
				"className":"org.junit.platform.launcher.core.DelegatingLauncher",
				"methodName":"execute"
			},
			{
				"fileName":"LazyLauncher.java",
				"lineNumber":56,
				"className":"org.apache.maven.surefire.junitplatform.LazyLauncher",
				"methodName":"execute"
			},
			{
				"fileName":"JUnitPlatformProvider.java",
				"lineNumber":194,
				"className":"org.apache.maven.surefire.junitplatform.JUnitPlatformProvider",
				"methodName":"execute"
			},
			{
				"fileName":"JUnitPlatformProvider.java",
				"lineNumber":150,
				"className":"org.apache.maven.surefire.junitplatform.JUnitPlatformProvider",
				"methodName":"invokeAllTests"
			},
			{
				"fileName":"JUnitPlatformProvider.java",
				"lineNumber":124,
				"className":"org.apache.maven.surefire.junitplatform.JUnitPlatformProvider",
				"methodName":"invoke"
			},
			{
				"fileName":"ForkedBooter.java",
				"lineNumber":385,
				"className":"org.apache.maven.surefire.booter.ForkedBooter",
				"methodName":"runSuitesInProcess"
			},
			{
				"fileName":"ForkedBooter.java",
				"lineNumber":162,
				"className":"org.apache.maven.surefire.booter.ForkedBooter",
				"methodName":"execute"
			},
			{
				"fileName":"ForkedBooter.java",
				"lineNumber":507,
				"className":"org.apache.maven.surefire.booter.ForkedBooter",
				"methodName":"run"
			},
			{
				"fileName":"ForkedBooter.java",
				"lineNumber":495,
				"className":"org.apache.maven.surefire.booter.ForkedBooter",
				"methodName":"main"
			}
		],
		"suppressedExceptions":{
			"@type":"java.util.Collections$EmptyList#1",
			"@value":[]
		}
	}
}
{
	"@type":"java.time.format.DateTimeParseException#0",
	"@value":{
		"detailMessage":"aaa",
		"errorIndex":1,
		"parsedString":"bbb",
		"stackTrace":[
			{
				"fileName":"ExceptionTest.java",
				"lineNumber":76,
				"className":"com.alibaba.fastjson2.codec.ExceptionTest",
				"methodName":"test_exception_jsonb_fieldBased_1"
			},
			{
				"fileName":"DirectMethodHandleAccessor.java",
				"lineNumber":104,
				"className":"jdk.internal.reflect.DirectMethodHandleAccessor",
				"methodName":"invoke"
			},
			{
				"fileName":"Method.java",
				"lineNumber":565,
				"className":"java.lang.reflect.Method",
				"methodName":"invoke"
			},
			{
				"fileName":"ReflectionUtils.java",
				"lineNumber":787,
				"className":"org.junit.platform.commons.util.ReflectionUtils",
				"methodName":"invokeMethod"
			},
			{
				"fileName":"ReflectionSupport.java",
				"lineNumber":478,
				"className":"org.junit.platform.commons.support.ReflectionSupport",
				"methodName":"invokeMethod"
			},
			{
				"fileName":"MethodInvocation.java",
				"lineNumber":60,
				"className":"org.junit.jupiter.engine.execution.MethodInvocation",
				"methodName":"proceed"
			},
			{
				"fileName":"InvocationInterceptorChain.java",
				"lineNumber":131,
				"className":"org.junit.jupiter.engine.execution.InvocationInterceptorChain$ValidatingInvocation",
				"methodName":"proceed"
			},
			{
				"fileName":"TimeoutExtension.java",
				"lineNumber":161,
				"className":"org.junit.jupiter.engine.extension.TimeoutExtension",
				"methodName":"intercept"
			},
			{
				"fileName":"TimeoutExtension.java",
				"lineNumber":152,
				"className":"org.junit.jupiter.engine.extension.TimeoutExtension",
				"methodName":"interceptTestableMethod"
			},
			{
				"fileName":"TimeoutExtension.java",
				"lineNumber":91,
				"className":"org.junit.jupiter.engine.extension.TimeoutExtension",
				"methodName":"interceptTestMethod"
			},
			{
				"fileName":"InterceptingExecutableInvoker.java",
				"lineNumber":112,
				"className":"org.junit.jupiter.engine.execution.InterceptingExecutableInvoker$ReflectiveInterceptorCall",
				"methodName":"lambda$ofVoidMethod$0"
			},
			{
				"fileName":"InterceptingExecutableInvoker.java",
				"lineNumber":94,
				"className":"org.junit.jupiter.engine.execution.InterceptingExecutableInvoker",
				"methodName":"lambda$invoke$0"
			},
			{
				"fileName":"InvocationInterceptorChain.java",
				"lineNumber":106,
				"className":"org.junit.jupiter.engine.execution.InvocationInterceptorChain$InterceptedInvocation",
				"methodName":"proceed"
			},
			{
				"fileName":"InvocationInterceptorChain.java",
				"lineNumber":64,
				"className":"org.junit.jupiter.engine.execution.InvocationInterceptorChain",
				"methodName":"proceed"
			},
			{
				"fileName":"InvocationInterceptorChain.java",
				"lineNumber":45,
				"className":"org.junit.jupiter.engine.execution.InvocationInterceptorChain",
				"methodName":"chainAndInvoke"
			},
			{
				"fileName":"InvocationInterceptorChain.java",
				"lineNumber":37,
				"className":"org.junit.jupiter.engine.execution.InvocationInterceptorChain",
				"methodName":"invoke"
			},
			{
				"fileName":"InterceptingExecutableInvoker.java",
				"lineNumber":93,
				"className":"org.junit.jupiter.engine.execution.InterceptingExecutableInvoker",
				"methodName":"invoke"
			},
			{
				"fileName":"InterceptingExecutableInvoker.java",
				"lineNumber":87,
				"className":"org.junit.jupiter.engine.execution.InterceptingExecutableInvoker",
				"methodName":"invoke"
			},
			{
				"fileName":"TestMethodTestDescriptor.java",
				"lineNumber":221,
				"className":"org.junit.jupiter.engine.descriptor.TestMethodTestDescriptor",
				"methodName":"lambda$invokeTestMethod$4"
			},
			{
				"fileName":"ThrowableCollector.java",
				"lineNumber":73,
				"className":"org.junit.platform.engine.support.hierarchical.ThrowableCollector",
				"methodName":"execute"
			},
			{
				"fileName":"TestMethodTestDescriptor.java",
				"lineNumber":217,
				"className":"org.junit.jupiter.engine.descriptor.TestMethodTestDescriptor",
				"methodName":"invokeTestMethod"
			},
			{
				"fileName":"TestMethodTestDescriptor.java",
				"lineNumber":159,
				"className":"org.junit.jupiter.engine.descriptor.TestMethodTestDescriptor",
				"methodName":"execute"
			},
			{
				"fileName":"TestMethodTestDescriptor.java",
				"lineNumber":70,
				"className":"org.junit.jupiter.engine.descriptor.TestMethodTestDescriptor",
				"methodName":"execute"
			},
			{
				"fileName":"NodeTestTask.java",
				"lineNumber":157,
				"className":"org.junit.platform.engine.support.hierarchical.NodeTestTask",
				"methodName":"lambda$executeRecursively$6"
			},
			{
				"fileName":"ThrowableCollector.java",
				"lineNumber":73,
				"className":"org.junit.platform.engine.support.hierarchical.ThrowableCollector",
				"methodName":"execute"
			},
			{
				"fileName":"NodeTestTask.java",
				"lineNumber":147,
				"className":"org.junit.platform.engine.support.hierarchical.NodeTestTask",
				"methodName":"lambda$executeRecursively$8"
			},
			{
				"fileName":"Node.java",
				"lineNumber":137,
				"className":"org.junit.platform.engine.support.hierarchical.Node",
				"methodName":"around"
			},
			{
				"fileName":"NodeTestTask.java",
				"lineNumber":145,
				"className":"org.junit.platform.engine.support.hierarchical.NodeTestTask",
				"methodName":"lambda$executeRecursively$9"
			},
			{
				"fileName":"ThrowableCollector.java",
				"lineNumber":73,
				"className":"org.junit.platform.engine.support.hierarchical.ThrowableCollector",
				"methodName":"execute"
			},
			{
				"fileName":"NodeTestTask.java",
				"lineNumber":144,
				"className":"org.junit.platform.engine.support.hierarchical.NodeTestTask",
				"methodName":"executeRecursively"
			},
			{
				"fileName":"NodeTestTask.java",
				"lineNumber":101,
				"className":"org.junit.platform.engine.support.hierarchical.NodeTestTask",
				"methodName":"execute"
			},
			{
				"fileName":"ArrayList.java",
				"lineNumber":1604,
				"className":"java.util.ArrayList",
				"methodName":"forEach"
			},
			{
				"fileName":"SameThreadHierarchicalTestExecutorService.java",
				"lineNumber":41,
				"className":"org.junit.platform.engine.support.hierarchical.SameThreadHierarchicalTestExecutorService",
				"methodName":"invokeAll"
			},
			{
				"fileName":"NodeTestTask.java",
				"lineNumber":161,
				"className":"org.junit.platform.engine.support.hierarchical.NodeTestTask",
				"methodName":"lambda$executeRecursively$6"
			},
			{
				"fileName":"ThrowableCollector.java",
				"lineNumber":73,
				"className":"org.junit.platform.engine.support.hierarchical.ThrowableCollector",
				"methodName":"execute"
			},
			{
				"fileName":"NodeTestTask.java",
				"lineNumber":147,
				"className":"org.junit.platform.engine.support.hierarchical.NodeTestTask",
				"methodName":"lambda$executeRecursively$8"
			},
			{
				"fileName":"Node.java",
				"lineNumber":137,
				"className":"org.junit.platform.engine.support.hierarchical.Node",
				"methodName":"around"
			},
			{
				"fileName":"NodeTestTask.java",
				"lineNumber":145,
				"className":"org.junit.platform.engine.support.hierarchical.NodeTestTask",
				"methodName":"lambda$executeRecursively$9"
			},
			{
				"fileName":"ThrowableCollector.java",
				"lineNumber":73,
				"className":"org.junit.platform.engine.support.hierarchical.ThrowableCollector",
				"methodName":"execute"
			},
			{
				"fileName":"NodeTestTask.java",
				"lineNumber":144,
				"className":"org.junit.platform.engine.support.hierarchical.NodeTestTask",
				"methodName":"executeRecursively"
			},
			{
				"fileName":"NodeTestTask.java",
				"lineNumber":101,
				"className":"org.junit.platform.engine.support.hierarchical.NodeTestTask",
				"methodName":"execute"
			},
			{
				"fileName":"ArrayList.java",
				"lineNumber":1604,
				"className":"java.util.ArrayList",
				"methodName":"forEach"
			},
			{
				"fileName":"SameThreadHierarchicalTestExecutorService.java",
				"lineNumber":41,
				"className":"org.junit.platform.engine.support.hierarchical.SameThreadHierarchicalTestExecutorService",
				"methodName":"invokeAll"
			},
			{
				"fileName":"NodeTestTask.java",
				"lineNumber":161,
				"className":"org.junit.platform.engine.support.hierarchical.NodeTestTask",
				"methodName":"lambda$executeRecursively$6"
			},
			{
				"fileName":"ThrowableCollector.java",
				"lineNumber":73,
				"className":"org.junit.platform.engine.support.hierarchical.ThrowableCollector",
				"methodName":"execute"
			},
			{
				"fileName":"NodeTestTask.java",
				"lineNumber":147,
				"className":"org.junit.platform.engine.support.hierarchical.NodeTestTask",
				"methodName":"lambda$executeRecursively$8"
			},
			{
				"fileName":"Node.java",
				"lineNumber":137,
				"className":"org.junit.platform.engine.support.hierarchical.Node",
				"methodName":"around"
			},
			{
				"fileName":"NodeTestTask.java",
				"lineNumber":145,
				"className":"org.junit.platform.engine.support.hierarchical.NodeTestTask",
				"methodName":"lambda$executeRecursively$9"
			},
			{
				"fileName":"ThrowableCollector.java",
				"lineNumber":73,
				"className":"org.junit.platform.engine.support.hierarchical.ThrowableCollector",
				"methodName":"execute"
			},
			{
				"fileName":"NodeTestTask.java",
				"lineNumber":144,
				"className":"org.junit.platform.engine.support.hierarchical.NodeTestTask",
				"methodName":"executeRecursively"
			},
			{
				"fileName":"NodeTestTask.java",
				"lineNumber":101,
				"className":"org.junit.platform.engine.support.hierarchical.NodeTestTask",
				"methodName":"execute"
			},
			{
				"fileName":"SameThreadHierarchicalTestExecutorService.java",
				"lineNumber":35,
				"className":"org.junit.platform.engine.support.hierarchical.SameThreadHierarchicalTestExecutorService",
				"methodName":"submit"
			},
			{
				"fileName":"HierarchicalTestExecutor.java",
				"lineNumber":57,
				"className":"org.junit.platform.engine.support.hierarchical.HierarchicalTestExecutor",
				"methodName":"execute"
			},
			{
				"fileName":"HierarchicalTestEngine.java",
				"lineNumber":54,
				"className":"org.junit.platform.engine.support.hierarchical.HierarchicalTestEngine",
				"methodName":"execute"
			},
			{
				"fileName":"EngineExecutionOrchestrator.java",
				"lineNumber":230,
				"className":"org.junit.platform.launcher.core.EngineExecutionOrchestrator",
				"methodName":"executeEngine"
			},
			{
				"fileName":"EngineExecutionOrchestrator.java",
				"lineNumber":204,
				"className":"org.junit.platform.launcher.core.EngineExecutionOrchestrator",
				"methodName":"failOrExecuteEngine"
			},
			{
				"fileName":"EngineExecutionOrchestrator.java",
				"lineNumber":172,
				"className":"org.junit.platform.launcher.core.EngineExecutionOrchestrator",
				"methodName":"execute"
			},
			{
				"fileName":"EngineExecutionOrchestrator.java",
				"lineNumber":101,
				"className":"org.junit.platform.launcher.core.EngineExecutionOrchestrator",
				"methodName":"execute"
			},
			{
				"fileName":"EngineExecutionOrchestrator.java",
				"lineNumber":64,
				"className":"org.junit.platform.launcher.core.EngineExecutionOrchestrator",
				"methodName":"lambda$execute$0"
			},
			{
				"fileName":"EngineExecutionOrchestrator.java",
				"lineNumber":150,
				"className":"org.junit.platform.launcher.core.EngineExecutionOrchestrator",
				"methodName":"withInterceptedStreams"
			},
			{
				"fileName":"EngineExecutionOrchestrator.java",
				"lineNumber":63,
				"className":"org.junit.platform.launcher.core.EngineExecutionOrchestrator",
				"methodName":"execute"
			},
			{
				"fileName":"DefaultLauncher.java",
				"lineNumber":109,
				"className":"org.junit.platform.launcher.core.DefaultLauncher",
				"methodName":"execute"
			},
			{
				"fileName":"DefaultLauncher.java",
				"lineNumber":91,
				"className":"org.junit.platform.launcher.core.DefaultLauncher",
				"methodName":"execute"
			},
			{
				"fileName":"DelegatingLauncher.java",
				"lineNumber":47,
				"className":"org.junit.platform.launcher.core.DelegatingLauncher",
				"methodName":"execute"
			},
			{
				"fileName":"InterceptingLauncher.java",
				"lineNumber":39,
				"className":"org.junit.platform.launcher.core.InterceptingLauncher",
				"methodName":"lambda$execute$1"
			},
			{
				"fileName":"ClasspathAlignmentCheckingLauncherInterceptor.java",
				"lineNumber":25,
				"className":"org.junit.platform.launcher.core.ClasspathAlignmentCheckingLauncherInterceptor",
				"methodName":"intercept"
			},
			{
				"fileName":"InterceptingLauncher.java",
				"lineNumber":38,
				"className":"org.junit.platform.launcher.core.InterceptingLauncher",
				"methodName":"execute"
			},
			{
				"fileName":"DelegatingLauncher.java",
				"lineNumber":47,
				"className":"org.junit.platform.launcher.core.DelegatingLauncher",
				"methodName":"execute"
			},
			{
				"fileName":"LazyLauncher.java",
				"lineNumber":56,
				"className":"org.apache.maven.surefire.junitplatform.LazyLauncher",
				"methodName":"execute"
			},
			{
				"fileName":"JUnitPlatformProvider.java",
				"lineNumber":194,
				"className":"org.apache.maven.surefire.junitplatform.JUnitPlatformProvider",
				"methodName":"execute"
			},
			{
				"fileName":"JUnitPlatformProvider.java",
				"lineNumber":150,
				"className":"org.apache.maven.surefire.junitplatform.JUnitPlatformProvider",
				"methodName":"invokeAllTests"
			},
			{
				"fileName":"JUnitPlatformProvider.java",
				"lineNumber":124,
				"className":"org.apache.maven.surefire.junitplatform.JUnitPlatformProvider",
				"methodName":"invoke"
			},
			{
				"fileName":"ForkedBooter.java",
				"lineNumber":385,
				"className":"org.apache.maven.surefire.booter.ForkedBooter",
				"methodName":"runSuitesInProcess"
			},
			{
				"fileName":"ForkedBooter.java",
				"lineNumber":162,
				"className":"org.apache.maven.surefire.booter.ForkedBooter",
				"methodName":"execute"
			},
			{
				"fileName":"ForkedBooter.java",
				"lineNumber":507,
				"className":"org.apache.maven.surefire.booter.ForkedBooter",
				"methodName":"run"
			},
			{
				"fileName":"ForkedBooter.java",
				"lineNumber":495,
				"className":"org.apache.maven.surefire.booter.ForkedBooter",
				"methodName":"main"
			}
		],
		"suppressedExceptions":{
			"@type":"java.util.Collections$EmptyList#1",
			"@value":[]
		}
	}
}
{
	"@type":"IllegalStateException#0",
	"@value":{
		"stackTrace":[
			{
				"fileName":"ExceptionTest.java",
				"lineNumber":46,
				"className":"com.alibaba.fastjson2.codec.ExceptionTest",
				"methodName":"test_exception_jsonb"
			},
			{
				"fileName":"DirectMethodHandleAccessor.java",
				"lineNumber":104,
				"className":"jdk.internal.reflect.DirectMethodHandleAccessor",
				"methodName":"invoke"
			},
			{
				"fileName":"Method.java",
				"lineNumber":565,
				"className":"java.lang.reflect.Method",
				"methodName":"invoke"
			},
			{
				"fileName":"ReflectionUtils.java",
				"lineNumber":787,
				"className":"org.junit.platform.commons.util.ReflectionUtils",
				"methodName":"invokeMethod"
			},
			{
				"fileName":"ReflectionSupport.java",
				"lineNumber":478,
				"className":"org.junit.platform.commons.support.ReflectionSupport",
				"methodName":"invokeMethod"
			},
			{
				"fileName":"MethodInvocation.java",
				"lineNumber":60,
				"className":"org.junit.jupiter.engine.execution.MethodInvocation",
				"methodName":"proceed"
			},
			{
				"fileName":"InvocationInterceptorChain.java",
				"lineNumber":131,
				"className":"org.junit.jupiter.engine.execution.InvocationInterceptorChain$ValidatingInvocation",
				"methodName":"proceed"
			},
			{
				"fileName":"TimeoutExtension.java",
				"lineNumber":161,
				"className":"org.junit.jupiter.engine.extension.TimeoutExtension",
				"methodName":"intercept"
			},
			{
				"fileName":"TimeoutExtension.java",
				"lineNumber":152,
				"className":"org.junit.jupiter.engine.extension.TimeoutExtension",
				"methodName":"interceptTestableMethod"
			},
			{
				"fileName":"TimeoutExtension.java",
				"lineNumber":91,
				"className":"org.junit.jupiter.engine.extension.TimeoutExtension",
				"methodName":"interceptTestMethod"
			},
			{
				"fileName":"InterceptingExecutableInvoker.java",
				"lineNumber":112,
				"className":"org.junit.jupiter.engine.execution.InterceptingExecutableInvoker$ReflectiveInterceptorCall",
				"methodName":"lambda$ofVoidMethod$0"
			},
			{
				"fileName":"InterceptingExecutableInvoker.java",
				"lineNumber":94,
				"className":"org.junit.jupiter.engine.execution.InterceptingExecutableInvoker",
				"methodName":"lambda$invoke$0"
			},
			{
				"fileName":"InvocationInterceptorChain.java",
				"lineNumber":106,
				"className":"org.junit.jupiter.engine.execution.InvocationInterceptorChain$InterceptedInvocation",
				"methodName":"proceed"
			},
			{
				"fileName":"InvocationInterceptorChain.java",
				"lineNumber":64,
				"className":"org.junit.jupiter.engine.execution.InvocationInterceptorChain",
				"methodName":"proceed"
			},
			{
				"fileName":"InvocationInterceptorChain.java",
				"lineNumber":45,
				"className":"org.junit.jupiter.engine.execution.InvocationInterceptorChain",
				"methodName":"chainAndInvoke"
			},
			{
				"fileName":"InvocationInterceptorChain.java",
				"lineNumber":37,
				"className":"org.junit.jupiter.engine.execution.InvocationInterceptorChain",
				"methodName":"invoke"
			},
			{
				"fileName":"InterceptingExecutableInvoker.java",
				"lineNumber":93,
				"className":"org.junit.jupiter.engine.execution.InterceptingExecutableInvoker",
				"methodName":"invoke"
			},
			{
				"fileName":"InterceptingExecutableInvoker.java",
				"lineNumber":87,
				"className":"org.junit.jupiter.engine.execution.InterceptingExecutableInvoker",
				"methodName":"invoke"
			},
			{
				"fileName":"TestMethodTestDescriptor.java",
				"lineNumber":221,
				"className":"org.junit.jupiter.engine.descriptor.TestMethodTestDescriptor",
				"methodName":"lambda$invokeTestMethod$4"
			},
			{
				"fileName":"ThrowableCollector.java",
				"lineNumber":73,
				"className":"org.junit.platform.engine.support.hierarchical.ThrowableCollector",
				"methodName":"execute"
			},
			{
				"fileName":"TestMethodTestDescriptor.java",
				"lineNumber":217,
				"className":"org.junit.jupiter.engine.descriptor.TestMethodTestDescriptor",
				"methodName":"invokeTestMethod"
			},
			{
				"fileName":"TestMethodTestDescriptor.java",
				"lineNumber":159,
				"className":"org.junit.jupiter.engine.descriptor.TestMethodTestDescriptor",
				"methodName":"execute"
			},
			{
				"fileName":"TestMethodTestDescriptor.java",
				"lineNumber":70,
				"className":"org.junit.jupiter.engine.descriptor.TestMethodTestDescriptor",
				"methodName":"execute"
			},
			{
				"fileName":"NodeTestTask.java",
				"lineNumber":157,
				"className":"org.junit.platform.engine.support.hierarchical.NodeTestTask",
				"methodName":"lambda$executeRecursively$6"
			},
			{
				"fileName":"ThrowableCollector.java",
				"lineNumber":73,
				"className":"org.junit.platform.engine.support.hierarchical.ThrowableCollector",
				"methodName":"execute"
			},
			{
				"fileName":"NodeTestTask.java",
				"lineNumber":147,
				"className":"org.junit.platform.engine.support.hierarchical.NodeTestTask",
				"methodName":"lambda$executeRecursively$8"
			},
			{
				"fileName":"Node.java",
				"lineNumber":137,
				"className":"org.junit.platform.engine.support.hierarchical.Node",
				"methodName":"around"
			},
			{
				"fileName":"NodeTestTask.java",
				"lineNumber":145,
				"className":"org.junit.platform.engine.support.hierarchical.NodeTestTask",
				"methodName":"lambda$executeRecursively$9"
			},
			{
				"fileName":"ThrowableCollector.java",
				"lineNumber":73,
				"className":"org.junit.platform.engine.support.hierarchical.ThrowableCollector",
				"methodName":"execute"
			},
			{
				"fileName":"NodeTestTask.java",
				"lineNumber":144,
				"className":"org.junit.platform.engine.support.hierarchical.NodeTestTask",
				"methodName":"executeRecursively"
			},
			{
				"fileName":"NodeTestTask.java",
				"lineNumber":101,
				"className":"org.junit.platform.engine.support.hierarchical.NodeTestTask",
				"methodName":"execute"
			},
			{
				"fileName":"ArrayList.java",
				"lineNumber":1604,
				"className":"java.util.ArrayList",
				"methodName":"forEach"
			},
			{
				"fileName":"SameThreadHierarchicalTestExecutorService.java",
				"lineNumber":41,
				"className":"org.junit.platform.engine.support.hierarchical.SameThreadHierarchicalTestExecutorService",
				"methodName":"invokeAll"
			},
			{
				"fileName":"NodeTestTask.java",
				"lineNumber":161,
				"className":"org.junit.platform.engine.support.hierarchical.NodeTestTask",
				"methodName":"lambda$executeRecursively$6"
			},
			{
				"fileName":"ThrowableCollector.java",
				"lineNumber":73,
				"className":"org.junit.platform.engine.support.hierarchical.ThrowableCollector",
				"methodName":"execute"
			},
			{
				"fileName":"NodeTestTask.java",
				"lineNumber":147,
				"className":"org.junit.platform.engine.support.hierarchical.NodeTestTask",
				"methodName":"lambda$executeRecursively$8"
			},
			{
				"fileName":"Node.java",
				"lineNumber":137,
				"className":"org.junit.platform.engine.support.hierarchical.Node",
				"methodName":"around"
			},
			{
				"fileName":"NodeTestTask.java",
				"lineNumber":145,
				"className":"org.junit.platform.engine.support.hierarchical.NodeTestTask",
				"methodName":"lambda$executeRecursively$9"
			},
			{
				"fileName":"ThrowableCollector.java",
				"lineNumber":73,
				"className":"org.junit.platform.engine.support.hierarchical.ThrowableCollector",
				"methodName":"execute"
			},
			{
				"fileName":"NodeTestTask.java",
				"lineNumber":144,
				"className":"org.junit.platform.engine.support.hierarchical.NodeTestTask",
				"methodName":"executeRecursively"
			},
			{
				"fileName":"NodeTestTask.java",
				"lineNumber":101,
				"className":"org.junit.platform.engine.support.hierarchical.NodeTestTask",
				"methodName":"execute"
			},
			{
				"fileName":"ArrayList.java",
				"lineNumber":1604,
				"className":"java.util.ArrayList",
				"methodName":"forEach"
			},
			{
				"fileName":"SameThreadHierarchicalTestExecutorService.java",
				"lineNumber":41,
				"className":"org.junit.platform.engine.support.hierarchical.SameThreadHierarchicalTestExecutorService",
				"methodName":"invokeAll"
			},
			{
				"fileName":"NodeTestTask.java",
				"lineNumber":161,
				"className":"org.junit.platform.engine.support.hierarchical.NodeTestTask",
				"methodName":"lambda$executeRecursively$6"
			},
			{
				"fileName":"ThrowableCollector.java",
				"lineNumber":73,
				"className":"org.junit.platform.engine.support.hierarchical.ThrowableCollector",
				"methodName":"execute"
			},
			{
				"fileName":"NodeTestTask.java",
				"lineNumber":147,
				"className":"org.junit.platform.engine.support.hierarchical.NodeTestTask",
				"methodName":"lambda$executeRecursively$8"
			},
			{
				"fileName":"Node.java",
				"lineNumber":137,
				"className":"org.junit.platform.engine.support.hierarchical.Node",
				"methodName":"around"
			},
			{
				"fileName":"NodeTestTask.java",
				"lineNumber":145,
				"className":"org.junit.platform.engine.support.hierarchical.NodeTestTask",
				"methodName":"lambda$executeRecursively$9"
			},
			{
				"fileName":"ThrowableCollector.java",
				"lineNumber":73,
				"className":"org.junit.platform.engine.support.hierarchical.ThrowableCollector",
				"methodName":"execute"
			},
			{
				"fileName":"NodeTestTask.java",
				"lineNumber":144,
				"className":"org.junit.platform.engine.support.hierarchical.NodeTestTask",
				"methodName":"executeRecursively"
			},
			{
				"fileName":"NodeTestTask.java",
				"lineNumber":101,
				"className":"org.junit.platform.engine.support.hierarchical.NodeTestTask",
				"methodName":"execute"
			},
			{
				"fileName":"SameThreadHierarchicalTestExecutorService.java",
				"lineNumber":35,
				"className":"org.junit.platform.engine.support.hierarchical.SameThreadHierarchicalTestExecutorService",
				"methodName":"submit"
			},
			{
				"fileName":"HierarchicalTestExecutor.java",
				"lineNumber":57,
				"className":"org.junit.platform.engine.support.hierarchical.HierarchicalTestExecutor",
				"methodName":"execute"
			},
			{
				"fileName":"HierarchicalTestEngine.java",
				"lineNumber":54,
				"className":"org.junit.platform.engine.support.hierarchical.HierarchicalTestEngine",
				"methodName":"execute"
			},
			{
				"fileName":"EngineExecutionOrchestrator.java",
				"lineNumber":230,
				"className":"org.junit.platform.launcher.core.EngineExecutionOrchestrator",
				"methodName":"executeEngine"
			},
			{
				"fileName":"EngineExecutionOrchestrator.java",
				"lineNumber":204,
				"className":"org.junit.platform.launcher.core.EngineExecutionOrchestrator",
				"methodName":"failOrExecuteEngine"
			},
			{
				"fileName":"EngineExecutionOrchestrator.java",
				"lineNumber":172,
				"className":"org.junit.platform.launcher.core.EngineExecutionOrchestrator",
				"methodName":"execute"
			},
			{
				"fileName":"EngineExecutionOrchestrator.java",
				"lineNumber":101,
				"className":"org.junit.platform.launcher.core.EngineExecutionOrchestrator",
				"methodName":"execute"
			},
			{
				"fileName":"EngineExecutionOrchestrator.java",
				"lineNumber":64,
				"className":"org.junit.platform.launcher.core.EngineExecutionOrchestrator",
				"methodName":"lambda$execute$0"
			},
			{
				"fileName":"EngineExecutionOrchestrator.java",
				"lineNumber":150,
				"className":"org.junit.platform.launcher.core.EngineExecutionOrchestrator",
				"methodName":"withInterceptedStreams"
			},
			{
				"fileName":"EngineExecutionOrchestrator.java",
				"lineNumber":63,
				"className":"org.junit.platform.launcher.core.EngineExecutionOrchestrator",
				"methodName":"execute"
			},
			{
				"fileName":"DefaultLauncher.java",
				"lineNumber":109,
				"className":"org.junit.platform.launcher.core.DefaultLauncher",
				"methodName":"execute"
			},
			{
				"fileName":"DefaultLauncher.java",
				"lineNumber":91,
				"className":"org.junit.platform.launcher.core.DefaultLauncher",
				"methodName":"execute"
			},
			{
				"fileName":"DelegatingLauncher.java",
				"lineNumber":47,
				"className":"org.junit.platform.launcher.core.DelegatingLauncher",
				"methodName":"execute"
			},
			{
				"fileName":"InterceptingLauncher.java",
				"lineNumber":39,
				"className":"org.junit.platform.launcher.core.InterceptingLauncher",
				"methodName":"lambda$execute$1"
			},
			{
				"fileName":"ClasspathAlignmentCheckingLauncherInterceptor.java",
				"lineNumber":25,
				"className":"org.junit.platform.launcher.core.ClasspathAlignmentCheckingLauncherInterceptor",
				"methodName":"intercept"
			},
			{
				"fileName":"InterceptingLauncher.java",
				"lineNumber":38,
				"className":"org.junit.platform.launcher.core.InterceptingLauncher",
				"methodName":"execute"
			},
			{
				"fileName":"DelegatingLauncher.java",
				"lineNumber":47,
				"className":"org.junit.platform.launcher.core.DelegatingLauncher",
				"methodName":"execute"
			},
			{
				"fileName":"LazyLauncher.java",
				"lineNumber":56,
				"className":"org.apache.maven.surefire.junitplatform.LazyLauncher",
				"methodName":"execute"
			},
			{
				"fileName":"JUnitPlatformProvider.java",
				"lineNumber":194,
				"className":"org.apache.maven.surefire.junitplatform.JUnitPlatformProvider",
				"methodName":"execute"
			},
			{
				"fileName":"JUnitPlatformProvider.java",
				"lineNumber":150,
				"className":"org.apache.maven.surefire.junitplatform.JUnitPlatformProvider",
				"methodName":"invokeAllTests"
			},
			{
				"fileName":"JUnitPlatformProvider.java",
				"lineNumber":124,
				"className":"org.apache.maven.surefire.junitplatform.JUnitPlatformProvider",
				"methodName":"invoke"
			},
			{
				"fileName":"ForkedBooter.java",
				"lineNumber":385,
				"className":"org.apache.maven.surefire.booter.ForkedBooter",
				"methodName":"runSuitesInProcess"
			},
			{
				"fileName":"ForkedBooter.java",
				"lineNumber":162,
				"className":"org.apache.maven.surefire.booter.ForkedBooter",
				"methodName":"execute"
			},
			{
				"fileName":"ForkedBooter.java",
				"lineNumber":507,
				"className":"org.apache.maven.surefire.booter.ForkedBooter",
				"methodName":"run"
			},
			{
				"fileName":"ForkedBooter.java",
				"lineNumber":495,
				"className":"org.apache.maven.surefire.booter.ForkedBooter",
				"methodName":"main"
			}
		],
		"suppressed":[]
	}
}
{
	"ref":{"$ref":".."}
}
{
	"@type":"com.alibaba.fastjson2.codec.JSONBTableTest6$A#0",
	"@value":{
		"a":{
			"id":1001
		},
		"b":{"$ref":"$.a"}
	}
}
{
	"@type":"Cat",
	"catId":1001
}
{
	"@type":"Cat",
	"catId":1001
}
{
	"c1":{},
	"c2":{"$ref":"$.c1"}
}
{
	"c":{},
	"values":[
		{"$ref":"$.c"}
	]
}
{
	"list0":[
		{
			"id":101
		},
		{
			"id":102
		}
	],
	"list1":[
		{
			"id":201
		},
		{
			"id":202
		}
	],
	"list2":[
		{
			"id":201
		},
		{
			"id":202
		}
	]
}
{
	"@type":"com.alibaba.fastjson2.codec.JSONBTableTest2$C#0",
	"@value":{
		"list1":{
			"@type":"A#1",
			"@value":[
				{
					"id":201
				},
				{
					"id":202
				}
			]
		},
		"list2":[
			{
				"@type":"com.alibaba.fastjson2.codec.JSONBTableTest2$Item#2",
				"@value":{
					"id":301
				}
			},
			{
				"@type":"#2",
				"@value":{
					"id":302
				}
			}
		]
	}
}
{
	"@type":"com.alibaba.fastjson2.codec.JSONBTableTest8$Bean",
	"values":{
		"@type":"A",
		"@value":[
			{
				"event":{}
			},
			{
				"event":{"$ref":"$.values[0].event"}
			}
		]
	}
}
{
	"@type":"com.alibaba.fastjson2.codec.JSONBTableTest8$Bean#0",
	"@value":{
		"values":{
			"@type":"A#1",
			"@value":[
				{
					"event":{}
				},
				{"$ref":"$.values[0]"}
			]
		}
	}
}
{
	"v0001":102,
	"v0000":101,
	"v0007":108,
	"x0001":"2026-10-07 00:49:09.896498008",
	"v0006":107,
	"v0009":110,
	"x0003":"中3",
	"v0008":109,
	"x0002":"中2",
	"v0003":"104",
	"x0005":"中华人民共和国",
	"v0002":103,
	"x0004":"中4",
	"v0005":106,
	"v0004":"105"
}
bytes.length=56
bytes.length=87003
bytes.length=81
bytes3.length=174003
bytes.length=81
bytes3.length=174003
{"id":0,"name":"jobs"}
{"@type":"com.alibaba.fastjson2.codec.JSONBTableTest5$B","values":[{"id":101,"name":"DataWorks"},{"id":102,"name":"MaxCompute"}]}
{
	"@type":"JSONObject#0",
	"@value":{
		"@type":"com.alibaba.fastjson2.codec.JSONBTableTest5$B",
		"values":{
			"@type":"JSONArray#1",
			"@value":[
				{
					"@type":"#0",
					"@value":{
						"id":101,
						"name":"DataWorks"
					}
				},
				{
					"@type":"#0",
					"@value":{
						"id":102,
						"name":"MaxCompute"
					}
				}
			]
		}
	}
}
{
	"values":[
		{
			"id":101,
			"name":"DataWorks"
		},
		{
			"id":102,
			"name":"MaxCompute"
		}
	]
}
com.alibaba.fastjson2.JSONException: not support type : OBJECT_END -91, offset 55/55
	at com.alibaba.fastjson2.JSONReaderJSONB.readAny(JSONReaderJSONB.java:1031)
	at com.alibaba.fastjson2.reader.ObjectReaderImplMap.readJSONBObject(ObjectReaderImplMap.java:409)
	at com.alibaba.fastjson2.reader.ORG_1891_1_A.readJSONBObject(Unknown Source)
	at com.alibaba.fastjson2.JSONB.parseObject(JSONB.java:734)
	at com.alibaba.fastjson2.codec.JSONBTableTest5.test_d(JSONBTableTest5.java:34)
	at java.base/jdk.internal.reflect.DirectMethodHandleAccessor.invoke(DirectMethodHandleAccessor.java:104)
	at java.base/java.lang.reflect.Method.invoke(Method.java:565)
	at org.junit.platform.commons.util.ReflectionUtils.invokeMethod(ReflectionUtils.java:787)
	at org.junit.platform.commons.support.ReflectionSupport.invokeMethod(ReflectionSupport.java:478)
	at org.junit.jupiter.engine.execution.MethodInvocation.proceed(MethodInvocation.java:60)
	at org.junit.jupiter.engine.execution.InvocationInterceptorChain$ValidatingInvocation.proceed(InvocationInterceptorChain.java:131)
	at org.junit.jupiter.engine.extension.TimeoutExtension.intercept(TimeoutExtension.java:161)
	at org.junit.jupiter.engine.extension.TimeoutExtension.interceptTestableMethod(TimeoutExtension.java:152)
	at org.junit.jupiter.engine.extension.TimeoutExtension.interceptTestMethod(TimeoutExtension.java:91)
	at org.junit.jupiter.engine.execution.InterceptingExecutableInvoker$ReflectiveInterceptorCall.lambda$ofVoidMethod$0(InterceptingExecutableInvoker.java:112)
	at org.junit.jupiter.engine.execution.InterceptingExecutableInvoker.lambda$invoke$0(InterceptingExecutableInvoker.java:94)
	at org.junit.jupiter.engine.execution.InvocationInterceptorChain$InterceptedInvocation.proceed(InvocationInterceptorChain.java:106)
	at org.junit.jupiter.engine.execution.InvocationInterceptorChain.proceed(InvocationInterceptorChain.java:64)
	at org.junit.jupiter.engine.execution.InvocationInterceptorChain.chainAndInvoke(InvocationInterceptorChain.java:45)
	at org.junit.jupiter.engine.execution.InvocationInterceptorChain.invoke(InvocationInterceptorChain.java:37)
	at org.junit.jupiter.engine.execution.InterceptingExecutableInvoker.invoke(InterceptingExecutableInvoker.java:93)
	at org.junit.jupiter.engine.execution.InterceptingExecutableInvoker.invoke(InterceptingExecutableInvoker.java:87)
	at org.junit.jupiter.engine.descriptor.TestMethodTestDescriptor.lambda$invokeTestMethod$4(TestMethodTestDescriptor.java:221)
	at org.junit.platform.engine.support.hierarchical.ThrowableCollector.execute(ThrowableCollector.java:73)
	at org.junit.jupiter.engine.descriptor.TestMethodTestDescriptor.invokeTestMethod(TestMethodTestDescriptor.java:217)
	at org.junit.jupiter.engine.descriptor.TestMethodTestDescriptor.execute(TestMethodTestDescriptor.java:159)
	at org.junit.jupiter.engine.descriptor.TestMethodTestDescriptor.execute(TestMethodTestDescriptor.java:70)
	at org.junit.platform.engine.support.hierarchical.NodeTestTask.lambda$executeRecursively$6(NodeTestTask.java:157)
	at org.junit.platform.engine.support.hierarchical.ThrowableCollector.execute(ThrowableCollector.java:73)
	at org.junit.platform.engine.support.hierarchical.NodeTestTask.lambda$executeRecursively$8(NodeTestTask.java:147)
	at org.junit.platform.engine.support.hierarchical.Node.around(Node.java:137)
	at org.junit.platform.engine.support.hierarchical.NodeTestTask.lambda$executeRecursively$9(NodeTestTask.java:145)
	at org.junit.platform.engine.support.hierarchical.ThrowableCollector.execute(ThrowableCollector.java:73)
	at org.junit.platform.engine.support.hierarchical.NodeTestTask.executeRecursively(NodeTestTask.java:144)
	at org.junit.platform.engine.support.hierarchical.NodeTestTask.execute(NodeTestTask.java:101)
	at java.base/java.util.ArrayList.forEach(ArrayList.java:1604)
	at org.junit.platform.engine.support.hierarchical.SameThreadHierarchicalTestExecutorService.invokeAll(SameThreadHierarchicalTestExecutorService.java:41)
	at org.junit.platform.engine.support.hierarchical.NodeTestTask.lambda$executeRecursively$6(NodeTestTask.java:161)
	at org.junit.platform.engine.support.hierarchical.ThrowableCollector.execute(ThrowableCollector.java:73)
	at org.junit.platform.engine.support.hierarchical.NodeTestTask.lambda$executeRecursively$8(NodeTestTask.java:147)
	at org.junit.platform.engine.support.hierarchical.Node.around(Node.java:137)
	at org.junit.platform.engine.support.hierarchical.NodeTestTask.lambda$executeRecursively$9(NodeTestTask.java:145)
	at org.junit.platform.engine.support.hierarchical.ThrowableCollector.execute(ThrowableCollector.java:73)
	at org.junit.platform.engine.support.hierarchical.NodeTestTask.executeRecursively(NodeTestTask.java:144)
	at org.junit.platform.engine.support.hierarchical.NodeTestTask.execute(NodeTestTask.java:101)
	at java.base/java.util.ArrayList.forEach(ArrayList.java:1604)
	at org.junit.platform.engine.support.hierarchical.SameThreadHierarchicalTestExecutorService.invokeAll(SameThreadHierarchicalTestExecutorService.java:41)
	at org.junit.platform.engine.support.hierarchical.NodeTestTask.lambda$executeRecursively$6(NodeTestTask.java:161)
	at org.junit.platform.engine.support.hierarchical.ThrowableCollector.execute(ThrowableCollector.java:73)
	at org.junit.platform.engine.support.hierarchical.NodeTestTask.lambda$executeRecursively$8(NodeTestTask.java:147)
	at org.junit.platform.engine.support.hierarchical.Node.around(Node.java:137)
	at org.junit.platform.engine.support.hierarchical.NodeTestTask.lambda$executeRecursively$9(NodeTestTask.java:145)
	at org.junit.platform.engine.support.hierarchical.ThrowableCollector.execute(ThrowableCollector.java:73)
	at org.junit.platform.engine.support.hierarchical.NodeTestTask.executeRecursively(NodeTestTask.java:144)
	at org.junit.platform.engine.support.hierarchical.NodeTestTask.execute(NodeTestTask.java:101)
	at org.junit.platform.engine.support.hierarchical.SameThreadHierarchicalTestExecutorService.submit(SameThreadHierarchicalTestExecutorService.java:35)
	at org.junit.platform.engine.support.hierarchical.HierarchicalTestExecutor.execute(HierarchicalTestExecutor.java:57)
	at org.junit.platform.engine.support.hierarchical.HierarchicalTestEngine.execute(HierarchicalTestEngine.java:54)
	at org.junit.platform.launcher.core.EngineExecutionOrchestrator.executeEngine(EngineExecutionOrchestrator.java:230)
	at org.junit.platform.launcher.core.EngineExecutionOrchestrator.failOrExecuteEngine(EngineExecutionOrchestrator.java:204)
	at org.junit.platform.launcher.core.EngineExecutionOrchestrator.execute(EngineExecutionOrchestrator.java:172)
	at org.junit.platform.launcher.core.EngineExecutionOrchestrator.execute(EngineExecutionOrchestrator.java:101)
	at org.junit.platform.launcher.core.EngineExecutionOrchestrator.lambda$execute$0(EngineExecutionOrchestrator.java:64)
	at org.junit.platform.launcher.core.EngineExecutionOrchestrator.withInterceptedStreams(EngineExecutionOrchestrator.java:150)
	at org.junit.platform.launcher.core.EngineExecutionOrchestrator.execute(EngineExecutionOrchestrator.java:63)
	at org.junit.platform.launcher.core.DefaultLauncher.execute(DefaultLauncher.java:109)
	at org.junit.platform.launcher.core.DefaultLauncher.execute(DefaultLauncher.java:91)
	at org.junit.platform.launcher.core.DelegatingLauncher.execute(DelegatingLauncher.java:47)
	at org.junit.platform.launcher.core.InterceptingLauncher.lambda$execute$1(InterceptingLauncher.java:39)
	at org.junit.platform.launcher.core.ClasspathAlignmentCheckingLauncherInterceptor.intercept(ClasspathAlignmentCheckingLauncherInterceptor.java:25)
	at org.junit.platform.launcher.core.InterceptingLauncher.execute(InterceptingLauncher.java:38)
	at org.junit.platform.launcher.core.DelegatingLauncher.execute(DelegatingLauncher.java:47)
	at org.apache.maven.surefire.junitplatform.LazyLauncher.execute(LazyLauncher.java:56)
	at org.apache.maven.surefire.junitplatform.JUnitPlatformProvider.execute(JUnitPlatformProvider.java:194)
	at org.apache.maven.surefire.junitplatform.JUnitPlatformProvider.invokeAllTests(JUnitPlatformProvider.java:150)
	at org.apache.maven.surefire.junitplatform.JUnitPlatformProvider.invoke(JUnitPlatformProvider.java:124)
	at org.apache.maven.surefire.booter.ForkedBooter.runSuitesInProcess(ForkedBooter.java:385)
	at org.apache.maven.surefire.booter.ForkedBooter.execute(ForkedBooter.java:162)
	at org.apache.maven.surefire.booter.ForkedBooter.run(ForkedBooter.java:507)
	at org.apache.maven.surefire.booter.ForkedBooter.main(ForkedBooter.java:495)
[
	{
		"employees":[
			{
				"id":1
			},
			{
				"id":2
			},
			{
				"id":3
			}
		]
	}
]
1900-01-01	+08:05:43
1900-02-01	+08:05:43
1900-03-01	+08:05:43
1900-04-01	+08:05:43
1900-05-01	+08:05:43
1900-06-01	+08:05:43
1900-07-01	+08:05:43
1900-08-01	+08:05:43
1900-09-01	+08:05:43
1900-10-01	+08:05:43
1900-11-01	+08:05:43
1900-12-01	+08:05:43
1901-01-01	+08:00
1901-02-01	+08:00
1901-03-01	+08:00
1901-04-01	+08:00
1901-05-01	+08:00
1901-06-01	+08:00
1901-07-01	+08:00
1901-08-01	+08:00
1901-09-01	+08:00
1901-10-01	+08:00
1901-11-01	+08:00
1901-12-01	+08:00
1902-01-01	+08:00
1902-02-01	+08:00
1902-03-01	+08:00
1902-04-01	+08:00
1902-05-01	+08:00
1902-06-01	+08:00
1902-07-01	+08:00
1902-08-01	+08:00
1902-09-01	+08:00
1902-10-01	+08:00
1902-11-01	+08:00
1902-12-01	+08:00
1903-01-01	+08:00
1903-02-01	+08:00
1903-03-01	+08:00
1903-04-01	+08:00
1903-05-01	+08:00
1903-06-01	+08:00
1903-07-01	+08:00
1903-08-01	+08:00
1903-09-01	+08:00
1903-10-01	+08:00
1903-11-01	+08:00
1903-12-01	+08:00
1904-01-01	+08:00
1904-02-01	+08:00
1904-03-01	+08:00
1904-04-01	+08:00
1904-05-01	+08:00
1904-06-01	+08:00
1904-07-01	+08:00
1904-08-01	+08:00
1904-09-01	+08:00
1904-10-01	+08:00
1904-11-01	+08:00
1904-12-01	+08:00
1905-01-01	+08:00
1905-02-01	+08:00
1905-03-01	+08:00
1905-04-01	+08:00
1905-05-01	+08:00
1905-06-01	+08:00
1905-07-01	+08:00
1905-08-01	+08:00
1905-09-01	+08:00
1905-10-01	+08:00
1905-11-01	+08:00
1905-12-01	+08:00
1906-01-01	+08:00
1906-02-01	+08:00
1906-03-01	+08:00
1906-04-01	+08:00
1906-05-01	+08:00
1906-06-01	+08:00
1906-07-01	+08:00
1906-08-01	+08:00
1906-09-01	+08:00
1906-10-01	+08:00
1906-11-01	+08:00
1906-12-01	+08:00
1907-01-01	+08:00
1907-02-01	+08:00
1907-03-01	+08:00
1907-04-01	+08:00
1907-05-01	+08:00
1907-06-01	+08:00
1907-07-01	+08:00
1907-08-01	+08:00
1907-09-01	+08:00
1907-10-01	+08:00
1907-11-01	+08:00
1907-12-01	+08:00
1908-01-01	+08:00
1908-02-01	+08:00
1908-03-01	+08:00
1908-04-01	+08:00
1908-05-01	+08:00
1908-06-01	+08:00
1908-07-01	+08:00
1908-08-01	+08:00
1908-09-01	+08:00
1908-10-01	+08:00
1908-11-01	+08:00
1908-12-01	+08:00
1909-01-01	+08:00
1909-02-01	+08:00
1909-03-01	+08:00
1909-04-01	+08:00
1909-05-01	+08:00
1909-06-01	+08:00
1909-07-01	+08:00
1909-08-01	+08:00
1909-09-01	+08:00
1909-10-01	+08:00
1909-11-01	+08:00
1909-12-01	+08:00
1910-01-01	+08:00
1910-02-01	+08:00
1910-03-01	+08:00
1910-04-01	+08:00
1910-05-01	+08:00
1910-06-01	+08:00
1910-07-01	+08:00
1910-08-01	+08:00
1910-09-01	+08:00
1910-10-01	+08:00
1910-11-01	+08:00
1910-12-01	+08:00
1911-01-01	+08:00
1911-02-01	+08:00
1911-03-01	+08:00
1911-04-01	+08:00
1911-05-01	+08:00
1911-06-01	+08:00
1911-07-01	+08:00
1911-08-01	+08:00
1911-09-01	+08:00
1911-10-01	+08:00
1911-11-01	+08:00
1911-12-01	+08:00
1912-01-01	+08:00
1912-02-01	+08:00
1912-03-01	+08:00
1912-04-01	+08:00
1912-05-01	+08:00
1912-06-01	+08:00
1912-07-01	+08:00
1912-08-01	+08:00
1912-09-01	+08:00
1912-10-01	+08:00
1912-11-01	+08:00
1912-12-01	+08:00
1913-01-01	+08:00
1913-02-01	+08:00
1913-03-01	+08:00
1913-04-01	+08:00
1913-05-01	+08:00
1913-06-01	+08:00
1913-07-01	+08:00
1913-08-01	+08:00
1913-09-01	+08:00
1913-10-01	+08:00
1913-11-01	+08:00
1913-12-01	+08:00
1914-01-01	+08:00
1914-02-01	+08:00
1914-03-01	+08:00
1914-04-01	+08:00
1914-05-01	+08:00
1914-06-01	+08:00
1914-07-01	+08:00
1914-08-01	+08:00
1914-09-01	+08:00
1914-10-01	+08:00
1914-11-01	+08:00
1914-12-01	+08:00
1915-01-01	+08:00
1915-02-01	+08:00
1915-03-01	+08:00
1915-04-01	+08:00
1915-05-01	+08:00
1915-06-01	+08:00
1915-07-01	+08:00
1915-08-01	+08:00
1915-09-01	+08:00
1915-10-01	+08:00
1915-11-01	+08:00
1915-12-01	+08:00
1916-01-01	+08:00
1916-02-01	+08:00
1916-03-01	+08:00
1916-04-01	+08:00
1916-05-01	+08:00
1916-06-01	+08:00
1916-07-01	+08:00
1916-08-01	+08:00
1916-09-01	+08:00
1916-10-01	+08:00
1916-11-01	+08:00
1916-12-01	+08:00
1917-01-01	+08:00
1917-02-01	+08:00
1917-03-01	+08:00
1917-04-01	+08:00
1917-05-01	+08:00
1917-06-01	+08:00
1917-07-01	+08:00
1917-08-01	+08:00
1917-09-01	+08:00
1917-10-01	+08:00
1917-11-01	+08:00
1917-12-01	+08:00
1918-01-01	+08:00
1918-02-01	+08:00
1918-03-01	+08:00
1918-04-01	+08:00
1918-05-01	+08:00
1918-06-01	+08:00
1918-07-01	+08:00
1918-08-01	+08:00
1918-09-01	+08:00
1918-10-01	+08:00
1918-11-01	+08:00
1918-12-01	+08:00
1919-01-01	+08:00
1919-02-01	+08:00
1919-03-01	+08:00
1919-04-01	+08:00
1919-05-01	+09:00
1919-06-01	+09:00
1919-07-01	+09:00
1919-08-01	+09:00
1919-09-01	+09:00
1919-10-01	+08:00
1919-11-01	+08:00
1919-12-01	+08:00
1920-01-01	+08:00
1920-02-01	+08:00
1920-03-01	+08:00
1920-04-01	+08:00
1920-05-01	+08:00
1920-06-01	+08:00
1920-07-01	+08:00
1920-08-01	+08:00
1920-09-01	+08:00
1920-10-01	+08:00
1920-11-01	+08:00
1920-12-01	+08:00
1921-01-01	+08:00
1921-02-01	+08:00
1921-03-01	+08:00
1921-04-01	+08:00
1921-05-01	+08:00
1921-06-01	+08:00
1921-07-01	+08:00
1921-08-01	+08:00
1921-09-01	+08:00
1921-10-01	+08:00
1921-11-01	+08:00
1921-12-01	+08:00
1922-01-01	+08:00
1922-02-01	+08:00
1922-03-01	+08:00
1922-04-01	+08:00
1922-05-01	+08:00
1922-06-01	+08:00
1922-07-01	+08:00
1922-08-01	+08:00
1922-09-01	+08:00
1922-10-01	+08:00
1922-11-01	+08:00
1922-12-01	+08:00
1923-01-01	+08:00
1923-02-01	+08:00
1923-03-01	+08:00
1923-04-01	+08:00
1923-05-01	+08:00
1923-06-01	+08:00
1923-07-01	+08:00
1923-08-01	+08:00
1923-09-01	+08:00
1923-10-01	+08:00
1923-11-01	+08:00
1923-12-01	+08:00
1924-01-01	+08:00
1924-02-01	+08:00
1924-03-01	+08:00
1924-04-01	+08:00
1924-05-01	+08:00
1924-06-01	+08:00
1924-07-01	+08:00
1924-08-01	+08:00
1924-09-01	+08:00
1924-10-01	+08:00
1924-11-01	+08:00
1924-12-01	+08:00
1925-01-01	+08:00
1925-02-01	+08:00
1925-03-01	+08:00
1925-04-01	+08:00
1925-05-01	+08:00
1925-06-01	+08:00
1925-07-01	+08:00
1925-08-01	+08:00
1925-09-01	+08:00
1925-10-01	+08:00
1925-11-01	+08:00
1925-12-01	+08:00
1926-01-01	+08:00
1926-02-01	+08:00
1926-03-01	+08:00
1926-04-01	+08:00
1926-05-01	+08:00
1926-06-01	+08:00
1926-07-01	+08:00
1926-08-01	+08:00
1926-09-01	+08:00
1926-10-01	+08:00
1926-11-01	+08:00
1926-12-01	+08:00
1927-01-01	+08:00
1927-02-01	+08:00
1927-03-01	+08:00
1927-04-01	+08:00
1927-05-01	+08:00
1927-06-01	+08:00
1927-07-01	+08:00
1927-08-01	+08:00
1927-09-01	+08:00
1927-10-01	+08:00
1927-11-01	+08:00
1927-12-01	+08:00
1928-01-01	+08:00
1928-02-01	+08:00
1928-03-01	+08:00
1928-04-01	+08:00
1928-05-01	+08:00
1928-06-01	+08:00
1928-07-01	+08:00
1928-08-01	+08:00
1928-09-01	+08:00
1928-10-01	+08:00
1928-11-01	+08:00
1928-12-01	+08:00
1929-01-01	+08:00
1929-02-01	+08:00
1929-03-01	+08:00
1929-04-01	+08:00
1929-05-01	+08:00
1929-06-01	+08:00
1929-07-01	+08:00
1929-08-01	+08:00
1929-09-01	+08:00
1929-10-01	+08:00
1929-11-01	+08:00
1929-12-01	+08:00
1930-01-01	+08:00
1930-02-01	+08:00
1930-03-01	+08:00
1930-04-01	+08:00
1930-05-01	+08:00
1930-06-01	+08:00
1930-07-01	+08:00
1930-08-01	+08:00
1930-09-01	+08:00
1930-10-01	+08:00
1930-11-01	+08:00
1930-12-01	+08:00
1931-01-01	+08:00
1931-02-01	+08:00
1931-03-01	+08:00
1931-04-01	+08:00
1931-05-01	+08:00
1931-06-01	+08:00
1931-07-01	+08:00
1931-08-01	+08:00
1931-09-01	+08:00
1931-10-01	+08:00
1931-11-01	+08:00
1931-12-01	+08:00
1932-01-01	+08:00
1932-02-01	+08:00
1932-03-01	+08:00
1932-04-01	+08:00
1932-05-01	+08:00
1932-06-01	+08:00
1932-07-01	+08:00
1932-08-01	+08:00
1932-09-01	+08:00
1932-10-01	+08:00
1932-11-01	+08:00
1932-12-01	+08:00
1933-01-01	+08:00
1933-02-01	+08:00
1933-03-01	+08:00
1933-04-01	+08:00
1933-05-01	+08:00
1933-06-01	+08:00
1933-07-01	+08:00
1933-08-01	+08:00
1933-09-01	+08:00
1933-10-01	+08:00
1933-11-01	+08:00
1933-12-01	+08:00
1934-01-01	+08:00
1934-02-01	+08:00
1934-03-01	+08:00
1934-04-01	+08:00
1934-05-01	+08:00
1934-06-01	+08:00
1934-07-01	+08:00
1934-08-01	+08:00
1934-09-01	+08:00
1934-10-01	+08:00
1934-11-01	+08:00
1934-12-01	+08:00
1935-01-01	+08:00
1935-02-01	+08:00
1935-03-01	+08:00
1935-04-01	+08:00
1935-05-01	+08:00
1935-06-01	+08:00
1935-07-01	+08:00
1935-08-01	+08:00
1935-09-01	+08:00
1935-10-01	+08:00
1935-11-01	+08:00
1935-12-01	+08:00
1936-01-01	+08:00
1936-02-01	+08:00
1936-03-01	+08:00
1936-04-01	+08:00
1936-05-01	+08:00
1936-06-01	+08:00
1936-07-01	+08:00
1936-08-01	+08:00
1936-09-01	+08:00
1936-10-01	+08:00
1936-11-01	+08:00
1936-12-01	+08:00
1937-01-01	+08:00
1937-02-01	+08:00
1937-03-01	+08:00
1937-04-01	+08:00
1937-05-01	+08:00
1937-06-01	+08:00
1937-07-01	+08:00
1937-08-01	+08:00
1937-09-01	+08:00
1937-10-01	+08:00
1937-11-01	+08:00
1937-12-01	+08:00
1938-01-01	+08:00
1938-02-01	+08:00
1938-03-01	+08:00
1938-04-01	+08:00
1938-05-01	+08:00
1938-06-01	+08:00
1938-07-01	+08:00
1938-08-01	+08:00
1938-09-01	+08:00
1938-10-01	+08:00
1938-11-01	+08:00
1938-12-01	+08:00
1939-01-01	+08:00
1939-02-01	+08:00
1939-03-01	+08:00
1939-04-01	+08:00
1939-05-01	+08:00
1939-06-01	+08:00
1939-07-01	+08:00
1939-08-01	+08:00
1939-09-01	+08:00
1939-10-01	+08:00
1939-11-01	+08:00
1939-12-01	+08:00
1940-01-01	+08:00
1940-02-01	+08:00
1940-03-01	+08:00
1940-04-01	+08:00
1940-05-01	+08:00
1940-06-01	+08:00
1940-07-01	+09:00
1940-08-01	+09:00
1940-09-01	+09:00
1940-10-01	+09:00
1940-11-01	+08:00
1940-12-01	+08:00
1941-01-01	+08:00
1941-02-01	+08:00
1941-03-01	+08:00
1941-04-01	+09:00
1941-05-01	+09:00
1941-06-01	+09:00
1941-07-01	+09:00
1941-08-01	+09:00
1941-09-01	+09:00
1941-10-01	+09:00
1941-11-01	+09:00
1941-12-01	+08:00
1942-01-01	+08:00
1942-02-01	+09:00
1942-03-01	+09:00
1942-04-01	+09:00
1942-05-01	+09:00
1942-06-01	+09:00
1942-07-01	+09:00
1942-08-01	+09:00
1942-09-01	+09:00
1942-10-01	+09:00
1942-11-01	+09:00
1942-12-01	+09:00
1943-01-01	+09:00
1943-02-01	+09:00
1943-03-01	+09:00
1943-04-01	+09:00
1943-05-01	+09:00
1943-06-01	+09:00
1943-07-01	+09:00
1943-08-01	+09:00
1943-09-01	+09:00
1943-10-01	+09:00
1943-11-01	+09:00
1943-12-01	+09:00
1944-01-01	+09:00
1944-02-01	+09:00
1944-03-01	+09:00
1944-04-01	+09:00
1944-05-01	+09:00
1944-06-01	+09:00
1944-07-01	+09:00
1944-08-01	+09:00
1944-09-01	+09:00
1944-10-01	+09:00
1944-11-01	+09:00
1944-12-01	+09:00
1945-01-01	+09:00
1945-02-01	+09:00
1945-03-01	+09:00
1945-04-01	+09:00
1945-05-01	+09:00
1945-06-01	+09:00
1945-07-01	+09:00
1945-08-01	+09:00
1945-09-01	+09:00
1945-10-01	+08:00
1945-11-01	+08:00
1945-12-01	+08:00
1946-01-01	+08:00
1946-02-01	+08:00
1946-03-01	+08:00
1946-04-01	+08:00
1946-05-01	+08:00
1946-06-01	+09:00
1946-07-01	+09:00
1946-08-01	+09:00
1946-09-01	+09:00
1946-10-01	+08:00
1946-11-01	+08:00
1946-12-01	+08:00
1947-01-01	+08:00
1947-02-01	+08:00
1947-03-01	+08:00
1947-04-01	+08:00
1947-05-01	+09:00
1947-06-01	+09:00
1947-07-01	+09:00
1947-08-01	+09:00
1947-09-01	+09:00
1947-10-01	+09:00
1947-11-01	+08:00
1947-12-01	+08:00
1948-01-01	+08:00
1948-02-01	+08:00
1948-03-01	+08:00
1948-04-01	+08:00
1948-05-01	+08:00
1948-06-01	+09:00
1948-07-01	+09:00
1948-08-01	+09:00
1948-09-01	+09:00
1948-10-01	+08:00
1948-11-01	+08:00
1948-12-01	+08:00
1949-01-01	+08:00
1949-02-01	+08:00
1949-03-01	+08:00
1949-04-01	+08:00
1949-05-01	+08:00
1949-06-01	+08:00
1949-07-01	+08:00
1949-08-01	+08:00
1949-09-01	+08:00
1949-10-01	+08:00
1949-11-01	+08:00
1949-12-01	+08:00
1950-01-01	+08:00
1950-02-01	+08:00
1950-03-01	+08:00
1950-04-01	+08:00
1950-05-01	+08:00
1950-06-01	+08:00
1950-07-01	+08:00
1950-08-01	+08:00
1950-09-01	+08:00
1950-10-01	+08:00
1950-11-01	+08:00
1950-12-01	+08:00
1951-01-01	+08:00
1951-02-01	+08:00
1951-03-01	+08:00
1951-04-01	+08:00
1951-05-01	+08:00
1951-06-01	+08:00
1951-07-01	+08:00
1951-08-01	+08:00
1951-09-01	+08:00
1951-10-01	+08:00
1951-11-01	+08:00
1951-12-01	+08:00
1952-01-01	+08:00
1952-02-01	+08:00
1952-03-01	+08:00
1952-04-01	+08:00
1952-05-01	+08:00
1952-06-01	+08:00
1952-07-01	+08:00
1952-08-01	+08:00
1952-09-01	+08:00
1952-10-01	+08:00
1952-11-01	+08:00
1952-12-01	+08:00
1953-01-01	+08:00
1953-02-01	+08:00
1953-03-01	+08:00
1953-04-01	+08:00
1953-05-01	+08:00
1953-06-01	+08:00
1953-07-01	+08:00
1953-08-01	+08:00
1953-09-01	+08:00
1953-10-01	+08:00
1953-11-01	+08:00
1953-12-01	+08:00
1954-01-01	+08:00
1954-02-01	+08:00
1954-03-01	+08:00
1954-04-01	+08:00
1954-05-01	+08:00
1954-06-01	+08:00
1954-07-01	+08:00
1954-08-01	+08:00
1954-09-01	+08:00
1954-10-01	+08:00
1954-11-01	+08:00
1954-12-01	+08:00
1955-01-01	+08:00
1955-02-01	+08:00
1955-03-01	+08:00
1955-04-01	+08:00
1955-05-01	+08:00
1955-06-01	+08:00
1955-07-01	+08:00
1955-08-01	+08:00
1955-09-01	+08:00
1955-10-01	+08:00
1955-11-01	+08:00
1955-12-01	+08:00
1956-01-01	+08:00
1956-02-01	+08:00
1956-03-01	+08:00
1956-04-01	+08:00
1956-05-01	+08:00
1956-06-01	+08:00
1956-07-01	+08:00
1956-08-01	+08:00
1956-09-01	+08:00
1956-10-01	+08:00
1956-11-01	+08:00
1956-12-01	+08:00
1957-01-01	+08:00
1957-02-01	+08:00
1957-03-01	+08:00
1957-04-01	+08:00
1957-05-01	+08:00
1957-06-01	+08:00
1957-07-01	+08:00
1957-08-01	+08:00
1957-09-01	+08:00
1957-10-01	+08:00
1957-11-01	+08:00
1957-12-01	+08:00
1958-01-01	+08:00
1958-02-01	+08:00
1958-03-01	+08:00
1958-04-01	+08:00
1958-05-01	+08:00
1958-06-01	+08:00
1958-07-01	+08:00
1958-08-01	+08:00
1958-09-01	+08:00
1958-10-01	+08:00
1958-11-01	+08:00
1958-12-01	+08:00
1959-01-01	+08:00
1959-02-01	+08:00
1959-03-01	+08:00
1959-04-01	+08:00
1959-05-01	+08:00
1959-06-01	+08:00
1959-07-01	+08:00
1959-08-01	+08:00
1959-09-01	+08:00
1959-10-01	+08:00
1959-11-01	+08:00
1959-12-01	+08:00
1960-01-01	+08:00
1960-02-01	+08:00
1960-03-01	+08:00
1960-04-01	+08:00
1960-05-01	+08:00
1960-06-01	+08:00
1960-07-01	+08:00
1960-08-01	+08:00
1960-09-01	+08:00
1960-10-01	+08:00
1960-11-01	+08:00
1960-12-01	+08:00
1961-01-01	+08:00
1961-02-01	+08:00
1961-03-01	+08:00
1961-04-01	+08:00
1961-05-01	+08:00
1961-06-01	+08:00
1961-07-01	+08:00
1961-08-01	+08:00
1961-09-01	+08:00
1961-10-01	+08:00
1961-11-01	+08:00
1961-12-01	+08:00
1962-01-01	+08:00
1962-02-01	+08:00
1962-03-01	+08:00
1962-04-01	+08:00
1962-05-01	+08:00
1962-06-01	+08:00
1962-07-01	+08:00
1962-08-01	+08:00
1962-09-01	+08:00
1962-10-01	+08:00
1962-11-01	+08:00
1962-12-01	+08:00
1963-01-01	+08:00
1963-02-01	+08:00
1963-03-01	+08:00
1963-04-01	+08:00
1963-05-01	+08:00
1963-06-01	+08:00
1963-07-01	+08:00
1963-08-01	+08:00
1963-09-01	+08:00
1963-10-01	+08:00
1963-11-01	+08:00
1963-12-01	+08:00
1964-01-01	+08:00
1964-02-01	+08:00
1964-03-01	+08:00
1964-04-01	+08:00
1964-05-01	+08:00
1964-06-01	+08:00
1964-07-01	+08:00
1964-08-01	+08:00
1964-09-01	+08:00
1964-10-01	+08:00
1964-11-01	+08:00
1964-12-01	+08:00
1965-01-01	+08:00
1965-02-01	+08:00
1965-03-01	+08:00
1965-04-01	+08:00
1965-05-01	+08:00
1965-06-01	+08:00
1965-07-01	+08:00
1965-08-01	+08:00
1965-09-01	+08:00
1965-10-01	+08:00
1965-11-01	+08:00
1965-12-01	+08:00
1966-01-01	+08:00
1966-02-01	+08:00
1966-03-01	+08:00
1966-04-01	+08:00
1966-05-01	+08:00
1966-06-01	+08:00
1966-07-01	+08:00
1966-08-01	+08:00
1966-09-01	+08:00
1966-10-01	+08:00
1966-11-01	+08:00
1966-12-01	+08:00
1967-01-01	+08:00
1967-02-01	+08:00
1967-03-01	+08:00
1967-04-01	+08:00
1967-05-01	+08:00
1967-06-01	+08:00
1967-07-01	+08:00
1967-08-01	+08:00
1967-09-01	+08:00
1967-10-01	+08:00
1967-11-01	+08:00
1967-12-01	+08:00
1968-01-01	+08:00
1968-02-01	+08:00
1968-03-01	+08:00
1968-04-01	+08:00
1968-05-01	+08:00
1968-06-01	+08:00
1968-07-01	+08:00
1968-08-01	+08:00
1968-09-01	+08:00
1968-10-01	+08:00
1968-11-01	+08:00
1968-12-01	+08:00
1969-01-01	+08:00
1969-02-01	+08:00
1969-03-01	+08:00
1969-04-01	+08:00
1969-05-01	+08:00
1969-06-01	+08:00
1969-07-01	+08:00
1969-08-01	+08:00
1969-09-01	+08:00
1969-10-01	+08:00
1969-11-01	+08:00
1969-12-01	+08:00
1970-01-01	+08:00
1970-02-01	+08:00
1970-03-01	+08:00
1970-04-01	+08:00
1970-05-01	+08:00
1970-06-01	+08:00
1970-07-01	+08:00
1970-08-01	+08:00
1970-09-01	+08:00
1970-10-01	+08:00
1970-11-01	+08:00
1970-12-01	+08:00
1971-01-01	+08:00
1971-02-01	+08:00
1971-03-01	+08:00
1971-04-01	+08:00
1971-05-01	+08:00
1971-06-01	+08:00
1971-07-01	+08:00
1971-08-01	+08:00
1971-09-01	+08:00
1971-10-01	+08:00
1971-11-01	+08:00
1971-12-01	+08:00
1972-01-01	+08:00
1972-02-01	+08:00
1972-03-01	+08:00
1972-04-01	+08:00
1972-05-01	+08:00
1972-06-01	+08:00
1972-07-01	+08:00
1972-08-01	+08:00
1972-09-01	+08:00
1972-10-01	+08:00
1972-11-01	+08:00
1972-12-01	+08:00
1973-01-01	+08:00
1973-02-01	+08:00
1973-03-01	+08:00
1973-04-01	+08:00
1973-05-01	+08:00
1973-06-01	+08:00
1973-07-01	+08:00
1973-08-01	+08:00
1973-09-01	+08:00
1973-10-01	+08:00
1973-11-01	+08:00
1973-12-01	+08:00
1974-01-01	+08:00
1974-02-01	+08:00
1974-03-01	+08:00
1974-04-01	+08:00
1974-05-01	+08:00
1974-06-01	+08:00
1974-07-01	+08:00
1974-08-01	+08:00
1974-09-01	+08:00
1974-10-01	+08:00
1974-11-01	+08:00
1974-12-01	+08:00
1975-01-01	+08:00
1975-02-01	+08:00
1975-03-01	+08:00
1975-04-01	+08:00
1975-05-01	+08:00
1975-06-01	+08:00
1975-07-01	+08:00
1975-08-01	+08:00
1975-09-01	+08:00
1975-10-01	+08:00
1975-11-01	+08:00
1975-12-01	+08:00
1976-01-01	+08:00
1976-02-01	+08:00
1976-03-01	+08:00
1976-04-01	+08:00
1976-05-01	+08:00
1976-06-01	+08:00
1976-07-01	+08:00
1976-08-01	+08:00
1976-09-01	+08:00
1976-10-01	+08:00
1976-11-01	+08:00
1976-12-01	+08:00
1977-01-01	+08:00
1977-02-01	+08:00
1977-03-01	+08:00
1977-04-01	+08:00
1977-05-01	+08:00
1977-06-01	+08:00
1977-07-01	+08:00
1977-08-01	+08:00
1977-09-01	+08:00
1977-10-01	+08:00
1977-11-01	+08:00
1977-12-01	+08:00
1978-01-01	+08:00
1978-02-01	+08:00
1978-03-01	+08:00
1978-04-01	+08:00
1978-05-01	+08:00
1978-06-01	+08:00
1978-07-01	+08:00
1978-08-01	+08:00
1978-09-01	+08:00
1978-10-01	+08:00
1978-11-01	+08:00
1978-12-01	+08:00
1979-01-01	+08:00
1979-02-01	+08:00
1979-03-01	+08:00
1979-04-01	+08:00
1979-05-01	+08:00
1979-06-01	+08:00
1979-07-01	+08:00
1979-08-01	+08:00
1979-09-01	+08:00
1979-10-01	+08:00
1979-11-01	+08:00
1979-12-01	+08:00
1980-01-01	+08:00
1980-02-01	+08:00
1980-03-01	+08:00
1980-04-01	+08:00
1980-05-01	+08:00
1980-06-01	+08:00
1980-07-01	+08:00
1980-08-01	+08:00
1980-09-01	+08:00
1980-10-01	+08:00
1980-11-01	+08:00
1980-12-01	+08:00
1981-01-01	+08:00
1981-02-01	+08:00
1981-03-01	+08:00
1981-04-01	+08:00
1981-05-01	+08:00
1981-06-01	+08:00
1981-07-01	+08:00
1981-08-01	+08:00
1981-09-01	+08:00
1981-10-01	+08:00
1981-11-01	+08:00
1981-12-01	+08:00
1982-01-01	+08:00
1982-02-01	+08:00
1982-03-01	+08:00
1982-04-01	+08:00
1982-05-01	+08:00
1982-06-01	+08:00
1982-07-01	+08:00
1982-08-01	+08:00
1982-09-01	+08:00
1982-10-01	+08:00
1982-11-01	+08:00
1982-12-01	+08:00
1983-01-01	+08:00
1983-02-01	+08:00
1983-03-01	+08:00
1983-04-01	+08:00
1983-05-01	+08:00
1983-06-01	+08:00
1983-07-01	+08:00
1983-08-01	+08:00
1983-09-01	+08:00
1983-10-01	+08:00
1983-11-01	+08:00
1983-12-01	+08:00
1984-01-01	+08:00
1984-02-01	+08:00
1984-03-01	+08:00
1984-04-01	+08:00
1984-05-01	+08:00
1984-06-01	+08:00
1984-07-01	+08:00
1984-08-01	+08:00
1984-09-01	+08:00
1984-10-01	+08:00
1984-11-01	+08:00
1984-12-01	+08:00
1985-01-01	+08:00
1985-02-01	+08:00
1985-03-01	+08:00
1985-04-01	+08:00
1985-05-01	+08:00
1985-06-01	+08:00
1985-07-01	+08:00
1985-08-01	+08:00
1985-09-01	+08:00
1985-10-01	+08:00
1985-11-01	+08:00
1985-12-01	+08:00
1986-01-01	+08:00
1986-02-01	+08:00
1986-03-01	+08:00
1986-04-01	+08:00
1986-05-01	+08:00
1986-06-01	+09:00
1986-07-01	+09:00
1986-08-01	+09:00
1986-09-01	+09:00
1986-10-01	+08:00
1986-11-01	+08:00
1986-12-01	+08:00
1987-01-01	+08:00
1987-02-01	+08:00
1987-03-01	+08:00
1987-04-01	+08:00
1987-05-01	+09:00
1987-06-01	+09:00
1987-07-01	+09:00
1987-08-01	+09:00
1987-09-01	+09:00
1987-10-01	+08:00
1987-11-01	+08:00
1987-12-01	+08:00
1988-01-01	+08:00
1988-02-01	+08:00
1988-03-01	+08:00
1988-04-01	+08:00
1988-05-01	+09:00
1988-06-01	+09:00
1988-07-01	+09:00
1988-08-01	+09:00
1988-09-01	+09:00
1988-10-01	+08:00
1988-11-01	+08:00
1988-12-01	+08:00
1989-01-01	+08:00
1989-02-01	+08:00
1989-03-01	+08:00
1989-04-01	+08:00
1989-05-01	+09:00
1989-06-01	+09:00
1989-07-01	+09:00
1989-08-01	+09:00
1989-09-01	+09:00
1989-10-01	+08:00
1989-11-01	+08:00
1989-12-01	+08:00
1990-01-01	+08:00
1990-02-01	+08:00
1990-03-01	+08:00
1990-04-01	+08:00
1990-05-01	+09:00
1990-06-01	+09:00
1990-07-01	+09:00
1990-08-01	+09:00
1990-09-01	+09:00
1990-10-01	+08:00
1990-11-01	+08:00
1990-12-01	+08:00
1991-01-01	+08:00
1991-02-01	+08:00
1991-03-01	+08:00
1991-04-01	+08:00
1991-05-01	+09:00
1991-06-01	+09:00
1991-07-01	+09:00
1991-08-01	+09:00
1991-09-01	+09:00
1991-10-01	+08:00
1991-11-01	+08:00
1991-12-01	+08:00
1992-01-01	+08:00
1992-02-01	+08:00
1992-03-01	+08:00
1992-04-01	+08:00
1992-05-01	+08:00
1992-06-01	+08:00
1992-07-01	+08:00
1992-08-01	+08:00
1992-09-01	+08:00
1992-10-01	+08:00
1992-11-01	+08:00
1992-12-01	+08:00
1993-01-01	+08:00
1993-02-01	+08:00
1993-03-01	+08:00
1993-04-01	+08:00
1993-05-01	+08:00
1993-06-01	+08:00
1993-07-01	+08:00
1993-08-01	+08:00
1993-09-01	+08:00
1993-10-01	+08:00
1993-11-01	+08:00
1993-12-01	+08:00
1994-01-01	+08:00
1994-02-01	+08:00
1994-03-01	+08:00
1994-04-01	+08:00
1994-05-01	+08:00
1994-06-01	+08:00
1994-07-01	+08:00
1994-08-01	+08:00
1994-09-01	+08:00
1994-10-01	+08:00
1994-11-01	+08:00
1994-12-01	+08:00
1995-01-01	+08:00
1995-02-01	+08:00
1995-03-01	+08:00
1995-04-01	+08:00
1995-05-01	+08:00
1995-06-01	+08:00
1995-07-01	+08:00
1995-08-01	+08:00
1995-09-01	+08:00
1995-10-01	+08:00
1995-11-01	+08:00
1995-12-01	+08:00
1996-01-01	+08:00
1996-02-01	+08:00
1996-03-01	+08:00
1996-04-01	+08:00
1996-05-01	+08:00
1996-06-01	+08:00
1996-07-01	+08:00
1996-08-01	+08:00
1996-09-01	+08:00
1996-10-01	+08:00
1996-11-01	+08:00
1996-12-01	+08:00
1997-01-01	+08:00
1997-02-01	+08:00
1997-03-01	+08:00
1997-04-01	+08:00
1997-05-01	+08:00
1997-06-01	+08:00
1997-07-01	+08:00
1997-08-01	+08:00
1997-09-01	+08:00
1997-10-01	+08:00
1997-11-01	+08:00
1997-12-01	+08:00
1998-01-01	+08:00
1998-02-01	+08:00
1998-03-01	+08:00
1998-04-01	+08:00
1998-05-01	+08:00
1998-06-01	+08:00
1998-07-01	+08:00
1998-08-01	+08:00
1998-09-01	+08:00
1998-10-01	+08:00
1998-11-01	+08:00
1998-12-01	+08:00
1999-01-01	+08:00
1999-02-01	+08:00
1999-03-01	+08:00
1999-04-01	+08:00
1999-05-01	+08:00
1999-06-01	+08:00
1999-07-01	+08:00
1999-08-01	+08:00
1999-09-01	+08:00
1999-10-01	+08:00
1999-11-01	+08:00
1999-12-01	+08:00
{
	"@type":"com.alibaba.fastjson2.issues_2300.Issue2392$Bean",
	"value":{
		"@type":"kotlin.collections.EmptyList",
		"@value":[]
	}
}
{"testField":"My Test"}
{"n0":null,"n1":"1","s0":"","s1":"noear"}
{"v":6.805646932770577E38}
253860218
[Value2{val=1, v_al=2}, Value2{val=2, v_al=2}, Value2{val=3, v_al=2}]  
{"data":{"key1":"value1","key2":"value2"},"success":false}
{"data":["key1","key2"],"success":false}
com.alibaba.fastjson2.JSONException: illegal number, offset 25, char }
	at com.alibaba.fastjson2.JSONReader.numberError(JSONReader.java:6770)
	at com.alibaba.fastjson2.JSONReader.getInt64Value(JSONReader.java:2050)
	at com.alibaba.fastjson2.JSONReader.readInt64ValueOverflow(JSONReader.java:1933)
	at com.alibaba.fastjson2.JSONReaderUTF8.readInt64Value(JSONReaderUTF8.java:3757)
	at com.alibaba.fastjson2.reader.ORG_2077_1_LongVal.readObject(Unknown Source)
	at com.alibaba.fastjson2.JSON.parseObject(JSON.java:992)
	at com.alibaba.fastjson2.v1issues.issue_1400.Issue1423.test_for_issue(Issue1423.java:17)
	at java.base/jdk.internal.reflect.DirectMethodHandleAccessor.invoke(DirectMethodHandleAccessor.java:104)
	at java.base/java.lang.reflect.Method.invoke(Method.java:565)
	at org.junit.platform.commons.util.ReflectionUtils.invokeMethod(ReflectionUtils.java:787)
	at org.junit.platform.commons.support.ReflectionSupport.invokeMethod(ReflectionSupport.java:478)
	at org.junit.jupiter.engine.execution.MethodInvocation.proceed(MethodInvocation.java:60)
	at org.junit.jupiter.engine.execution.InvocationInterceptorChain$ValidatingInvocation.proceed(InvocationInterceptorChain.java:131)
	at org.junit.jupiter.engine.extension.TimeoutExtension.intercept(TimeoutExtension.java:161)
	at org.junit.jupiter.engine.extension.TimeoutExtension.interceptTestableMethod(TimeoutExtension.java:152)
	at org.junit.jupiter.engine.extension.TimeoutExtension.interceptTestMethod(TimeoutExtension.java:91)
	at org.junit.jupiter.engine.execution.InterceptingExecutableInvoker$ReflectiveInterceptorCall.lambda$ofVoidMethod$0(InterceptingExecutableInvoker.java:112)
	at org.junit.jupiter.engine.execution.InterceptingExecutableInvoker.lambda$invoke$0(InterceptingExecutableInvoker.java:94)
	at org.junit.jupiter.engine.execution.InvocationInterceptorChain$InterceptedInvocation.proceed(InvocationInterceptorChain.java:106)
	at org.junit.jupiter.engine.execution.InvocationInterceptorChain.proceed(InvocationInterceptorChain.java:64)
	at org.junit.jupiter.engine.execution.InvocationInterceptorChain.chainAndInvoke(InvocationInterceptorChain.java:45)
	at org.junit.jupiter.engine.execution.InvocationInterceptorChain.invoke(InvocationInterceptorChain.java:37)
	at org.junit.jupiter.engine.execution.InterceptingExecutableInvoker.invoke(InterceptingExecutableInvoker.java:93)
	at org.junit.jupiter.engine.execution.InterceptingExecutableInvoker.invoke(InterceptingExecutableInvoker.java:87)
	at org.junit.jupiter.engine.descriptor.TestMethodTestDescriptor.lambda$invokeTestMethod$4(TestMethodTestDescriptor.java:221)
	at org.junit.platform.engine.support.hierarchical.ThrowableCollector.execute(ThrowableCollector.java:73)
	at org.junit.jupiter.engine.descriptor.TestMethodTestDescriptor.invokeTestMethod(TestMethodTestDescriptor.java:217)
	at org.junit.jupiter.engine.descriptor.TestMethodTestDescriptor.execute(TestMethodTestDescriptor.java:159)
	at org.junit.jupiter.engine.descriptor.TestMethodTestDescriptor.execute(TestMethodTestDescriptor.java:70)
	at org.junit.platform.engine.support.hierarchical.NodeTestTask.lambda$executeRecursively$6(NodeTestTask.java:157)
	at org.junit.platform.engine.support.hierarchical.ThrowableCollector.execute(ThrowableCollector.java:73)
	at org.junit.platform.engine.support.hierarchical.NodeTestTask.lambda$executeRecursively$8(NodeTestTask.java:147)
	at org.junit.platform.engine.support.hierarchical.Node.around(Node.java:137)
	at org.junit.platform.engine.support.hierarchical.NodeTestTask.lambda$executeRecursively$9(NodeTestTask.java:145)
	at org.junit.platform.engine.support.hierarchical.ThrowableCollector.execute(ThrowableCollector.java:73)
	at org.junit.platform.engine.support.hierarchical.NodeTestTask.executeRecursively(NodeTestTask.java:144)
	at org.junit.platform.engine.support.hierarchical.NodeTestTask.execute(NodeTestTask.java:101)
	at java.base/java.util.ArrayList.forEach(ArrayList.java:1604)
	at org.junit.platform.engine.support.hierarchical.SameThreadHierarchicalTestExecutorService.invokeAll(SameThreadHierarchicalTestExecutorService.java:41)
	at org.junit.platform.engine.support.hierarchical.NodeTestTask.lambda$executeRecursively$6(NodeTestTask.java:161)
	at org.junit.platform.engine.support.hierarchical.ThrowableCollector.execute(ThrowableCollector.java:73)
	at org.junit.platform.engine.support.hierarchical.NodeTestTask.lambda$executeRecursively$8(NodeTestTask.java:147)
	at org.junit.platform.engine.support.hierarchical.Node.around(Node.java:137)
	at org.junit.platform.engine.support.hierarchical.NodeTestTask.lambda$executeRecursively$9(NodeTestTask.java:145)
	at org.junit.platform.engine.support.hierarchical.ThrowableCollector.execute(ThrowableCollector.java:73)
	at org.junit.platform.engine.support.hierarchical.NodeTestTask.executeRecursively(NodeTestTask.java:144)
	at org.junit.platform.engine.support.hierarchical.NodeTestTask.execute(NodeTestTask.java:101)
	at java.base/java.util.ArrayList.forEach(ArrayList.java:1604)
	at org.junit.platform.engine.support.hierarchical.SameThreadHierarchicalTestExecutorService.invokeAll(SameThreadHierarchicalTestExecutorService.java:41)
	at org.junit.platform.engine.support.hierarchical.NodeTestTask.lambda$executeRecursively$6(NodeTestTask.java:161)
	at org.junit.platform.engine.support.hierarchical.ThrowableCollector.execute(ThrowableCollector.java:73)
	at org.junit.platform.engine.support.hierarchical.NodeTestTask.lambda$executeRecursively$8(NodeTestTask.java:147)
	at org.junit.platform.engine.support.hierarchical.Node.around(Node.java:137)
	at org.junit.platform.engine.support.hierarchical.NodeTestTask.lambda$executeRecursively$9(NodeTestTask.java:145)
	at org.junit.platform.engine.support.hierarchical.ThrowableCollector.execute(ThrowableCollector.java:73)
	at org.junit.platform.engine.support.hierarchical.NodeTestTask.executeRecursively(NodeTestTask.java:144)
	at org.junit.platform.engine.support.hierarchical.NodeTestTask.execute(NodeTestTask.java:101)
	at org.junit.platform.engine.support.hierarchical.SameThreadHierarchicalTestExecutorService.submit(SameThreadHierarchicalTestExecutorService.java:35)
	at org.junit.platform.engine.support.hierarchical.HierarchicalTestExecutor.execute(HierarchicalTestExecutor.java:57)
	at org.junit.platform.engine.support.hierarchical.HierarchicalTestEngine.execute(HierarchicalTestEngine.java:54)
	at org.junit.platform.launcher.core.EngineExecutionOrchestrator.executeEngine(EngineExecutionOrchestrator.java:230)
	at org.junit.platform.launcher.core.EngineExecutionOrchestrator.failOrExecuteEngine(EngineExecutionOrchestrator.java:204)
	at org.junit.platform.launcher.core.EngineExecutionOrchestrator.execute(EngineExecutionOrchestrator.java:172)
	at org.junit.platform.launcher.core.EngineExecutionOrchestrator.execute(EngineExecutionOrchestrator.java:101)
	at org.junit.platform.launcher.core.EngineExecutionOrchestrator.lambda$execute$0(EngineExecutionOrchestrator.java:64)
	at org.junit.platform.launcher.core.EngineExecutionOrchestrator.withInterceptedStreams(EngineExecutionOrchestrator.java:150)
	at org.junit.platform.launcher.core.EngineExecutionOrchestrator.execute(EngineExecutionOrchestrator.java:63)
	at org.junit.platform.launcher.core.DefaultLauncher.execute(DefaultLauncher.java:109)
	at org.junit.platform.launcher.core.DefaultLauncher.execute(DefaultLauncher.java:91)
	at org.junit.platform.launcher.core.DelegatingLauncher.execute(DelegatingLauncher.java:47)
	at org.junit.platform.launcher.core.InterceptingLauncher.lambda$execute$1(InterceptingLauncher.java:39)
	at org.junit.platform.launcher.core.ClasspathAlignmentCheckingLauncherInterceptor.intercept(ClasspathAlignmentCheckingLauncherInterceptor.java:25)
	at org.junit.platform.launcher.core.InterceptingLauncher.execute(InterceptingLauncher.java:38)
	at org.junit.platform.launcher.core.DelegatingLauncher.execute(DelegatingLauncher.java:47)
	at org.apache.maven.surefire.junitplatform.LazyLauncher.execute(LazyLauncher.java:56)
	at org.apache.maven.surefire.junitplatform.JUnitPlatformProvider.execute(JUnitPlatformProvider.java:194)
	at org.apache.maven.surefire.junitplatform.JUnitPlatformProvider.invokeAllTests(JUnitPlatformProvider.java:150)
	at org.apache.maven.surefire.junitplatform.JUnitPlatformProvider.invoke(JUnitPlatformProvider.java:124)
	at org.apache.maven.surefire.booter.ForkedBooter.runSuitesInProcess(ForkedBooter.java:385)
	at org.apache.maven.surefire.booter.ForkedBooter.execute(ForkedBooter.java:162)
	at org.apache.maven.surefire.booter.ForkedBooter.run(ForkedBooter.java:507)
	at org.apache.maven.surefire.booter.ForkedBooter.main(ForkedBooter.java:495)
com.alibaba.fastjson2.JSONException: illegal number, offset 25, char }
	at com.alibaba.fastjson2.JSONReader.numberError(JSONReader.java:6770)
	at com.alibaba.fastjson2.JSONReader.getInt64Value(JSONReader.java:2050)
	at com.alibaba.fastjson2.JSONReader.readInt64ValueOverflow(JSONReader.java:1933)
	at com.alibaba.fastjson2.JSONReaderUTF8.readInt64Value(JSONReaderUTF8.java:3757)
	at com.alibaba.fastjson2.reader.ORG_2077_1_LongVal.readObject(Unknown Source)
	at com.alibaba.fastjson2.JSON.parseObject(JSON.java:992)
	at com.alibaba.fastjson2.v1issues.issue_1400.Issue1423.test_for_issue(Issue1423.java:17)
	at java.base/jdk.internal.reflect.DirectMethodHandleAccessor.invoke(DirectMethodHandleAccessor.java:104)
	at java.base/java.lang.reflect.Method.invoke(Method.java:565)
	at org.junit.platform.commons.util.ReflectionUtils.invokeMethod(ReflectionUtils.java:787)
	at org.junit.platform.commons.support.ReflectionSupport.invokeMethod(ReflectionSupport.java:478)
	at org.junit.jupiter.engine.execution.MethodInvocation.proceed(MethodInvocation.java:60)
	at org.junit.jupiter.engine.execution.InvocationInterceptorChain$ValidatingInvocation.proceed(InvocationInterceptorChain.java:131)
	at org.junit.jupiter.engine.extension.TimeoutExtension.intercept(TimeoutExtension.java:161)
	at org.junit.jupiter.engine.extension.TimeoutExtension.interceptTestableMethod(TimeoutExtension.java:152)
	at org.junit.jupiter.engine.extension.TimeoutExtension.interceptTestMethod(TimeoutExtension.java:91)
	at org.junit.jupiter.engine.execution.InterceptingExecutableInvoker$ReflectiveInterceptorCall.lambda$ofVoidMethod$0(InterceptingExecutableInvoker.java:112)
	at org.junit.jupiter.engine.execution.InterceptingExecutableInvoker.lambda$invoke$0(InterceptingExecutableInvoker.java:94)
	at org.junit.jupiter.engine.execution.InvocationInterceptorChain$InterceptedInvocation.proceed(InvocationInterceptorChain.java:106)
	at org.junit.jupiter.engine.execution.InvocationInterceptorChain.proceed(InvocationInterceptorChain.java:64)
	at org.junit.jupiter.engine.execution.InvocationInterceptorChain.chainAndInvoke(InvocationInterceptorChain.java:45)
	at org.junit.jupiter.engine.execution.InvocationInterceptorChain.invoke(InvocationInterceptorChain.java:37)
	at org.junit.jupiter.engine.execution.InterceptingExecutableInvoker.invoke(InterceptingExecutableInvoker.java:93)
	at org.junit.jupiter.engine.execution.InterceptingExecutableInvoker.invoke(InterceptingExecutableInvoker.java:87)
	at org.junit.jupiter.engine.descriptor.TestMethodTestDescriptor.lambda$invokeTestMethod$4(TestMethodTestDescriptor.java:221)
	at org.junit.platform.engine.support.hierarchical.ThrowableCollector.execute(ThrowableCollector.java:73)
	at org.junit.jupiter.engine.descriptor.TestMethodTestDescriptor.invokeTestMethod(TestMethodTestDescriptor.java:217)
	at org.junit.jupiter.engine.descriptor.TestMethodTestDescriptor.execute(TestMethodTestDescriptor.java:159)
	at org.junit.jupiter.engine.descriptor.TestMethodTestDescriptor.execute(TestMethodTestDescriptor.java:70)
	at org.junit.platform.engine.support.hierarchical.NodeTestTask.lambda$executeRecursively$6(NodeTestTask.java:157)
	at org.junit.platform.engine.support.hierarchical.ThrowableCollector.execute(ThrowableCollector.java:73)
	at org.junit.platform.engine.support.hierarchical.NodeTestTask.lambda$executeRecursively$8(NodeTestTask.java:147)
	at org.junit.platform.engine.support.hierarchical.Node.around(Node.java:137)
	at org.junit.platform.engine.support.hierarchical.NodeTestTask.lambda$executeRecursively$9(NodeTestTask.java:145)
	at org.junit.platform.engine.support.hierarchical.ThrowableCollector.execute(ThrowableCollector.java:73)
	at org.junit.platform.engine.support.hierarchical.NodeTestTask.executeRecursively(NodeTestTask.java:144)
	at org.junit.platform.engine.support.hierarchical.NodeTestTask.execute(NodeTestTask.java:101)
	at java.base/java.util.ArrayList.forEach(ArrayList.java:1604)
	at org.junit.platform.engine.support.hierarchical.SameThreadHierarchicalTestExecutorService.invokeAll(SameThreadHierarchicalTestExecutorService.java:41)
	at org.junit.platform.engine.support.hierarchical.NodeTestTask.lambda$executeRecursively$6(NodeTestTask.java:161)
	at org.junit.platform.engine.support.hierarchical.ThrowableCollector.execute(ThrowableCollector.java:73)
	at org.junit.platform.engine.support.hierarchical.NodeTestTask.lambda$executeRecursively$8(NodeTestTask.java:147)
	at org.junit.platform.engine.support.hierarchical.Node.around(Node.java:137)
	at org.junit.platform.engine.support.hierarchical.NodeTestTask.lambda$executeRecursively$9(NodeTestTask.java:145)
	at org.junit.platform.engine.support.hierarchical.ThrowableCollector.execute(ThrowableCollector.java:73)
	at org.junit.platform.engine.support.hierarchical.NodeTestTask.executeRecursively(NodeTestTask.java:144)
	at org.junit.platform.engine.support.hierarchical.NodeTestTask.execute(NodeTestTask.java:101)
	at java.base/java.util.ArrayList.forEach(ArrayList.java:1604)
	at org.junit.platform.engine.support.hierarchical.SameThreadHierarchicalTestExecutorService.invokeAll(SameThreadHierarchicalTestExecutorService.java:41)
	at org.junit.platform.engine.support.hierarchical.NodeTestTask.lambda$executeRecursively$6(NodeTestTask.java:161)
	at org.junit.platform.engine.support.hierarchical.ThrowableCollector.execute(ThrowableCollector.java:73)
	at org.junit.platform.engine.support.hierarchical.NodeTestTask.lambda$executeRecursively$8(NodeTestTask.java:147)
	at org.junit.platform.engine.support.hierarchical.Node.around(Node.java:137)
	at org.junit.platform.engine.support.hierarchical.NodeTestTask.lambda$executeRecursively$9(NodeTestTask.java:145)
	at org.junit.platform.engine.support.hierarchical.ThrowableCollector.execute(ThrowableCollector.java:73)
	at org.junit.platform.engine.support.hierarchical.NodeTestTask.executeRecursively(NodeTestTask.java:144)
	at org.junit.platform.engine.support.hierarchical.NodeTestTask.execute(NodeTestTask.java:101)
	at org.junit.platform.engine.support.hierarchical.SameThreadHierarchicalTestExecutorService.submit(SameThreadHierarchicalTestExecutorService.java:35)
	at org.junit.platform.engine.support.hierarchical.HierarchicalTestExecutor.execute(HierarchicalTestExecutor.java:57)
	at org.junit.platform.engine.support.hierarchical.HierarchicalTestEngine.execute(HierarchicalTestEngine.java:54)
	at org.junit.platform.launcher.core.EngineExecutionOrchestrator.executeEngine(EngineExecutionOrchestrator.java:230)
	at org.junit.platform.launcher.core.EngineExecutionOrchestrator.failOrExecuteEngine(EngineExecutionOrchestrator.java:204)
	at org.junit.platform.launcher.core.EngineExecutionOrchestrator.execute(EngineExecutionOrchestrator.java:172)
	at org.junit.platform.launcher.core.EngineExecutionOrchestrator.execute(EngineExecutionOrchestrator.java:101)
	at org.junit.platform.launcher.core.EngineExecutionOrchestrator.lambda$execute$0(EngineExecutionOrchestrator.java:64)
	at org.junit.platform.launcher.core.EngineExecutionOrchestrator.withInterceptedStreams(EngineExecutionOrchestrator.java:150)
	at org.junit.platform.launcher.core.EngineExecutionOrchestrator.execute(EngineExecutionOrchestrator.java:63)
	at org.junit.platform.launcher.core.DefaultLauncher.execute(DefaultLauncher.java:109)
	at org.junit.platform.launcher.core.DefaultLauncher.execute(DefaultLauncher.java:91)
	at org.junit.platform.launcher.core.DelegatingLauncher.execute(DelegatingLauncher.java:47)
	at org.junit.platform.launcher.core.InterceptingLauncher.lambda$execute$1(InterceptingLauncher.java:39)
	at org.junit.platform.launcher.core.ClasspathAlignmentCheckingLauncherInterceptor.intercept(ClasspathAlignmentCheckingLauncherInterceptor.java:25)
	at org.junit.platform.launcher.core.InterceptingLauncher.execute(InterceptingLauncher.java:38)
	at org.junit.platform.launcher.core.DelegatingLauncher.execute(DelegatingLauncher.java:47)
	at org.apache.maven.surefire.junitplatform.LazyLauncher.execute(LazyLauncher.java:56)
	at org.apache.maven.surefire.junitplatform.JUnitPlatformProvider.execute(JUnitPlatformProvider.java:194)
	at org.apache.maven.surefire.junitplatform.JUnitPlatformProvider.invokeAllTests(JUnitPlatformProvider.java:150)
	at org.apache.maven.surefire.junitplatform.JUnitPlatformProvider.invoke(JUnitPlatformProvider.java:124)
	at org.apache.maven.surefire.booter.ForkedBooter.runSuitesInProcess(ForkedBooter.java:385)
	at org.apache.maven.surefire.booter.ForkedBooter.execute(ForkedBooter.java:162)
	at org.apache.maven.surefire.booter.ForkedBooter.run(ForkedBooter.java:507)
	at org.apache.maven.surefire.booter.ForkedBooter.main(ForkedBooter.java:495)
{"code":"A001","name":"测试"}
{"model":{"age":30,"rowIndex":1},"sampleNum":"22B00123"}
{"test":"2017-11-17T00:00:00+08:00"}
{"test":"2017-11-17T00:00:00+08:00"}
[{"map3":["list0","list1"]},{"map2":["list0","list1"]},{"map1":["list0","list1"]},{"map0":["list0","list1"]},{"map7":["list0","list1"]},{"map6":["list0","list1"]},{"map5":["list0","list1"]},{"map4":["list0","list1"]},{"map9":["list0","list1"]},{"map8":["list0","list1"]}]
[map3=[list0, list1], map2=[list0, list1], map1=[list0, list1], map0=[list0, list1], map7=[list0, list1], map6=[list0, list1], map5=[list0, list1], map4=[list0, list1], map9=[list0, list1], map8=[list0, list1]]
{"@type":"com.alibaba.fastjson2.v1issues.issue_1500.Issue1556$ApiResult","code":0,"data":{"@type":"com.alibaba.fastjson2.v1issues.issue_1500.Issue1556$ClassForData","dataName":"dataname","first":{"addr":"It is addr","commonInfo":{"demoDate":"2026-10-07 00:49:11.418"}},"second":{"commonInfo":{"demoDate":"2026-10-07 00:49:11.418"},"name":"It is name"}},"msg":"Success"}
{"@type":"com.alibaba.fastjson2.v1issues.issue_1500.Issue1556$ApiResult","code":0,"data":{"@type":"com.alibaba.fastjson2.v1issues.issue_1500.Issue1556$ClassForData","dataName":"dataname","first":{"addr":"It is addr","commonInfo":{"demoDate":"2026-10-07 00:49:11.418"}},"second":{"commonInfo":{"demoDate":"2026-10-07 00:49:11.418"},"name":"It is name"}},"msg":"Success"}
WARNING: Use of the three-letter time zone ID "ECT" is deprecated and it will be removed in a future release
WARNING: Use of the three-letter time zone ID "EAT" is deprecated and it will be removed in a future release
WARNING: Use of the three-letter time zone ID "EST" is deprecated and it will be removed in a future release
WARNING: Use of the three-letter time zone ID "PNT" is deprecated and it will be removed in a future release
WARNING: Use of the three-letter time zone ID "PLT" is deprecated and it will be removed in a future release
WARNING: Use of the three-letter time zone ID "CNT" is deprecated and it will be removed in a future release
WARNING: Use of the three-letter time zone ID "IET" is deprecated and it will be removed in a future release
WARNING: Use of the three-letter time zone ID "VST" is deprecated and it will be removed in a future release
WARNING: Use of the three-letter time zone ID "JST" is deprecated and it will be removed in a future release
WARNING: Use of the three-letter time zone ID "ART" is deprecated and it will be removed in a future release
WARNING: Use of the three-letter time zone ID "PST" is deprecated and it will be removed in a future release
WARNING: Use of the three-letter time zone ID "BET" is deprecated and it will be removed in a future release
WARNING: Use of the three-letter time zone ID "MIT" is deprecated and it will be removed in a future release
WARNING: Use of the three-letter time zone ID "CAT" is deprecated and it will be removed in a future release
WARNING: Use of the three-letter time zone ID "AGT" is deprecated and it will be removed in a future release
WARNING: Use of the three-letter time zone ID "NET" is deprecated and it will be removed in a future release
WARNING: Use of the three-letter time zone ID "CST" is deprecated and it will be removed in a future release
WARNING: Use of the three-letter time zone ID "IST" is deprecated and it will be removed in a future release
WARNING: Use of the three-letter time zone ID "AET" is deprecated and it will be removed in a future release
WARNING: Use of the three-letter time zone ID "BST" is deprecated and it will be removed in a future release
WARNING: Use of the three-letter time zone ID "ACT" is deprecated and it will be removed in a future release
WARNING: Use of the three-letter time zone ID "HST" is deprecated and it will be removed in a future release
WARNING: Use of the three-letter time zone ID "NST" is deprecated and it will be removed in a future release
WARNING: Use of the three-letter time zone ID "AST" is deprecated and it will be removed in a future release
WARNING: Use of the three-letter time zone ID "MST" is deprecated and it will be removed in a future release
WARNING: Use of the three-letter time zone ID "SST" is deprecated and it will be removed in a future release
WARNING: Use of the three-letter time zone ID "CTT" is deprecated and it will be removed in a future release
WARNING: Use of the three-letter time zone ID "PRT" is deprecated and it will be removed in a future release
WARNING: Use of the three-letter time zone ID "ECT" is deprecated and it will be removed in a future release
WARNING: Use of the three-letter time zone ID "EAT" is deprecated and it will be removed in a future release
WARNING: Use of the three-letter time zone ID "EST" is deprecated and it will be removed in a future release
WARNING: Use of the three-letter time zone ID "PNT" is deprecated and it will be removed in a future release
WARNING: Use of the three-letter time zone ID "PLT" is deprecated and it will be removed in a future release
WARNING: Use of the three-letter time zone ID "CNT" is deprecated and it will be removed in a future release
WARNING: Use of the three-letter time zone ID "IET" is deprecated and it will be removed in a future release
WARNING: Use of the three-letter time zone ID "VST" is deprecated and it will be removed in a future release
WARNING: Use of the three-letter time zone ID "JST" is deprecated and it will be removed in a future release
WARNING: Use of the three-letter time zone ID "ART" is deprecated and it will be removed in a future release
WARNING: Use of the three-letter time zone ID "PST" is deprecated and it will be removed in a future release
WARNING: Use of the three-letter time zone ID "BET" is deprecated and it will be removed in a future release
WARNING: Use of the three-letter time zone ID "MIT" is deprecated and it will be removed in a future release
WARNING: Use of the three-letter time zone ID "CAT" is deprecated and it will be removed in a future release
WARNING: Use of the three-letter time zone ID "AGT" is deprecated and it will be removed in a future release
WARNING: Use of the three-letter time zone ID "NET" is deprecated and it will be removed in a future release
WARNING: Use of the three-letter time zone ID "CST" is deprecated and it will be removed in a future release
WARNING: Use of the three-letter time zone ID "IST" is deprecated and it will be removed in a future release
WARNING: Use of the three-letter time zone ID "AET" is deprecated and it will be removed in a future release
WARNING: Use of the three-letter time zone ID "BST" is deprecated and it will be removed in a future release
WARNING: Use of the three-letter time zone ID "ACT" is deprecated and it will be removed in a future release
WARNING: Use of the three-letter time zone ID "HST" is deprecated and it will be removed in a future release
WARNING: Use of the three-letter time zone ID "NST" is deprecated and it will be removed in a future release
WARNING: Use of the three-letter time zone ID "AST" is deprecated and it will be removed in a future release
WARNING: Use of the three-letter time zone ID "MST" is deprecated and it will be removed in a future release
WARNING: Use of the three-letter time zone ID "SST" is deprecated and it will be removed in a future release
WARNING: Use of the three-letter time zone ID "CTT" is deprecated and it will be removed in a future release
WARNING: Use of the three-letter time zone ID "PRT" is deprecated and it will be removed in a future release
您的预约已经超时
[{"x":"y"},{"x":"y"}]
{"models":[{"x":"y"},{"x":"y"}]}
{"a":{"x":"y"},"b":{"x":"y"}}
{"a":{"x":"y"},"b":{"x":"y"}}
com.alibaba.fastjson2.JSONException: parse enum error, class com.alibaba.fastjson2.v1issues.issue_2000.Issue2065$EnumClass, getCode 0, offset 10, character }, line 1, column 10, fastjson-version 2.0.64 {"code":0}
	at com.alibaba.fastjson2.reader.ObjectReaderImplEnum.readObject(ObjectReaderImplEnum.java:254)
	at com.alibaba.fastjson2.reader.ORG_2176_1_Model.readObject(Unknown Source)
	at com.alibaba.fastjson2.JSON.parseObject(JSON.java:1299)
	at com.alibaba.fastjson2.v1issues.issue_2000.Issue2065.test_for_issue(Issue2065.java:20)
	at java.base/jdk.internal.reflect.DirectMethodHandleAccessor.invoke(DirectMethodHandleAccessor.java:104)
	at java.base/java.lang.reflect.Method.invoke(Method.java:565)
	at org.junit.platform.commons.util.ReflectionUtils.invokeMethod(ReflectionUtils.java:787)
	at org.junit.platform.commons.support.ReflectionSupport.invokeMethod(ReflectionSupport.java:478)
	at org.junit.jupiter.engine.execution.MethodInvocation.proceed(MethodInvocation.java:60)
	at org.junit.jupiter.engine.execution.InvocationInterceptorChain$ValidatingInvocation.proceed(InvocationInterceptorChain.java:131)
	at org.junit.jupiter.engine.extension.TimeoutExtension.intercept(TimeoutExtension.java:161)
	at org.junit.jupiter.engine.extension.TimeoutExtension.interceptTestableMethod(TimeoutExtension.java:152)
	at org.junit.jupiter.engine.extension.TimeoutExtension.interceptTestMethod(TimeoutExtension.java:91)
	at org.junit.jupiter.engine.execution.InterceptingExecutableInvoker$ReflectiveInterceptorCall.lambda$ofVoidMethod$0(InterceptingExecutableInvoker.java:112)
	at org.junit.jupiter.engine.execution.InterceptingExecutableInvoker.lambda$invoke$0(InterceptingExecutableInvoker.java:94)
	at org.junit.jupiter.engine.execution.InvocationInterceptorChain$InterceptedInvocation.proceed(InvocationInterceptorChain.java:106)
	at org.junit.jupiter.engine.execution.InvocationInterceptorChain.proceed(InvocationInterceptorChain.java:64)
	at org.junit.jupiter.engine.execution.InvocationInterceptorChain.chainAndInvoke(InvocationInterceptorChain.java:45)
	at org.junit.jupiter.engine.execution.InvocationInterceptorChain.invoke(InvocationInterceptorChain.java:37)
	at org.junit.jupiter.engine.execution.InterceptingExecutableInvoker.invoke(InterceptingExecutableInvoker.java:93)
	at org.junit.jupiter.engine.execution.InterceptingExecutableInvoker.invoke(InterceptingExecutableInvoker.java:87)
	at org.junit.jupiter.engine.descriptor.TestMethodTestDescriptor.lambda$invokeTestMethod$4(TestMethodTestDescriptor.java:221)
	at org.junit.platform.engine.support.hierarchical.ThrowableCollector.execute(ThrowableCollector.java:73)
	at org.junit.jupiter.engine.descriptor.TestMethodTestDescriptor.invokeTestMethod(TestMethodTestDescriptor.java:217)
	at org.junit.jupiter.engine.descriptor.TestMethodTestDescriptor.execute(TestMethodTestDescriptor.java:159)
	at org.junit.jupiter.engine.descriptor.TestMethodTestDescriptor.execute(TestMethodTestDescriptor.java:70)
	at org.junit.platform.engine.support.hierarchical.NodeTestTask.lambda$executeRecursively$6(NodeTestTask.java:157)
	at org.junit.platform.engine.support.hierarchical.ThrowableCollector.execute(ThrowableCollector.java:73)
	at org.junit.platform.engine.support.hierarchical.NodeTestTask.lambda$executeRecursively$8(NodeTestTask.java:147)
	at org.junit.platform.engine.support.hierarchical.Node.around(Node.java:137)
	at org.junit.platform.engine.support.hierarchical.NodeTestTask.lambda$executeRecursively$9(NodeTestTask.java:145)
	at org.junit.platform.engine.support.hierarchical.ThrowableCollector.execute(ThrowableCollector.java:73)
	at org.junit.platform.engine.support.hierarchical.NodeTestTask.executeRecursively(NodeTestTask.java:144)
	at org.junit.platform.engine.support.hierarchical.NodeTestTask.execute(NodeTestTask.java:101)
	at java.base/java.util.ArrayList.forEach(ArrayList.java:1604)
	at org.junit.platform.engine.support.hierarchical.SameThreadHierarchicalTestExecutorService.invokeAll(SameThreadHierarchicalTestExecutorService.java:41)
	at org.junit.platform.engine.support.hierarchical.NodeTestTask.lambda$executeRecursively$6(NodeTestTask.java:161)
	at org.junit.platform.engine.support.hierarchical.ThrowableCollector.execute(ThrowableCollector.java:73)
	at org.junit.platform.engine.support.hierarchical.NodeTestTask.lambda$executeRecursively$8(NodeTestTask.java:147)
	at org.junit.platform.engine.support.hierarchical.Node.around(Node.java:137)
	at org.junit.platform.engine.support.hierarchical.NodeTestTask.lambda$executeRecursively$9(NodeTestTask.java:145)
	at org.junit.platform.engine.support.hierarchical.ThrowableCollector.execute(ThrowableCollector.java:73)
	at org.junit.platform.engine.support.hierarchical.NodeTestTask.executeRecursively(NodeTestTask.java:144)
	at org.junit.platform.engine.support.hierarchical.NodeTestTask.execute(NodeTestTask.java:101)
	at java.base/java.util.ArrayList.forEach(ArrayList.java:1604)
	at org.junit.platform.engine.support.hierarchical.SameThreadHierarchicalTestExecutorService.invokeAll(SameThreadHierarchicalTestExecutorService.java:41)
	at org.junit.platform.engine.support.hierarchical.NodeTestTask.lambda$executeRecursively$6(NodeTestTask.java:161)
	at org.junit.platform.engine.support.hierarchical.ThrowableCollector.execute(ThrowableCollector.java:73)
	at org.junit.platform.engine.support.hierarchical.NodeTestTask.lambda$executeRecursively$8(NodeTestTask.java:147)
	at org.junit.platform.engine.support.hierarchical.Node.around(Node.java:137)
	at org.junit.platform.engine.support.hierarchical.NodeTestTask.lambda$executeRecursively$9(NodeTestTask.java:145)
	at org.junit.platform.engine.support.hierarchical.ThrowableCollector.execute(ThrowableCollector.java:73)
	at org.junit.platform.engine.support.hierarchical.NodeTestTask.executeRecursively(NodeTestTask.java:144)
	at org.junit.platform.engine.support.hierarchical.NodeTestTask.execute(NodeTestTask.java:101)
	at org.junit.platform.engine.support.hierarchical.SameThreadHierarchicalTestExecutorService.submit(SameThreadHierarchicalTestExecutorService.java:35)
	at org.junit.platform.engine.support.hierarchical.HierarchicalTestExecutor.execute(HierarchicalTestExecutor.java:57)
	at org.junit.platform.engine.support.hierarchical.HierarchicalTestEngine.execute(HierarchicalTestEngine.java:54)
	at org.junit.platform.launcher.core.EngineExecutionOrchestrator.executeEngine(EngineExecutionOrchestrator.java:230)
	at org.junit.platform.launcher.core.EngineExecutionOrchestrator.failOrExecuteEngine(EngineExecutionOrchestrator.java:204)
	at org.junit.platform.launcher.core.EngineExecutionOrchestrator.execute(EngineExecutionOrchestrator.java:172)
	at org.junit.platform.launcher.core.EngineExecutionOrchestrator.execute(EngineExecutionOrchestrator.java:101)
	at org.junit.platform.launcher.core.EngineExecutionOrchestrator.lambda$execute$0(EngineExecutionOrchestrator.java:64)
	at org.junit.platform.launcher.core.EngineExecutionOrchestrator.withInterceptedStreams(EngineExecutionOrchestrator.java:150)
	at org.junit.platform.launcher.core.EngineExecutionOrchestrator.execute(EngineExecutionOrchestrator.java:63)
	at org.junit.platform.launcher.core.DefaultLauncher.execute(DefaultLauncher.java:109)
	at org.junit.platform.launcher.core.DefaultLauncher.execute(DefaultLauncher.java:91)
	at org.junit.platform.launcher.core.DelegatingLauncher.execute(DelegatingLauncher.java:47)
	at org.junit.platform.launcher.core.InterceptingLauncher.lambda$execute$1(InterceptingLauncher.java:39)
	at org.junit.platform.launcher.core.ClasspathAlignmentCheckingLauncherInterceptor.intercept(ClasspathAlignmentCheckingLauncherInterceptor.java:25)
	at org.junit.platform.launcher.core.InterceptingLauncher.execute(InterceptingLauncher.java:38)
	at org.junit.platform.launcher.core.DelegatingLauncher.execute(DelegatingLauncher.java:47)
	at org.apache.maven.surefire.junitplatform.LazyLauncher.execute(LazyLauncher.java:56)
	at org.apache.maven.surefire.junitplatform.JUnitPlatformProvider.execute(JUnitPlatformProvider.java:194)
	at org.apache.maven.surefire.junitplatform.JUnitPlatformProvider.invokeAllTests(JUnitPlatformProvider.java:150)
	at org.apache.maven.surefire.junitplatform.JUnitPlatformProvider.invoke(JUnitPlatformProvider.java:124)
	at org.apache.maven.surefire.booter.ForkedBooter.runSuitesInProcess(ForkedBooter.java:385)
	at org.apache.maven.surefire.booter.ForkedBooter.execute(ForkedBooter.java:162)
	at org.apache.maven.surefire.booter.ForkedBooter.run(ForkedBooter.java:507)
	at org.apache.maven.surefire.booter.ForkedBooter.main(ForkedBooter.java:495)
{"value":10}
fastjson eval: [{"name":"level3","field":"leve3Field","body":{"name":"level4","field":"leve4Field"}}]
com.alibaba.fastjson2.v1issues.issue_1600.issue_1699.obj.RatingDetailBO@76c944ce
{"data":"","data2":"","data3":"","data4":"","data5":"","data6":"","data7":"","data8":"","data9":""}
{"data":"","data2":"","data3":"","data4":"","data5":"","data6":"","data7":"","data8":"","data9":""}
setter not found, class com.alibaba.fastjson2.v1issues.issue_1200.Issue1271$A, property b
setter not found, class com.alibaba.fastjson2.v1issues.issue_1200.Issue1271$B, property b
setter not found, class com.alibaba.fastjson2.v1issues.issue_1200.Issue1271$A, property b
setter not found, class com.alibaba.fastjson2.v1issues.issue_1200.Issue1271$B, property b
name=id,value=1
name=name,value=name
{"id":1,"nt":"name"}
{}
{"ab":{}}
{"ab":{}}
{"_parentId":"001"}
{"_parentId":"001"}
{"name":"b","value":{"name":"a","value":1},"value1":{"a":{"name":"a","value":1}}}
{"name":"b","value":{"a":{"name":"a","value":1}},"value1":{"name":"a","value":1}}
DataSimpleVO [name=b, value={"a":{"name":"a","value":1}}, value1={"name":"a","value":1}]
{"a":1,"b":"b","bars":{"c":3}}
{"@type":"com.alibaba.fastjson2.v1issues.issue_1300.Issue1319$MyTest","myEnum":"Test1","value":1}
{"myEnum":"Test1","value":1}
com.alibaba.fastjson2.v1issues.issue_1300.Issue1357$Test2Bean@3c5c64d6
{"@type":"com.alibaba.fastjson2.v1issues.issue_1300.Issue1319C$MyTest","myEnum":"Test1","value":1}
{"myEnum":"Test1","value":1}
before：Data : aaa
{"stackTrace":[{"fileName":"Issue1344.java","lineNumber":16,"className":"com.alibaba.fastjson2.v1issues.issue_1300.Issue1344","methodName":"test_for_issue"},{"fileName":"DirectMethodHandleAccessor.java","lineNumber":104,"className":"jdk.internal.reflect.DirectMethodHandleAccessor","methodName":"invoke"},{"fileName":"Method.java","lineNumber":565,"className":"java.lang.reflect.Method","methodName":"invoke"},{"fileName":"ReflectionUtils.java","lineNumber":787,"className":"org.junit.platform.commons.util.ReflectionUtils","methodName":"invokeMethod"},{"fileName":"ReflectionSupport.java","lineNumber":478,"className":"org.junit.platform.commons.support.ReflectionSupport","methodName":"invokeMethod"},{"fileName":"MethodInvocation.java","lineNumber":60,"className":"org.junit.jupiter.engine.execution.MethodInvocation","methodName":"proceed"},{"fileName":"InvocationInterceptorChain.java","lineNumber":131,"className":"org.junit.jupiter.engine.execution.InvocationInterceptorChain$ValidatingInvocation","methodName":"proceed"},{"fileName":"TimeoutExtension.java","lineNumber":161,"className":"org.junit.jupiter.engine.extension.TimeoutExtension","methodName":"intercept"},{"fileName":"TimeoutExtension.java","lineNumber":152,"className":"org.junit.jupiter.engine.extension.TimeoutExtension","methodName":"interceptTestableMethod"},{"fileName":"TimeoutExtension.java","lineNumber":91,"className":"org.junit.jupiter.engine.extension.TimeoutExtension","methodName":"interceptTestMethod"},{"fileName":"InterceptingExecutableInvoker.java","lineNumber":112,"className":"org.junit.jupiter.engine.execution.InterceptingExecutableInvoker$ReflectiveInterceptorCall","methodName":"lambda$ofVoidMethod$0"},{"fileName":"InterceptingExecutableInvoker.java","lineNumber":94,"className":"org.junit.jupiter.engine.execution.InterceptingExecutableInvoker","methodName":"lambda$invoke$0"},{"fileName":"InvocationInterceptorChain.java","lineNumber":106,"className":"org.junit.jupiter.engine.execution.InvocationInterceptorChain$InterceptedInvocation","methodName":"proceed"},{"fileName":"InvocationInterceptorChain.java","lineNumber":64,"className":"org.junit.jupiter.engine.execution.InvocationInterceptorChain","methodName":"proceed"},{"fileName":"InvocationInterceptorChain.java","lineNumber":45,"className":"org.junit.jupiter.engine.execution.InvocationInterceptorChain","methodName":"chainAndInvoke"},{"fileName":"InvocationInterceptorChain.java","lineNumber":37,"className":"org.junit.jupiter.engine.execution.InvocationInterceptorChain","methodName":"invoke"},{"fileName":"InterceptingExecutableInvoker.java","lineNumber":93,"className":"org.junit.jupiter.engine.execution.InterceptingExecutableInvoker","methodName":"invoke"},{"fileName":"InterceptingExecutableInvoker.java","lineNumber":87,"className":"org.junit.jupiter.engine.execution.InterceptingExecutableInvoker","methodName":"invoke"},{"fileName":"TestMethodTestDescriptor.java","lineNumber":221,"className":"org.junit.jupiter.engine.descriptor.TestMethodTestDescriptor","methodName":"lambda$invokeTestMethod$4"},{"fileName":"ThrowableCollector.java","lineNumber":73,"className":"org.junit.platform.engine.support.hierarchical.ThrowableCollector","methodName":"execute"},{"fileName":"TestMethodTestDescriptor.java","lineNumber":217,"className":"org.junit.jupiter.engine.descriptor.TestMethodTestDescriptor","methodName":"invokeTestMethod"},{"fileName":"TestMethodTestDescriptor.java","lineNumber":159,"className":"org.junit.jupiter.engine.descriptor.TestMethodTestDescriptor","methodName":"execute"},{"fileName":"TestMethodTestDescriptor.java","lineNumber":70,"className":"org.junit.jupiter.engine.descriptor.TestMethodTestDescriptor","methodName":"execute"},{"fileName":"NodeTestTask.java","lineNumber":157,"className":"org.junit.platform.engine.support.hierarchical.NodeTestTask","methodName":"lambda$executeRecursively$6"},{"fileName":"ThrowableCollector.java","lineNumber":73,"className":"org.junit.platform.engine.support.hierarchical.ThrowableCollector","methodName":"execute"},{"fileName":"NodeTestTask.java","lineNumber":147,"className":"org.junit.platform.engine.support.hierarchical.NodeTestTask","methodName":"lambda$executeRecursively$8"},{"fileName":"Node.java","lineNumber":137,"className":"org.junit.platform.engine.support.hierarchical.Node","methodName":"around"},{"fileName":"NodeTestTask.java","lineNumber":145,"className":"org.junit.platform.engine.support.hierarchical.NodeTestTask","methodName":"lambda$executeRecursively$9"},{"fileName":"ThrowableCollector.java","lineNumber":73,"className":"org.junit.platform.engine.support.hierarchical.ThrowableCollector","methodName":"execute"},{"fileName":"NodeTestTask.java","lineNumber":144,"className":"org.junit.platform.engine.support.hierarchical.NodeTestTask","methodName":"executeRecursively"},{"fileName":"NodeTestTask.java","lineNumber":101,"className":"org.junit.platform.engine.support.hierarchical.NodeTestTask","methodName":"execute"},{"fileName":"ArrayList.java","lineNumber":1604,"className":"java.util.ArrayList","methodName":"forEach"},{"fileName":"SameThreadHierarchicalTestExecutorService.java","lineNumber":41,"className":"org.junit.platform.engine.support.hierarchical.SameThreadHierarchicalTestExecutorService","methodName":"invokeAll"},{"fileName":"NodeTestTask.java","lineNumber":161,"className":"org.junit.platform.engine.support.hierarchical.NodeTestTask","methodName":"lambda$executeRecursively$6"},{"fileName":"ThrowableCollector.java","lineNumber":73,"className":"org.junit.platform.engine.support.hierarchical.ThrowableCollector","methodName":"execute"},{"fileName":"NodeTestTask.java","lineNumber":147,"className":"org.junit.platform.engine.support.hierarchical.NodeTestTask","methodName":"lambda$executeRecursively$8"},{"fileName":"Node.java","lineNumber":137,"className":"org.junit.platform.engine.support.hierarchical.Node","methodName":"around"},{"fileName":"NodeTestTask.java","lineNumber":145,"className":"org.junit.platform.engine.support.hierarchical.NodeTestTask","methodName":"lambda$executeRecursively$9"},{"fileName":"ThrowableCollector.java","lineNumber":73,"className":"org.junit.platform.engine.support.hierarchical.ThrowableCollector","methodName":"execute"},{"fileName":"NodeTestTask.java","lineNumber":144,"className":"org.junit.platform.engine.support.hierarchical.NodeTestTask","methodName":"executeRecursively"},{"fileName":"NodeTestTask.java","lineNumber":101,"className":"org.junit.platform.engine.support.hierarchical.NodeTestTask","methodName":"execute"},{"fileName":"ArrayList.java","lineNumber":1604,"className":"java.util.ArrayList","methodName":"forEach"},{"fileName":"SameThreadHierarchicalTestExecutorService.java","lineNumber":41,"className":"org.junit.platform.engine.support.hierarchical.SameThreadHierarchicalTestExecutorService","methodName":"invokeAll"},{"fileName":"NodeTestTask.java","lineNumber":161,"className":"org.junit.platform.engine.support.hierarchical.NodeTestTask","methodName":"lambda$executeRecursively$6"},{"fileName":"ThrowableCollector.java","lineNumber":73,"className":"org.junit.platform.engine.support.hierarchical.ThrowableCollector","methodName":"execute"},{"fileName":"NodeTestTask.java","lineNumber":147,"className":"org.junit.platform.engine.support.hierarchical.NodeTestTask","methodName":"lambda$executeRecursively$8"},{"fileName":"Node.java","lineNumber":137,"className":"org.junit.platform.engine.support.hierarchical.Node","methodName":"around"},{"fileName":"NodeTestTask.java","lineNumber":145,"className":"org.junit.platform.engine.support.hierarchical.NodeTestTask","methodName":"lambda$executeRecursively$9"},{"fileName":"ThrowableCollector.java","lineNumber":73,"className":"org.junit.platform.engine.support.hierarchical.ThrowableCollector","methodName":"execute"},{"fileName":"NodeTestTask.java","lineNumber":144,"className":"org.junit.platform.engine.support.hierarchical.NodeTestTask","methodName":"executeRecursively"},{"fileName":"NodeTestTask.java","lineNumber":101,"className":"org.junit.platform.engine.support.hierarchical.NodeTestTask","methodName":"execute"},{"fileName":"SameThreadHierarchicalTestExecutorService.java","lineNumber":35,"className":"org.junit.platform.engine.support.hierarchical.SameThreadHierarchicalTestExecutorService","methodName":"submit"},{"fileName":"HierarchicalTestExecutor.java","lineNumber":57,"className":"org.junit.platform.engine.support.hierarchical.HierarchicalTestExecutor","methodName":"execute"},{"fileName":"HierarchicalTestEngine.java","lineNumber":54,"className":"org.junit.platform.engine.support.hierarchical.HierarchicalTestEngine","methodName":"execute"},{"fileName":"EngineExecutionOrchestrator.java","lineNumber":230,"className":"org.junit.platform.launcher.core.EngineExecutionOrchestrator","methodName":"executeEngine"},{"fileName":"EngineExecutionOrchestrator.java","lineNumber":204,"className":"org.junit.platform.launcher.core.EngineExecutionOrchestrator","methodName":"failOrExecuteEngine"},{"fileName":"EngineExecutionOrchestrator.java","lineNumber":172,"className":"org.junit.platform.launcher.core.EngineExecutionOrchestrator","methodName":"execute"},{"fileName":"EngineExecutionOrchestrator.java","lineNumber":101,"className":"org.junit.platform.launcher.core.EngineExecutionOrchestrator","methodName":"execute"},{"fileName":"EngineExecutionOrchestrator.java","lineNumber":64,"className":"org.junit.platform.launcher.core.EngineExecutionOrchestrator","methodName":"lambda$execute$0"},{"fileName":"EngineExecutionOrchestrator.java","lineNumber":150,"className":"org.junit.platform.launcher.core.EngineExecutionOrchestrator","methodName":"withInterceptedStreams"},{"fileName":"EngineExecutionOrchestrator.java","lineNumber":63,"className":"org.junit.platform.launcher.core.EngineExecutionOrchestrator","methodName":"execute"},{"fileName":"DefaultLauncher.java","lineNumber":109,"className":"org.junit.platform.launcher.core.DefaultLauncher","methodName":"execute"},{"fileName":"DefaultLauncher.java","lineNumber":91,"className":"org.junit.platform.launcher.core.DefaultLauncher","methodName":"execute"},{"fileName":"DelegatingLauncher.java","lineNumber":47,"className":"org.junit.platform.launcher.core.DelegatingLauncher","methodName":"execute"},{"fileName":"InterceptingLauncher.java","lineNumber":39,"className":"org.junit.platform.launcher.core.InterceptingLauncher","methodName":"lambda$execute$1"},{"fileName":"ClasspathAlignmentCheckingLauncherInterceptor.java","lineNumber":25,"className":"org.junit.platform.launcher.core.ClasspathAlignmentCheckingLauncherInterceptor","methodName":"intercept"},{"fileName":"InterceptingLauncher.java","lineNumber":38,"className":"org.junit.platform.launcher.core.InterceptingLauncher","methodName":"execute"},{"fileName":"DelegatingLauncher.java","lineNumber":47,"className":"org.junit.platform.launcher.core.DelegatingLauncher","methodName":"execute"},{"fileName":"LazyLauncher.java","lineNumber":56,"className":"org.apache.maven.surefire.junitplatform.LazyLauncher","methodName":"execute"},{"fileName":"JUnitPlatformProvider.java","lineNumber":194,"className":"org.apache.maven.surefire.junitplatform.JUnitPlatformProvider","methodName":"execute"},{"fileName":"JUnitPlatformProvider.java","lineNumber":150,"className":"org.apache.maven.surefire.junitplatform.JUnitPlatformProvider","methodName":"invokeAllTests"},{"fileName":"JUnitPlatformProvider.java","lineNumber":124,"className":"org.apache.maven.surefire.junitplatform.JUnitPlatformProvider","methodName":"invoke"},{"fileName":"ForkedBooter.java","lineNumber":385,"className":"org.apache.maven.surefire.booter.ForkedBooter","methodName":"runSuitesInProcess"},{"fileName":"ForkedBooter.java","lineNumber":162,"className":"org.apache.maven.surefire.booter.ForkedBooter","methodName":"execute"},{"fileName":"ForkedBooter.java","lineNumber":507,"className":"org.apache.maven.surefire.booter.ForkedBooter","methodName":"run"},{"fileName":"ForkedBooter.java","lineNumber":495,"className":"org.apache.maven.surefire.booter.ForkedBooter","methodName":"main"}],"message":"Data : aaa","suppressed":[],"localizedMessage":"Data : aaa"}
after：null
{"aBoolean":false,"aByte":0,"aChar":"\u0000","aDouble":0.0,"aFloat":0.0,"aLong":0,"aShort":0,"anInt":0}
{"aBoolean":true,"aBoolean2":false,"aByte":8,"aByte2":9,"aChar":"J","aDouble":88.88,"aDouble2":99.99,"aFloat":8.8,"aFloat2":9.9,"aLong":8888,"aLong2":9999,"aShort":88,"aShort2":99,"anInt":888,"character":"C","integer":999,"string":"test"}
{"is_judge":true}
{
	"@type":"com.alibaba.fastjson2.hsf.VeryComplexDO#0",
	"@value":{
		"fshort":4,
		"pBaseDO":{},
		"pbyte":5,
		"pdouble":6.6,
		"pfloat":7.7,
		"pint":8,
		"plong":9
	}
}
{
	"@type":"com.alibaba.fastjson2.hsf.VeryComplexDO#0",
	"@value":{
		"fshort":2,
		"pBaseDO":{},
		"pbyte":3,
		"pdouble":9999.9999,
		"pfloat":1.2,
		"pint":69,
		"plist":{
			"@type":"A#1",
			"@value":[
				"taobao",
				"java",
				"linux"
			]
		},
		"plong":56,
		"plongArray":[
			1,
			2,
			3,
			4,
			5,
			6
		]
	}
}
123456789012345678901234567890123456789012345678901234567890
Issue1168.Wrapper(inner=Issue1168.Inner(id=1))
com.alibaba.fastjson2.issues_1000.Issue1457$Test2@2ccb0929
{
	"@type":"java.util.Collections$SynchronizedMap"
}
{
	"@type":"java.util.Collections$SynchronizedSet",
	"@value":[
		1,
		2,
		3
	]
}
{
	"@type":"java.util.Collections$SynchronizedRandomAccessList",
	"@value":[
		1,
		2,
		3
	]
}
{
	"@type":"java.util.Collections$SynchronizedNavigableMap"
}
{
	"@type":"java.util.Collections$SynchronizedSortedMap"
}
{
	"@type":"java.util.Collections$SynchronizedSortedSet",
	"@value":[
		1,
		2,
		3
	]
}
{
	"@type":"java.util.Collections$SynchronizedNavigableSet",
	"@value":[
		1,
		2,
		3
	]
}
{
	"@type":"java.util.Collections$SynchronizedCollection",
	"@value":[
		1,
		2,
		3
	]
}
{"testEnum":"E1"}
{"testEnum":"E1"}
"E1"
{"testEnum":3}
false
false
{"name":"{\"paternalSurname\": \"Rodríguez\"}"}
strJson={"@type":"com.alibaba.fastjson2.issues_1000.Issue1069$UserAttrActionInfo","tagInfos":{"@type":"java.util.LinkedHashMap",1234:[1L,2L,3L,4L]}}
fastjson2 data:{"values":[[123,456]]}
{"accountType":2}
