Picked up JAVA_TOOL_OPTIONS: 
WARNING: A restricted method in java.lang.System has been called
WARNING: java.lang.System::load has been called by org.fusesource.jansi.internal.JansiLoader in an unnamed module (file:<maven>/lib/jansi-2.4.1.jar)
WARNING: Use --enable-native-access=ALL-UNNAMED to avoid a warning for callers in this module
WARNING: Restricted methods will be blocked in a future release unless native access is enabled

WARNING: A terminally deprecated method in sun.misc.Unsafe has been called
WARNING: sun.misc.Unsafe::objectFieldOffset has been called by com.google.common.util.concurrent.AbstractFuture$UnsafeAtomicHelper (file:<maven>/lib/guava-33.2.1-jre.jar)
WARNING: Please consider reporting this to the maintainers of class com.google.common.util.concurrent.AbstractFuture$UnsafeAtomicHelper
WARNING: sun.misc.Unsafe::objectFieldOffset will be removed in a future release
Picked up JAVA_TOOL_OPTIONS: 
WARNING: A terminally deprecated method in sun.misc.Unsafe has been called
WARNING: sun.misc.Unsafe::invokeCleaner has been called by nonapi.io.github.classgraph.utils.FileUtils (file:<m2>/repository/io/github/classgraph/classgraph/4.8.83/classgraph-4.8.83.jar)
WARNING: Please consider reporting this to the maintainers of class nonapi.io.github.classgraph.utils.FileUtils
WARNING: sun.misc.Unsafe::invokeCleaner will be removed in a future release
{
	"@type":"com.alibaba.fastjson2.issues_1500.Issue1509$LoginUser#0",
	"@value":{
		"authorities#1":{
			"@type":"java.util.Collections$UnmodifiableSet#2",
			"@value":[]
		},
		"name#3":"张三",
		"realName#4":"zhangsan"
	}
}
Wed, 7 Oct 2026 00:33:43 GMT
{
	"date":1642003200
}
[{"@type":"[O","@value":[{"@type":"com.alibaba.fastjson2.issues_2100.Issue2175.Index$TestER","name":"ER"},0]},{"@type":"[O","@value":[{"@type":"com.alibaba.fastjson2.issues_2100.Issue2175.Index$TestER","name":"ER"},false]}]
1
[{"@type":"[com.alibaba.fastjson2.issues_2100.Issue2175.Index$TestER","@value":[{"name":"ER"},{"name":"ER"}]},{"@type":"[com.alibaba.fastjson2.issues_2100.Issue2175.Index$TestER","@value":[{"name":"ER"},{"name":"ER"}]}]
[{"@type":"[O","@value":[{"@type":"[com.alibaba.fastjson2.issues_2100.Issue2175.Index$TestER","@value":[{"name":"parent"},{"@type":"com.alibaba.fastjson2.issues_2100.Issue2175.Index$Children","age":1,"name":"child"}]},{"@type":"[com.alibaba.fastjson2.issues_2100.Issue2175.Index$TestER","@value":[{"@type":"com.alibaba.fastjson2.issues_2100.Issue2175.Index$Children","age":1,"name":"child"},{"name":"parent"}]}]},{"@type":"[com.alibaba.fastjson2.issues_2100.Issue2175.Index$TestER","@value":[{"@type":"com.alibaba.fastjson2.issues_2100.Issue2175.Index$Children","age":1,"name":"child"},{"name":"parent"}]},{"@type":"[O","@value":[1,false]}]
[{"@type":"[com.alibaba.fastjson2.issues_2100.Issue2175.Index$TestER","@value":[{"name":"parent"},{"@type":"com.alibaba.fastjson2.issues_2100.Issue2175.Index$Children","age":1,"name":"child"}]},{"@type":"[com.alibaba.fastjson2.issues_2100.Issue2175.Index$TestER","@value":[{"@type":"com.alibaba.fastjson2.issues_2100.Issue2175.Index$Children","age":1,"name":"child"},{"name":"parent"}]}]
[[{"name":"parent"},{"@type":"com.alibaba.fastjson2.issues_2100.Issue2175.Index$Children","age":1,"name":"child"}],[{"@type":"com.alibaba.fastjson2.issues_2100.Issue2175.Index$Children","age":1,"name":"child"},{"name":"parent"}]]
{}
{"hash":2138216064,"resolved":"java.util.HashMap","type":{"actualTypeArguments":["java.lang.Integer",{"actualTypeArguments":["java.lang.String"],"rawType":"java.util.List"}],"rawType":"java.util.HashMap"},"typeProvider":{"source":{"declaringClass":"com.alibaba.fastjson2.issues_2100.Issue2103$Bean","name":"myMap"},"type":{"actualTypeArguments":["java.lang.Integer",{"actualTypeArguments":["java.lang.String"],"rawType":"java.util.List"}],"rawType":"java.util.HashMap"}}}"\"\"\"\""
{
	"@type":"org.joda.time.LocalDateTime#0",
	"@value":"2026-10-07 00:33:43.790"
}
{
	"@type":"org.joda.time.LocalDateTime#0",
	"@value":"2026-10-07 00:33:43.794"
}
{
	"@type":"org.joda.time.LocalDateTime#0",
	"@value":{
		"year":2026,
		"month":10,
		"day":6,
		"hour":16,
		"minute":33,
		"second":43,
		"millis":794,
		"chronology":{
			"zoneId":"UTC"
		}
	}
}
{
	"@type":"org.joda.time.LocalDate#0",
	"@value":"2026-10-07"
}
{
	"@type":"org.joda.time.LocalDate#0",
	"@value":"2026-10-07"
}
{
	"@type":"org.joda.time.LocalDate#0",
	"@value":{
		"year":2026,
		"month":10,
		"day":6,
		"chronology":{
			"zoneId":"UTC"
		}
	}
}
{"type":"directory","items":[{"type":"file","data":"Some content ...","name":"my_file.txt"}],"name":"My directory"}
{"type":"object","properties":{"longitude":{"type":["string","number"]},"latitude":{"type":"number","minimum":-90,"maximum":90}},"required":["longitude","latitude"]}
66060288
Serialized JSON with circular reference: {"parent😀":{"child👍":{"$ref":"$"}}}
Test passed - no exception thrown during serialization with circular reference
Serialized JSON: {"key👍":"value3","key😀":"value1","nested":{"nested😀":{"deepValue":"deepValue"}},"key🌍":"value2"}
Test passed - no exception thrown during serialization
Generated JSON: {
	"key👍":"value3",
	"key😀":"value1",
	"key🌍":"value2"
}
Generated JSON with circular reference: {"parent😀":{"child😀":{"parent😀":{"$ref":"parent😀"}}}}
Generated JSON: {"key😀":"value","nested":{"nestedKey":"nestedValue"}}
UrlEntity [name=rose, url=https://www.baidu.com/web/user?name=rose]
[1,2,3]
[1,2,3]
{
	"@type":"com.alibaba.fastjson2.issues_3800.Issue3842$UserData",
	"errorCode":0
}
{
	"@type":"com.alibaba.fastjson2.issues_3800.Issue3828$Data",
	"list":{
		"@type":"java.util.Collections$EmptyList",
		"@value":[]
	}
}
{"AI":[]}
SLF4J(W): No SLF4J providers were found.
SLF4J(W): Defaulting to no-operation (NOP) logger implementation
SLF4J(W): See https://www.slf4j.org/codes.html#noProviders for further details.
{"age1":0,"age2":null,"age3":0,"age5":10,"age6":10}
[
	{
		"id":101,
		"name":"DataWorks"
	},
	{
		"id":102,
		"name":"MaxCompute"
	},
	{
		"id":103,
		"name":"Flink"
	}
]
{"images": [{
      "height":768,
      "size":"LARGE",
      "title":"Javaone Keynote",
      "uri":"http://javaone.com/keynote_large.jpg",
      "width":1024
    }, {
      "height":240,
      "size":"SMALL",
      "title":"Javaone Keynote",
      "uri":"http://javaone.com/keynote_small.jpg",
      "width":320
    }
  ],
  "media": {
    "bitrate":262144,
    "duration":18000000,
    "format":"video/mpg4",
    "height":480,
    "persons": [
      "Bill Gates",
      "Steve Jobs"
    ],
    "player":"JAVA",
    "size":58982400,
    "title":"Javaone Keynote",
    "uri":"http://javaone.com/keynote.mpg",
    "width":640
  }
}

--------------jsonpath/jsonpath_compliance.json--------------
  [00/00]	"$[?@.a]"
  [00/01]	"$[?@.a]"
  [00/02]	"$[?@.a=='b']"
  [00/03]	"$[?@.a=='1']"
  [00/04]	"$[?@.a==\"b\"]"
  [00/05]	"$[?@.a==\"1\"]"
  [00/06]	"$[?@.a==1]"
  [00/07]	"$[?@.a==null]"
  [00/08]	"$[?@.a==null]"
  [00/09]	"$[?@.a==true]"
  [00/10]	"$[?@.a==false]"
  [00/11]	"$[?@.a==@.b]"
  [00/12]	"$[?@.a==@.b]"
  [00/13]	"$[?@.a!='b']"
  [00/14]	"$[?@.a!='1']"
  [00/15]	"$[?@.a!='b']"
  [00/16]	"$[?@.a!=\"b\"]"
  [00/17]	"$[?@.a!=\"1\"]"
  [00/18]	"$[?@.a!=\"b\"]"
  [00/19]	"$[?@.a!=1]"
  [00/20]	"$[?@.a!=1]"
  [00/21]	"$[?@.a!=null]"
  [00/22]	"$[?@.a!=null]"
  [00/23]	"$[?@.a!=true]"
  [00/24]	"$[?@.a!=false]"
  [00/25]	"$[?@.a<'c']"
  [00/26]	"$[?@.a<\"c\"]"
  [00/27]	"$[?@.a<10]"
  [00/28]	"$[?@.a<null]"
  [00/29]	"$[?@.a<true]"
  [00/30]	"$[?@.a<false]"
  [00/31]	"$[?@.a<='c']"
  [00/32]	"$[?@.a<=\"c\"]"
  [00/33]	"$[?@.a<=10]"
  [00/34]	"$[?@.a<=null]"
  [00/35]	"$[?@.a<=true]"
  [00/36]	"$[?@.a<=false]"
  [00/37]	"$[?@.a>'c']"
  [00/38]	"$[?@.a>\"c\"]"
  [00/39]	"$[?@.a>10]"
  [00/40]	"$[?@.a>null]"
  [00/41]	"$[?@.a>true]"
  [00/42]	"$[?@.a>false]"
  [00/43]	"$[?@.a>='c']"
  [00/44]	"$[?@.a>=\"c\"]"
  [00/45]	"$[?@.a>=10]"
  [00/46]	"$[?@.a>=null]"
  [00/47]	"$[?@.a>=true]"
  [00/48]	"$[?@.a>=false]"
  [00/49]	"$[?@.a&&@.a!=null]"
  [00/50]	"$[?@.a&&@.b]"
  [00/51]	"$[?@.a||@.b]"
  [00/52]	"$[?@.a>0&&@.a<10]"
  [00/53]	"$[?@.a=='b'||@.a=='d']"
- [01/54]	"$[?@[0:0]==0]"
- [02/55]	"$[?@[*]==0]"
- [03/56]	"$[?@..a==0]"
  [03/57]	"$[?@.a[*].a==0]"
  [03/58]	"$[?@.a == 1]"
  [03/59]	"$[?@['0'] == 5]"
  [03/60]	"$[?@[0] == 5]"
- [04/61]	"$[?(@[0, 0]==42)]"
- [05/62]	"$[?(@[0, 0]!=42)]"
- [06/63]	"$[?(@[0, 0]<=42)]"
- [07/64]	"$[?(@['a', 'a']==42)]"
- [08/65]	"$[?(@['a', 'a']!=42)]"
- [09/66]	"$[?(@['a', 'a']<=42)]"
  [09/67]	"$[?(@[0, '0']==42)]"
  [09/68]	"$[?(@[0, '0']!=42)]"
  [09/69]	"$[?(@[0, '0']<=42)]"
  [09/70]	"$[?(@.*==42)]"
  [09/71]	"$[?(@.*!=42)]"
  [09/72]	"$[?(@.*<=42)]"
- [10/73]	"$[?(@[0:0]==42)]"
- [11/74]	"$[?(@[0:0]!=42)]"
- [12/75]	"$[?(@[0:0]<=42)]"
  [12/76]	"$[?($[0, 0]==42)]"
  [12/77]	"$[?($[0, 0]!=42)]"
  [12/78]	"$[?($[0, 0]<=42)]"
  [12/79]	"$[?($['a', 'a']==42)]"
  [12/80]	"$[?($['a', 'a']!=42)]"
  [12/81]	"$[?($['a', 'a']<=42)]"
  [12/82]	"$[?($[0, '0']==42)]"
  [12/83]	"$[?($[0, '0']!=42)]"
  [12/84]	"$[?($[0, '0']<=42)]"
  [12/85]	"$[?($.*==42)]"
  [12/86]	"$[?($.*!=42)]"
  [12/87]	"$[?($.*<=42)]"
  [12/88]	"$[?($[0:0]==42)]"
  [12/89]	"$[?($[0:0]!=42)]"
  [12/90]	"$[?($[0:0]<=42)]"
  [12/91]	"$[?@.a==-0]"
  [12/92]	"$[?@.a==1.0]"
  [12/93]	"$[?@.a==1e2]"
  [12/94]	"$[?@.a==1e+2]"
  [12/95]	"$[?@.a==1e-2]"
  [12/96]	"$[?@.a==1.1]"
- [13/97]	"$[?@.a==1.]"
  [13/98]	"$[?@.a==1.1e2]"
  [13/99]	"$[?@.a==1.1e+2]"
  [13/100]	"$[?@.a==1.1e-2]"
  [13/101]	"$[?@<3]"
  [13/102]	"$[?@.a || @.b && @.b]"
  [13/103]	"$[?@.b && @.b || @.a]"
  [13/104]	"$[?@ == \"quoted' literal\"]"
  [13/105]	"$[?@ == 'quoted\" literal']"
  [13/106]	"$[?@ == 'quoted\\' literal']"
  [13/107]	"$[?@ == \"quoted\\\" literal\"]"
a
b
a
b
a
a
b
b
b
b
b
b
b
b
a
a
b
b
a
a
b
b
b
b
b
b
a
b
a
b
b
a
b
b
a
a
a
b
a
b
b
a
b
a
a
b
b
b
a
a
{"id":1,"name":"a"}
{"id":2,"name":"b"}
{"id":2,"name":"b"}
{"id":2,"name":"b"}
{"id":1,"name":"a"}
{"id":2,"name":"b"}
{"id":1,"name":"a"}
{"id":1,"name":"a"}
{"id":1,"name":"a"}
{"id":1,"name":"a"}
{"id":2,"name":"b"}
{"id":2,"name":"b"}
{"id":1,"name":"a"}
{"id":1,"name":"a"}
{"id":1,"name":"a"}
{"id":2,"name":"b"}
{"id":2,"name":"b"}
{"id":1,"name":"a"}
{"id":2,"name":"b"}
{"id":1,"name":"a"}
{"id":1,"name":"a"}
{"id":2,"name":"b"}
{"id":2,"name":"b"}
{"id":1,"name":"a"}
{"id":2,"name":"b"}
{"id":1,"name":"a"}
{"id":1,"name":"a"}
{"id":1,"name":"a"}
{"id":1,"name":"a"}
{"id":2,"name":"b"}
{"id":1,"name":"a"}
{"id":2,"name":"b"}
{"id":2,"name":"b"}
{"id":1,"name":"a"}
{"id":2,"name":"b"}
{"id":1,"name":"a"}
{"id":1,"name":"a"}
{"id":2,"name":"b"}
{"id":2,"name":"b"}
{"id":1,"name":"a"}
{"id":2,"name":"b"}
{"id":1,"name":"a"}
{"id":2,"name":"b"}
{"id":1,"name":"a"}
{"id":2,"name":"b"}
{"id":1,"name":"a"}
{"id":1,"name":"a"}
{"id":1,"name":"a"}
{"id":2,"name":"b"}
{"id":1,"name":"a"}

--------------jsonpath/name_selector.json--------------
  [00/00]	"$[\"a\"]"
  [00/01]	"$[\"c\"]"
  [00/02]	"$[\"a\"]"
- [01/03]	"$[\"\u0000\"]"
- [02/04]	"$[\"\u0001\"]"
- [03/05]	"$[\"\u0002\"]"
- [04/06]	"$[\"\u0003\"]"
- [05/07]	"$[\"\u0004\"]"
- [06/08]	"$[\"\u0005\"]"
- [07/09]	"$[\"\u0006\"]"
- [08/10]	"$[\"\u0007\"]"
- [09/11]	"$[\"\b\"]"
- [10/12]	"$[\"\t\"]"
- [11/13]	"$[\"\n\"]"
- [12/14]	"$[\"\u000b\"]"
- [13/15]	"$[\"\f\"]"
- [14/16]	"$[\"\r\"]"
- [15/17]	"$[\"\u000e\"]"
- [16/18]	"$[\"\u000f\"]"
- [17/19]	"$[\"\u0010\"]"
- [18/20]	"$[\"\u0011\"]"
- [19/21]	"$[\"\u0012\"]"
- [20/22]	"$[\"\u0013\"]"
- [21/23]	"$[\"\u0014\"]"
- [22/24]	"$[\"\u0015\"]"
- [23/25]	"$[\"\u0016\"]"
- [24/26]	"$[\"\u0017\"]"
- [25/27]	"$[\"\u0018\"]"
- [26/28]	"$[\"\u0019\"]"
- [27/29]	"$[\"\u001a\"]"
- [28/30]	"$[\"\u001b\"]"
- [29/31]	"$[\"\u001c\"]"
- [30/32]	"$[\"\u001d\"]"
- [31/33]	"$[\"\u001e\"]"
- [32/34]	"$[\"\u001f\"]"
  [32/35]	"$[\" \"]"
  [32/36]	"$[\"\\\"\"]"
  [32/37]	"$[\"\\\\\"]"
  [32/38]	"$[\"\\/\"]"
  [32/39]	"$[\"\\b\"]"
  [32/40]	"$[\"\\f\"]"
  [32/41]	"$[\"\\n\"]"
  [32/42]	"$[\"\\r\"]"
  [32/43]	"$[\"\\t\"]"
  [32/44]	"$[\"\\u263A\"]"
  [32/45]	"$[\"\\u263a\"]"
  [32/46]	"$[\"\\uD834\\uDD1E\"]"
  [32/47]	"$[\"\\uD83D\\uDE00\"]"
- [33/48]	"$[\"\\'\"]"
  [33/49]	"$[\"\"\"]"
  [33/50]	"$[\"\\\"]"
  [33/51]	"$['a']"
  [33/52]	"$['c']"
  [33/53]	"$['a']"
- [34/54]	"$['\u0000']"
- [35/55]	"$['\u0001']"
- [36/56]	"$['\u0002']"
- [37/57]	"$['\u0003']"
- [38/58]	"$['\u0004']"
- [39/59]	"$['\u0005']"
- [40/60]	"$['\u0006']"
- [41/61]	"$['\u0007']"
- [42/62]	"$['\b']"
- [43/63]	"$['\t']"
- [44/64]	"$['\n']"
- [45/65]	"$['\u000b']"
- [46/66]	"$['\f']"
- [47/67]	"$['\r']"
- [48/68]	"$['\u000e']"
- [49/69]	"$['\u000f']"
- [50/70]	"$['\u0010']"
- [51/71]	"$['\u0011']"
- [52/72]	"$['\u0012']"
- [53/73]	"$['\u0013']"
- [54/74]	"$['\u0014']"
- [55/75]	"$['\u0015']"
- [56/76]	"$['\u0016']"
- [57/77]	"$['\u0017']"
- [58/78]	"$['\u0018']"
- [59/79]	"$['\u0019']"
- [60/80]	"$['\u001a']"
- [61/81]	"$['\u001b']"
- [62/82]	"$['\u001c']"
- [63/83]	"$['\u001d']"
- [64/84]	"$['\u001e']"
- [65/85]	"$['\u001f']"
  [65/86]	"$[' ']"
  [65/87]	"$['\\'']"
  [65/88]	"$['\\\\']"
  [65/89]	"$['\\/']"
  [65/90]	"$['\\b']"
  [65/91]	"$['\\f']"
  [65/92]	"$['\\n']"
  [65/93]	"$['\\r']"
  [65/94]	"$['\\t']"
  [65/95]	"$['\\u263A']"
  [65/96]	"$['\\u263a']"
  [65/97]	"$['\\uD834\\uDD1E']"
  [65/98]	"$['\\uD83D\\uDE00']"
- [66/99]	"$['\\\"']"
  [66/100]	"$[''']"
  [66/101]	"$['\\']"
  [66/102]	"$[\"\"]"
  [66/103]	"$['']"

--------------jsonpath/filter.json--------------
* [01/00]	"$[?@]"
  [01/01]	"$[?@.a]"
  [01/02]	"$[?@.a]"
  [01/03]	"$[?@.a=='b']"
  [01/04]	"$[?@.a=='1']"
  [01/05]	"$[?@.a==\"b\"]"
  [01/06]	"$[?@.a==\"1\"]"
  [01/07]	"$[?@.a==1]"
  [01/08]	"$[?@.a==null]"
  [01/09]	"$[?@.a==null]"
  [01/10]	"$[?@.a==true]"
  [01/11]	"$[?@.a==false]"
* [02/12]	"$[?@==@]"
  [02/13]	"$[?@.a==@.b]"
  [02/14]	"$[?@.a==@.b]"
  [02/15]	"$[?@.a!='b']"
  [02/16]	"$[?@.a!='1']"
  [02/17]	"$[?@.a!='b']"
  [02/18]	"$[?@.a!=\"b\"]"
  [02/19]	"$[?@.a!=\"1\"]"
  [02/20]	"$[?@.a!=\"b\"]"
  [02/21]	"$[?@.a!=1]"
  [02/22]	"$[?@.a!=1]"
  [02/23]	"$[?@.a!=null]"
  [02/24]	"$[?@.a!=null]"
  [02/25]	"$[?@.a!=true]"
  [02/26]	"$[?@.a!=false]"
  [02/27]	"$[?@.a<'c']"
  [02/28]	"$[?@.a<\"c\"]"
  [02/29]	"$[?@.a<10]"
  [02/30]	"$[?@.a<null]"
  [02/31]	"$[?@.a<true]"
  [02/32]	"$[?@.a<false]"
  [02/33]	"$[?@.a<='c']"
  [02/34]	"$[?@.a<=\"c\"]"
  [02/35]	"$[?@.a<=10]"
  [02/36]	"$[?@.a<=null]"
  [02/37]	"$[?@.a<=true]"
  [02/38]	"$[?@.a<=false]"
  [02/39]	"$[?@.a>'c']"
  [02/40]	"$[?@.a>\"c\"]"
  [02/41]	"$[?@.a>10]"
  [02/42]	"$[?@.a>null]"
  [02/43]	"$[?@.a>true]"
  [02/44]	"$[?@.a>false]"
  [02/45]	"$[?@.a>='c']"
  [02/46]	"$[?@.a>=\"c\"]"
  [02/47]	"$[?@.a>=10]"
  [02/48]	"$[?@.a>=null]"
  [02/49]	"$[?@.a>=true]"
  [02/50]	"$[?@.a>=false]"
  [02/51]	"$[?@.a&&@.a!=null]"
  [02/52]	"$[?@.a&&@.b]"
  [02/53]	"$[?@.a||@.b]"
  [02/54]	"$[?@.a>0&&@.a<10]"
  [02/55]	"$[?@.a=='b'||@.a=='d']"
* [03/56]	"$[?!(@.a=='b')]"
* [04/57]	"$[?!@.a]"
* [05/58]	"$[?!@.a]"
* [06/59]	"$[?@.*]"
* [07/60]	"$[?@[0, 0, 'a']]"
* [08/61]	"$[?@[0:2]]"
* [09/62]	"$[?!@.*]"
- [10/63]	"$[?@[0:0]==0]"
- [11/64]	"$[?@[*]==0]"
- [12/65]	"$[?@..a==0]"
  [12/66]	"$[?@.a[*].a==0]"
* [13/67]	"$[?@[?@>1]]"
  [13/68]	"$[?@.a == 1]"
  [13/69]	"$[?@['0'] == 5]"
  [13/70]	"$[?@[0] == 5]"
- [14/71]	"$[?(@[0, 0]==42)]"
- [15/72]	"$[?(@[0, 0]!=42)]"
- [16/73]	"$[?(@[0, 0]<=42)]"
- [17/74]	"$[?(@['a', 'a']==42)]"
- [18/75]	"$[?(@['a', 'a']!=42)]"
- [19/76]	"$[?(@['a', 'a']<=42)]"
  [19/77]	"$[?(@[0, '0']==42)]"
  [19/78]	"$[?(@[0, '0']!=42)]"
  [19/79]	"$[?(@[0, '0']<=42)]"
  [19/80]	"$[?(@.*==42)]"
  [19/81]	"$[?(@.*!=42)]"
  [19/82]	"$[?(@.*<=42)]"
- [20/83]	"$[?(@[0:0]==42)]"
- [21/84]	"$[?(@[0:0]!=42)]"
- [22/85]	"$[?(@[0:0]<=42)]"
  [22/86]	"$[?($[0, 0]==42)]"
  [22/87]	"$[?($[0, 0]!=42)]"
  [22/88]	"$[?($[0, 0]<=42)]"
  [22/89]	"$[?($['a', 'a']==42)]"
  [22/90]	"$[?($['a', 'a']!=42)]"
  [22/91]	"$[?($['a', 'a']<=42)]"
  [22/92]	"$[?($[0, '0']==42)]"
  [22/93]	"$[?($[0, '0']!=42)]"
  [22/94]	"$[?($[0, '0']<=42)]"
  [22/95]	"$[?($.*==42)]"
  [22/96]	"$[?($.*!=42)]"
  [22/97]	"$[?($.*<=42)]"
  [22/98]	"$[?($[0:0]==42)]"
  [22/99]	"$[?($[0:0]!=42)]"
  [22/100]	"$[?($[0:0]<=42)]"
* [23/101]	"$[?@.a,?@.b]"
* [24/102]	"$[?@.a=='b',?@.b=='x']"
* [25/103]	"$[?@.a,?@.d]"
* [26/104]	"$[?@.a,1]"
* [27/105]	"$[?@.a,*]"
* [28/106]	"$[?@.a,1:]"
* [29/107]	"$[1, ?@.a=='b', 1:]"
  [29/108]	"$[?@.a==-0]"
  [29/109]	"$[?@.a==1.0]"
  [29/110]	"$[?@.a==1e2]"
  [29/111]	"$[?@.a==1e+2]"
  [29/112]	"$[?@.a==1e-2]"
  [29/113]	"$[?@.a==1.1]"
- [30/114]	"$[?@.a==1.]"
  [30/115]	"$[?@.a==1.1e2]"
  [30/116]	"$[?@.a==1.1e+2]"
  [30/117]	"$[?@.a==1.1e-2]"
* [31/118]	"$.values[?length(@.a) == value($..c)]"
  [31/119]	"$[?@<3]"
  [31/120]	"$[?@.a || @.b && @.b]"
  [31/121]	"$[?@.b && @.b || @.a]"
* [32/122]	"$[?(@.a || @.b) && @.a]"
* [33/123]	"$[?@.a && (@.b || @.a)]"
* [34/124]	"$[?(@.a || @.b) && @.b]"
  [34/125]	"$[?@ == \"quoted' literal\"]"
  [34/126]	"$[?@ == 'quoted\" literal']"
  [34/127]	"$[?@ == 'quoted\\' literal']"
  [34/128]	"$[?@ == \"quoted\\\" literal\"]"
- [35/129]	"$[?true]"
- [36/130]	"$[?false]"
  [36/131]	"$[?'abc']"
- [37/132]	"$[?2]"
  [37/133]	"$[?2.2]"
- [38/134]	"$[?null]"
- [39/135]	"$[?true && false]"
- [40/136]	"$[?true || false]"
- [41/137]	"$[?true == false && false]"
- [42/138]	"$[?true == false || false]"
- [43/139]	"$[?false && true == false]"
- [44/140]	"$[?false || true == false]"

--------------jsonpath/basic.json--------------
  [00/00]	"$"
- [01/01]	" $"
- [02/02]	"$ "
  [02/03]	"$.a"
  [02/04]	"$.☺"
  [02/05]	"$._"
- [03/06]	"$.&"
- [04/07]	"$.1"
  [04/08]	"$.c"
  [04/09]	"$.a"
  [04/10]	"$.*"
  [04/11]	"$.*"
  [04/12]	"$[*]"
  [04/13]	"$.*.a"
  [04/14]	"$[0,2]"
- [05/15]	"$[0 2]"
* [06/16]	"$['a',1]"
* [07/17]	"$['a',1]"
* [08/18]	"$[1,5:7]"
* [09/19]	"$[1,0:3]"
  [09/20]	"$[1,1]"
* [10/21]	"$[*,1]"
* [11/22]	"$[*,'a']"
* [12/23]	"$[*,0:2]"
* [13/24]	"$[*,*]"
  [13/25]	"$[]"
  [13/26]	"$..[1]"
  [13/27]	"$..a"
  [13/28]	"$..*"
  [13/29]	"$..[*]"
  [13/30]	"$..[*]"
  [13/31]	"$..[*]"
  [13/32]	"$..*"
  [13/33]	"$..*"
  [13/34]	"$..['a','d']"
  [13/35]	"$..['a','d']"
- [14/36]	"$.."

--------------jsonpath/index_selector.json--------------
  [00/00]	"$[0]"
  [00/01]	"$[1]"
  [00/02]	"$[2]"
  [00/03]	"$[231584178474632390847141970017375815706539969331281128078915168015826259279872]"
  [00/04]	"$[231584178474632390847141970017375815706539969331281128078915168SomeRandomText]"
  [00/05]	"$[-1]"
  [00/06]	"$[-2]"
  [00/07]	"$[-3]"
  [00/08]	"$[0]"
- [01/09]	"$[01]"
- [02/10]	"$[-01]"
{
    "code":"success",
    "data":{
        "data2":{
            "id":null,
            "type":null,
            "serveCategoryInfoList":[
                {
                    "id":0,
                    "infoList":[

                    ],
                    "idList":[
                        200226
                    ]
                },
                {
                    "id":1,
                    "idList":[
                        1,
                        2,
                        3,
                        4,
                        5,
                        6,
                        7
                    ]
                }
            ]
        }
    },
    "msg":"",
    "status":"1"
}

[{"id":1001,"salary":4000,"name":"jobs","valid":false},{"id":1001,"salary":5000}]
{
	"@type":"com.alibaba.fastjson2_vo.IntField1",
	"v0000":123
}
{
	"@type":"A#0",
	"@value":[
		{
			"@type":"com.alibaba.fastjson2.autoType.AutoTypeTest10$Bean4#1",
			"@value":{
				"params":{
					"@type":"LinkedList#2",
					"@value":[
						{}
					]
				}
			}
		},
		{
			"@type":"#1",
			"@value":{}
		}
	]
}
{}
{
	"@type":"JO1#0",
	"@value":{
		"data":{
			"@type":"A#1",
			"@value":[
				{
					"@type":"#0",
					"@value":{}
				}
			]
		}
	}
}
{
	"@type":"com.alibaba.fastjson2.autoType.AutoTypeTest10$Bean3#0",
	"@value":{
		"params":{
			"@type":"JO10#1",
			"@value":{}
		}
	}
}
{}
{
	"@type":"com.alibaba.fastjson2.autoType.AutoTypeTest20$Bean2#0",
	"@value":{
		"values":{
			"@type":"LinkedHashSet#1",
			"@value":[
				{
					"@type":"com.alibaba.fastjson2.autoType.AutoTypeTest20$XItem#2",
					"@value":"A"
				},
				{
					"@type":"#2",
					"@value":"B"
				},
				{
					"@type":"#2",
					"@value":"C"
				},
				{
					"@type":"#2",
					"@value":"D"
				}
			]
		}
	}
}
{
	"@type":"com.alibaba.fastjson2.autoType.AutoTypeTest20$Bean1#0",
	"@value":{
		"values":{
			"@type":"LinkedList#1",
			"@value":[
				{
					"@type":"com.alibaba.fastjson2.autoType.AutoTypeTest20$XItem#2",
					"@value":"A"
				},
				{
					"@type":"#2",
					"@value":"B"
				},
				{
					"@type":"#2",
					"@value":"C"
				},
				{
					"@type":"#2",
					"@value":"D"
				}
			]
		}
	}
}
{
	"@type":"com.alibaba.fastjson2.autoType.AutoTypeTest20$Bean2#0",
	"@value":{
		"values":{
			"@type":"LinkedHashSet#1",
			"@value":[
				{
					"@type":"com.alibaba.fastjson2.autoType.AutoTypeTest20$XItem#2",
					"@value":"A"
				},
				{
					"@type":"#2",
					"@value":"B"
				},
				{
					"@type":"#2",
					"@value":"C"
				},
				{
					"@type":"#2",
					"@value":"D"
				}
			]
		}
	}
}
{
	"@type":"com.alibaba.fastjson2.autoType.AutoTypeTest20$Bean3#0",
	"@value":{
		"values":[
			{
				"@type":"com.alibaba.fastjson2.autoType.AutoTypeTest20$XItem#1",
				"@value":"B"
			},
			{
				"@type":"#1",
				"@value":"A"
			},
			{
				"@type":"#1",
				"@value":"D"
			},
			{
				"@type":"#1",
				"@value":"C"
			}
		]
	}
}
{
	"@type":"com.alibaba.fastjson2.autoType.AutoTypeTest21$Bean1#0",
	"@value":{
		"item#1":{
			"id#2":101
		},
		"values#3":{
			"@type":"M#4",
			"@value":{
				{
					"@type":"com.alibaba.fastjson2.autoType.AutoTypeTest21$Item#5",
					"@value":{
						"#2":101
					}
				}:"101"
			}
		},
		"values2#6":{
			"@type":"#4",
			"@value":{
				{"$ref":"$.item"}:null
			}
		}
	}
}
{
	"@type":"com.alibaba.fastjson2.autoType.AutoTypeTest21$Bean1#0",
	"@value":{
		"item":{
			"id":101
		},
		"values":{
			"@type":"LM#1",
			"@value":{
				{
					"@type":"com.alibaba.fastjson2.autoType.AutoTypeTest21$Item#2",
					"@value":{
						"id":101
					}
				}:"101"
			}
		},
		"values2":{
			"@type":"#1",
			"@value":{
				{
					"@type":"#2",
					"@value":{
						"id":101
					}
				}:"101"
			}
		}
	}
}
{
	"@type":"com.alibaba.fastjson2.autoType.AutoTypeTest21$Bean2#0",
	"@value":{
		"item":{
			"id":101
		},
		"values":{
			"@type":"M#1",
			"@value":{
				{
					"@type":"com.alibaba.fastjson2.autoType.AutoTypeTest21$Item#2",
					"@value":{
						"id":101
					}
				}:"101"
			}
		},
		"values2":{
			"@type":"#1",
			"@value":{
				{"$ref":"$.item"}:null
			}
		}
	}
}
{
	"@type":"com.alibaba.fastjson2.autoType.AutoTypeTest16_pairKey$Bean#0",
	"@value":{
		"map":{
			"@type":"M#1",
			"@value":{
				{
					"@type":"org.apache.commons.lang3.tuple.MutablePair#2",
					"@value":{
						"left":1,
						"right":2
					}
				}:"12"
			}
		}
	}
}
{
	"@type":"com.alibaba.fastjson2.autoType.AutoTypeTest16_pairKey$Bean#0",
	"@value":{
		"map":{
			"@type":"M#1",
			"@value":{
				{
					"@type":"org.apache.commons.lang3.tuple.ImmutablePair#2",
					"@value":{
						"left":1,
						"right":2
					}
				}:"12"
			}
		}
	}
}
{
	"@type":"com.alibaba.fastjson2.autoType.AutoTypeTest43_dynamic$Model#0",
	"@value":{
		"id":102
	}
}
{
	"@type":"com.alibaba.fastjson2.autoType.AutoTypeTest29_Byte$Bean1#0",
	"@value":{
		"value":1
	}
}
{
	"@type":"com.alibaba.fastjson2.autoType.AutoTypeTest29_Byte$Bean2#0",
	"@value":{
		"value":1
	}
}
{
	"@type":"com.alibaba.fastjson2.autoType.AutoTypeTest29_Byte$Bean3#0",
	"@value":{
		"value":1
	}
}
{
	"@type":"LinkedList#0",
	"@value":[
		{
			"@type":"com.alibaba.fastjson2.autoType.AutoTypeTest32$Bean#1",
			"@value":{
				"items":{
					"@type":"#0",
					"@value":[
						{},
						{},
						{}
					]
				}
			}
		},
		{
			"@type":"#1",
			"@value":{
				"items":null
			}
		},
		{
			"@type":"#1",
			"@value":{
				"items":null
			}
		}
	]
}
{
	"@type":"LinkedList#0",
	"@value":[
		{
			"@type":"com.alibaba.fastjson2.autoType.AutoTypeTest32$Bean#1",
			"@value":{
				"items":{
					"@type":"#0",
					"@value":[
						{},
						{},
						{}
					]
				}
			}
		},
		{
			"@type":"#1",
			"@value":{
				"items":{
					"@type":"java.util.Collections$SingletonList#2",
					"@value":[
						{}
					]
				}
			}
		},
		{
			"@type":"#1",
			"@value":{
				"items":null
			}
		}
	]
}
{
	"@type":"com.alibaba.fastjson2.autoType.AutoTypeTest22$Bean1#0",
	"@value":{
		"item":{
			"@type":"com.alibaba.fastjson2.autoType.AutoTypeTest22$XItem#1",
			"@value":{
				"id":101
			}
		},
		"item1":{"$ref":"$.item"}
	}
}
{
	"@type":"com.alibaba.fastjson2.autoType.AutoTypeTest9$Bean4#0",
	"@value":{
		"values":[
			{
				"@type":"LM#1",
				"@value":{}
			}
		]
	}
}
{
	"@type":"com.alibaba.fastjson2.autoType.AutoTypeTest9$Bean#0",
	"@value":{
		"values":[]
	}
}
{
	"@type":"com.alibaba.fastjson2.autoType.AutoTypeTest9$Bean2#0",
	"@value":{
		"values":[1]
	}
}
{
	"@type":"com.alibaba.fastjson2.autoType.AutoTypeTest9$Bean3#0",
	"@value":{
		"values":{
			"@type":"JO1#1",
			"@value":{
				"set":{
					"@type":"HashSet#2",
					"@value":[]
				}
			}
		}
	}
}
{
	"@type":"com.alibaba.fastjson2.autoType.AutoTypeTest9$Bean4#0",
	"@value":{
		"values":[
			{
				"@type":"JO1#1",
				"@value":{}
			}
		]
	}
}
{
	"@type":"com.alibaba.fastjson2.autoType.AutoTypeTest9$Bean5#0",
	"@value":{
		"values":{
			"data":{
				"@type":"A#1",
				"@value":[
					{
						"@type":"JO1#2",
						"@value":{}
					}
				]
			}
		}
	}
}
{
	"@type":"com.alibaba.fastjson2.autoType.AutoTypeTest39_ListStr$Bean#0",
	"@value":{
		"items":{
			"@type":"LinkedList#1",
			"@value":[
				"abcde",
				"abcde"
			]
		}
	}
}
{
	"@type":"com.alibaba.fastjson2.autoType.AutoTypeTest39_ListStr$Bean#0",
	"@value":{
		"items":{
			"@type":"java.util.Collections$SingletonList#1",
			"@value":["abc"]
		}
	}
}
{
	"@type":"com.alibaba.fastjson2.autoType.AutoTypeTest39_ListStr$Bean#0",
	"@value":{
		"items":{
			"@type":"java.util.Collections$SingletonList#1",
			"@value":["abc"]
		}
	}
}
{
	"@type":"com.alibaba.fastjson2.autoType.AutoTypeTest39_ListStr$Bean#0",
	"@value":{
		"items":{
			"@type":"java.util.Arrays$ArrayList#1",
			"@value":["abc"]
		}
	}
}
{
	"@type":"com.alibaba.fastjson2.autoType.AutoTypeTest39_ListStr$Bean#0",
	"@value":{
		"items":{
			"@type":"LinkedList#1",
			"@value":["abc"]
		}
	}
}
{
	"@type":"[Long#0",
	"@value":[101]
}
{
	"@type":"[UUID#0",
	"@value":[
		[
			-89,
			-26,
			114,
			98,
			-120,
			4,
			69,
			-67,
			-79,
			71,
			101,
			-49,
			43,
			-38,
			-39,
			126
		]
	]
}
{
	"@type":"[String#0",
	"@value":["101"]
}
{
	"@type":"[BigDecimal#0",
	"@value":[
		101
	]
}
{
	"@type":"[BigInteger#0",
	"@value":[101]
}
{
	"@type":"com.alibaba.fastjson2.autoType.AutoTypeTest31_array$BeanLong64Array#0",
	"@value":{
		"values":[101]
	}
}
{
	"@type":"[J#0",
	"@value":[101]
}
{
	"@type":"com.alibaba.fastjson2.autoType.AutoTypeTest31_array$BeanInteger64Array#0",
	"@value":{
		"values":[101]
	}
}
{
	"@type":"List#0",
	"@value":[101]
}
{
	"@type":"Set#0",
	"@value":["a"]
}
{
	"@type":"List#0",
	"@value":[101]
}
{
	"@type":"Set#0",
	"@value":["a"]
}
{
	"@type":"Set#0",
	"@value":["a"]
}
{
	"@type":"List#0",
	"@value":[101]
}
{
	"@type":"List#0",
	"@value":[101]
}
{
	"@type":"List#0",
	"@value":[101]
}
{
	"@type":"Set#0",
	"@value":["a"]
}
{
	"@type":"Set#0",
	"@value":["a"]
}
{
	"@type":"com.alibaba.fastjson2.autoType.AutoTypeTest18$Bean1#0",
	"@value":{
		"values":{
			"@type":"LinkedList#1",
			"@value":[
				{
					"@type":"com.alibaba.fastjson2.autoType.AutoTypeTest18$XItem#2",
					"@value":{}
				},
				{
					"@type":"com.alibaba.fastjson2.autoType.AutoTypeTest18$YItem#3",
					"@value":{}
				}
			]
		}
	}
}
{
	"@type":"com.alibaba.fastjson2.autoType.AutoTypeTest18$Bean2#0",
	"@value":{
		"values":{
			"@type":"LinkedHashSet#1",
			"@value":[
				{
					"@type":"com.alibaba.fastjson2.autoType.AutoTypeTest18$XItem#2",
					"@value":{}
				},
				{
					"@type":"com.alibaba.fastjson2.autoType.AutoTypeTest18$YItem#3",
					"@value":{}
				},
				{
					"@type":"com.alibaba.fastjson2.autoType.AutoTypeTest18$ZEnum#4",
					"@value":"A"
				}
			]
		}
	}
}
{
	"@type":"LinkedList#0",
	"@value":[
		{
			"@type":"com.alibaba.fastjson2.autoType.AutoTypeTest33$Bean#1",
			"@value":{
				"items":{
					"@type":"#0",
					"@value":[
						{
							"@type":"com.alibaba.fastjson2.autoType.AutoTypeTest33$Item#2",
							"@value":{}
						},
						{
							"@type":"#2",
							"@value":{}
						},
						{
							"@type":"#2",
							"@value":{}
						}
					]
				}
			}
		},
		{
			"@type":"#1",
			"@value":{
				"items":null
			}
		},
		{
			"@type":"#1",
			"@value":{
				"items":null
			}
		}
	]
}
{
	"@type":"LinkedList#0",
	"@value":[
		{
			"@type":"com.alibaba.fastjson2.autoType.AutoTypeTest33$Bean#1",
			"@value":{
				"items":{
					"@type":"#0",
					"@value":[
						{
							"@type":"com.alibaba.fastjson2.autoType.AutoTypeTest33$Item#2",
							"@value":{}
						},
						{
							"@type":"#2",
							"@value":{}
						},
						{
							"@type":"#2",
							"@value":{}
						}
					]
				}
			}
		},
		{
			"@type":"#1",
			"@value":{
				"items":{
					"@type":"java.util.Collections$SingletonList#3",
					"@value":[
						{
							"@type":"#2",
							"@value":{}
						}
					]
				}
			}
		},
		{
			"@type":"#1",
			"@value":{
				"items":null
			}
		}
	]
}
{
	"@type":"LinkedList#0",
	"@value":[
		{
			"@type":"com.alibaba.fastjson2.autoType.AutoTypeTest33$Bean#1",
			"@value":{
				"items":{
					"@type":"#0",
					"@value":[
						{
							"@type":"com.alibaba.fastjson2.autoType.AutoTypeTest33$Item#2",
							"@value":{}
						},
						{
							"@type":"#2",
							"@value":{}
						},
						{
							"@type":"#2",
							"@value":{}
						}
					]
				}
			}
		},
		{
			"@type":"#1",
			"@value":{
				"items":{
					"@type":"java.util.Collections$SingletonSet#3",
					"@value":[
						{}
					]
				}
			}
		},
		{
			"@type":"#1",
			"@value":{
				"items":null
			}
		}
	]
}
{
	"@type":"com.alibaba.fastjson2.autoType.AutoTypeTest26$Bean1#0",
	"@value":{
		"items":{
			"@type":"java.util.Collections$UnmodifiableMap#1",
			"@value":{}
		}
	}
}
{
	"@type":"com.alibaba.fastjson2.autoType.AutoTypeTest26$Bean1#0",
	"@value":{
		"items":{
			"@type":"java.util.Collections$UnmodifiableSortedMap#1",
			"@value":{}
		}
	}
}
{
	"@type":"com.alibaba.fastjson2.autoType.AutoTypeTest26$Bean1#0",
	"@value":{
		"items":{
			"@type":"java.util.Collections$UnmodifiableNavigableMap#1",
			"@value":{}
		}
	}
}
{
	"@type":"com.alibaba.fastjson2.autoType.AutoTypeTest26$Bean1#0",
	"@value":{
		"items":{
			"@type":"com.google.common.collect.RegularImmutableMap#1",
			"@value":{}
		}
	}
}
{
	"@type":"com.alibaba.fastjson2.autoType.AutoTypeTest26$Bean1#0",
	"@value":{
		"items":{
			"@type":"java.util.Collections$UnmodifiableNavigableMap$EmptyNavigableMap#1",
			"@value":{}
		}
	}
}
{
	"@type":"com.alibaba.fastjson2.autoType.AutoTypeTest26$Bean1#0",
	"@value":{
		"items":{
			"@type":"EmptyMap#1",
			"@value":{}
		}
	}
}
{
	"@type":"com.alibaba.fastjson2.autoType.AutoTypeTest26$Bean1#0",
	"@value":{
		"items":{
			"@type":"java.util.Collections$UnmodifiableNavigableMap$EmptyNavigableMap#1",
			"@value":{}
		}
	}
}
{
	"@type":"com.alibaba.fastjson2.autoType.AutoTypeTest26$Bean1#0",
	"@value":{
		"items":{
			"@type":"com.google.common.collect.SingletonImmutableBiMap#1",
			"@value":{
				"a":0
			}
		}
	}
}
{
	"@type":"com.alibaba.fastjson2.autoType.AutoTypeTest26$Bean1#0",
	"@value":{
		"items":{
			"@type":"java.util.Collections$SingletonMap#1",
			"@value":{
				"a":1
			}
		}
	}
}
{
	"@type":"com.alibaba.fastjson2.autoType.AutoTypeTest23$Bean1#0",
	"@value":{
		"items":{
			"@type":"[com.alibaba.fastjson2.autoType.AutoTypeTest23$XItem#1",
			"@value":[]
		},
		"items1":{"$ref":"$.items"}
	}
}
{
	"@type":"com.alibaba.fastjson2.autoType.AutoTypeTest23$Bean2#0",
	"@value":{
		"items":[
			"a",
			"b"
		],
		"items1":{"$ref":"$.items"}
	}
}
{
	"@type":"com.alibaba.fastjson2.autoType.AutoTypeFilterTest1$RpcException#0",
	"@value":{
		"stackTrace#1":[],
		"suppressedExceptions#2":{
			"@type":"java.util.Collections$EmptyList#3",
			"@value":[]
		}
	}
}
{
	"@type":"com.alibaba.fastjson2.autoType.AutoTypeTest28_Short$Bean1#0",
	"@value":{
		"value":1
	}
}
{
	"@type":"com.alibaba.fastjson2.autoType.AutoTypeTest28_Short$Bean2#0",
	"@value":{
		"value":1
	}
}
{
	"@type":"com.alibaba.fastjson2.autoType.AutoTypeTest28_Short$Bean3#0",
	"@value":{
		"value":1
	}
}
{
	"@type":"com.alibaba.fastjson2.autoType.AutoTypeTest17$Bean2#0",
	"@value":{
		"values":[
			{
				"@type":"com.alibaba.fastjson2.autoType.AutoTypeTest17$XItem#1",
				"@value":{}
			},
			{
				"@type":"com.alibaba.fastjson2.autoType.AutoTypeTest17$Item#2",
				"@value":{}
			}
		]
	}
}
{
	"@type":"com.alibaba.fastjson2.autoType.AutoTypeTest17$Bean3#0",
	"@value":{
		"values":[
			{
				"@type":"com.alibaba.fastjson2.autoType.AutoTypeTest17$XItem#1",
				"@value":{}
			},
			{}
		]
	}
}
{
	"@type":"com.alibaba.fastjson2.autoType.AutoTypeTest17$Bean4#0",
	"@value":{
		"values":{
			"@type":"LM#1",
			"@value":{
				"0":{
					"@type":"com.alibaba.fastjson2.autoType.AutoTypeTest17$XItem#2",
					"@value":{}
				},
				"1":{}
			}
		}
	}
}
{
	"@type":"com.alibaba.fastjson2.autoType.AutoTypeTest17$Bean5#0",
	"@value":{
		"item":{}
	}
}
{
	"@type":"com.alibaba.fastjson2.autoType.AutoTypeTest17$Bean5#0",
	"@value":{
		"item":{
			"@type":"com.alibaba.fastjson2.autoType.AutoTypeTest17$XItem#1",
			"@value":{}
		}
	}
}
{
	"@type":"com.alibaba.fastjson2.autoType.AutoTypeTest17$Bean6#0",
	"@value":{
		"values":{
			"0":{
				"@type":"com.alibaba.fastjson2.autoType.AutoTypeTest17$XItem#1",
				"@value":{}
			},
			"1":{}
		}
	}
}
{
	"@type":"com.alibaba.fastjson2.autoType.AutoTypeTest17$Bean8#0",
	"@value":{
		"values":{
			"@type":"LM#1",
			"@value":{
				0:{
					"@type":"com.alibaba.fastjson2.autoType.AutoTypeTest17$XItem#2",
					"@value":{}
				},
				1:{}
			}
		}
	}
}
{
	"@type":"LM#0",
	"@value":{
		{
			"@type":"java.lang.Class#1",
			"@value":"java.lang.String"
		}:"S"
	}
}
{
	{
		"@type":"HashSet#0",
		"@value":[]
	}:"A",
	{
		"@type":"EmptyMap#1",
		"@value":{}
	}:"C",
	{
		{}:"D"
	}:"E"
}
{
	"@type":"com.alibaba.fastjson2.autoType.AutoTypeTest34_ListStr$Bean#0",
	"@value":{
		"items":{
			"@type":"LinkedList#1",
			"@value":[
				"abcde",
				"abcde"
			]
		}
	}
}
{
	"@type":"com.alibaba.fastjson2.autoType.AutoTypeTest34_ListStr$Bean#0",
	"@value":{
		"items":{
			"@type":"java.util.Collections$SingletonList#1",
			"@value":["abc"]
		}
	}
}
{
	"@type":"com.alibaba.fastjson2.autoType.AutoTypeTest34_ListStr$Bean#0",
	"@value":{
		"items":{
			"@type":"java.util.Collections$SingletonSet#1",
			"@value":["abc"]
		}
	}
}
{
	"@type":"com.alibaba.fastjson2.autoType.AutoTypeTest34_ListStr$Bean#0",
	"@value":{
		"items":{
			"@type":"java.util.Arrays$ArrayList#1",
			"@value":["abc"]
		}
	}
}
{
	"@type":"com.alibaba.fastjson2.autoType.AutoTypeTest34_ListStr$Bean#0",
	"@value":{
		"items":{
			"@type":"java.util.Collections$UnmodifiableCollection#1",
			"@value":["abc"]
		}
	}
}
{
	"@type":"com.alibaba.fastjson2.autoType.AutoTypeTest38_DupType$Bean#0",
	"@value":{
		"first":{
			"@type":"com.alibaba.fastjson2.autoType.AutoTypeTest38_DupType$Item#1",
			"@value":{
				"id":101,
				"name":"DataWorks"
			}
		},
		"second":{
			"@type":"#1",
			"@value":{
				"id":102,
				"name":"MaxCompute"
			}
		},
		"third":{
			"@type":"#1",
			"@value":{
				"id":102,
				"name":"EMR"
			}
		}
	}
}
{
	"@type":"com.alibaba.fastjson2.autoType.AutoTypeTest46_Pair$Bean#0",
	"@value":{
		"pair1#1":{
			"@type":"org.apache.commons.lang3.tuple.ImmutablePair#2",
			"@value":{
				"left#3":"101",
				"right#4":true
			}
		},
		"pair2#5":{
			"@type":"#2",
			"@value":{
				"#3":"102",
				"#4":true
			}
		}
	}
}
{
	"@type":"com.alibaba.fastjson2.autoType.AutoTypeTest36_SetLong$Bean#0",
	"@value":{
		"values":[100],
		"values1":[100]
	}
}
[
	{
		"@type":"com.alibaba.fastjson2.autoType.AutoTypeTest36_SetLong$Bean2#0",
		"@value":{
			"values":[100]
		}
	},
	{
		"@type":"#0",
		"@value":{
			"values":[200]
		}
	},
	{
		"@type":"#0",
		"@value":{
			"values":[300]
		}
	}
]
{
	"@type":"com.alibaba.fastjson2.autoType.AutoTypeTest36_SetLong$Bean2#0",
	"@value":{
		"values":[100]
	}
}
{
	"@type":"com.alibaba.fastjson2.autoType.AutoTypeTest36_MapAtomicLong$Bean#0",
	"@value":{
		"map":{
			"123":{
				"@type":"AtomicLong#1",
				"@value":123
			}
		}
	}
}
{
	"@type":"com.alibaba.fastjson2.autoType.AutoTypeTest36_MapAtomicLong$Bean#0",
	"@value":{
		"map":{
			"123":{
				"@type":"AtomicInteger#1",
				"@value":123
			}
		}
	}
}
{
	"@type":"com.google.common.collect.AbstractMapBasedMultimap$RandomAccessWrappedList#0",
	"@value":[
		101,
		102,
		101
	]
}
{
	"@type":"com.google.common.collect.AbstractMapBasedMultimap$WrappedSet#0",
	"@value":{
		"ancestor":null,
		"ancestorDelegate":null,
		"delegate":{
			"@type":"HashSet#1",
			"@value":[
				101,
				102
			]
		},
		"key":"a",
		"this$0":{
			"@type":"com.google.common.collect.HashMultimap#2",
			"@value":{
				"a":{
					"@type":"#0",
					"@value":{
						"ancestor":null,
						"ancestorDelegate":null,
						"delegate":{"$ref":"$.delegate"},
						"key":"a",
						"this$0":{"$ref":"$.this$0"}
					}
				}
			}
		}
	}
}
{
	"@type":"com.alibaba.fastjson2.autoType.AutoTypeTest27$Bean1#0",
	"@value":{
		"items":{
			"@type":"java.util.Arrays$ArrayList#1",
			"@value":[
				0,
				1,
				2,
				3
			]
		}
	}
}
{
	"@type":"com.alibaba.fastjson2.autoType.AutoTypeTest27$Bean1#0",
	"@value":{
		"items":{
			"@type":"java.util.Collections$EmptySet#1",
			"@value":[]
		}
	}
}
{
	"@type":"com.alibaba.fastjson2.autoType.AutoTypeTest27$Bean1#0",
	"@value":{
		"items":{
			"@type":"java.util.Collections$UnmodifiableCollection#1",
			"@value":[]
		}
	}
}
{
	"@type":"com.alibaba.fastjson2.autoType.AutoTypeTest27$Bean1#0",
	"@value":{
		"items":{
			"@type":"java.util.AbstractList$SubList#1",
			"@value":[0]
		}
	}
}
{
	"@type":"com.alibaba.fastjson2.autoType.AutoTypeTest27$Bean1#0",
	"@value":{
		"items":{
			"@type":"A#1",
			"@value":[0]
		}
	}
}
{
	"@type":"com.alibaba.fastjson2.autoType.AutoTypeTest27$Bean1#0",
	"@value":{
		"items":{
			"@type":"java.util.Collections$UnmodifiableSortedSet#1",
			"@value":["A"]
		}
	}
}
{
	"@type":"com.alibaba.fastjson2.autoType.AutoTypeTest27$Bean1#0",
	"@value":{
		"items":{
			"@type":"java.util.Collections$UnmodifiableNavigableSet#1",
			"@value":["A"]
		}
	}
}
{
	"@type":"com.alibaba.fastjson2.autoType.AutoTypeTest27$Bean1#0",
	"@value":{
		"items":{
			"@type":"java.util.Collections$SingletonSet#1",
			"@value":["1"]
		}
	}
}
{
	"@type":"com.alibaba.fastjson2.autoType.AutoTypeTest27$Bean1#0",
	"@value":{
		"items":{
			"@type":"java.util.Collections$UnmodifiableSet#1",
			"@value":[]
		}
	}
}
{
	"@type":"com.alibaba.fastjson2.autoType.AutoTypeTest45_ListNullItem$Bean#0",
	"@value":{
		"items":[
			null,
			{}
		]
	}
}
diff type $.sesameBlock_1.fields.map, left class java.util.HashMap, right class com.alibaba.fastjson.JSONObject
diff JSONObject1 $.sesameBlock_1.fields
diff map $.sesameBlock_1, com.alibaba.fastjson.JSONObject
diff map $, com.alibaba.fastjson.JSONObject
{
	"@type":"[O#0",
	"@value":[
		{
			"@type":"TimeUnit#1",
			"@value":"DAYS"
		}
	]
}
{
	"a":{
		"@type":"com.alibaba.fastjson2.autoType.AutoTypeTest37_MapBean$Item#0",
		"@value":{
			"child":null,
			"id":101
		}
	},
	"b":{
		"@type":"#0",
		"@value":{
			"child":null,
			"id":102
		}
	},
	"c":{
		"@type":"#0",
		"@value":{
			"child":{},
			"id":103
		}
	}
}
{
	"@type":"com.alibaba.fastjson2.autoType.AutoTypeTest19$Bean2#0",
	"@value":{
		"values":{
			"@type":"LinkedList#1",
			"@value":[
				{
					"@type":"com.alibaba.fastjson2.autoType.AutoTypeTest19$XItem2#2",
					"@value":{
						"id":0,
						"value":0
					}
				},
				{
					"@type":"#2",
					"@value":{
						"id":0,
						"value":0
					}
				},
				{
					"@type":"#2",
					"@value":{
						"id":0,
						"value":0
					}
				}
			]
		}
	}
}
{
	"@type":"com.alibaba.fastjson2.autoType.AutoTypeTest19$Bean1#0",
	"@value":{
		"f1":false,
		"id":123,
		"v1":0,
		"values":{
			"@type":"LinkedList#1",
			"@value":[
				{
					"key":"101",
					"value":1
				},
				{
					"gmtCreate":1791304426951,
					"key":"102",
					"value":2
				},
				{
					"gmtCreate":1791304426951,
					"key":"103",
					"value":"3"
				}
			]
		}
	}
}
{
	"@type":"com.alibaba.fastjson2.autoType.AutoTypeTest19$Bean2#0",
	"@value":{
		"values":{
			"@type":"LinkedList#1",
			"@value":[
				{
					"@type":"com.alibaba.fastjson2.autoType.AutoTypeTest19$XItem2#2",
					"@value":{
						"id":0,
						"value":0
					}
				}
			]
		}
	}
}
{
	"@type":"com.alibaba.fastjson2.autoType.AutoTypeTest25$Bean1#0",
	"@value":{
		"items":{
			"@type":"TreeMap#1",
			"@value":{
				"a":{
					"a1":null,
					"child":null,
					"chilren":null
				}
			}
		}
	}
}
{
	"@type":"com.alibaba.fastjson2.autoType.AutoTypeTest44_customList$1#0",
	"@value":[101]
}
{
	"@type":"com.alibaba.fastjson2.autoType.AutoTypeTest44_customList$2#0",
	"@value":[101]
}
{
	"@type":"M#0",
	"@value":{
		"a":101
	}
}
{
	"@type":"com.alibaba.fastjson2.autoType.AutoTypeTest24$Bean1#0",
	"@value":{
		"items":[
			"1",
			"2"
		]
	}
}
{
	"@type":"com.alibaba.fastjson2.autoType.AutoTypeTest16_enums$Bean1#0",
	"@value":{
		"values":{
			"@type":"LinkedList#1",
			"@value":[
				"DAYS",
				"SECONDS",
				"DAYS"
			]
		}
	}
}
{
	"@type":"com.alibaba.fastjson2.autoType.AutoTypeTest16_enums$Bean2#0",
	"@value":{
		"values":{
			"@type":"LinkedList#1",
			"@value":[
				{
					"children":{
						"@type":"A#2",
						"@value":[
							{
								"id":11
							},
							{
								"id":12
							}
						]
					}
				},
				{
					"children":{
						"@type":"#2",
						"@value":[
							{
								"id":21
							},
							{
								"id":22
							}
						]
					}
				}
			]
		}
	}
}
{
	"@type":"com.alibaba.fastjson2.autoType.AutoTypeTest36_MapLong$Bean#0",
	"@value":{
		"values":{
			"abc":100
		}
	}
}
{
	"@type":"com.alibaba.fastjson2.autoType.AutoTypeTest40_listBeanMap$Bean#0",
	"@value":{
		"items":[
			{
				"@type":"M#1",
				"@value":{}
			}
		]
	}
}
{
	"@type":"com.alibaba.fastjson2.autoType.AutoTypeTest40_listBeanMap$Bean2#0",
	"@value":{
		"items":{
			"a":{
				"@type":"M#1",
				"@value":{}
			}
		}
	}
}
{
	"@type":"com.alibaba.fastjson2.autoType.AutoTypeTest8$Bean#0",
	"@value":{
		"values":{
			"@type":"[com.alibaba.fastjson2.autoType.AutoTypeTest8$A1#1",
			"@value":[
				{}
			]
		}
	}
}
[{}]
[{}]
{
	"@type":"com.alibaba.fastjson2.autoType.AutoTypeTest8$ListBean#0",
	"@value":{
		"values":{
			"@type":"LinkedList#1",
			"@value":[
				{
					"@type":"com.alibaba.fastjson2.autoType.AutoTypeTest8$A#2",
					"@value":{}
				}
			]
		}
	}
}
{
	"@type":"com.alibaba.fastjson2.autoType.AutoTypeTest8$ListBean2#0",
	"@value":{
		"values":[
			{
				"@type":"com.alibaba.fastjson2.autoType.AutoTypeTest8$A#1",
				"@value":{}
			}
		]
	}
}
{
	"@type":"com.alibaba.fastjson2.autoType.AutoTypeTest30$Bean1#0",
	"@value":{
		"items":["101"]
	}
}
{
	"@type":"com.alibaba.fastjson2.autoType.AutoTypeTest30$Bean2#0",
	"@value":{
		"value":"1001"
	}
}
[
	{
		"@type":"com.alibaba.fastjson2.autoType.AutoTypeTest30$Bean1#0",
		"@value":{
			"items":["101"]
		}
	},
	{
		"@type":"#0",
		"@value":{
			"items":["102"]
		}
	},
	{
		"@type":"#0",
		"@value":{
			"items":["103"]
		}
	}
]
{"name":123456789,"id":"abc"}
[
	{
		"name":"id",
		"inferSQLType":"STRING",
		"inferType":"java.lang.String",
		"integers":7702,
		"numbers":7702,
		"precision":10,
		"values":15404
	},
	{
		"name":"type",
		"inferSQLType":"STRING",
		"inferType":"java.lang.String",
		"precision":29,
		"values":15404
	},
	{
		"name":"actor",
		"inferSQLType":"STRING",
		"inferType":"java.util.Map",
		"maps":7702,
		"values":7702
	},
	{
		"name":"actor.id",
		"inferSQLType":"INT",
		"inferType":"java.lang.Integer",
		"integers":7702,
		"numbers":7702,
		"values":7702
	},
	{
		"name":"actor.login",
		"inferSQLType":"STRING",
		"inferType":"java.lang.String",
		"integers":3,
		"numbers":3,
		"precision":27,
		"values":15404
	},
	{
		"name":"actor.gravatar_id",
		"inferSQLType":"STRING",
		"inferType":"java.lang.String",
		"nulls":7702,
		"values":15404
	},
	{
		"name":"actor.url",
		"inferSQLType":"STRING",
		"inferType":"java.lang.String",
		"precision":56,
		"values":15404
	},
	{
		"name":"actor.avatar_url",
		"inferSQLType":"STRING",
		"inferType":"java.lang.String",
		"precision":49,
		"values":15404
	},
	{
		"name":"repo",
		"inferSQLType":"STRING",
		"inferType":"java.util.Map",
		"maps":7702,
		"values":7702
	},
	{
		"name":"repo.id",
		"inferSQLType":"INT",
		"inferType":"java.lang.Integer",
		"integers":7702,
		"numbers":7702,
		"values":7702
	},
	{
		"name":"repo.name",
		"errors":64,
		"inferSQLType":"STRING",
		"inferType":"java.lang.String",
		"precision":54,
		"values":15404
	},
	{
		"name":"repo.url",
		"inferSQLType":"STRING",
		"inferType":"java.lang.String",
		"precision":83,
		"values":15404
	},
	{
		"name":"payload",
		"inferSQLType":"STRING",
		"inferType":"java.util.Map",
		"maps":7702,
		"values":7702
	},
	{
		"name":"payload.push_id",
		"inferSQLType":"INT",
		"inferType":"java.lang.Integer",
		"integers":4280,
		"numbers":4280,
		"values":4280
	},
	{
		"name":"payload.size",
		"inferSQLType":"INT",
		"inferType":"java.lang.Integer",
		"integers":4280,
		"numbers":4280,
		"values":4280
	},
	{
		"name":"payload.distinct_size",
		"inferSQLType":"INT",
		"inferType":"java.lang.Integer",
		"integers":4280,
		"numbers":4280,
		"values":4280
	},
	{
		"name":"payload.ref",
		"errors":192,
		"inferSQLType":"STRING",
		"inferType":"java.lang.String",
		"integers":1,
		"nulls":290,
		"numbers":10,
		"precision":250,
		"scale":4,
		"values":9892
	},
	{
		"name":"payload.head",
		"inferSQLType":"STRING",
		"inferType":"java.lang.String",
		"precision":40,
		"values":8560
	},
	{
		"name":"payload.before",
		"inferSQLType":"STRING",
		"inferType":"java.lang.String",
		"precision":40,
		"values":8560
	},
	{
		"name":"payload.commits",
		"arrays":4280,
		"inferSQLType":"STRING",
		"inferType":"java.util.Collection",
		"maps":5706,
		"values":9986
	},
	{
		"name":"payload.commits[0].sha",
		"inferSQLType":"STRING",
		"inferType":"java.lang.String",
		"precision":40,
		"values":8270
	},
	{
		"name":"payload.commits[0].author",
		"inferSQLType":"STRING",
		"inferType":"java.util.Map",
		"maps":4135,
		"values":4135
	},
	{
		"name":"payload.commits[0].author.email",
		"inferSQLType":"STRING",
		"inferType":"java.lang.String",
		"precision":77,
		"values":8270
	},
	{
		"name":"payload.commits[0].author.name",
		"inferSQLType":"STRING",
		"inferType":"java.lang.String",
		"integers":1,
		"nonAsciiStrings":83,
		"numbers":1,
		"precision":35,
		"values":8270
	},
	{
		"name":"payload.commits[0].message",
		"dates":2,
		"errors":26,
		"inferSQLType":"STRING",
		"inferType":"java.lang.String",
		"integers":19,
		"nonAsciiStrings":64,
		"nulls":6,
		"numbers":20,
		"precision":3949,
		"scale":2,
		"values":8270
	},
	{
		"name":"payload.commits[0].distinct",
		"booleans":4135,
		"inferSQLType":"STRING",
		"inferType":"java.lang.Boolean",
		"values":4135
	},
	{
		"name":"payload.commits[0].url",
		"inferSQLType":"STRING",
		"inferType":"java.lang.String",
		"precision":132,
		"values":8270
	},
	{
		"name":"public",
		"booleans":7702,
		"inferSQLType":"STRING",
		"inferType":"java.lang.Boolean",
		"values":7702
	},
	{
		"name":"created_at",
		"dates":7702,
		"inferSQLType":"STRING",
		"inferType":"java.lang.String",
		"values":15404
	},
	{
		"name":"payload.ref_type",
		"inferSQLType":"STRING",
		"inferType":"java.lang.String",
		"precision":10,
		"values":1912
	},
	{
		"name":"payload.master_branch",
		"inferSQLType":"STRING",
		"inferType":"java.lang.String",
		"precision":13,
		"values":1630
	},
	{
		"name":"payload.description",
		"inferSQLType":"STRING",
		"inferType":"java.lang.String",
		"integers":4,
		"nonAsciiStrings":20,
		"nulls":256,
		"numbers":4,
		"precision":469,
		"values":1576
	},
	{
		"name":"payload.pusher_type",
		"inferSQLType":"STRING",
		"inferType":"java.lang.String",
		"precision":4,
		"values":1912
	},
	{
		"name":"payload.commits[1].sha",
		"inferSQLType":"STRING",
		"inferType":"java.lang.String",
		"precision":40,
		"values":1462
	},
	{
		"name":"payload.commits[1].author",
		"inferSQLType":"STRING",
		"inferType":"java.util.Map",
		"maps":731,
		"values":731
	},
	{
		"name":"payload.commits[1].author.email",
		"inferSQLType":"STRING",
		"inferType":"java.lang.String",
		"precision":77,
		"values":1462
	},
	{
		"name":"payload.commits[1].author.name",
		"inferSQLType":"STRING",
		"inferType":"java.lang.String",
		"nonAsciiStrings":9,
		"precision":30,
		"values":1462
	},
	{
		"name":"payload.commits[1].message",
		"errors":3,
		"inferSQLType":"STRING",
		"inferType":"java.lang.String",
		"nonAsciiStrings":6,
		"numbers":2,
		"precision":2336,
		"scale":4,
		"values":1462
	},
	{
		"name":"payload.commits[1].distinct",
		"booleans":731,
		"inferSQLType":"STRING",
		"inferType":"java.lang.Boolean",
		"values":731
	},
	{
		"name":"payload.commits[1].url",
		"inferSQLType":"STRING",
		"inferType":"java.lang.String",
		"precision":132,
		"values":1462
	},
	{
		"name":"payload.commits[2].sha",
		"inferSQLType":"STRING",
		"inferType":"java.lang.String",
		"precision":40,
		"values":640
	},
	{
		"name":"payload.commits[2].author",
		"inferSQLType":"STRING",
		"inferType":"java.util.Map",
		"maps":320,
		"values":320
	},
	{
		"name":"payload.commits[2].author.email",
		"inferSQLType":"STRING",
		"inferType":"java.lang.String",
		"precision":77,
		"values":640
	},
	{
		"name":"payload.commits[2].author.name",
		"inferSQLType":"STRING",
		"inferType":"java.lang.String",
		"nonAsciiStrings":4,
		"precision":29,
		"values":640
	},
	{
		"name":"payload.commits[2].message",
		"inferSQLType":"STRING",
		"inferType":"java.lang.String",
		"nonAsciiStrings":3,
		"precision":1154,
		"values":640
	},
	{
		"name":"payload.commits[2].distinct",
		"booleans":320,
		"inferSQLType":"STRING",
		"inferType":"java.lang.Boolean",
		"values":320
	},
	{
		"name":"payload.commits[2].url",
		"inferSQLType":"STRING",
		"inferType":"java.lang.String",
		"precision":121,
		"values":640
	},
	{
		"name":"payload.commits[3].sha",
		"inferSQLType":"STRING",
		"inferType":"java.lang.String",
		"precision":40,
		"values":354
	},
	{
		"name":"payload.commits[3].author",
		"inferSQLType":"STRING",
		"inferType":"java.util.Map",
		"maps":177,
		"values":177
	},
	{
		"name":"payload.commits[3].author.email",
		"inferSQLType":"STRING",
		"inferType":"java.lang.String",
		"precision":75,
		"values":354
	},
	{
		"name":"payload.commits[3].author.name",
		"inferSQLType":"STRING",
		"inferType":"java.lang.String",
		"nonAsciiStrings":2,
		"precision":46,
		"values":354
	},
	{
		"name":"payload.commits[3].message",
		"inferSQLType":"STRING",
		"inferType":"java.lang.String",
		"nonAsciiStrings":3,
		"precision":492,
		"values":354
	},
	{
		"name":"payload.commits[3].distinct",
		"booleans":177,
		"inferSQLType":"STRING",
		"inferType":"java.lang.Boolean",
		"values":177
	},
	{
		"name":"payload.commits[3].url",
		"inferSQLType":"STRING",
		"inferType":"java.lang.String",
		"precision":121,
		"values":354
	},
	{
		"name":"payload.commits[4].sha",
		"inferSQLType":"STRING",
		"inferType":"java.lang.String",
		"precision":40,
		"values":238
	},
	{
		"name":"payload.commits[4].author",
		"inferSQLType":"STRING",
		"inferType":"java.util.Map",
		"maps":119,
		"values":119
	},
	{
		"name":"payload.commits[4].author.email",
		"inferSQLType":"STRING",
		"inferType":"java.lang.String",
		"precision":75,
		"values":238
	},
	{
		"name":"payload.commits[4].author.name",
		"inferSQLType":"STRING",
		"inferType":"java.lang.String",
		"nonAsciiStrings":2,
		"precision":29,
		"values":238
	},
	{
		"name":"payload.commits[4].message",
		"inferSQLType":"STRING",
		"inferType":"java.lang.String",
		"nonAsciiStrings":1,
		"precision":654,
		"values":238
	},
	{
		"name":"payload.commits[4].distinct",
		"booleans":119,
		"inferSQLType":"STRING",
		"inferType":"java.lang.Boolean",
		"values":119
	},
	{
		"name":"payload.commits[4].url",
		"inferSQLType":"STRING",
		"inferType":"java.lang.String",
		"precision":121,
		"values":238
	},
	{
		"name":"payload.commits[5].sha",
		"inferSQLType":"STRING",
		"inferType":"java.lang.String",
		"precision":40,
		"values":166
	},
	{
		"name":"payload.commits[5].author",
		"inferSQLType":"STRING",
		"inferType":"java.util.Map",
		"maps":83,
		"values":83
	},
	{
		"name":"payload.commits[5].author.email",
		"inferSQLType":"STRING",
		"inferType":"java.lang.String",
		"precision":75,
		"values":166
	},
	{
		"name":"payload.commits[5].author.name",
		"inferSQLType":"STRING",
		"inferType":"java.lang.String",
		"nonAsciiStrings":1,
		"precision":29,
		"values":166
	},
	{
		"name":"payload.commits[5].message",
		"inferSQLType":"STRING",
		"inferType":"java.lang.String",
		"nonAsciiStrings":1,
		"precision":1164,
		"values":166
	},
	{
		"name":"payload.commits[5].distinct",
		"booleans":83,
		"inferSQLType":"STRING",
		"inferType":"java.lang.Boolean",
		"values":83
	},
	{
		"name":"payload.commits[5].url",
		"inferSQLType":"STRING",
		"inferType":"java.lang.String",
		"precision":121,
		"values":166
	},
	{
		"name":"payload.commits[6].sha",
		"inferSQLType":"STRING",
		"inferType":"java.lang.String",
		"precision":40,
		"values":122
	},
	{
		"name":"payload.commits[6].author",
		"inferSQLType":"STRING",
		"inferType":"java.util.Map",
		"maps":61,
		"values":61
	},
	{
		"name":"payload.commits[6].author.email",
		"inferSQLType":"STRING",
		"inferType":"java.lang.String",
		"precision":75,
		"values":122
	},
	{
		"name":"payload.commits[6].author.name",
		"inferSQLType":"STRING",
		"inferType":"java.lang.String",
		"nonAsciiStrings":2,
		"precision":29,
		"values":122
	},
	{
		"name":"payload.commits[6].message",
		"inferSQLType":"STRING",
		"inferType":"java.lang.String",
		"nonAsciiStrings":1,
		"precision":525,
		"values":122
	},
	{
		"name":"payload.commits[6].distinct",
		"booleans":61,
		"inferSQLType":"STRING",
		"inferType":"java.lang.Boolean",
		"values":61
	},
	{
		"name":"payload.commits[6].url",
		"inferSQLType":"STRING",
		"inferType":"java.lang.String",
		"precision":121,
		"values":122
	},
	{
		"name":"payload.commits[7].sha",
		"inferSQLType":"STRING",
		"inferType":"java.lang.String",
		"precision":40,
		"values":82
	},
	{
		"name":"payload.commits[7].author",
		"inferSQLType":"STRING",
		"inferType":"java.util.Map",
		"maps":41,
		"values":41
	},
	{
		"name":"payload.commits[7].author.email",
		"inferSQLType":"STRING",
		"inferType":"java.lang.String",
		"precision":75,
		"values":82
	},
	{
		"name":"payload.commits[7].author.name",
		"inferSQLType":"STRING",
		"inferType":"java.lang.String",
		"precision":29,
		"values":82
	},
	{
		"name":"payload.commits[7].message",
		"inferSQLType":"STRING",
		"inferType":"java.lang.String",
		"nonAsciiStrings":1,
		"precision":458,
		"values":82
	},
	{
		"name":"payload.commits[7].distinct",
		"booleans":41,
		"inferSQLType":"STRING",
		"inferType":"java.lang.Boolean",
		"values":41
	},
	{
		"name":"payload.commits[7].url",
		"inferSQLType":"STRING",
		"inferType":"java.lang.String",
		"precision":121,
		"values":82
	},
	{
		"name":"org",
		"inferSQLType":"STRING",
		"inferType":"java.util.Map",
		"maps":2342,
		"values":2342
	},
	{
		"name":"org.id",
		"inferSQLType":"INT",
		"inferType":"java.lang.Integer",
		"integers":2342,
		"numbers":2342,
		"values":2342
	},
	{
		"name":"org.login",
		"errors":3,
		"inferSQLType":"STRING",
		"inferType":"java.lang.String",
		"precision":36,
		"values":4684
	},
	{
		"name":"org.gravatar_id",
		"inferSQLType":"STRING",
		"inferType":"java.lang.String",
		"nulls":2342,
		"values":4684
	},
	{
		"name":"org.url",
		"inferSQLType":"STRING",
		"inferType":"java.lang.String",
		"precision":64,
		"values":4684
	},
	{
		"name":"org.avatar_url",
		"inferSQLType":"STRING",
		"inferType":"java.lang.String",
		"precision":49,
		"values":4684
	},
	{
		"name":"payload.action",
		"inferSQLType":"STRING",
		"inferType":"java.lang.String",
		"precision":9,
		"values":4210
	},
	{
		"name":"payload.issue",
		"inferSQLType":"STRING",
		"inferType":"java.util.Map",
		"maps":1023,
		"values":1023
	},
	{
		"name":"payload.issue.url",
		"inferSQLType":"STRING",
		"inferType":"java.lang.String",
		"precision":82,
		"values":2046
	},
	{
		"name":"payload.issue.labels_url",
		"inferSQLType":"STRING",
		"inferType":"java.lang.String",
		"precision":96,
		"values":2046
	},
	{
		"name":"payload.issue.comments_url",
		"inferSQLType":"STRING",
		"inferType":"java.lang.String",
		"precision":91,
		"values":2046
	},
	{
		"name":"payload.issue.events_url",
		"inferSQLType":"STRING",
		"inferType":"java.lang.String",
		"precision":89,
		"values":2046
	},
	{
		"name":"payload.issue.html_url",
		"inferSQLType":"STRING",
		"inferType":"java.lang.String",
		"precision":71,
		"values":2046
	},
	{
		"name":"payload.issue.id",
		"inferSQLType":"INT",
		"inferType":"java.lang.Integer",
		"integers":1023,
		"numbers":1023,
		"values":1023
	},
	{
		"name":"payload.issue.number",
		"inferSQLType":"INT",
		"inferType":"java.lang.Integer",
		"integers":1023,
		"numbers":1023,
		"values":1023
	},
	{
		"name":"payload.issue.title",
		"inferSQLType":"STRING",
		"inferType":"java.lang.String",
		"nonAsciiStrings":16,
		"precision":135,
		"values":2046
	},
	{
		"name":"payload.issue.user",
		"inferSQLType":"STRING",
		"inferType":"java.util.Map",
		"maps":1023,
		"values":1023
	},
	{
		"name":"payload.issue.user.login",
		"inferSQLType":"STRING",
		"inferType":"java.lang.String",
		"precision":20,
		"values":2046
	},
	{
		"name":"payload.issue.user.id",
		"inferSQLType":"INT",
		"inferType":"java.lang.Integer",
		"integers":1023,
		"numbers":1023,
		"values":1023
	}
]
{"@type":"com.alibaba.fastjson2.issues_1900.Issue1945$B","aInstance":{"@type":"java.util.HashMap","test":"test"},"clazz":["java.lang.String"]}
{
	"id#0":"#0",
	"#0":"#0"
}
[
	{
		"@type":"vip.joinsun.dto.order.ThirdOrderResponseBO0#0",
		"@value":{}
	},
	{
		"@type":"vip.joinsun.dto.order.ThirdOrderResponseBO1#1",
		"@value":{}
	},
	{
		"@type":"vip.joinsun.dto.order.ThirdOrderResponseBO2#2",
		"@value":{}
	},
	{
		"@type":"vip.joinsun.dto.order.ThirdOrderResponseBO3#3",
		"@value":{}
	},
	{
		"@type":"vip.joinsun.dto.order.ThirdOrderResponseBO4#4",
		"@value":{}
	},
	{
		"@type":"vip.joinsun.dto.order.ThirdOrderResponseBO5#5",
		"@value":{}
	},
	{
		"@type":"vip.joinsun.dto.order.ThirdOrderResponseBO6#6",
		"@value":{}
	},
	{
		"@type":"vip.joinsun.dto.order.ThirdOrderResponseBO7#7",
		"@value":{}
	},
	{
		"@type":"vip.joinsun.dto.order.ThirdOrderResponseBO8#8",
		"@value":{}
	},
	{
		"@type":"vip.joinsun.dto.order.ThirdOrderResponseBO9#9",
		"@value":{}
	},
	{
		"@type":"vip.joinsun.dto.order.ThirdOrderResponseBO10#10",
		"@value":{}
	},
	{
		"@type":"vip.joinsun.dto.order.ThirdOrderResponseBO11#11",
		"@value":{}
	},
	{
		"@type":"vip.joinsun.dto.order.ThirdOrderResponseBO12#12",
		"@value":{}
	},
	{
		"@type":"vip.joinsun.dto.order.ThirdOrderResponseBO13#13",
		"@value":{}
	},
	{
		"@type":"vip.joinsun.dto.order.ThirdOrderResponseBO14#14",
		"@value":{}
	},
	{
		"@type":"vip.joinsun.dto.order.ThirdOrderResponseBO15#15",
		"@value":{}
	},
	{
		"@type":"vip.joinsun.dto.order.ThirdOrderResponseBO16#16",
		"@value":{}
	},
	{
		"@type":"vip.joinsun.dto.order.ThirdOrderResponseBO17#17",
		"@value":{}
	},
	{
		"@type":"vip.joinsun.dto.order.ThirdOrderResponseBO18#18",
		"@value":{}
	},
	{
		"@type":"vip.joinsun.dto.order.ThirdOrderResponseBO19#19",
		"@value":{}
	},
	{
		"@type":"vip.joinsun.dto.order.ThirdOrderResponseBO20#20",
		"@value":{}
	},
	{
		"@type":"vip.joinsun.dto.order.ThirdOrderResponseBO21#21",
		"@value":{}
	},
	{
		"@type":"vip.joinsun.dto.order.ThirdOrderResponseBO22#22",
		"@value":{}
	},
	{
		"@type":"vip.joinsun.dto.order.ThirdOrderResponseBO23#23",
		"@value":{}
	},
	{
		"@type":"vip.joinsun.dto.order.ThirdOrderResponseBO24#24",
		"@value":{}
	},
	{
		"@type":"vip.joinsun.dto.order.ThirdOrderResponseBO25#25",
		"@value":{}
	},
	{
		"@type":"vip.joinsun.dto.order.ThirdOrderResponseBO26#26",
		"@value":{}
	},
	{
		"@type":"vip.joinsun.dto.order.ThirdOrderResponseBO27#27",
		"@value":{}
	},
	{
		"@type":"vip.joinsun.dto.order.ThirdOrderResponseBO28#28",
		"@value":{}
	},
	{
		"@type":"vip.joinsun.dto.order.ThirdOrderResponseBO29#29",
		"@value":{}
	},
	{
		"@type":"vip.joinsun.dto.order.ThirdOrderResponseBO30#30",
		"@value":{}
	},
	{
		"@type":"vip.joinsun.dto.order.ThirdOrderResponseBO31#31",
		"@value":{}
	},
	{
		"@type":"vip.joinsun.dto.order.ThirdOrderResponseBO32#32",
		"@value":{}
	},
	{
		"@type":"vip.joinsun.dto.order.ThirdOrderResponseBO33#33",
		"@value":{}
	},
	{
		"@type":"vip.joinsun.dto.order.ThirdOrderResponseBO34#34",
		"@value":{}
	},
	{
		"@type":"vip.joinsun.dto.order.ThirdOrderResponseBO35#35",
		"@value":{}
	},
	{
		"@type":"vip.joinsun.dto.order.ThirdOrderResponseBO36#36",
		"@value":{}
	},
	{
		"@type":"vip.joinsun.dto.order.ThirdOrderResponseBO37#37",
		"@value":{}
	},
	{
		"@type":"vip.joinsun.dto.order.ThirdOrderResponseBO38#38",
		"@value":{}
	},
	{
		"@type":"vip.joinsun.dto.order.ThirdOrderResponseBO39#39",
		"@value":{}
	},
	{
		"@type":"vip.joinsun.dto.order.ThirdOrderResponseBO40#40",
		"@value":{}
	},
	{
		"@type":"vip.joinsun.dto.order.ThirdOrderResponseBO41#41",
		"@value":{}
	},
	{
		"@type":"vip.joinsun.dto.order.ThirdOrderResponseBO42#42",
		"@value":{}
	},
	{
		"@type":"vip.joinsun.dto.order.ThirdOrderResponseBO43#43",
		"@value":{}
	},
	{
		"@type":"vip.joinsun.dto.order.ThirdOrderResponseBO44#44",
		"@value":{}
	},
	{
		"@type":"vip.joinsun.dto.order.ThirdOrderResponseBO45#45",
		"@value":{}
	},
	{
		"@type":"vip.joinsun.dto.order.ThirdOrderResponseBO46#46",
		"@value":{}
	},
	{
		"@type":"vip.joinsun.dto.order.ThirdOrderResponseBO47#47",
		"@value":{}
	},
	{
		"@type":"vip.joinsun.dto.order.ThirdOrderResponseBO48#48",
		"@value":{}
	},
	{
		"@type":"vip.joinsun.dto.order.ThirdOrderResponseBO49#49",
		"@value":{}
	},
	{
		"@type":"vip.joinsun.dto.order.ThirdOrderResponseBO50#50",
		"@value":{}
	},
	{
		"@type":"vip.joinsun.dto.order.ThirdOrderResponseBO51#51",
		"@value":{}
	},
	{
		"@type":"vip.joinsun.dto.order.ThirdOrderResponseBO52#52",
		"@value":{}
	},
	{
		"@type":"vip.joinsun.dto.order.ThirdOrderResponseBO53#53",
		"@value":{}
	},
	{
		"@type":"vip.joinsun.dto.order.ThirdOrderResponseBO54#54",
		"@value":{}
	},
	{
		"@type":"vip.joinsun.dto.order.ThirdOrderResponseBO55#55",
		"@value":{}
	},
	{
		"@type":"vip.joinsun.dto.order.ThirdOrderResponseBO56#56",
		"@value":{}
	},
	{
		"@type":"vip.joinsun.dto.order.ThirdOrderResponseBO57#57",
		"@value":{}
	},
	{
		"@type":"vip.joinsun.dto.order.ThirdOrderResponseBO58#58",
		"@value":{}
	},
	{
		"@type":"vip.joinsun.dto.order.ThirdOrderResponseBO59#59",
		"@value":{}
	},
	{
		"@type":"vip.joinsun.dto.order.ThirdOrderResponseBO60#60",
		"@value":{}
	},
	{
		"@type":"vip.joinsun.dto.order.ThirdOrderResponseBO61#61",
		"@value":{}
	},
	{
		"@type":"vip.joinsun.dto.order.ThirdOrderResponseBO62#62",
		"@value":{}
	},
	{
		"@type":"vip.joinsun.dto.order.ThirdOrderResponseBO63#63",
		"@value":{}
	},
	{
		"@type":"vip.joinsun.dto.order.ThirdOrderResponseBO64#64",
		"@value":{}
	},
	{
		"@type":"vip.joinsun.dto.order.ThirdOrderResponseBO65#65",
		"@value":{}
	},
	{
		"@type":"vip.joinsun.dto.order.ThirdOrderResponseBO66#66",
		"@value":{}
	},
	{
		"@type":"vip.joinsun.dto.order.ThirdOrderResponseBO67#67",
		"@value":{}
	},
	{
		"@type":"vip.joinsun.dto.order.ThirdOrderResponseBO68#68",
		"@value":{}
	},
	{
		"@type":"vip.joinsun.dto.order.ThirdOrderResponseBO69#69",
		"@value":{}
	},
	{
		"@type":"vip.joinsun.dto.order.ThirdOrderResponseBO70#70",
		"@value":{}
	},
	{
		"@type":"vip.joinsun.dto.order.ThirdOrderResponseBO71#71",
		"@value":{}
	},
	{
		"@type":"vip.joinsun.dto.order.ThirdOrderResponseBO72#72",
		"@value":{}
	},
	{
		"@type":"vip.joinsun.dto.order.ThirdOrderResponseBO73#73",
		"@value":{}
	},
	{
		"@type":"vip.joinsun.dto.order.ThirdOrderResponseBO74#74",
		"@value":{}
	},
	{
		"@type":"vip.joinsun.dto.order.ThirdOrderResponseBO75#75",
		"@value":{}
	},
	{
		"@type":"vip.joinsun.dto.order.ThirdOrderResponseBO76#76",
		"@value":{}
	},
	{
		"@type":"vip.joinsun.dto.order.ThirdOrderResponseBO77#77",
		"@value":{}
	},
	{
		"@type":"vip.joinsun.dto.order.ThirdOrderResponseBO78#78",
		"@value":{}
	},
	{
		"@type":"vip.joinsun.dto.order.ThirdOrderResponseBO79#79",
		"@value":{}
	},
	{
		"@type":"vip.joinsun.dto.order.ThirdOrderResponseBO80#80",
		"@value":{}
	},
	{
		"@type":"vip.joinsun.dto.order.ThirdOrderResponseBO81#81",
		"@value":{}
	},
	{
		"@type":"vip.joinsun.dto.order.ThirdOrderResponseBO82#82",
		"@value":{}
	},
	{
		"@type":"vip.joinsun.dto.order.ThirdOrderResponseBO83#83",
		"@value":{}
	},
	{
		"@type":"vip.joinsun.dto.order.ThirdOrderResponseBO84#84",
		"@value":{}
	},
	{
		"@type":"vip.joinsun.dto.order.ThirdOrderResponseBO85#85",
		"@value":{}
	},
	{
		"@type":"vip.joinsun.dto.order.ThirdOrderResponseBO86#86",
		"@value":{}
	},
	{
		"@type":"vip.joinsun.dto.order.ThirdOrderResponseBO87#87",
		"@value":{}
	},
	{
		"@type":"vip.joinsun.dto.order.ThirdOrderResponseBO88#88",
		"@value":{}
	},
	{
		"@type":"vip.joinsun.dto.order.ThirdOrderResponseBO89#89",
		"@value":{}
	},
	{
		"@type":"vip.joinsun.dto.order.ThirdOrderResponseBO90#90",
		"@value":{}
	},
	{
		"@type":"vip.joinsun.dto.order.ThirdOrderResponseBO91#91",
		"@value":{}
	},
	{
		"@type":"vip.joinsun.dto.order.ThirdOrderResponseBO92#92",
		"@value":{}
	},
	{
		"@type":"vip.joinsun.dto.order.ThirdOrderResponseBO93#93",
		"@value":{}
	},
	{
		"@type":"vip.joinsun.dto.order.ThirdOrderResponseBO94#94",
		"@value":{}
	},
	{
		"@type":"vip.joinsun.dto.order.ThirdOrderResponseBO95#95",
		"@value":{}
	},
	{
		"@type":"vip.joinsun.dto.order.ThirdOrderResponseBO96#96",
		"@value":{}
	},
	{
		"@type":"vip.joinsun.dto.order.ThirdOrderResponseBO97#97",
		"@value":{}
	},
	{
		"@type":"vip.joinsun.dto.order.ThirdOrderResponseBO98#98",
		"@value":{}
	},
	{
		"@type":"vip.joinsun.dto.order.ThirdOrderResponseBO99#99",
		"@value":{}
	},
	{
		"@type":"vip.joinsun.dto.order.ThirdOrderResponseBO100#100",
		"@value":{}
	},
	{
		"@type":"vip.joinsun.dto.order.ThirdOrderResponseBO101#101",
		"@value":{}
	},
	{
		"@type":"vip.joinsun.dto.order.ThirdOrderResponseBO102#102",
		"@value":{}
	},
	{
		"@type":"vip.joinsun.dto.order.ThirdOrderResponseBO103#103",
		"@value":{}
	},
	{
		"@type":"vip.joinsun.dto.order.ThirdOrderResponseBO104#104",
		"@value":{}
	},
	{
		"@type":"vip.joinsun.dto.order.ThirdOrderResponseBO105#105",
		"@value":{}
	},
	{
		"@type":"vip.joinsun.dto.order.ThirdOrderResponseBO106#106",
		"@value":{}
	},
	{
		"@type":"vip.joinsun.dto.order.ThirdOrderResponseBO107#107",
		"@value":{}
	},
	{
		"@type":"vip.joinsun.dto.order.ThirdOrderResponseBO108#108",
		"@value":{}
	},
	{
		"@type":"vip.joinsun.dto.order.ThirdOrderResponseBO109#109",
		"@value":{}
	},
	{
		"@type":"vip.joinsun.dto.order.ThirdOrderResponseBO110#110",
		"@value":{}
	},
	{
		"@type":"vip.joinsun.dto.order.ThirdOrderResponseBO111#111",
		"@value":{}
	},
	{
		"@type":"vip.joinsun.dto.order.ThirdOrderResponseBO112#112",
		"@value":{}
	},
	{
		"@type":"vip.joinsun.dto.order.ThirdOrderResponseBO113#113",
		"@value":{}
	},
	{
		"@type":"vip.joinsun.dto.order.ThirdOrderResponseBO114#114",
		"@value":{}
	},
	{
		"@type":"vip.joinsun.dto.order.ThirdOrderResponseBO115#115",
		"@value":{}
	},
	{
		"@type":"vip.joinsun.dto.order.ThirdOrderResponseBO116#116",
		"@value":{}
	},
	{
		"@type":"vip.joinsun.dto.order.ThirdOrderResponseBO117#117",
		"@value":{}
	},
	{
		"@type":"vip.joinsun.dto.order.ThirdOrderResponseBO118#118",
		"@value":{}
	},
	{
		"@type":"vip.joinsun.dto.order.ThirdOrderResponseBO119#119",
		"@value":{}
	},
	{
		"@type":"vip.joinsun.dto.order.ThirdOrderResponseBO120#120",
		"@value":{}
	},
	{
		"@type":"vip.joinsun.dto.order.ThirdOrderResponseBO121#121",
		"@value":{}
	},
	{
		"@type":"vip.joinsun.dto.order.ThirdOrderResponseBO122#122",
		"@value":{}
	},
	{
		"@type":"vip.joinsun.dto.order.ThirdOrderResponseBO123#123",
		"@value":{}
	},
	{
		"@type":"vip.joinsun.dto.order.ThirdOrderResponseBO124#124",
		"@value":{}
	},
	{
		"@type":"vip.joinsun.dto.order.ThirdOrderResponseBO125#125",
		"@value":{}
	},
	{
		"@type":"vip.joinsun.dto.order.ThirdOrderResponseBO126#126",
		"@value":{}
	},
	{
		"@type":"vip.joinsun.dto.order.ThirdOrderResponseBO127#127",
		"@value":{}
	},
	{
		"@type":"vip.joinsun.dto.order.ThirdOrderResponseBO128#128",
		"@value":{}
	},
	{
		"@type":"vip.joinsun.dto.order.ThirdOrderResponseBO129#129",
		"@value":{}
	},
	{
		"@type":"vip.joinsun.dto.order.ThirdOrderResponseBO130#130",
		"@value":{}
	},
	{
		"@type":"vip.joinsun.dto.order.ThirdOrderResponseBO131#131",
		"@value":{}
	},
	{
		"@type":"vip.joinsun.dto.order.ThirdOrderResponseBO132#132",
		"@value":{}
	},
	{
		"@type":"vip.joinsun.dto.order.ThirdOrderResponseBO133#133",
		"@value":{}
	},
	{
		"@type":"vip.joinsun.dto.order.ThirdOrderResponseBO134#134",
		"@value":{}
	},
	{
		"@type":"vip.joinsun.dto.order.ThirdOrderResponseBO135#135",
		"@value":{}
	},
	{
		"@type":"vip.joinsun.dto.order.ThirdOrderResponseBO136#136",
		"@value":{}
	},
	{
		"@type":"vip.joinsun.dto.goods.ProjectGoodsSkuDTO#137",
		"@value":{}
	}
]
{
	"id":"id#0",
	"id":"#0"
}
{
	"value":""
}
{
	"value":""
}
123
Result1: "abc"
Result2: "hij"
Result: "cde"
Result: "de"

Oct 07, 2026 12:33:51 AM org.javamoney.moneta.DefaultMonetaryContextFactory createMonetaryContextNonNullConfig
INFO: Using custom MathContext: precision=256, roundingMode=HALF_EVEN
{"name2":["name2_0","name2_1"]}
{
	"color":{
		"name":"red"
	}
}
{
	"color":{
		"name":"red"
	}
}
{
	"@type":"java.time.format.DateTimeParseException#0",
	"@value":{
		"detailMessage#1":"msg",
		"parsedString#2":"input",
		"stackTrace#3":[
			{
				"fileName#4":"DubboTest4.java",
				"lineNumber#5":209,
				"className#6":"com.alibaba.fastjson2.dubbo.DubboTest4",
				"methodName#7":"testDateTimeParseException"
			},
			{
				"#4":"DirectMethodHandleAccessor.java",
				"#5":104,
				"#6":"jdk.internal.reflect.DirectMethodHandleAccessor",
				"#7":"invoke"
			},
			{
				"#4":"Method.java",
				"#5":565,
				"#6":"java.lang.reflect.Method",
				"#7":"invoke"
			},
			{
				"#4":"ReflectionUtils.java",
				"#5":787,
				"#6":"org.junit.platform.commons.util.ReflectionUtils",
				"#7":"invokeMethod"
			},
			{
				"#4":"ReflectionSupport.java",
				"#5":478,
				"#6":"org.junit.platform.commons.support.ReflectionSupport",
				"#7":"invokeMethod"
			},
			{
				"#4":"MethodInvocation.java",
				"#5":60,
				"#6":"org.junit.jupiter.engine.execution.MethodInvocation",
				"#7":"proceed"
			},
			{
				"#4":"InvocationInterceptorChain.java",
				"#5":131,
				"#6":"org.junit.jupiter.engine.execution.InvocationInterceptorChain$ValidatingInvocation",
				"#7":"proceed"
			},
			{
				"#4":"TimeoutExtension.java",
				"#5":161,
				"#6":"org.junit.jupiter.engine.extension.TimeoutExtension",
				"#7":"intercept"
			},
			{
				"#4":"TimeoutExtension.java",
				"#5":152,
				"#6":"org.junit.jupiter.engine.extension.TimeoutExtension",
				"#7":"interceptTestableMethod"
			},
			{
				"#4":"TimeoutExtension.java",
				"#5":91,
				"#6":"org.junit.jupiter.engine.extension.TimeoutExtension",
				"#7":"interceptTestMethod"
			},
			{
				"#4":"InterceptingExecutableInvoker.java",
				"#5":112,
				"#6":"org.junit.jupiter.engine.execution.InterceptingExecutableInvoker$ReflectiveInterceptorCall",
				"#7":"lambda$ofVoidMethod$0"
			},
			{
				"#4":"InterceptingExecutableInvoker.java",
				"#5":94,
				"#6":"org.junit.jupiter.engine.execution.InterceptingExecutableInvoker",
				"#7":"lambda$invoke$0"
			},
			{
				"#4":"InvocationInterceptorChain.java",
				"#5":106,
				"#6":"org.junit.jupiter.engine.execution.InvocationInterceptorChain$InterceptedInvocation",
				"#7":"proceed"
			},
			{
				"#4":"InvocationInterceptorChain.java",
				"#5":64,
				"#6":"org.junit.jupiter.engine.execution.InvocationInterceptorChain",
				"#7":"proceed"
			},
			{
				"#4":"InvocationInterceptorChain.java",
				"#5":45,
				"#6":"org.junit.jupiter.engine.execution.InvocationInterceptorChain",
				"#7":"chainAndInvoke"
			},
			{
				"#4":"InvocationInterceptorChain.java",
				"#5":37,
				"#6":"org.junit.jupiter.engine.execution.InvocationInterceptorChain",
				"#7":"invoke"
			},
			{
				"#4":"InterceptingExecutableInvoker.java",
				"#5":93,
				"#6":"org.junit.jupiter.engine.execution.InterceptingExecutableInvoker",
				"#7":"invoke"
			},
			{
				"#4":"InterceptingExecutableInvoker.java",
				"#5":87,
				"#6":"org.junit.jupiter.engine.execution.InterceptingExecutableInvoker",
				"#7":"invoke"
			},
			{
				"#4":"TestMethodTestDescriptor.java",
				"#5":221,
				"#6":"org.junit.jupiter.engine.descriptor.TestMethodTestDescriptor",
				"#7":"lambda$invokeTestMethod$4"
			},
			{
				"#4":"ThrowableCollector.java",
				"#5":73,
				"#6":"org.junit.platform.engine.support.hierarchical.ThrowableCollector",
				"#7":"execute"
			},
			{
				"#4":"TestMethodTestDescriptor.java",
				"#5":217,
				"#6":"org.junit.jupiter.engine.descriptor.TestMethodTestDescriptor",
				"#7":"invokeTestMethod"
			},
			{
				"#4":"TestMethodTestDescriptor.java",
				"#5":159,
				"#6":"org.junit.jupiter.engine.descriptor.TestMethodTestDescriptor",
				"#7":"execute"
			},
			{
				"#4":"TestMethodTestDescriptor.java",
				"#5":70,
				"#6":"org.junit.jupiter.engine.descriptor.TestMethodTestDescriptor",
				"#7":"execute"
			},
			{
				"#4":"NodeTestTask.java",
				"#5":157,
				"#6":"org.junit.platform.engine.support.hierarchical.NodeTestTask",
				"#7":"lambda$executeRecursively$6"
			},
			{
				"#4":"ThrowableCollector.java",
				"#5":73,
				"#6":"org.junit.platform.engine.support.hierarchical.ThrowableCollector",
				"#7":"execute"
			},
			{
				"#4":"NodeTestTask.java",
				"#5":147,
				"#6":"org.junit.platform.engine.support.hierarchical.NodeTestTask",
				"#7":"lambda$executeRecursively$8"
			},
			{
				"#4":"Node.java",
				"#5":137,
				"#6":"org.junit.platform.engine.support.hierarchical.Node",
				"#7":"around"
			},
			{
				"#4":"NodeTestTask.java",
				"#5":145,
				"#6":"org.junit.platform.engine.support.hierarchical.NodeTestTask",
				"#7":"lambda$executeRecursively$9"
			},
			{
				"#4":"ThrowableCollector.java",
				"#5":73,
				"#6":"org.junit.platform.engine.support.hierarchical.ThrowableCollector",
				"#7":"execute"
			},
			{
				"#4":"NodeTestTask.java",
				"#5":144,
				"#6":"org.junit.platform.engine.support.hierarchical.NodeTestTask",
				"#7":"executeRecursively"
			},
			{
				"#4":"NodeTestTask.java",
				"#5":101,
				"#6":"org.junit.platform.engine.support.hierarchical.NodeTestTask",
				"#7":"execute"
			},
			{
				"#4":"ArrayList.java",
				"#5":1604,
				"#6":"java.util.ArrayList",
				"#7":"forEach"
			},
			{
				"#4":"SameThreadHierarchicalTestExecutorService.java",
				"#5":41,
				"#6":"org.junit.platform.engine.support.hierarchical.SameThreadHierarchicalTestExecutorService",
				"#7":"invokeAll"
			},
			{
				"#4":"NodeTestTask.java",
				"#5":161,
				"#6":"org.junit.platform.engine.support.hierarchical.NodeTestTask",
				"#7":"lambda$executeRecursively$6"
			},
			{
				"#4":"ThrowableCollector.java",
				"#5":73,
				"#6":"org.junit.platform.engine.support.hierarchical.ThrowableCollector",
				"#7":"execute"
			},
			{
				"#4":"NodeTestTask.java",
				"#5":147,
				"#6":"org.junit.platform.engine.support.hierarchical.NodeTestTask",
				"#7":"lambda$executeRecursively$8"
			},
			{
				"#4":"Node.java",
				"#5":137,
				"#6":"org.junit.platform.engine.support.hierarchical.Node",
				"#7":"around"
			},
			{
				"#4":"NodeTestTask.java",
				"#5":145,
				"#6":"org.junit.platform.engine.support.hierarchical.NodeTestTask",
				"#7":"lambda$executeRecursively$9"
			},
			{
				"#4":"ThrowableCollector.java",
				"#5":73,
				"#6":"org.junit.platform.engine.support.hierarchical.ThrowableCollector",
				"#7":"execute"
			},
			{
				"#4":"NodeTestTask.java",
				"#5":144,
				"#6":"org.junit.platform.engine.support.hierarchical.NodeTestTask",
				"#7":"executeRecursively"
			},
			{
				"#4":"NodeTestTask.java",
				"#5":101,
				"#6":"org.junit.platform.engine.support.hierarchical.NodeTestTask",
				"#7":"execute"
			},
			{
				"#4":"ArrayList.java",
				"#5":1604,
				"#6":"java.util.ArrayList",
				"#7":"forEach"
			},
			{
				"#4":"SameThreadHierarchicalTestExecutorService.java",
				"#5":41,
				"#6":"org.junit.platform.engine.support.hierarchical.SameThreadHierarchicalTestExecutorService",
				"#7":"invokeAll"
			},
			{
				"#4":"NodeTestTask.java",
				"#5":161,
				"#6":"org.junit.platform.engine.support.hierarchical.NodeTestTask",
				"#7":"lambda$executeRecursively$6"
			},
			{
				"#4":"ThrowableCollector.java",
				"#5":73,
				"#6":"org.junit.platform.engine.support.hierarchical.ThrowableCollector",
				"#7":"execute"
			},
			{
				"#4":"NodeTestTask.java",
				"#5":147,
				"#6":"org.junit.platform.engine.support.hierarchical.NodeTestTask",
				"#7":"lambda$executeRecursively$8"
			},
			{
				"#4":"Node.java",
				"#5":137,
				"#6":"org.junit.platform.engine.support.hierarchical.Node",
				"#7":"around"
			},
			{
				"#4":"NodeTestTask.java",
				"#5":145,
				"#6":"org.junit.platform.engine.support.hierarchical.NodeTestTask",
				"#7":"lambda$executeRecursively$9"
			},
			{
				"#4":"ThrowableCollector.java",
				"#5":73,
				"#6":"org.junit.platform.engine.support.hierarchical.ThrowableCollector",
				"#7":"execute"
			},
			{
				"#4":"NodeTestTask.java",
				"#5":144,
				"#6":"org.junit.platform.engine.support.hierarchical.NodeTestTask",
				"#7":"executeRecursively"
			},
			{
				"#4":"NodeTestTask.java",
				"#5":101,
				"#6":"org.junit.platform.engine.support.hierarchical.NodeTestTask",
				"#7":"execute"
			},
			{
				"#4":"SameThreadHierarchicalTestExecutorService.java",
				"#5":35,
				"#6":"org.junit.platform.engine.support.hierarchical.SameThreadHierarchicalTestExecutorService",
				"#7":"submit"
			},
			{
				"#4":"HierarchicalTestExecutor.java",
				"#5":57,
				"#6":"org.junit.platform.engine.support.hierarchical.HierarchicalTestExecutor",
				"#7":"execute"
			},
			{
				"#4":"HierarchicalTestEngine.java",
				"#5":54,
				"#6":"org.junit.platform.engine.support.hierarchical.HierarchicalTestEngine",
				"#7":"execute"
			},
			{
				"#4":"EngineExecutionOrchestrator.java",
				"#5":230,
				"#6":"org.junit.platform.launcher.core.EngineExecutionOrchestrator",
				"#7":"executeEngine"
			},
			{
				"#4":"EngineExecutionOrchestrator.java",
				"#5":204,
				"#6":"org.junit.platform.launcher.core.EngineExecutionOrchestrator",
				"#7":"failOrExecuteEngine"
			},
			{
				"#4":"EngineExecutionOrchestrator.java",
				"#5":172,
				"#6":"org.junit.platform.launcher.core.EngineExecutionOrchestrator",
				"#7":"execute"
			},
			{
				"#4":"EngineExecutionOrchestrator.java",
				"#5":101,
				"#6":"org.junit.platform.launcher.core.EngineExecutionOrchestrator",
				"#7":"execute"
			},
			{
				"#4":"EngineExecutionOrchestrator.java",
				"#5":64,
				"#6":"org.junit.platform.launcher.core.EngineExecutionOrchestrator",
				"#7":"lambda$execute$0"
			},
			{
				"#4":"EngineExecutionOrchestrator.java",
				"#5":150,
				"#6":"org.junit.platform.launcher.core.EngineExecutionOrchestrator",
				"#7":"withInterceptedStreams"
			},
			{
				"#4":"EngineExecutionOrchestrator.java",
				"#5":63,
				"#6":"org.junit.platform.launcher.core.EngineExecutionOrchestrator",
				"#7":"execute"
			},
			{
				"#4":"DefaultLauncher.java",
				"#5":109,
				"#6":"org.junit.platform.launcher.core.DefaultLauncher",
				"#7":"execute"
			},
			{
				"#4":"DefaultLauncher.java",
				"#5":91,
				"#6":"org.junit.platform.launcher.core.DefaultLauncher",
				"#7":"execute"
			},
			{
				"#4":"DelegatingLauncher.java",
				"#5":47,
				"#6":"org.junit.platform.launcher.core.DelegatingLauncher",
				"#7":"execute"
			},
			{
				"#4":"InterceptingLauncher.java",
				"#5":39,
				"#6":"org.junit.platform.launcher.core.InterceptingLauncher",
				"#7":"lambda$execute$1"
			},
			{
				"#4":"ClasspathAlignmentCheckingLauncherInterceptor.java",
				"#5":25,
				"#6":"org.junit.platform.launcher.core.ClasspathAlignmentCheckingLauncherInterceptor",
				"#7":"intercept"
			},
			{
				"#4":"InterceptingLauncher.java",
				"#5":38,
				"#6":"org.junit.platform.launcher.core.InterceptingLauncher",
				"#7":"execute"
			},
			{
				"#4":"DelegatingLauncher.java",
				"#5":47,
				"#6":"org.junit.platform.launcher.core.DelegatingLauncher",
				"#7":"execute"
			},
			{
				"#4":"LazyLauncher.java",
				"#5":56,
				"#6":"org.apache.maven.surefire.junitplatform.LazyLauncher",
				"#7":"execute"
			},
			{
				"#4":"JUnitPlatformProvider.java",
				"#5":194,
				"#6":"org.apache.maven.surefire.junitplatform.JUnitPlatformProvider",
				"#7":"execute"
			},
			{
				"#4":"JUnitPlatformProvider.java",
				"#5":150,
				"#6":"org.apache.maven.surefire.junitplatform.JUnitPlatformProvider",
				"#7":"invokeAllTests"
			},
			{
				"#4":"JUnitPlatformProvider.java",
				"#5":124,
				"#6":"org.apache.maven.surefire.junitplatform.JUnitPlatformProvider",
				"#7":"invoke"
			},
			{
				"#4":"ForkedBooter.java",
				"#5":385,
				"#6":"org.apache.maven.surefire.booter.ForkedBooter",
				"#7":"runSuitesInProcess"
			},
			{
				"#4":"ForkedBooter.java",
				"#5":162,
				"#6":"org.apache.maven.surefire.booter.ForkedBooter",
				"#7":"execute"
			},
			{
				"#4":"ForkedBooter.java",
				"#5":507,
				"#6":"org.apache.maven.surefire.booter.ForkedBooter",
				"#7":"run"
			},
			{
				"#4":"ForkedBooter.java",
				"#5":495,
				"#6":"org.apache.maven.surefire.booter.ForkedBooter",
				"#7":"main"
			}
		],
		"suppressedExceptions#8":{
			"@type":"java.util.Collections$EmptyList#9",
			"@value":[]
		}
	}
}
{
	"@type":"org.apache.dubbo.springboot.demo.ServiceException",
	"cause":{
		"@type":"org.apache.dubbo.springboot.demo.BusinessException",
		"message":"报错啦。。",
		"stackTrace":[
			{
				"fileName":"DemoServiceImpl.java",
				"lineNumber":42,
				"className":"org.apache.dubbo.springboot.demo.provider.DemoServiceImpl",
				"methodName":"sayHello"
			},
			{
				"fileName":"DemoServiceImplDubboWrap0.java",
				"lineNumber":-1,
				"className":"org.apache.dubbo.springboot.demo.provider.DemoServiceImplDubboWrap0",
				"methodName":"invokeMethod"
			},
			{
				"fileName":"JavassistProxyFactory.java",
				"lineNumber":73,
				"className":"org.apache.dubbo.rpc.proxy.javassist.JavassistProxyFactory$1",
				"methodName":"doInvoke"
			},
			{
				"fileName":"AbstractProxyInvoker.java",
				"lineNumber":100,
				"className":"org.apache.dubbo.rpc.proxy.AbstractProxyInvoker",
				"methodName":"invoke"
			},
			{
				"fileName":"DelegateProviderMetaDataInvoker.java",
				"lineNumber":55,
				"className":"org.apache.dubbo.config.invoker.DelegateProviderMetaDataInvoker",
				"methodName":"invoke"
			},
			{
				"fileName":"InvokerWrapper.java",
				"lineNumber":56,
				"className":"org.apache.dubbo.rpc.protocol.InvokerWrapper",
				"methodName":"invoke"
			},
			{
				"fileName":"ClassLoaderCallbackFilter.java",
				"lineNumber":38,
				"className":"org.apache.dubbo.rpc.filter.ClassLoaderCallbackFilter",
				"methodName":"invoke"
			},
			{
				"fileName":"FilterChainBuilder.java",
				"lineNumber":327,
				"className":"org.apache.dubbo.rpc.cluster.filter.FilterChainBuilder$CopyOfFilterChainNode",
				"methodName":"invoke"
			},
			{
				"fileName":"TraceFilter.java",
				"lineNumber":79,
				"className":"org.apache.dubbo.rpc.protocol.dubbo.filter.TraceFilter",
				"methodName":"invoke"
			},
			{
				"fileName":"FilterChainBuilder.java",
				"lineNumber":327,
				"className":"org.apache.dubbo.rpc.cluster.filter.FilterChainBuilder$CopyOfFilterChainNode",
				"methodName":"invoke"
			},
			{
				"fileName":"TimeoutFilter.java",
				"lineNumber":44,
				"className":"org.apache.dubbo.rpc.filter.TimeoutFilter",
				"methodName":"invoke"
			},
			{
				"fileName":"FilterChainBuilder.java",
				"lineNumber":327,
				"className":"org.apache.dubbo.rpc.cluster.filter.FilterChainBuilder$CopyOfFilterChainNode",
				"methodName":"invoke"
			},
			{
				"fileName":"MonitorFilter.java",
				"lineNumber":100,
				"className":"org.apache.dubbo.monitor.support.MonitorFilter",
				"methodName":"invoke"
			},
			{
				"fileName":"FilterChainBuilder.java",
				"lineNumber":327,
				"className":"org.apache.dubbo.rpc.cluster.filter.FilterChainBuilder$CopyOfFilterChainNode",
				"methodName":"invoke"
			},
			{
				"fileName":"ExceptionFilter.java",
				"lineNumber":54,
				"className":"org.apache.dubbo.rpc.filter.ExceptionFilter",
				"methodName":"invoke"
			},
			{
				"fileName":"FilterChainBuilder.java",
				"lineNumber":327,
				"className":"org.apache.dubbo.rpc.cluster.filter.FilterChainBuilder$CopyOfFilterChainNode",
				"methodName":"invoke"
			},
			{
				"fileName":"DubboExceptionFilter.java",
				"lineNumber":32,
				"className":"org.apache.dubbo.springboot.demo.provider.DubboExceptionFilter",
				"methodName":"invoke"
			},
			{
				"fileName":"FilterChainBuilder.java",
				"lineNumber":327,
				"className":"org.apache.dubbo.rpc.cluster.filter.FilterChainBuilder$CopyOfFilterChainNode",
				"methodName":"invoke"
			},
			{
				"fileName":"GenericFilter.java",
				"lineNumber":192,
				"className":"org.apache.dubbo.rpc.filter.GenericFilter",
				"methodName":"invoke"
			},
			{
				"fileName":"FilterChainBuilder.java",
				"lineNumber":327,
				"className":"org.apache.dubbo.rpc.cluster.filter.FilterChainBuilder$CopyOfFilterChainNode",
				"methodName":"invoke"
			},
			{
				"fileName":"ClassLoaderFilter.java",
				"lineNumber":54,
				"className":"org.apache.dubbo.rpc.filter.ClassLoaderFilter",
				"methodName":"invoke"
			},
			{
				"fileName":"FilterChainBuilder.java",
				"lineNumber":327,
				"className":"org.apache.dubbo.rpc.cluster.filter.FilterChainBuilder$CopyOfFilterChainNode",
				"methodName":"invoke"
			},
			{
				"fileName":"EchoFilter.java",
				"lineNumber":41,
				"className":"org.apache.dubbo.rpc.filter.EchoFilter",
				"methodName":"invoke"
			},
			{
				"fileName":"FilterChainBuilder.java",
				"lineNumber":327,
				"className":"org.apache.dubbo.rpc.cluster.filter.FilterChainBuilder$CopyOfFilterChainNode",
				"methodName":"invoke"
			},
			{
				"fileName":"ProfilerServerFilter.java",
				"lineNumber":58,
				"className":"org.apache.dubbo.rpc.filter.ProfilerServerFilter",
				"methodName":"invoke"
			},
			{
				"fileName":"FilterChainBuilder.java",
				"lineNumber":327,
				"className":"org.apache.dubbo.rpc.cluster.filter.FilterChainBuilder$CopyOfFilterChainNode",
				"methodName":"invoke"
			},
			{
				"fileName":"ContextFilter.java",
				"lineNumber":133,
				"className":"org.apache.dubbo.rpc.filter.ContextFilter",
				"methodName":"invoke"
			},
			{
				"fileName":"FilterChainBuilder.java",
				"lineNumber":327,
				"className":"org.apache.dubbo.rpc.cluster.filter.FilterChainBuilder$CopyOfFilterChainNode",
				"methodName":"invoke"
			},
			{
				"fileName":"FilterChainBuilder.java",
				"lineNumber":194,
				"className":"org.apache.dubbo.rpc.cluster.filter.FilterChainBuilder$CallbackRegistrationInvoker",
				"methodName":"invoke"
			},
			{
				"fileName":"DubboProtocol.java",
				"lineNumber":156,
				"className":"org.apache.dubbo.rpc.protocol.dubbo.DubboProtocol$1",
				"methodName":"reply"
			},
			{
				"fileName":"HeaderExchangeHandler.java",
				"lineNumber":102,
				"className":"org.apache.dubbo.remoting.exchange.support.header.HeaderExchangeHandler",
				"methodName":"handleRequest"
			},
			{
				"fileName":"HeaderExchangeHandler.java",
				"lineNumber":177,
				"className":"org.apache.dubbo.remoting.exchange.support.header.HeaderExchangeHandler",
				"methodName":"received"
			},
			{
				"fileName":"DecodeHandler.java",
				"lineNumber":53,
				"className":"org.apache.dubbo.remoting.transport.DecodeHandler",
				"methodName":"received"
			},
			{
				"fileName":"ChannelEventRunnable.java",
				"lineNumber":62,
				"className":"org.apache.dubbo.remoting.transport.dispatcher.ChannelEventRunnable",
				"methodName":"run"
			},
			{
				"fileName":"ThreadPoolExecutor.java",
				"lineNumber":1149,
				"className":"java.util.concurrent.ThreadPoolExecutor",
				"methodName":"runWorker"
			},
			{
				"fileName":"ThreadPoolExecutor.java",
				"lineNumber":624,
				"className":"java.util.concurrent.ThreadPoolExecutor$Worker",
				"methodName":"run"
			},
			{
				"fileName":"InternalRunnable.java",
				"lineNumber":41,
				"className":"org.apache.dubbo.common.threadlocal.InternalRunnable",
				"methodName":"run"
			},
			{
				"fileName":"Thread.java",
				"lineNumber":748,
				"className":"java.lang.Thread",
				"methodName":"run"
			}
		],
		"suppressedExceptions":{
			"@type":"java.util.Collections$UnmodifiableRandomAccessList",
			"@value":[]
		}
	},
	"detailMessage":"org.apache.dubbo.springboot.demo.BusinessException: 报错啦。。",
	"stackTrace":[
		{
			"fileName":"DubboExceptionFilter.java",
			"lineNumber":41,
			"className":"org.apache.dubbo.springboot.demo.provider.DubboExceptionFilter",
			"methodName":"onResponse"
		},
		{
			"fileName":"FilterChainBuilder.java",
			"lineNumber":218,
			"className":"org.apache.dubbo.rpc.cluster.filter.FilterChainBuilder$CallbackRegistrationInvoker",
			"methodName":"lambda$invoke$1"
		},
		{
			"fileName":"AsyncRpcResult.java",
			"lineNumber":216,
			"className":"org.apache.dubbo.rpc.AsyncRpcResult",
			"methodName":"lambda$whenCompleteWithContext$0"
		},
		{
			"fileName":"CompletableFuture.java",
			"lineNumber":774,
			"className":"java.util.concurrent.CompletableFuture",
			"methodName":"uniWhenComplete"
		},
		{
			"fileName":"CompletableFuture.java",
			"lineNumber":792,
			"className":"java.util.concurrent.CompletableFuture",
			"methodName":"uniWhenCompleteStage"
		},
		{
			"fileName":"CompletableFuture.java",
			"lineNumber":2153,
			"className":"java.util.concurrent.CompletableFuture",
			"methodName":"whenComplete"
		},
		{
			"fileName":"AsyncRpcResult.java",
			"lineNumber":212,
			"className":"org.apache.dubbo.rpc.AsyncRpcResult",
			"methodName":"whenCompleteWithContext"
		},
		{
			"fileName":"FilterChainBuilder.java",
			"lineNumber":195,
			"className":"org.apache.dubbo.rpc.cluster.filter.FilterChainBuilder$CallbackRegistrationInvoker",
			"methodName":"invoke"
		},
		{
			"fileName":"DubboProtocol.java",
			"lineNumber":156,
			"className":"org.apache.dubbo.rpc.protocol.dubbo.DubboProtocol$1",
			"methodName":"reply"
		},
		{
			"fileName":"HeaderExchangeHandler.java",
			"lineNumber":102,
			"className":"org.apache.dubbo.remoting.exchange.support.header.HeaderExchangeHandler",
			"methodName":"handleRequest"
		},
		{
			"fileName":"HeaderExchangeHandler.java",
			"lineNumber":177,
			"className":"org.apache.dubbo.remoting.exchange.support.header.HeaderExchangeHandler",
			"methodName":"received"
		},
		{
			"fileName":"DecodeHandler.java",
			"lineNumber":53,
			"className":"org.apache.dubbo.remoting.transport.DecodeHandler",
			"methodName":"received"
		},
		{
			"fileName":"ChannelEventRunnable.java",
			"lineNumber":62,
			"className":"org.apache.dubbo.remoting.transport.dispatcher.ChannelEventRunnable",
			"methodName":"run"
		},
		{
			"fileName":"ThreadPoolExecutor.java",
			"lineNumber":1149,
			"className":"java.util.concurrent.ThreadPoolExecutor",
			"methodName":"runWorker"
		},
		{
			"fileName":"ThreadPoolExecutor.java",
			"lineNumber":624,
			"className":"java.util.concurrent.ThreadPoolExecutor$Worker",
			"methodName":"run"
		},
		{
			"fileName":"InternalRunnable.java",
			"lineNumber":41,
			"className":"org.apache.dubbo.common.threadlocal.InternalRunnable",
			"methodName":"run"
		},
		{
			"fileName":"Thread.java",
			"lineNumber":748,
			"className":"java.lang.Thread",
			"methodName":"run"
		}
	],
	"suppressedExceptions":{"$ref":"$.cause.suppressedExceptions"}
}
{
	"innerObject":{
		"innerB":234,
		"innerA":"v1",
		"class":"org.apache.dubbo.service.ComplexObject$InnerObject"
	}
}
{
	"@type":"com.alibaba.fastjson2.dubbo.DubboTest0$Pojo#0",
	"@value":{
		"parentClass#1":{
			"@type":"com.alibaba.fastjson2.dubbo.DubboTest0$ChildClass#2",
			"@value":{
				"param#3":"param"
			}
		}
	}
}
{
	"type":"java.lang.String"
}
{
	"bool":false,
	"card":{
		"id":"",
		"level":"C1",
		"levelValue":0,
		"years":0
	},
	"cardOrBuilder":{
		"id":"",
		"level":"C1",
		"levelValue":0,
		"years":0
	},
	"cardsCount":0,
	"cardsList":[
		
	],
	"cardsOrBuilderList":[
		
	],
	"cardsmap":{},
	"cardsmapCount":0,
	"cardsmapMap":{},
	"double":0.0,
	"fixed32":0,
	"fixed64":0,
	"float":0.0,
	"int32":0,
	"int64":0,
	"sfixed32":0,
	"sfixed64":0,
	"sint32":0,
	"sint64":0,
	"string":"some string from client",
	"uint32":0,
	"uint64":0
}
{
	"@type":"org.apache.dubbo.rpc.service.GenericException#0",
	"@value":{
		"exceptionClass#1":"",
		"exceptionMessage#2":"",
		"genericExceptionInfo#3":{
			"exClass#4":"",
			"exMsg#5":"",
			"msg#6":"",
			"stackTrace#7":[
				{
					"fileName#8":"FastJson2ObjectInput.java",
					"lineNumber#9":110,
					"className#10":"org.apache.dubbo.common.serialize.fastjson2.FastJson2ObjectInput",
					"methodName#11":"readObject"
				},
				{
					"#8":"FastJson2ObjectInput.java",
					"#9":98,
					"#10":"org.apache.dubbo.common.serialize.fastjson2.FastJson2ObjectInput",
					"#11":"readObject"
				},
				{
					"#8":"ObjectInput.java",
					"#9":74,
					"#10":"org.apache.dubbo.common.serialize.ObjectInput",
					"#11":"readThrowable"
				},
				{
					"#8":"DecodeableRpcResult.java",
					"#9":171,
					"#10":"org.apache.dubbo.rpc.protocol.dubbo.DecodeableRpcResult",
					"#11":"handleException"
				},
				{
					"#8":"DecodeableRpcResult.java",
					"#9":110,
					"#10":"org.apache.dubbo.rpc.protocol.dubbo.DecodeableRpcResult",
					"#11":"decode"
				},
				{
					"#8":"DecodeableRpcResult.java",
					"#9":138,
					"#10":"org.apache.dubbo.rpc.protocol.dubbo.DecodeableRpcResult",
					"#11":"decode"
				},
				{
					"#8":"DecodeHandler.java",
					"#9":62,
					"#10":"org.apache.dubbo.remoting.transport.DecodeHandler",
					"#11":"decode"
				},
				{
					"#8":"DecodeHandler.java",
					"#9":50,
					"#10":"org.apache.dubbo.remoting.transport.DecodeHandler",
					"#11":"received"
				},
				{
					"#8":"ChannelEventRunnable.java",
					"#9":61,
					"#10":"org.apache.dubbo.remoting.transport.dispatcher.ChannelEventRunnable",
					"#11":"run"
				},
				{
					"#8":"ThreadlessExecutor.java",
					"#9":184,
					"#10":"org.apache.dubbo.common.threadpool.ThreadlessExecutor$RunnableWrapper",
					"#11":"run"
				},
				{
					"#8":"ThreadlessExecutor.java",
					"#9":103,
					"#10":"org.apache.dubbo.common.threadpool.ThreadlessExecutor",
					"#11":"waitAndDrain"
				},
				{
					"#8":"AsyncRpcResult.java",
					"#9":194,
					"#10":"org.apache.dubbo.rpc.AsyncRpcResult",
					"#11":"get"
				},
				{
					"#8":"AbstractInvoker.java",
					"#9":277,
					"#10":"org.apache.dubbo.rpc.protocol.AbstractInvoker",
					"#11":"waitForResultIfSync"
				},
				{
					"#8":"AbstractInvoker.java",
					"#9":181,
					"#10":"org.apache.dubbo.rpc.protocol.AbstractInvoker",
					"#11":"invoke"
				},
				{
					"#8":"ListenerInvokerWrapper.java",
					"#9":70,
					"#10":"org.apache.dubbo.rpc.listener.ListenerInvokerWrapper",
					"#11":"invoke"
				},
				{
					"#8":"GenericImplFilter.java",
					"#9":102,
					"#10":"org.apache.dubbo.rpc.filter.GenericImplFilter",
					"#11":"invoke"
				},
				{
					"#8":"FilterChainBuilder.java",
					"#9":327,
					"#10":"org.apache.dubbo.rpc.cluster.filter.FilterChainBuilder$CopyOfFilterChainNode",
					"#11":"invoke"
				},
				{
					"#8":"CacheFilter.java",
					"#9":95,
					"#10":"org.apache.dubbo.cache.filter.CacheFilter",
					"#11":"invoke"
				},
				{
					"#8":"FilterChainBuilder.java",
					"#9":327,
					"#10":"org.apache.dubbo.rpc.cluster.filter.FilterChainBuilder$CopyOfFilterChainNode",
					"#11":"invoke"
				},
				{
					"#8":"FilterChainBuilder.java",
					"#9":194,
					"#10":"org.apache.dubbo.rpc.cluster.filter.FilterChainBuilder$CallbackRegistrationInvoker",
					"#11":"invoke"
				},
				{
					"#8":"AbstractClusterInvoker.java",
					"#9":379,
					"#10":"org.apache.dubbo.rpc.cluster.support.AbstractClusterInvoker",
					"#11":"invokeWithContext"
				},
				{
					"#8":"FailoverClusterInvoker.java",
					"#9":81,
					"#10":"org.apache.dubbo.rpc.cluster.support.FailoverClusterInvoker",
					"#11":"doInvoke"
				},
				{
					"#8":"AbstractClusterInvoker.java",
					"#9":341,
					"#10":"org.apache.dubbo.rpc.cluster.support.AbstractClusterInvoker",
					"#11":"invoke"
				},
				{
					"#8":"RouterSnapshotFilter.java",
					"#9":46,
					"#10":"org.apache.dubbo.rpc.cluster.router.RouterSnapshotFilter",
					"#11":"invoke"
				},
				{
					"#8":"FilterChainBuilder.java",
					"#9":327,
					"#10":"org.apache.dubbo.rpc.cluster.filter.FilterChainBuilder$CopyOfFilterChainNode",
					"#11":"invoke"
				},
				{
					"#8":"MonitorFilter.java",
					"#9":100,
					"#10":"org.apache.dubbo.monitor.support.MonitorFilter",
					"#11":"invoke"
				},
				{
					"#8":"FilterChainBuilder.java",
					"#9":327,
					"#10":"org.apache.dubbo.rpc.cluster.filter.FilterChainBuilder$CopyOfFilterChainNode",
					"#11":"invoke"
				},
				{
					"#8":"FutureFilter.java",
					"#9":52,
					"#10":"org.apache.dubbo.rpc.protocol.dubbo.filter.FutureFilter",
					"#11":"invoke"
				},
				{
					"#8":"FilterChainBuilder.java",
					"#9":327,
					"#10":"org.apache.dubbo.rpc.cluster.filter.FilterChainBuilder$CopyOfFilterChainNode",
					"#11":"invoke"
				},
				{
					"#8":"ConsumerContextFilter.java",
					"#9":108,
					"#10":"org.apache.dubbo.rpc.cluster.filter.support.ConsumerContextFilter",
					"#11":"invoke"
				},
				{
					"#8":"FilterChainBuilder.java",
					"#9":327,
					"#10":"org.apache.dubbo.rpc.cluster.filter.FilterChainBuilder$CopyOfFilterChainNode",
					"#11":"invoke"
				},
				{
					"#8":"FilterChainBuilder.java",
					"#9":194,
					"#10":"org.apache.dubbo.rpc.cluster.filter.FilterChainBuilder$CallbackRegistrationInvoker",
					"#11":"invoke"
				},
				{
					"#8":"AbstractCluster.java",
					"#9":92,
					"#10":"org.apache.dubbo.rpc.cluster.support.wrapper.AbstractCluster$ClusterFilterInvoker",
					"#11":"invoke"
				},
				{
					"#8":"MockClusterInvoker.java",
					"#9":103,
					"#10":"org.apache.dubbo.rpc.cluster.support.wrapper.MockClusterInvoker",
					"#11":"invoke"
				},
				{
					"#8":"MigrationInvoker.java",
					"#9":282,
					"#10":"org.apache.dubbo.registry.client.migration.MigrationInvoker",
					"#11":"invoke"
				},
				{
					"#8":"InvocationUtil.java",
					"#9":56,
					"#10":"org.apache.dubbo.rpc.proxy.InvocationUtil",
					"#11":"invoke"
				},
				{
					"#8":"InvokerInvocationHandler.java",
					"#9":75,
					"#10":"org.apache.dubbo.rpc.proxy.InvokerInvocationHandler",
					"#11":"invoke"
				},
				{
					"#8":"HelloServiceDubboProxy0.java",
					"#9":-1,
					"#10":"org.apache.dubbo.samples.generic.call.api.HelloServiceDubboProxy0",
					"#11":"notImplementedHello"
				},
				{
					"#8":"NativeMethodAccessorImpl.java",
					"#9":-2,
					"#10":"sun.reflect.NativeMethodAccessorImpl",
					"#11":"invoke0"
				},
				{
					"#8":"NativeMethodAccessorImpl.java",
					"#9":62,
					"#10":"sun.reflect.NativeMethodAccessorImpl",
					"#11":"invoke"
				},
				{
					"#8":"DelegatingMethodAccessorImpl.java",
					"#9":43,
					"#10":"sun.reflect.DelegatingMethodAccessorImpl",
					"#11":"invoke"
				},
				{
					"#8":"Method.java",
					"#9":498,
					"#10":"java.lang.reflect.Method",
					"#11":"invoke"
				},
				{
					"#8":"AopUtils.java",
					"#9":333,
					"#10":"org.springframework.aop.support.AopUtils",
					"#11":"invokeJoinpointUsingReflection"
				},
				{
					"#8":"JdkDynamicAopProxy.java",
					"#9":207,
					"#10":"org.springframework.aop.framework.JdkDynamicAopProxy",
					"#11":"invoke"
				},
				{
					"#8":null,
					"#9":-1,
					"#10":"com.sun.proxy.$Proxy23",
					"#11":"notImplementedHello"
				},
				{
					"#8":"HelloServiceIT.java",
					"#9":49,
					"#10":"org.apache.dubbo.samples.generic.call.HelloServiceIT",
					"#11":"testNotImplementedHello"
				},
				{
					"#8":"NativeMethodAccessorImpl.java",
					"#9":-2,
					"#10":"sun.reflect.NativeMethodAccessorImpl",
					"#11":"invoke0"
				},
				{
					"#8":"NativeMethodAccessorImpl.java",
					"#9":62,
					"#10":"sun.reflect.NativeMethodAccessorImpl",
					"#11":"invoke"
				},
				{
					"#8":"DelegatingMethodAccessorImpl.java",
					"#9":43,
					"#10":"sun.reflect.DelegatingMethodAccessorImpl",
					"#11":"invoke"
				},
				{
					"#8":"Method.java",
					"#9":498,
					"#10":"java.lang.reflect.Method",
					"#11":"invoke"
				},
				{
					"#8":"FrameworkMethod.java",
					"#9":50,
					"#10":"org.junit.runners.model.FrameworkMethod$1",
					"#11":"runReflectiveCall"
				},
				{
					"#8":"ReflectiveCallable.java",
					"#9":12,
					"#10":"org.junit.internal.runners.model.ReflectiveCallable",
					"#11":"run"
				},
				{
					"#8":"FrameworkMethod.java",
					"#9":47,
					"#10":"org.junit.runners.model.FrameworkMethod",
					"#11":"invokeExplosively"
				},
				{
					"#8":"InvokeMethod.java",
					"#9":17,
					"#10":"org.junit.internal.runners.statements.InvokeMethod",
					"#11":"evaluate"
				},
				{
					"#8":"RunBeforeTestMethodCallbacks.java",
					"#9":75,
					"#10":"org.springframework.test.context.junit4.statements.RunBeforeTestMethodCallbacks",
					"#11":"evaluate"
				},
				{
					"#8":"RunAfterTestMethodCallbacks.java",
					"#9":86,
					"#10":"org.springframework.test.context.junit4.statements.RunAfterTestMethodCallbacks",
					"#11":"evaluate"
				},
				{
					"#8":"SpringRepeat.java",
					"#9":84,
					"#10":"org.springframework.test.context.junit4.statements.SpringRepeat",
					"#11":"evaluate"
				},
				{
					"#8":"ParentRunner.java",
					"#9":325,
					"#10":"org.junit.runners.ParentRunner",
					"#11":"runLeaf"
				},
				{
					"#8":"SpringJUnit4ClassRunner.java",
					"#9":252,
					"#10":"org.springframework.test.context.junit4.SpringJUnit4ClassRunner",
					"#11":"runChild"
				},
				{
					"#8":"SpringJUnit4ClassRunner.java",
					"#9":94,
					"#10":"org.springframework.test.context.junit4.SpringJUnit4ClassRunner",
					"#11":"runChild"
				},
				{
					"#8":"ParentRunner.java",
					"#9":290,
					"#10":"org.junit.runners.ParentRunner$3",
					"#11":"run"
				},
				{
					"#8":"ParentRunner.java",
					"#9":71,
					"#10":"org.junit.runners.ParentRunner$1",
					"#11":"schedule"
				},
				{
					"#8":"ParentRunner.java",
					"#9":288,
					"#10":"org.junit.runners.ParentRunner",
					"#11":"runChildren"
				},
				{
					"#8":"ParentRunner.java",
					"#9":58,
					"#10":"org.junit.runners.ParentRunner",
					"#11":"access$000"
				},
				{
					"#8":"ParentRunner.java",
					"#9":268,
					"#10":"org.junit.runners.ParentRunner$2",
					"#11":"evaluate"
				},
				{
					"#8":"RunBeforeTestClassCallbacks.java",
					"#9":61,
					"#10":"org.springframework.test.context.junit4.statements.RunBeforeTestClassCallbacks",
					"#11":"evaluate"
				},
				{
					"#8":"RunAfterTestClassCallbacks.java",
					"#9":70,
					"#10":"org.springframework.test.context.junit4.statements.RunAfterTestClassCallbacks",
					"#11":"evaluate"
				},
				{
					"#8":"ParentRunner.java",
					"#9":363,
					"#10":"org.junit.runners.ParentRunner",
					"#11":"run"
				},
				{
					"#8":"SpringJUnit4ClassRunner.java",
					"#9":191,
					"#10":"org.springframework.test.context.junit4.SpringJUnit4ClassRunner",
					"#11":"run"
				},
				{
					"#8":"JUnit4Provider.java",
					"#9":365,
					"#10":"org.apache.maven.surefire.junit4.JUnit4Provider",
					"#11":"execute"
				},
				{
					"#8":"JUnit4Provider.java",
					"#9":273,
					"#10":"org.apache.maven.surefire.junit4.JUnit4Provider",
					"#11":"executeWithRerun"
				},
				{
					"#8":"JUnit4Provider.java",
					"#9":238,
					"#10":"org.apache.maven.surefire.junit4.JUnit4Provider",
					"#11":"executeTestSet"
				},
				{
					"#8":"JUnit4Provider.java",
					"#9":159,
					"#10":"org.apache.maven.surefire.junit4.JUnit4Provider",
					"#11":"invoke"
				},
				{
					"#8":"NativeMethodAccessorImpl.java",
					"#9":-2,
					"#10":"sun.reflect.NativeMethodAccessorImpl",
					"#11":"invoke0"
				},
				{
					"#8":"NativeMethodAccessorImpl.java",
					"#9":62,
					"#10":"sun.reflect.NativeMethodAccessorImpl",
					"#11":"invoke"
				},
				{
					"#8":"DelegatingMethodAccessorImpl.java",
					"#9":43,
					"#10":"sun.reflect.DelegatingMethodAccessorImpl",
					"#11":"invoke"
				},
				{
					"#8":"Method.java",
					"#9":498,
					"#10":"java.lang.reflect.Method",
					"#11":"invoke"
				},
				{
					"#8":"ReflectionUtils.java",
					"#9":206,
					"#10":"org.apache.maven.surefire.util.ReflectionUtils",
					"#11":"invokeMethodWithArray2"
				},
				{
					"#8":"ProviderFactory.java",
					"#9":161,
					"#10":"org.apache.maven.surefire.booter.ProviderFactory$ProviderProxy",
					"#11":"invoke"
				},
				{
					"#8":"ProviderFactory.java",
					"#9":84,
					"#10":"org.apache.maven.surefire.booter.ProviderFactory",
					"#11":"invokeProvider"
				},
				{
					"#8":"ClassloaderSurefireStarter.java",
					"#9":78,
					"#10":"org.apache.dubbo.test.runner.ClassloaderSurefireStarter",
					"#11":"runSuitesInProcess"
				},
				{
					"#8":"TestRunnerMain.java",
					"#9":185,
					"#10":"org.apache.dubbo.test.runner.TestRunnerMain",
					"#11":"main"
				}
			]
		},
		"message#12":"{\"exClass\":\"\",\"exMsg\":\"\",\"msg\":\"\"}",
		"#7":[
			{
				"#8":"FastJson2ObjectInput.java",
				"#9":110,
				"#10":"org.apache.dubbo.common.serialize.fastjson2.FastJson2ObjectInput",
				"#11":"readObject"
			},
			{
				"#8":"FastJson2ObjectInput.java",
				"#9":98,
				"#10":"org.apache.dubbo.common.serialize.fastjson2.FastJson2ObjectInput",
				"#11":"readObject"
			},
			{
				"#8":"ObjectInput.java",
				"#9":74,
				"#10":"org.apache.dubbo.common.serialize.ObjectInput",
				"#11":"readThrowable"
			},
			{
				"#8":"DecodeableRpcResult.java",
				"#9":171,
				"#10":"org.apache.dubbo.rpc.protocol.dubbo.DecodeableRpcResult",
				"#11":"handleException"
			},
			{
				"#8":"DecodeableRpcResult.java",
				"#9":110,
				"#10":"org.apache.dubbo.rpc.protocol.dubbo.DecodeableRpcResult",
				"#11":"decode"
			},
			{
				"#8":"DecodeableRpcResult.java",
				"#9":138,
				"#10":"org.apache.dubbo.rpc.protocol.dubbo.DecodeableRpcResult",
				"#11":"decode"
			},
			{
				"#8":"DecodeHandler.java",
				"#9":62,
				"#10":"org.apache.dubbo.remoting.transport.DecodeHandler",
				"#11":"decode"
			},
			{
				"#8":"DecodeHandler.java",
				"#9":50,
				"#10":"org.apache.dubbo.remoting.transport.DecodeHandler",
				"#11":"received"
			},
			{
				"#8":"ChannelEventRunnable.java",
				"#9":61,
				"#10":"org.apache.dubbo.remoting.transport.dispatcher.ChannelEventRunnable",
				"#11":"run"
			},
			{
				"#8":"ThreadlessExecutor.java",
				"#9":184,
				"#10":"org.apache.dubbo.common.threadpool.ThreadlessExecutor$RunnableWrapper",
				"#11":"run"
			},
			{
				"#8":"ThreadlessExecutor.java",
				"#9":103,
				"#10":"org.apache.dubbo.common.threadpool.ThreadlessExecutor",
				"#11":"waitAndDrain"
			},
			{
				"#8":"AsyncRpcResult.java",
				"#9":194,
				"#10":"org.apache.dubbo.rpc.AsyncRpcResult",
				"#11":"get"
			},
			{
				"#8":"AbstractInvoker.java",
				"#9":277,
				"#10":"org.apache.dubbo.rpc.protocol.AbstractInvoker",
				"#11":"waitForResultIfSync"
			},
			{
				"#8":"AbstractInvoker.java",
				"#9":181,
				"#10":"org.apache.dubbo.rpc.protocol.AbstractInvoker",
				"#11":"invoke"
			},
			{
				"#8":"ListenerInvokerWrapper.java",
				"#9":70,
				"#10":"org.apache.dubbo.rpc.listener.ListenerInvokerWrapper",
				"#11":"invoke"
			},
			{
				"#8":"GenericImplFilter.java",
				"#9":102,
				"#10":"org.apache.dubbo.rpc.filter.GenericImplFilter",
				"#11":"invoke"
			},
			{
				"#8":"FilterChainBuilder.java",
				"#9":327,
				"#10":"org.apache.dubbo.rpc.cluster.filter.FilterChainBuilder$CopyOfFilterChainNode",
				"#11":"invoke"
			},
			{
				"#8":"CacheFilter.java",
				"#9":95,
				"#10":"org.apache.dubbo.cache.filter.CacheFilter",
				"#11":"invoke"
			},
			{
				"#8":"FilterChainBuilder.java",
				"#9":327,
				"#10":"org.apache.dubbo.rpc.cluster.filter.FilterChainBuilder$CopyOfFilterChainNode",
				"#11":"invoke"
			},
			{
				"#8":"FilterChainBuilder.java",
				"#9":194,
				"#10":"org.apache.dubbo.rpc.cluster.filter.FilterChainBuilder$CallbackRegistrationInvoker",
				"#11":"invoke"
			},
			{
				"#8":"AbstractClusterInvoker.java",
				"#9":379,
				"#10":"org.apache.dubbo.rpc.cluster.support.AbstractClusterInvoker",
				"#11":"invokeWithContext"
			},
			{
				"#8":"FailoverClusterInvoker.java",
				"#9":81,
				"#10":"org.apache.dubbo.rpc.cluster.support.FailoverClusterInvoker",
				"#11":"doInvoke"
			},
			{
				"#8":"AbstractClusterInvoker.java",
				"#9":341,
				"#10":"org.apache.dubbo.rpc.cluster.support.AbstractClusterInvoker",
				"#11":"invoke"
			},
			{
				"#8":"RouterSnapshotFilter.java",
				"#9":46,
				"#10":"org.apache.dubbo.rpc.cluster.router.RouterSnapshotFilter",
				"#11":"invoke"
			},
			{
				"#8":"FilterChainBuilder.java",
				"#9":327,
				"#10":"org.apache.dubbo.rpc.cluster.filter.FilterChainBuilder$CopyOfFilterChainNode",
				"#11":"invoke"
			},
			{
				"#8":"MonitorFilter.java",
				"#9":100,
				"#10":"org.apache.dubbo.monitor.support.MonitorFilter",
				"#11":"invoke"
			},
			{
				"#8":"FilterChainBuilder.java",
				"#9":327,
				"#10":"org.apache.dubbo.rpc.cluster.filter.FilterChainBuilder$CopyOfFilterChainNode",
				"#11":"invoke"
			},
			{
				"#8":"FutureFilter.java",
				"#9":52,
				"#10":"org.apache.dubbo.rpc.protocol.dubbo.filter.FutureFilter",
				"#11":"invoke"
			},
			{
				"#8":"FilterChainBuilder.java",
				"#9":327,
				"#10":"org.apache.dubbo.rpc.cluster.filter.FilterChainBuilder$CopyOfFilterChainNode",
				"#11":"invoke"
			},
			{
				"#8":"ConsumerContextFilter.java",
				"#9":108,
				"#10":"org.apache.dubbo.rpc.cluster.filter.support.ConsumerContextFilter",
				"#11":"invoke"
			},
			{
				"#8":"FilterChainBuilder.java",
				"#9":327,
				"#10":"org.apache.dubbo.rpc.cluster.filter.FilterChainBuilder$CopyOfFilterChainNode",
				"#11":"invoke"
			},
			{
				"#8":"FilterChainBuilder.java",
				"#9":194,
				"#10":"org.apache.dubbo.rpc.cluster.filter.FilterChainBuilder$CallbackRegistrationInvoker",
				"#11":"invoke"
			},
			{
				"#8":"AbstractCluster.java",
				"#9":92,
				"#10":"org.apache.dubbo.rpc.cluster.support.wrapper.AbstractCluster$ClusterFilterInvoker",
				"#11":"invoke"
			},
			{
				"#8":"MockClusterInvoker.java",
				"#9":103,
				"#10":"org.apache.dubbo.rpc.cluster.support.wrapper.MockClusterInvoker",
				"#11":"invoke"
			},
			{
				"#8":"MigrationInvoker.java",
				"#9":282,
				"#10":"org.apache.dubbo.registry.client.migration.MigrationInvoker",
				"#11":"invoke"
			},
			{
				"#8":"InvocationUtil.java",
				"#9":56,
				"#10":"org.apache.dubbo.rpc.proxy.InvocationUtil",
				"#11":"invoke"
			},
			{
				"#8":"InvokerInvocationHandler.java",
				"#9":75,
				"#10":"org.apache.dubbo.rpc.proxy.InvokerInvocationHandler",
				"#11":"invoke"
			},
			{
				"#8":"HelloServiceDubboProxy0.java",
				"#9":-1,
				"#10":"org.apache.dubbo.samples.generic.call.api.HelloServiceDubboProxy0",
				"#11":"notImplementedHello"
			},
			{
				"#8":"NativeMethodAccessorImpl.java",
				"#9":-2,
				"#10":"sun.reflect.NativeMethodAccessorImpl",
				"#11":"invoke0"
			},
			{
				"#8":"NativeMethodAccessorImpl.java",
				"#9":62,
				"#10":"sun.reflect.NativeMethodAccessorImpl",
				"#11":"invoke"
			},
			{
				"#8":"DelegatingMethodAccessorImpl.java",
				"#9":43,
				"#10":"sun.reflect.DelegatingMethodAccessorImpl",
				"#11":"invoke"
			},
			{
				"#8":"Method.java",
				"#9":498,
				"#10":"java.lang.reflect.Method",
				"#11":"invoke"
			},
			{
				"#8":"AopUtils.java",
				"#9":333,
				"#10":"org.springframework.aop.support.AopUtils",
				"#11":"invokeJoinpointUsingReflection"
			},
			{
				"#8":"JdkDynamicAopProxy.java",
				"#9":207,
				"#10":"org.springframework.aop.framework.JdkDynamicAopProxy",
				"#11":"invoke"
			},
			{
				"#8":null,
				"#9":-1,
				"#10":"com.sun.proxy.$Proxy23",
				"#11":"notImplementedHello"
			},
			{
				"#8":"HelloServiceIT.java",
				"#9":49,
				"#10":"org.apache.dubbo.samples.generic.call.HelloServiceIT",
				"#11":"testNotImplementedHello"
			},
			{
				"#8":"NativeMethodAccessorImpl.java",
				"#9":-2,
				"#10":"sun.reflect.NativeMethodAccessorImpl",
				"#11":"invoke0"
			},
			{
				"#8":"NativeMethodAccessorImpl.java",
				"#9":62,
				"#10":"sun.reflect.NativeMethodAccessorImpl",
				"#11":"invoke"
			},
			{
				"#8":"DelegatingMethodAccessorImpl.java",
				"#9":43,
				"#10":"sun.reflect.DelegatingMethodAccessorImpl",
				"#11":"invoke"
			},
			{
				"#8":"Method.java",
				"#9":498,
				"#10":"java.lang.reflect.Method",
				"#11":"invoke"
			},
			{
				"#8":"FrameworkMethod.java",
				"#9":50,
				"#10":"org.junit.runners.model.FrameworkMethod$1",
				"#11":"runReflectiveCall"
			},
			{
				"#8":"ReflectiveCallable.java",
				"#9":12,
				"#10":"org.junit.internal.runners.model.ReflectiveCallable",
				"#11":"run"
			},
			{
				"#8":"FrameworkMethod.java",
				"#9":47,
				"#10":"org.junit.runners.model.FrameworkMethod",
				"#11":"invokeExplosively"
			},
			{
				"#8":"InvokeMethod.java",
				"#9":17,
				"#10":"org.junit.internal.runners.statements.InvokeMethod",
				"#11":"evaluate"
			},
			{
				"#8":"RunBeforeTestMethodCallbacks.java",
				"#9":75,
				"#10":"org.springframework.test.context.junit4.statements.RunBeforeTestMethodCallbacks",
				"#11":"evaluate"
			},
			{
				"#8":"RunAfterTestMethodCallbacks.java",
				"#9":86,
				"#10":"org.springframework.test.context.junit4.statements.RunAfterTestMethodCallbacks",
				"#11":"evaluate"
			},
			{
				"#8":"SpringRepeat.java",
				"#9":84,
				"#10":"org.springframework.test.context.junit4.statements.SpringRepeat",
				"#11":"evaluate"
			},
			{
				"#8":"ParentRunner.java",
				"#9":325,
				"#10":"org.junit.runners.ParentRunner",
				"#11":"runLeaf"
			},
			{
				"#8":"SpringJUnit4ClassRunner.java",
				"#9":252,
				"#10":"org.springframework.test.context.junit4.SpringJUnit4ClassRunner",
				"#11":"runChild"
			},
			{
				"#8":"SpringJUnit4ClassRunner.java",
				"#9":94,
				"#10":"org.springframework.test.context.junit4.SpringJUnit4ClassRunner",
				"#11":"runChild"
			},
			{
				"#8":"ParentRunner.java",
				"#9":290,
				"#10":"org.junit.runners.ParentRunner$3",
				"#11":"run"
			},
			{
				"#8":"ParentRunner.java",
				"#9":71,
				"#10":"org.junit.runners.ParentRunner$1",
				"#11":"schedule"
			},
			{
				"#8":"ParentRunner.java",
				"#9":288,
				"#10":"org.junit.runners.ParentRunner",
				"#11":"runChildren"
			},
			{
				"#8":"ParentRunner.java",
				"#9":58,
				"#10":"org.junit.runners.ParentRunner",
				"#11":"access$000"
			},
			{
				"#8":"ParentRunner.java",
				"#9":268,
				"#10":"org.junit.runners.ParentRunner$2",
				"#11":"evaluate"
			},
			{
				"#8":"RunBeforeTestClassCallbacks.java",
				"#9":61,
				"#10":"org.springframework.test.context.junit4.statements.RunBeforeTestClassCallbacks",
				"#11":"evaluate"
			},
			{
				"#8":"RunAfterTestClassCallbacks.java",
				"#9":70,
				"#10":"org.springframework.test.context.junit4.statements.RunAfterTestClassCallbacks",
				"#11":"evaluate"
			},
			{
				"#8":"ParentRunner.java",
				"#9":363,
				"#10":"org.junit.runners.ParentRunner",
				"#11":"run"
			},
			{
				"#8":"SpringJUnit4ClassRunner.java",
				"#9":191,
				"#10":"org.springframework.test.context.junit4.SpringJUnit4ClassRunner",
				"#11":"run"
			},
			{
				"#8":"JUnit4Provider.java",
				"#9":365,
				"#10":"org.apache.maven.surefire.junit4.JUnit4Provider",
				"#11":"execute"
			},
			{
				"#8":"JUnit4Provider.java",
				"#9":273,
				"#10":"org.apache.maven.surefire.junit4.JUnit4Provider",
				"#11":"executeWithRerun"
			},
			{
				"#8":"JUnit4Provider.java",
				"#9":238,
				"#10":"org.apache.maven.surefire.junit4.JUnit4Provider",
				"#11":"executeTestSet"
			},
			{
				"#8":"JUnit4Provider.java",
				"#9":159,
				"#10":"org.apache.maven.surefire.junit4.JUnit4Provider",
				"#11":"invoke"
			},
			{
				"#8":"NativeMethodAccessorImpl.java",
				"#9":-2,
				"#10":"sun.reflect.NativeMethodAccessorImpl",
				"#11":"invoke0"
			},
			{
				"#8":"NativeMethodAccessorImpl.java",
				"#9":62,
				"#10":"sun.reflect.NativeMethodAccessorImpl",
				"#11":"invoke"
			},
			{
				"#8":"DelegatingMethodAccessorImpl.java",
				"#9":43,
				"#10":"sun.reflect.DelegatingMethodAccessorImpl",
				"#11":"invoke"
			},
			{
				"#8":"Method.java",
				"#9":498,
				"#10":"java.lang.reflect.Method",
				"#11":"invoke"
			},
			{
				"#8":"ReflectionUtils.java",
				"#9":206,
				"#10":"org.apache.maven.surefire.util.ReflectionUtils",
				"#11":"invokeMethodWithArray2"
			},
			{
				"#8":"ProviderFactory.java",
				"#9":161,
				"#10":"org.apache.maven.surefire.booter.ProviderFactory$ProviderProxy",
				"#11":"invoke"
			},
			{
				"#8":"ProviderFactory.java",
				"#9":84,
				"#10":"org.apache.maven.surefire.booter.ProviderFactory",
				"#11":"invokeProvider"
			},
			{
				"#8":"ClassloaderSurefireStarter.java",
				"#9":78,
				"#10":"org.apache.dubbo.test.runner.ClassloaderSurefireStarter",
				"#11":"runSuitesInProcess"
			},
			{
				"#8":"TestRunnerMain.java",
				"#9":185,
				"#10":"org.apache.dubbo.test.runner.TestRunnerMain",
				"#11":"main"
			}
		],
		"suppressed#13":[]
	}
}
{"v0000":[0],"v0001":[],"v0002":[0,0]}
1
{
	"@type":"com.alibaba.fastjson2.aliyun.MapGhostTest$MapGhost#0",
	"@value":{
		"name":"abc",
		"$super$":{
			"@type":"M#1",
			"@value":{
				"name":123
			}
		}
	}
}
{
	"@type":"com.alibaba.fastjson2.eishay.vo.MediaContent#0",
	"@value":[
		[
			[
				768,
				1,
				"Javaone Keynote",
				"http://javaone.com/keynote_large.jpg",
				1024
			],
			[
				240,
				0,
				"Javaone Keynote",
				"http://javaone.com/keynote_small.jpg",
				320
			]
		],
		[
			262144,
			null,
			18000000,
			"video/mpg4",
			480,
			[
				"Bill Gates",
				"Steve Jobs"
			],
			0,
			58982400,
			"Javaone Keynote",
			"http://javaone.com/keynote.mpg",
			640
		]
	]
}
{
	"@type":"com.alibaba.fastjson2.arraymapping.EishayTest$Sample",
	"@value":[
		[
			true,
			false
		],
		false,
		"AB",
		"\u0000",
		[
			1.0,
			2.0,
			3.0
		],
		0.0,
		[
			1.0,
			2.0,
			3.0
		],
		0.0,
		[
			1,
			2
		],
		101,
		[
			1,
			2
		],
		1001,
		null,
		[
			1,
			2
		],
		0,
		null
	]
}
com.alibaba.fastjson2.issues_2400.Issue2440$Bean@705a793a
{"first_name":"wenshao","id":123}
{"courseId":"6bad799a1c894893bedade17215244a1","userId":"4b99d48f87f84868a59aa3b3ce82fd56"}
{
	"@type":"com.alibaba.fastjson2.eishay.vo.MediaContent",
	"@value":[
		[
			[
				768,
				1,
				"Javaone Keynote",
				"http://javaone.com/keynote_large.jpg",
				1024
			],
			[
				240,
				0,
				"Javaone Keynote",
				"http://javaone.com/keynote_small.jpg",
				320
			]
		],
		[
			262144,
			null,
			18000000,
			"video/mpg4",
			480,
			[
				"Bill Gates",
				"Steve Jobs"
			],
			0,
			58982400,
			"Javaone Keynote",
			"http://javaone.com/keynote.mpg",
			640
		]
	]
}
[[[768,1,"Javaone Keynote","http://javaone.com/keynote_large.jpg",1024],[240,0,"Javaone Keynote","http://javaone.com/keynote_small.jpg",320]],[262144,null,18000000,"video/mpg4",480,["Bill Gates","Steve Jobs"],0,58982400,"Javaone Keynote","http://javaone.com/keynote.mpg",640]]
{
	"@type":"com.alibaba.fastjson2.eishay.vo.MediaContent#0",
	"@value":{
		"images#1":[
			{
				"height#2":768,
				"size#3":1,
				"title#4":"Javaone Keynote",
				"uri#5":"http://javaone.com/keynote_large.jpg",
				"width#6":1024
			},
			{
				"#2":240,
				"#3":0,
				"#4":"Javaone Keynote",
				"#5":"http://javaone.com/keynote_small.jpg",
				"#6":320
			}
		],
		"media#7":{
			"bitrate#8":262144,
			"duration#9":18000000,
			"format#10":"video/mpg4",
			"#2":480,
			"persons#11":[
				"Bill Gates",
				"Steve Jobs"
			],
			"player#12":0,
			"#3":58982400,
			"#4":"Javaone Keynote",
			"#5":"http://javaone.com/keynote.mpg",
			"#6":640
		}
	}
}
[
	[
		[
			768,
			1,
			"Javaone Keynote",
			"http://javaone.com/keynote_large.jpg",
			1024
		],
		[
			240,
			0,
			"Javaone Keynote",
			"http://javaone.com/keynote_small.jpg",
			320
		]
	],
	[
		262144,
		null,
		18000000,
		"video/mpg4",
		480,
		[
			"Bill Gates",
			"Steve Jobs"
		],
		0,
		58982400,
		"Javaone Keynote",
		"http://javaone.com/keynote.mpg",
		640
	]
]
{"values":{"100":[{"id":1001},{"id":1002}],"200":[{"id":2001},{"id":2002}]}}
millis : 262
millis : 227
[name, weight, age]
CSVReaderTest.Person(name=张三, weight=68.2, age=32)
CSVReaderTest.Person(name=李四, weight=75.6, age=28)
[name, weight, age]
CSVReaderTest.Person(name=张三, weight=68.2, age=32)
CSVReaderTest.Person(name=李四, weight=75.6, age=28)
{
	"@type":"com.alibaba.fastjson2.support.ApacheTripleTest$Bean#0",
	"@value":{
		"triple":{
			"@type":"org.apache.commons.lang3.tuple.MutableTriple#1",
			"@value":{
				"left":101,
				"middle":102,
				"right":103
			}
		}
	}
}
{
	"@type":"com.alibaba.fastjson2.support.ApacheTripleTest$Bean#0",
	"@value":{
		"triple":{
			"@type":"org.apache.commons.lang3.tuple.ImmutableTriple#1",
			"@value":{
				"left":101,
				"middle":102,
				"right":103
			}
		}
	}
}
{
	"high":{
		"value":"H"
	},
	"low":{
		"value":"L"
	},
	"mid":{
		"value":"M"
	}
}
Tue Oct 15 10:02:26 CST 2024
Enum Item: LOCKED
JVM_VERSION : 25
-9214723784238596577L,
-9030616758866828325L,
-8335274122997354104L,
-6963030519018899258L,
-4863137578837233966L,
-3653547262287832698L,
-2819277587813726773L,
-2669552864532011468L,
-2458634727370886912L,
-2291619803571459675L,
-1811306045128064037L,
-864440709753525476L,
-779604756358333743L,
8731803887940231L,
1616814008855344660L,
2164749833121980361L,
2688642392827789427L,
3724195282986200606L,
3742915795806478647L,
3977020351318456359L,
4775491097662790952L,
4882459834864833642L,
6033839080488254886L,
7981148566008458638L,
8344106065386396833L,
9215465129261900012L,
27545
27545
1	[1]
2	[2]
3	[3]
4	[4]
5	[5]
6	[6]
7	[7]
8	[8]
9	[9]
10	[10]
11	[11]
12	[12]
13	[13]
14	[14]
15	[15]
16	[16]
17	[17]
18	[18]
19	[19]
20	[20]
21	[21]
22	[22]
23	[23]
24	[24]
25	[25]
26	[26]
27	[27]
28	[28]
29	[29]
30	[30]
31	[31]
32	[32]
33	[33]
34	[34]
35	[35]
36	[36]
37	[37]
38	[38]
39	[39]
40	[40]
41	[41]
42	[42]
43	[43]
44	[44]
45	[45]
46	[46]
47	[47]
48	[48]
49	[49]
50	[50]
51	[51]
52	[52]
53	[53]
54	[54]
55	[55]
56	[56]
57	[57]
58	[58]
59	[59]
60	[60]
61	[61]
62	[62]
63	[63]
64	[64]
65	[65]
66	[66]
67	[67]
68	[68]
69	[69]
70	[70]
71	[71]
72	[72]
73	[73]
74	[74]
75	[75]
76	[76]
77	[77]
78	[78]
79	[79]
80	[80]
81	[81]
82	[82]
83	[83]
84	[84]
85	[85]
86	[86]
87	[87]
88	[88]
89	[89]
90	[90]
91	[91]
92	[92]
93	[93]
94	[94]
95	[95]
96	[96]
97	[97]
98	[98]
99	[99]
100	[100]
101	[101]
102	[102]
103	[103]
104	[104]
105	[105]
106	[106]
107	[107]
108	[108]
109	[109]
110	[110]
111	[111]
112	[112]
113	[113]
114	[114]
115	[115]
116	[116]
117	[117]
118	[118]
119	[119]
120	[120]
121	[121]
122	[122]
123	[123]
124	[124]
125	[125]
126	[126]
127	[127]
128	[-62, -128]
129	[-62, -127]
130	[-62, -126]
131	[-62, -125]
132	[-62, -124]
133	[-62, -123]
134	[-62, -122]
135	[-62, -121]
136	[-62, -120]
137	[-62, -119]
138	[-62, -118]
139	[-62, -117]
140	[-62, -116]
141	[-62, -115]
142	[-62, -114]
143	[-62, -113]
144	[-62, -112]
145	[-62, -111]
146	[-62, -110]
147	[-62, -109]
148	[-62, -108]
149	[-62, -107]
150	[-62, -106]
151	[-62, -105]
152	[-62, -104]
153	[-62, -103]
154	[-62, -102]
155	[-62, -101]
156	[-62, -100]
157	[-62, -99]
158	[-62, -98]
159	[-62, -97]
160	[-62, -96]
161	[-62, -95]
162	[-62, -94]
163	[-62, -93]
164	[-62, -92]
165	[-62, -91]
166	[-62, -90]
167	[-62, -89]
168	[-62, -88]
169	[-62, -87]
170	[-62, -86]
171	[-62, -85]
172	[-62, -84]
173	[-62, -83]
174	[-62, -82]
175	[-62, -81]
176	[-62, -80]
177	[-62, -79]
178	[-62, -78]
179	[-62, -77]
180	[-62, -76]
181	[-62, -75]
182	[-62, -74]
183	[-62, -73]
184	[-62, -72]
185	[-62, -71]
186	[-62, -70]
187	[-62, -69]
188	[-62, -68]
189	[-62, -67]
190	[-62, -66]
191	[-62, -65]
192	[-61, -128]
193	[-61, -127]
194	[-61, -126]
195	[-61, -125]
196	[-61, -124]
197	[-61, -123]
198	[-61, -122]
199	[-61, -121]
200	[-61, -120]
201	[-61, -119]
202	[-61, -118]
203	[-61, -117]
204	[-61, -116]
205	[-61, -115]
206	[-61, -114]
207	[-61, -113]
208	[-61, -112]
209	[-61, -111]
210	[-61, -110]
211	[-61, -109]
212	[-61, -108]
213	[-61, -107]
214	[-61, -106]
215	[-61, -105]
216	[-61, -104]
217	[-61, -103]
218	[-61, -102]
219	[-61, -101]
220	[-61, -100]
221	[-61, -99]
222	[-61, -98]
223	[-61, -97]
224	[-61, -96]
225	[-61, -95]
226	[-61, -94]
227	[-61, -93]
228	[-61, -92]
229	[-61, -91]
230	[-61, -90]
231	[-61, -89]
232	[-61, -88]
233	[-61, -87]
234	[-61, -86]
235	[-61, -85]
236	[-61, -84]
237	[-61, -83]
238	[-61, -82]
239	[-61, -81]
240	[-61, -80]
241	[-61, -79]
242	[-61, -78]
243	[-61, -77]
244	[-61, -76]
245	[-61, -75]
246	[-61, -74]
247	[-61, -73]
248	[-61, -72]
249	[-61, -71]
250	[-61, -70]
251	[-61, -69]
252	[-61, -68]
253	[-61, -67]
254	[-61, -66]
255	[-61, -65]
0.94619480068306 -> 0.9461948006830601
0.05474394051013853 -> 0.054743940510138533
0.04525827969524732 -> 0.045258279695247317
0.4151364376092955 -> 0.41513643760929553
0.922010407250274 -> 0.9220104072502739
0.241793097515989 -> 0.24179309751598899
0.809719415924329 -> 0.8097194159243289
0.04059973150807605 -> 0.040599731508076053
0.2172747962575413 -> 0.21727479625754131
0.839704959586068 -> 0.8397049595860679
0.764158181032563 -> 0.7641581810325631
0.4779279970365857 -> 0.47792799703658573
0.700284285893573 -> 0.7002842858935731
0.656256408972617 -> 0.6562564089726169
0.1724603321756807 -> 0.17246033217568069
0.05344236690325865 -> 0.053442366903258653
0.1435961906352584 -> 0.14359619063525841
0.3935286004454496 -> 0.39352860044544957
0.738789267560717 -> 0.7387892675607169
0.2570218105244855 -> 0.25702181052448547
0.979300922096422 -> 0.9793009220964221
0.0810688244415202 -> 0.08106882444152019
0.798246336535473 -> 0.7982463365354729
0.4668194170236106 -> 0.46681941702361063
0.3031777624080014 -> 0.30317776240800143
0.4330247581566046 -> 0.43302475815660457
0.525591795091434 -> 0.5255917950914341
0.649329828721461 -> 0.6493298287214611
0.978950506220923 -> 0.9789505062209229
0.510874346406544 -> 0.5108743464065441
0.3877315884354747 -> 0.38773158843547473
0.934326573043816 -> 0.9343265730438161
0.797810957667692 -> 0.7978109576676919
0.578309067436446 -> 0.5783090674364459
0.959383366596469 -> 0.9593833665964689
0.05213803054845512 -> 0.052138030548455117
0.1853454072005878 -> 0.18534540720058779
0.326603178296169 -> 0.32660317829616903
0.079519919092928 -> 0.07951991909292799
0.63282477234633 -> 0.6328247723463299
0.2055778430498615 -> 0.20557784304986149
0.2817678461779832 -> 0.28176784617798323
0.1351052288321931 -> 0.13510522883219311
0.777426696893114 -> 0.7774266968931141
0.04905459692241931 -> 0.049054596922419313
0.03575971474887241 -> 0.035759714748872407
0.601978618831223 -> 0.6019786188312229
0.704685538465673 -> 0.7046855384656729
0.883594870661984 -> 0.8835948706619841
0.4856001955662336 -> 0.48560019556623357
0.771898349974594 -> 0.7718983499745939
0.4268404134130728 -> 0.42684041341307277
0.04406493023715519 -> 0.044064930237155187
0.2802844726835306 -> 0.28028447268353063
0.01211008015624948 -> 0.012110080156249481
0.668793612837633 -> 0.6687936128376329
0.03413356484478813 -> 0.034133564844788133
0.1931994333096375 -> 0.19319943330963751
0.71837038731274 -> 0.7183703873127401
0.39290615776085 -> 0.39290615776085003
0.682996577379754 -> 0.6829965773797541
0.853636882664843 -> 0.8536368826648431
0.831306935893735 -> 0.8313069358937351
0.53835448294728 -> 0.5383544829472801
0.2622088798868282 -> 0.26220887988682817
0.4173814366271206 -> 0.41738143662712057
0.2947750680704532 -> 0.29477506807045317
0.912880168815213 -> 0.9128801688152129
0.589404780434788 -> 0.5894047804347879
0.806307117710999 -> 0.8063071177109991
0.636010071650497 -> 0.6360100716504971
0.688665573980974 -> 0.6886655739809741
0.3690034073489388 -> 0.36900340734893877
0.0686964422720081 -> 0.06869644227200811
0.956783602155377 -> 0.9567836021553771
0.862263451639598 -> 0.8622634516395981
0.0922868559010337 -> 0.09228685590103369
0.00832425279182858 -> 0.008324252791828579
0.120305172035987 -> 0.12030517203598701
0.1667869787989711 -> 0.16678697879897109
0.01360301825204313 -> 0.013603018252043131
0.1507411964516122 -> 0.15074119645161221
0.692513193649893 -> 0.6925131936498931
0.2336745438959449 -> 0.23367454389594489
0.2476762134363827 -> 0.24767621343638269
0.787126458360004 -> 0.7871264583600041
0.547555200567653 -> 0.5475552005676531
0.4648463419359046 -> 0.46484634193590457
0.795336036963672 -> 0.7953360369636721
0.2714039179093026 -> 0.27140391790930263
0.0698216714266836 -> 0.06982167142668361
0.402399599529252 -> 0.40239959952925197
0.665972434734106 -> 0.6659724347341059
0.3698141716404377 -> 0.36981417164043773
0.1618096953578365 -> 0.16180969535783651
0.521477566843286 -> 0.5214775668432859
0.682876228676426 -> 0.6828762286764259
0.5565630578479 -> 0.5565630578478999
0.1475289134756088 -> 0.14752891347560881
0.676286647095589 -> 0.6762866470955891
0.547631187766284 -> 0.5476311877662841
0.002321389914524574 -> 0.0023213899145245742
0.1911229177648298 -> 0.19112291776482981
0.575679217842544 -> 0.5756792178425441
0.3397533250341013 -> 0.33975332503410127
0.3099371596442623 -> 0.30993715964426227
0.003735427422153492 -> 0.0037354274221534922
0.3549767909989823 -> 0.35497679099898227
0.713728088304663 -> 0.7137280883046631
0.1457680968275923 -> 0.14576809682759229
0.625666226443578 -> 0.6256662264435781
0.005061917113994729 -> 0.0050619171139947294
0.684325665376531 -> 0.6843256653765309
0.05730432038219457 -> 0.057304320382194573
0.812808178774793 -> 0.8128081787747931
0.190257070813991 -> 0.19025707081399101
0.2856443981843447 -> 0.28564439818434473
0.1184000944271364 -> 0.11840009442713639
0.983167018715079 -> 0.9831670187150791
0.94562338961761 -> 0.9456233896176101
0.825196774628912 -> 0.8251967746289121
0.132199989943401 -> 0.13219998994340099
0.744756186585877 -> 0.7447561865858769
0.910063153423811 -> 0.9100631534238111
0.749745632318707 -> 0.7497456323187069
0.2989375371545199 -> 0.29893753715451987
0.921427494224138 -> 0.9214274942241381
0.450303118140816 -> 0.45030311814081603
0.39657295431747 -> 0.39657295431746997
0.606655107801992 -> 0.6066551078019921
0.1653200117115632 -> 0.16532001171156319
0.952345824164679 -> 0.9523458241646789
0.917086981424795 -> 0.9170869814247949
0.777060128512366 -> 0.7770601285123661
0.04872024793527285 -> 0.048720247935272853
0.03156238361406127 -> 0.031562383614061273
0.3184170876473639 -> 0.31841708764736387
0.3669966153650773 -> 0.36699661536507733
0.3459368572917981 -> 0.34593685729179813
0.733631343256752 -> 0.7336313432567521
0.645708616220456 -> 0.6457086162204561
0.637471679831144 -> 0.6374716798311439
0.550394942449489 -> 0.5503949424494891
0.0816943090394655 -> 0.08169430903946551
0.590898133072776 -> 0.5908981330727761
0.851165527466964 -> 0.8511655274669639
0.3462027571072053 -> 0.34620275710720527
0.2330840703264523 -> 0.23308407032645229
0.804355523872958 -> 0.8043555238729579
0.761316647946711 -> 0.7613166479467109
0.198192487423673 -> 0.19819248742367301
0.538001915957874 -> 0.5380019159578741
0.706489262822455 -> 0.7064892628224551
0.04073119577760154 -> 0.040731195777601537
0.15238259321922 -> 0.15238259321921999
0.4503579138802907 -> 0.45035791388029067
0.4158192962412742 -> 0.41581929624127423
0.802861583053951 -> 0.8028615830539509
0.3741165786847023 -> 0.37411657868470227
0.573981123566008 -> 0.5739811235660079
0.998705224364624 -> 0.9987052243646239
0.74368892398059 -> 0.7436889239805901
0.561990304906756 -> 0.5619903049067561
0.527361745008811 -> 0.5273617450088109
0.2516331914830576 -> 0.25163319148305763
0.1683405678416834 -> 0.16834056784168339
0.657483836756313 -> 0.6574838367563129
0.05042671664868437 -> 0.050426716648684367
0.1341182821272663 -> 0.13411828212726629
0.03402232693276264 -> 0.034022326932762637
0.624567295745938 -> 0.6245672957459379
0.941924697139431 -> 0.9419246971394311
0.3623019531515628 -> 0.36230195315156277
0.110424427457945 -> 0.11042442745794501
0.317171325818805 -> 0.31717132581880503
0.840539973722569 -> 0.8405399737225689
0.2157115020137612 -> 0.21571150201376121
0.821221177150463 -> 0.8212211771504631
0.574264181622892 -> 0.5742641816228919
0.447049098638754 -> 0.44704909863875397
0.1081200531917429 -> 0.10812005319174289
0.920684735540165 -> 0.9206847355401649
0.04382394467150608 -> 0.043823944671506077
0.4695682100025034 -> 0.46956821000250337
0.2870926861580195 -> 0.28709268615801953
0.690359508683765 -> 0.6903595086837651
0.578792393905947 -> 0.5787923939059469
0.2297435033796872 -> 0.22974350337968719
0.601326599958037 -> 0.6013265999580369
0.55856078024104 -> 0.5585607802410399
0.1843003020847057 -> 0.18430030208470571
0.517574231707221 -> 0.5175742317072211
0.3558685718635132 -> 0.35586857186351317
0.05424153381259866 -> 0.054241533812598663
0.500438398369143 -> 0.5004383983691429
0.1595112052130052 -> 0.15951120521300521
0.0788649387064373 -> 0.07886493870643729
0.4752458248245299 -> 0.47524582482452993
0.847391425223535 -> 0.8473914252235351
0.948674690096661 -> 0.9486746900966611
0.3127009525518957 -> 0.31270095255189567
0.218870719961356 -> 0.21887071996135599
0.854711503581776 -> 0.8547115035817761
0.2429983170438237 -> 0.24299831704382369
0.1954494689084567 -> 0.19544946890845671
0.1074689851313455 -> 0.10746898513134551
0.1993168999651974 -> 0.19931689996519741
0.2346437482081387 -> 0.23464374820813871
0.1340014236474769 -> 0.13400142364747691
0.1716919653467016 -> 0.17169196534670161
0.2684997413832447 -> 0.26849974138324473
0.637952400348547 -> 0.6379524003485471
0.887114245239012 -> 0.8871142452390119
0.436093333623328 -> 0.43609333362332803
0.581650008052292 -> 0.5816500080522919
0.4173778389906663 -> 0.41737783899066627
0.2604803345775695 -> 0.26048033457756947
0.3046594088518845 -> 0.30465940885188447
0.056308298213533 -> 0.056308298213533003
0.4318003143819584 -> 0.43180031438195843
0.822278014315937 -> 0.8222780143159369
0.570058604013643 -> 0.5700586040136431
0.510162956355038 -> 0.5101629563550381
0.133460108630457 -> 0.13346010863045699
0.681986562822747 -> 0.6819865628227469
0.04308893249344092 -> 0.043088932493440923
0.05183518336268211 -> 0.051835183362682113
0.929944999435593 -> 0.9299449994355929
0.02491377466949307 -> 0.024913774669493072
0.596852208663396 -> 0.5968522086633961
0.2133053642856685 -> 0.21330536428566849
0.2589296535081618 -> 0.25892965350816177
0.706678251792557 -> 0.7066782517925571
0.88987585308264 -> 0.8898758530826399
0.2032674701555197 -> 0.20326747015551971
0.1984143535287234 -> 0.19841435352872339
0.01376882948497793 -> 0.013768829484977929
0.950794682788418 -> 0.9507946827884181
0.1654699000557701 -> 0.16546990005577011
0.2230018588214948 -> 0.22300185882149481
0.119529974771717 -> 0.11952997477171701
0.01456411290446158 -> 0.014564112904461579
0.4974843002474095 -> 0.49748430024740953
0.799021013164464 -> 0.7990210131644639
0.80273772925754 -> 0.8027377292575399
0.560248300869783 -> 0.5602483008697829
0.4724490776783766 -> 0.47244907767837663
0.2289498250692623 -> 0.22894982506926231
0.1895868638168796 -> 0.18958686381687961
0.4606637724782707 -> 0.46066377247827073
0.0514745375010589 -> 0.051474537501058903
0.0776916215419775 -> 0.07769162154197751
0.4349611900693027 -> 0.43496119006930267
0.831192179981113 -> 0.8311921799811131
0.0908041412823739 -> 0.09080414128237391
0.984943075423309 -> 0.9849430754233089
0.04039758483399691 -> 0.040397584833996913
0.311053833163665 -> 0.31105383316366497
0.4355540161358675 -> 0.43555401613586753
0.74341315060134 -> 0.7434131506013399
0.3661341017341255 -> 0.36613410173412553
0.930849935366934 -> 0.9308499353669339
0.911742025611397 -> 0.9117420256113969
0.2376703783476838 -> 0.23767037834768379
0.3677156417020849 -> 0.36771564170208493
0.4669215303443984 -> 0.46692153034439843
0.261692157462003 -> 0.26169215746200303
0.987942786450763 -> 0.9879427864507631
0.54174358854929 -> 0.5417435885492899
0.4055907261318418 -> 0.40559072613184177
0.822488844592766 -> 0.8224888445927661
0.4603403371581615 -> 0.46034033715816147
0.889706925823535 -> 0.8897069258235351
0.2538364808453554 -> 0.25383648084535537
0.311436311540256 -> 0.31143631154025597
0.619116214347256 -> 0.6191162143472561
0.609215882199934 -> 0.6092158821999339
0.894059280055507 -> 0.8940592800555071
0.742902005283889 -> 0.7429020052838891
0.923154938867287 -> 0.9231549388672869
0.787250283435803 -> 0.7872502834358031
0.2260231464803827 -> 0.22602314648038269
0.1375678957466656 -> 0.13756789574666561
0.1498945319757473 -> 0.14989453197574731
0.728641841819683 -> 0.7286418418196829
0.4150186867459216 -> 0.41501868674592157
0.006980650882803197 -> 0.0069806508828031966
0.1269286897016665 -> 0.12692868970166649
0.602805032570846 -> 0.6028050325708461
0.1771815548861604 -> 0.17718155488616039
0.990368753737981 -> 0.9903687537379809
0.1332200592563655 -> 0.13322005925636549
0.04540542594699137 -> 0.045405425946991373
0.89971067128651 -> 0.8997106712865101
0.901922156327502 -> 0.9019221563275019
0.2635411898965693 -> 0.26354118989656927
0.792545708741416 -> 0.7925457087414161
0.649774263395481 -> 0.6497742633954811
0.4705980382295539 -> 0.47059803822955393
0.2112024192358294 -> 0.21120241923582939
0.533665775475963 -> 0.5336657754759629
0.810081857160245 -> 0.8100818571602449
0.2890183374682396 -> 0.28901833746823957
0.1626327997175918 -> 0.16263279971759181
0.4299683801812271 -> 0.42996838018122707
0.3731793753559213 -> 0.37317937535592127
0.86509371808801 -> 0.8650937180880101
0.1473904611338719 -> 0.14739046113387189
0.4554991058541005 -> 0.45549910585410047
0.3096465813154127 -> 0.30964658131541267
0.1838678398397635 -> 0.18386783983976351
0.792292396476937 -> 0.7922923964769371
0.864546534314727 -> 0.8645465343147271
0.587252776846864 -> 0.5872527768468641
0.875219509020358 -> 0.8752195090203581
0.2351973317972922 -> 0.23519733179729219
0.682689028655385 -> 0.6826890286553851
0.2743578304900747 -> 0.27435783049007467
0.654708099062491 -> 0.6547080990624909
0.585779895505462 -> 0.5857798955054619
0.3672590287060504 -> 0.36725902870605043
0.740508526801055 -> 0.7405085268010549
0.66172508382959 -> 0.6617250838295901
0.0237561512228347 -> 0.023756151222834698
0.3336480729579199 -> 0.33364807295791987
0.529155822472894 -> 0.5291558224728941
0.618059568965938 -> 0.6180595689659381
0.89588959031998 -> 0.8958895903199799
0.1012881773474631 -> 0.10128817734746309
0.534138592199424 -> 0.5341385921994239
0.2985219340080216 -> 0.29852193400802163
0.555843804892241 -> 0.5558438048922409
0.912297585520568 -> 0.9122975855205681
0.1787384458191177 -> 0.17873844581911769
0.04161666483786974 -> 0.041616664837869743
0.3275316107908606 -> 0.32753161079086057
0.1380991480586128 -> 0.13809914805861279
0.978638531382721 -> 0.9786385313827211
0.640501524315574 -> 0.6405015243155739
0.0826088372579784 -> 0.08260883725797841
0.814781984804199 -> 0.8147819848041991
0.3883558076359305 -> 0.38835580763593047
0.869175263851864 -> 0.8691752638518641
0.2783099301575577 -> 0.27830993015755767
0.1786883921386654 -> 0.17868839213866539
0.250287792896597 -> 0.25028779289659697
0.793934059564465 -> 0.7939340595644649
0.897840907779968 -> 0.8978409077799679
0.1377572006278278 -> 0.13775720062782781
0.2674496533530136 -> 0.26744965335301363
0.661326062015756 -> 0.6613260620157561
0.486516435688262 -> 0.48651643568826197
0.2510151782950443 -> 0.25101517829504427
0.04070507408656154 -> 0.040705074086561543
0.03014130251617342 -> 0.030141302516173418
0.3347588682425299 -> 0.33475886824252987
0.2774120992436305 -> 0.27741209924363053
0.0794514317302858 -> 0.07945143173028579
0.3320753034628042 -> 0.33207530346280423
0.572482664675594 -> 0.5724826646755941
0.3972943448407181 -> 0.39729434484071813
0.810799336001713 -> 0.8107993360017129
0.791960405715811 -> 0.7919604057158111
0.1474157856430829 -> 0.14741578564308289
0.3912757598073692 -> 0.39127575980736917
0.532272591302205 -> 0.5322725913022049
0.99374020539947 -> 0.9937402053994699
0.866193779170153 -> 0.8661937791701531
0.4738855488715705 -> 0.47388554887157053
0.661235451293887 -> 0.6612354512938871
0.4630494468573014 -> 0.46304944685730143
0.661807585264719 -> 0.6618075852647189
0.3270492964438729 -> 0.32704929644387293
0.857192373426026 -> 0.8571923734260261
0.77247493863194 -> 0.7724749386319399
0.785021504236668 -> 0.7850215042366681
0.1204235172963719 -> 0.12042351729637191
0.688813002512424 -> 0.6888130025124241
0.3819343259506012 -> 0.38193432595060117
0.655610396533646 -> 0.6556103965336459
0.03375601530472239 -> 0.033756015304722387
0.1907283325202732 -> 0.19072833252027321
0.1610035061180526 -> 0.16100350611805259
0.4570211761118603 -> 0.45702117611186033
0.3753464178464265 -> 0.37534641784642653
0.481112442063272 -> 0.48111244206327197
0.03079969132363569 -> 0.030799691323635692
0.3990084995799765 -> 0.39900849957997653
0.4365141942732155 -> 0.43651419427321547
0.3284080027476107 -> 0.32840800274761073
0.3145188041902858 -> 0.31451880419028577
0.857778677892927 -> 0.8577786778929271
0.4079933064650412 -> 0.40799330646504117
0.4720429201274913 -> 0.47204292012749127
0.916645698432833 -> 0.9166456984328329
0.580785490229835 -> 0.5807854902298351
0.524632280725639 -> 0.5246322807256391
0.947362252881431 -> 0.9473622528814311
0.717654683458331 -> 0.7176546834583311
0.798243970005379 -> 0.7982439700053791
0.921805333555411 -> 0.9218053335554111
0.768280313485388 -> 0.7682803134853879
0.534927392529362 -> 0.5349273925293619
0.3144047086343357 -> 0.31440470863433567
0.01503950398723397 -> 0.015039503987233971
0.2309117031545629 -> 0.23091170315456289
0.4559762970716357 -> 0.45597629707163567
0.4182178040768533 -> 0.41821780407685327
0.657690016608451 -> 0.6576900166084509
0.936643379706738 -> 0.9366433797067381
0.2318450603420633 -> 0.23184506034206331
0.57556709971226 -> 0.5755670997122601
0.8083975825768 -> 0.8083975825767999
0.04958337582170547 -> 0.049583375821705467
0.3092908461951345 -> 0.30929084619513447
0.3346451613078886 -> 0.33464516130788857
0.645280765616217 -> 0.6452807656162169
0.2350537813728205 -> 0.23505378137282051
0.60113401656005 -> 0.6011340165600501
0.635608308557779 -> 0.6356083085577789
0.715738408400379 -> 0.7157384084003789
0.4965714661615587 -> 0.49657146616155867
0.4329346727685148 -> 0.43293467276851483
0.4229061607499566 -> 0.42290616074995657
0.0767441120408121 -> 0.07674411204081211
0.521865559596494 -> 0.5218655595964941
0.1980719072065351 -> 0.19807190720653511
0.01067113705229883 -> 0.010671137052298829
0.3506109668367762 -> 0.35061096683677617
0.3256313105959526 -> 0.32563131059595263
0.03303808137734476 -> 0.033038081377344763
0.2367126112643788 -> 0.23671261126437881
0.3693051124598766 -> 0.36930511245987663
0.796711766622827 -> 0.7967117666228269
0.4852917317703139 -> 0.48529173177031393
0.831411061544092 -> 0.8314110615440919
0.1621271037055768 -> 0.16212710370557681
0.51647333519027 -> 0.5164733351902701
0.574578386624296 -> 0.5745783866242959
0.03708072151063024 -> 0.037080721510630243
0.1410479760143485 -> 0.14104797601434849
0.2172765717906152 -> 0.21727657179061521
0.2876072861656572 -> 0.28760728616565723
0.1256764996531229 -> 0.12567649965312289
0.05190650282292519 -> 0.051906502822925193
0.708234546194837 -> 0.7082345461948369
0.5921166693978 -> 0.5921166693978001
0.614603859434735 -> 0.6146038594347349
0.01019978754424511 -> 0.010199787544245109
0.638616991478759 -> 0.6386169914787591
0.684065607243245 -> 0.6840656072432451
0.4128934210019021 -> 0.41289342100190207
0.914848311757749 -> 0.9148483117577491
0.2132358526366641 -> 0.21323585263666411
0.1903422672250107 -> 0.19034226722501069
0.989101726569313 -> 0.9891017265693129
0.4559624503010343 -> 0.45596245030103433
0.590323169976188 -> 0.5903231699761879
0.2585954678450402 -> 0.25859546784504017
0.1319832675323276 -> 0.13198326753232759
0.4396881589953128 -> 0.43968815899531277
0.3439869159775856 -> 0.34398691597758557
0.777577283746198 -> 0.7775772837461979
0.550340007037668 -> 0.5503400070376681
0.01926921352791988 -> 0.019269213527919882
0.1657635450556494 -> 0.16576354505564939
0.2295696884761146 -> 0.22956968847611459
0.74652915515696 -> 0.7465291551569599
0.657785806141786 -> 0.6577858061417859
0.566849433441521 -> 0.5668494334415209
0.666184389307447 -> 0.6661843893074469
0.908725729811867 -> 0.9087257298118669
0.818637884310566 -> 0.8186378843105661
0.742329370625536 -> 0.7423293706255359
0.500947808511157 -> 0.5009478085111569
0.512941777240357 -> 0.5129417772403571
0.519330371075232 -> 0.5193303710752319
0.2163189189763116 -> 0.21631891897631161
0.84902784170508 -> 0.8490278417050801
0.691723329474422 -> 0.6917233294744221
0.3789717688971109 -> 0.37897176889711093
0.669420998921262 -> 0.6694209989212619
0.849406486004812 -> 0.8494064860048119
0.2776053485250288 -> 0.27760534852502883
0.81050283504449 -> 0.8105028350444901
0.01777964931911802 -> 0.017779649319118018
0.83332522275616 -> 0.8333252227561599
0.8806469337226 -> 0.8806469337225999
0.718252642888144 -> 0.7182526428881441
0.2972397517887925 -> 0.29723975178879247
0.2728637733766133 -> 0.27286377337661327
0.653351701548677 -> 0.6533517015486771
0.06129804611629441 -> 0.061298046116294413
0.985111515809659 -> 0.9851115158096591
0.0696966935996799 -> 0.06969669359967989
0.1870564461866875 -> 0.18705644618668749
0.0931298580979616 -> 0.09312985809796159
0.04669919855069549 -> 0.046699198550695487
0.2624492554372371 -> 0.26244925543723707
0.948083446067502 -> 0.9480834460675019
0.513432186716757 -> 0.5134321867167571
0.006670526931727649 -> 0.0066705269317276494
0.0968124100851444 -> 0.09681241008514441
0.3403184198740207 -> 0.34031841987402067
0.1258099455715984 -> 0.12580994557159841
0.290257378005326 -> 0.29025737800532603
0.05444108590778984 -> 0.054441085907789843
0.2096026711285187 -> 0.20960267112851871
0.1134422726989971 -> 0.11344227269899709
0.2695062415139515 -> 0.26950624151395153
0.890386327316463 -> 0.8903863273164631
0.164016849027962 -> 0.16401684902796199
0.4888472654255617 -> 0.48884726542556167
0.533718402505237 -> 0.5337184025052371
0.2585038069112712 -> 0.25850380691127117
0.05007276921987747 -> 0.050072769219877467
0.826858278591383 -> 0.8268582785913829
0.820222678553925 -> 0.8202226785539251
0.824935067018224 -> 0.8249350670182241
0.669079425574511 -> 0.6690794255745111
0.816272174239074 -> 0.8162721742390741
0.997863293734154 -> 0.9978632937341541
0.05866860721226674 -> 0.058668607212266743
0.797190109628443 -> 0.7971901096284431
0.64426277591219 -> 0.6442627759121901
0.935191716749947 -> 0.9351917167499471
0.876225329686456 -> 0.8762253296864559
0.2414761687086837 -> 0.24147616870868371
0.573247996955284 -> 0.5732479969552839
0.4712752432467954 -> 0.47127524324679537
0.1090189599962108 -> 0.10901895999621081
0.0540580489595015 -> 0.054058048959501503
0.3911358368989237 -> 0.39113583689892373
0.814388770720263 -> 0.8143887707202631
0.410913192141625 -> 0.41091319214162503
0.946756703705878 -> 0.9467567037058781
0.708729157617701 -> 0.7087291576177011
0.725278685733105 -> 0.7252786857331051
0.746009750198041 -> 0.7460097501980411
0.1529669009387188 -> 0.15296690093871879
0.1533002573486031 -> 0.15330025734860309
0.1333945589954285 -> 0.13339455899542851
0.511974382680147 -> 0.5119743826801471
0.3845411268275645 -> 0.38454112682756447
0.0822833429934322 -> 0.08228334299343221
0.2426595690015695 -> 0.24265956900156949
0.2395896932160929 -> 0.23958969321609291
0.89605364952048 -> 0.8960536495204799
0.700534511543839 -> 0.7005345115438389
0.916057876657629 -> 0.9160578766576291
0.04560489105755949 -> 0.045604891057559493
0.531073593101621 -> 0.5310735931016211
0.3279398539474426 -> 0.32793985394744263
0.1821986955879734 -> 0.18219869558797341
0.1425846887561769 -> 0.14258468875617691
0.4175333198878384 -> 0.41753331988783837
0.2841930264458222 -> 0.28419302644582223
0.560459230934441 -> 0.5604592309344411
0.3009141105793324 -> 0.30091411057933237
0.565307662901884 -> 0.5653076629018839
0.3971839856667502 -> 0.39718398566675017
0.836441919764843 -> 0.8364419197648429
0.650656385869192 -> 0.6506563858691921
0.861280029322189 -> 0.8612800293221889
0.825527706615446 -> 0.8255277066154461
0.4004643086971513 -> 0.40046430869715133
0.2083281879207005 -> 0.20832818792070051
0.3114654437812929 -> 0.31146544378129293
0.958946782727294 -> 0.9589467827272939
0.944653740371382 -> 0.9446537403713819
0.897696072819474 -> 0.8976960728194739
0.869210664512233 -> 0.8692106645122331
0.611128972092361 -> 0.6111289720923609
0.695094833798722 -> 0.6950948337987219
0.95026339808068 -> 0.9502633980806801
0.177226411065858 -> 0.17722641106585801
0.01492386542919688 -> 0.014923865429196881
0.2640791248703728 -> 0.26407912487037277
0.3582595117583319 -> 0.35825951175833193
0.04439226415013953 -> 0.044392264150139527
0.3546180412890306 -> 0.35461804128903063
0.2350419000125996 -> 0.23504190001259961
0.658795159637312 -> 0.6587951596373119
0.4849415115148 -> 0.48494151151480003
0.282216525234151 -> 0.28221652523415097
0.1408953000895974 -> 0.14089530008959739
0.755121719469038 -> 0.7551217194690381
0.844388822215349 -> 0.8443888222153491
0.2614429775205174 -> 0.26144297752051737
0.3454336022364142 -> 0.34543360223641417
0.708713180978294 -> 0.7087131809782941
0.746963602579579 -> 0.7469636025795789
0.68332882513762 -> 0.6833288251376201
0.05853555572171543 -> 0.058535555721715427
0.1615224685487716 -> 0.16152246854877161
0.771732477246796 -> 0.7717324772467959
0.350491096975416 -> 0.35049109697541603
0.818399095352702 -> 0.8183990953527021
0.04991486014443813 -> 0.049914860144438133
0.724625728112334 -> 0.7246257281123341
0.1291531814509672 -> 0.12915318145096721
0.1503133570932461 -> 0.15031335709324611
0.2663668160013343 -> 0.26636681600133427
0.895242990390477 -> 0.8952429903904769
0.3788573318843311 -> 0.37885733188433113
0.1779908435669353 -> 0.17799084356693529
0.4454822794489047 -> 0.44548227944890473
0.684663206577868 -> 0.6846632065778681
0.498511838070926 -> 0.49851183807092603
0.931548209781837 -> 0.9315482097818371
0.1680008008186369 -> 0.16800080081863689
0.1116820355587319 -> 0.11168203555873191
0.0852855587648138 -> 0.08528555876481381
0.4085523172956603 -> 0.40855231729566033
0.600539504532071 -> 0.6005395045320709
0.3603080892677544 -> 0.36030808926775437
0.949382838824607 -> 0.9493828388246069
0.0474038499994246 -> 0.047403849999424597
0.4759483049508135 -> 0.47594830495081353
0.4789226284725909 -> 0.47892262847259093
0.542406668258197 -> 0.5424066682581969
0.4638045199878503 -> 0.46380451998785033
0.862544410134438 -> 0.8625444101344381
0.4459323317399497 -> 0.44593233173994973
0.002782254594402511 -> 0.0027822545944025112
0.3471308133511187 -> 0.34713081335111873
0.4178418192434806 -> 0.41784181924348063
0.4636721984632102 -> 0.46367219846321017
0.741875446998638 -> 0.7418754469986381
0.682500568833526 -> 0.6825005688335259
0.766481225889938 -> 0.7664812258899379
0.3642440801060777 -> 0.36424408010607767
0.925365573157582 -> 0.9253655731575821
0.4117051759506761 -> 0.41170517595067613
0.622807848839181 -> 0.6228078488391811
0.843617559395965 -> 0.8436175593959651
0.07450102642222 -> 0.07450102642222001
0.006960506919248433 -> 0.0069605069192484326
0.3030048225078599 -> 0.30300482250785987
0.4044042039962433 -> 0.40440420399624333
0.977620587077837 -> 0.9776205870778371
0.2140698894207511 -> 0.21406988942075111
0.966553362367849 -> 0.9665533623678489
0.3124529043633614 -> 0.31245290436336137
0.2881540147101255 -> 0.28815401471012547
0.241736299311458 -> 0.24173629931145801
0.2708245978246204 -> 0.27082459782462043
0.559886644907372 -> 0.5598866449073721
0.602002188882861 -> 0.6020021888828609
0.1929333582456738 -> 0.19293335824567381
0.3888960011204389 -> 0.38889600112043887
0.2580131019585232 -> 0.25801310195852323
0.676934706341004 -> 0.6769347063410041
0.974087854449251 -> 0.9740878544492509
0.1494448133391688 -> 0.14944481333916881
0.1789395274438388 -> 0.17893952744383879
0.905892459157356 -> 0.9058924591573559
0.4111215460759369 -> 0.41112154607593687
0.0138284680472065 -> 0.013828468047206499
0.616150479488697 -> 0.6161504794886969
0.1808635916466068 -> 0.18086359164660681
0.526647046904062 -> 0.5266470469040621
0.1852507085559464 -> 0.18525070855594639
0.736269593804667 -> 0.7362695938046671
0.647782867993347 -> 0.6477828679933469
0.3007798824505932 -> 0.30077988245059317
0.943628410391743 -> 0.9436284103917431
0.05073275904425412 -> 0.050732759044254117
0.806669097594577 -> 0.8066690975945769
0.03454237258899873 -> 0.034542372588998727
0.01392284824245582 -> 0.013922848242455821
0.1801974031611734 -> 0.18019740316117339
0.846721879302683 -> 0.8467218793026829
0.593844854393554 -> 0.5938448543935539
0.1130426639786467 -> 0.11304266397864671
0.948127888207767 -> 0.9481278882077669
0.4110843983080191 -> 0.41108439830801913
0.05580668706136949 -> 0.055806687061369487
0.1712920144434288 -> 0.17129201444342879
0.0615962968122955 -> 0.061596296812295503
0.02337601336614137 -> 0.023376013366141368
0.692173563716522 -> 0.6921735637165219
0.930456656461706 -> 0.9304566564617061
0.2521218436605627 -> 0.25212184366056267
0.345891562766763 -> 0.34589156276676303
0.945065312612065 -> 0.9450653126120649
0.1620308644512891 -> 0.16203086445128911
0.556248556800576 -> 0.5562485568005761
0.550372090520655 -> 0.5503720905206551
0.944416306410855 -> 0.9444163064108551
0.2790341839655264 -> 0.27903418396552637
0.898863688544215 -> 0.8988636885442149
0.709188212807981 -> 0.7091882128079811
0.2581184605670582 -> 0.25811846056705823
0.1085010472211363 -> 0.10850104722113629
0.0847091722270139 -> 0.08470917222701391
0.05753353923674576 -> 0.057533539236745757
0.608310594462039 -> 0.6083105944620389
0.873807022656165 -> 0.8738070226561649
0.0893436179682272 -> 0.08934361796822721
0.3026144342756035 -> 0.30261443427560353
0.945945550293741 -> 0.9459455502937411
0.03794743356557451 -> 0.037947433565574507
0.03665144059773651 -> 0.036651440597736507
0.73899374492844 -> 0.7389937449284401
0.2464911123228508 -> 0.24649111232285081
0.01707046475640084 -> 0.017070464756400838
0.4506795608476101 -> 0.45067956084761007
0.528907379540486 -> 0.5289073795404859
0.2091758592681945 -> 0.20917585926819449
0.3230123409653263 -> 0.32301234096532627
0.630480036735173 -> 0.6304800367351731
0.4938453251900565 -> 0.49384532519005653
0.105883830822036 -> 0.10588383082203601
0.975141012156233 -> 0.9751410121562329
0.834787226067985 -> 0.8347872260679851
0.908687164683116 -> 0.9086871646831161
0.84663918607034 -> 0.8466391860703401
0.0751386994697315 -> 0.07513869946973151
0.4469324038781399 -> 0.44693240387813993
0.1638015322648846 -> 0.16380153226488459
0.846147771414617 -> 0.8461477714146169
0.897578128360423 -> 0.8975781283604231
0.4600670535506656 -> 0.46006705355066557
0.566140575751857 -> 0.5661405757518569
0.859007436239625 -> 0.8590074362396251
0.950948326899898 -> 0.9509483268998981
0.4428452994638786 -> 0.44284529946387863
0.505864120833246 -> 0.5058641208332459
0.1979782092032044 -> 0.19797820920320441
0.97793645935404 -> 0.9779364593540401
0.541864846559238 -> 0.5418648465592379
0.658108908697215 -> 0.6581089086972149
0.2651085302045392 -> 0.26510853020453917
0.565798567680525 -> 0.5657985676805251
0.3357626618401717 -> 0.33576266184017167
0.506995837642433 -> 0.5069958376424329
0.1317333167885021 -> 0.13173331678850209
0.01031463412216549 -> 0.010314634122165489
0.616645452844163 -> 0.6166454528441629
0.4885924941894981 -> 0.48859249418949813
0.2474080131437114 -> 0.24740801314371141
0.529231685898436 -> 0.5292316858984361
0.04443741689287228 -> 0.044437416892872283
0.4419007800293068 -> 0.44190078002930677
0.002487208703389032 -> 0.0024872087033890322
0.2048775261011999 -> 0.20487752610119991
0.3178686448924051 -> 0.31786864489240507
0.916942327029936 -> 0.9169423270299361
0.685362758926991 -> 0.6853627589269909
0.542012402895167 -> 0.5420124028951669
0.957615369564982 -> 0.9576153695649821
0.681446840245509 -> 0.6814468402455089
0.544796844782723 -> 0.5447968447827231
0.1006925614011056 -> 0.10069256140110561
0.996784733205411 -> 0.9967847332054111
0.4531062986226084 -> 0.45310629862260843
0.821616957729218 -> 0.8216169577292179
0.510149875203253 -> 0.5101498752032529
0.5132093405266 -> 0.5132093405266001
0.976738396245523 -> 0.9767383962455231
0.698032973709867 -> 0.6980329737098671
0.04681115867135777 -> 0.046811158671357767
0.4722478979859768 -> 0.47224789798597677
0.2664234826163768 -> 0.26642348261637683
0.4439013784977138 -> 0.44390137849771383
0.2516096831760051 -> 0.25160968317600507
0.994229841664587 -> 0.9942298416645871
0.2278197927718595 -> 0.22781979277185949
0.622350413845076 -> 0.6223504138450759
0.1760236130969106 -> 0.17602361309691061
0.03804212224219106 -> 0.038042122242191057
0.3956479632631206 -> 0.39564796326312057
0.518518946740052 -> 0.5185189467400519
0.1604630755699923 -> 0.16046307556999229
0.723002271322223 -> 0.7230022713222229
0.582202023389432 -> 0.5822020233894321
0.525864473094869 -> 0.5258644730948689
0.3063848507181198 -> 0.30638485071811983
0.565070579699052 -> 0.5650705796990519
0.01148873523814986 -> 0.011488735238149861
0.72806809265736 -> 0.7280680926573601
0.306437273769988 -> 0.30643727376998797
0.1419291239059879 -> 0.14192912390598789
0.938104285210764 -> 0.9381042852107641
0.546477325221498 -> 0.5464773252214979
0.853485148844426 -> 0.8534851488444259
0.985179011590608 -> 0.9851790115906079
0.2706395635002736 -> 0.27063956350027363
0.54910833162514 -> 0.5491083316251399
0.4086705866558695 -> 0.40867058665586953
0.1538075490990055 -> 0.15380754909900551
0.974904868061301 -> 0.9749048680613011
0.3364328630296958 -> 0.33643286302969577
0.790213061799728 -> 0.7902130617997279
0.3766957142562187 -> 0.37669571425621873
0.725080168717605 -> 0.7250801687176049
0.1416086935248244 -> 0.14160869352482441
0.1809011486267912 -> 0.18090114862679119
0.855684288058497 -> 0.8556842880584969
0.3245651167650003 -> 0.32456511676500033
0.06149212831909057 -> 0.061492128319090567
0.538154297581037 -> 0.5381542975810371
0.223571561322206 -> 0.22357156132220601
0.580848612669219 -> 0.5808486126692191
0.853690021054685 -> 0.8536900210546851
0.2595497616462141 -> 0.25954976164621413
0.3599463774329624 -> 0.35994637743296243
0.697669588300943 -> 0.6976695883009431
0.3494158861848011 -> 0.34941588618480113
0.2084218953964352 -> 0.20842189539643519
0.04691100780824509 -> 0.046911007808245087
0.800830179644133 -> 0.8008301796441329
0.2450312538504512 -> 0.24503125385045121
0.3074314368294708 -> 0.30743143682947083
0.06227155640305038 -> 0.062271556403050377
0.636290820721437 -> 0.6362908207214369
0.572015571099525 -> 0.5720155710995251
0.4500396216573537 -> 0.45003962165735367
0.2137051013324721 -> 0.21370510133247211
0.2394972524221992 -> 0.23949725242219921
0.1706712926655196 -> 0.17067129266551961
0.17751351234486 -> 0.17751351234486001
0.748890493350371 -> 0.7488904933503709
0.1461072311756587 -> 0.14610723117565871
0.04371723942032801 -> 0.043717239420328013
0.595112410607817 -> 0.5951124106078171
0.564241380778641 -> 0.5642413807786411
0.2557472978602989 -> 0.25574729786029893
0.3687105738041975 -> 0.36871057380419747
0.539833529480023 -> 0.5398335294800231
0.59250962026949 -> 0.5925096202694899
0.4614617611312751 -> 0.46146176113127513
0.45015147848091 -> 0.45015147848090997
0.3732820485095453 -> 0.37328204850954527
0.04915009373863111 -> 0.049150093738631107
0.988386393896241 -> 0.9883863938962409
0.4941896523640881 -> 0.49418965236408807
0.098314110017228 -> 0.09831411001722801
0.3337066501335961 -> 0.33370665013359613
0.00921992606068578 -> 0.009219926060685779
0.04857339688315521 -> 0.048573396883155207
0.0859634942627251 -> 0.08596349426272509
0.650304697438362 -> 0.6503046974383619
0.1173095186228389 -> 0.11730951862283889
0.636147601723208 -> 0.6361476017232079
0.2878212159865636 -> 0.28782121598656363
0.941435980557287 -> 0.9414359805572871
0.2134776784850657 -> 0.21347767848506571
0.1783401833903938 -> 0.17834018339039381
0.004862474137789619 -> 0.0048624741377896186
0.722625650136066 -> 0.7226256501360659
0.93893782180641 -> 0.9389378218064099
0.4420368938001282 -> 0.44203689380012823
0.4430187605384103 -> 0.44301876053841027
0.3802447738636551 -> 0.38024477386365507
0.839444011465244 -> 0.8394440114652441
0.869827725290998 -> 0.8698277252909981
0.2271585802157048 -> 0.22715858021570479
0.621229863255018 -> 0.6212298632550181
0.096500055418821 -> 0.09650005541882101
0.3956001009461452 -> 0.39560010094614517
0.2217918432985755 -> 0.22179184329857549
0.3137659931823574 -> 0.31376599318235743
0.2103325720662199 -> 0.21033257206621991
0.625082082305566 -> 0.6250820823055659
0.56511224369884 -> 0.5651122436988401
0.937660820309345 -> 0.9376608203093449
0.1735191746947259 -> 0.17351917469472589
0.635963582375559 -> 0.6359635823755589
0.80874776523802 -> 0.8087477652380201
0.708603866418201 -> 0.7086038664182009
0.4919610804442551 -> 0.49196108044425513
0.803024328125927 -> 0.8030243281259269
0.2985011100472654 -> 0.29850111004726543
0.3857134860616451 -> 0.38571348606164513
0.635768349970738 -> 0.6357683499707379
0.753105938349727 -> 0.7531059383497271
0.4800597822440619 -> 0.48005978224406187
0.3882821193872317 -> 0.38828211938723167
0.734239793588153 -> 0.7342397935881529
0.1987828226293923 -> 0.19878282262939229
0.1333442768458417 -> 0.13334427684584171
0.548735410997577 -> 0.5487354109975769
0.566761415984882 -> 0.5667614159848821
0.793875041483805 -> 0.7938750414838051
0.05410830948504863 -> 0.054108309485048633
0.1401650639223848 -> 0.14016506392238481
0.2989597645931448 -> 0.29895976459314477
0.3775104158128261 -> 0.37751041581282607
0.3404400758610375 -> 0.34044007586103753
0.1488023940456943 -> 0.14880239404569429
0.517357791900733 -> 0.5173577919007331
0.4925767283265787 -> 0.49257672832657873
0.515582607967563 -> 0.5155826079675629
0.566669383464873 -> 0.5666693834648731
0.561974528213739 -> 0.5619745282137391
0.68188478920626 -> 0.6818847892062599
0.900200553482359 -> 0.9002005534823589
0.02720540808338834 -> 0.027205408083388338
0.003949650230257173 -> 0.0039496502302571734
0.1859905608657101 -> 0.18599056086571009
0.2045756052787676 -> 0.20457560527876761
0.601872223859583 -> 0.6018722238595831
0.781795460880713 -> 0.7817954608807129
0.564738903322135 -> 0.5647389033221351
0.03650334556709545 -> 0.036503345567095447
0.68983927419926 -> 0.6898392741992601
0.4227842022734076 -> 0.42278420227340763
0.75424282639029 -> 0.7542428263902901
0.1785568527323005 -> 0.17855685273230049
0.69799271870995 -> 0.6979927187099501
0.04941938833237269 -> 0.049419388332372693
0.716835742516509 -> 0.7168357425165089
0.532899545049835 -> 0.5328995450498351
0.262550610085135 -> 0.26255061008513503
0.3758086218633441 -> 0.37580862186334407
0.1751647751376849 -> 0.17516477513768491
0.0172324908745054 -> 0.017232490874505402
0.855739553009706 -> 0.8557395530097061
0.502243768607954 -> 0.5022437686079541
0.700138641993791 -> 0.7001386419937911
0.2190049797300022 -> 0.21900497973000221
0.991128738625423 -> 0.9911287386254229
0.592403350107019 -> 0.5924033501070191
0.645958327134804 -> 0.6459583271348039
0.4885789637054265 -> 0.48857896370542653
0.571728723503448 -> 0.5717287235034481
0.2707339689284535 -> 0.27073396892845347
0.0863351910375647 -> 0.08633519103756471
0.982210917325194 -> 0.9822109173251941
0.3439879859605737 -> 0.34398798596057367
0.4576764839382437 -> 0.45767648393824367
0.990335542046966 -> 0.9903355420469661
0.889809300928114 -> 0.8898093009281141
0.562580015817918 -> 0.5625800158179181
0.586920885426854 -> 0.5869208854268541
0.61798453228986 -> 0.6179845322898599
0.3284334315256838 -> 0.32843343152568383
0.614601457926576 -> 0.6146014579265759
0.2161111988994492 -> 0.21611119889944919
0.4163646336754179 -> 0.41636463367541787
0.4819358255707826 -> 0.48193582557078263
0.973619136662564 -> 0.9736191366625641
0.689085412377411 -> 0.6890854123774111
0.3846373189732816 -> 0.38463731897328157
0.513139352912169 -> 0.5131393529121689
0.4256110325078932 -> 0.42561103250789323
0.536590323261739 -> 0.5365903232617391
0.0829470245314523 -> 0.08294702453145231
0.0819951650106353 -> 0.08199516501063531
0.743615447839512 -> 0.7436154478395119
0.564611108773101 -> 0.5646111087731009
0.1786437634582244 -> 0.17864376345822441
0.862267748494218 -> 0.8622677484942179
0.2004678746171734 -> 0.20046787461717341
0.945437952503904 -> 0.9454379525039041
0.647775432080891 -> 0.6477754320808909
0.468694463331465 -> 0.46869446333146503
0.4649885852987862 -> 0.46498858529878617
0.688030741686184 -> 0.6880307416861841
0.630545350194679 -> 0.6305453501946791
0.828786534209837 -> 0.8287865342098369
0.3971590757745945 -> 0.39715907577459453
0.2133801218114144 -> 0.21338012181141441
0.624460187585616 -> 0.6244601875856159
0.2731415289756636 -> 0.27314152897566357
0.723171316508813 -> 0.7231713165088129
0.961633604138664 -> 0.9616336041386641
0.510082967603602 -> 0.5100829676036021
0.3453288990019103 -> 0.34532889900191033
0.813648856079978 -> 0.8136488560799779
0.621707344134869 -> 0.6217073441348691
0.916114200778332 -> 0.9161142007783321
0.2641069996532108 -> 0.26410699965321083
0.83924125891286 -> 0.8392412589128601
0.2313282415670289 -> 0.23132824156702891
0.05703276369178523 -> 0.057032763691785227
0.54785502755262 -> 0.5478550275526201
0.4082409474290494 -> 0.40824094742904937
0.2376978225596902 -> 0.23769782255969019
0.1394432185308042 -> 0.13944321853080421
0.684033178170598 -> 0.6840331781705981
0.745631662147828 -> 0.7456316621478279
0.699087960193919 -> 0.6990879601939189
0.956872170705031 -> 0.9568721707050311
0.2513381666258169 -> 0.25133816662581687
0.05431930866910906 -> 0.054319308669109057
0.147709183680358 -> 0.14770918368035801
0.03132203820279977 -> 0.031322038202799773
0.4439195049205443 -> 0.44391950492054433
0.2466792255720721 -> 0.24667922557207211
0.1658933935025695 -> 0.16589339350256949
0.835786211182103 -> 0.8357862111821029
0.04736513369449857 -> 0.047365133694498573
0.808952480908047 -> 0.8089524809080469
0.1602107576413314 -> 0.16021075764133141
0.05379848153950317 -> 0.053798481539503173
0.4406275732342744 -> 0.44062757323427437
0.1001289246329592 -> 0.10012892463295919
0.571411176228452 -> 0.5714111762284519
0.836867952450774 -> 0.8368679524507741
0.0816364633344644 -> 0.08163646333446439
0.85487811894547 -> 0.8548781189454699
0.4862151375573667 -> 0.48621513755736667
0.412304571858051 -> 0.41230457185805103
0.04268694021607378 -> 0.042686940216073777
0.822017962672211 -> 0.8220179626722109
0.1680062976752872 -> 0.16800629767528719
0.05299782849249823 -> 0.052997828492498233
0.710477199609929 -> 0.7104771996099291
0.756500188872057 -> 0.7565001888720569
0.005100635563192069 -> 0.0051006355631920686
0.4790775325940759 -> 0.47907753259407593
0.03982071883517024 -> 0.039820718835170243
0.859815020295082 -> 0.8598150202950821
0.0820016390726288 -> 0.08200163907262881
0.859436309146346 -> 0.8594363091463459
0.94958026912804 -> 0.9495802691280401
0.4455358784112671 -> 0.44553587841126707
0.167918614004524 -> 0.16791861400452401
0.4205182213148074 -> 0.42051822131480743
0.914569057434999 -> 0.9145690574349991
0.895033212705796 -> 0.8950332127057961
0.2175779954817154 -> 0.21757799548171541
0.502113443250017 -> 0.5021134432500171
0.601221020714304 -> 0.6012210207143041
0.1471839238656346 -> 0.14718392386563461
0.2325079058380045 -> 0.23250790583800451
0.807908587169129 -> 0.8079085871691291
0.529405402790252 -> 0.5294054027902521
0.06125306135841024 -> 0.061253061358410243
0.2134566666579263 -> 0.21345666665792629
0.3066317453767404 -> 0.30663174537674043
0.1598481776844939 -> 0.15984817768449389
0.548458941522109 -> 0.5484589415221089
0.3165516615762691 -> 0.31655166157626913
0.936193955835322 -> 0.9361939558353219
0.609753802850797 -> 0.6097538028507971
0.436098822406601 -> 0.43609882240660103
0.0791247404066363 -> 0.07912474040663631
0.885484577694371 -> 0.8854845776943709
0.503491981216105 -> 0.5034919812161049
0.3027142441801077 -> 0.30271424418010773
0.3858134263264065 -> 0.38581342632640647
0.4321347847594392 -> 0.43213478475943923
0.662381938866414 -> 0.6623819388664141
0.922678313079973 -> 0.9226783130799729
0.630780024076321 -> 0.6307800240763211
0.0935492337734165 -> 0.09354923377341651
0.110322518057143 -> 0.11032251805714299
0.3330904107846758 -> 0.33309041078467583
0.748209988665615 -> 0.7482099886656149
0.764182537359475 -> 0.7641825373594749
0.02401985217135638 -> 0.024019852171356382
0.946601719278858 -> 0.9466017192788579
0.1003911575239348 -> 0.10039115752393479
0.1923074731751062 -> 0.19230747317510621
0.897248151682354 -> 0.8972481516823539
0.640511704098988 -> 0.6405117040989881
0.3377389503604665 -> 0.33773895036046653
0.784613586576486 -> 0.7846135865764861
0.2838027762801483 -> 0.28380277628014827
0.2360439965084732 -> 0.23604399650847319
0.1664597532950539 -> 0.16645975329505391
0.714763603540087 -> 0.7147636035400869
0.666858583001048 -> 0.6668585830010481
0.3919127489102813 -> 0.39191274891028127
0.414309499250787 -> 0.41430949925078697
0.874118586841584 -> 0.8741185868415841
0.916384591438203 -> 0.9163845914382029
0.731021316748451 -> 0.7310213167484511
0.998218803967377 -> 0.9982188039673771
0.950420870214225 -> 0.9504208702142251
0.06133328716527486 -> 0.061333287165274863
0.3238067943802935 -> 0.32380679438029347
0.3481223894830415 -> 0.34812238948304153
0.4837731862883278 -> 0.48377318628832777
0.3255218495631024 -> 0.32552184956310237
0.2221396662136743 -> 0.22213966621367431
0.1972809810495013 -> 0.19728098104950131
0.4767700181157771 -> 0.47677001811577713
0.3608055226312816 -> 0.36080552263128163
0.94867588545539 -> 0.9486758854553899
0.759819309421291 -> 0.7598193094212909
0.442092836641129 -> 0.44209283664112897
0.4300354712947628 -> 0.43003547129476283
0.229176628029387 -> 0.22917662802938699
0.847278793271593 -> 0.8472787932715929
0.1926774739999252 -> 0.19267747399992519
0.2015931935806171 -> 0.20159319358061711
0.615903330782059 -> 0.6159033307820591
0.806462076619266 -> 0.8064620766192661
0.970715171584906 -> 0.9707151715849059
0.4832862664936802 -> 0.48328626649368023
0.2594717768149504 -> 0.25947177681495037
0.2944327182413429 -> 0.29443271824134287
0.1080613377536861 -> 0.10806133775368609
0.535075977806378 -> 0.5350759778063779
0.4443484128467243 -> 0.44434841284672433
0.770041209217389 -> 0.7700412092173891
0.191808125523122 -> 0.19180812552312199
0.1310348670287972 -> 0.13103486702879719
0.2251793800328208 -> 0.22517938003282079
0.2267509441196114 -> 0.22675094411961139
0.879054766796664 -> 0.8790547667966641
0.53991106394867 -> 0.5399110639486699
0.2002384776914128 -> 0.20023847769141279
0.845008466374987 -> 0.8450084663749871
0.4208939904157529 -> 0.42089399041575293
0.895356476612092 -> 0.8953564766120919
0.867643281442878 -> 0.8676432814428779
0.03815025563442365 -> 0.038150255634423647
0.694952870181686 -> 0.6949528701816861
0.789925838819518 -> 0.7899258388195179
0.981015884621181 -> 0.9810158846211809
0.897670241245833 -> 0.8976702412458329
0.719870302937549 -> 0.7198703029375489
0.1806469759178536 -> 0.18064697591785361
0.1824522034713114 -> 0.18245220347131141
0.4578074233632973 -> 0.45780742336329727
0.806366604443779 -> 0.8063666044437789
0.2376017646060853 -> 0.23760176460608529
0.855036812879093 -> 0.8550368128790929
0.633646621198866 -> 0.6336466211988659
0.828573718864344 -> 0.8285737188643441
0.4089620519778078 -> 0.40896205197780777
0.932795751556941 -> 0.9327957515569411
0.534367061523428 -> 0.5343670615234281
0.921916408900258 -> 0.9219164089002581
0.03822754896165503 -> 0.038227548961655033
0.3132777582557634 -> 0.31327775825576343
0.89641997128848 -> 0.8964199712884801
0.0656586323633589 -> 0.06565863236335889
0.2905517002217958 -> 0.29055170022179577
0.454878710902583 -> 0.45487871090258303
0.931257240852224 -> 0.9312572408522241
0.555794787239485 -> 0.5557947872394851
0.962270490470924 -> 0.9622704904709239
0.910252530891486 -> 0.9102525308914859
0.3388875888907458 -> 0.33888758889074577
0.4015006598338762 -> 0.40150065983387617
0.1438874820893946 -> 0.14388748208939461
0.04864069661981563 -> 0.048640696619815627
0.406921935533786 -> 0.40692193553378597
0.3864628250676512 -> 0.38646282506765117
0.994475974139926 -> 0.9944759741399259
0.720572885272246 -> 0.7205728852722461
0.2784214812297163 -> 0.27842148122971633
0.2418697367767806 -> 0.24186973677678059
0.568988707618376 -> 0.5689887076183761
0.071215811192464 -> 0.07121581119246401
0.3747758612685613 -> 0.37477586126856133
0.04092986124352627 -> 0.040929861243526267
0.1012901952772104 -> 0.10129019527721039
0.3342657180540132 -> 0.33426571805401317
0.05255293084277202 -> 0.052552930842772017
0.709157960623299 -> 0.7091579606232991
0.668771564628657 -> 0.6687715646286569
0.073971631948904 -> 0.07397163194890399
0.954933712366762 -> 0.9549337123667621
0.03652923288632259 -> 0.036529232886322593
0.1395937864708129 -> 0.13959378647081289
0.928665277465409 -> 0.9286652774654089
0.976690453752804 -> 0.9766904537528041
0.0977371791279339 -> 0.09773717912793389
0.3893533055822124 -> 0.38935330558221237
0.4608426051636553 -> 0.46084260516365527
0.627594912883847 -> 0.6275949128838469
0.54597847758154 -> 0.5459784775815399
0.3141942738538058 -> 0.31419427385380583
0.0138205299249069 -> 0.013820529924906899
0.4005089680405787 -> 0.40050896804057867
0.694100337226844 -> 0.6941003372268441
0.678602091965609 -> 0.6786020919656089
0.1762307469284181 -> 0.17623074692841811
0.01777254959815955 -> 0.017772549598159548
0.2143969997261541 -> 0.21439699972615411
0.912039504717645 -> 0.9120395047176451
0.4831701846750939 -> 0.48317018467509387
0.551005004364924 -> 0.5510050043649239
0.3214551391182702 -> 0.32145513911827017
0.2133175114871355 -> 0.21331751148713551
0.4370679893697689 -> 0.43706798936976887
0.2220972600976895 -> 0.22209726009768949
0.818081071492125 -> 0.8180810714921249
0.2365338601258654 -> 0.23653386012586541
0.998592259563508 -> 0.9985922595635079
0.3466677083111461 -> 0.34666770831114613
0.766129118269886 -> 0.7661291182698859
0.4260999867799036 -> 0.42609998677990357
0.554816978994707 -> 0.5548169789947071
0.670181373336385 -> 0.6701813733363849
0.605448307668704 -> 0.6054483076687041
0.2963624415621052 -> 0.29636244156210523
0.545146146352743 -> 0.5451461463527431
0.620438495635317 -> 0.6204384956353171
0.4762811879826854 -> 0.47628118798268537
0.2053026715515507 -> 0.20530267155155069
0.623862885783179 -> 0.6238628857831791
0.970534859013438 -> 0.9705348590134379
0.2139203056750658 -> 0.21392030567506581
0.503744869068459 -> 0.5037448690684589
0.05263495108878102 -> 0.052634951088781023
0.1621238866181859 -> 0.16212388661818589
0.528769568442019 -> 0.5287695684420189
0.002777001378034605 -> 0.0027770013780346048
0.3447056396484314 -> 0.34470563964843137
0.1876264964841068 -> 0.18762649648410679
0.638480648097073 -> 0.6384806480970729
0.2010584677583621 -> 0.20105846775836211
0.60895251300712 -> 0.6089525130071201
0.4787408255892108 -> 0.47874082558921083
0.2448349685055662 -> 0.24483496850556619
0.231010820726419 -> 0.23101082072641899
0.05053998506625745 -> 0.050539985066257453
0.1985086376301506 -> 0.19850863763015059
0.599088724927825 -> 0.5990887249278249
0.2426413662970308 -> 0.24264136629703081
0.4069423202030997 -> 0.40694232020309973
0.4199909862490738 -> 0.41999098624907383
0.857545818434369 -> 0.8575458184343689
0.875616160041989 -> 0.8756161600419889
0.882843673976137 -> 0.8828436739761369
0.73883942575903 -> 0.7388394257590301
0.919092987266174 -> 0.9190929872661741
0.1641646428237271 -> 0.16416464282372711
0.2376708447046222 -> 0.23767084470462219
0.937085935060538 -> 0.9370859350605379
0.3928708937013142 -> 0.39287089370131423
diff type $, left class java.util.Collections$SingletonMap, right class java.util.Collections$EmptyMap
diff map size $, left 1, right 0, com.alibaba.fastjson2.JSONObject
diff collection size $, left 1, right 0
diff collection size $, left 0, right 1
diff value $, left abc, right aac
diff type $.a, right is null, left class class java.lang.String
diff map $, java.util.Collections$SingletonMap
diff value $, left 1, right 2
diff value $.id, left 1, right 2
diff object $, class null
diff value $.value, left a, right b
diff object $, class null
diff value $.value, left ab, right b
diff object $, class null
diff value $.value, left ab, right ac
diff object $, class null
diff type $.value, right is null, left class class java.lang.String
diff object $, class null
diff type $.value, left is null, right class class java.lang.String
diff object $, class null
diff compare $, class jrt:/java.base/java/lang/String.class
diff array compare $, class null
diff sortedMap compare map $, class jrt:/java.base/java/util/LinkedHashMap.class
diff compare $, class null
d00000c00004e
78
12
13
{1},
{10},
{100},
{1000},
{10000},
{100000},
{1000000},
{10000000},
{100000000},
{1000000000},
{2, 1410065408},
{23, 1215752192},
{232, -727379968},
{2328, 1316134912},
{23283, 276447232},
{232830, -1530494976},
{2328306, 1874919424},
{23283064, 1569325056},
{232830643, -1486618624},
{-1966660860, -1981284352},
{5, 1808227885, 1661992960},
{54, 902409669, -559939584},
{542, 434162106, -1304428544},
{5421, 46653770, -159383552},
{54210, 466537709, -1593835520},
{542101, 370409800, 1241513984},
{5421010, -590869294, -469762048},
{54210108, -1613725636, -402653184},
{542101086, 1042612833, 268435456},
{1, 1126043566, 1836193738, -1610612736},
{12, -1624466224, 1182068202, 1073741824},
{126, 935206946, -1064219866, -2147483648},
{1262, 762134875, -2052264063, 0},
{12621, -968585837, 952195850, 0},
{126217, -1095923776, 932023908, 0},
{1262177, 1925664130, 730304488, 0},
{12621774, 2076772117, -1286889712, 0},
{126217744, -707115303, 16004768, 0},
{1262177448, 1518781562, 160047680, 0},
{2, -263127405, -1992053564, 1600476800, 0},
{29, 1663693251, 1554300843, -1175101184, 0},
{293, -542936671, -1636860747, 1133890048, 0},
{2938, -1134399408, 811261716, -1546001408, 0},
{29387, 1540907809, -477317426, 1719855104, 0},
{293873, -1770791086, -478206960, 18681856, 0},
{2938735, -528041668, -487102304, 186818560, 0},
{29387358, -985449376, -576055744, 1868185600, 0},
{293873587, -1264559160, -1465590140, 1501986816, 0},
{-1356231419, 239310294, -1770999509, 2134966272, 0},
{6, -677412302, -1901864351, -530125902, -125173760, 0},
{68, 1815811577, -1838774318, -1006291715, -1251737600, 0},
{684, 978246591, -1207873989, -1472982551, 367525888, 0},
{6842, 1192531325, 806162004, -1844923622, -619708416, 0},
{68422, -959588637, -528314547, -1269367028, -1902116864, 0},
{684227, -1005951770, -988178167, 191231613, -1841299456, 0},
{6842277, -1469583101, -1291847078, 1912316135, -1233125376, 0},
{68422776, -1810929116, -33568888, 1943292173, 553648128, 0},
{684227765, -929421967, -335688876, -2041914749, 1241513984, 0},
{1, -1747656935, -704285069, 938078541, 1055688992, -469762048, 0},
{15, -296700158, 1547083904, 790850820, 1966955336, -402653184, 0},
{159, 1327965719, -1709030143, -681426388, -1805283111, 268435456, 0},
{1593, 394755308, 89567762, 1775670717, -872961926, -1610612736, 0},
{15930, -347414216, 895677624, 576837993, -139684662, 1073741824, 0},
{159309, 820825138, 366841649, 1473412643, -1396846618, -2147483648, 0},
{
	"@type":"com.google.common.collect.SingletonImmutableBiMap",
	"k1":1
}
{
	"@type":"com.google.common.collect.SingletonImmutableBiMap",
	"k1":1
}
0xF 1111
0xF0 11110000
0x601100000

0	48	110000	3	0	18	0	0
1	49	110001	3	1	18	0	1
2	50	110010	3	2	18	0	2
3	51	110011	3	3	18	0	3
4	52	110100	3	4	18	0	4
5	53	110101	3	5	18	0	5
6	54	110110	3	6	18	0	6
7	55	110111	3	7	18	0	7
8	56	111000	3	8	18	0	8
9	57	111001	3	9	18	0	9
a	97	1100001	6	1	30	a	b
b	98	1100010	6	2	30	a	c
c	99	1100011	6	3	30	a	d
d	100	1100100	6	4	30	a	e
e	101	1100101	6	5	30	a	f
f	102	1100110	6	6	30	a	10
A	65	1000001	4	1	20	a	b
B	66	1000010	4	2	20	a	c
C	67	1000011	4	3	20	a	d
D	68	1000100	4	4	20	a	e
E	69	1000101	4	5	20	a	f
F	70	1000110	4	6	20	a	10
0xF 1111
0xF0 11110000
0x601100000

0 110000 & 11110000 = 110000
1 110001 & 11110000 = 110000
2 110010 & 11110000 = 110000
3 110011 & 11110000 = 110000
4 110100 & 11110000 = 110000
5 110101 & 11110000 = 110000
6 110110 & 11110000 = 110000
7 110111 & 11110000 = 110000
8 111000 & 11110000 = 110000
9 111001 & 11110000 = 110000

0 ((110000) & 1111 + 1100000) & 11110000 = 1100000
1 ((110001) & 1111 + 1100000) & 11110000 = 1100000
2 ((110010) & 1111 + 1100000) & 11110000 = 1100000
3 ((110011) & 1111 + 1100000) & 11110000 = 1100000
4 ((110100) & 1111 + 1100000) & 11110000 = 1100000
5 ((110101) & 1111 + 1100000) & 11110000 = 1100000
6 ((110110) & 1111 + 1100000) & 11110000 = 1100000
7 ((110111) & 1111 + 1100000) & 11110000 = 1100000
8 ((111000) & 1111 + 1100000) & 11110000 = 1100000
9 ((111001) & 1111 + 1100000) & 11110000 = 1100000
5.9604645E-8 -> 5.96046448E-8
0.024414062 -> 0.024414063
0.18945312 -> 0.18945313
{"id":1001,"org":{"id":2001}}
{
	"@type":"java.nio.HeapByteBuffer",
	"@value":[
		1,
		2,
		3
	]
}
{
	"v0000":100.0
}
{
	"v0000":100
}
{
	"id":100
}
{
	"v0000":100
}
{
	"v0000":1234567890
}
{
	"id":"314baf90-62c9-44e9-8e53-9093d8179dc6"
}
{
	"id":100
}
{
	"v0000":100.0
}
{
	"v0000":100
}
{
	"v0000":1234567890
}
{
	"@type":"com.alibaba.fastjson2.issues_1600.Issue1624$Bean1#0",
	"@value":{
		"id":123
	}
}
[34,0,0,0,0,0,0,0,0,0,0,0,16]
{
	"@type":"com.alibaba.fastjson2_vo.Int1#0",
	"@value":{}
}
{}
17
{
	"id":"01234567890ABCDE01234567890ABCDE01234567890ABCDE01234567890ABCDE01234567890ABCDE",
	"v0":1,
	"v1":{},
	"v2":{},
	"v3":[
		1,
		2,
		3,
		4,
		5,
		6,
		7,
		8,
		9,
		0,
		1,
		2,
		3,
		4,
		5,
		6,
		7,
		8,
		9,
		0,
		"A",
		"B",
		"C",
		"D",
		"E",
		"F"
	]
}
[
	{
		"n234#0":13
	},
	{
		"#0":14
	},
	{
		"#0":15
	}
]
{
	"#-1":1,
	"#-2":"DataWorks"
}
jsonb size : 131
{"id":123456789,"v0":"123","v1":123456789012345678,"v2":123456789012345678901234567890,"v3":123.45,"v4":1230000.0,"v5":"abcdefg","v7":"null","v8":true,"v9":false,"v10":{"val":123},"v11":{},"v12":[1234],"v13":[12.34],"v14":[null]}
jsonb size : 131
{"id":123456789,"v0":"123","v1":123456789012345678,"v2":123456789012345678901234567890,"v3":123.45,"v4":1230000.0,"v5":"abcdefg","v7":"null","v8":true,"v9":false,"v10":{"val":123},"v11":{},"v12":[1234],"v13":[12.34],"v14":[null]}
jsonb size : 131
{"id":123456789,"v0":"123","v1":123456789012345678,"v2":123456789012345678901234567890,"v3":123.45,"v4":1230000.0,"v5":"abcdefg","v7":"null","v8":true,"v9":false,"v10":{"val":123},"v11":{},"v12":[1234],"v13":[12.34],"v14":[null]}
jsonb size : 131
{"id":123456789,"v0":"123","v1":123456789012345678,"v2":123456789012345678901234567890,"v3":123.45,"v4":1230000.0,"v5":"abcdefg","v7":"null","v8":true,"v9":false,"v10":{"val":123},"v11":{},"v12":[1234],"v13":[12.34],"v14":[null]}
jsonb size : 131
{"id":123456789,"v0":"123","v1":123456789012345678,"v2":123456789012345678901234567890,"v3":123.45,"v4":1230000.0,"v5":"abcdefg","v7":"null","v8":true,"v9":false,"v10":{"val":123},"v11":{},"v12":[1234],"v13":[12.34],"v14":[null]}
jsonb size : 131
{"id":123456789,"v0":"123","v1":123456789012345678,"v2":123456789012345678901234567890,"v3":123.45,"v4":1230000.0,"v5":"abcdefg","v7":"null","v8":true,"v9":false,"v10":{"val":123},"v11":{},"v12":[1234],"v13":[12.34],"v14":[null]}
jsonb size : 131
{"id":123456789,"v0":"123","v1":123456789012345678,"v2":123456789012345678901234567890,"v3":123.45,"v4":1230000.0,"v5":"abcdefg","v7":"null","v8":true,"v9":false,"v10":{"val":123},"v11":{},"v12":[1234],"v13":[12.34],"v14":[null]}
jsonb size : 131
{"id":123456789,"v0":"123","v1":123456789012345678,"v2":123456789012345678901234567890,"v3":123.45,"v4":1230000.0,"v5":"abcdefg","v7":"null","v8":true,"v9":false,"v10":{"val":123},"v11":{},"v12":[1234],"v13":[12.34],"v14":[null]}
{"value":["a","b","c"]}
{"value":["a","b","c"]}
{"value":["a","b","c"]}
{"value":["a","b","c"]}
{"value":["a","b","c"]}
{"value":["a","b","c"]}
{"value":["a","b","c"]}
{"value":["a","b","c"]}
{"value":["a","b","c"]}
{"value":["a","b","c"]}
{
	"value":"http://a.b.com"
}
{}
{
	"id":101,
	"name":"true",
	"type":"false"
}
"name"
"true"
"0"
"1"
"false"
{"id":"\"'\\\r\n\f\b\t中国😀😉®"}
{"id":"\"'\\\r\n\f\b\t中国😀😉®"}
{
	"value":-9223372036854775808
}
{
	"value":-2147483648
}
{
	"value":32767
}
{
	"value":8388607
}
{
	"value":0
}
{}
{
	"value":0
}
{
	"value":32767
}
{
	"value":8388607
}
{
	"value":2147483647
}
{
	"value":9223372036854775807
}
{
	"value":12345678901234567890123456789012345678901234567890123456789012345678901234567890
}
{
	"value":10
}
Sun Jan 01 08:00:00 CST 1899
Sun Jan 01 08:00:00 CST 1899
{
	"id":[
		-53,
		55,
		-5,
		-32,
		-73,
		-38,
		70,
		90,
		-95,
		-66,
		110,
		-115,
		35,
		34,
		14,
		106
	]
}
{}
{
	"v0000":[1]
}
{
	"v0000":[1]
}
{"v0000":0,"v0001":1,"v0002":2,"v0003":3,"v0004":4,"v0005":5,"v0006":6,"v0007":7,"v0008":8,"v0009":9}
{"v0000":0,"v0001":-1,"v0002":-2,"v0003":-3,"v0004":-4,"v0005":-5,"v0006":-6,"v0007":-7,"v0008":-8,"v0009":-9}
Serialized JSON with context feature: {"booleanField":false,"otherField":""}
{"checkSqlInjection":false,"expression":{"cacheSqlSegment":false,"groupBy":[{}],"having":[{}],"normal":[{},"EQ",{},"AND",{},"NE",{},"AND",{},"IN",{}],"orderBy":[{}],"sqlSegment":""},"lastSql":{"stringValue":""},"paramNameSeq":0,"paramNameValuePairs":{},"sqlComment":{"stringValue":""},"sqlFirst":{"stringValue":""},"sqlSelect":{"stringValue":"*"},"typedThis":{"$ref":".."}}
A
A
[{"a":"1","a2":"1"},{"a":"2","a2":"2"}]
{"@type":"com.alibaba.fastjson2.issues_2500.Issue2583$Bean","enumMap":{"@type":"java.util.EnumMap"}}
{
	"date":"2023-03-26T10:25:19Z"
}
{"configs":{"FROM":[{"defaultFromId":"birtney"}]}}
1036864783
[{"ActionType":2,"AlgInfo":"","AuthorName":"瓜不瓜","AuthorTags":["日常文"],"BookId":1036864783,"BookIntro":"陆离凭借自己的努力和系统的帮助走上了人生巅峰。至于青梅？啥，我还有青梅竹马啊？","BookName":"被青梅拒绝后，我获得了模拟器","BookStatus":"连载","CategoryId":4,"CategoryName":"都市","Description":"所有人都认为陆离会和徐清在一起。毕竟这俩人郎才女貌，还从小认识。\n可在散伙饭那天，徐清拒绝了陆离的表白。正在陆离怅然之际，突然听到耳边传来的提示音。\n【恭喜您获","Did":"1036864783","Dt":1,"Ex2":"","LastChapterId":0,"LastChapterName":"","LastChapterTime":0,"Pos":0,"RankName":"","ShowTime":1692079200000,"SubCategoryName":"都市生活","Type":0,"WordCount":"58万","day":"15","fbAlg":"","fbAppId":0,"fbId":1036864783,"fbType":1,"isReal":true,"isVip":1,"lastUpdateTimes":"","month":"08","recommendCol":"rengongtuijian","recommendStyle":0,"sp":"{\"exposetime\":1692084881634,\"scene\":\"preface_with_editor\"}","stability":0,"year":"2023"}]
Issue1790.Bean(op=yyy, test={"erw":{"qqq":12313}})
WARNING: Use of the three-letter time zone ID "ACT" is deprecated and it will be removed in a future release
WARNING: Use of the three-letter time zone ID "AET" is deprecated and it will be removed in a future release
WARNING: Use of the three-letter time zone ID "AGT" is deprecated and it will be removed in a future release
WARNING: Use of the three-letter time zone ID "ART" is deprecated and it will be removed in a future release
WARNING: Use of the three-letter time zone ID "AST" is deprecated and it will be removed in a future release
WARNING: Use of the three-letter time zone ID "BET" is deprecated and it will be removed in a future release
WARNING: Use of the three-letter time zone ID "BST" is deprecated and it will be removed in a future release
WARNING: Use of the three-letter time zone ID "CAT" is deprecated and it will be removed in a future release
WARNING: Use of the three-letter time zone ID "CNT" is deprecated and it will be removed in a future release
WARNING: Use of the three-letter time zone ID "CST" is deprecated and it will be removed in a future release
WARNING: Use of the three-letter time zone ID "CTT" is deprecated and it will be removed in a future release
WARNING: Use of the three-letter time zone ID "EAT" is deprecated and it will be removed in a future release
WARNING: Use of the three-letter time zone ID "ECT" is deprecated and it will be removed in a future release
WARNING: Use of the three-letter time zone ID "EST" is deprecated and it will be removed in a future release
WARNING: Use of the three-letter time zone ID "HST" is deprecated and it will be removed in a future release
WARNING: Use of the three-letter time zone ID "IET" is deprecated and it will be removed in a future release
WARNING: Use of the three-letter time zone ID "IST" is deprecated and it will be removed in a future release
WARNING: Use of the three-letter time zone ID "JST" is deprecated and it will be removed in a future release
WARNING: Use of the three-letter time zone ID "MIT" is deprecated and it will be removed in a future release
WARNING: Use of the three-letter time zone ID "MST" is deprecated and it will be removed in a future release
WARNING: Use of the three-letter time zone ID "NET" is deprecated and it will be removed in a future release
WARNING: Use of the three-letter time zone ID "NST" is deprecated and it will be removed in a future release
WARNING: Use of the three-letter time zone ID "PLT" is deprecated and it will be removed in a future release
WARNING: Use of the three-letter time zone ID "PNT" is deprecated and it will be removed in a future release
WARNING: Use of the three-letter time zone ID "PRT" is deprecated and it will be removed in a future release
WARNING: Use of the three-letter time zone ID "PST" is deprecated and it will be removed in a future release
WARNING: Use of the three-letter time zone ID "SST" is deprecated and it will be removed in a future release
WARNING: Use of the three-letter time zone ID "VST" is deprecated and it will be removed in a future release
{"appResp":{"message":"成功","status":"200","timestamp":"2017-03-15 12:13:14"}}
Issue474.Result(items=[Issue474.Item(name=item1), Issue474.Item(name=item2)])
Issue474.Result(items=[Issue474.Item(name=item1), Issue474.Item(name=item2)])
{
	"@type":"com.alibaba.fastjson2.issues.Issue385$Bean#0",
	"@value":{
		"items":{
			"@type":"java.util.Arrays$ArrayList#1",
			"@value":[
				"CamelCase",
				"PascalCase"
			]
		}
	}
}
{"data":{"pageNum":1,"pageSize":100,"records":[{"calledTimes":1,"callerPhone":"大屏演示专用线路","channelCode":"0","chatRound":0,"customerPhone":"xxxx","duration":0,"endTime":"2022-06-27 20:29:51","finishStatusDesc":"占线","finishStatusId":6,"finishStatusName":"BUSY","intentionResult":"D","startTime":"2022-06-27 20:29:07"}],"total":1}}
{"reservationId":"1520799011718696960","mealsAvailable":true,"handBaggageNum":1,"checkedBaggageNum":0}
str = {"test":[{"demo":""}]}
list = Issue464.TestParam(test=[Issue464.Demo(demo=null)])
{"a":"a value","c":"c value"}
{"c":"c value"}
{"a":null,"b":null,"c":"c value"}
{"a":null,"b":"b value","c":null}
Issue448.BasicStaff(boyList=[Issue448.BasicStaff(boyList=null, localDate=2026-10-07, localDateTime=2026-10-07T00:34:06)], localDate=2026-10-07, localDateTime=2026-10-07T00:34:06)
required latitude
2147483650
[{"var1":"d0"}]
{"availableBeginTime":"2026-10-07 00:34:16.682","availableEndTime":"2026-10-07 17:14:16.682"}
{"availableBeginTime":"2026-10-07 00:34:16.682","availableEndTime":"2026-10-07 17:14:16.682"}
{"availableBeginTime":"2026-10-07 00:34:16.682","availableEndTime":"2026-10-07 17:14:16.682"}
{"availableBeginTime":"2026-10-07 00:34:16.682","availableEndTime":"2026-10-07 17:14:16.682"}
{"availableBeginTime":"2026-10-07 00:34:16.682","availableEndTime":"2026-10-07 17:14:16.682"}
{"availableBeginTime":"2026-10-07 00:34:16.682","availableEndTime":"2026-10-07 17:14:16.682"}
{"availableBeginTime":"2026-10-07 00:34:16.682","availableEndTime":"2026-10-07 17:14:16.682"}
{"availableBeginTime":"2026-10-07 00:34:16.682","availableEndTime":"2026-10-07 17:14:16.682"}
{"availableBeginTime":"2026-10-07 00:34:16.682","availableEndTime":"2026-10-07 17:14:16.682"}
{"availableBeginTime":"2026-10-07 00:34:16.682","availableEndTime":"2026-10-07 17:14:16.682"}
{"availableBeginTime":"2026-10-07 00:34:16.682","availableEndTime":"2026-10-07 17:14:16.682"}
{"availableBeginTime":"2026-10-07 00:34:16.682","availableEndTime":"2026-10-07 17:14:16.682"}
{"availableBeginTime":"2026-10-07 00:34:16.682","availableEndTime":"2026-10-07 17:14:16.682"}
{"availableBeginTime":"2026-10-07 00:34:16.682","availableEndTime":"2026-10-07 17:14:16.682"}
{"availableBeginTime":"2026-10-07 00:34:16.682","availableEndTime":"2026-10-07 17:14:16.682"}
{"availableBeginTime":"2026-10-07 00:34:16.682","availableEndTime":"2026-10-07 17:14:16.682"}
{"availableBeginTime":"2026-10-07 00:34:16.682","availableEndTime":"2026-10-07 17:14:16.682"}
{"availableBeginTime":"2026-10-07 00:34:16.682","availableEndTime":"2026-10-07 17:14:16.682"}
{"availableBeginTime":"2026-10-07 00:34:16.682","availableEndTime":"2026-10-07 17:14:16.682"}
{"availableBeginTime":"2026-10-07 00:34:16.682","availableEndTime":"2026-10-07 17:14:16.682"}
{"availableBeginTime":"2026-10-07 00:34:16.682","availableEndTime":"2026-10-07 17:14:16.682"}
{"availableBeginTime":"2026-10-07 00:34:16.682","availableEndTime":"2026-10-07 17:14:16.682"}
{"availableBeginTime":"2026-10-07 00:34:16.682","availableEndTime":"2026-10-07 17:14:16.682"}
{"availableBeginTime":"2026-10-07 00:34:16.682","availableEndTime":"2026-10-07 17:14:16.682"}
{"availableBeginTime":"2026-10-07 00:34:16.682","availableEndTime":"2026-10-07 17:14:16.682"}
{"availableBeginTime":"2026-10-07 00:34:16.682","availableEndTime":"2026-10-07 17:14:16.682"}
{"availableBeginTime":"2026-10-07 00:34:16.682","availableEndTime":"2026-10-07 17:14:16.682"}
{"availableBeginTime":"2026-10-07 00:34:16.682","availableEndTime":"2026-10-07 17:14:16.682"}
{"availableBeginTime":"2026-10-07 00:34:16.682","availableEndTime":"2026-10-07 17:14:16.682"}
{"availableBeginTime":"2026-10-07 00:34:16.682","availableEndTime":"2026-10-07 17:14:16.682"}
{"availableBeginTime":"2026-10-07 00:34:16.682","availableEndTime":"2026-10-07 17:14:16.682"}
{"availableBeginTime":"2026-10-07 00:34:16.682","availableEndTime":"2026-10-07 17:14:16.682"}
{"availableBeginTime":"2026-10-07 00:34:16.682","availableEndTime":"2026-10-07 17:14:16.682"}
{"availableBeginTime":"2026-10-07 00:34:16.682","availableEndTime":"2026-10-07 17:14:16.682"}
{"availableBeginTime":"2026-10-07 00:34:16.682","availableEndTime":"2026-10-07 17:14:16.682"}
{"availableBeginTime":"2026-10-07 00:34:16.682","availableEndTime":"2026-10-07 17:14:16.682"}
{"availableBeginTime":"2026-10-07 00:34:16.682","availableEndTime":"2026-10-07 17:14:16.682"}
{"availableBeginTime":"2026-10-07 00:34:16.682","availableEndTime":"2026-10-07 17:14:16.682"}
{"availableBeginTime":"2026-10-07 00:34:16.682","availableEndTime":"2026-10-07 17:14:16.682"}
{"availableBeginTime":"2026-10-07 00:34:16.682","availableEndTime":"2026-10-07 17:14:16.682"}
{"availableBeginTime":"2026-10-07 00:34:16.682","availableEndTime":"2026-10-07 17:14:16.682"}
{"availableBeginTime":"2026-10-07 00:34:16.682","availableEndTime":"2026-10-07 17:14:16.682"}
{"availableBeginTime":"2026-10-07 00:34:16.682","availableEndTime":"2026-10-07 17:14:16.682"}
{"availableBeginTime":"2026-10-07 00:34:16.682","availableEndTime":"2026-10-07 17:14:16.682"}
{"availableBeginTime":"2026-10-07 00:34:16.682","availableEndTime":"2026-10-07 17:14:16.682"}
{"availableBeginTime":"2026-10-07 00:34:16.682","availableEndTime":"2026-10-07 17:14:16.682"}
{"availableBeginTime":"2026-10-07 00:34:16.682","availableEndTime":"2026-10-07 17:14:16.682"}
{"availableBeginTime":"2026-10-07 00:34:16.682","availableEndTime":"2026-10-07 17:14:16.682"}
{"availableBeginTime":"2026-10-07 00:34:16.682","availableEndTime":"2026-10-07 17:14:16.682"}
{"availableBeginTime":"2026-10-07 00:34:16.682","availableEndTime":"2026-10-07 17:14:16.682"}
{"availableBeginTime":"2026-10-07 00:34:16.682","availableEndTime":"2026-10-07 17:14:16.682"}
{"availableBeginTime":"2026-10-07 00:34:16.682","availableEndTime":"2026-10-07 17:14:16.682"}
{"availableBeginTime":"2026-10-07 00:34:16.682","availableEndTime":"2026-10-07 17:14:16.682"}
{"availableBeginTime":"2026-10-07 00:34:16.682","availableEndTime":"2026-10-07 17:14:16.682"}
{"availableBeginTime":"2026-10-07 00:34:16.682","availableEndTime":"2026-10-07 17:14:16.682"}
{"availableBeginTime":"2026-10-07 00:34:16.682","availableEndTime":"2026-10-07 17:14:16.682"}
{"availableBeginTime":"2026-10-07 00:34:16.682","availableEndTime":"2026-10-07 17:14:16.682"}
{"availableBeginTime":"2026-10-07 00:34:16.682","availableEndTime":"2026-10-07 17:14:16.682"}
{"availableBeginTime":"2026-10-07 00:34:16.682","availableEndTime":"2026-10-07 17:14:16.682"}
{"availableBeginTime":"2026-10-07 00:34:16.682","availableEndTime":"2026-10-07 17:14:16.682"}
{"availableBeginTime":"2026-10-07 00:34:16.682","availableEndTime":"2026-10-07 17:14:16.682"}
{"availableBeginTime":"2026-10-07 00:34:16.682","availableEndTime":"2026-10-07 17:14:16.682"}
{"availableBeginTime":"2026-10-07 00:34:16.682","availableEndTime":"2026-10-07 17:14:16.682"}
{"availableBeginTime":"2026-10-07 00:34:16.682","availableEndTime":"2026-10-07 17:14:16.682"}
{"availableBeginTime":"2026-10-07 00:34:16.682","availableEndTime":"2026-10-07 17:14:16.682"}
{"availableBeginTime":"2026-10-07 00:34:16.682","availableEndTime":"2026-10-07 17:14:16.682"}
{"availableBeginTime":"2026-10-07 00:34:16.682","availableEndTime":"2026-10-07 17:14:16.682"}
{"availableBeginTime":"2026-10-07 00:34:16.682","availableEndTime":"2026-10-07 17:14:16.682"}
{"availableBeginTime":"2026-10-07 00:34:16.682","availableEndTime":"2026-10-07 17:14:16.682"}
{"availableBeginTime":"2026-10-07 00:34:16.683","availableEndTime":"2026-10-07 17:14:16.683"}
{"availableBeginTime":"2026-10-07 00:34:16.683","availableEndTime":"2026-10-07 17:14:16.683"}
{"availableBeginTime":"2026-10-07 00:34:16.683","availableEndTime":"2026-10-07 17:14:16.683"}
{"availableBeginTime":"2026-10-07 00:34:16.683","availableEndTime":"2026-10-07 17:14:16.683"}
{"availableBeginTime":"2026-10-07 00:34:16.683","availableEndTime":"2026-10-07 17:14:16.683"}
{"availableBeginTime":"2026-10-07 00:34:16.683","availableEndTime":"2026-10-07 17:14:16.683"}
{"availableBeginTime":"2026-10-07 00:34:16.683","availableEndTime":"2026-10-07 17:14:16.683"}
{"availableBeginTime":"2026-10-07 00:34:16.683","availableEndTime":"2026-10-07 17:14:16.683"}
{"availableBeginTime":"2026-10-07 00:34:16.683","availableEndTime":"2026-10-07 17:14:16.683"}
{"availableBeginTime":"2026-10-07 00:34:16.683","availableEndTime":"2026-10-07 17:14:16.683"}
{"availableBeginTime":"2026-10-07 00:34:16.683","availableEndTime":"2026-10-07 17:14:16.683"}
{"availableBeginTime":"2026-10-07 00:34:16.683","availableEndTime":"2026-10-07 17:14:16.683"}
{"availableBeginTime":"2026-10-07 00:34:16.683","availableEndTime":"2026-10-07 17:14:16.683"}
{"availableBeginTime":"2026-10-07 00:34:16.683","availableEndTime":"2026-10-07 17:14:16.683"}
{"availableBeginTime":"2026-10-07 00:34:16.683","availableEndTime":"2026-10-07 17:14:16.683"}
{"availableBeginTime":"2026-10-07 00:34:16.683","availableEndTime":"2026-10-07 17:14:16.683"}
{"availableBeginTime":"2026-10-07 00:34:16.683","availableEndTime":"2026-10-07 17:14:16.683"}
{"availableBeginTime":"2026-10-07 00:34:16.683","availableEndTime":"2026-10-07 17:14:16.683"}
{"availableBeginTime":"2026-10-07 00:34:16.683","availableEndTime":"2026-10-07 17:14:16.683"}
{"availableBeginTime":"2026-10-07 00:34:16.683","availableEndTime":"2026-10-07 17:14:16.683"}
{"availableBeginTime":"2026-10-07 00:34:16.683","availableEndTime":"2026-10-07 17:14:16.683"}
{"availableBeginTime":"2026-10-07 00:34:16.683","availableEndTime":"2026-10-07 17:14:16.683"}
{"availableBeginTime":"2026-10-07 00:34:16.683","availableEndTime":"2026-10-07 17:14:16.683"}
{"availableBeginTime":"2026-10-07 00:34:16.683","availableEndTime":"2026-10-07 17:14:16.683"}
{"availableBeginTime":"2026-10-07 00:34:16.683","availableEndTime":"2026-10-07 17:14:16.683"}
{"availableBeginTime":"2026-10-07 00:34:16.683","availableEndTime":"2026-10-07 17:14:16.683"}
{"availableBeginTime":"2026-10-07 00:34:16.683","availableEndTime":"2026-10-07 17:14:16.683"}
{"availableBeginTime":"2026-10-07 00:34:16.683","availableEndTime":"2026-10-07 17:14:16.683"}
{"availableBeginTime":"2026-10-07 00:34:16.683","availableEndTime":"2026-10-07 17:14:16.683"}
{"availableBeginTime":"2026-10-07 00:34:16.683","availableEndTime":"2026-10-07 17:14:16.683"}
{"availableBeginTime":"2026-10-07 00:34:16.683","availableEndTime":"2026-10-07 17:14:16.683"}
{"availableBeginTime":"2026-10-07 00:34:16.683","availableEndTime":"2026-10-07 17:14:16.683"}
{"availableBeginTime":"2026-10-07 00:34:16.683","availableEndTime":"2026-10-07 17:14:16.683"}
{"availableBeginTime":"2026-10-07 00:34:16.683","availableEndTime":"2026-10-07 17:14:16.683"}
{"availableBeginTime":"2026-10-07 00:34:16.683","availableEndTime":"2026-10-07 17:14:16.683"}
{"availableBeginTime":"2026-10-07 00:34:16.683","availableEndTime":"2026-10-07 17:14:16.683"}
{"availableBeginTime":"2026-10-07 00:34:16.683","availableEndTime":"2026-10-07 17:14:16.683"}
{"availableBeginTime":"2026-10-07 00:34:16.683","availableEndTime":"2026-10-07 17:14:16.683"}
{"availableBeginTime":"2026-10-07 00:34:16.683","availableEndTime":"2026-10-07 17:14:16.683"}
{"availableBeginTime":"2026-10-07 00:34:16.683","availableEndTime":"2026-10-07 17:14:16.683"}
{"availableBeginTime":"2026-10-07 00:34:16.683","availableEndTime":"2026-10-07 17:14:16.683"}
{"availableBeginTime":"2026-10-07 00:34:16.683","availableEndTime":"2026-10-07 17:14:16.683"}
{"availableBeginTime":"2026-10-07 00:34:16.683","availableEndTime":"2026-10-07 17:14:16.683"}
{"availableBeginTime":"2026-10-07 00:34:16.683","availableEndTime":"2026-10-07 17:14:16.683"}
{"availableBeginTime":"2026-10-07 00:34:16.683","availableEndTime":"2026-10-07 17:14:16.683"}
{"availableBeginTime":"2026-10-07 00:34:16.683","availableEndTime":"2026-10-07 17:14:16.683"}
{"availableBeginTime":"2026-10-07 00:34:16.683","availableEndTime":"2026-10-07 17:14:16.683"}
{"availableBeginTime":"2026-10-07 00:34:16.683","availableEndTime":"2026-10-07 17:14:16.683"}
{"availableBeginTime":"2026-10-07 00:34:16.683","availableEndTime":"2026-10-07 17:14:16.683"}
{"availableBeginTime":"2026-10-07 00:34:16.683","availableEndTime":"2026-10-07 17:14:16.683"}
{"availableBeginTime":"2026-10-07 00:34:16.683","availableEndTime":"2026-10-07 17:14:16.683"}
{"availableBeginTime":"2026-10-07 00:34:16.683","availableEndTime":"2026-10-07 17:14:16.683"}
{"availableBeginTime":"2026-10-07 00:34:16.683","availableEndTime":"2026-10-07 17:14:16.683"}
{"availableBeginTime":"2026-10-07 00:34:16.683","availableEndTime":"2026-10-07 17:14:16.683"}
{"availableBeginTime":"2026-10-07 00:34:16.683","availableEndTime":"2026-10-07 17:14:16.683"}
{"availableBeginTime":"2026-10-07 00:34:16.683","availableEndTime":"2026-10-07 17:14:16.683"}
{"availableBeginTime":"2026-10-07 00:34:16.683","availableEndTime":"2026-10-07 17:14:16.683"}
{"availableBeginTime":"2026-10-07 00:34:16.683","availableEndTime":"2026-10-07 17:14:16.683"}
{"availableBeginTime":"2026-10-07 00:34:16.683","availableEndTime":"2026-10-07 17:14:16.683"}
{"availableBeginTime":"2026-10-07 00:34:16.683","availableEndTime":"2026-10-07 17:14:16.683"}
{"availableBeginTime":"2026-10-07 00:34:16.683","availableEndTime":"2026-10-07 17:14:16.683"}
{"availableBeginTime":"2026-10-07 00:34:16.683","availableEndTime":"2026-10-07 17:14:16.683"}
{"availableBeginTime":"2026-10-07 00:34:16.683","availableEndTime":"2026-10-07 17:14:16.683"}
{"availableBeginTime":"2026-10-07 00:34:16.683","availableEndTime":"2026-10-07 17:14:16.683"}
{"availableBeginTime":"2026-10-07 00:34:16.683","availableEndTime":"2026-10-07 17:14:16.683"}
{"availableBeginTime":"2026-10-07 00:34:16.683","availableEndTime":"2026-10-07 17:14:16.683"}
{"availableBeginTime":"2026-10-07 00:34:16.683","availableEndTime":"2026-10-07 17:14:16.683"}
{"availableBeginTime":"2026-10-07 00:34:16.683","availableEndTime":"2026-10-07 17:14:16.683"}
{"availableBeginTime":"2026-10-07 00:34:16.683","availableEndTime":"2026-10-07 17:14:16.683"}
{"availableBeginTime":"2026-10-07 00:34:16.683","availableEndTime":"2026-10-07 17:14:16.683"}
{"availableBeginTime":"2026-10-07 00:34:16.683","availableEndTime":"2026-10-07 17:14:16.683"}
{"availableBeginTime":"2026-10-07 00:34:16.683","availableEndTime":"2026-10-07 17:14:16.683"}
{"availableBeginTime":"2026-10-07 00:34:16.683","availableEndTime":"2026-10-07 17:14:16.683"}
{"availableBeginTime":"2026-10-07 00:34:16.683","availableEndTime":"2026-10-07 17:14:16.683"}
{"availableBeginTime":"2026-10-07 00:34:16.683","availableEndTime":"2026-10-07 17:14:16.683"}
{"availableBeginTime":"2026-10-07 00:34:16.683","availableEndTime":"2026-10-07 17:14:16.683"}
{"availableBeginTime":"2026-10-07 00:34:16.683","availableEndTime":"2026-10-07 17:14:16.683"}
{"availableBeginTime":"2026-10-07 00:34:16.683","availableEndTime":"2026-10-07 17:14:16.683"}
{"availableBeginTime":"2026-10-07 00:34:16.683","availableEndTime":"2026-10-07 17:14:16.683"}
{"availableBeginTime":"2026-10-07 00:34:16.683","availableEndTime":"2026-10-07 17:14:16.683"}
{"availableBeginTime":"2026-10-07 00:34:16.683","availableEndTime":"2026-10-07 17:14:16.683"}
{"availableBeginTime":"2026-10-07 00:34:16.683","availableEndTime":"2026-10-07 17:14:16.683"}
{"availableBeginTime":"2026-10-07 00:34:16.683","availableEndTime":"2026-10-07 17:14:16.683"}
{"availableBeginTime":"2026-10-07 00:34:16.683","availableEndTime":"2026-10-07 17:14:16.683"}
{"availableBeginTime":"2026-10-07 00:34:16.683","availableEndTime":"2026-10-07 17:14:16.683"}
{"availableBeginTime":"2026-10-07 00:34:16.683","availableEndTime":"2026-10-07 17:14:16.683"}
{"availableBeginTime":"2026-10-07 00:34:16.683","availableEndTime":"2026-10-07 17:14:16.683"}
{"availableBeginTime":"2026-10-07 00:34:16.683","availableEndTime":"2026-10-07 17:14:16.683"}
{"availableBeginTime":"2026-10-07 00:34:16.683","availableEndTime":"2026-10-07 17:14:16.683"}
{"availableBeginTime":"2026-10-07 00:34:16.683","availableEndTime":"2026-10-07 17:14:16.683"}
{"availableBeginTime":"2026-10-07 00:34:16.683","availableEndTime":"2026-10-07 17:14:16.683"}
{"availableBeginTime":"2026-10-07 00:34:16.683","availableEndTime":"2026-10-07 17:14:16.683"}
{"availableBeginTime":"2026-10-07 00:34:16.683","availableEndTime":"2026-10-07 17:14:16.683"}
{"availableBeginTime":"2026-10-07 00:34:16.683","availableEndTime":"2026-10-07 17:14:16.683"}
{"availableBeginTime":"2026-10-07 00:34:16.683","availableEndTime":"2026-10-07 17:14:16.683"}
{"availableBeginTime":"2026-10-07 00:34:16.683","availableEndTime":"2026-10-07 17:14:16.683"}
{"availableBeginTime":"2026-10-07 00:34:16.683","availableEndTime":"2026-10-07 17:14:16.683"}
{"availableBeginTime":"2026-10-07 00:34:16.683","availableEndTime":"2026-10-07 17:14:16.683"}
{"availableBeginTime":"2026-10-07 00:34:16.683","availableEndTime":"2026-10-07 17:14:16.683"}
{"availableBeginTime":"2026-10-07 00:34:16.683","availableEndTime":"2026-10-07 17:14:16.683"}
{"availableBeginTime":"2026-10-07 00:34:16.683","availableEndTime":"2026-10-07 17:14:16.683"}
{"availableBeginTime":"2026-10-07 00:34:16.683","availableEndTime":"2026-10-07 17:14:16.683"}
{"availableBeginTime":"2026-10-07 00:34:16.683","availableEndTime":"2026-10-07 17:14:16.683"}
{"availableBeginTime":"2026-10-07 00:34:16.683","availableEndTime":"2026-10-07 17:14:16.683"}
{"availableBeginTime":"2026-10-07 00:34:16.683","availableEndTime":"2026-10-07 17:14:16.683"}
{"availableBeginTime":"2026-10-07 00:34:16.683","availableEndTime":"2026-10-07 17:14:16.683"}
{"availableBeginTime":"2026-10-07 00:34:16.683","availableEndTime":"2026-10-07 17:14:16.683"}
{"availableBeginTime":"2026-10-07 00:34:16.683","availableEndTime":"2026-10-07 17:14:16.683"}
{"availableBeginTime":"2026-10-07 00:34:16.683","availableEndTime":"2026-10-07 17:14:16.683"}
{"availableBeginTime":"2026-10-07 00:34:16.683","availableEndTime":"2026-10-07 17:14:16.683"}
{"availableBeginTime":"2026-10-07 00:34:16.683","availableEndTime":"2026-10-07 17:14:16.683"}
{"availableBeginTime":"2026-10-07 00:34:16.683","availableEndTime":"2026-10-07 17:14:16.683"}
{"availableBeginTime":"2026-10-07 00:34:16.683","availableEndTime":"2026-10-07 17:14:16.683"}
{"availableBeginTime":"2026-10-07 00:34:16.683","availableEndTime":"2026-10-07 17:14:16.683"}
{"availableBeginTime":"2026-10-07 00:34:16.683","availableEndTime":"2026-10-07 17:14:16.683"}
{"availableBeginTime":"2026-10-07 00:34:16.683","availableEndTime":"2026-10-07 17:14:16.683"}
{"availableBeginTime":"2026-10-07 00:34:16.683","availableEndTime":"2026-10-07 17:14:16.683"}
{"availableBeginTime":"2026-10-07 00:34:16.683","availableEndTime":"2026-10-07 17:14:16.683"}
{"availableBeginTime":"2026-10-07 00:34:16.683","availableEndTime":"2026-10-07 17:14:16.683"}
{"availableBeginTime":"2026-10-07 00:34:16.683","availableEndTime":"2026-10-07 17:14:16.683"}
{"availableBeginTime":"2026-10-07 00:34:16.683","availableEndTime":"2026-10-07 17:14:16.683"}
{"availableBeginTime":"2026-10-07 00:34:16.683","availableEndTime":"2026-10-07 17:14:16.683"}
{"availableBeginTime":"2026-10-07 00:34:16.683","availableEndTime":"2026-10-07 17:14:16.683"}
{"availableBeginTime":"2026-10-07 00:34:16.683","availableEndTime":"2026-10-07 17:14:16.683"}
{"availableBeginTime":"2026-10-07 00:34:16.683","availableEndTime":"2026-10-07 17:14:16.683"}
{"availableBeginTime":"2026-10-07 00:34:16.683","availableEndTime":"2026-10-07 17:14:16.683"}
{"availableBeginTime":"2026-10-07 00:34:16.683","availableEndTime":"2026-10-07 17:14:16.683"}
{"availableBeginTime":"2026-10-07 00:34:16.683","availableEndTime":"2026-10-07 17:14:16.683"}
{"availableBeginTime":"2026-10-07 00:34:16.683","availableEndTime":"2026-10-07 17:14:16.683"}
{"availableBeginTime":"2026-10-07 00:34:16.683","availableEndTime":"2026-10-07 17:14:16.683"}
{"availableBeginTime":"2026-10-07 00:34:16.683","availableEndTime":"2026-10-07 17:14:16.683"}
{"availableBeginTime":"2026-10-07 00:34:16.683","availableEndTime":"2026-10-07 17:14:16.683"}
{"availableBeginTime":"2026-10-07 00:34:16.683","availableEndTime":"2026-10-07 17:14:16.683"}
{"availableBeginTime":"2026-10-07 00:34:16.683","availableEndTime":"2026-10-07 17:14:16.683"}
{"availableBeginTime":"2026-10-07 00:34:16.683","availableEndTime":"2026-10-07 17:14:16.683"}
{"availableBeginTime":"2026-10-07 00:34:16.683","availableEndTime":"2026-10-07 17:14:16.683"}
{"availableBeginTime":"2026-10-07 00:34:16.683","availableEndTime":"2026-10-07 17:14:16.683"}
{"availableBeginTime":"2026-10-07 00:34:16.683","availableEndTime":"2026-10-07 17:14:16.683"}
{"availableBeginTime":"2026-10-07 00:34:16.683","availableEndTime":"2026-10-07 17:14:16.683"}
{"availableBeginTime":"2026-10-07 00:34:16.683","availableEndTime":"2026-10-07 17:14:16.683"}
{"availableBeginTime":"2026-10-07 00:34:16.683","availableEndTime":"2026-10-07 17:14:16.683"}
{"availableBeginTime":"2026-10-07 00:34:16.683","availableEndTime":"2026-10-07 17:14:16.683"}
{"availableBeginTime":"2026-10-07 00:34:16.683","availableEndTime":"2026-10-07 17:14:16.683"}
{"availableBeginTime":"2026-10-07 00:34:16.683","availableEndTime":"2026-10-07 17:14:16.683"}
{"availableBeginTime":"2026-10-07 00:34:16.683","availableEndTime":"2026-10-07 17:14:16.683"}
{"availableBeginTime":"2026-10-07 00:34:16.683","availableEndTime":"2026-10-07 17:14:16.683"}
{"availableBeginTime":"2026-10-07 00:34:16.683","availableEndTime":"2026-10-07 17:14:16.683"}
{"availableBeginTime":"2026-10-07 00:34:16.683","availableEndTime":"2026-10-07 17:14:16.683"}
{"availableBeginTime":"2026-10-07 00:34:16.683","availableEndTime":"2026-10-07 17:14:16.683"}
{"availableBeginTime":"2026-10-07 00:34:16.683","availableEndTime":"2026-10-07 17:14:16.683"}
{"availableBeginTime":"2026-10-07 00:34:16.683","availableEndTime":"2026-10-07 17:14:16.683"}
{"availableBeginTime":"2026-10-07 00:34:16.683","availableEndTime":"2026-10-07 17:14:16.683"}
{"availableBeginTime":"2026-10-07 00:34:16.683","availableEndTime":"2026-10-07 17:14:16.683"}
{"availableBeginTime":"2026-10-07 00:34:16.683","availableEndTime":"2026-10-07 17:14:16.683"}
{"availableBeginTime":"2026-10-07 00:34:16.683","availableEndTime":"2026-10-07 17:14:16.683"}
{"availableBeginTime":"2026-10-07 00:34:16.683","availableEndTime":"2026-10-07 17:14:16.683"}
{"availableBeginTime":"2026-10-07 00:34:16.683","availableEndTime":"2026-10-07 17:14:16.683"}
{"availableBeginTime":"2026-10-07 00:34:16.683","availableEndTime":"2026-10-07 17:14:16.683"}
{"availableBeginTime":"2026-10-07 00:34:16.683","availableEndTime":"2026-10-07 17:14:16.683"}
{"availableBeginTime":"2026-10-07 00:34:16.683","availableEndTime":"2026-10-07 17:14:16.683"}
{"availableBeginTime":"2026-10-07 00:34:16.683","availableEndTime":"2026-10-07 17:14:16.683"}
{"availableBeginTime":"2026-10-07 00:34:16.683","availableEndTime":"2026-10-07 17:14:16.683"}
{"availableBeginTime":"2026-10-07 00:34:16.683","availableEndTime":"2026-10-07 17:14:16.683"}
{"availableBeginTime":"2026-10-07 00:34:16.683","availableEndTime":"2026-10-07 17:14:16.683"}
{"availableBeginTime":"2026-10-07 00:34:16.683","availableEndTime":"2026-10-07 17:14:16.683"}
{"availableBeginTime":"2026-10-07 00:34:16.683","availableEndTime":"2026-10-07 17:14:16.683"}
{"availableBeginTime":"2026-10-07 00:34:16.683","availableEndTime":"2026-10-07 17:14:16.683"}
{"availableBeginTime":"2026-10-07 00:34:16.683","availableEndTime":"2026-10-07 17:14:16.683"}
{"availableBeginTime":"2026-10-07 00:34:16.683","availableEndTime":"2026-10-07 17:14:16.683"}
{"availableBeginTime":"2026-10-07 00:34:16.683","availableEndTime":"2026-10-07 17:14:16.683"}
{"availableBeginTime":"2026-10-07 00:34:16.683","availableEndTime":"2026-10-07 17:14:16.683"}
{"availableBeginTime":"2026-10-07 00:34:16.683","availableEndTime":"2026-10-07 17:14:16.683"}
{"availableBeginTime":"2026-10-07 00:34:16.683","availableEndTime":"2026-10-07 17:14:16.683"}
{"availableBeginTime":"2026-10-07 00:34:16.683","availableEndTime":"2026-10-07 17:14:16.683"}
{"availableBeginTime":"2026-10-07 00:34:16.683","availableEndTime":"2026-10-07 17:14:16.683"}
{"availableBeginTime":"2026-10-07 00:34:16.683","availableEndTime":"2026-10-07 17:14:16.683"}
{"availableBeginTime":"2026-10-07 00:34:16.683","availableEndTime":"2026-10-07 17:14:16.683"}
{"availableBeginTime":"2026-10-07 00:34:16.683","availableEndTime":"2026-10-07 17:14:16.683"}
{"availableBeginTime":"2026-10-07 00:34:16.683","availableEndTime":"2026-10-07 17:14:16.683"}
{"availableBeginTime":"2026-10-07 00:34:16.683","availableEndTime":"2026-10-07 17:14:16.683"}
{"availableBeginTime":"2026-10-07 00:34:16.683","availableEndTime":"2026-10-07 17:14:16.683"}
{"availableBeginTime":"2026-10-07 00:34:16.683","availableEndTime":"2026-10-07 17:14:16.683"}
{"availableBeginTime":"2026-10-07 00:34:16.683","availableEndTime":"2026-10-07 17:14:16.683"}
{"availableBeginTime":"2026-10-07 00:34:16.683","availableEndTime":"2026-10-07 17:14:16.683"}
{"availableBeginTime":"2026-10-07 00:34:16.683","availableEndTime":"2026-10-07 17:14:16.683"}
{"availableBeginTime":"2026-10-07 00:34:16.683","availableEndTime":"2026-10-07 17:14:16.683"}
{"availableBeginTime":"2026-10-07 00:34:16.683","availableEndTime":"2026-10-07 17:14:16.683"}
{"availableBeginTime":"2026-10-07 00:34:16.683","availableEndTime":"2026-10-07 17:14:16.683"}
{"availableBeginTime":"2026-10-07 00:34:16.683","availableEndTime":"2026-10-07 17:14:16.683"}
{"availableBeginTime":"2026-10-07 00:34:16.683","availableEndTime":"2026-10-07 17:14:16.683"}
{"availableBeginTime":"2026-10-07 00:34:16.683","availableEndTime":"2026-10-07 17:14:16.683"}
{"availableBeginTime":"2026-10-07 00:34:16.683","availableEndTime":"2026-10-07 17:14:16.683"}
{"availableBeginTime":"2026-10-07 00:34:16.683","availableEndTime":"2026-10-07 17:14:16.683"}
{"availableBeginTime":"2026-10-07 00:34:16.683","availableEndTime":"2026-10-07 17:14:16.683"}
{"availableBeginTime":"2026-10-07 00:34:16.683","availableEndTime":"2026-10-07 17:14:16.683"}
{"availableBeginTime":"2026-10-07 00:34:16.683","availableEndTime":"2026-10-07 17:14:16.683"}
{"availableBeginTime":"2026-10-07 00:34:16.683","availableEndTime":"2026-10-07 17:14:16.683"}
{"availableBeginTime":"2026-10-07 00:34:16.683","availableEndTime":"2026-10-07 17:14:16.683"}
{"availableBeginTime":"2026-10-07 00:34:16.683","availableEndTime":"2026-10-07 17:14:16.683"}
{"availableBeginTime":"2026-10-07 00:34:16.683","availableEndTime":"2026-10-07 17:14:16.683"}
{"availableBeginTime":"2026-10-07 00:34:16.683","availableEndTime":"2026-10-07 17:14:16.683"}
{"availableBeginTime":"2026-10-07 00:34:16.683","availableEndTime":"2026-10-07 17:14:16.683"}
{"availableBeginTime":"2026-10-07 00:34:16.683","availableEndTime":"2026-10-07 17:14:16.683"}
{"availableBeginTime":"2026-10-07 00:34:16.683","availableEndTime":"2026-10-07 17:14:16.683"}
{"availableBeginTime":"2026-10-07 00:34:16.683","availableEndTime":"2026-10-07 17:14:16.683"}
{"availableBeginTime":"2026-10-07 00:34:16.683","availableEndTime":"2026-10-07 17:14:16.683"}
{"availableBeginTime":"2026-10-07 00:34:16.683","availableEndTime":"2026-10-07 17:14:16.683"}
{"availableBeginTime":"2026-10-07 00:34:16.683","availableEndTime":"2026-10-07 17:14:16.683"}
{"availableBeginTime":"2026-10-07 00:34:16.683","availableEndTime":"2026-10-07 17:14:16.683"}
{"availableBeginTime":"2026-10-07 00:34:16.683","availableEndTime":"2026-10-07 17:14:16.683"}
{"availableBeginTime":"2026-10-07 00:34:16.683","availableEndTime":"2026-10-07 17:14:16.683"}
{"availableBeginTime":"2026-10-07 00:34:16.683","availableEndTime":"2026-10-07 17:14:16.683"}
{"availableBeginTime":"2026-10-07 00:34:16.683","availableEndTime":"2026-10-07 17:14:16.683"}
{"availableBeginTime":"2026-10-07 00:34:16.683","availableEndTime":"2026-10-07 17:14:16.683"}
{"availableBeginTime":"2026-10-07 00:34:16.683","availableEndTime":"2026-10-07 17:14:16.683"}
{"availableBeginTime":"2026-10-07 00:34:16.683","availableEndTime":"2026-10-07 17:14:16.683"}
{"availableBeginTime":"2026-10-07 00:34:16.683","availableEndTime":"2026-10-07 17:14:16.683"}
{"availableBeginTime":"2026-10-07 00:34:16.683","availableEndTime":"2026-10-07 17:14:16.683"}
{"availableBeginTime":"2026-10-07 00:34:16.683","availableEndTime":"2026-10-07 17:14:16.683"}
{"availableBeginTime":"2026-10-07 00:34:16.683","availableEndTime":"2026-10-07 17:14:16.683"}
{"availableBeginTime":"2026-10-07 00:34:16.683","availableEndTime":"2026-10-07 17:14:16.683"}
{"availableBeginTime":"2026-10-07 00:34:16.683","availableEndTime":"2026-10-07 17:14:16.683"}
{"availableBeginTime":"2026-10-07 00:34:16.683","availableEndTime":"2026-10-07 17:14:16.683"}
{"availableBeginTime":"2026-10-07 00:34:16.683","availableEndTime":"2026-10-07 17:14:16.683"}
{"availableBeginTime":"2026-10-07 00:34:16.683","availableEndTime":"2026-10-07 17:14:16.683"}
{"availableBeginTime":"2026-10-07 00:34:16.683","availableEndTime":"2026-10-07 17:14:16.683"}
{"availableBeginTime":"2026-10-07 00:34:16.683","availableEndTime":"2026-10-07 17:14:16.683"}
{"availableBeginTime":"2026-10-07 00:34:16.683","availableEndTime":"2026-10-07 17:14:16.683"}
{"availableBeginTime":"2026-10-07 00:34:16.683","availableEndTime":"2026-10-07 17:14:16.683"}
{"availableBeginTime":"2026-10-07 00:34:16.683","availableEndTime":"2026-10-07 17:14:16.683"}
{"availableBeginTime":"2026-10-07 00:34:16.683","availableEndTime":"2026-10-07 17:14:16.683"}
{"availableBeginTime":"2026-10-07 00:34:16.683","availableEndTime":"2026-10-07 17:14:16.683"}
{"availableBeginTime":"2026-10-07 00:34:16.683","availableEndTime":"2026-10-07 17:14:16.683"}
{"availableBeginTime":"2026-10-07 00:34:16.683","availableEndTime":"2026-10-07 17:14:16.683"}
{"availableBeginTime":"2026-10-07 00:34:16.683","availableEndTime":"2026-10-07 17:14:16.683"}
{"availableBeginTime":"2026-10-07 00:34:16.683","availableEndTime":"2026-10-07 17:14:16.683"}
{"availableBeginTime":"2026-10-07 00:34:16.683","availableEndTime":"2026-10-07 17:14:16.683"}
{"availableBeginTime":"2026-10-07 00:34:16.683","availableEndTime":"2026-10-07 17:14:16.683"}
{"availableBeginTime":"2026-10-07 00:34:16.683","availableEndTime":"2026-10-07 17:14:16.683"}
{"availableBeginTime":"2026-10-07 00:34:16.683","availableEndTime":"2026-10-07 17:14:16.683"}
{"availableBeginTime":"2026-10-07 00:34:16.683","availableEndTime":"2026-10-07 17:14:16.683"}
{"availableBeginTime":"2026-10-07 00:34:16.683","availableEndTime":"2026-10-07 17:14:16.683"}
{"availableBeginTime":"2026-10-07 00:34:16.683","availableEndTime":"2026-10-07 17:14:16.683"}
{"availableBeginTime":"2026-10-07 00:34:16.683","availableEndTime":"2026-10-07 17:14:16.683"}
{"availableBeginTime":"2026-10-07 00:34:16.683","availableEndTime":"2026-10-07 17:14:16.683"}
{"availableBeginTime":"2026-10-07 00:34:16.683","availableEndTime":"2026-10-07 17:14:16.683"}
{"availableBeginTime":"2026-10-07 00:34:16.683","availableEndTime":"2026-10-07 17:14:16.683"}
{"availableBeginTime":"2026-10-07 00:34:16.683","availableEndTime":"2026-10-07 17:14:16.683"}
{"availableBeginTime":"2026-10-07 00:34:16.683","availableEndTime":"2026-10-07 17:14:16.683"}
{"availableBeginTime":"2026-10-07 00:34:16.683","availableEndTime":"2026-10-07 17:14:16.683"}
{"availableBeginTime":"2026-10-07 00:34:16.683","availableEndTime":"2026-10-07 17:14:16.683"}
{"availableBeginTime":"2026-10-07 00:34:16.683","availableEndTime":"2026-10-07 17:14:16.683"}
{"availableBeginTime":"2026-10-07 00:34:16.683","availableEndTime":"2026-10-07 17:14:16.683"}
{"availableBeginTime":"2026-10-07 00:34:16.683","availableEndTime":"2026-10-07 17:14:16.683"}
{"availableBeginTime":"2026-10-07 00:34:16.683","availableEndTime":"2026-10-07 17:14:16.683"}
{"availableBeginTime":"2026-10-07 00:34:16.683","availableEndTime":"2026-10-07 17:14:16.683"}
{"availableBeginTime":"2026-10-07 00:34:16.683","availableEndTime":"2026-10-07 17:14:16.683"}
{"availableBeginTime":"2026-10-07 00:34:16.683","availableEndTime":"2026-10-07 17:14:16.683"}
{"availableBeginTime":"2026-10-07 00:34:16.683","availableEndTime":"2026-10-07 17:14:16.683"}
{"availableBeginTime":"2026-10-07 00:34:16.683","availableEndTime":"2026-10-07 17:14:16.683"}
{"availableBeginTime":"2026-10-07 00:34:16.683","availableEndTime":"2026-10-07 17:14:16.683"}
{"availableBeginTime":"2026-10-07 00:34:16.683","availableEndTime":"2026-10-07 17:14:16.683"}
{"availableBeginTime":"2026-10-07 00:34:16.683","availableEndTime":"2026-10-07 17:14:16.683"}
{"availableBeginTime":"2026-10-07 00:34:16.683","availableEndTime":"2026-10-07 17:14:16.683"}
{"availableBeginTime":"2026-10-07 00:34:16.683","availableEndTime":"2026-10-07 17:14:16.683"}
{"availableBeginTime":"2026-10-07 00:34:16.683","availableEndTime":"2026-10-07 17:14:16.683"}
{"availableBeginTime":"2026-10-07 00:34:16.683","availableEndTime":"2026-10-07 17:14:16.683"}
{"availableBeginTime":"2026-10-07 00:34:16.683","availableEndTime":"2026-10-07 17:14:16.683"}
{"availableBeginTime":"2026-10-07 00:34:16.683","availableEndTime":"2026-10-07 17:14:16.683"}
{"availableBeginTime":"2026-10-07 00:34:16.683","availableEndTime":"2026-10-07 17:14:16.683"}
{"availableBeginTime":"2026-10-07 00:34:16.683","availableEndTime":"2026-10-07 17:14:16.683"}
{"availableBeginTime":"2026-10-07 00:34:16.683","availableEndTime":"2026-10-07 17:14:16.683"}
{"availableBeginTime":"2026-10-07 00:34:16.683","availableEndTime":"2026-10-07 17:14:16.683"}
{"availableBeginTime":"2026-10-07 00:34:16.683","availableEndTime":"2026-10-07 17:14:16.683"}
{"availableBeginTime":"2026-10-07 00:34:16.683","availableEndTime":"2026-10-07 17:14:16.683"}
{"availableBeginTime":"2026-10-07 00:34:16.683","availableEndTime":"2026-10-07 17:14:16.683"}
{"availableBeginTime":"2026-10-07 00:34:16.683","availableEndTime":"2026-10-07 17:14:16.683"}
{"availableBeginTime":"2026-10-07 00:34:16.683","availableEndTime":"2026-10-07 17:14:16.683"}
{"availableBeginTime":"2026-10-07 00:34:16.683","availableEndTime":"2026-10-07 17:14:16.683"}
{"availableBeginTime":"2026-10-07 00:34:16.683","availableEndTime":"2026-10-07 17:14:16.683"}
{"availableBeginTime":"2026-10-07 00:34:16.683","availableEndTime":"2026-10-07 17:14:16.683"}
{"availableBeginTime":"2026-10-07 00:34:16.683","availableEndTime":"2026-10-07 17:14:16.683"}
{"availableBeginTime":"2026-10-07 00:34:16.683","availableEndTime":"2026-10-07 17:14:16.683"}
{"availableBeginTime":"2026-10-07 00:34:16.683","availableEndTime":"2026-10-07 17:14:16.683"}
{"availableBeginTime":"2026-10-07 00:34:16.683","availableEndTime":"2026-10-07 17:14:16.683"}
{"availableBeginTime":"2026-10-07 00:34:16.683","availableEndTime":"2026-10-07 17:14:16.683"}
{"availableBeginTime":"2026-10-07 00:34:16.683","availableEndTime":"2026-10-07 17:14:16.683"}
{"availableBeginTime":"2026-10-07 00:34:16.683","availableEndTime":"2026-10-07 17:14:16.683"}
{"availableBeginTime":"2026-10-07 00:34:16.683","availableEndTime":"2026-10-07 17:14:16.683"}
{"availableBeginTime":"2026-10-07 00:34:16.683","availableEndTime":"2026-10-07 17:14:16.683"}
{"availableBeginTime":"2026-10-07 00:34:16.683","availableEndTime":"2026-10-07 17:14:16.683"}
{"availableBeginTime":"2026-10-07 00:34:16.683","availableEndTime":"2026-10-07 17:14:16.683"}
{"availableBeginTime":"2026-10-07 00:34:16.683","availableEndTime":"2026-10-07 17:14:16.683"}
{"availableBeginTime":"2026-10-07 00:34:16.683","availableEndTime":"2026-10-07 17:14:16.683"}
{"availableBeginTime":"2026-10-07 00:34:16.683","availableEndTime":"2026-10-07 17:14:16.683"}
{"availableBeginTime":"2026-10-07 00:34:16.683","availableEndTime":"2026-10-07 17:14:16.683"}
{"availableBeginTime":"2026-10-07 00:34:16.683","availableEndTime":"2026-10-07 17:14:16.683"}
{"availableBeginTime":"2026-10-07 00:34:16.683","availableEndTime":"2026-10-07 17:14:16.683"}
{"availableBeginTime":"2026-10-07 00:34:16.683","availableEndTime":"2026-10-07 17:14:16.683"}
{"availableBeginTime":"2026-10-07 00:34:16.683","availableEndTime":"2026-10-07 17:14:16.683"}
{"availableBeginTime":"2026-10-07 00:34:16.683","availableEndTime":"2026-10-07 17:14:16.683"}
{"availableBeginTime":"2026-10-07 00:34:16.684","availableEndTime":"2026-10-07 17:14:16.684"}
{"availableBeginTime":"2026-10-07 00:34:16.684","availableEndTime":"2026-10-07 17:14:16.684"}
{"availableBeginTime":"2026-10-07 00:34:16.684","availableEndTime":"2026-10-07 17:14:16.684"}
{"availableBeginTime":"2026-10-07 00:34:16.684","availableEndTime":"2026-10-07 17:14:16.684"}
{"availableBeginTime":"2026-10-07 00:34:16.684","availableEndTime":"2026-10-07 17:14:16.684"}
{"availableBeginTime":"2026-10-07 00:34:16.684","availableEndTime":"2026-10-07 17:14:16.684"}
{"availableBeginTime":"2026-10-07 00:34:16.684","availableEndTime":"2026-10-07 17:14:16.684"}
{"availableBeginTime":"2026-10-07 00:34:16.684","availableEndTime":"2026-10-07 17:14:16.684"}
{"availableBeginTime":"2026-10-07 00:34:16.684","availableEndTime":"2026-10-07 17:14:16.684"}
{"availableBeginTime":"2026-10-07 00:34:16.684","availableEndTime":"2026-10-07 17:14:16.684"}
{"availableBeginTime":"2026-10-07 00:34:16.684","availableEndTime":"2026-10-07 17:14:16.684"}
{"availableBeginTime":"2026-10-07 00:34:16.684","availableEndTime":"2026-10-07 17:14:16.684"}
{"availableBeginTime":"2026-10-07 00:34:16.684","availableEndTime":"2026-10-07 17:14:16.684"}
{"availableBeginTime":"2026-10-07 00:34:16.684","availableEndTime":"2026-10-07 17:14:16.684"}
{"availableBeginTime":"2026-10-07 00:34:16.684","availableEndTime":"2026-10-07 17:14:16.684"}
{"availableBeginTime":"2026-10-07 00:34:16.684","availableEndTime":"2026-10-07 17:14:16.684"}
{"availableBeginTime":"2026-10-07 00:34:16.684","availableEndTime":"2026-10-07 17:14:16.684"}
{"availableBeginTime":"2026-10-07 00:34:16.684","availableEndTime":"2026-10-07 17:14:16.684"}
{"availableBeginTime":"2026-10-07 00:34:16.684","availableEndTime":"2026-10-07 17:14:16.684"}
{"availableBeginTime":"2026-10-07 00:34:16.684","availableEndTime":"2026-10-07 17:14:16.684"}
{"availableBeginTime":"2026-10-07 00:34:16.684","availableEndTime":"2026-10-07 17:14:16.684"}
{"availableBeginTime":"2026-10-07 00:34:16.684","availableEndTime":"2026-10-07 17:14:16.684"}
{"availableBeginTime":"2026-10-07 00:34:16.684","availableEndTime":"2026-10-07 17:14:16.684"}
{"availableBeginTime":"2026-10-07 00:34:16.684","availableEndTime":"2026-10-07 17:14:16.684"}
{"availableBeginTime":"2026-10-07 00:34:16.684","availableEndTime":"2026-10-07 17:14:16.684"}
{"availableBeginTime":"2026-10-07 00:34:16.684","availableEndTime":"2026-10-07 17:14:16.684"}
{"availableBeginTime":"2026-10-07 00:34:16.684","availableEndTime":"2026-10-07 17:14:16.684"}
{"availableBeginTime":"2026-10-07 00:34:16.684","availableEndTime":"2026-10-07 17:14:16.684"}
{"availableBeginTime":"2026-10-07 00:34:16.684","availableEndTime":"2026-10-07 17:14:16.684"}
{"availableBeginTime":"2026-10-07 00:34:16.684","availableEndTime":"2026-10-07 17:14:16.684"}
{"availableBeginTime":"2026-10-07 00:34:16.684","availableEndTime":"2026-10-07 17:14:16.684"}
{"availableBeginTime":"2026-10-07 00:34:16.684","availableEndTime":"2026-10-07 17:14:16.684"}
{"availableBeginTime":"2026-10-07 00:34:16.684","availableEndTime":"2026-10-07 17:14:16.684"}
{"availableBeginTime":"2026-10-07 00:34:16.684","availableEndTime":"2026-10-07 17:14:16.684"}
{"availableBeginTime":"2026-10-07 00:34:16.684","availableEndTime":"2026-10-07 17:14:16.684"}
{"availableBeginTime":"2026-10-07 00:34:16.684","availableEndTime":"2026-10-07 17:14:16.684"}
{"availableBeginTime":"2026-10-07 00:34:16.684","availableEndTime":"2026-10-07 17:14:16.684"}
{"availableBeginTime":"2026-10-07 00:34:16.684","availableEndTime":"2026-10-07 17:14:16.684"}
{"availableBeginTime":"2026-10-07 00:34:16.684","availableEndTime":"2026-10-07 17:14:16.684"}
{"availableBeginTime":"2026-10-07 00:34:16.684","availableEndTime":"2026-10-07 17:14:16.684"}
{"availableBeginTime":"2026-10-07 00:34:16.684","availableEndTime":"2026-10-07 17:14:16.684"}
{"availableBeginTime":"2026-10-07 00:34:16.684","availableEndTime":"2026-10-07 17:14:16.684"}
{"availableBeginTime":"2026-10-07 00:34:16.684","availableEndTime":"2026-10-07 17:14:16.684"}
{"availableBeginTime":"2026-10-07 00:34:16.684","availableEndTime":"2026-10-07 17:14:16.684"}
{"availableBeginTime":"2026-10-07 00:34:16.684","availableEndTime":"2026-10-07 17:14:16.684"}
{"availableBeginTime":"2026-10-07 00:34:16.684","availableEndTime":"2026-10-07 17:14:16.684"}
{"availableBeginTime":"2026-10-07 00:34:16.684","availableEndTime":"2026-10-07 17:14:16.684"}
{"availableBeginTime":"2026-10-07 00:34:16.684","availableEndTime":"2026-10-07 17:14:16.684"}
{"availableBeginTime":"2026-10-07 00:34:16.684","availableEndTime":"2026-10-07 17:14:16.684"}
{"availableBeginTime":"2026-10-07 00:34:16.684","availableEndTime":"2026-10-07 17:14:16.684"}
{"availableBeginTime":"2026-10-07 00:34:16.684","availableEndTime":"2026-10-07 17:14:16.684"}
{"availableBeginTime":"2026-10-07 00:34:16.684","availableEndTime":"2026-10-07 17:14:16.684"}
{"availableBeginTime":"2026-10-07 00:34:16.684","availableEndTime":"2026-10-07 17:14:16.684"}
{"availableBeginTime":"2026-10-07 00:34:16.684","availableEndTime":"2026-10-07 17:14:16.684"}
{"availableBeginTime":"2026-10-07 00:34:16.684","availableEndTime":"2026-10-07 17:14:16.684"}
{"availableBeginTime":"2026-10-07 00:34:16.684","availableEndTime":"2026-10-07 17:14:16.684"}
{"availableBeginTime":"2026-10-07 00:34:16.684","availableEndTime":"2026-10-07 17:14:16.684"}
{"availableBeginTime":"2026-10-07 00:34:16.684","availableEndTime":"2026-10-07 17:14:16.684"}
{"availableBeginTime":"2026-10-07 00:34:16.684","availableEndTime":"2026-10-07 17:14:16.684"}
{"availableBeginTime":"2026-10-07 00:34:16.684","availableEndTime":"2026-10-07 17:14:16.684"}
{"availableBeginTime":"2026-10-07 00:34:16.684","availableEndTime":"2026-10-07 17:14:16.684"}
{"availableBeginTime":"2026-10-07 00:34:16.684","availableEndTime":"2026-10-07 17:14:16.684"}
{"availableBeginTime":"2026-10-07 00:34:16.684","availableEndTime":"2026-10-07 17:14:16.684"}
{"availableBeginTime":"2026-10-07 00:34:16.684","availableEndTime":"2026-10-07 17:14:16.684"}
{"availableBeginTime":"2026-10-07 00:34:16.684","availableEndTime":"2026-10-07 17:14:16.684"}
{"availableBeginTime":"2026-10-07 00:34:16.684","availableEndTime":"2026-10-07 17:14:16.684"}
{"availableBeginTime":"2026-10-07 00:34:16.684","availableEndTime":"2026-10-07 17:14:16.684"}
{"availableBeginTime":"2026-10-07 00:34:16.684","availableEndTime":"2026-10-07 17:14:16.684"}
{"availableBeginTime":"2026-10-07 00:34:16.684","availableEndTime":"2026-10-07 17:14:16.684"}
{"availableBeginTime":"2026-10-07 00:34:16.684","availableEndTime":"2026-10-07 17:14:16.684"}
{"availableBeginTime":"2026-10-07 00:34:16.684","availableEndTime":"2026-10-07 17:14:16.684"}
{"availableBeginTime":"2026-10-07 00:34:16.684","availableEndTime":"2026-10-07 17:14:16.684"}
{"availableBeginTime":"2026-10-07 00:34:16.684","availableEndTime":"2026-10-07 17:14:16.684"}
{"availableBeginTime":"2026-10-07 00:34:16.684","availableEndTime":"2026-10-07 17:14:16.684"}
{"availableBeginTime":"2026-10-07 00:34:16.684","availableEndTime":"2026-10-07 17:14:16.684"}
{"availableBeginTime":"2026-10-07 00:34:16.684","availableEndTime":"2026-10-07 17:14:16.684"}
{"availableBeginTime":"2026-10-07 00:34:16.684","availableEndTime":"2026-10-07 17:14:16.684"}
{"availableBeginTime":"2026-10-07 00:34:16.684","availableEndTime":"2026-10-07 17:14:16.684"}
{"availableBeginTime":"2026-10-07 00:34:16.684","availableEndTime":"2026-10-07 17:14:16.684"}
{"availableBeginTime":"2026-10-07 00:34:16.684","availableEndTime":"2026-10-07 17:14:16.684"}
{"availableBeginTime":"2026-10-07 00:34:16.684","availableEndTime":"2026-10-07 17:14:16.684"}
{"availableBeginTime":"2026-10-07 00:34:16.684","availableEndTime":"2026-10-07 17:14:16.684"}
{"availableBeginTime":"2026-10-07 00:34:16.684","availableEndTime":"2026-10-07 17:14:16.684"}
{"availableBeginTime":"2026-10-07 00:34:16.684","availableEndTime":"2026-10-07 17:14:16.684"}
{"availableBeginTime":"2026-10-07 00:34:16.684","availableEndTime":"2026-10-07 17:14:16.684"}
{"availableBeginTime":"2026-10-07 00:34:16.684","availableEndTime":"2026-10-07 17:14:16.684"}
{"availableBeginTime":"2026-10-07 00:34:16.684","availableEndTime":"2026-10-07 17:14:16.684"}
{"availableBeginTime":"2026-10-07 00:34:16.684","availableEndTime":"2026-10-07 17:14:16.684"}
{"availableBeginTime":"2026-10-07 00:34:16.684","availableEndTime":"2026-10-07 17:14:16.684"}
{"availableBeginTime":"2026-10-07 00:34:16.684","availableEndTime":"2026-10-07 17:14:16.684"}
{"availableBeginTime":"2026-10-07 00:34:16.684","availableEndTime":"2026-10-07 17:14:16.684"}
{"availableBeginTime":"2026-10-07 00:34:16.684","availableEndTime":"2026-10-07 17:14:16.684"}
{"availableBeginTime":"2026-10-07 00:34:16.684","availableEndTime":"2026-10-07 17:14:16.684"}
{"availableBeginTime":"2026-10-07 00:34:16.684","availableEndTime":"2026-10-07 17:14:16.684"}
{"availableBeginTime":"2026-10-07 00:34:16.684","availableEndTime":"2026-10-07 17:14:16.684"}
{"availableBeginTime":"2026-10-07 00:34:16.684","availableEndTime":"2026-10-07 17:14:16.684"}
{"availableBeginTime":"2026-10-07 00:34:16.684","availableEndTime":"2026-10-07 17:14:16.684"}
{"availableBeginTime":"2026-10-07 00:34:16.684","availableEndTime":"2026-10-07 17:14:16.684"}
{"availableBeginTime":"2026-10-07 00:34:16.684","availableEndTime":"2026-10-07 17:14:16.684"}
{"availableBeginTime":"2026-10-07 00:34:16.684","availableEndTime":"2026-10-07 17:14:16.684"}
{"availableBeginTime":"2026-10-07 00:34:16.684","availableEndTime":"2026-10-07 17:14:16.684"}
{"availableBeginTime":"2026-10-07 00:34:16.684","availableEndTime":"2026-10-07 17:14:16.684"}
{"availableBeginTime":"2026-10-07 00:34:16.684","availableEndTime":"2026-10-07 17:14:16.684"}
{"availableBeginTime":"2026-10-07 00:34:16.684","availableEndTime":"2026-10-07 17:14:16.684"}
{"availableBeginTime":"2026-10-07 00:34:16.684","availableEndTime":"2026-10-07 17:14:16.684"}
{"availableBeginTime":"2026-10-07 00:34:16.684","availableEndTime":"2026-10-07 17:14:16.684"}
{"availableBeginTime":"2026-10-07 00:34:16.684","availableEndTime":"2026-10-07 17:14:16.684"}
{"availableBeginTime":"2026-10-07 00:34:16.684","availableEndTime":"2026-10-07 17:14:16.684"}
{"availableBeginTime":"2026-10-07 00:34:16.684","availableEndTime":"2026-10-07 17:14:16.684"}
{"availableBeginTime":"2026-10-07 00:34:16.684","availableEndTime":"2026-10-07 17:14:16.684"}
{"availableBeginTime":"2026-10-07 00:34:16.684","availableEndTime":"2026-10-07 17:14:16.684"}
{"availableBeginTime":"2026-10-07 00:34:16.684","availableEndTime":"2026-10-07 17:14:16.684"}
{"availableBeginTime":"2026-10-07 00:34:16.684","availableEndTime":"2026-10-07 17:14:16.684"}
{"availableBeginTime":"2026-10-07 00:34:16.684","availableEndTime":"2026-10-07 17:14:16.684"}
{"availableBeginTime":"2026-10-07 00:34:16.684","availableEndTime":"2026-10-07 17:14:16.684"}
{"availableBeginTime":"2026-10-07 00:34:16.684","availableEndTime":"2026-10-07 17:14:16.684"}
{"availableBeginTime":"2026-10-07 00:34:16.684","availableEndTime":"2026-10-07 17:14:16.684"}
{"availableBeginTime":"2026-10-07 00:34:16.684","availableEndTime":"2026-10-07 17:14:16.684"}
{"availableBeginTime":"2026-10-07 00:34:16.684","availableEndTime":"2026-10-07 17:14:16.684"}
{"availableBeginTime":"2026-10-07 00:34:16.684","availableEndTime":"2026-10-07 17:14:16.684"}
{"availableBeginTime":"2026-10-07 00:34:16.684","availableEndTime":"2026-10-07 17:14:16.684"}
{"availableBeginTime":"2026-10-07 00:34:16.684","availableEndTime":"2026-10-07 17:14:16.684"}
{"availableBeginTime":"2026-10-07 00:34:16.684","availableEndTime":"2026-10-07 17:14:16.684"}
{"availableBeginTime":"2026-10-07 00:34:16.684","availableEndTime":"2026-10-07 17:14:16.684"}
{"availableBeginTime":"2026-10-07 00:34:16.684","availableEndTime":"2026-10-07 17:14:16.684"}
{"availableBeginTime":"2026-10-07 00:34:16.684","availableEndTime":"2026-10-07 17:14:16.684"}
{"availableBeginTime":"2026-10-07 00:34:16.684","availableEndTime":"2026-10-07 17:14:16.684"}
{"availableBeginTime":"2026-10-07 00:34:16.684","availableEndTime":"2026-10-07 17:14:16.684"}
{"availableBeginTime":"2026-10-07 00:34:16.684","availableEndTime":"2026-10-07 17:14:16.684"}
{"availableBeginTime":"2026-10-07 00:34:16.684","availableEndTime":"2026-10-07 17:14:16.684"}
{"availableBeginTime":"2026-10-07 00:34:16.684","availableEndTime":"2026-10-07 17:14:16.684"}
{"availableBeginTime":"2026-10-07 00:34:16.684","availableEndTime":"2026-10-07 17:14:16.684"}
{"availableBeginTime":"2026-10-07 00:34:16.684","availableEndTime":"2026-10-07 17:14:16.684"}
{"availableBeginTime":"2026-10-07 00:34:16.684","availableEndTime":"2026-10-07 17:14:16.684"}
{"availableBeginTime":"2026-10-07 00:34:16.684","availableEndTime":"2026-10-07 17:14:16.684"}
{"availableBeginTime":"2026-10-07 00:34:16.684","availableEndTime":"2026-10-07 17:14:16.684"}
{"availableBeginTime":"2026-10-07 00:34:16.684","availableEndTime":"2026-10-07 17:14:16.684"}
{"availableBeginTime":"2026-10-07 00:34:16.684","availableEndTime":"2026-10-07 17:14:16.684"}
{"availableBeginTime":"2026-10-07 00:34:16.684","availableEndTime":"2026-10-07 17:14:16.684"}
{"availableBeginTime":"2026-10-07 00:34:16.684","availableEndTime":"2026-10-07 17:14:16.684"}
{"availableBeginTime":"2026-10-07 00:34:16.684","availableEndTime":"2026-10-07 17:14:16.684"}
{"availableBeginTime":"2026-10-07 00:34:16.684","availableEndTime":"2026-10-07 17:14:16.684"}
{"availableBeginTime":"2026-10-07 00:34:16.684","availableEndTime":"2026-10-07 17:14:16.684"}
{"availableBeginTime":"2026-10-07 00:34:16.684","availableEndTime":"2026-10-07 17:14:16.684"}
{"availableBeginTime":"2026-10-07 00:34:16.684","availableEndTime":"2026-10-07 17:14:16.684"}
{"availableBeginTime":"2026-10-07 00:34:16.684","availableEndTime":"2026-10-07 17:14:16.684"}
{"availableBeginTime":"2026-10-07 00:34:16.684","availableEndTime":"2026-10-07 17:14:16.684"}
{"availableBeginTime":"2026-10-07 00:34:16.684","availableEndTime":"2026-10-07 17:14:16.684"}
{"availableBeginTime":"2026-10-07 00:34:16.684","availableEndTime":"2026-10-07 17:14:16.684"}
{"availableBeginTime":"2026-10-07 00:34:16.684","availableEndTime":"2026-10-07 17:14:16.684"}
{"availableBeginTime":"2026-10-07 00:34:16.684","availableEndTime":"2026-10-07 17:14:16.684"}
{"availableBeginTime":"2026-10-07 00:34:16.684","availableEndTime":"2026-10-07 17:14:16.684"}
{"availableBeginTime":"2026-10-07 00:34:16.684","availableEndTime":"2026-10-07 17:14:16.684"}
{"availableBeginTime":"2026-10-07 00:34:16.684","availableEndTime":"2026-10-07 17:14:16.684"}
{"availableBeginTime":"2026-10-07 00:34:16.684","availableEndTime":"2026-10-07 17:14:16.684"}
{"availableBeginTime":"2026-10-07 00:34:16.684","availableEndTime":"2026-10-07 17:14:16.684"}
{"availableBeginTime":"2026-10-07 00:34:16.684","availableEndTime":"2026-10-07 17:14:16.684"}
{"availableBeginTime":"2026-10-07 00:34:16.684","availableEndTime":"2026-10-07 17:14:16.684"}
{"availableBeginTime":"2026-10-07 00:34:16.684","availableEndTime":"2026-10-07 17:14:16.684"}
{"availableBeginTime":"2026-10-07 00:34:16.684","availableEndTime":"2026-10-07 17:14:16.684"}
{"availableBeginTime":"2026-10-07 00:34:16.684","availableEndTime":"2026-10-07 17:14:16.684"}
{"availableBeginTime":"2026-10-07 00:34:16.684","availableEndTime":"2026-10-07 17:14:16.684"}
{"availableBeginTime":"2026-10-07 00:34:16.684","availableEndTime":"2026-10-07 17:14:16.684"}
{"availableBeginTime":"2026-10-07 00:34:16.684","availableEndTime":"2026-10-07 17:14:16.684"}
{"availableBeginTime":"2026-10-07 00:34:16.684","availableEndTime":"2026-10-07 17:14:16.684"}
{"availableBeginTime":"2026-10-07 00:34:16.684","availableEndTime":"2026-10-07 17:14:16.684"}
{"availableBeginTime":"2026-10-07 00:34:16.684","availableEndTime":"2026-10-07 17:14:16.684"}
{"availableBeginTime":"2026-10-07 00:34:16.684","availableEndTime":"2026-10-07 17:14:16.684"}
{"availableBeginTime":"2026-10-07 00:34:16.684","availableEndTime":"2026-10-07 17:14:16.684"}
{"availableBeginTime":"2026-10-07 00:34:16.684","availableEndTime":"2026-10-07 17:14:16.684"}
{"availableBeginTime":"2026-10-07 00:34:16.684","availableEndTime":"2026-10-07 17:14:16.684"}
{"availableBeginTime":"2026-10-07 00:34:16.684","availableEndTime":"2026-10-07 17:14:16.684"}
{"availableBeginTime":"2026-10-07 00:34:16.684","availableEndTime":"2026-10-07 17:14:16.684"}
{"availableBeginTime":"2026-10-07 00:34:16.684","availableEndTime":"2026-10-07 17:14:16.684"}
{"availableBeginTime":"2026-10-07 00:34:16.684","availableEndTime":"2026-10-07 17:14:16.684"}
{"availableBeginTime":"2026-10-07 00:34:16.684","availableEndTime":"2026-10-07 17:14:16.684"}
{"availableBeginTime":"2026-10-07 00:34:16.684","availableEndTime":"2026-10-07 17:14:16.684"}
{"availableBeginTime":"2026-10-07 00:34:16.684","availableEndTime":"2026-10-07 17:14:16.684"}
{"availableBeginTime":"2026-10-07 00:34:16.684","availableEndTime":"2026-10-07 17:14:16.684"}
{"availableBeginTime":"2026-10-07 00:34:16.684","availableEndTime":"2026-10-07 17:14:16.684"}
{"availableBeginTime":"2026-10-07 00:34:16.684","availableEndTime":"2026-10-07 17:14:16.684"}
{"availableBeginTime":"2026-10-07 00:34:16.684","availableEndTime":"2026-10-07 17:14:16.684"}
{"availableBeginTime":"2026-10-07 00:34:16.684","availableEndTime":"2026-10-07 17:14:16.684"}
{"availableBeginTime":"2026-10-07 00:34:16.684","availableEndTime":"2026-10-07 17:14:16.684"}
{"availableBeginTime":"2026-10-07 00:34:16.684","availableEndTime":"2026-10-07 17:14:16.684"}
{"availableBeginTime":"2026-10-07 00:34:16.684","availableEndTime":"2026-10-07 17:14:16.684"}
{"availableBeginTime":"2026-10-07 00:34:16.684","availableEndTime":"2026-10-07 17:14:16.684"}
{"availableBeginTime":"2026-10-07 00:34:16.684","availableEndTime":"2026-10-07 17:14:16.684"}
{"availableBeginTime":"2026-10-07 00:34:16.684","availableEndTime":"2026-10-07 17:14:16.684"}
{"availableBeginTime":"2026-10-07 00:34:16.684","availableEndTime":"2026-10-07 17:14:16.684"}
{"availableBeginTime":"2026-10-07 00:34:16.684","availableEndTime":"2026-10-07 17:14:16.684"}
{"availableBeginTime":"2026-10-07 00:34:16.684","availableEndTime":"2026-10-07 17:14:16.684"}
{"availableBeginTime":"2026-10-07 00:34:16.684","availableEndTime":"2026-10-07 17:14:16.684"}
{"availableBeginTime":"2026-10-07 00:34:16.684","availableEndTime":"2026-10-07 17:14:16.684"}
{"availableBeginTime":"2026-10-07 00:34:16.684","availableEndTime":"2026-10-07 17:14:16.684"}
{"availableBeginTime":"2026-10-07 00:34:16.684","availableEndTime":"2026-10-07 17:14:16.684"}
{"availableBeginTime":"2026-10-07 00:34:16.684","availableEndTime":"2026-10-07 17:14:16.684"}
{"availableBeginTime":"2026-10-07 00:34:16.684","availableEndTime":"2026-10-07 17:14:16.684"}
{"availableBeginTime":"2026-10-07 00:34:16.684","availableEndTime":"2026-10-07 17:14:16.684"}
{"availableBeginTime":"2026-10-07 00:34:16.684","availableEndTime":"2026-10-07 17:14:16.684"}
{"availableBeginTime":"2026-10-07 00:34:16.684","availableEndTime":"2026-10-07 17:14:16.684"}
{"availableBeginTime":"2026-10-07 00:34:16.684","availableEndTime":"2026-10-07 17:14:16.684"}
{"availableBeginTime":"2026-10-07 00:34:16.684","availableEndTime":"2026-10-07 17:14:16.684"}
{"availableBeginTime":"2026-10-07 00:34:16.684","availableEndTime":"2026-10-07 17:14:16.684"}
{"availableBeginTime":"2026-10-07 00:34:16.684","availableEndTime":"2026-10-07 17:14:16.684"}
{"availableBeginTime":"2026-10-07 00:34:16.684","availableEndTime":"2026-10-07 17:14:16.684"}
{"availableBeginTime":"2026-10-07 00:34:16.684","availableEndTime":"2026-10-07 17:14:16.684"}
{"availableBeginTime":"2026-10-07 00:34:16.684","availableEndTime":"2026-10-07 17:14:16.684"}
{"availableBeginTime":"2026-10-07 00:34:16.684","availableEndTime":"2026-10-07 17:14:16.684"}
{"availableBeginTime":"2026-10-07 00:34:16.684","availableEndTime":"2026-10-07 17:14:16.684"}
{"availableBeginTime":"2026-10-07 00:34:16.684","availableEndTime":"2026-10-07 17:14:16.684"}
{"availableBeginTime":"2026-10-07 00:34:16.684","availableEndTime":"2026-10-07 17:14:16.684"}
{"availableBeginTime":"2026-10-07 00:34:16.684","availableEndTime":"2026-10-07 17:14:16.684"}
{"availableBeginTime":"2026-10-07 00:34:16.684","availableEndTime":"2026-10-07 17:14:16.684"}
{"availableBeginTime":"2026-10-07 00:34:16.684","availableEndTime":"2026-10-07 17:14:16.684"}
{"availableBeginTime":"2026-10-07 00:34:16.684","availableEndTime":"2026-10-07 17:14:16.684"}
{"availableBeginTime":"2026-10-07 00:34:16.684","availableEndTime":"2026-10-07 17:14:16.684"}
{"availableBeginTime":"2026-10-07 00:34:16.684","availableEndTime":"2026-10-07 17:14:16.684"}
{"availableBeginTime":"2026-10-07 00:34:16.684","availableEndTime":"2026-10-07 17:14:16.684"}
{"availableBeginTime":"2026-10-07 00:34:16.684","availableEndTime":"2026-10-07 17:14:16.684"}
{"availableBeginTime":"2026-10-07 00:34:16.684","availableEndTime":"2026-10-07 17:14:16.684"}
{"availableBeginTime":"2026-10-07 00:34:16.684","availableEndTime":"2026-10-07 17:14:16.684"}
{"availableBeginTime":"2026-10-07 00:34:16.684","availableEndTime":"2026-10-07 17:14:16.684"}
{"availableBeginTime":"2026-10-07 00:34:16.684","availableEndTime":"2026-10-07 17:14:16.684"}
{"availableBeginTime":"2026-10-07 00:34:16.684","availableEndTime":"2026-10-07 17:14:16.684"}
{"availableBeginTime":"2026-10-07 00:34:16.684","availableEndTime":"2026-10-07 17:14:16.684"}
{"availableBeginTime":"2026-10-07 00:34:16.684","availableEndTime":"2026-10-07 17:14:16.684"}
{"availableBeginTime":"2026-10-07 00:34:16.684","availableEndTime":"2026-10-07 17:14:16.684"}
{"availableBeginTime":"2026-10-07 00:34:16.684","availableEndTime":"2026-10-07 17:14:16.684"}
{"availableBeginTime":"2026-10-07 00:34:16.684","availableEndTime":"2026-10-07 17:14:16.684"}
{"availableBeginTime":"2026-10-07 00:34:16.684","availableEndTime":"2026-10-07 17:14:16.684"}
{"availableBeginTime":"2026-10-07 00:34:16.684","availableEndTime":"2026-10-07 17:14:16.684"}
{"availableBeginTime":"2026-10-07 00:34:16.684","availableEndTime":"2026-10-07 17:14:16.684"}
{"availableBeginTime":"2026-10-07 00:34:16.684","availableEndTime":"2026-10-07 17:14:16.684"}
{"availableBeginTime":"2026-10-07 00:34:16.684","availableEndTime":"2026-10-07 17:14:16.684"}
{"availableBeginTime":"2026-10-07 00:34:16.684","availableEndTime":"2026-10-07 17:14:16.684"}
{"availableBeginTime":"2026-10-07 00:34:16.684","availableEndTime":"2026-10-07 17:14:16.684"}
{"availableBeginTime":"2026-10-07 00:34:16.684","availableEndTime":"2026-10-07 17:14:16.684"}
{"availableBeginTime":"2026-10-07 00:34:16.684","availableEndTime":"2026-10-07 17:14:16.684"}
{"availableBeginTime":"2026-10-07 00:34:16.684","availableEndTime":"2026-10-07 17:14:16.684"}
{"availableBeginTime":"2026-10-07 00:34:16.684","availableEndTime":"2026-10-07 17:14:16.684"}
{"availableBeginTime":"2026-10-07 00:34:16.684","availableEndTime":"2026-10-07 17:14:16.684"}
{"availableBeginTime":"2026-10-07 00:34:16.684","availableEndTime":"2026-10-07 17:14:16.684"}
{"availableBeginTime":"2026-10-07 00:34:16.684","availableEndTime":"2026-10-07 17:14:16.684"}
{"availableBeginTime":"2026-10-07 00:34:16.684","availableEndTime":"2026-10-07 17:14:16.684"}
{"availableBeginTime":"2026-10-07 00:34:16.684","availableEndTime":"2026-10-07 17:14:16.684"}
{"availableBeginTime":"2026-10-07 00:34:16.684","availableEndTime":"2026-10-07 17:14:16.684"}
{"availableBeginTime":"2026-10-07 00:34:16.684","availableEndTime":"2026-10-07 17:14:16.684"}
{"availableBeginTime":"2026-10-07 00:34:16.684","availableEndTime":"2026-10-07 17:14:16.684"}
{"availableBeginTime":"2026-10-07 00:34:16.684","availableEndTime":"2026-10-07 17:14:16.684"}
{"availableBeginTime":"2026-10-07 00:34:16.684","availableEndTime":"2026-10-07 17:14:16.684"}
{"availableBeginTime":"2026-10-07 00:34:16.684","availableEndTime":"2026-10-07 17:14:16.684"}
{"availableBeginTime":"2026-10-07 00:34:16.684","availableEndTime":"2026-10-07 17:14:16.684"}
{"availableBeginTime":"2026-10-07 00:34:16.684","availableEndTime":"2026-10-07 17:14:16.684"}
{"availableBeginTime":"2026-10-07 00:34:16.684","availableEndTime":"2026-10-07 17:14:16.684"}
{"availableBeginTime":"2026-10-07 00:34:16.684","availableEndTime":"2026-10-07 17:14:16.684"}
{"availableBeginTime":"2026-10-07 00:34:16.684","availableEndTime":"2026-10-07 17:14:16.684"}
{"availableBeginTime":"2026-10-07 00:34:16.684","availableEndTime":"2026-10-07 17:14:16.684"}
{"availableBeginTime":"2026-10-07 00:34:16.684","availableEndTime":"2026-10-07 17:14:16.684"}
{"availableBeginTime":"2026-10-07 00:34:16.684","availableEndTime":"2026-10-07 17:14:16.684"}
{"availableBeginTime":"2026-10-07 00:34:16.684","availableEndTime":"2026-10-07 17:14:16.684"}
{"availableBeginTime":"2026-10-07 00:34:16.684","availableEndTime":"2026-10-07 17:14:16.684"}
{"availableBeginTime":"2026-10-07 00:34:16.684","availableEndTime":"2026-10-07 17:14:16.684"}
{"availableBeginTime":"2026-10-07 00:34:16.684","availableEndTime":"2026-10-07 17:14:16.684"}
{"availableBeginTime":"2026-10-07 00:34:16.684","availableEndTime":"2026-10-07 17:14:16.684"}
{"availableBeginTime":"2026-10-07 00:34:16.684","availableEndTime":"2026-10-07 17:14:16.684"}
{"availableBeginTime":"2026-10-07 00:34:16.684","availableEndTime":"2026-10-07 17:14:16.684"}
{"availableBeginTime":"2026-10-07 00:34:16.684","availableEndTime":"2026-10-07 17:14:16.684"}
{"availableBeginTime":"2026-10-07 00:34:16.684","availableEndTime":"2026-10-07 17:14:16.684"}
{"availableBeginTime":"2026-10-07 00:34:16.684","availableEndTime":"2026-10-07 17:14:16.684"}
{"availableBeginTime":"2026-10-07 00:34:16.684","availableEndTime":"2026-10-07 17:14:16.684"}
{"availableBeginTime":"2026-10-07 00:34:16.684","availableEndTime":"2026-10-07 17:14:16.684"}
{"availableBeginTime":"2026-10-07 00:34:16.684","availableEndTime":"2026-10-07 17:14:16.684"}
{"availableBeginTime":"2026-10-07 00:34:16.684","availableEndTime":"2026-10-07 17:14:16.684"}
{"availableBeginTime":"2026-10-07 00:34:16.684","availableEndTime":"2026-10-07 17:14:16.684"}
{"availableBeginTime":"2026-10-07 00:34:16.684","availableEndTime":"2026-10-07 17:14:16.684"}
{"availableBeginTime":"2026-10-07 00:34:16.684","availableEndTime":"2026-10-07 17:14:16.684"}
{"availableBeginTime":"2026-10-07 00:34:16.684","availableEndTime":"2026-10-07 17:14:16.684"}
{"availableBeginTime":"2026-10-07 00:34:16.684","availableEndTime":"2026-10-07 17:14:16.684"}
{"availableBeginTime":"2026-10-07 00:34:16.684","availableEndTime":"2026-10-07 17:14:16.684"}
{"availableBeginTime":"2026-10-07 00:34:16.684","availableEndTime":"2026-10-07 17:14:16.684"}
{"availableBeginTime":"2026-10-07 00:34:16.684","availableEndTime":"2026-10-07 17:14:16.684"}
{"availableBeginTime":"2026-10-07 00:34:16.684","availableEndTime":"2026-10-07 17:14:16.684"}
{"availableBeginTime":"2026-10-07 00:34:16.684","availableEndTime":"2026-10-07 17:14:16.684"}
{"availableBeginTime":"2026-10-07 00:34:16.684","availableEndTime":"2026-10-07 17:14:16.684"}
{"availableBeginTime":"2026-10-07 00:34:16.684","availableEndTime":"2026-10-07 17:14:16.684"}
{"availableBeginTime":"2026-10-07 00:34:16.684","availableEndTime":"2026-10-07 17:14:16.684"}
{"availableBeginTime":"2026-10-07 00:34:16.684","availableEndTime":"2026-10-07 17:14:16.684"}
{"availableBeginTime":"2026-10-07 00:34:16.684","availableEndTime":"2026-10-07 17:14:16.684"}
{"availableBeginTime":"2026-10-07 00:34:16.684","availableEndTime":"2026-10-07 17:14:16.684"}
{"availableBeginTime":"2026-10-07 00:34:16.684","availableEndTime":"2026-10-07 17:14:16.684"}
{"availableBeginTime":"2026-10-07 00:34:16.684","availableEndTime":"2026-10-07 17:14:16.684"}
{"availableBeginTime":"2026-10-07 00:34:16.684","availableEndTime":"2026-10-07 17:14:16.684"}
{"availableBeginTime":"2026-10-07 00:34:16.684","availableEndTime":"2026-10-07 17:14:16.684"}
{"availableBeginTime":"2026-10-07 00:34:16.684","availableEndTime":"2026-10-07 17:14:16.684"}
{"availableBeginTime":"2026-10-07 00:34:16.684","availableEndTime":"2026-10-07 17:14:16.684"}
{"availableBeginTime":"2026-10-07 00:34:16.684","availableEndTime":"2026-10-07 17:14:16.684"}
{"availableBeginTime":"2026-10-07 00:34:16.684","availableEndTime":"2026-10-07 17:14:16.684"}
{"availableBeginTime":"2026-10-07 00:34:16.684","availableEndTime":"2026-10-07 17:14:16.684"}
{"availableBeginTime":"2026-10-07 00:34:16.684","availableEndTime":"2026-10-07 17:14:16.684"}
{"availableBeginTime":"2026-10-07 00:34:16.684","availableEndTime":"2026-10-07 17:14:16.684"}
{"availableBeginTime":"2026-10-07 00:34:16.684","availableEndTime":"2026-10-07 17:14:16.684"}
{"availableBeginTime":"2026-10-07 00:34:16.684","availableEndTime":"2026-10-07 17:14:16.684"}
{"availableBeginTime":"2026-10-07 00:34:16.684","availableEndTime":"2026-10-07 17:14:16.684"}
{"availableBeginTime":"2026-10-07 00:34:16.684","availableEndTime":"2026-10-07 17:14:16.684"}
{"availableBeginTime":"2026-10-07 00:34:16.684","availableEndTime":"2026-10-07 17:14:16.684"}
{"availableBeginTime":"2026-10-07 00:34:16.684","availableEndTime":"2026-10-07 17:14:16.684"}
{"availableBeginTime":"2026-10-07 00:34:16.684","availableEndTime":"2026-10-07 17:14:16.684"}
{"availableBeginTime":"2026-10-07 00:34:16.684","availableEndTime":"2026-10-07 17:14:16.684"}
{"availableBeginTime":"2026-10-07 00:34:16.684","availableEndTime":"2026-10-07 17:14:16.684"}
{"availableBeginTime":"2026-10-07 00:34:16.684","availableEndTime":"2026-10-07 17:14:16.684"}
{"availableBeginTime":"2026-10-07 00:34:16.684","availableEndTime":"2026-10-07 17:14:16.684"}
{"availableBeginTime":"2026-10-07 00:34:16.684","availableEndTime":"2026-10-07 17:14:16.684"}
{"availableBeginTime":"2026-10-07 00:34:16.684","availableEndTime":"2026-10-07 17:14:16.684"}
{"availableBeginTime":"2026-10-07 00:34:16.684","availableEndTime":"2026-10-07 17:14:16.684"}
{"availableBeginTime":"2026-10-07 00:34:16.684","availableEndTime":"2026-10-07 17:14:16.684"}
{"availableBeginTime":"2026-10-07 00:34:16.684","availableEndTime":"2026-10-07 17:14:16.684"}
{"availableBeginTime":"2026-10-07 00:34:16.684","availableEndTime":"2026-10-07 17:14:16.684"}
{"availableBeginTime":"2026-10-07 00:34:16.684","availableEndTime":"2026-10-07 17:14:16.684"}
{"availableBeginTime":"2026-10-07 00:34:16.684","availableEndTime":"2026-10-07 17:14:16.684"}
{"availableBeginTime":"2026-10-07 00:34:16.684","availableEndTime":"2026-10-07 17:14:16.684"}
{"availableBeginTime":"2026-10-07 00:34:16.684","availableEndTime":"2026-10-07 17:14:16.684"}
{"availableBeginTime":"2026-10-07 00:34:16.684","availableEndTime":"2026-10-07 17:14:16.684"}
{"availableBeginTime":"2026-10-07 00:34:16.684","availableEndTime":"2026-10-07 17:14:16.684"}
{"availableBeginTime":"2026-10-07 00:34:16.684","availableEndTime":"2026-10-07 17:14:16.684"}
{"availableBeginTime":"2026-10-07 00:34:16.684","availableEndTime":"2026-10-07 17:14:16.684"}
{"availableBeginTime":"2026-10-07 00:34:16.684","availableEndTime":"2026-10-07 17:14:16.684"}
{"availableBeginTime":"2026-10-07 00:34:16.684","availableEndTime":"2026-10-07 17:14:16.684"}
{"availableBeginTime":"2026-10-07 00:34:16.684","availableEndTime":"2026-10-07 17:14:16.684"}
{"availableBeginTime":"2026-10-07 00:34:16.684","availableEndTime":"2026-10-07 17:14:16.684"}
{"availableBeginTime":"2026-10-07 00:34:16.684","availableEndTime":"2026-10-07 17:14:16.684"}
{"availableBeginTime":"2026-10-07 00:34:16.684","availableEndTime":"2026-10-07 17:14:16.684"}
{"availableBeginTime":"2026-10-07 00:34:16.684","availableEndTime":"2026-10-07 17:14:16.684"}
{"availableBeginTime":"2026-10-07 00:34:16.684","availableEndTime":"2026-10-07 17:14:16.684"}
{"availableBeginTime":"2026-10-07 00:34:16.684","availableEndTime":"2026-10-07 17:14:16.684"}
{"availableBeginTime":"2026-10-07 00:34:16.684","availableEndTime":"2026-10-07 17:14:16.684"}
{"availableBeginTime":"2026-10-07 00:34:16.684","availableEndTime":"2026-10-07 17:14:16.684"}
{"availableBeginTime":"2026-10-07 00:34:16.684","availableEndTime":"2026-10-07 17:14:16.684"}
{"availableBeginTime":"2026-10-07 00:34:16.684","availableEndTime":"2026-10-07 17:14:16.684"}
{"availableBeginTime":"2026-10-07 00:34:16.684","availableEndTime":"2026-10-07 17:14:16.684"}
{"availableBeginTime":"2026-10-07 00:34:16.684","availableEndTime":"2026-10-07 17:14:16.684"}
{"availableBeginTime":"2026-10-07 00:34:16.684","availableEndTime":"2026-10-07 17:14:16.684"}
{"availableBeginTime":"2026-10-07 00:34:16.684","availableEndTime":"2026-10-07 17:14:16.684"}
{"availableBeginTime":"2026-10-07 00:34:16.684","availableEndTime":"2026-10-07 17:14:16.684"}
{"availableBeginTime":"2026-10-07 00:34:16.684","availableEndTime":"2026-10-07 17:14:16.684"}
{"availableBeginTime":"2026-10-07 00:34:16.684","availableEndTime":"2026-10-07 17:14:16.684"}
{"availableBeginTime":"2026-10-07 00:34:16.684","availableEndTime":"2026-10-07 17:14:16.684"}
{"availableBeginTime":"2026-10-07 00:34:16.684","availableEndTime":"2026-10-07 17:14:16.684"}
{"availableBeginTime":"2026-10-07 00:34:16.684","availableEndTime":"2026-10-07 17:14:16.684"}
{"availableBeginTime":"2026-10-07 00:34:16.684","availableEndTime":"2026-10-07 17:14:16.684"}
{"availableBeginTime":"2026-10-07 00:34:16.684","availableEndTime":"2026-10-07 17:14:16.684"}
{"availableBeginTime":"2026-10-07 00:34:16.684","availableEndTime":"2026-10-07 17:14:16.684"}
{"availableBeginTime":"2026-10-07 00:34:16.684","availableEndTime":"2026-10-07 17:14:16.684"}
{"availableBeginTime":"2026-10-07 00:34:16.684","availableEndTime":"2026-10-07 17:14:16.684"}
{"availableBeginTime":"2026-10-07 00:34:16.684","availableEndTime":"2026-10-07 17:14:16.684"}
{"availableBeginTime":"2026-10-07 00:34:16.684","availableEndTime":"2026-10-07 17:14:16.684"}
{"availableBeginTime":"2026-10-07 00:34:16.684","availableEndTime":"2026-10-07 17:14:16.684"}
{"availableBeginTime":"2026-10-07 00:34:16.684","availableEndTime":"2026-10-07 17:14:16.684"}
{"availableBeginTime":"2026-10-07 00:34:16.684","availableEndTime":"2026-10-07 17:14:16.684"}
{"availableBeginTime":"2026-10-07 00:34:16.684","availableEndTime":"2026-10-07 17:14:16.684"}
{"availableBeginTime":"2026-10-07 00:34:16.684","availableEndTime":"2026-10-07 17:14:16.684"}
{"availableBeginTime":"2026-10-07 00:34:16.684","availableEndTime":"2026-10-07 17:14:16.684"}
{"availableBeginTime":"2026-10-07 00:34:16.684","availableEndTime":"2026-10-07 17:14:16.684"}
{"availableBeginTime":"2026-10-07 00:34:16.684","availableEndTime":"2026-10-07 17:14:16.684"}
{"availableBeginTime":"2026-10-07 00:34:16.684","availableEndTime":"2026-10-07 17:14:16.684"}
{"availableBeginTime":"2026-10-07 00:34:16.684","availableEndTime":"2026-10-07 17:14:16.684"}
{"availableBeginTime":"2026-10-07 00:34:16.684","availableEndTime":"2026-10-07 17:14:16.684"}
{"availableBeginTime":"2026-10-07 00:34:16.684","availableEndTime":"2026-10-07 17:14:16.684"}
{"availableBeginTime":"2026-10-07 00:34:16.684","availableEndTime":"2026-10-07 17:14:16.684"}
{"availableBeginTime":"2026-10-07 00:34:16.684","availableEndTime":"2026-10-07 17:14:16.684"}
{"availableBeginTime":"2026-10-07 00:34:16.684","availableEndTime":"2026-10-07 17:14:16.684"}
{"availableBeginTime":"2026-10-07 00:34:16.684","availableEndTime":"2026-10-07 17:14:16.684"}
{"availableBeginTime":"2026-10-07 00:34:16.684","availableEndTime":"2026-10-07 17:14:16.684"}
{"availableBeginTime":"2026-10-07 00:34:16.684","availableEndTime":"2026-10-07 17:14:16.684"}
{"availableBeginTime":"2026-10-07 00:34:16.684","availableEndTime":"2026-10-07 17:14:16.684"}
{"availableBeginTime":"2026-10-07 00:34:16.684","availableEndTime":"2026-10-07 17:14:16.684"}
{"availableBeginTime":"2026-10-07 00:34:16.684","availableEndTime":"2026-10-07 17:14:16.684"}
{"availableBeginTime":"2026-10-07 00:34:16.684","availableEndTime":"2026-10-07 17:14:16.684"}
{"availableBeginTime":"2026-10-07 00:34:16.684","availableEndTime":"2026-10-07 17:14:16.684"}
{"availableBeginTime":"2026-10-07 00:34:16.684","availableEndTime":"2026-10-07 17:14:16.684"}
{"availableBeginTime":"2026-10-07 00:34:16.684","availableEndTime":"2026-10-07 17:14:16.684"}
{"availableBeginTime":"2026-10-07 00:34:16.684","availableEndTime":"2026-10-07 17:14:16.684"}
{"availableBeginTime":"2026-10-07 00:34:16.684","availableEndTime":"2026-10-07 17:14:16.684"}
{"availableBeginTime":"2026-10-07 00:34:16.684","availableEndTime":"2026-10-07 17:14:16.684"}
{"availableBeginTime":"2026-10-07 00:34:16.684","availableEndTime":"2026-10-07 17:14:16.684"}
{"availableBeginTime":"2026-10-07 00:34:16.684","availableEndTime":"2026-10-07 17:14:16.684"}
{"availableBeginTime":"2026-10-07 00:34:16.684","availableEndTime":"2026-10-07 17:14:16.684"}
{"availableBeginTime":"2026-10-07 00:34:16.684","availableEndTime":"2026-10-07 17:14:16.684"}
{"availableBeginTime":"2026-10-07 00:34:16.684","availableEndTime":"2026-10-07 17:14:16.684"}
{"availableBeginTime":"2026-10-07 00:34:16.684","availableEndTime":"2026-10-07 17:14:16.684"}
{"availableBeginTime":"2026-10-07 00:34:16.684","availableEndTime":"2026-10-07 17:14:16.684"}
{"availableBeginTime":"2026-10-07 00:34:16.684","availableEndTime":"2026-10-07 17:14:16.684"}
{"availableBeginTime":"2026-10-07 00:34:16.684","availableEndTime":"2026-10-07 17:14:16.684"}
{"availableBeginTime":"2026-10-07 00:34:16.684","availableEndTime":"2026-10-07 17:14:16.684"}
{"availableBeginTime":"2026-10-07 00:34:16.684","availableEndTime":"2026-10-07 17:14:16.684"}
{"availableBeginTime":"2026-10-07 00:34:16.684","availableEndTime":"2026-10-07 17:14:16.684"}
{"availableBeginTime":"2026-10-07 00:34:16.684","availableEndTime":"2026-10-07 17:14:16.684"}
{"availableBeginTime":"2026-10-07 00:34:16.684","availableEndTime":"2026-10-07 17:14:16.684"}
{"availableBeginTime":"2026-10-07 00:34:16.684","availableEndTime":"2026-10-07 17:14:16.684"}
{"availableBeginTime":"2026-10-07 00:34:16.684","availableEndTime":"2026-10-07 17:14:16.684"}
{"availableBeginTime":"2026-10-07 00:34:16.684","availableEndTime":"2026-10-07 17:14:16.684"}
{"availableBeginTime":"2026-10-07 00:34:16.684","availableEndTime":"2026-10-07 17:14:16.684"}
{"availableBeginTime":"2026-10-07 00:34:16.685","availableEndTime":"2026-10-07 17:14:16.685"}
{"availableBeginTime":"2026-10-07 00:34:16.685","availableEndTime":"2026-10-07 17:14:16.685"}
{"availableBeginTime":"2026-10-07 00:34:16.685","availableEndTime":"2026-10-07 17:14:16.685"}
{"availableBeginTime":"2026-10-07 00:34:16.685","availableEndTime":"2026-10-07 17:14:16.685"}
{"availableBeginTime":"2026-10-07 00:34:16.685","availableEndTime":"2026-10-07 17:14:16.685"}
{"availableBeginTime":"2026-10-07 00:34:16.685","availableEndTime":"2026-10-07 17:14:16.685"}
{"availableBeginTime":"2026-10-07 00:34:16.685","availableEndTime":"2026-10-07 17:14:16.685"}
{"availableBeginTime":"2026-10-07 00:34:16.685","availableEndTime":"2026-10-07 17:14:16.685"}
{"availableBeginTime":"2026-10-07 00:34:16.685","availableEndTime":"2026-10-07 17:14:16.685"}
{"availableBeginTime":"2026-10-07 00:34:16.685","availableEndTime":"2026-10-07 17:14:16.685"}
{"availableBeginTime":"2026-10-07 00:34:16.685","availableEndTime":"2026-10-07 17:14:16.685"}
{"availableBeginTime":"2026-10-07 00:34:16.685","availableEndTime":"2026-10-07 17:14:16.685"}
{"availableBeginTime":"2026-10-07 00:34:16.685","availableEndTime":"2026-10-07 17:14:16.685"}
{"availableBeginTime":"2026-10-07 00:34:16.685","availableEndTime":"2026-10-07 17:14:16.685"}
{"availableBeginTime":"2026-10-07 00:34:16.685","availableEndTime":"2026-10-07 17:14:16.685"}
{"availableBeginTime":"2026-10-07 00:34:16.685","availableEndTime":"2026-10-07 17:14:16.685"}
{"availableBeginTime":"2026-10-07 00:34:16.685","availableEndTime":"2026-10-07 17:14:16.685"}
{"availableBeginTime":"2026-10-07 00:34:16.685","availableEndTime":"2026-10-07 17:14:16.685"}
{"availableBeginTime":"2026-10-07 00:34:16.685","availableEndTime":"2026-10-07 17:14:16.685"}
{"availableBeginTime":"2026-10-07 00:34:16.685","availableEndTime":"2026-10-07 17:14:16.685"}
{"availableBeginTime":"2026-10-07 00:34:16.685","availableEndTime":"2026-10-07 17:14:16.685"}
{"availableBeginTime":"2026-10-07 00:34:16.685","availableEndTime":"2026-10-07 17:14:16.685"}
{"availableBeginTime":"2026-10-07 00:34:16.685","availableEndTime":"2026-10-07 17:14:16.685"}
{"availableBeginTime":"2026-10-07 00:34:16.685","availableEndTime":"2026-10-07 17:14:16.685"}
{"availableBeginTime":"2026-10-07 00:34:16.685","availableEndTime":"2026-10-07 17:14:16.685"}
{"availableBeginTime":"2026-10-07 00:34:16.685","availableEndTime":"2026-10-07 17:14:16.685"}
{"availableBeginTime":"2026-10-07 00:34:16.685","availableEndTime":"2026-10-07 17:14:16.685"}
{"availableBeginTime":"2026-10-07 00:34:16.685","availableEndTime":"2026-10-07 17:14:16.685"}
{"availableBeginTime":"2026-10-07 00:34:16.685","availableEndTime":"2026-10-07 17:14:16.685"}
{"availableBeginTime":"2026-10-07 00:34:16.685","availableEndTime":"2026-10-07 17:14:16.685"}
{"availableBeginTime":"2026-10-07 00:34:16.685","availableEndTime":"2026-10-07 17:14:16.685"}
{"availableBeginTime":"2026-10-07 00:34:16.685","availableEndTime":"2026-10-07 17:14:16.685"}
{"availableBeginTime":"2026-10-07 00:34:16.685","availableEndTime":"2026-10-07 17:14:16.685"}
{"availableBeginTime":"2026-10-07 00:34:16.685","availableEndTime":"2026-10-07 17:14:16.685"}
{"availableBeginTime":"2026-10-07 00:34:16.685","availableEndTime":"2026-10-07 17:14:16.685"}
{"availableBeginTime":"2026-10-07 00:34:16.685","availableEndTime":"2026-10-07 17:14:16.685"}
{"availableBeginTime":"2026-10-07 00:34:16.685","availableEndTime":"2026-10-07 17:14:16.685"}
{"availableBeginTime":"2026-10-07 00:34:16.685","availableEndTime":"2026-10-07 17:14:16.685"}
{"availableBeginTime":"2026-10-07 00:34:16.685","availableEndTime":"2026-10-07 17:14:16.685"}
{"availableBeginTime":"2026-10-07 00:34:16.685","availableEndTime":"2026-10-07 17:14:16.685"}
{"availableBeginTime":"2026-10-07 00:34:16.685","availableEndTime":"2026-10-07 17:14:16.685"}
{"availableBeginTime":"2026-10-07 00:34:16.685","availableEndTime":"2026-10-07 17:14:16.685"}
{"availableBeginTime":"2026-10-07 00:34:16.685","availableEndTime":"2026-10-07 17:14:16.685"}
{"availableBeginTime":"2026-10-07 00:34:16.685","availableEndTime":"2026-10-07 17:14:16.685"}
{"availableBeginTime":"2026-10-07 00:34:16.685","availableEndTime":"2026-10-07 17:14:16.685"}
{"availableBeginTime":"2026-10-07 00:34:16.685","availableEndTime":"2026-10-07 17:14:16.685"}
{"availableBeginTime":"2026-10-07 00:34:16.685","availableEndTime":"2026-10-07 17:14:16.685"}
{"availableBeginTime":"2026-10-07 00:34:16.685","availableEndTime":"2026-10-07 17:14:16.685"}
{"availableBeginTime":"2026-10-07 00:34:16.685","availableEndTime":"2026-10-07 17:14:16.685"}
{"availableBeginTime":"2026-10-07 00:34:16.685","availableEndTime":"2026-10-07 17:14:16.685"}
{"availableBeginTime":"2026-10-07 00:34:16.685","availableEndTime":"2026-10-07 17:14:16.685"}
{"availableBeginTime":"2026-10-07 00:34:16.685","availableEndTime":"2026-10-07 17:14:16.685"}
{"availableBeginTime":"2026-10-07 00:34:16.685","availableEndTime":"2026-10-07 17:14:16.685"}
{"availableBeginTime":"2026-10-07 00:34:16.685","availableEndTime":"2026-10-07 17:14:16.685"}
{"availableBeginTime":"2026-10-07 00:34:16.685","availableEndTime":"2026-10-07 17:14:16.685"}
{"availableBeginTime":"2026-10-07 00:34:16.685","availableEndTime":"2026-10-07 17:14:16.685"}
{"availableBeginTime":"2026-10-07 00:34:16.685","availableEndTime":"2026-10-07 17:14:16.685"}
{"availableBeginTime":"2026-10-07 00:34:16.685","availableEndTime":"2026-10-07 17:14:16.685"}
{"availableBeginTime":"2026-10-07 00:34:16.685","availableEndTime":"2026-10-07 17:14:16.685"}
{"availableBeginTime":"2026-10-07 00:34:16.685","availableEndTime":"2026-10-07 17:14:16.685"}
{"availableBeginTime":"2026-10-07 00:34:16.685","availableEndTime":"2026-10-07 17:14:16.685"}
{"availableBeginTime":"2026-10-07 00:34:16.685","availableEndTime":"2026-10-07 17:14:16.685"}
{"availableBeginTime":"2026-10-07 00:34:16.685","availableEndTime":"2026-10-07 17:14:16.685"}
{"availableBeginTime":"2026-10-07 00:34:16.685","availableEndTime":"2026-10-07 17:14:16.685"}
{"availableBeginTime":"2026-10-07 00:34:16.685","availableEndTime":"2026-10-07 17:14:16.685"}
{"availableBeginTime":"2026-10-07 00:34:16.685","availableEndTime":"2026-10-07 17:14:16.685"}
{"availableBeginTime":"2026-10-07 00:34:16.685","availableEndTime":"2026-10-07 17:14:16.685"}
{"availableBeginTime":"2026-10-07 00:34:16.685","availableEndTime":"2026-10-07 17:14:16.685"}
{"availableBeginTime":"2026-10-07 00:34:16.685","availableEndTime":"2026-10-07 17:14:16.685"}
{"availableBeginTime":"2026-10-07 00:34:16.685","availableEndTime":"2026-10-07 17:14:16.685"}
{"availableBeginTime":"2026-10-07 00:34:16.685","availableEndTime":"2026-10-07 17:14:16.685"}
{"availableBeginTime":"2026-10-07 00:34:16.685","availableEndTime":"2026-10-07 17:14:16.685"}
{"availableBeginTime":"2026-10-07 00:34:16.685","availableEndTime":"2026-10-07 17:14:16.685"}
{"availableBeginTime":"2026-10-07 00:34:16.685","availableEndTime":"2026-10-07 17:14:16.685"}
{"availableBeginTime":"2026-10-07 00:34:16.685","availableEndTime":"2026-10-07 17:14:16.685"}
{"availableBeginTime":"2026-10-07 00:34:16.685","availableEndTime":"2026-10-07 17:14:16.685"}
{"availableBeginTime":"2026-10-07 00:34:16.685","availableEndTime":"2026-10-07 17:14:16.685"}
{"availableBeginTime":"2026-10-07 00:34:16.685","availableEndTime":"2026-10-07 17:14:16.685"}
{"availableBeginTime":"2026-10-07 00:34:16.685","availableEndTime":"2026-10-07 17:14:16.685"}
{"availableBeginTime":"2026-10-07 00:34:16.685","availableEndTime":"2026-10-07 17:14:16.685"}
{"availableBeginTime":"2026-10-07 00:34:16.685","availableEndTime":"2026-10-07 17:14:16.685"}
{"availableBeginTime":"2026-10-07 00:34:16.685","availableEndTime":"2026-10-07 17:14:16.685"}
{"availableBeginTime":"2026-10-07 00:34:16.685","availableEndTime":"2026-10-07 17:14:16.685"}
{"availableBeginTime":"2026-10-07 00:34:16.685","availableEndTime":"2026-10-07 17:14:16.685"}
{"availableBeginTime":"2026-10-07 00:34:16.685","availableEndTime":"2026-10-07 17:14:16.685"}
{"availableBeginTime":"2026-10-07 00:34:16.685","availableEndTime":"2026-10-07 17:14:16.685"}
{"availableBeginTime":"2026-10-07 00:34:16.685","availableEndTime":"2026-10-07 17:14:16.685"}
{"availableBeginTime":"2026-10-07 00:34:16.685","availableEndTime":"2026-10-07 17:14:16.685"}
{"availableBeginTime":"2026-10-07 00:34:16.685","availableEndTime":"2026-10-07 17:14:16.685"}
{"availableBeginTime":"2026-10-07 00:34:16.685","availableEndTime":"2026-10-07 17:14:16.685"}
{"availableBeginTime":"2026-10-07 00:34:16.685","availableEndTime":"2026-10-07 17:14:16.685"}
{"availableBeginTime":"2026-10-07 00:34:16.685","availableEndTime":"2026-10-07 17:14:16.685"}
{"availableBeginTime":"2026-10-07 00:34:16.685","availableEndTime":"2026-10-07 17:14:16.685"}
{"availableBeginTime":"2026-10-07 00:34:16.685","availableEndTime":"2026-10-07 17:14:16.685"}
{"availableBeginTime":"2026-10-07 00:34:16.685","availableEndTime":"2026-10-07 17:14:16.685"}
{"availableBeginTime":"2026-10-07 00:34:16.685","availableEndTime":"2026-10-07 17:14:16.685"}
{"availableBeginTime":"2026-10-07 00:34:16.685","availableEndTime":"2026-10-07 17:14:16.685"}
{"availableBeginTime":"2026-10-07 00:34:16.685","availableEndTime":"2026-10-07 17:14:16.685"}
{"availableBeginTime":"2026-10-07 00:34:16.685","availableEndTime":"2026-10-07 17:14:16.685"}
{"availableBeginTime":"2026-10-07 00:34:16.685","availableEndTime":"2026-10-07 17:14:16.685"}
{"availableBeginTime":"2026-10-07 00:34:16.685","availableEndTime":"2026-10-07 17:14:16.685"}
{"availableBeginTime":"2026-10-07 00:34:16.685","availableEndTime":"2026-10-07 17:14:16.685"}
{"availableBeginTime":"2026-10-07 00:34:16.685","availableEndTime":"2026-10-07 17:14:16.685"}
{"availableBeginTime":"2026-10-07 00:34:16.685","availableEndTime":"2026-10-07 17:14:16.685"}
{"availableBeginTime":"2026-10-07 00:34:16.685","availableEndTime":"2026-10-07 17:14:16.685"}
{"availableBeginTime":"2026-10-07 00:34:16.685","availableEndTime":"2026-10-07 17:14:16.685"}
{"availableBeginTime":"2026-10-07 00:34:16.685","availableEndTime":"2026-10-07 17:14:16.685"}
{"availableBeginTime":"2026-10-07 00:34:16.685","availableEndTime":"2026-10-07 17:14:16.685"}
{"availableBeginTime":"2026-10-07 00:34:16.685","availableEndTime":"2026-10-07 17:14:16.685"}
{"availableBeginTime":"2026-10-07 00:34:16.685","availableEndTime":"2026-10-07 17:14:16.685"}
{"availableBeginTime":"2026-10-07 00:34:16.685","availableEndTime":"2026-10-07 17:14:16.685"}
{"availableBeginTime":"2026-10-07 00:34:16.685","availableEndTime":"2026-10-07 17:14:16.685"}
{"availableBeginTime":"2026-10-07 00:34:16.685","availableEndTime":"2026-10-07 17:14:16.685"}
{"availableBeginTime":"2026-10-07 00:34:16.685","availableEndTime":"2026-10-07 17:14:16.685"}
{"availableBeginTime":"2026-10-07 00:34:16.685","availableEndTime":"2026-10-07 17:14:16.685"}
{"availableBeginTime":"2026-10-07 00:34:16.685","availableEndTime":"2026-10-07 17:14:16.685"}
{"availableBeginTime":"2026-10-07 00:34:16.685","availableEndTime":"2026-10-07 17:14:16.685"}
{"availableBeginTime":"2026-10-07 00:34:16.685","availableEndTime":"2026-10-07 17:14:16.685"}
{"availableBeginTime":"2026-10-07 00:34:16.685","availableEndTime":"2026-10-07 17:14:16.685"}
{"availableBeginTime":"2026-10-07 00:34:16.685","availableEndTime":"2026-10-07 17:14:16.685"}
{"availableBeginTime":"2026-10-07 00:34:16.685","availableEndTime":"2026-10-07 17:14:16.685"}
{"availableBeginTime":"2026-10-07 00:34:16.685","availableEndTime":"2026-10-07 17:14:16.685"}
{"availableBeginTime":"2026-10-07 00:34:16.685","availableEndTime":"2026-10-07 17:14:16.685"}
{"availableBeginTime":"2026-10-07 00:34:16.685","availableEndTime":"2026-10-07 17:14:16.685"}
{"availableBeginTime":"2026-10-07 00:34:16.685","availableEndTime":"2026-10-07 17:14:16.685"}
{"availableBeginTime":"2026-10-07 00:34:16.685","availableEndTime":"2026-10-07 17:14:16.685"}
{"availableBeginTime":"2026-10-07 00:34:16.685","availableEndTime":"2026-10-07 17:14:16.685"}
{"availableBeginTime":"2026-10-07 00:34:16.685","availableEndTime":"2026-10-07 17:14:16.685"}
{"availableBeginTime":"2026-10-07 00:34:16.685","availableEndTime":"2026-10-07 17:14:16.685"}
{"availableBeginTime":"2026-10-07 00:34:16.685","availableEndTime":"2026-10-07 17:14:16.685"}
{"availableBeginTime":"2026-10-07 00:34:16.685","availableEndTime":"2026-10-07 17:14:16.685"}
{"availableBeginTime":"2026-10-07 00:34:16.685","availableEndTime":"2026-10-07 17:14:16.685"}
{"availableBeginTime":"2026-10-07 00:34:16.685","availableEndTime":"2026-10-07 17:14:16.685"}
{"availableBeginTime":"2026-10-07 00:34:16.685","availableEndTime":"2026-10-07 17:14:16.685"}
{"availableBeginTime":"2026-10-07 00:34:16.685","availableEndTime":"2026-10-07 17:14:16.685"}
{"availableBeginTime":"2026-10-07 00:34:16.685","availableEndTime":"2026-10-07 17:14:16.685"}
{"availableBeginTime":"2026-10-07 00:34:16.685","availableEndTime":"2026-10-07 17:14:16.685"}
{"availableBeginTime":"2026-10-07 00:34:16.685","availableEndTime":"2026-10-07 17:14:16.685"}
{"availableBeginTime":"2026-10-07 00:34:16.685","availableEndTime":"2026-10-07 17:14:16.685"}
{"availableBeginTime":"2026-10-07 00:34:16.685","availableEndTime":"2026-10-07 17:14:16.685"}
{"availableBeginTime":"2026-10-07 00:34:16.685","availableEndTime":"2026-10-07 17:14:16.685"}
{"availableBeginTime":"2026-10-07 00:34:16.685","availableEndTime":"2026-10-07 17:14:16.685"}
{"availableBeginTime":"2026-10-07 00:34:16.685","availableEndTime":"2026-10-07 17:14:16.685"}
{"availableBeginTime":"2026-10-07 00:34:16.685","availableEndTime":"2026-10-07 17:14:16.685"}
{"availableBeginTime":"2026-10-07 00:34:16.685","availableEndTime":"2026-10-07 17:14:16.685"}
{"availableBeginTime":"2026-10-07 00:34:16.685","availableEndTime":"2026-10-07 17:14:16.685"}
{"availableBeginTime":"2026-10-07 00:34:16.685","availableEndTime":"2026-10-07 17:14:16.685"}
{"availableBeginTime":"2026-10-07 00:34:16.685","availableEndTime":"2026-10-07 17:14:16.685"}
{"availableBeginTime":"2026-10-07 00:34:16.685","availableEndTime":"2026-10-07 17:14:16.685"}
{"availableBeginTime":"2026-10-07 00:34:16.685","availableEndTime":"2026-10-07 17:14:16.685"}
{"availableBeginTime":"2026-10-07 00:34:16.685","availableEndTime":"2026-10-07 17:14:16.685"}
{"availableBeginTime":"2026-10-07 00:34:16.685","availableEndTime":"2026-10-07 17:14:16.685"}
{"availableBeginTime":"2026-10-07 00:34:16.685","availableEndTime":"2026-10-07 17:14:16.685"}
{"availableBeginTime":"2026-10-07 00:34:16.685","availableEndTime":"2026-10-07 17:14:16.685"}
{"availableBeginTime":"2026-10-07 00:34:16.685","availableEndTime":"2026-10-07 17:14:16.685"}
{"availableBeginTime":"2026-10-07 00:34:16.685","availableEndTime":"2026-10-07 17:14:16.685"}
{"availableBeginTime":"2026-10-07 00:34:16.685","availableEndTime":"2026-10-07 17:14:16.685"}
{"availableBeginTime":"2026-10-07 00:34:16.685","availableEndTime":"2026-10-07 17:14:16.685"}
{"availableBeginTime":"2026-10-07 00:34:16.685","availableEndTime":"2026-10-07 17:14:16.685"}
{"availableBeginTime":"2026-10-07 00:34:16.685","availableEndTime":"2026-10-07 17:14:16.685"}
{"availableBeginTime":"2026-10-07 00:34:16.685","availableEndTime":"2026-10-07 17:14:16.685"}
{"availableBeginTime":"2026-10-07 00:34:16.685","availableEndTime":"2026-10-07 17:14:16.685"}
{"availableBeginTime":"2026-10-07 00:34:16.685","availableEndTime":"2026-10-07 17:14:16.685"}
{"availableBeginTime":"2026-10-07 00:34:16.685","availableEndTime":"2026-10-07 17:14:16.685"}
{"availableBeginTime":"2026-10-07 00:34:16.685","availableEndTime":"2026-10-07 17:14:16.685"}
{"availableBeginTime":"2026-10-07 00:34:16.685","availableEndTime":"2026-10-07 17:14:16.685"}
{"availableBeginTime":"2026-10-07 00:34:16.685","availableEndTime":"2026-10-07 17:14:16.685"}
{"availableBeginTime":"2026-10-07 00:34:16.685","availableEndTime":"2026-10-07 17:14:16.685"}
{"availableBeginTime":"2026-10-07 00:34:16.685","availableEndTime":"2026-10-07 17:14:16.685"}
{"availableBeginTime":"2026-10-07 00:34:16.685","availableEndTime":"2026-10-07 17:14:16.685"}
{"availableBeginTime":"2026-10-07 00:34:16.685","availableEndTime":"2026-10-07 17:14:16.685"}
{"availableBeginTime":"2026-10-07 00:34:16.685","availableEndTime":"2026-10-07 17:14:16.685"}
{"availableBeginTime":"2026-10-07 00:34:16.685","availableEndTime":"2026-10-07 17:14:16.685"}
{"availableBeginTime":"2026-10-07 00:34:16.685","availableEndTime":"2026-10-07 17:14:16.685"}
{"availableBeginTime":"2026-10-07 00:34:16.685","availableEndTime":"2026-10-07 17:14:16.685"}
{"availableBeginTime":"2026-10-07 00:34:16.685","availableEndTime":"2026-10-07 17:14:16.685"}
{"availableBeginTime":"2026-10-07 00:34:16.685","availableEndTime":"2026-10-07 17:14:16.685"}
{"availableBeginTime":"2026-10-07 00:34:16.685","availableEndTime":"2026-10-07 17:14:16.685"}
{"availableBeginTime":"2026-10-07 00:34:16.685","availableEndTime":"2026-10-07 17:14:16.685"}
{"availableBeginTime":"2026-10-07 00:34:16.685","availableEndTime":"2026-10-07 17:14:16.685"}
{"availableBeginTime":"2026-10-07 00:34:16.685","availableEndTime":"2026-10-07 17:14:16.685"}
{"availableBeginTime":"2026-10-07 00:34:16.685","availableEndTime":"2026-10-07 17:14:16.685"}
{"availableBeginTime":"2026-10-07 00:34:16.685","availableEndTime":"2026-10-07 17:14:16.685"}
{"availableBeginTime":"2026-10-07 00:34:16.685","availableEndTime":"2026-10-07 17:14:16.685"}
{"availableBeginTime":"2026-10-07 00:34:16.685","availableEndTime":"2026-10-07 17:14:16.685"}
{"availableBeginTime":"2026-10-07 00:34:16.685","availableEndTime":"2026-10-07 17:14:16.685"}
{"availableBeginTime":"2026-10-07 00:34:16.685","availableEndTime":"2026-10-07 17:14:16.685"}
{"availableBeginTime":"2026-10-07 00:34:16.685","availableEndTime":"2026-10-07 17:14:16.685"}
{"availableBeginTime":"2026-10-07 00:34:16.685","availableEndTime":"2026-10-07 17:14:16.685"}
{"availableBeginTime":"2026-10-07 00:34:16.685","availableEndTime":"2026-10-07 17:14:16.685"}
{"availableBeginTime":"2026-10-07 00:34:16.685","availableEndTime":"2026-10-07 17:14:16.685"}
{"availableBeginTime":"2026-10-07 00:34:16.685","availableEndTime":"2026-10-07 17:14:16.685"}
{"availableBeginTime":"2026-10-07 00:34:16.685","availableEndTime":"2026-10-07 17:14:16.685"}
{"availableBeginTime":"2026-10-07 00:34:16.685","availableEndTime":"2026-10-07 17:14:16.685"}
{"availableBeginTime":"2026-10-07 00:34:16.685","availableEndTime":"2026-10-07 17:14:16.685"}
{"availableBeginTime":"2026-10-07 00:34:16.685","availableEndTime":"2026-10-07 17:14:16.685"}
{"availableBeginTime":"2026-10-07 00:34:16.685","availableEndTime":"2026-10-07 17:14:16.685"}
{"availableBeginTime":"2026-10-07 00:34:16.685","availableEndTime":"2026-10-07 17:14:16.685"}
{"availableBeginTime":"2026-10-07 00:34:16.685","availableEndTime":"2026-10-07 17:14:16.685"}
{"availableBeginTime":"2026-10-07 00:34:16.685","availableEndTime":"2026-10-07 17:14:16.685"}
{"availableBeginTime":"2026-10-07 00:34:16.685","availableEndTime":"2026-10-07 17:14:16.685"}
{"availableBeginTime":"2026-10-07 00:34:16.685","availableEndTime":"2026-10-07 17:14:16.685"}
{"availableBeginTime":"2026-10-07 00:34:16.685","availableEndTime":"2026-10-07 17:14:16.685"}
{"availableBeginTime":"2026-10-07 00:34:16.685","availableEndTime":"2026-10-07 17:14:16.685"}
{"availableBeginTime":"2026-10-07 00:34:16.685","availableEndTime":"2026-10-07 17:14:16.685"}
{"availableBeginTime":"2026-10-07 00:34:16.685","availableEndTime":"2026-10-07 17:14:16.685"}
{"availableBeginTime":"2026-10-07 00:34:16.685","availableEndTime":"2026-10-07 17:14:16.685"}
{"availableBeginTime":"2026-10-07 00:34:16.685","availableEndTime":"2026-10-07 17:14:16.685"}
{"availableBeginTime":"2026-10-07 00:34:16.685","availableEndTime":"2026-10-07 17:14:16.685"}
{"availableBeginTime":"2026-10-07 00:34:16.685","availableEndTime":"2026-10-07 17:14:16.685"}
{"availableBeginTime":"2026-10-07 00:34:16.685","availableEndTime":"2026-10-07 17:14:16.685"}
{"availableBeginTime":"2026-10-07 00:34:16.685","availableEndTime":"2026-10-07 17:14:16.685"}
{"availableBeginTime":"2026-10-07 00:34:16.685","availableEndTime":"2026-10-07 17:14:16.685"}
{"availableBeginTime":"2026-10-07 00:34:16.685","availableEndTime":"2026-10-07 17:14:16.685"}
{"availableBeginTime":"2026-10-07 00:34:16.685","availableEndTime":"2026-10-07 17:14:16.685"}
{"availableBeginTime":"2026-10-07 00:34:16.685","availableEndTime":"2026-10-07 17:14:16.685"}
{"availableBeginTime":"2026-10-07 00:34:16.685","availableEndTime":"2026-10-07 17:14:16.685"}
{"availableBeginTime":"2026-10-07 00:34:16.685","availableEndTime":"2026-10-07 17:14:16.685"}
{"availableBeginTime":"2026-10-07 00:34:16.685","availableEndTime":"2026-10-07 17:14:16.685"}
{"availableBeginTime":"2026-10-07 00:34:16.685","availableEndTime":"2026-10-07 17:14:16.685"}
{"availableBeginTime":"2026-10-07 00:34:16.685","availableEndTime":"2026-10-07 17:14:16.685"}
{"availableBeginTime":"2026-10-07 00:34:16.685","availableEndTime":"2026-10-07 17:14:16.685"}
{"availableBeginTime":"2026-10-07 00:34:16.685","availableEndTime":"2026-10-07 17:14:16.685"}
{"availableBeginTime":"2026-10-07 00:34:16.685","availableEndTime":"2026-10-07 17:14:16.685"}
{"availableBeginTime":"2026-10-07 00:34:16.685","availableEndTime":"2026-10-07 17:14:16.685"}
{"availableBeginTime":"2026-10-07 00:34:16.685","availableEndTime":"2026-10-07 17:14:16.685"}
{"availableBeginTime":"2026-10-07 00:34:16.685","availableEndTime":"2026-10-07 17:14:16.685"}
{"availableBeginTime":"2026-10-07 00:34:16.685","availableEndTime":"2026-10-07 17:14:16.685"}
{"@type":"com.alibaba.fastjson2.issues.Issue508$Xx","base":{"@type":"com.alibaba.fastjson2.issues.Issue508$Device","id":1,"name":"xxx"}}
Parsed date: Wed Oct 11 00:00:00 CST 2023
Formatted date: {"utilDate":"2023-10-11"}
Parsed time: Sun Jul 05 16:11:10 CST 169108099
Formatted time: {"utilTime":"16:11:10"}
Parsed time: Sun Jul 05 16:11:00 CST 169108099
Formatted time: {"utilTime":"16:11"}
Parsed date: Wed Oct 11 00:00:00 CST 2023
Formatted date: {"utilDate":"2023-10-11"}
{"@type":"com.alibaba.fastjson2.issues.Canal_Issue4186$1"}
{"code":"项目成员1","formatType":0,"id":"a368f1ff-8702-4d80-9cdf-5260b5fe0fdd","level":0}
[Issue255.TestBean(type=text, data={content=hello111}), Issue255.TestBean(type=text, data={content=hello222})]
[Issue255.TestBean(type=text, data={content=hello111}), Issue255.TestBean(type=text, data={content=hello222})]
{"child_count":8,"del_state":0,"display_level":2,"id":54,"item_index":46,"parent_id":1,"path":"/1/54/","phase_id":1,"title":"八年级上","update_time":1596423978669}
{
	"@type":"com.alibaba.fastjson2.issues.Issue752$Bean#0",
	"@value":{
		"param":[
			"int",
			"int"
		]
	}
}
{
	"@type":"com.alibaba.fastjson2.issues.Issue571$Sample",
	"@value":[
		[
			true,
			false,
			false,
			true
		],
		true,
		false,
		"asdfASDF",
		"!",
		"$",
		[
			-1.234,
			-1.23,
			-12.0,
			-1.0,
			0.0,
			1.0,
			12.0,
			1.23,
			1.234
		],
		1.234567,
		7.654321,
		[
			-12.34,
			-12.3,
			-12.0,
			-1.0,
			0.0,
			1.0,
			12.0,
			12.3,
			12.34
		],
		12.345,
		54.321,
		[
			-1234,
			-123,
			-12,
			-1,
			0,
			1,
			12,
			123,
			1234
		],
		123,
		321,
		[
			-123400,
			-12300,
			-1200,
			-100,
			0,
			100,
			1200,
			12300,
			123400
		],
		1230000,
		3210000,
		{"$ref":".."},
		[
			-1234,
			-123,
			-12,
			-1,
			0,
			1,
			12,
			123,
			1234
		],
		12345,
		32100,
		"ABCDEFGHIJKLMNOPQRSTUVWXYZ0123456789"
	]
}
[Ljava.lang.String;@1b01a0b4
true
[[Ljava.lang.String;@6db47658
true
[[Ljava.lang.String;@6e145703
true
[[Ljava.lang.String;@121e3c62
true
320
{
	"@type":"com.alibaba.fastjson2.codec.JSONBTableTest4$B10#0",
	"@value":{
		"items":{
			"@type":"A#1",
			"@value":[
				{
					"id":101,
					"name":"DataWorks"
				},
				{
					"id":102,
					"name":"MaxCompute"
				}
			]
		}
	}
}
[-110, 118, 99, 111, 109, 46, 97, 108, 105, 98, 97, 98, 97, 46, 102, 97, 115, 116, 106, 115, 111, 110, 50, 46, 99, 111, 100, 101, 99, 46, 74, 83, 79, 78, 66, 84, 97, 98, 108, 101, 84, 101, 115, 116, 52, 36, 66, 0, -90, 78, 105, 116, 101, 109, 115, -106, -110, 121, 56, 48, 99, 111, 109, 46, 97, 108, 105, 98, 97, 98, 97, 46, 102, 97, 115, 116, 106, 115, 111, 110, 50, 46, 99, 111, 100, 101, 99, 46, 74, 83, 79, 78, 66, 84, 97, 98, 108, 101, 84, 101, 115, 116, 52, 36, 73, 116, 101, 109, 1, -90, 75, 105, 100, 56, 101, 77, 110, 97, 109, 101, 82, 68, 97, 116, 97, 87, 111, 114, 107, 115, -91, -110, 1, -90, 75, 105, 100, 56, 102, 77, 110, 97, 109, 101, 83, 77, 97, 120, 67, 111, 109, 112, 117, 116, 101, -91, -91]
{
	"@type":"com.alibaba.fastjson2.codec.RefTest7$Bean#0",
	"@value":{
		"values":{
			{
				"@type":"com.alibaba.fastjson2.codec.RefTest7$Key#1",
				"@value":{}
			}:{}
		},
		"values1":{
			{
				"@type":"#1",
				"@value":{}
			}:{"$ref":"$.values[0]"}
		}
	}
}
[StackTest.Node()]
[{"name":"DataWorks","id":101},{"id":102}]
{
	"actualTypeArguments":[
		"java.lang.String",
		"java.lang.String"
	],
	"rawType":"java.util.Map"
}
{
	"@type":"IllegalStateException#0",
	"@value":{
		"stackTrace":[
			{
				"fileName":"ExceptionTest.java",
				"lineNumber":61,
				"className":"com.alibaba.fastjson2.codec.ExceptionTest",
				"methodName":"test_exception_jsonb_fieldBased"
			},
			{
				"fileName":"DirectMethodHandleAccessor.java",
				"lineNumber":104,
				"className":"jdk.internal.reflect.DirectMethodHandleAccessor",
				"methodName":"invoke"
			},
			{
				"fileName":"Method.java",
				"lineNumber":565,
				"className":"java.lang.reflect.Method",
				"methodName":"invoke"
			},
			{
				"fileName":"ReflectionUtils.java",
				"lineNumber":787,
				"className":"org.junit.platform.commons.util.ReflectionUtils",
				"methodName":"invokeMethod"
			},
			{
				"fileName":"ReflectionSupport.java",
				"lineNumber":478,
				"className":"org.junit.platform.commons.support.ReflectionSupport",
				"methodName":"invokeMethod"
			},
			{
				"fileName":"MethodInvocation.java",
				"lineNumber":60,
				"className":"org.junit.jupiter.engine.execution.MethodInvocation",
				"methodName":"proceed"
			},
			{
				"fileName":"InvocationInterceptorChain.java",
				"lineNumber":131,
				"className":"org.junit.jupiter.engine.execution.InvocationInterceptorChain$ValidatingInvocation",
				"methodName":"proceed"
			},
			{
				"fileName":"TimeoutExtension.java",
				"lineNumber":161,
				"className":"org.junit.jupiter.engine.extension.TimeoutExtension",
				"methodName":"intercept"
			},
			{
				"fileName":"TimeoutExtension.java",
				"lineNumber":152,
				"className":"org.junit.jupiter.engine.extension.TimeoutExtension",
				"methodName":"interceptTestableMethod"
			},
			{
				"fileName":"TimeoutExtension.java",
				"lineNumber":91,
				"className":"org.junit.jupiter.engine.extension.TimeoutExtension",
				"methodName":"interceptTestMethod"
			},
			{
				"fileName":"InterceptingExecutableInvoker.java",
				"lineNumber":112,
				"className":"org.junit.jupiter.engine.execution.InterceptingExecutableInvoker$ReflectiveInterceptorCall",
				"methodName":"lambda$ofVoidMethod$0"
			},
			{
				"fileName":"InterceptingExecutableInvoker.java",
				"lineNumber":94,
				"className":"org.junit.jupiter.engine.execution.InterceptingExecutableInvoker",
				"methodName":"lambda$invoke$0"
			},
			{
				"fileName":"InvocationInterceptorChain.java",
				"lineNumber":106,
				"className":"org.junit.jupiter.engine.execution.InvocationInterceptorChain$InterceptedInvocation",
				"methodName":"proceed"
			},
			{
				"fileName":"InvocationInterceptorChain.java",
				"lineNumber":64,
				"className":"org.junit.jupiter.engine.execution.InvocationInterceptorChain",
				"methodName":"proceed"
			},
			{
				"fileName":"InvocationInterceptorChain.java",
				"lineNumber":45,
				"className":"org.junit.jupiter.engine.execution.InvocationInterceptorChain",
				"methodName":"chainAndInvoke"
			},
			{
				"fileName":"InvocationInterceptorChain.java",
				"lineNumber":37,
				"className":"org.junit.jupiter.engine.execution.InvocationInterceptorChain",
				"methodName":"invoke"
			},
			{
				"fileName":"InterceptingExecutableInvoker.java",
				"lineNumber":93,
				"className":"org.junit.jupiter.engine.execution.InterceptingExecutableInvoker",
				"methodName":"invoke"
			},
			{
				"fileName":"InterceptingExecutableInvoker.java",
				"lineNumber":87,
				"className":"org.junit.jupiter.engine.execution.InterceptingExecutableInvoker",
				"methodName":"invoke"
			},
			{
				"fileName":"TestMethodTestDescriptor.java",
				"lineNumber":221,
				"className":"org.junit.jupiter.engine.descriptor.TestMethodTestDescriptor",
				"methodName":"lambda$invokeTestMethod$4"
			},
			{
				"fileName":"ThrowableCollector.java",
				"lineNumber":73,
				"className":"org.junit.platform.engine.support.hierarchical.ThrowableCollector",
				"methodName":"execute"
			},
			{
				"fileName":"TestMethodTestDescriptor.java",
				"lineNumber":217,
				"className":"org.junit.jupiter.engine.descriptor.TestMethodTestDescriptor",
				"methodName":"invokeTestMethod"
			},
			{
				"fileName":"TestMethodTestDescriptor.java",
				"lineNumber":159,
				"className":"org.junit.jupiter.engine.descriptor.TestMethodTestDescriptor",
				"methodName":"execute"
			},
			{
				"fileName":"TestMethodTestDescriptor.java",
				"lineNumber":70,
				"className":"org.junit.jupiter.engine.descriptor.TestMethodTestDescriptor",
				"methodName":"execute"
			},
			{
				"fileName":"NodeTestTask.java",
				"lineNumber":157,
				"className":"org.junit.platform.engine.support.hierarchical.NodeTestTask",
				"methodName":"lambda$executeRecursively$6"
			},
			{
				"fileName":"ThrowableCollector.java",
				"lineNumber":73,
				"className":"org.junit.platform.engine.support.hierarchical.ThrowableCollector",
				"methodName":"execute"
			},
			{
				"fileName":"NodeTestTask.java",
				"lineNumber":147,
				"className":"org.junit.platform.engine.support.hierarchical.NodeTestTask",
				"methodName":"lambda$executeRecursively$8"
			},
			{
				"fileName":"Node.java",
				"lineNumber":137,
				"className":"org.junit.platform.engine.support.hierarchical.Node",
				"methodName":"around"
			},
			{
				"fileName":"NodeTestTask.java",
				"lineNumber":145,
				"className":"org.junit.platform.engine.support.hierarchical.NodeTestTask",
				"methodName":"lambda$executeRecursively$9"
			},
			{
				"fileName":"ThrowableCollector.java",
				"lineNumber":73,
				"className":"org.junit.platform.engine.support.hierarchical.ThrowableCollector",
				"methodName":"execute"
			},
			{
				"fileName":"NodeTestTask.java",
				"lineNumber":144,
				"className":"org.junit.platform.engine.support.hierarchical.NodeTestTask",
				"methodName":"executeRecursively"
			},
			{
				"fileName":"NodeTestTask.java",
				"lineNumber":101,
				"className":"org.junit.platform.engine.support.hierarchical.NodeTestTask",
				"methodName":"execute"
			},
			{
				"fileName":"ArrayList.java",
				"lineNumber":1604,
				"className":"java.util.ArrayList",
				"methodName":"forEach"
			},
			{
				"fileName":"SameThreadHierarchicalTestExecutorService.java",
				"lineNumber":41,
				"className":"org.junit.platform.engine.support.hierarchical.SameThreadHierarchicalTestExecutorService",
				"methodName":"invokeAll"
			},
			{
				"fileName":"NodeTestTask.java",
				"lineNumber":161,
				"className":"org.junit.platform.engine.support.hierarchical.NodeTestTask",
				"methodName":"lambda$executeRecursively$6"
			},
			{
				"fileName":"ThrowableCollector.java",
				"lineNumber":73,
				"className":"org.junit.platform.engine.support.hierarchical.ThrowableCollector",
				"methodName":"execute"
			},
			{
				"fileName":"NodeTestTask.java",
				"lineNumber":147,
				"className":"org.junit.platform.engine.support.hierarchical.NodeTestTask",
				"methodName":"lambda$executeRecursively$8"
			},
			{
				"fileName":"Node.java",
				"lineNumber":137,
				"className":"org.junit.platform.engine.support.hierarchical.Node",
				"methodName":"around"
			},
			{
				"fileName":"NodeTestTask.java",
				"lineNumber":145,
				"className":"org.junit.platform.engine.support.hierarchical.NodeTestTask",
				"methodName":"lambda$executeRecursively$9"
			},
			{
				"fileName":"ThrowableCollector.java",
				"lineNumber":73,
				"className":"org.junit.platform.engine.support.hierarchical.ThrowableCollector",
				"methodName":"execute"
			},
			{
				"fileName":"NodeTestTask.java",
				"lineNumber":144,
				"className":"org.junit.platform.engine.support.hierarchical.NodeTestTask",
				"methodName":"executeRecursively"
			},
			{
				"fileName":"NodeTestTask.java",
				"lineNumber":101,
				"className":"org.junit.platform.engine.support.hierarchical.NodeTestTask",
				"methodName":"execute"
			},
			{
				"fileName":"ArrayList.java",
				"lineNumber":1604,
				"className":"java.util.ArrayList",
				"methodName":"forEach"
			},
			{
				"fileName":"SameThreadHierarchicalTestExecutorService.java",
				"lineNumber":41,
				"className":"org.junit.platform.engine.support.hierarchical.SameThreadHierarchicalTestExecutorService",
				"methodName":"invokeAll"
			},
			{
				"fileName":"NodeTestTask.java",
				"lineNumber":161,
				"className":"org.junit.platform.engine.support.hierarchical.NodeTestTask",
				"methodName":"lambda$executeRecursively$6"
			},
			{
				"fileName":"ThrowableCollector.java",
				"lineNumber":73,
				"className":"org.junit.platform.engine.support.hierarchical.ThrowableCollector",
				"methodName":"execute"
			},
			{
				"fileName":"NodeTestTask.java",
				"lineNumber":147,
				"className":"org.junit.platform.engine.support.hierarchical.NodeTestTask",
				"methodName":"lambda$executeRecursively$8"
			},
			{
				"fileName":"Node.java",
				"lineNumber":137,
				"className":"org.junit.platform.engine.support.hierarchical.Node",
				"methodName":"around"
			},
			{
				"fileName":"NodeTestTask.java",
				"lineNumber":145,
				"className":"org.junit.platform.engine.support.hierarchical.NodeTestTask",
				"methodName":"lambda$executeRecursively$9"
			},
			{
				"fileName":"ThrowableCollector.java",
				"lineNumber":73,
				"className":"org.junit.platform.engine.support.hierarchical.ThrowableCollector",
				"methodName":"execute"
			},
			{
				"fileName":"NodeTestTask.java",
				"lineNumber":144,
				"className":"org.junit.platform.engine.support.hierarchical.NodeTestTask",
				"methodName":"executeRecursively"
			},
			{
				"fileName":"NodeTestTask.java",
				"lineNumber":101,
				"className":"org.junit.platform.engine.support.hierarchical.NodeTestTask",
				"methodName":"execute"
			},
			{
				"fileName":"SameThreadHierarchicalTestExecutorService.java",
				"lineNumber":35,
				"className":"org.junit.platform.engine.support.hierarchical.SameThreadHierarchicalTestExecutorService",
				"methodName":"submit"
			},
			{
				"fileName":"HierarchicalTestExecutor.java",
				"lineNumber":57,
				"className":"org.junit.platform.engine.support.hierarchical.HierarchicalTestExecutor",
				"methodName":"execute"
			},
			{
				"fileName":"HierarchicalTestEngine.java",
				"lineNumber":54,
				"className":"org.junit.platform.engine.support.hierarchical.HierarchicalTestEngine",
				"methodName":"execute"
			},
			{
				"fileName":"EngineExecutionOrchestrator.java",
				"lineNumber":230,
				"className":"org.junit.platform.launcher.core.EngineExecutionOrchestrator",
				"methodName":"executeEngine"
			},
			{
				"fileName":"EngineExecutionOrchestrator.java",
				"lineNumber":204,
				"className":"org.junit.platform.launcher.core.EngineExecutionOrchestrator",
				"methodName":"failOrExecuteEngine"
			},
			{
				"fileName":"EngineExecutionOrchestrator.java",
				"lineNumber":172,
				"className":"org.junit.platform.launcher.core.EngineExecutionOrchestrator",
				"methodName":"execute"
			},
			{
				"fileName":"EngineExecutionOrchestrator.java",
				"lineNumber":101,
				"className":"org.junit.platform.launcher.core.EngineExecutionOrchestrator",
				"methodName":"execute"
			},
			{
				"fileName":"EngineExecutionOrchestrator.java",
				"lineNumber":64,
				"className":"org.junit.platform.launcher.core.EngineExecutionOrchestrator",
				"methodName":"lambda$execute$0"
			},
			{
				"fileName":"EngineExecutionOrchestrator.java",
				"lineNumber":150,
				"className":"org.junit.platform.launcher.core.EngineExecutionOrchestrator",
				"methodName":"withInterceptedStreams"
			},
			{
				"fileName":"EngineExecutionOrchestrator.java",
				"lineNumber":63,
				"className":"org.junit.platform.launcher.core.EngineExecutionOrchestrator",
				"methodName":"execute"
			},
			{
				"fileName":"DefaultLauncher.java",
				"lineNumber":109,
				"className":"org.junit.platform.launcher.core.DefaultLauncher",
				"methodName":"execute"
			},
			{
				"fileName":"DefaultLauncher.java",
				"lineNumber":91,
				"className":"org.junit.platform.launcher.core.DefaultLauncher",
				"methodName":"execute"
			},
			{
				"fileName":"DelegatingLauncher.java",
				"lineNumber":47,
				"className":"org.junit.platform.launcher.core.DelegatingLauncher",
				"methodName":"execute"
			},
			{
				"fileName":"InterceptingLauncher.java",
				"lineNumber":39,
				"className":"org.junit.platform.launcher.core.InterceptingLauncher",
				"methodName":"lambda$execute$1"
			},
			{
				"fileName":"ClasspathAlignmentCheckingLauncherInterceptor.java",
				"lineNumber":25,
				"className":"org.junit.platform.launcher.core.ClasspathAlignmentCheckingLauncherInterceptor",
				"methodName":"intercept"
			},
			{
				"fileName":"InterceptingLauncher.java",
				"lineNumber":38,
				"className":"org.junit.platform.launcher.core.InterceptingLauncher",
				"methodName":"execute"
			},
			{
				"fileName":"DelegatingLauncher.java",
				"lineNumber":47,
				"className":"org.junit.platform.launcher.core.DelegatingLauncher",
				"methodName":"execute"
			},
			{
				"fileName":"LazyLauncher.java",
				"lineNumber":56,
				"className":"org.apache.maven.surefire.junitplatform.LazyLauncher",
				"methodName":"execute"
			},
			{
				"fileName":"JUnitPlatformProvider.java",
				"lineNumber":194,
				"className":"org.apache.maven.surefire.junitplatform.JUnitPlatformProvider",
				"methodName":"execute"
			},
			{
				"fileName":"JUnitPlatformProvider.java",
				"lineNumber":150,
				"className":"org.apache.maven.surefire.junitplatform.JUnitPlatformProvider",
				"methodName":"invokeAllTests"
			},
			{
				"fileName":"JUnitPlatformProvider.java",
				"lineNumber":124,
				"className":"org.apache.maven.surefire.junitplatform.JUnitPlatformProvider",
				"methodName":"invoke"
			},
			{
				"fileName":"ForkedBooter.java",
				"lineNumber":385,
				"className":"org.apache.maven.surefire.booter.ForkedBooter",
				"methodName":"runSuitesInProcess"
			},
			{
				"fileName":"ForkedBooter.java",
				"lineNumber":162,
				"className":"org.apache.maven.surefire.booter.ForkedBooter",
				"methodName":"execute"
			},
			{
				"fileName":"ForkedBooter.java",
				"lineNumber":507,
				"className":"org.apache.maven.surefire.booter.ForkedBooter",
				"methodName":"run"
			},
			{
				"fileName":"ForkedBooter.java",
				"lineNumber":495,
				"className":"org.apache.maven.surefire.booter.ForkedBooter",
				"methodName":"main"
			}
		],
		"suppressedExceptions":{
			"@type":"java.util.Collections$EmptyList#1",
			"@value":[]
		}
	}
}
{
	"@type":"java.time.format.DateTimeParseException#0",
	"@value":{
		"detailMessage":"aaa",
		"errorIndex":1,
		"parsedString":"bbb",
		"stackTrace":[
			{
				"fileName":"ExceptionTest.java",
				"lineNumber":76,
				"className":"com.alibaba.fastjson2.codec.ExceptionTest",
				"methodName":"test_exception_jsonb_fieldBased_1"
			},
			{
				"fileName":"DirectMethodHandleAccessor.java",
				"lineNumber":104,
				"className":"jdk.internal.reflect.DirectMethodHandleAccessor",
				"methodName":"invoke"
			},
			{
				"fileName":"Method.java",
				"lineNumber":565,
				"className":"java.lang.reflect.Method",
				"methodName":"invoke"
			},
			{
				"fileName":"ReflectionUtils.java",
				"lineNumber":787,
				"className":"org.junit.platform.commons.util.ReflectionUtils",
				"methodName":"invokeMethod"
			},
			{
				"fileName":"ReflectionSupport.java",
				"lineNumber":478,
				"className":"org.junit.platform.commons.support.ReflectionSupport",
				"methodName":"invokeMethod"
			},
			{
				"fileName":"MethodInvocation.java",
				"lineNumber":60,
				"className":"org.junit.jupiter.engine.execution.MethodInvocation",
				"methodName":"proceed"
			},
			{
				"fileName":"InvocationInterceptorChain.java",
				"lineNumber":131,
				"className":"org.junit.jupiter.engine.execution.InvocationInterceptorChain$ValidatingInvocation",
				"methodName":"proceed"
			},
			{
				"fileName":"TimeoutExtension.java",
				"lineNumber":161,
				"className":"org.junit.jupiter.engine.extension.TimeoutExtension",
				"methodName":"intercept"
			},
			{
				"fileName":"TimeoutExtension.java",
				"lineNumber":152,
				"className":"org.junit.jupiter.engine.extension.TimeoutExtension",
				"methodName":"interceptTestableMethod"
			},
			{
				"fileName":"TimeoutExtension.java",
				"lineNumber":91,
				"className":"org.junit.jupiter.engine.extension.TimeoutExtension",
				"methodName":"interceptTestMethod"
			},
			{
				"fileName":"InterceptingExecutableInvoker.java",
				"lineNumber":112,
				"className":"org.junit.jupiter.engine.execution.InterceptingExecutableInvoker$ReflectiveInterceptorCall",
				"methodName":"lambda$ofVoidMethod$0"
			},
			{
				"fileName":"InterceptingExecutableInvoker.java",
				"lineNumber":94,
				"className":"org.junit.jupiter.engine.execution.InterceptingExecutableInvoker",
				"methodName":"lambda$invoke$0"
			},
			{
				"fileName":"InvocationInterceptorChain.java",
				"lineNumber":106,
				"className":"org.junit.jupiter.engine.execution.InvocationInterceptorChain$InterceptedInvocation",
				"methodName":"proceed"
			},
			{
				"fileName":"InvocationInterceptorChain.java",
				"lineNumber":64,
				"className":"org.junit.jupiter.engine.execution.InvocationInterceptorChain",
				"methodName":"proceed"
			},
			{
				"fileName":"InvocationInterceptorChain.java",
				"lineNumber":45,
				"className":"org.junit.jupiter.engine.execution.InvocationInterceptorChain",
				"methodName":"chainAndInvoke"
			},
			{
				"fileName":"InvocationInterceptorChain.java",
				"lineNumber":37,
				"className":"org.junit.jupiter.engine.execution.InvocationInterceptorChain",
				"methodName":"invoke"
			},
			{
				"fileName":"InterceptingExecutableInvoker.java",
				"lineNumber":93,
				"className":"org.junit.jupiter.engine.execution.InterceptingExecutableInvoker",
				"methodName":"invoke"
			},
			{
				"fileName":"InterceptingExecutableInvoker.java",
				"lineNumber":87,
				"className":"org.junit.jupiter.engine.execution.InterceptingExecutableInvoker",
				"methodName":"invoke"
			},
			{
				"fileName":"TestMethodTestDescriptor.java",
				"lineNumber":221,
				"className":"org.junit.jupiter.engine.descriptor.TestMethodTestDescriptor",
				"methodName":"lambda$invokeTestMethod$4"
			},
			{
				"fileName":"ThrowableCollector.java",
				"lineNumber":73,
				"className":"org.junit.platform.engine.support.hierarchical.ThrowableCollector",
				"methodName":"execute"
			},
			{
				"fileName":"TestMethodTestDescriptor.java",
				"lineNumber":217,
				"className":"org.junit.jupiter.engine.descriptor.TestMethodTestDescriptor",
				"methodName":"invokeTestMethod"
			},
			{
				"fileName":"TestMethodTestDescriptor.java",
				"lineNumber":159,
				"className":"org.junit.jupiter.engine.descriptor.TestMethodTestDescriptor",
				"methodName":"execute"
			},
			{
				"fileName":"TestMethodTestDescriptor.java",
				"lineNumber":70,
				"className":"org.junit.jupiter.engine.descriptor.TestMethodTestDescriptor",
				"methodName":"execute"
			},
			{
				"fileName":"NodeTestTask.java",
				"lineNumber":157,
				"className":"org.junit.platform.engine.support.hierarchical.NodeTestTask",
				"methodName":"lambda$executeRecursively$6"
			},
			{
				"fileName":"ThrowableCollector.java",
				"lineNumber":73,
				"className":"org.junit.platform.engine.support.hierarchical.ThrowableCollector",
				"methodName":"execute"
			},
			{
				"fileName":"NodeTestTask.java",
				"lineNumber":147,
				"className":"org.junit.platform.engine.support.hierarchical.NodeTestTask",
				"methodName":"lambda$executeRecursively$8"
			},
			{
				"fileName":"Node.java",
				"lineNumber":137,
				"className":"org.junit.platform.engine.support.hierarchical.Node",
				"methodName":"around"
			},
			{
				"fileName":"NodeTestTask.java",
				"lineNumber":145,
				"className":"org.junit.platform.engine.support.hierarchical.NodeTestTask",
				"methodName":"lambda$executeRecursively$9"
			},
			{
				"fileName":"ThrowableCollector.java",
				"lineNumber":73,
				"className":"org.junit.platform.engine.support.hierarchical.ThrowableCollector",
				"methodName":"execute"
			},
			{
				"fileName":"NodeTestTask.java",
				"lineNumber":144,
				"className":"org.junit.platform.engine.support.hierarchical.NodeTestTask",
				"methodName":"executeRecursively"
			},
			{
				"fileName":"NodeTestTask.java",
				"lineNumber":101,
				"className":"org.junit.platform.engine.support.hierarchical.NodeTestTask",
				"methodName":"execute"
			},
			{
				"fileName":"ArrayList.java",
				"lineNumber":1604,
				"className":"java.util.ArrayList",
				"methodName":"forEach"
			},
			{
				"fileName":"SameThreadHierarchicalTestExecutorService.java",
				"lineNumber":41,
				"className":"org.junit.platform.engine.support.hierarchical.SameThreadHierarchicalTestExecutorService",
				"methodName":"invokeAll"
			},
			{
				"fileName":"NodeTestTask.java",
				"lineNumber":161,
				"className":"org.junit.platform.engine.support.hierarchical.NodeTestTask",
				"methodName":"lambda$executeRecursively$6"
			},
			{
				"fileName":"ThrowableCollector.java",
				"lineNumber":73,
				"className":"org.junit.platform.engine.support.hierarchical.ThrowableCollector",
				"methodName":"execute"
			},
			{
				"fileName":"NodeTestTask.java",
				"lineNumber":147,
				"className":"org.junit.platform.engine.support.hierarchical.NodeTestTask",
				"methodName":"lambda$executeRecursively$8"
			},
			{
				"fileName":"Node.java",
				"lineNumber":137,
				"className":"org.junit.platform.engine.support.hierarchical.Node",
				"methodName":"around"
			},
			{
				"fileName":"NodeTestTask.java",
				"lineNumber":145,
				"className":"org.junit.platform.engine.support.hierarchical.NodeTestTask",
				"methodName":"lambda$executeRecursively$9"
			},
			{
				"fileName":"ThrowableCollector.java",
				"lineNumber":73,
				"className":"org.junit.platform.engine.support.hierarchical.ThrowableCollector",
				"methodName":"execute"
			},
			{
				"fileName":"NodeTestTask.java",
				"lineNumber":144,
				"className":"org.junit.platform.engine.support.hierarchical.NodeTestTask",
				"methodName":"executeRecursively"
			},
			{
				"fileName":"NodeTestTask.java",
				"lineNumber":101,
				"className":"org.junit.platform.engine.support.hierarchical.NodeTestTask",
				"methodName":"execute"
			},
			{
				"fileName":"ArrayList.java",
				"lineNumber":1604,
				"className":"java.util.ArrayList",
				"methodName":"forEach"
			},
			{
				"fileName":"SameThreadHierarchicalTestExecutorService.java",
				"lineNumber":41,
				"className":"org.junit.platform.engine.support.hierarchical.SameThreadHierarchicalTestExecutorService",
				"methodName":"invokeAll"
			},
			{
				"fileName":"NodeTestTask.java",
				"lineNumber":161,
				"className":"org.junit.platform.engine.support.hierarchical.NodeTestTask",
				"methodName":"lambda$executeRecursively$6"
			},
			{
				"fileName":"ThrowableCollector.java",
				"lineNumber":73,
				"className":"org.junit.platform.engine.support.hierarchical.ThrowableCollector",
				"methodName":"execute"
			},
			{
				"fileName":"NodeTestTask.java",
				"lineNumber":147,
				"className":"org.junit.platform.engine.support.hierarchical.NodeTestTask",
				"methodName":"lambda$executeRecursively$8"
			},
			{
				"fileName":"Node.java",
				"lineNumber":137,
				"className":"org.junit.platform.engine.support.hierarchical.Node",
				"methodName":"around"
			},
			{
				"fileName":"NodeTestTask.java",
				"lineNumber":145,
				"className":"org.junit.platform.engine.support.hierarchical.NodeTestTask",
				"methodName":"lambda$executeRecursively$9"
			},
			{
				"fileName":"ThrowableCollector.java",
				"lineNumber":73,
				"className":"org.junit.platform.engine.support.hierarchical.ThrowableCollector",
				"methodName":"execute"
			},
			{
				"fileName":"NodeTestTask.java",
				"lineNumber":144,
				"className":"org.junit.platform.engine.support.hierarchical.NodeTestTask",
				"methodName":"executeRecursively"
			},
			{
				"fileName":"NodeTestTask.java",
				"lineNumber":101,
				"className":"org.junit.platform.engine.support.hierarchical.NodeTestTask",
				"methodName":"execute"
			},
			{
				"fileName":"SameThreadHierarchicalTestExecutorService.java",
				"lineNumber":35,
				"className":"org.junit.platform.engine.support.hierarchical.SameThreadHierarchicalTestExecutorService",
				"methodName":"submit"
			},
			{
				"fileName":"HierarchicalTestExecutor.java",
				"lineNumber":57,
				"className":"org.junit.platform.engine.support.hierarchical.HierarchicalTestExecutor",
				"methodName":"execute"
			},
			{
				"fileName":"HierarchicalTestEngine.java",
				"lineNumber":54,
				"className":"org.junit.platform.engine.support.hierarchical.HierarchicalTestEngine",
				"methodName":"execute"
			},
			{
				"fileName":"EngineExecutionOrchestrator.java",
				"lineNumber":230,
				"className":"org.junit.platform.launcher.core.EngineExecutionOrchestrator",
				"methodName":"executeEngine"
			},
			{
				"fileName":"EngineExecutionOrchestrator.java",
				"lineNumber":204,
				"className":"org.junit.platform.launcher.core.EngineExecutionOrchestrator",
				"methodName":"failOrExecuteEngine"
			},
			{
				"fileName":"EngineExecutionOrchestrator.java",
				"lineNumber":172,
				"className":"org.junit.platform.launcher.core.EngineExecutionOrchestrator",
				"methodName":"execute"
			},
			{
				"fileName":"EngineExecutionOrchestrator.java",
				"lineNumber":101,
				"className":"org.junit.platform.launcher.core.EngineExecutionOrchestrator",
				"methodName":"execute"
			},
			{
				"fileName":"EngineExecutionOrchestrator.java",
				"lineNumber":64,
				"className":"org.junit.platform.launcher.core.EngineExecutionOrchestrator",
				"methodName":"lambda$execute$0"
			},
			{
				"fileName":"EngineExecutionOrchestrator.java",
				"lineNumber":150,
				"className":"org.junit.platform.launcher.core.EngineExecutionOrchestrator",
				"methodName":"withInterceptedStreams"
			},
			{
				"fileName":"EngineExecutionOrchestrator.java",
				"lineNumber":63,
				"className":"org.junit.platform.launcher.core.EngineExecutionOrchestrator",
				"methodName":"execute"
			},
			{
				"fileName":"DefaultLauncher.java",
				"lineNumber":109,
				"className":"org.junit.platform.launcher.core.DefaultLauncher",
				"methodName":"execute"
			},
			{
				"fileName":"DefaultLauncher.java",
				"lineNumber":91,
				"className":"org.junit.platform.launcher.core.DefaultLauncher",
				"methodName":"execute"
			},
			{
				"fileName":"DelegatingLauncher.java",
				"lineNumber":47,
				"className":"org.junit.platform.launcher.core.DelegatingLauncher",
				"methodName":"execute"
			},
			{
				"fileName":"InterceptingLauncher.java",
				"lineNumber":39,
				"className":"org.junit.platform.launcher.core.InterceptingLauncher",
				"methodName":"lambda$execute$1"
			},
			{
				"fileName":"ClasspathAlignmentCheckingLauncherInterceptor.java",
				"lineNumber":25,
				"className":"org.junit.platform.launcher.core.ClasspathAlignmentCheckingLauncherInterceptor",
				"methodName":"intercept"
			},
			{
				"fileName":"InterceptingLauncher.java",
				"lineNumber":38,
				"className":"org.junit.platform.launcher.core.InterceptingLauncher",
				"methodName":"execute"
			},
			{
				"fileName":"DelegatingLauncher.java",
				"lineNumber":47,
				"className":"org.junit.platform.launcher.core.DelegatingLauncher",
				"methodName":"execute"
			},
			{
				"fileName":"LazyLauncher.java",
				"lineNumber":56,
				"className":"org.apache.maven.surefire.junitplatform.LazyLauncher",
				"methodName":"execute"
			},
			{
				"fileName":"JUnitPlatformProvider.java",
				"lineNumber":194,
				"className":"org.apache.maven.surefire.junitplatform.JUnitPlatformProvider",
				"methodName":"execute"
			},
			{
				"fileName":"JUnitPlatformProvider.java",
				"lineNumber":150,
				"className":"org.apache.maven.surefire.junitplatform.JUnitPlatformProvider",
				"methodName":"invokeAllTests"
			},
			{
				"fileName":"JUnitPlatformProvider.java",
				"lineNumber":124,
				"className":"org.apache.maven.surefire.junitplatform.JUnitPlatformProvider",
				"methodName":"invoke"
			},
			{
				"fileName":"ForkedBooter.java",
				"lineNumber":385,
				"className":"org.apache.maven.surefire.booter.ForkedBooter",
				"methodName":"runSuitesInProcess"
			},
			{
				"fileName":"ForkedBooter.java",
				"lineNumber":162,
				"className":"org.apache.maven.surefire.booter.ForkedBooter",
				"methodName":"execute"
			},
			{
				"fileName":"ForkedBooter.java",
				"lineNumber":507,
				"className":"org.apache.maven.surefire.booter.ForkedBooter",
				"methodName":"run"
			},
			{
				"fileName":"ForkedBooter.java",
				"lineNumber":495,
				"className":"org.apache.maven.surefire.booter.ForkedBooter",
				"methodName":"main"
			}
		],
		"suppressedExceptions":{
			"@type":"java.util.Collections$EmptyList#1",
			"@value":[]
		}
	}
}
{
	"@type":"IllegalStateException#0",
	"@value":{
		"stackTrace":[
			{
				"fileName":"ExceptionTest.java",
				"lineNumber":46,
				"className":"com.alibaba.fastjson2.codec.ExceptionTest",
				"methodName":"test_exception_jsonb"
			},
			{
				"fileName":"DirectMethodHandleAccessor.java",
				"lineNumber":104,
				"className":"jdk.internal.reflect.DirectMethodHandleAccessor",
				"methodName":"invoke"
			},
			{
				"fileName":"Method.java",
				"lineNumber":565,
				"className":"java.lang.reflect.Method",
				"methodName":"invoke"
			},
			{
				"fileName":"ReflectionUtils.java",
				"lineNumber":787,
				"className":"org.junit.platform.commons.util.ReflectionUtils",
				"methodName":"invokeMethod"
			},
			{
				"fileName":"ReflectionSupport.java",
				"lineNumber":478,
				"className":"org.junit.platform.commons.support.ReflectionSupport",
				"methodName":"invokeMethod"
			},
			{
				"fileName":"MethodInvocation.java",
				"lineNumber":60,
				"className":"org.junit.jupiter.engine.execution.MethodInvocation",
				"methodName":"proceed"
			},
			{
				"fileName":"InvocationInterceptorChain.java",
				"lineNumber":131,
				"className":"org.junit.jupiter.engine.execution.InvocationInterceptorChain$ValidatingInvocation",
				"methodName":"proceed"
			},
			{
				"fileName":"TimeoutExtension.java",
				"lineNumber":161,
				"className":"org.junit.jupiter.engine.extension.TimeoutExtension",
				"methodName":"intercept"
			},
			{
				"fileName":"TimeoutExtension.java",
				"lineNumber":152,
				"className":"org.junit.jupiter.engine.extension.TimeoutExtension",
				"methodName":"interceptTestableMethod"
			},
			{
				"fileName":"TimeoutExtension.java",
				"lineNumber":91,
				"className":"org.junit.jupiter.engine.extension.TimeoutExtension",
				"methodName":"interceptTestMethod"
			},
			{
				"fileName":"InterceptingExecutableInvoker.java",
				"lineNumber":112,
				"className":"org.junit.jupiter.engine.execution.InterceptingExecutableInvoker$ReflectiveInterceptorCall",
				"methodName":"lambda$ofVoidMethod$0"
			},
			{
				"fileName":"InterceptingExecutableInvoker.java",
				"lineNumber":94,
				"className":"org.junit.jupiter.engine.execution.InterceptingExecutableInvoker",
				"methodName":"lambda$invoke$0"
			},
			{
				"fileName":"InvocationInterceptorChain.java",
				"lineNumber":106,
				"className":"org.junit.jupiter.engine.execution.InvocationInterceptorChain$InterceptedInvocation",
				"methodName":"proceed"
			},
			{
				"fileName":"InvocationInterceptorChain.java",
				"lineNumber":64,
				"className":"org.junit.jupiter.engine.execution.InvocationInterceptorChain",
				"methodName":"proceed"
			},
			{
				"fileName":"InvocationInterceptorChain.java",
				"lineNumber":45,
				"className":"org.junit.jupiter.engine.execution.InvocationInterceptorChain",
				"methodName":"chainAndInvoke"
			},
			{
				"fileName":"InvocationInterceptorChain.java",
				"lineNumber":37,
				"className":"org.junit.jupiter.engine.execution.InvocationInterceptorChain",
				"methodName":"invoke"
			},
			{
				"fileName":"InterceptingExecutableInvoker.java",
				"lineNumber":93,
				"className":"org.junit.jupiter.engine.execution.InterceptingExecutableInvoker",
				"methodName":"invoke"
			},
			{
				"fileName":"InterceptingExecutableInvoker.java",
				"lineNumber":87,
				"className":"org.junit.jupiter.engine.execution.InterceptingExecutableInvoker",
				"methodName":"invoke"
			},
			{
				"fileName":"TestMethodTestDescriptor.java",
				"lineNumber":221,
				"className":"org.junit.jupiter.engine.descriptor.TestMethodTestDescriptor",
				"methodName":"lambda$invokeTestMethod$4"
			},
			{
				"fileName":"ThrowableCollector.java",
				"lineNumber":73,
				"className":"org.junit.platform.engine.support.hierarchical.ThrowableCollector",
				"methodName":"execute"
			},
			{
				"fileName":"TestMethodTestDescriptor.java",
				"lineNumber":217,
				"className":"org.junit.jupiter.engine.descriptor.TestMethodTestDescriptor",
				"methodName":"invokeTestMethod"
			},
			{
				"fileName":"TestMethodTestDescriptor.java",
				"lineNumber":159,
				"className":"org.junit.jupiter.engine.descriptor.TestMethodTestDescriptor",
				"methodName":"execute"
			},
			{
				"fileName":"TestMethodTestDescriptor.java",
				"lineNumber":70,
				"className":"org.junit.jupiter.engine.descriptor.TestMethodTestDescriptor",
				"methodName":"execute"
			},
			{
				"fileName":"NodeTestTask.java",
				"lineNumber":157,
				"className":"org.junit.platform.engine.support.hierarchical.NodeTestTask",
				"methodName":"lambda$executeRecursively$6"
			},
			{
				"fileName":"ThrowableCollector.java",
				"lineNumber":73,
				"className":"org.junit.platform.engine.support.hierarchical.ThrowableCollector",
				"methodName":"execute"
			},
			{
				"fileName":"NodeTestTask.java",
				"lineNumber":147,
				"className":"org.junit.platform.engine.support.hierarchical.NodeTestTask",
				"methodName":"lambda$executeRecursively$8"
			},
			{
				"fileName":"Node.java",
				"lineNumber":137,
				"className":"org.junit.platform.engine.support.hierarchical.Node",
				"methodName":"around"
			},
			{
				"fileName":"NodeTestTask.java",
				"lineNumber":145,
				"className":"org.junit.platform.engine.support.hierarchical.NodeTestTask",
				"methodName":"lambda$executeRecursively$9"
			},
			{
				"fileName":"ThrowableCollector.java",
				"lineNumber":73,
				"className":"org.junit.platform.engine.support.hierarchical.ThrowableCollector",
				"methodName":"execute"
			},
			{
				"fileName":"NodeTestTask.java",
				"lineNumber":144,
				"className":"org.junit.platform.engine.support.hierarchical.NodeTestTask",
				"methodName":"executeRecursively"
			},
			{
				"fileName":"NodeTestTask.java",
				"lineNumber":101,
				"className":"org.junit.platform.engine.support.hierarchical.NodeTestTask",
				"methodName":"execute"
			},
			{
				"fileName":"ArrayList.java",
				"lineNumber":1604,
				"className":"java.util.ArrayList",
				"methodName":"forEach"
			},
			{
				"fileName":"SameThreadHierarchicalTestExecutorService.java",
				"lineNumber":41,
				"className":"org.junit.platform.engine.support.hierarchical.SameThreadHierarchicalTestExecutorService",
				"methodName":"invokeAll"
			},
			{
				"fileName":"NodeTestTask.java",
				"lineNumber":161,
				"className":"org.junit.platform.engine.support.hierarchical.NodeTestTask",
				"methodName":"lambda$executeRecursively$6"
			},
			{
				"fileName":"ThrowableCollector.java",
				"lineNumber":73,
				"className":"org.junit.platform.engine.support.hierarchical.ThrowableCollector",
				"methodName":"execute"
			},
			{
				"fileName":"NodeTestTask.java",
				"lineNumber":147,
				"className":"org.junit.platform.engine.support.hierarchical.NodeTestTask",
				"methodName":"lambda$executeRecursively$8"
			},
			{
				"fileName":"Node.java",
				"lineNumber":137,
				"className":"org.junit.platform.engine.support.hierarchical.Node",
				"methodName":"around"
			},
			{
				"fileName":"NodeTestTask.java",
				"lineNumber":145,
				"className":"org.junit.platform.engine.support.hierarchical.NodeTestTask",
				"methodName":"lambda$executeRecursively$9"
			},
			{
				"fileName":"ThrowableCollector.java",
				"lineNumber":73,
				"className":"org.junit.platform.engine.support.hierarchical.ThrowableCollector",
				"methodName":"execute"
			},
			{
				"fileName":"NodeTestTask.java",
				"lineNumber":144,
				"className":"org.junit.platform.engine.support.hierarchical.NodeTestTask",
				"methodName":"executeRecursively"
			},
			{
				"fileName":"NodeTestTask.java",
				"lineNumber":101,
				"className":"org.junit.platform.engine.support.hierarchical.NodeTestTask",
				"methodName":"execute"
			},
			{
				"fileName":"ArrayList.java",
				"lineNumber":1604,
				"className":"java.util.ArrayList",
				"methodName":"forEach"
			},
			{
				"fileName":"SameThreadHierarchicalTestExecutorService.java",
				"lineNumber":41,
				"className":"org.junit.platform.engine.support.hierarchical.SameThreadHierarchicalTestExecutorService",
				"methodName":"invokeAll"
			},
			{
				"fileName":"NodeTestTask.java",
				"lineNumber":161,
				"className":"org.junit.platform.engine.support.hierarchical.NodeTestTask",
				"methodName":"lambda$executeRecursively$6"
			},
			{
				"fileName":"ThrowableCollector.java",
				"lineNumber":73,
				"className":"org.junit.platform.engine.support.hierarchical.ThrowableCollector",
				"methodName":"execute"
			},
			{
				"fileName":"NodeTestTask.java",
				"lineNumber":147,
				"className":"org.junit.platform.engine.support.hierarchical.NodeTestTask",
				"methodName":"lambda$executeRecursively$8"
			},
			{
				"fileName":"Node.java",
				"lineNumber":137,
				"className":"org.junit.platform.engine.support.hierarchical.Node",
				"methodName":"around"
			},
			{
				"fileName":"NodeTestTask.java",
				"lineNumber":145,
				"className":"org.junit.platform.engine.support.hierarchical.NodeTestTask",
				"methodName":"lambda$executeRecursively$9"
			},
			{
				"fileName":"ThrowableCollector.java",
				"lineNumber":73,
				"className":"org.junit.platform.engine.support.hierarchical.ThrowableCollector",
				"methodName":"execute"
			},
			{
				"fileName":"NodeTestTask.java",
				"lineNumber":144,
				"className":"org.junit.platform.engine.support.hierarchical.NodeTestTask",
				"methodName":"executeRecursively"
			},
			{
				"fileName":"NodeTestTask.java",
				"lineNumber":101,
				"className":"org.junit.platform.engine.support.hierarchical.NodeTestTask",
				"methodName":"execute"
			},
			{
				"fileName":"SameThreadHierarchicalTestExecutorService.java",
				"lineNumber":35,
				"className":"org.junit.platform.engine.support.hierarchical.SameThreadHierarchicalTestExecutorService",
				"methodName":"submit"
			},
			{
				"fileName":"HierarchicalTestExecutor.java",
				"lineNumber":57,
				"className":"org.junit.platform.engine.support.hierarchical.HierarchicalTestExecutor",
				"methodName":"execute"
			},
			{
				"fileName":"HierarchicalTestEngine.java",
				"lineNumber":54,
				"className":"org.junit.platform.engine.support.hierarchical.HierarchicalTestEngine",
				"methodName":"execute"
			},
			{
				"fileName":"EngineExecutionOrchestrator.java",
				"lineNumber":230,
				"className":"org.junit.platform.launcher.core.EngineExecutionOrchestrator",
				"methodName":"executeEngine"
			},
			{
				"fileName":"EngineExecutionOrchestrator.java",
				"lineNumber":204,
				"className":"org.junit.platform.launcher.core.EngineExecutionOrchestrator",
				"methodName":"failOrExecuteEngine"
			},
			{
				"fileName":"EngineExecutionOrchestrator.java",
				"lineNumber":172,
				"className":"org.junit.platform.launcher.core.EngineExecutionOrchestrator",
				"methodName":"execute"
			},
			{
				"fileName":"EngineExecutionOrchestrator.java",
				"lineNumber":101,
				"className":"org.junit.platform.launcher.core.EngineExecutionOrchestrator",
				"methodName":"execute"
			},
			{
				"fileName":"EngineExecutionOrchestrator.java",
				"lineNumber":64,
				"className":"org.junit.platform.launcher.core.EngineExecutionOrchestrator",
				"methodName":"lambda$execute$0"
			},
			{
				"fileName":"EngineExecutionOrchestrator.java",
				"lineNumber":150,
				"className":"org.junit.platform.launcher.core.EngineExecutionOrchestrator",
				"methodName":"withInterceptedStreams"
			},
			{
				"fileName":"EngineExecutionOrchestrator.java",
				"lineNumber":63,
				"className":"org.junit.platform.launcher.core.EngineExecutionOrchestrator",
				"methodName":"execute"
			},
			{
				"fileName":"DefaultLauncher.java",
				"lineNumber":109,
				"className":"org.junit.platform.launcher.core.DefaultLauncher",
				"methodName":"execute"
			},
			{
				"fileName":"DefaultLauncher.java",
				"lineNumber":91,
				"className":"org.junit.platform.launcher.core.DefaultLauncher",
				"methodName":"execute"
			},
			{
				"fileName":"DelegatingLauncher.java",
				"lineNumber":47,
				"className":"org.junit.platform.launcher.core.DelegatingLauncher",
				"methodName":"execute"
			},
			{
				"fileName":"InterceptingLauncher.java",
				"lineNumber":39,
				"className":"org.junit.platform.launcher.core.InterceptingLauncher",
				"methodName":"lambda$execute$1"
			},
			{
				"fileName":"ClasspathAlignmentCheckingLauncherInterceptor.java",
				"lineNumber":25,
				"className":"org.junit.platform.launcher.core.ClasspathAlignmentCheckingLauncherInterceptor",
				"methodName":"intercept"
			},
			{
				"fileName":"InterceptingLauncher.java",
				"lineNumber":38,
				"className":"org.junit.platform.launcher.core.InterceptingLauncher",
				"methodName":"execute"
			},
			{
				"fileName":"DelegatingLauncher.java",
				"lineNumber":47,
				"className":"org.junit.platform.launcher.core.DelegatingLauncher",
				"methodName":"execute"
			},
			{
				"fileName":"LazyLauncher.java",
				"lineNumber":56,
				"className":"org.apache.maven.surefire.junitplatform.LazyLauncher",
				"methodName":"execute"
			},
			{
				"fileName":"JUnitPlatformProvider.java",
				"lineNumber":194,
				"className":"org.apache.maven.surefire.junitplatform.JUnitPlatformProvider",
				"methodName":"execute"
			},
			{
				"fileName":"JUnitPlatformProvider.java",
				"lineNumber":150,
				"className":"org.apache.maven.surefire.junitplatform.JUnitPlatformProvider",
				"methodName":"invokeAllTests"
			},
			{
				"fileName":"JUnitPlatformProvider.java",
				"lineNumber":124,
				"className":"org.apache.maven.surefire.junitplatform.JUnitPlatformProvider",
				"methodName":"invoke"
			},
			{
				"fileName":"ForkedBooter.java",
				"lineNumber":385,
				"className":"org.apache.maven.surefire.booter.ForkedBooter",
				"methodName":"runSuitesInProcess"
			},
			{
				"fileName":"ForkedBooter.java",
				"lineNumber":162,
				"className":"org.apache.maven.surefire.booter.ForkedBooter",
				"methodName":"execute"
			},
			{
				"fileName":"ForkedBooter.java",
				"lineNumber":507,
				"className":"org.apache.maven.surefire.booter.ForkedBooter",
				"methodName":"run"
			},
			{
				"fileName":"ForkedBooter.java",
				"lineNumber":495,
				"className":"org.apache.maven.surefire.booter.ForkedBooter",
				"methodName":"main"
			}
		],
		"suppressed":[]
	}
}
{
	"ref":{"$ref":".."}
}
{
	"@type":"com.alibaba.fastjson2.codec.JSONBTableTest6$A#0",
	"@value":{
		"a":{
			"id":1001
		},
		"b":{"$ref":"$.a"}
	}
}
{
	"@type":"Cat",
	"catId":1001
}
{
	"@type":"Cat",
	"catId":1001
}
{
	"c1":{},
	"c2":{"$ref":"$.c1"}
}
{
	"c":{},
	"values":[
		{"$ref":"$.c"}
	]
}
{
	"list0":[
		{
			"id":101
		},
		{
			"id":102
		}
	],
	"list1":[
		{
			"id":201
		},
		{
			"id":202
		}
	],
	"list2":[
		{
			"id":201
		},
		{
			"id":202
		}
	]
}
{
	"@type":"com.alibaba.fastjson2.codec.JSONBTableTest2$C#0",
	"@value":{
		"list1":{
			"@type":"A#1",
			"@value":[
				{
					"id":201
				},
				{
					"id":202
				}
			]
		},
		"list2":[
			{
				"@type":"com.alibaba.fastjson2.codec.JSONBTableTest2$Item#2",
				"@value":{
					"id":301
				}
			},
			{
				"@type":"#2",
				"@value":{
					"id":302
				}
			}
		]
	}
}
{
	"@type":"com.alibaba.fastjson2.codec.JSONBTableTest8$Bean",
	"values":{
		"@type":"A",
		"@value":[
			{
				"event":{}
			},
			{
				"event":{"$ref":"$.values[0].event"}
			}
		]
	}
}
{
	"@type":"com.alibaba.fastjson2.codec.JSONBTableTest8$Bean#0",
	"@value":{
		"values":{
			"@type":"A#1",
			"@value":[
				{
					"event":{}
				},
				{"$ref":"$.values[0]"}
			]
		}
	}
}
{
	"v0001":102,
	"v0000":101,
	"v0007":108,
	"x0001":"2026-10-07 00:34:08.198776392",
	"v0006":107,
	"v0009":110,
	"x0003":"中3",
	"v0008":109,
	"x0002":"中2",
	"v0003":"104",
	"x0005":"中华人民共和国",
	"v0002":103,
	"x0004":"中4",
	"v0005":106,
	"v0004":"105"
}
bytes.length=56
bytes.length=87003
bytes.length=81
bytes3.length=174003
bytes.length=81
bytes3.length=174003
{"id":0,"name":"jobs"}
{"@type":"com.alibaba.fastjson2.codec.JSONBTableTest5$B","values":[{"id":101,"name":"DataWorks"},{"id":102,"name":"MaxCompute"}]}
{
	"@type":"JSONObject#0",
	"@value":{
		"@type":"com.alibaba.fastjson2.codec.JSONBTableTest5$B",
		"values":{
			"@type":"JSONArray#1",
			"@value":[
				{
					"@type":"#0",
					"@value":{
						"id":101,
						"name":"DataWorks"
					}
				},
				{
					"@type":"#0",
					"@value":{
						"id":102,
						"name":"MaxCompute"
					}
				}
			]
		}
	}
}
{
	"values":[
		{
			"id":101,
			"name":"DataWorks"
		},
		{
			"id":102,
			"name":"MaxCompute"
		}
	]
}
com.alibaba.fastjson2.JSONException: not support type : OBJECT_END -91, offset 55/55
	at com.alibaba.fastjson2.JSONReaderJSONB.readAny(JSONReaderJSONB.java:1031)
	at com.alibaba.fastjson2.reader.ObjectReaderImplMap.readJSONBObject(ObjectReaderImplMap.java:409)
	at com.alibaba.fastjson2.reader.ORG_1891_1_A.readJSONBObject(Unknown Source)
	at com.alibaba.fastjson2.JSONB.parseObject(JSONB.java:734)
	at com.alibaba.fastjson2.codec.JSONBTableTest5.test_d(JSONBTableTest5.java:34)
	at java.base/jdk.internal.reflect.DirectMethodHandleAccessor.invoke(DirectMethodHandleAccessor.java:104)
	at java.base/java.lang.reflect.Method.invoke(Method.java:565)
	at org.junit.platform.commons.util.ReflectionUtils.invokeMethod(ReflectionUtils.java:787)
	at org.junit.platform.commons.support.ReflectionSupport.invokeMethod(ReflectionSupport.java:478)
	at org.junit.jupiter.engine.execution.MethodInvocation.proceed(MethodInvocation.java:60)
	at org.junit.jupiter.engine.execution.InvocationInterceptorChain$ValidatingInvocation.proceed(InvocationInterceptorChain.java:131)
	at org.junit.jupiter.engine.extension.TimeoutExtension.intercept(TimeoutExtension.java:161)
	at org.junit.jupiter.engine.extension.TimeoutExtension.interceptTestableMethod(TimeoutExtension.java:152)
	at org.junit.jupiter.engine.extension.TimeoutExtension.interceptTestMethod(TimeoutExtension.java:91)
	at org.junit.jupiter.engine.execution.InterceptingExecutableInvoker$ReflectiveInterceptorCall.lambda$ofVoidMethod$0(InterceptingExecutableInvoker.java:112)
	at org.junit.jupiter.engine.execution.InterceptingExecutableInvoker.lambda$invoke$0(InterceptingExecutableInvoker.java:94)
	at org.junit.jupiter.engine.execution.InvocationInterceptorChain$InterceptedInvocation.proceed(InvocationInterceptorChain.java:106)
	at org.junit.jupiter.engine.execution.InvocationInterceptorChain.proceed(InvocationInterceptorChain.java:64)
	at org.junit.jupiter.engine.execution.InvocationInterceptorChain.chainAndInvoke(InvocationInterceptorChain.java:45)
	at org.junit.jupiter.engine.execution.InvocationInterceptorChain.invoke(InvocationInterceptorChain.java:37)
	at org.junit.jupiter.engine.execution.InterceptingExecutableInvoker.invoke(InterceptingExecutableInvoker.java:93)
	at org.junit.jupiter.engine.execution.InterceptingExecutableInvoker.invoke(InterceptingExecutableInvoker.java:87)
	at org.junit.jupiter.engine.descriptor.TestMethodTestDescriptor.lambda$invokeTestMethod$4(TestMethodTestDescriptor.java:221)
	at org.junit.platform.engine.support.hierarchical.ThrowableCollector.execute(ThrowableCollector.java:73)
	at org.junit.jupiter.engine.descriptor.TestMethodTestDescriptor.invokeTestMethod(TestMethodTestDescriptor.java:217)
	at org.junit.jupiter.engine.descriptor.TestMethodTestDescriptor.execute(TestMethodTestDescriptor.java:159)
	at org.junit.jupiter.engine.descriptor.TestMethodTestDescriptor.execute(TestMethodTestDescriptor.java:70)
	at org.junit.platform.engine.support.hierarchical.NodeTestTask.lambda$executeRecursively$6(NodeTestTask.java:157)
	at org.junit.platform.engine.support.hierarchical.ThrowableCollector.execute(ThrowableCollector.java:73)
	at org.junit.platform.engine.support.hierarchical.NodeTestTask.lambda$executeRecursively$8(NodeTestTask.java:147)
	at org.junit.platform.engine.support.hierarchical.Node.around(Node.java:137)
	at org.junit.platform.engine.support.hierarchical.NodeTestTask.lambda$executeRecursively$9(NodeTestTask.java:145)
	at org.junit.platform.engine.support.hierarchical.ThrowableCollector.execute(ThrowableCollector.java:73)
	at org.junit.platform.engine.support.hierarchical.NodeTestTask.executeRecursively(NodeTestTask.java:144)
	at org.junit.platform.engine.support.hierarchical.NodeTestTask.execute(NodeTestTask.java:101)
	at java.base/java.util.ArrayList.forEach(ArrayList.java:1604)
	at org.junit.platform.engine.support.hierarchical.SameThreadHierarchicalTestExecutorService.invokeAll(SameThreadHierarchicalTestExecutorService.java:41)
	at org.junit.platform.engine.support.hierarchical.NodeTestTask.lambda$executeRecursively$6(NodeTestTask.java:161)
	at org.junit.platform.engine.support.hierarchical.ThrowableCollector.execute(ThrowableCollector.java:73)
	at org.junit.platform.engine.support.hierarchical.NodeTestTask.lambda$executeRecursively$8(NodeTestTask.java:147)
	at org.junit.platform.engine.support.hierarchical.Node.around(Node.java:137)
	at org.junit.platform.engine.support.hierarchical.NodeTestTask.lambda$executeRecursively$9(NodeTestTask.java:145)
	at org.junit.platform.engine.support.hierarchical.ThrowableCollector.execute(ThrowableCollector.java:73)
	at org.junit.platform.engine.support.hierarchical.NodeTestTask.executeRecursively(NodeTestTask.java:144)
	at org.junit.platform.engine.support.hierarchical.NodeTestTask.execute(NodeTestTask.java:101)
	at java.base/java.util.ArrayList.forEach(ArrayList.java:1604)
	at org.junit.platform.engine.support.hierarchical.SameThreadHierarchicalTestExecutorService.invokeAll(SameThreadHierarchicalTestExecutorService.java:41)
	at org.junit.platform.engine.support.hierarchical.NodeTestTask.lambda$executeRecursively$6(NodeTestTask.java:161)
	at org.junit.platform.engine.support.hierarchical.ThrowableCollector.execute(ThrowableCollector.java:73)
	at org.junit.platform.engine.support.hierarchical.NodeTestTask.lambda$executeRecursively$8(NodeTestTask.java:147)
	at org.junit.platform.engine.support.hierarchical.Node.around(Node.java:137)
	at org.junit.platform.engine.support.hierarchical.NodeTestTask.lambda$executeRecursively$9(NodeTestTask.java:145)
	at org.junit.platform.engine.support.hierarchical.ThrowableCollector.execute(ThrowableCollector.java:73)
	at org.junit.platform.engine.support.hierarchical.NodeTestTask.executeRecursively(NodeTestTask.java:144)
	at org.junit.platform.engine.support.hierarchical.NodeTestTask.execute(NodeTestTask.java:101)
	at org.junit.platform.engine.support.hierarchical.SameThreadHierarchicalTestExecutorService.submit(SameThreadHierarchicalTestExecutorService.java:35)
	at org.junit.platform.engine.support.hierarchical.HierarchicalTestExecutor.execute(HierarchicalTestExecutor.java:57)
	at org.junit.platform.engine.support.hierarchical.HierarchicalTestEngine.execute(HierarchicalTestEngine.java:54)
	at org.junit.platform.launcher.core.EngineExecutionOrchestrator.executeEngine(EngineExecutionOrchestrator.java:230)
	at org.junit.platform.launcher.core.EngineExecutionOrchestrator.failOrExecuteEngine(EngineExecutionOrchestrator.java:204)
	at org.junit.platform.launcher.core.EngineExecutionOrchestrator.execute(EngineExecutionOrchestrator.java:172)
	at org.junit.platform.launcher.core.EngineExecutionOrchestrator.execute(EngineExecutionOrchestrator.java:101)
	at org.junit.platform.launcher.core.EngineExecutionOrchestrator.lambda$execute$0(EngineExecutionOrchestrator.java:64)
	at org.junit.platform.launcher.core.EngineExecutionOrchestrator.withInterceptedStreams(EngineExecutionOrchestrator.java:150)
	at org.junit.platform.launcher.core.EngineExecutionOrchestrator.execute(EngineExecutionOrchestrator.java:63)
	at org.junit.platform.launcher.core.DefaultLauncher.execute(DefaultLauncher.java:109)
	at org.junit.platform.launcher.core.DefaultLauncher.execute(DefaultLauncher.java:91)
	at org.junit.platform.launcher.core.DelegatingLauncher.execute(DelegatingLauncher.java:47)
	at org.junit.platform.launcher.core.InterceptingLauncher.lambda$execute$1(InterceptingLauncher.java:39)
	at org.junit.platform.launcher.core.ClasspathAlignmentCheckingLauncherInterceptor.intercept(ClasspathAlignmentCheckingLauncherInterceptor.java:25)
	at org.junit.platform.launcher.core.InterceptingLauncher.execute(InterceptingLauncher.java:38)
	at org.junit.platform.launcher.core.DelegatingLauncher.execute(DelegatingLauncher.java:47)
	at org.apache.maven.surefire.junitplatform.LazyLauncher.execute(LazyLauncher.java:56)
	at org.apache.maven.surefire.junitplatform.JUnitPlatformProvider.execute(JUnitPlatformProvider.java:194)
	at org.apache.maven.surefire.junitplatform.JUnitPlatformProvider.invokeAllTests(JUnitPlatformProvider.java:150)
	at org.apache.maven.surefire.junitplatform.JUnitPlatformProvider.invoke(JUnitPlatformProvider.java:124)
	at org.apache.maven.surefire.booter.ForkedBooter.runSuitesInProcess(ForkedBooter.java:385)
	at org.apache.maven.surefire.booter.ForkedBooter.execute(ForkedBooter.java:162)
	at org.apache.maven.surefire.booter.ForkedBooter.run(ForkedBooter.java:507)
	at org.apache.maven.surefire.booter.ForkedBooter.main(ForkedBooter.java:495)
[
	{
		"employees":[
			{
				"id":1
			},
			{
				"id":2
			},
			{
				"id":3
			}
		]
	}
]
1900-01-01	+08:05:43
1900-02-01	+08:05:43
1900-03-01	+08:05:43
1900-04-01	+08:05:43
1900-05-01	+08:05:43
1900-06-01	+08:05:43
1900-07-01	+08:05:43
1900-08-01	+08:05:43
1900-09-01	+08:05:43
1900-10-01	+08:05:43
1900-11-01	+08:05:43
1900-12-01	+08:05:43
1901-01-01	+08:00
1901-02-01	+08:00
1901-03-01	+08:00
1901-04-01	+08:00
1901-05-01	+08:00
1901-06-01	+08:00
1901-07-01	+08:00
1901-08-01	+08:00
1901-09-01	+08:00
1901-10-01	+08:00
1901-11-01	+08:00
1901-12-01	+08:00
1902-01-01	+08:00
1902-02-01	+08:00
1902-03-01	+08:00
1902-04-01	+08:00
1902-05-01	+08:00
1902-06-01	+08:00
1902-07-01	+08:00
1902-08-01	+08:00
1902-09-01	+08:00
1902-10-01	+08:00
1902-11-01	+08:00
1902-12-01	+08:00
1903-01-01	+08:00
1903-02-01	+08:00
1903-03-01	+08:00
1903-04-01	+08:00
1903-05-01	+08:00
1903-06-01	+08:00
1903-07-01	+08:00
1903-08-01	+08:00
1903-09-01	+08:00
1903-10-01	+08:00
1903-11-01	+08:00
1903-12-01	+08:00
1904-01-01	+08:00
1904-02-01	+08:00
1904-03-01	+08:00
1904-04-01	+08:00
1904-05-01	+08:00
1904-06-01	+08:00
1904-07-01	+08:00
1904-08-01	+08:00
1904-09-01	+08:00
1904-10-01	+08:00
1904-11-01	+08:00
1904-12-01	+08:00
1905-01-01	+08:00
1905-02-01	+08:00
1905-03-01	+08:00
1905-04-01	+08:00
1905-05-01	+08:00
1905-06-01	+08:00
1905-07-01	+08:00
1905-08-01	+08:00
1905-09-01	+08:00
1905-10-01	+08:00
1905-11-01	+08:00
1905-12-01	+08:00
1906-01-01	+08:00
1906-02-01	+08:00
1906-03-01	+08:00
1906-04-01	+08:00
1906-05-01	+08:00
1906-06-01	+08:00
1906-07-01	+08:00
1906-08-01	+08:00
1906-09-01	+08:00
1906-10-01	+08:00
1906-11-01	+08:00
1906-12-01	+08:00
1907-01-01	+08:00
1907-02-01	+08:00
1907-03-01	+08:00
1907-04-01	+08:00
1907-05-01	+08:00
1907-06-01	+08:00
1907-07-01	+08:00
1907-08-01	+08:00
1907-09-01	+08:00
1907-10-01	+08:00
1907-11-01	+08:00
1907-12-01	+08:00
1908-01-01	+08:00
1908-02-01	+08:00
1908-03-01	+08:00
1908-04-01	+08:00
1908-05-01	+08:00
1908-06-01	+08:00
1908-07-01	+08:00
1908-08-01	+08:00
1908-09-01	+08:00
1908-10-01	+08:00
1908-11-01	+08:00
1908-12-01	+08:00
1909-01-01	+08:00
1909-02-01	+08:00
1909-03-01	+08:00
1909-04-01	+08:00
1909-05-01	+08:00
1909-06-01	+08:00
1909-07-01	+08:00
1909-08-01	+08:00
1909-09-01	+08:00
1909-10-01	+08:00
1909-11-01	+08:00
1909-12-01	+08:00
1910-01-01	+08:00
1910-02-01	+08:00
1910-03-01	+08:00
1910-04-01	+08:00
1910-05-01	+08:00
1910-06-01	+08:00
1910-07-01	+08:00
1910-08-01	+08:00
1910-09-01	+08:00
1910-10-01	+08:00
1910-11-01	+08:00
1910-12-01	+08:00
1911-01-01	+08:00
1911-02-01	+08:00
1911-03-01	+08:00
1911-04-01	+08:00
1911-05-01	+08:00
1911-06-01	+08:00
1911-07-01	+08:00
1911-08-01	+08:00
1911-09-01	+08:00
1911-10-01	+08:00
1911-11-01	+08:00
1911-12-01	+08:00
1912-01-01	+08:00
1912-02-01	+08:00
1912-03-01	+08:00
1912-04-01	+08:00
1912-05-01	+08:00
1912-06-01	+08:00
1912-07-01	+08:00
1912-08-01	+08:00
1912-09-01	+08:00
1912-10-01	+08:00
1912-11-01	+08:00
1912-12-01	+08:00
1913-01-01	+08:00
1913-02-01	+08:00
1913-03-01	+08:00
1913-04-01	+08:00
1913-05-01	+08:00
1913-06-01	+08:00
1913-07-01	+08:00
1913-08-01	+08:00
1913-09-01	+08:00
1913-10-01	+08:00
1913-11-01	+08:00
1913-12-01	+08:00
1914-01-01	+08:00
1914-02-01	+08:00
1914-03-01	+08:00
1914-04-01	+08:00
1914-05-01	+08:00
1914-06-01	+08:00
1914-07-01	+08:00
1914-08-01	+08:00
1914-09-01	+08:00
1914-10-01	+08:00
1914-11-01	+08:00
1914-12-01	+08:00
1915-01-01	+08:00
1915-02-01	+08:00
1915-03-01	+08:00
1915-04-01	+08:00
1915-05-01	+08:00
1915-06-01	+08:00
1915-07-01	+08:00
1915-08-01	+08:00
1915-09-01	+08:00
1915-10-01	+08:00
1915-11-01	+08:00
1915-12-01	+08:00
1916-01-01	+08:00
1916-02-01	+08:00
1916-03-01	+08:00
1916-04-01	+08:00
1916-05-01	+08:00
1916-06-01	+08:00
1916-07-01	+08:00
1916-08-01	+08:00
1916-09-01	+08:00
1916-10-01	+08:00
1916-11-01	+08:00
1916-12-01	+08:00
1917-01-01	+08:00
1917-02-01	+08:00
1917-03-01	+08:00
1917-04-01	+08:00
1917-05-01	+08:00
1917-06-01	+08:00
1917-07-01	+08:00
1917-08-01	+08:00
1917-09-01	+08:00
1917-10-01	+08:00
1917-11-01	+08:00
1917-12-01	+08:00
1918-01-01	+08:00
1918-02-01	+08:00
1918-03-01	+08:00
1918-04-01	+08:00
1918-05-01	+08:00
1918-06-01	+08:00
1918-07-01	+08:00
1918-08-01	+08:00
1918-09-01	+08:00
1918-10-01	+08:00
1918-11-01	+08:00
1918-12-01	+08:00
1919-01-01	+08:00
1919-02-01	+08:00
1919-03-01	+08:00
1919-04-01	+08:00
1919-05-01	+09:00
1919-06-01	+09:00
1919-07-01	+09:00
1919-08-01	+09:00
1919-09-01	+09:00
1919-10-01	+08:00
1919-11-01	+08:00
1919-12-01	+08:00
1920-01-01	+08:00
1920-02-01	+08:00
1920-03-01	+08:00
1920-04-01	+08:00
1920-05-01	+08:00
1920-06-01	+08:00
1920-07-01	+08:00
1920-08-01	+08:00
1920-09-01	+08:00
1920-10-01	+08:00
1920-11-01	+08:00
1920-12-01	+08:00
1921-01-01	+08:00
1921-02-01	+08:00
1921-03-01	+08:00
1921-04-01	+08:00
1921-05-01	+08:00
1921-06-01	+08:00
1921-07-01	+08:00
1921-08-01	+08:00
1921-09-01	+08:00
1921-10-01	+08:00
1921-11-01	+08:00
1921-12-01	+08:00
1922-01-01	+08:00
1922-02-01	+08:00
1922-03-01	+08:00
1922-04-01	+08:00
1922-05-01	+08:00
1922-06-01	+08:00
1922-07-01	+08:00
1922-08-01	+08:00
1922-09-01	+08:00
1922-10-01	+08:00
1922-11-01	+08:00
1922-12-01	+08:00
1923-01-01	+08:00
1923-02-01	+08:00
1923-03-01	+08:00
1923-04-01	+08:00
1923-05-01	+08:00
1923-06-01	+08:00
1923-07-01	+08:00
1923-08-01	+08:00
1923-09-01	+08:00
1923-10-01	+08:00
1923-11-01	+08:00
1923-12-01	+08:00
1924-01-01	+08:00
1924-02-01	+08:00
1924-03-01	+08:00
1924-04-01	+08:00
1924-05-01	+08:00
1924-06-01	+08:00
1924-07-01	+08:00
1924-08-01	+08:00
1924-09-01	+08:00
1924-10-01	+08:00
1924-11-01	+08:00
1924-12-01	+08:00
1925-01-01	+08:00
1925-02-01	+08:00
1925-03-01	+08:00
1925-04-01	+08:00
1925-05-01	+08:00
1925-06-01	+08:00
1925-07-01	+08:00
1925-08-01	+08:00
1925-09-01	+08:00
1925-10-01	+08:00
1925-11-01	+08:00
1925-12-01	+08:00
1926-01-01	+08:00
1926-02-01	+08:00
1926-03-01	+08:00
1926-04-01	+08:00
1926-05-01	+08:00
1926-06-01	+08:00
1926-07-01	+08:00
1926-08-01	+08:00
1926-09-01	+08:00
1926-10-01	+08:00
1926-11-01	+08:00
1926-12-01	+08:00
1927-01-01	+08:00
1927-02-01	+08:00
1927-03-01	+08:00
1927-04-01	+08:00
1927-05-01	+08:00
1927-06-01	+08:00
1927-07-01	+08:00
1927-08-01	+08:00
1927-09-01	+08:00
1927-10-01	+08:00
1927-11-01	+08:00
1927-12-01	+08:00
1928-01-01	+08:00
1928-02-01	+08:00
1928-03-01	+08:00
1928-04-01	+08:00
1928-05-01	+08:00
1928-06-01	+08:00
1928-07-01	+08:00
1928-08-01	+08:00
1928-09-01	+08:00
1928-10-01	+08:00
1928-11-01	+08:00
1928-12-01	+08:00
1929-01-01	+08:00
1929-02-01	+08:00
1929-03-01	+08:00
1929-04-01	+08:00
1929-05-01	+08:00
1929-06-01	+08:00
1929-07-01	+08:00
1929-08-01	+08:00
1929-09-01	+08:00
1929-10-01	+08:00
1929-11-01	+08:00
1929-12-01	+08:00
1930-01-01	+08:00
1930-02-01	+08:00
1930-03-01	+08:00
1930-04-01	+08:00
1930-05-01	+08:00
1930-06-01	+08:00
1930-07-01	+08:00
1930-08-01	+08:00
1930-09-01	+08:00
1930-10-01	+08:00
1930-11-01	+08:00
1930-12-01	+08:00
1931-01-01	+08:00
1931-02-01	+08:00
1931-03-01	+08:00
1931-04-01	+08:00
1931-05-01	+08:00
1931-06-01	+08:00
1931-07-01	+08:00
1931-08-01	+08:00
1931-09-01	+08:00
1931-10-01	+08:00
1931-11-01	+08:00
1931-12-01	+08:00
1932-01-01	+08:00
1932-02-01	+08:00
1932-03-01	+08:00
1932-04-01	+08:00
1932-05-01	+08:00
1932-06-01	+08:00
1932-07-01	+08:00
1932-08-01	+08:00
1932-09-01	+08:00
1932-10-01	+08:00
1932-11-01	+08:00
1932-12-01	+08:00
1933-01-01	+08:00
1933-02-01	+08:00
1933-03-01	+08:00
1933-04-01	+08:00
1933-05-01	+08:00
1933-06-01	+08:00
1933-07-01	+08:00
1933-08-01	+08:00
1933-09-01	+08:00
1933-10-01	+08:00
1933-11-01	+08:00
1933-12-01	+08:00
1934-01-01	+08:00
1934-02-01	+08:00
1934-03-01	+08:00
1934-04-01	+08:00
1934-05-01	+08:00
1934-06-01	+08:00
1934-07-01	+08:00
1934-08-01	+08:00
1934-09-01	+08:00
1934-10-01	+08:00
1934-11-01	+08:00
1934-12-01	+08:00
1935-01-01	+08:00
1935-02-01	+08:00
1935-03-01	+08:00
1935-04-01	+08:00
1935-05-01	+08:00
1935-06-01	+08:00
1935-07-01	+08:00
1935-08-01	+08:00
1935-09-01	+08:00
1935-10-01	+08:00
1935-11-01	+08:00
1935-12-01	+08:00
1936-01-01	+08:00
1936-02-01	+08:00
1936-03-01	+08:00
1936-04-01	+08:00
1936-05-01	+08:00
1936-06-01	+08:00
1936-07-01	+08:00
1936-08-01	+08:00
1936-09-01	+08:00
1936-10-01	+08:00
1936-11-01	+08:00
1936-12-01	+08:00
1937-01-01	+08:00
1937-02-01	+08:00
1937-03-01	+08:00
1937-04-01	+08:00
1937-05-01	+08:00
1937-06-01	+08:00
1937-07-01	+08:00
1937-08-01	+08:00
1937-09-01	+08:00
1937-10-01	+08:00
1937-11-01	+08:00
1937-12-01	+08:00
1938-01-01	+08:00
1938-02-01	+08:00
1938-03-01	+08:00
1938-04-01	+08:00
1938-05-01	+08:00
1938-06-01	+08:00
1938-07-01	+08:00
1938-08-01	+08:00
1938-09-01	+08:00
1938-10-01	+08:00
1938-11-01	+08:00
1938-12-01	+08:00
1939-01-01	+08:00
1939-02-01	+08:00
1939-03-01	+08:00
1939-04-01	+08:00
1939-05-01	+08:00
1939-06-01	+08:00
1939-07-01	+08:00
1939-08-01	+08:00
1939-09-01	+08:00
1939-10-01	+08:00
1939-11-01	+08:00
1939-12-01	+08:00
1940-01-01	+08:00
1940-02-01	+08:00
1940-03-01	+08:00
1940-04-01	+08:00
1940-05-01	+08:00
1940-06-01	+08:00
1940-07-01	+09:00
1940-08-01	+09:00
1940-09-01	+09:00
1940-10-01	+09:00
1940-11-01	+08:00
1940-12-01	+08:00
1941-01-01	+08:00
1941-02-01	+08:00
1941-03-01	+08:00
1941-04-01	+09:00
1941-05-01	+09:00
1941-06-01	+09:00
1941-07-01	+09:00
1941-08-01	+09:00
1941-09-01	+09:00
1941-10-01	+09:00
1941-11-01	+09:00
1941-12-01	+08:00
1942-01-01	+08:00
1942-02-01	+09:00
1942-03-01	+09:00
1942-04-01	+09:00
1942-05-01	+09:00
1942-06-01	+09:00
1942-07-01	+09:00
1942-08-01	+09:00
1942-09-01	+09:00
1942-10-01	+09:00
1942-11-01	+09:00
1942-12-01	+09:00
1943-01-01	+09:00
1943-02-01	+09:00
1943-03-01	+09:00
1943-04-01	+09:00
1943-05-01	+09:00
1943-06-01	+09:00
1943-07-01	+09:00
1943-08-01	+09:00
1943-09-01	+09:00
1943-10-01	+09:00
1943-11-01	+09:00
1943-12-01	+09:00
1944-01-01	+09:00
1944-02-01	+09:00
1944-03-01	+09:00
1944-04-01	+09:00
1944-05-01	+09:00
1944-06-01	+09:00
1944-07-01	+09:00
1944-08-01	+09:00
1944-09-01	+09:00
1944-10-01	+09:00
1944-11-01	+09:00
1944-12-01	+09:00
1945-01-01	+09:00
1945-02-01	+09:00
1945-03-01	+09:00
1945-04-01	+09:00
1945-05-01	+09:00
1945-06-01	+09:00
1945-07-01	+09:00
1945-08-01	+09:00
1945-09-01	+09:00
1945-10-01	+08:00
1945-11-01	+08:00
1945-12-01	+08:00
1946-01-01	+08:00
1946-02-01	+08:00
1946-03-01	+08:00
1946-04-01	+08:00
1946-05-01	+08:00
1946-06-01	+09:00
1946-07-01	+09:00
1946-08-01	+09:00
1946-09-01	+09:00
1946-10-01	+08:00
1946-11-01	+08:00
1946-12-01	+08:00
1947-01-01	+08:00
1947-02-01	+08:00
1947-03-01	+08:00
1947-04-01	+08:00
1947-05-01	+09:00
1947-06-01	+09:00
1947-07-01	+09:00
1947-08-01	+09:00
1947-09-01	+09:00
1947-10-01	+09:00
1947-11-01	+08:00
1947-12-01	+08:00
1948-01-01	+08:00
1948-02-01	+08:00
1948-03-01	+08:00
1948-04-01	+08:00
1948-05-01	+08:00
1948-06-01	+09:00
1948-07-01	+09:00
1948-08-01	+09:00
1948-09-01	+09:00
1948-10-01	+08:00
1948-11-01	+08:00
1948-12-01	+08:00
1949-01-01	+08:00
1949-02-01	+08:00
1949-03-01	+08:00
1949-04-01	+08:00
1949-05-01	+08:00
1949-06-01	+08:00
1949-07-01	+08:00
1949-08-01	+08:00
1949-09-01	+08:00
1949-10-01	+08:00
1949-11-01	+08:00
1949-12-01	+08:00
1950-01-01	+08:00
1950-02-01	+08:00
1950-03-01	+08:00
1950-04-01	+08:00
1950-05-01	+08:00
1950-06-01	+08:00
1950-07-01	+08:00
1950-08-01	+08:00
1950-09-01	+08:00
1950-10-01	+08:00
1950-11-01	+08:00
1950-12-01	+08:00
1951-01-01	+08:00
1951-02-01	+08:00
1951-03-01	+08:00
1951-04-01	+08:00
1951-05-01	+08:00
1951-06-01	+08:00
1951-07-01	+08:00
1951-08-01	+08:00
1951-09-01	+08:00
1951-10-01	+08:00
1951-11-01	+08:00
1951-12-01	+08:00
1952-01-01	+08:00
1952-02-01	+08:00
1952-03-01	+08:00
1952-04-01	+08:00
1952-05-01	+08:00
1952-06-01	+08:00
1952-07-01	+08:00
1952-08-01	+08:00
1952-09-01	+08:00
1952-10-01	+08:00
1952-11-01	+08:00
1952-12-01	+08:00
1953-01-01	+08:00
1953-02-01	+08:00
1953-03-01	+08:00
1953-04-01	+08:00
1953-05-01	+08:00
1953-06-01	+08:00
1953-07-01	+08:00
1953-08-01	+08:00
1953-09-01	+08:00
1953-10-01	+08:00
1953-11-01	+08:00
1953-12-01	+08:00
1954-01-01	+08:00
1954-02-01	+08:00
1954-03-01	+08:00
1954-04-01	+08:00
1954-05-01	+08:00
1954-06-01	+08:00
1954-07-01	+08:00
1954-08-01	+08:00
1954-09-01	+08:00
1954-10-01	+08:00
1954-11-01	+08:00
1954-12-01	+08:00
1955-01-01	+08:00
1955-02-01	+08:00
1955-03-01	+08:00
1955-04-01	+08:00
1955-05-01	+08:00
1955-06-01	+08:00
1955-07-01	+08:00
1955-08-01	+08:00
1955-09-01	+08:00
1955-10-01	+08:00
1955-11-01	+08:00
1955-12-01	+08:00
1956-01-01	+08:00
1956-02-01	+08:00
1956-03-01	+08:00
1956-04-01	+08:00
1956-05-01	+08:00
1956-06-01	+08:00
1956-07-01	+08:00
1956-08-01	+08:00
1956-09-01	+08:00
1956-10-01	+08:00
1956-11-01	+08:00
1956-12-01	+08:00
1957-01-01	+08:00
1957-02-01	+08:00
1957-03-01	+08:00
1957-04-01	+08:00
1957-05-01	+08:00
1957-06-01	+08:00
1957-07-01	+08:00
1957-08-01	+08:00
1957-09-01	+08:00
1957-10-01	+08:00
1957-11-01	+08:00
1957-12-01	+08:00
1958-01-01	+08:00
1958-02-01	+08:00
1958-03-01	+08:00
1958-04-01	+08:00
1958-05-01	+08:00
1958-06-01	+08:00
1958-07-01	+08:00
1958-08-01	+08:00
1958-09-01	+08:00
1958-10-01	+08:00
1958-11-01	+08:00
1958-12-01	+08:00
1959-01-01	+08:00
1959-02-01	+08:00
1959-03-01	+08:00
1959-04-01	+08:00
1959-05-01	+08:00
1959-06-01	+08:00
1959-07-01	+08:00
1959-08-01	+08:00
1959-09-01	+08:00
1959-10-01	+08:00
1959-11-01	+08:00
1959-12-01	+08:00
1960-01-01	+08:00
1960-02-01	+08:00
1960-03-01	+08:00
1960-04-01	+08:00
1960-05-01	+08:00
1960-06-01	+08:00
1960-07-01	+08:00
1960-08-01	+08:00
1960-09-01	+08:00
1960-10-01	+08:00
1960-11-01	+08:00
1960-12-01	+08:00
1961-01-01	+08:00
1961-02-01	+08:00
1961-03-01	+08:00
1961-04-01	+08:00
1961-05-01	+08:00
1961-06-01	+08:00
1961-07-01	+08:00
1961-08-01	+08:00
1961-09-01	+08:00
1961-10-01	+08:00
1961-11-01	+08:00
1961-12-01	+08:00
1962-01-01	+08:00
1962-02-01	+08:00
1962-03-01	+08:00
1962-04-01	+08:00
1962-05-01	+08:00
1962-06-01	+08:00
1962-07-01	+08:00
1962-08-01	+08:00
1962-09-01	+08:00
1962-10-01	+08:00
1962-11-01	+08:00
1962-12-01	+08:00
1963-01-01	+08:00
1963-02-01	+08:00
1963-03-01	+08:00
1963-04-01	+08:00
1963-05-01	+08:00
1963-06-01	+08:00
1963-07-01	+08:00
1963-08-01	+08:00
1963-09-01	+08:00
1963-10-01	+08:00
1963-11-01	+08:00
1963-12-01	+08:00
1964-01-01	+08:00
1964-02-01	+08:00
1964-03-01	+08:00
1964-04-01	+08:00
1964-05-01	+08:00
1964-06-01	+08:00
1964-07-01	+08:00
1964-08-01	+08:00
1964-09-01	+08:00
1964-10-01	+08:00
1964-11-01	+08:00
1964-12-01	+08:00
1965-01-01	+08:00
1965-02-01	+08:00
1965-03-01	+08:00
1965-04-01	+08:00
1965-05-01	+08:00
1965-06-01	+08:00
1965-07-01	+08:00
1965-08-01	+08:00
1965-09-01	+08:00
1965-10-01	+08:00
1965-11-01	+08:00
1965-12-01	+08:00
1966-01-01	+08:00
1966-02-01	+08:00
1966-03-01	+08:00
1966-04-01	+08:00
1966-05-01	+08:00
1966-06-01	+08:00
1966-07-01	+08:00
1966-08-01	+08:00
1966-09-01	+08:00
1966-10-01	+08:00
1966-11-01	+08:00
1966-12-01	+08:00
1967-01-01	+08:00
1967-02-01	+08:00
1967-03-01	+08:00
1967-04-01	+08:00
1967-05-01	+08:00
1967-06-01	+08:00
1967-07-01	+08:00
1967-08-01	+08:00
1967-09-01	+08:00
1967-10-01	+08:00
1967-11-01	+08:00
1967-12-01	+08:00
1968-01-01	+08:00
1968-02-01	+08:00
1968-03-01	+08:00
1968-04-01	+08:00
1968-05-01	+08:00
1968-06-01	+08:00
1968-07-01	+08:00
1968-08-01	+08:00
1968-09-01	+08:00
1968-10-01	+08:00
1968-11-01	+08:00
1968-12-01	+08:00
1969-01-01	+08:00
1969-02-01	+08:00
1969-03-01	+08:00
1969-04-01	+08:00
1969-05-01	+08:00
1969-06-01	+08:00
1969-07-01	+08:00
1969-08-01	+08:00
1969-09-01	+08:00
1969-10-01	+08:00
1969-11-01	+08:00
1969-12-01	+08:00
1970-01-01	+08:00
1970-02-01	+08:00
1970-03-01	+08:00
1970-04-01	+08:00
1970-05-01	+08:00
1970-06-01	+08:00
1970-07-01	+08:00
1970-08-01	+08:00
1970-09-01	+08:00
1970-10-01	+08:00
1970-11-01	+08:00
1970-12-01	+08:00
1971-01-01	+08:00
1971-02-01	+08:00
1971-03-01	+08:00
1971-04-01	+08:00
1971-05-01	+08:00
1971-06-01	+08:00
1971-07-01	+08:00
1971-08-01	+08:00
1971-09-01	+08:00
1971-10-01	+08:00
1971-11-01	+08:00
1971-12-01	+08:00
1972-01-01	+08:00
1972-02-01	+08:00
1972-03-01	+08:00
1972-04-01	+08:00
1972-05-01	+08:00
1972-06-01	+08:00
1972-07-01	+08:00
1972-08-01	+08:00
1972-09-01	+08:00
1972-10-01	+08:00
1972-11-01	+08:00
1972-12-01	+08:00
1973-01-01	+08:00
1973-02-01	+08:00
1973-03-01	+08:00
1973-04-01	+08:00
1973-05-01	+08:00
1973-06-01	+08:00
1973-07-01	+08:00
1973-08-01	+08:00
1973-09-01	+08:00
1973-10-01	+08:00
1973-11-01	+08:00
1973-12-01	+08:00
1974-01-01	+08:00
1974-02-01	+08:00
1974-03-01	+08:00
1974-04-01	+08:00
1974-05-01	+08:00
1974-06-01	+08:00
1974-07-01	+08:00
1974-08-01	+08:00
1974-09-01	+08:00
1974-10-01	+08:00
1974-11-01	+08:00
1974-12-01	+08:00
1975-01-01	+08:00
1975-02-01	+08:00
1975-03-01	+08:00
1975-04-01	+08:00
1975-05-01	+08:00
1975-06-01	+08:00
1975-07-01	+08:00
1975-08-01	+08:00
1975-09-01	+08:00
1975-10-01	+08:00
1975-11-01	+08:00
1975-12-01	+08:00
1976-01-01	+08:00
1976-02-01	+08:00
1976-03-01	+08:00
1976-04-01	+08:00
1976-05-01	+08:00
1976-06-01	+08:00
1976-07-01	+08:00
1976-08-01	+08:00
1976-09-01	+08:00
1976-10-01	+08:00
1976-11-01	+08:00
1976-12-01	+08:00
1977-01-01	+08:00
1977-02-01	+08:00
1977-03-01	+08:00
1977-04-01	+08:00
1977-05-01	+08:00
1977-06-01	+08:00
1977-07-01	+08:00
1977-08-01	+08:00
1977-09-01	+08:00
1977-10-01	+08:00
1977-11-01	+08:00
1977-12-01	+08:00
1978-01-01	+08:00
1978-02-01	+08:00
1978-03-01	+08:00
1978-04-01	+08:00
1978-05-01	+08:00
1978-06-01	+08:00
1978-07-01	+08:00
1978-08-01	+08:00
1978-09-01	+08:00
1978-10-01	+08:00
1978-11-01	+08:00
1978-12-01	+08:00
1979-01-01	+08:00
1979-02-01	+08:00
1979-03-01	+08:00
1979-04-01	+08:00
1979-05-01	+08:00
1979-06-01	+08:00
1979-07-01	+08:00
1979-08-01	+08:00
1979-09-01	+08:00
1979-10-01	+08:00
1979-11-01	+08:00
1979-12-01	+08:00
1980-01-01	+08:00
1980-02-01	+08:00
1980-03-01	+08:00
1980-04-01	+08:00
1980-05-01	+08:00
1980-06-01	+08:00
1980-07-01	+08:00
1980-08-01	+08:00
1980-09-01	+08:00
1980-10-01	+08:00
1980-11-01	+08:00
1980-12-01	+08:00
1981-01-01	+08:00
1981-02-01	+08:00
1981-03-01	+08:00
1981-04-01	+08:00
1981-05-01	+08:00
1981-06-01	+08:00
1981-07-01	+08:00
1981-08-01	+08:00
1981-09-01	+08:00
1981-10-01	+08:00
1981-11-01	+08:00
1981-12-01	+08:00
1982-01-01	+08:00
1982-02-01	+08:00
1982-03-01	+08:00
1982-04-01	+08:00
1982-05-01	+08:00
1982-06-01	+08:00
1982-07-01	+08:00
1982-08-01	+08:00
1982-09-01	+08:00
1982-10-01	+08:00
1982-11-01	+08:00
1982-12-01	+08:00
1983-01-01	+08:00
1983-02-01	+08:00
1983-03-01	+08:00
1983-04-01	+08:00
1983-05-01	+08:00
1983-06-01	+08:00
1983-07-01	+08:00
1983-08-01	+08:00
1983-09-01	+08:00
1983-10-01	+08:00
1983-11-01	+08:00
1983-12-01	+08:00
1984-01-01	+08:00
1984-02-01	+08:00
1984-03-01	+08:00
1984-04-01	+08:00
1984-05-01	+08:00
1984-06-01	+08:00
1984-07-01	+08:00
1984-08-01	+08:00
1984-09-01	+08:00
1984-10-01	+08:00
1984-11-01	+08:00
1984-12-01	+08:00
1985-01-01	+08:00
1985-02-01	+08:00
1985-03-01	+08:00
1985-04-01	+08:00
1985-05-01	+08:00
1985-06-01	+08:00
1985-07-01	+08:00
1985-08-01	+08:00
1985-09-01	+08:00
1985-10-01	+08:00
1985-11-01	+08:00
1985-12-01	+08:00
1986-01-01	+08:00
1986-02-01	+08:00
1986-03-01	+08:00
1986-04-01	+08:00
1986-05-01	+08:00
1986-06-01	+09:00
1986-07-01	+09:00
1986-08-01	+09:00
1986-09-01	+09:00
1986-10-01	+08:00
1986-11-01	+08:00
1986-12-01	+08:00
1987-01-01	+08:00
1987-02-01	+08:00
1987-03-01	+08:00
1987-04-01	+08:00
1987-05-01	+09:00
1987-06-01	+09:00
1987-07-01	+09:00
1987-08-01	+09:00
1987-09-01	+09:00
1987-10-01	+08:00
1987-11-01	+08:00
1987-12-01	+08:00
1988-01-01	+08:00
1988-02-01	+08:00
1988-03-01	+08:00
1988-04-01	+08:00
1988-05-01	+09:00
1988-06-01	+09:00
1988-07-01	+09:00
1988-08-01	+09:00
1988-09-01	+09:00
1988-10-01	+08:00
1988-11-01	+08:00
1988-12-01	+08:00
1989-01-01	+08:00
1989-02-01	+08:00
1989-03-01	+08:00
1989-04-01	+08:00
1989-05-01	+09:00
1989-06-01	+09:00
1989-07-01	+09:00
1989-08-01	+09:00
1989-09-01	+09:00
1989-10-01	+08:00
1989-11-01	+08:00
1989-12-01	+08:00
1990-01-01	+08:00
1990-02-01	+08:00
1990-03-01	+08:00
1990-04-01	+08:00
1990-05-01	+09:00
1990-06-01	+09:00
1990-07-01	+09:00
1990-08-01	+09:00
1990-09-01	+09:00
1990-10-01	+08:00
1990-11-01	+08:00
1990-12-01	+08:00
1991-01-01	+08:00
1991-02-01	+08:00
1991-03-01	+08:00
1991-04-01	+08:00
1991-05-01	+09:00
1991-06-01	+09:00
1991-07-01	+09:00
1991-08-01	+09:00
1991-09-01	+09:00
1991-10-01	+08:00
1991-11-01	+08:00
1991-12-01	+08:00
1992-01-01	+08:00
1992-02-01	+08:00
1992-03-01	+08:00
1992-04-01	+08:00
1992-05-01	+08:00
1992-06-01	+08:00
1992-07-01	+08:00
1992-08-01	+08:00
1992-09-01	+08:00
1992-10-01	+08:00
1992-11-01	+08:00
1992-12-01	+08:00
1993-01-01	+08:00
1993-02-01	+08:00
1993-03-01	+08:00
1993-04-01	+08:00
1993-05-01	+08:00
1993-06-01	+08:00
1993-07-01	+08:00
1993-08-01	+08:00
1993-09-01	+08:00
1993-10-01	+08:00
1993-11-01	+08:00
1993-12-01	+08:00
1994-01-01	+08:00
1994-02-01	+08:00
1994-03-01	+08:00
1994-04-01	+08:00
1994-05-01	+08:00
1994-06-01	+08:00
1994-07-01	+08:00
1994-08-01	+08:00
1994-09-01	+08:00
1994-10-01	+08:00
1994-11-01	+08:00
1994-12-01	+08:00
1995-01-01	+08:00
1995-02-01	+08:00
1995-03-01	+08:00
1995-04-01	+08:00
1995-05-01	+08:00
1995-06-01	+08:00
1995-07-01	+08:00
1995-08-01	+08:00
1995-09-01	+08:00
1995-10-01	+08:00
1995-11-01	+08:00
1995-12-01	+08:00
1996-01-01	+08:00
1996-02-01	+08:00
1996-03-01	+08:00
1996-04-01	+08:00
1996-05-01	+08:00
1996-06-01	+08:00
1996-07-01	+08:00
1996-08-01	+08:00
1996-09-01	+08:00
1996-10-01	+08:00
1996-11-01	+08:00
1996-12-01	+08:00
1997-01-01	+08:00
1997-02-01	+08:00
1997-03-01	+08:00
1997-04-01	+08:00
1997-05-01	+08:00
1997-06-01	+08:00
1997-07-01	+08:00
1997-08-01	+08:00
1997-09-01	+08:00
1997-10-01	+08:00
1997-11-01	+08:00
1997-12-01	+08:00
1998-01-01	+08:00
1998-02-01	+08:00
1998-03-01	+08:00
1998-04-01	+08:00
1998-05-01	+08:00
1998-06-01	+08:00
1998-07-01	+08:00
1998-08-01	+08:00
1998-09-01	+08:00
1998-10-01	+08:00
1998-11-01	+08:00
1998-12-01	+08:00
1999-01-01	+08:00
1999-02-01	+08:00
1999-03-01	+08:00
1999-04-01	+08:00
1999-05-01	+08:00
1999-06-01	+08:00
1999-07-01	+08:00
1999-08-01	+08:00
1999-09-01	+08:00
1999-10-01	+08:00
1999-11-01	+08:00
1999-12-01	+08:00
{
	"@type":"com.alibaba.fastjson2.issues_2300.Issue2392$Bean",
	"value":{
		"@type":"kotlin.collections.EmptyList",
		"@value":[]
	}
}
{"testField":"My Test"}
{"n0":null,"n1":"1","s0":"","s1":"noear"}
{"v":6.805646932770577E38}
261458505
[Value2{val=1, v_al=2}, Value2{val=2, v_al=2}, Value2{val=3, v_al=2}]  
{"data":{"key1":"value1","key2":"value2"},"success":false}
{"data":["key1","key2"],"success":false}
com.alibaba.fastjson2.JSONException: illegal number, offset 25, char }
	at com.alibaba.fastjson2.JSONReader.numberError(JSONReader.java:6770)
	at com.alibaba.fastjson2.JSONReader.getInt64Value(JSONReader.java:2050)
	at com.alibaba.fastjson2.JSONReader.readInt64ValueOverflow(JSONReader.java:1933)
	at com.alibaba.fastjson2.JSONReaderUTF8.readInt64Value(JSONReaderUTF8.java:3757)
	at com.alibaba.fastjson2.reader.ORG_2077_1_LongVal.readObject(Unknown Source)
	at com.alibaba.fastjson2.JSON.parseObject(JSON.java:992)
	at com.alibaba.fastjson2.v1issues.issue_1400.Issue1423.test_for_issue(Issue1423.java:17)
	at java.base/jdk.internal.reflect.DirectMethodHandleAccessor.invoke(DirectMethodHandleAccessor.java:104)
	at java.base/java.lang.reflect.Method.invoke(Method.java:565)
	at org.junit.platform.commons.util.ReflectionUtils.invokeMethod(ReflectionUtils.java:787)
	at org.junit.platform.commons.support.ReflectionSupport.invokeMethod(ReflectionSupport.java:478)
	at org.junit.jupiter.engine.execution.MethodInvocation.proceed(MethodInvocation.java:60)
	at org.junit.jupiter.engine.execution.InvocationInterceptorChain$ValidatingInvocation.proceed(InvocationInterceptorChain.java:131)
	at org.junit.jupiter.engine.extension.TimeoutExtension.intercept(TimeoutExtension.java:161)
	at org.junit.jupiter.engine.extension.TimeoutExtension.interceptTestableMethod(TimeoutExtension.java:152)
	at org.junit.jupiter.engine.extension.TimeoutExtension.interceptTestMethod(TimeoutExtension.java:91)
	at org.junit.jupiter.engine.execution.InterceptingExecutableInvoker$ReflectiveInterceptorCall.lambda$ofVoidMethod$0(InterceptingExecutableInvoker.java:112)
	at org.junit.jupiter.engine.execution.InterceptingExecutableInvoker.lambda$invoke$0(InterceptingExecutableInvoker.java:94)
	at org.junit.jupiter.engine.execution.InvocationInterceptorChain$InterceptedInvocation.proceed(InvocationInterceptorChain.java:106)
	at org.junit.jupiter.engine.execution.InvocationInterceptorChain.proceed(InvocationInterceptorChain.java:64)
	at org.junit.jupiter.engine.execution.InvocationInterceptorChain.chainAndInvoke(InvocationInterceptorChain.java:45)
	at org.junit.jupiter.engine.execution.InvocationInterceptorChain.invoke(InvocationInterceptorChain.java:37)
	at org.junit.jupiter.engine.execution.InterceptingExecutableInvoker.invoke(InterceptingExecutableInvoker.java:93)
	at org.junit.jupiter.engine.execution.InterceptingExecutableInvoker.invoke(InterceptingExecutableInvoker.java:87)
	at org.junit.jupiter.engine.descriptor.TestMethodTestDescriptor.lambda$invokeTestMethod$4(TestMethodTestDescriptor.java:221)
	at org.junit.platform.engine.support.hierarchical.ThrowableCollector.execute(ThrowableCollector.java:73)
	at org.junit.jupiter.engine.descriptor.TestMethodTestDescriptor.invokeTestMethod(TestMethodTestDescriptor.java:217)
	at org.junit.jupiter.engine.descriptor.TestMethodTestDescriptor.execute(TestMethodTestDescriptor.java:159)
	at org.junit.jupiter.engine.descriptor.TestMethodTestDescriptor.execute(TestMethodTestDescriptor.java:70)
	at org.junit.platform.engine.support.hierarchical.NodeTestTask.lambda$executeRecursively$6(NodeTestTask.java:157)
	at org.junit.platform.engine.support.hierarchical.ThrowableCollector.execute(ThrowableCollector.java:73)
	at org.junit.platform.engine.support.hierarchical.NodeTestTask.lambda$executeRecursively$8(NodeTestTask.java:147)
	at org.junit.platform.engine.support.hierarchical.Node.around(Node.java:137)
	at org.junit.platform.engine.support.hierarchical.NodeTestTask.lambda$executeRecursively$9(NodeTestTask.java:145)
	at org.junit.platform.engine.support.hierarchical.ThrowableCollector.execute(ThrowableCollector.java:73)
	at org.junit.platform.engine.support.hierarchical.NodeTestTask.executeRecursively(NodeTestTask.java:144)
	at org.junit.platform.engine.support.hierarchical.NodeTestTask.execute(NodeTestTask.java:101)
	at java.base/java.util.ArrayList.forEach(ArrayList.java:1604)
	at org.junit.platform.engine.support.hierarchical.SameThreadHierarchicalTestExecutorService.invokeAll(SameThreadHierarchicalTestExecutorService.java:41)
	at org.junit.platform.engine.support.hierarchical.NodeTestTask.lambda$executeRecursively$6(NodeTestTask.java:161)
	at org.junit.platform.engine.support.hierarchical.ThrowableCollector.execute(ThrowableCollector.java:73)
	at org.junit.platform.engine.support.hierarchical.NodeTestTask.lambda$executeRecursively$8(NodeTestTask.java:147)
	at org.junit.platform.engine.support.hierarchical.Node.around(Node.java:137)
	at org.junit.platform.engine.support.hierarchical.NodeTestTask.lambda$executeRecursively$9(NodeTestTask.java:145)
	at org.junit.platform.engine.support.hierarchical.ThrowableCollector.execute(ThrowableCollector.java:73)
	at org.junit.platform.engine.support.hierarchical.NodeTestTask.executeRecursively(NodeTestTask.java:144)
	at org.junit.platform.engine.support.hierarchical.NodeTestTask.execute(NodeTestTask.java:101)
	at java.base/java.util.ArrayList.forEach(ArrayList.java:1604)
	at org.junit.platform.engine.support.hierarchical.SameThreadHierarchicalTestExecutorService.invokeAll(SameThreadHierarchicalTestExecutorService.java:41)
	at org.junit.platform.engine.support.hierarchical.NodeTestTask.lambda$executeRecursively$6(NodeTestTask.java:161)
	at org.junit.platform.engine.support.hierarchical.ThrowableCollector.execute(ThrowableCollector.java:73)
	at org.junit.platform.engine.support.hierarchical.NodeTestTask.lambda$executeRecursively$8(NodeTestTask.java:147)
	at org.junit.platform.engine.support.hierarchical.Node.around(Node.java:137)
	at org.junit.platform.engine.support.hierarchical.NodeTestTask.lambda$executeRecursively$9(NodeTestTask.java:145)
	at org.junit.platform.engine.support.hierarchical.ThrowableCollector.execute(ThrowableCollector.java:73)
	at org.junit.platform.engine.support.hierarchical.NodeTestTask.executeRecursively(NodeTestTask.java:144)
	at org.junit.platform.engine.support.hierarchical.NodeTestTask.execute(NodeTestTask.java:101)
	at org.junit.platform.engine.support.hierarchical.SameThreadHierarchicalTestExecutorService.submit(SameThreadHierarchicalTestExecutorService.java:35)
	at org.junit.platform.engine.support.hierarchical.HierarchicalTestExecutor.execute(HierarchicalTestExecutor.java:57)
	at org.junit.platform.engine.support.hierarchical.HierarchicalTestEngine.execute(HierarchicalTestEngine.java:54)
	at org.junit.platform.launcher.core.EngineExecutionOrchestrator.executeEngine(EngineExecutionOrchestrator.java:230)
	at org.junit.platform.launcher.core.EngineExecutionOrchestrator.failOrExecuteEngine(EngineExecutionOrchestrator.java:204)
	at org.junit.platform.launcher.core.EngineExecutionOrchestrator.execute(EngineExecutionOrchestrator.java:172)
	at org.junit.platform.launcher.core.EngineExecutionOrchestrator.execute(EngineExecutionOrchestrator.java:101)
	at org.junit.platform.launcher.core.EngineExecutionOrchestrator.lambda$execute$0(EngineExecutionOrchestrator.java:64)
	at org.junit.platform.launcher.core.EngineExecutionOrchestrator.withInterceptedStreams(EngineExecutionOrchestrator.java:150)
	at org.junit.platform.launcher.core.EngineExecutionOrchestrator.execute(EngineExecutionOrchestrator.java:63)
	at org.junit.platform.launcher.core.DefaultLauncher.execute(DefaultLauncher.java:109)
	at org.junit.platform.launcher.core.DefaultLauncher.execute(DefaultLauncher.java:91)
	at org.junit.platform.launcher.core.DelegatingLauncher.execute(DelegatingLauncher.java:47)
	at org.junit.platform.launcher.core.InterceptingLauncher.lambda$execute$1(InterceptingLauncher.java:39)
	at org.junit.platform.launcher.core.ClasspathAlignmentCheckingLauncherInterceptor.intercept(ClasspathAlignmentCheckingLauncherInterceptor.java:25)
	at org.junit.platform.launcher.core.InterceptingLauncher.execute(InterceptingLauncher.java:38)
	at org.junit.platform.launcher.core.DelegatingLauncher.execute(DelegatingLauncher.java:47)
	at org.apache.maven.surefire.junitplatform.LazyLauncher.execute(LazyLauncher.java:56)
	at org.apache.maven.surefire.junitplatform.JUnitPlatformProvider.execute(JUnitPlatformProvider.java:194)
	at org.apache.maven.surefire.junitplatform.JUnitPlatformProvider.invokeAllTests(JUnitPlatformProvider.java:150)
	at org.apache.maven.surefire.junitplatform.JUnitPlatformProvider.invoke(JUnitPlatformProvider.java:124)
	at org.apache.maven.surefire.booter.ForkedBooter.runSuitesInProcess(ForkedBooter.java:385)
	at org.apache.maven.surefire.booter.ForkedBooter.execute(ForkedBooter.java:162)
	at org.apache.maven.surefire.booter.ForkedBooter.run(ForkedBooter.java:507)
	at org.apache.maven.surefire.booter.ForkedBooter.main(ForkedBooter.java:495)
com.alibaba.fastjson2.JSONException: illegal number, offset 25, char }
	at com.alibaba.fastjson2.JSONReader.numberError(JSONReader.java:6770)
	at com.alibaba.fastjson2.JSONReader.getInt64Value(JSONReader.java:2050)
	at com.alibaba.fastjson2.JSONReader.readInt64ValueOverflow(JSONReader.java:1933)
	at com.alibaba.fastjson2.JSONReaderUTF8.readInt64Value(JSONReaderUTF8.java:3757)
	at com.alibaba.fastjson2.reader.ORG_2077_1_LongVal.readObject(Unknown Source)
	at com.alibaba.fastjson2.JSON.parseObject(JSON.java:992)
	at com.alibaba.fastjson2.v1issues.issue_1400.Issue1423.test_for_issue(Issue1423.java:17)
	at java.base/jdk.internal.reflect.DirectMethodHandleAccessor.invoke(DirectMethodHandleAccessor.java:104)
	at java.base/java.lang.reflect.Method.invoke(Method.java:565)
	at org.junit.platform.commons.util.ReflectionUtils.invokeMethod(ReflectionUtils.java:787)
	at org.junit.platform.commons.support.ReflectionSupport.invokeMethod(ReflectionSupport.java:478)
	at org.junit.jupiter.engine.execution.MethodInvocation.proceed(MethodInvocation.java:60)
	at org.junit.jupiter.engine.execution.InvocationInterceptorChain$ValidatingInvocation.proceed(InvocationInterceptorChain.java:131)
	at org.junit.jupiter.engine.extension.TimeoutExtension.intercept(TimeoutExtension.java:161)
	at org.junit.jupiter.engine.extension.TimeoutExtension.interceptTestableMethod(TimeoutExtension.java:152)
	at org.junit.jupiter.engine.extension.TimeoutExtension.interceptTestMethod(TimeoutExtension.java:91)
	at org.junit.jupiter.engine.execution.InterceptingExecutableInvoker$ReflectiveInterceptorCall.lambda$ofVoidMethod$0(InterceptingExecutableInvoker.java:112)
	at org.junit.jupiter.engine.execution.InterceptingExecutableInvoker.lambda$invoke$0(InterceptingExecutableInvoker.java:94)
	at org.junit.jupiter.engine.execution.InvocationInterceptorChain$InterceptedInvocation.proceed(InvocationInterceptorChain.java:106)
	at org.junit.jupiter.engine.execution.InvocationInterceptorChain.proceed(InvocationInterceptorChain.java:64)
	at org.junit.jupiter.engine.execution.InvocationInterceptorChain.chainAndInvoke(InvocationInterceptorChain.java:45)
	at org.junit.jupiter.engine.execution.InvocationInterceptorChain.invoke(InvocationInterceptorChain.java:37)
	at org.junit.jupiter.engine.execution.InterceptingExecutableInvoker.invoke(InterceptingExecutableInvoker.java:93)
	at org.junit.jupiter.engine.execution.InterceptingExecutableInvoker.invoke(InterceptingExecutableInvoker.java:87)
	at org.junit.jupiter.engine.descriptor.TestMethodTestDescriptor.lambda$invokeTestMethod$4(TestMethodTestDescriptor.java:221)
	at org.junit.platform.engine.support.hierarchical.ThrowableCollector.execute(ThrowableCollector.java:73)
	at org.junit.jupiter.engine.descriptor.TestMethodTestDescriptor.invokeTestMethod(TestMethodTestDescriptor.java:217)
	at org.junit.jupiter.engine.descriptor.TestMethodTestDescriptor.execute(TestMethodTestDescriptor.java:159)
	at org.junit.jupiter.engine.descriptor.TestMethodTestDescriptor.execute(TestMethodTestDescriptor.java:70)
	at org.junit.platform.engine.support.hierarchical.NodeTestTask.lambda$executeRecursively$6(NodeTestTask.java:157)
	at org.junit.platform.engine.support.hierarchical.ThrowableCollector.execute(ThrowableCollector.java:73)
	at org.junit.platform.engine.support.hierarchical.NodeTestTask.lambda$executeRecursively$8(NodeTestTask.java:147)
	at org.junit.platform.engine.support.hierarchical.Node.around(Node.java:137)
	at org.junit.platform.engine.support.hierarchical.NodeTestTask.lambda$executeRecursively$9(NodeTestTask.java:145)
	at org.junit.platform.engine.support.hierarchical.ThrowableCollector.execute(ThrowableCollector.java:73)
	at org.junit.platform.engine.support.hierarchical.NodeTestTask.executeRecursively(NodeTestTask.java:144)
	at org.junit.platform.engine.support.hierarchical.NodeTestTask.execute(NodeTestTask.java:101)
	at java.base/java.util.ArrayList.forEach(ArrayList.java:1604)
	at org.junit.platform.engine.support.hierarchical.SameThreadHierarchicalTestExecutorService.invokeAll(SameThreadHierarchicalTestExecutorService.java:41)
	at org.junit.platform.engine.support.hierarchical.NodeTestTask.lambda$executeRecursively$6(NodeTestTask.java:161)
	at org.junit.platform.engine.support.hierarchical.ThrowableCollector.execute(ThrowableCollector.java:73)
	at org.junit.platform.engine.support.hierarchical.NodeTestTask.lambda$executeRecursively$8(NodeTestTask.java:147)
	at org.junit.platform.engine.support.hierarchical.Node.around(Node.java:137)
	at org.junit.platform.engine.support.hierarchical.NodeTestTask.lambda$executeRecursively$9(NodeTestTask.java:145)
	at org.junit.platform.engine.support.hierarchical.ThrowableCollector.execute(ThrowableCollector.java:73)
	at org.junit.platform.engine.support.hierarchical.NodeTestTask.executeRecursively(NodeTestTask.java:144)
	at org.junit.platform.engine.support.hierarchical.NodeTestTask.execute(NodeTestTask.java:101)
	at java.base/java.util.ArrayList.forEach(ArrayList.java:1604)
	at org.junit.platform.engine.support.hierarchical.SameThreadHierarchicalTestExecutorService.invokeAll(SameThreadHierarchicalTestExecutorService.java:41)
	at org.junit.platform.engine.support.hierarchical.NodeTestTask.lambda$executeRecursively$6(NodeTestTask.java:161)
	at org.junit.platform.engine.support.hierarchical.ThrowableCollector.execute(ThrowableCollector.java:73)
	at org.junit.platform.engine.support.hierarchical.NodeTestTask.lambda$executeRecursively$8(NodeTestTask.java:147)
	at org.junit.platform.engine.support.hierarchical.Node.around(Node.java:137)
	at org.junit.platform.engine.support.hierarchical.NodeTestTask.lambda$executeRecursively$9(NodeTestTask.java:145)
	at org.junit.platform.engine.support.hierarchical.ThrowableCollector.execute(ThrowableCollector.java:73)
	at org.junit.platform.engine.support.hierarchical.NodeTestTask.executeRecursively(NodeTestTask.java:144)
	at org.junit.platform.engine.support.hierarchical.NodeTestTask.execute(NodeTestTask.java:101)
	at org.junit.platform.engine.support.hierarchical.SameThreadHierarchicalTestExecutorService.submit(SameThreadHierarchicalTestExecutorService.java:35)
	at org.junit.platform.engine.support.hierarchical.HierarchicalTestExecutor.execute(HierarchicalTestExecutor.java:57)
	at org.junit.platform.engine.support.hierarchical.HierarchicalTestEngine.execute(HierarchicalTestEngine.java:54)
	at org.junit.platform.launcher.core.EngineExecutionOrchestrator.executeEngine(EngineExecutionOrchestrator.java:230)
	at org.junit.platform.launcher.core.EngineExecutionOrchestrator.failOrExecuteEngine(EngineExecutionOrchestrator.java:204)
	at org.junit.platform.launcher.core.EngineExecutionOrchestrator.execute(EngineExecutionOrchestrator.java:172)
	at org.junit.platform.launcher.core.EngineExecutionOrchestrator.execute(EngineExecutionOrchestrator.java:101)
	at org.junit.platform.launcher.core.EngineExecutionOrchestrator.lambda$execute$0(EngineExecutionOrchestrator.java:64)
	at org.junit.platform.launcher.core.EngineExecutionOrchestrator.withInterceptedStreams(EngineExecutionOrchestrator.java:150)
	at org.junit.platform.launcher.core.EngineExecutionOrchestrator.execute(EngineExecutionOrchestrator.java:63)
	at org.junit.platform.launcher.core.DefaultLauncher.execute(DefaultLauncher.java:109)
	at org.junit.platform.launcher.core.DefaultLauncher.execute(DefaultLauncher.java:91)
	at org.junit.platform.launcher.core.DelegatingLauncher.execute(DelegatingLauncher.java:47)
	at org.junit.platform.launcher.core.InterceptingLauncher.lambda$execute$1(InterceptingLauncher.java:39)
	at org.junit.platform.launcher.core.ClasspathAlignmentCheckingLauncherInterceptor.intercept(ClasspathAlignmentCheckingLauncherInterceptor.java:25)
	at org.junit.platform.launcher.core.InterceptingLauncher.execute(InterceptingLauncher.java:38)
	at org.junit.platform.launcher.core.DelegatingLauncher.execute(DelegatingLauncher.java:47)
	at org.apache.maven.surefire.junitplatform.LazyLauncher.execute(LazyLauncher.java:56)
	at org.apache.maven.surefire.junitplatform.JUnitPlatformProvider.execute(JUnitPlatformProvider.java:194)
	at org.apache.maven.surefire.junitplatform.JUnitPlatformProvider.invokeAllTests(JUnitPlatformProvider.java:150)
	at org.apache.maven.surefire.junitplatform.JUnitPlatformProvider.invoke(JUnitPlatformProvider.java:124)
	at org.apache.maven.surefire.booter.ForkedBooter.runSuitesInProcess(ForkedBooter.java:385)
	at org.apache.maven.surefire.booter.ForkedBooter.execute(ForkedBooter.java:162)
	at org.apache.maven.surefire.booter.ForkedBooter.run(ForkedBooter.java:507)
	at org.apache.maven.surefire.booter.ForkedBooter.main(ForkedBooter.java:495)
{"code":"A001","name":"测试"}
{"model":{"age":30,"rowIndex":1},"sampleNum":"22B00123"}
{"test":"2017-11-17T00:00:00+08:00"}
{"test":"2017-11-17T00:00:00+08:00"}
[{"map3":["list0","list1"]},{"map2":["list0","list1"]},{"map1":["list0","list1"]},{"map0":["list0","list1"]},{"map7":["list0","list1"]},{"map6":["list0","list1"]},{"map5":["list0","list1"]},{"map4":["list0","list1"]},{"map9":["list0","list1"]},{"map8":["list0","list1"]}]
[map3=[list0, list1], map2=[list0, list1], map1=[list0, list1], map0=[list0, list1], map7=[list0, list1], map6=[list0, list1], map5=[list0, list1], map4=[list0, list1], map9=[list0, list1], map8=[list0, list1]]
{"@type":"com.alibaba.fastjson2.v1issues.issue_1500.Issue1556$ApiResult","code":0,"data":{"@type":"com.alibaba.fastjson2.v1issues.issue_1500.Issue1556$ClassForData","dataName":"dataname","first":{"addr":"It is addr","commonInfo":{"demoDate":"2026-10-07 00:34:09.411"}},"second":{"commonInfo":{"demoDate":"2026-10-07 00:34:09.411"},"name":"It is name"}},"msg":"Success"}
{"@type":"com.alibaba.fastjson2.v1issues.issue_1500.Issue1556$ApiResult","code":0,"data":{"@type":"com.alibaba.fastjson2.v1issues.issue_1500.Issue1556$ClassForData","dataName":"dataname","first":{"addr":"It is addr","commonInfo":{"demoDate":"2026-10-07 00:34:09.411"}},"second":{"commonInfo":{"demoDate":"2026-10-07 00:34:09.411"},"name":"It is name"}},"msg":"Success"}
WARNING: Use of the three-letter time zone ID "EST" is deprecated and it will be removed in a future release
WARNING: Use of the three-letter time zone ID "EAT" is deprecated and it will be removed in a future release
WARNING: Use of the three-letter time zone ID "ECT" is deprecated and it will be removed in a future release
WARNING: Use of the three-letter time zone ID "PRT" is deprecated and it will be removed in a future release
WARNING: Use of the three-letter time zone ID "CTT" is deprecated and it will be removed in a future release
WARNING: Use of the three-letter time zone ID "SST" is deprecated and it will be removed in a future release
WARNING: Use of the three-letter time zone ID "MST" is deprecated and it will be removed in a future release
WARNING: Use of the three-letter time zone ID "AST" is deprecated and it will be removed in a future release
WARNING: Use of the three-letter time zone ID "NST" is deprecated and it will be removed in a future release
WARNING: Use of the three-letter time zone ID "HST" is deprecated and it will be removed in a future release
WARNING: Use of the three-letter time zone ID "ACT" is deprecated and it will be removed in a future release
WARNING: Use of the three-letter time zone ID "BST" is deprecated and it will be removed in a future release
WARNING: Use of the three-letter time zone ID "AET" is deprecated and it will be removed in a future release
WARNING: Use of the three-letter time zone ID "IST" is deprecated and it will be removed in a future release
WARNING: Use of the three-letter time zone ID "CST" is deprecated and it will be removed in a future release
WARNING: Use of the three-letter time zone ID "NET" is deprecated and it will be removed in a future release
WARNING: Use of the three-letter time zone ID "AGT" is deprecated and it will be removed in a future release
WARNING: Use of the three-letter time zone ID "CAT" is deprecated and it will be removed in a future release
WARNING: Use of the three-letter time zone ID "MIT" is deprecated and it will be removed in a future release
WARNING: Use of the three-letter time zone ID "BET" is deprecated and it will be removed in a future release
WARNING: Use of the three-letter time zone ID "PST" is deprecated and it will be removed in a future release
WARNING: Use of the three-letter time zone ID "ART" is deprecated and it will be removed in a future release
WARNING: Use of the three-letter time zone ID "JST" is deprecated and it will be removed in a future release
WARNING: Use of the three-letter time zone ID "VST" is deprecated and it will be removed in a future release
WARNING: Use of the three-letter time zone ID "IET" is deprecated and it will be removed in a future release
WARNING: Use of the three-letter time zone ID "CNT" is deprecated and it will be removed in a future release
WARNING: Use of the three-letter time zone ID "PLT" is deprecated and it will be removed in a future release
WARNING: Use of the three-letter time zone ID "PNT" is deprecated and it will be removed in a future release
WARNING: Use of the three-letter time zone ID "EST" is deprecated and it will be removed in a future release
WARNING: Use of the three-letter time zone ID "EAT" is deprecated and it will be removed in a future release
WARNING: Use of the three-letter time zone ID "ECT" is deprecated and it will be removed in a future release
WARNING: Use of the three-letter time zone ID "PRT" is deprecated and it will be removed in a future release
WARNING: Use of the three-letter time zone ID "CTT" is deprecated and it will be removed in a future release
WARNING: Use of the three-letter time zone ID "SST" is deprecated and it will be removed in a future release
WARNING: Use of the three-letter time zone ID "MST" is deprecated and it will be removed in a future release
WARNING: Use of the three-letter time zone ID "AST" is deprecated and it will be removed in a future release
WARNING: Use of the three-letter time zone ID "NST" is deprecated and it will be removed in a future release
WARNING: Use of the three-letter time zone ID "HST" is deprecated and it will be removed in a future release
WARNING: Use of the three-letter time zone ID "ACT" is deprecated and it will be removed in a future release
WARNING: Use of the three-letter time zone ID "BST" is deprecated and it will be removed in a future release
WARNING: Use of the three-letter time zone ID "AET" is deprecated and it will be removed in a future release
WARNING: Use of the three-letter time zone ID "IST" is deprecated and it will be removed in a future release
WARNING: Use of the three-letter time zone ID "CST" is deprecated and it will be removed in a future release
WARNING: Use of the three-letter time zone ID "NET" is deprecated and it will be removed in a future release
WARNING: Use of the three-letter time zone ID "AGT" is deprecated and it will be removed in a future release
WARNING: Use of the three-letter time zone ID "CAT" is deprecated and it will be removed in a future release
WARNING: Use of the three-letter time zone ID "MIT" is deprecated and it will be removed in a future release
WARNING: Use of the three-letter time zone ID "BET" is deprecated and it will be removed in a future release
WARNING: Use of the three-letter time zone ID "PST" is deprecated and it will be removed in a future release
WARNING: Use of the three-letter time zone ID "ART" is deprecated and it will be removed in a future release
WARNING: Use of the three-letter time zone ID "JST" is deprecated and it will be removed in a future release
WARNING: Use of the three-letter time zone ID "VST" is deprecated and it will be removed in a future release
WARNING: Use of the three-letter time zone ID "IET" is deprecated and it will be removed in a future release
WARNING: Use of the three-letter time zone ID "CNT" is deprecated and it will be removed in a future release
WARNING: Use of the three-letter time zone ID "PLT" is deprecated and it will be removed in a future release
WARNING: Use of the three-letter time zone ID "PNT" is deprecated and it will be removed in a future release
您的预约已经超时
[{"x":"y"},{"x":"y"}]
{"models":[{"x":"y"},{"x":"y"}]}
{"a":{"x":"y"},"b":{"x":"y"}}
{"a":{"x":"y"},"b":{"x":"y"}}
com.alibaba.fastjson2.JSONException: parse enum error, class com.alibaba.fastjson2.v1issues.issue_2000.Issue2065$EnumClass, getCode 0, offset 10, character }, line 1, column 10, fastjson-version 2.0.64 {"code":0}
	at com.alibaba.fastjson2.reader.ObjectReaderImplEnum.readObject(ObjectReaderImplEnum.java:254)
	at com.alibaba.fastjson2.reader.ORG_2176_1_Model.readObject(Unknown Source)
	at com.alibaba.fastjson2.JSON.parseObject(JSON.java:1299)
	at com.alibaba.fastjson2.v1issues.issue_2000.Issue2065.test_for_issue(Issue2065.java:20)
	at java.base/jdk.internal.reflect.DirectMethodHandleAccessor.invoke(DirectMethodHandleAccessor.java:104)
	at java.base/java.lang.reflect.Method.invoke(Method.java:565)
	at org.junit.platform.commons.util.ReflectionUtils.invokeMethod(ReflectionUtils.java:787)
	at org.junit.platform.commons.support.ReflectionSupport.invokeMethod(ReflectionSupport.java:478)
	at org.junit.jupiter.engine.execution.MethodInvocation.proceed(MethodInvocation.java:60)
	at org.junit.jupiter.engine.execution.InvocationInterceptorChain$ValidatingInvocation.proceed(InvocationInterceptorChain.java:131)
	at org.junit.jupiter.engine.extension.TimeoutExtension.intercept(TimeoutExtension.java:161)
	at org.junit.jupiter.engine.extension.TimeoutExtension.interceptTestableMethod(TimeoutExtension.java:152)
	at org.junit.jupiter.engine.extension.TimeoutExtension.interceptTestMethod(TimeoutExtension.java:91)
	at org.junit.jupiter.engine.execution.InterceptingExecutableInvoker$ReflectiveInterceptorCall.lambda$ofVoidMethod$0(InterceptingExecutableInvoker.java:112)
	at org.junit.jupiter.engine.execution.InterceptingExecutableInvoker.lambda$invoke$0(InterceptingExecutableInvoker.java:94)
	at org.junit.jupiter.engine.execution.InvocationInterceptorChain$InterceptedInvocation.proceed(InvocationInterceptorChain.java:106)
	at org.junit.jupiter.engine.execution.InvocationInterceptorChain.proceed(InvocationInterceptorChain.java:64)
	at org.junit.jupiter.engine.execution.InvocationInterceptorChain.chainAndInvoke(InvocationInterceptorChain.java:45)
	at org.junit.jupiter.engine.execution.InvocationInterceptorChain.invoke(InvocationInterceptorChain.java:37)
	at org.junit.jupiter.engine.execution.InterceptingExecutableInvoker.invoke(InterceptingExecutableInvoker.java:93)
	at org.junit.jupiter.engine.execution.InterceptingExecutableInvoker.invoke(InterceptingExecutableInvoker.java:87)
	at org.junit.jupiter.engine.descriptor.TestMethodTestDescriptor.lambda$invokeTestMethod$4(TestMethodTestDescriptor.java:221)
	at org.junit.platform.engine.support.hierarchical.ThrowableCollector.execute(ThrowableCollector.java:73)
	at org.junit.jupiter.engine.descriptor.TestMethodTestDescriptor.invokeTestMethod(TestMethodTestDescriptor.java:217)
	at org.junit.jupiter.engine.descriptor.TestMethodTestDescriptor.execute(TestMethodTestDescriptor.java:159)
	at org.junit.jupiter.engine.descriptor.TestMethodTestDescriptor.execute(TestMethodTestDescriptor.java:70)
	at org.junit.platform.engine.support.hierarchical.NodeTestTask.lambda$executeRecursively$6(NodeTestTask.java:157)
	at org.junit.platform.engine.support.hierarchical.ThrowableCollector.execute(ThrowableCollector.java:73)
	at org.junit.platform.engine.support.hierarchical.NodeTestTask.lambda$executeRecursively$8(NodeTestTask.java:147)
	at org.junit.platform.engine.support.hierarchical.Node.around(Node.java:137)
	at org.junit.platform.engine.support.hierarchical.NodeTestTask.lambda$executeRecursively$9(NodeTestTask.java:145)
	at org.junit.platform.engine.support.hierarchical.ThrowableCollector.execute(ThrowableCollector.java:73)
	at org.junit.platform.engine.support.hierarchical.NodeTestTask.executeRecursively(NodeTestTask.java:144)
	at org.junit.platform.engine.support.hierarchical.NodeTestTask.execute(NodeTestTask.java:101)
	at java.base/java.util.ArrayList.forEach(ArrayList.java:1604)
	at org.junit.platform.engine.support.hierarchical.SameThreadHierarchicalTestExecutorService.invokeAll(SameThreadHierarchicalTestExecutorService.java:41)
	at org.junit.platform.engine.support.hierarchical.NodeTestTask.lambda$executeRecursively$6(NodeTestTask.java:161)
	at org.junit.platform.engine.support.hierarchical.ThrowableCollector.execute(ThrowableCollector.java:73)
	at org.junit.platform.engine.support.hierarchical.NodeTestTask.lambda$executeRecursively$8(NodeTestTask.java:147)
	at org.junit.platform.engine.support.hierarchical.Node.around(Node.java:137)
	at org.junit.platform.engine.support.hierarchical.NodeTestTask.lambda$executeRecursively$9(NodeTestTask.java:145)
	at org.junit.platform.engine.support.hierarchical.ThrowableCollector.execute(ThrowableCollector.java:73)
	at org.junit.platform.engine.support.hierarchical.NodeTestTask.executeRecursively(NodeTestTask.java:144)
	at org.junit.platform.engine.support.hierarchical.NodeTestTask.execute(NodeTestTask.java:101)
	at java.base/java.util.ArrayList.forEach(ArrayList.java:1604)
	at org.junit.platform.engine.support.hierarchical.SameThreadHierarchicalTestExecutorService.invokeAll(SameThreadHierarchicalTestExecutorService.java:41)
	at org.junit.platform.engine.support.hierarchical.NodeTestTask.lambda$executeRecursively$6(NodeTestTask.java:161)
	at org.junit.platform.engine.support.hierarchical.ThrowableCollector.execute(ThrowableCollector.java:73)
	at org.junit.platform.engine.support.hierarchical.NodeTestTask.lambda$executeRecursively$8(NodeTestTask.java:147)
	at org.junit.platform.engine.support.hierarchical.Node.around(Node.java:137)
	at org.junit.platform.engine.support.hierarchical.NodeTestTask.lambda$executeRecursively$9(NodeTestTask.java:145)
	at org.junit.platform.engine.support.hierarchical.ThrowableCollector.execute(ThrowableCollector.java:73)
	at org.junit.platform.engine.support.hierarchical.NodeTestTask.executeRecursively(NodeTestTask.java:144)
	at org.junit.platform.engine.support.hierarchical.NodeTestTask.execute(NodeTestTask.java:101)
	at org.junit.platform.engine.support.hierarchical.SameThreadHierarchicalTestExecutorService.submit(SameThreadHierarchicalTestExecutorService.java:35)
	at org.junit.platform.engine.support.hierarchical.HierarchicalTestExecutor.execute(HierarchicalTestExecutor.java:57)
	at org.junit.platform.engine.support.hierarchical.HierarchicalTestEngine.execute(HierarchicalTestEngine.java:54)
	at org.junit.platform.launcher.core.EngineExecutionOrchestrator.executeEngine(EngineExecutionOrchestrator.java:230)
	at org.junit.platform.launcher.core.EngineExecutionOrchestrator.failOrExecuteEngine(EngineExecutionOrchestrator.java:204)
	at org.junit.platform.launcher.core.EngineExecutionOrchestrator.execute(EngineExecutionOrchestrator.java:172)
	at org.junit.platform.launcher.core.EngineExecutionOrchestrator.execute(EngineExecutionOrchestrator.java:101)
	at org.junit.platform.launcher.core.EngineExecutionOrchestrator.lambda$execute$0(EngineExecutionOrchestrator.java:64)
	at org.junit.platform.launcher.core.EngineExecutionOrchestrator.withInterceptedStreams(EngineExecutionOrchestrator.java:150)
	at org.junit.platform.launcher.core.EngineExecutionOrchestrator.execute(EngineExecutionOrchestrator.java:63)
	at org.junit.platform.launcher.core.DefaultLauncher.execute(DefaultLauncher.java:109)
	at org.junit.platform.launcher.core.DefaultLauncher.execute(DefaultLauncher.java:91)
	at org.junit.platform.launcher.core.DelegatingLauncher.execute(DelegatingLauncher.java:47)
	at org.junit.platform.launcher.core.InterceptingLauncher.lambda$execute$1(InterceptingLauncher.java:39)
	at org.junit.platform.launcher.core.ClasspathAlignmentCheckingLauncherInterceptor.intercept(ClasspathAlignmentCheckingLauncherInterceptor.java:25)
	at org.junit.platform.launcher.core.InterceptingLauncher.execute(InterceptingLauncher.java:38)
	at org.junit.platform.launcher.core.DelegatingLauncher.execute(DelegatingLauncher.java:47)
	at org.apache.maven.surefire.junitplatform.LazyLauncher.execute(LazyLauncher.java:56)
	at org.apache.maven.surefire.junitplatform.JUnitPlatformProvider.execute(JUnitPlatformProvider.java:194)
	at org.apache.maven.surefire.junitplatform.JUnitPlatformProvider.invokeAllTests(JUnitPlatformProvider.java:150)
	at org.apache.maven.surefire.junitplatform.JUnitPlatformProvider.invoke(JUnitPlatformProvider.java:124)
	at org.apache.maven.surefire.booter.ForkedBooter.runSuitesInProcess(ForkedBooter.java:385)
	at org.apache.maven.surefire.booter.ForkedBooter.execute(ForkedBooter.java:162)
	at org.apache.maven.surefire.booter.ForkedBooter.run(ForkedBooter.java:507)
	at org.apache.maven.surefire.booter.ForkedBooter.main(ForkedBooter.java:495)
{"value":10}
fastjson eval: [{"name":"level3","field":"leve3Field","body":{"name":"level4","field":"leve4Field"}}]
com.alibaba.fastjson2.v1issues.issue_1600.issue_1699.obj.RatingDetailBO@76c944ce
{"data":"","data2":"","data3":"","data4":"","data5":"","data6":"","data7":"","data8":"","data9":""}
{"data":"","data2":"","data3":"","data4":"","data5":"","data6":"","data7":"","data8":"","data9":""}
setter not found, class com.alibaba.fastjson2.v1issues.issue_1200.Issue1271$A, property b
setter not found, class com.alibaba.fastjson2.v1issues.issue_1200.Issue1271$B, property b
setter not found, class com.alibaba.fastjson2.v1issues.issue_1200.Issue1271$A, property b
setter not found, class com.alibaba.fastjson2.v1issues.issue_1200.Issue1271$B, property b
name=id,value=1
name=name,value=name
{"id":1,"nt":"name"}
{}
{"ab":{}}
{"ab":{}}
{"_parentId":"001"}
{"_parentId":"001"}
{"name":"b","value":{"name":"a","value":1},"value1":{"a":{"name":"a","value":1}}}
{"name":"b","value":{"a":{"name":"a","value":1}},"value1":{"name":"a","value":1}}
DataSimpleVO [name=b, value={"a":{"name":"a","value":1}}, value1={"name":"a","value":1}]
{"a":1,"b":"b","bars":{"c":3}}
{"@type":"com.alibaba.fastjson2.v1issues.issue_1300.Issue1319$MyTest","myEnum":"Test1","value":1}
{"myEnum":"Test1","value":1}
com.alibaba.fastjson2.v1issues.issue_1300.Issue1357$Test2Bean@3c5c64d6
{"@type":"com.alibaba.fastjson2.v1issues.issue_1300.Issue1319C$MyTest","myEnum":"Test1","value":1}
{"myEnum":"Test1","value":1}
before：Data : aaa
{"stackTrace":[{"fileName":"Issue1344.java","lineNumber":16,"className":"com.alibaba.fastjson2.v1issues.issue_1300.Issue1344","methodName":"test_for_issue"},{"fileName":"DirectMethodHandleAccessor.java","lineNumber":104,"className":"jdk.internal.reflect.DirectMethodHandleAccessor","methodName":"invoke"},{"fileName":"Method.java","lineNumber":565,"className":"java.lang.reflect.Method","methodName":"invoke"},{"fileName":"ReflectionUtils.java","lineNumber":787,"className":"org.junit.platform.commons.util.ReflectionUtils","methodName":"invokeMethod"},{"fileName":"ReflectionSupport.java","lineNumber":478,"className":"org.junit.platform.commons.support.ReflectionSupport","methodName":"invokeMethod"},{"fileName":"MethodInvocation.java","lineNumber":60,"className":"org.junit.jupiter.engine.execution.MethodInvocation","methodName":"proceed"},{"fileName":"InvocationInterceptorChain.java","lineNumber":131,"className":"org.junit.jupiter.engine.execution.InvocationInterceptorChain$ValidatingInvocation","methodName":"proceed"},{"fileName":"TimeoutExtension.java","lineNumber":161,"className":"org.junit.jupiter.engine.extension.TimeoutExtension","methodName":"intercept"},{"fileName":"TimeoutExtension.java","lineNumber":152,"className":"org.junit.jupiter.engine.extension.TimeoutExtension","methodName":"interceptTestableMethod"},{"fileName":"TimeoutExtension.java","lineNumber":91,"className":"org.junit.jupiter.engine.extension.TimeoutExtension","methodName":"interceptTestMethod"},{"fileName":"InterceptingExecutableInvoker.java","lineNumber":112,"className":"org.junit.jupiter.engine.execution.InterceptingExecutableInvoker$ReflectiveInterceptorCall","methodName":"lambda$ofVoidMethod$0"},{"fileName":"InterceptingExecutableInvoker.java","lineNumber":94,"className":"org.junit.jupiter.engine.execution.InterceptingExecutableInvoker","methodName":"lambda$invoke$0"},{"fileName":"InvocationInterceptorChain.java","lineNumber":106,"className":"org.junit.jupiter.engine.execution.InvocationInterceptorChain$InterceptedInvocation","methodName":"proceed"},{"fileName":"InvocationInterceptorChain.java","lineNumber":64,"className":"org.junit.jupiter.engine.execution.InvocationInterceptorChain","methodName":"proceed"},{"fileName":"InvocationInterceptorChain.java","lineNumber":45,"className":"org.junit.jupiter.engine.execution.InvocationInterceptorChain","methodName":"chainAndInvoke"},{"fileName":"InvocationInterceptorChain.java","lineNumber":37,"className":"org.junit.jupiter.engine.execution.InvocationInterceptorChain","methodName":"invoke"},{"fileName":"InterceptingExecutableInvoker.java","lineNumber":93,"className":"org.junit.jupiter.engine.execution.InterceptingExecutableInvoker","methodName":"invoke"},{"fileName":"InterceptingExecutableInvoker.java","lineNumber":87,"className":"org.junit.jupiter.engine.execution.InterceptingExecutableInvoker","methodName":"invoke"},{"fileName":"TestMethodTestDescriptor.java","lineNumber":221,"className":"org.junit.jupiter.engine.descriptor.TestMethodTestDescriptor","methodName":"lambda$invokeTestMethod$4"},{"fileName":"ThrowableCollector.java","lineNumber":73,"className":"org.junit.platform.engine.support.hierarchical.ThrowableCollector","methodName":"execute"},{"fileName":"TestMethodTestDescriptor.java","lineNumber":217,"className":"org.junit.jupiter.engine.descriptor.TestMethodTestDescriptor","methodName":"invokeTestMethod"},{"fileName":"TestMethodTestDescriptor.java","lineNumber":159,"className":"org.junit.jupiter.engine.descriptor.TestMethodTestDescriptor","methodName":"execute"},{"fileName":"TestMethodTestDescriptor.java","lineNumber":70,"className":"org.junit.jupiter.engine.descriptor.TestMethodTestDescriptor","methodName":"execute"},{"fileName":"NodeTestTask.java","lineNumber":157,"className":"org.junit.platform.engine.support.hierarchical.NodeTestTask","methodName":"lambda$executeRecursively$6"},{"fileName":"ThrowableCollector.java","lineNumber":73,"className":"org.junit.platform.engine.support.hierarchical.ThrowableCollector","methodName":"execute"},{"fileName":"NodeTestTask.java","lineNumber":147,"className":"org.junit.platform.engine.support.hierarchical.NodeTestTask","methodName":"lambda$executeRecursively$8"},{"fileName":"Node.java","lineNumber":137,"className":"org.junit.platform.engine.support.hierarchical.Node","methodName":"around"},{"fileName":"NodeTestTask.java","lineNumber":145,"className":"org.junit.platform.engine.support.hierarchical.NodeTestTask","methodName":"lambda$executeRecursively$9"},{"fileName":"ThrowableCollector.java","lineNumber":73,"className":"org.junit.platform.engine.support.hierarchical.ThrowableCollector","methodName":"execute"},{"fileName":"NodeTestTask.java","lineNumber":144,"className":"org.junit.platform.engine.support.hierarchical.NodeTestTask","methodName":"executeRecursively"},{"fileName":"NodeTestTask.java","lineNumber":101,"className":"org.junit.platform.engine.support.hierarchical.NodeTestTask","methodName":"execute"},{"fileName":"ArrayList.java","lineNumber":1604,"className":"java.util.ArrayList","methodName":"forEach"},{"fileName":"SameThreadHierarchicalTestExecutorService.java","lineNumber":41,"className":"org.junit.platform.engine.support.hierarchical.SameThreadHierarchicalTestExecutorService","methodName":"invokeAll"},{"fileName":"NodeTestTask.java","lineNumber":161,"className":"org.junit.platform.engine.support.hierarchical.NodeTestTask","methodName":"lambda$executeRecursively$6"},{"fileName":"ThrowableCollector.java","lineNumber":73,"className":"org.junit.platform.engine.support.hierarchical.ThrowableCollector","methodName":"execute"},{"fileName":"NodeTestTask.java","lineNumber":147,"className":"org.junit.platform.engine.support.hierarchical.NodeTestTask","methodName":"lambda$executeRecursively$8"},{"fileName":"Node.java","lineNumber":137,"className":"org.junit.platform.engine.support.hierarchical.Node","methodName":"around"},{"fileName":"NodeTestTask.java","lineNumber":145,"className":"org.junit.platform.engine.support.hierarchical.NodeTestTask","methodName":"lambda$executeRecursively$9"},{"fileName":"ThrowableCollector.java","lineNumber":73,"className":"org.junit.platform.engine.support.hierarchical.ThrowableCollector","methodName":"execute"},{"fileName":"NodeTestTask.java","lineNumber":144,"className":"org.junit.platform.engine.support.hierarchical.NodeTestTask","methodName":"executeRecursively"},{"fileName":"NodeTestTask.java","lineNumber":101,"className":"org.junit.platform.engine.support.hierarchical.NodeTestTask","methodName":"execute"},{"fileName":"ArrayList.java","lineNumber":1604,"className":"java.util.ArrayList","methodName":"forEach"},{"fileName":"SameThreadHierarchicalTestExecutorService.java","lineNumber":41,"className":"org.junit.platform.engine.support.hierarchical.SameThreadHierarchicalTestExecutorService","methodName":"invokeAll"},{"fileName":"NodeTestTask.java","lineNumber":161,"className":"org.junit.platform.engine.support.hierarchical.NodeTestTask","methodName":"lambda$executeRecursively$6"},{"fileName":"ThrowableCollector.java","lineNumber":73,"className":"org.junit.platform.engine.support.hierarchical.ThrowableCollector","methodName":"execute"},{"fileName":"NodeTestTask.java","lineNumber":147,"className":"org.junit.platform.engine.support.hierarchical.NodeTestTask","methodName":"lambda$executeRecursively$8"},{"fileName":"Node.java","lineNumber":137,"className":"org.junit.platform.engine.support.hierarchical.Node","methodName":"around"},{"fileName":"NodeTestTask.java","lineNumber":145,"className":"org.junit.platform.engine.support.hierarchical.NodeTestTask","methodName":"lambda$executeRecursively$9"},{"fileName":"ThrowableCollector.java","lineNumber":73,"className":"org.junit.platform.engine.support.hierarchical.ThrowableCollector","methodName":"execute"},{"fileName":"NodeTestTask.java","lineNumber":144,"className":"org.junit.platform.engine.support.hierarchical.NodeTestTask","methodName":"executeRecursively"},{"fileName":"NodeTestTask.java","lineNumber":101,"className":"org.junit.platform.engine.support.hierarchical.NodeTestTask","methodName":"execute"},{"fileName":"SameThreadHierarchicalTestExecutorService.java","lineNumber":35,"className":"org.junit.platform.engine.support.hierarchical.SameThreadHierarchicalTestExecutorService","methodName":"submit"},{"fileName":"HierarchicalTestExecutor.java","lineNumber":57,"className":"org.junit.platform.engine.support.hierarchical.HierarchicalTestExecutor","methodName":"execute"},{"fileName":"HierarchicalTestEngine.java","lineNumber":54,"className":"org.junit.platform.engine.support.hierarchical.HierarchicalTestEngine","methodName":"execute"},{"fileName":"EngineExecutionOrchestrator.java","lineNumber":230,"className":"org.junit.platform.launcher.core.EngineExecutionOrchestrator","methodName":"executeEngine"},{"fileName":"EngineExecutionOrchestrator.java","lineNumber":204,"className":"org.junit.platform.launcher.core.EngineExecutionOrchestrator","methodName":"failOrExecuteEngine"},{"fileName":"EngineExecutionOrchestrator.java","lineNumber":172,"className":"org.junit.platform.launcher.core.EngineExecutionOrchestrator","methodName":"execute"},{"fileName":"EngineExecutionOrchestrator.java","lineNumber":101,"className":"org.junit.platform.launcher.core.EngineExecutionOrchestrator","methodName":"execute"},{"fileName":"EngineExecutionOrchestrator.java","lineNumber":64,"className":"org.junit.platform.launcher.core.EngineExecutionOrchestrator","methodName":"lambda$execute$0"},{"fileName":"EngineExecutionOrchestrator.java","lineNumber":150,"className":"org.junit.platform.launcher.core.EngineExecutionOrchestrator","methodName":"withInterceptedStreams"},{"fileName":"EngineExecutionOrchestrator.java","lineNumber":63,"className":"org.junit.platform.launcher.core.EngineExecutionOrchestrator","methodName":"execute"},{"fileName":"DefaultLauncher.java","lineNumber":109,"className":"org.junit.platform.launcher.core.DefaultLauncher","methodName":"execute"},{"fileName":"DefaultLauncher.java","lineNumber":91,"className":"org.junit.platform.launcher.core.DefaultLauncher","methodName":"execute"},{"fileName":"DelegatingLauncher.java","lineNumber":47,"className":"org.junit.platform.launcher.core.DelegatingLauncher","methodName":"execute"},{"fileName":"InterceptingLauncher.java","lineNumber":39,"className":"org.junit.platform.launcher.core.InterceptingLauncher","methodName":"lambda$execute$1"},{"fileName":"ClasspathAlignmentCheckingLauncherInterceptor.java","lineNumber":25,"className":"org.junit.platform.launcher.core.ClasspathAlignmentCheckingLauncherInterceptor","methodName":"intercept"},{"fileName":"InterceptingLauncher.java","lineNumber":38,"className":"org.junit.platform.launcher.core.InterceptingLauncher","methodName":"execute"},{"fileName":"DelegatingLauncher.java","lineNumber":47,"className":"org.junit.platform.launcher.core.DelegatingLauncher","methodName":"execute"},{"fileName":"LazyLauncher.java","lineNumber":56,"className":"org.apache.maven.surefire.junitplatform.LazyLauncher","methodName":"execute"},{"fileName":"JUnitPlatformProvider.java","lineNumber":194,"className":"org.apache.maven.surefire.junitplatform.JUnitPlatformProvider","methodName":"execute"},{"fileName":"JUnitPlatformProvider.java","lineNumber":150,"className":"org.apache.maven.surefire.junitplatform.JUnitPlatformProvider","methodName":"invokeAllTests"},{"fileName":"JUnitPlatformProvider.java","lineNumber":124,"className":"org.apache.maven.surefire.junitplatform.JUnitPlatformProvider","methodName":"invoke"},{"fileName":"ForkedBooter.java","lineNumber":385,"className":"org.apache.maven.surefire.booter.ForkedBooter","methodName":"runSuitesInProcess"},{"fileName":"ForkedBooter.java","lineNumber":162,"className":"org.apache.maven.surefire.booter.ForkedBooter","methodName":"execute"},{"fileName":"ForkedBooter.java","lineNumber":507,"className":"org.apache.maven.surefire.booter.ForkedBooter","methodName":"run"},{"fileName":"ForkedBooter.java","lineNumber":495,"className":"org.apache.maven.surefire.booter.ForkedBooter","methodName":"main"}],"message":"Data : aaa","suppressed":[],"localizedMessage":"Data : aaa"}
after：null
{"aBoolean":false,"aByte":0,"aChar":"\u0000","aDouble":0.0,"aFloat":0.0,"aLong":0,"aShort":0,"anInt":0}
{"aBoolean":true,"aBoolean2":false,"aByte":8,"aByte2":9,"aChar":"J","aDouble":88.88,"aDouble2":99.99,"aFloat":8.8,"aFloat2":9.9,"aLong":8888,"aLong2":9999,"aShort":88,"aShort2":99,"anInt":888,"character":"C","integer":999,"string":"test"}
{"is_judge":true}
{
	"@type":"com.alibaba.fastjson2.hsf.VeryComplexDO#0",
	"@value":{
		"fshort":4,
		"pBaseDO":{},
		"pbyte":5,
		"pdouble":6.6,
		"pfloat":7.7,
		"pint":8,
		"plong":9
	}
}
{
	"@type":"com.alibaba.fastjson2.hsf.VeryComplexDO#0",
	"@value":{
		"fshort":2,
		"pBaseDO":{},
		"pbyte":3,
		"pdouble":9999.9999,
		"pfloat":1.2,
		"pint":69,
		"plist":{
			"@type":"A#1",
			"@value":[
				"taobao",
				"java",
				"linux"
			]
		},
		"plong":56,
		"plongArray":[
			1,
			2,
			3,
			4,
			5,
			6
		]
	}
}
123456789012345678901234567890123456789012345678901234567890
Issue1168.Wrapper(inner=Issue1168.Inner(id=1))
com.alibaba.fastjson2.issues_1000.Issue1457$Test2@2ccb0929
{
	"@type":"java.util.Collections$SynchronizedMap"
}
{
	"@type":"java.util.Collections$SynchronizedSet",
	"@value":[
		1,
		2,
		3
	]
}
{
	"@type":"java.util.Collections$SynchronizedRandomAccessList",
	"@value":[
		1,
		2,
		3
	]
}
{
	"@type":"java.util.Collections$SynchronizedNavigableMap"
}
{
	"@type":"java.util.Collections$SynchronizedSortedMap"
}
{
	"@type":"java.util.Collections$SynchronizedSortedSet",
	"@value":[
		1,
		2,
		3
	]
}
{
	"@type":"java.util.Collections$SynchronizedNavigableSet",
	"@value":[
		1,
		2,
		3
	]
}
{
	"@type":"java.util.Collections$SynchronizedCollection",
	"@value":[
		1,
		2,
		3
	]
}
{"testEnum":"E1"}
{"testEnum":"E1"}
"E1"
{"testEnum":3}
false
false
{"name":"{\"paternalSurname\": \"Rodríguez\"}"}
strJson={"@type":"com.alibaba.fastjson2.issues_1000.Issue1069$UserAttrActionInfo","tagInfos":{"@type":"java.util.LinkedHashMap",1234:[1L,2L,3L,4L]}}
fastjson2 data:{"values":[[123,456]]}
{"accountType":2}
