Picked up JAVA_TOOL_OPTIONS: 
WARNING: A restricted method in java.lang.System has been called
WARNING: java.lang.System::load has been called by org.fusesource.jansi.internal.JansiLoader in an unnamed module (file:<maven>/lib/jansi-2.4.1.jar)
WARNING: Use --enable-native-access=ALL-UNNAMED to avoid a warning for callers in this module
WARNING: Restricted methods will be blocked in a future release unless native access is enabled

WARNING: A terminally deprecated method in sun.misc.Unsafe has been called
WARNING: sun.misc.Unsafe::objectFieldOffset has been called by com.google.common.util.concurrent.AbstractFuture$UnsafeAtomicHelper (file:<maven>/lib/guava-33.2.1-jre.jar)
WARNING: Please consider reporting this to the maintainers of class com.google.common.util.concurrent.AbstractFuture$UnsafeAtomicHelper
WARNING: sun.misc.Unsafe::objectFieldOffset will be removed in a future release
Picked up JAVA_TOOL_OPTIONS: 
WARNING: A terminally deprecated method in sun.misc.Unsafe has been called
WARNING: sun.misc.Unsafe::invokeCleaner has been called by nonapi.io.github.classgraph.utils.FileUtils (file:<m2>/repository/io/github/classgraph/classgraph/4.8.83/classgraph-4.8.83.jar)
WARNING: Please consider reporting this to the maintainers of class nonapi.io.github.classgraph.utils.FileUtils
WARNING: sun.misc.Unsafe::invokeCleaner will be removed in a future release
{
	"@type":"com.alibaba.fastjson2.issues_1500.Issue1509$LoginUser#0",
	"@value":{
		"authorities#1":{
			"@type":"java.util.Collections$UnmodifiableSet#2",
			"@value":[]
		},
		"name#3":"张三",
		"realName#4":"zhangsan"
	}
}
Wed, 7 Oct 2026 00:47:40 GMT
{
	"date":1642003200
}
[{"@type":"[O","@value":[{"@type":"com.alibaba.fastjson2.issues_2100.Issue2175.Index$TestER","name":"ER"},0]},{"@type":"[O","@value":[{"@type":"com.alibaba.fastjson2.issues_2100.Issue2175.Index$TestER","name":"ER"},false]}]
1
[{"@type":"[com.alibaba.fastjson2.issues_2100.Issue2175.Index$TestER","@value":[{"name":"ER"},{"name":"ER"}]},{"@type":"[com.alibaba.fastjson2.issues_2100.Issue2175.Index$TestER","@value":[{"name":"ER"},{"name":"ER"}]}]
[{"@type":"[O","@value":[{"@type":"[com.alibaba.fastjson2.issues_2100.Issue2175.Index$TestER","@value":[{"name":"parent"},{"@type":"com.alibaba.fastjson2.issues_2100.Issue2175.Index$Children","age":1,"name":"child"}]},{"@type":"[com.alibaba.fastjson2.issues_2100.Issue2175.Index$TestER","@value":[{"@type":"com.alibaba.fastjson2.issues_2100.Issue2175.Index$Children","age":1,"name":"child"},{"name":"parent"}]}]},{"@type":"[com.alibaba.fastjson2.issues_2100.Issue2175.Index$TestER","@value":[{"@type":"com.alibaba.fastjson2.issues_2100.Issue2175.Index$Children","age":1,"name":"child"},{"name":"parent"}]},{"@type":"[O","@value":[1,false]}]
[{"@type":"[com.alibaba.fastjson2.issues_2100.Issue2175.Index$TestER","@value":[{"name":"parent"},{"@type":"com.alibaba.fastjson2.issues_2100.Issue2175.Index$Children","age":1,"name":"child"}]},{"@type":"[com.alibaba.fastjson2.issues_2100.Issue2175.Index$TestER","@value":[{"@type":"com.alibaba.fastjson2.issues_2100.Issue2175.Index$Children","age":1,"name":"child"},{"name":"parent"}]}]
[[{"name":"parent"},{"@type":"com.alibaba.fastjson2.issues_2100.Issue2175.Index$Children","age":1,"name":"child"}],[{"@type":"com.alibaba.fastjson2.issues_2100.Issue2175.Index$Children","age":1,"name":"child"},{"name":"parent"}]]
{}
{"hash":2138216064,"resolved":"java.util.HashMap","type":{"actualTypeArguments":["java.lang.Integer",{"actualTypeArguments":["java.lang.String"],"rawType":"java.util.List"}],"rawType":"java.util.HashMap"},"typeProvider":{"source":{"declaringClass":"com.alibaba.fastjson2.issues_2100.Issue2103$Bean","name":"myMap"},"type":{"actualTypeArguments":["java.lang.Integer",{"actualTypeArguments":["java.lang.String"],"rawType":"java.util.List"}],"rawType":"java.util.HashMap"}}}"\"\"\"\""
{
	"@type":"org.joda.time.LocalDateTime#0",
	"@value":"2026-10-07 00:47:41.592"
}
{
	"@type":"org.joda.time.LocalDateTime#0",
	"@value":"2026-10-07 00:47:41.599"
}
{
	"@type":"org.joda.time.LocalDateTime#0",
	"@value":{
		"year":2026,
		"month":10,
		"day":6,
		"hour":16,
		"minute":47,
		"second":41,
		"millis":600,
		"chronology":{
			"zoneId":"UTC"
		}
	}
}
{
	"@type":"org.joda.time.LocalDate#0",
	"@value":"2026-10-07"
}
{
	"@type":"org.joda.time.LocalDate#0",
	"@value":"2026-10-07"
}
{
	"@type":"org.joda.time.LocalDate#0",
	"@value":{
		"year":2026,
		"month":10,
		"day":6,
		"chronology":{
			"zoneId":"UTC"
		}
	}
}
{"type":"directory","items":[{"type":"file","data":"Some content ...","name":"my_file.txt"}],"name":"My directory"}
{"type":"object","properties":{"longitude":{"type":["string","number"]},"latitude":{"type":"number","minimum":-90,"maximum":90}},"required":["longitude","latitude"]}
66060288
Serialized JSON with circular reference: {"parent😀":{"child👍":{"$ref":"$"}}}
Test passed - no exception thrown during serialization with circular reference
Serialized JSON: {"key👍":"value3","key😀":"value1","nested":{"nested😀":{"deepValue":"deepValue"}},"key🌍":"value2"}
Test passed - no exception thrown during serialization
Generated JSON: {
	"key👍":"value3",
	"key😀":"value1",
	"key🌍":"value2"
}
Generated JSON with circular reference: {"parent😀":{"child😀":{"parent😀":{"$ref":"parent😀"}}}}
Generated JSON: {"key😀":"value","nested":{"nestedKey":"nestedValue"}}
UrlEntity [name=rose, url=https://www.baidu.com/web/user?name=rose]
[1,2,3]
[1,2,3]
{
	"@type":"com.alibaba.fastjson2.issues_3800.Issue3842$UserData",
	"errorCode":0
}
{
	"@type":"com.alibaba.fastjson2.issues_3800.Issue3828$Data",
	"list":{
		"@type":"java.util.Collections$EmptyList",
		"@value":[]
	}
}
{"AI":[]}
SLF4J(W): No SLF4J providers were found.
SLF4J(W): Defaulting to no-operation (NOP) logger implementation
SLF4J(W): See https://www.slf4j.org/codes.html#noProviders for further details.
{"age1":0,"age2":null,"age3":0,"age5":10,"age6":10}
[
	{
		"id":101,
		"name":"DataWorks"
	},
	{
		"id":102,
		"name":"MaxCompute"
	},
	{
		"id":103,
		"name":"Flink"
	}
]
{"images": [{
      "height":768,
      "size":"LARGE",
      "title":"Javaone Keynote",
      "uri":"http://javaone.com/keynote_large.jpg",
      "width":1024
    }, {
      "height":240,
      "size":"SMALL",
      "title":"Javaone Keynote",
      "uri":"http://javaone.com/keynote_small.jpg",
      "width":320
    }
  ],
  "media": {
    "bitrate":262144,
    "duration":18000000,
    "format":"video/mpg4",
    "height":480,
    "persons": [
      "Bill Gates",
      "Steve Jobs"
    ],
    "player":"JAVA",
    "size":58982400,
    "title":"Javaone Keynote",
    "uri":"http://javaone.com/keynote.mpg",
    "width":640
  }
}

--------------jsonpath/jsonpath_compliance.json--------------
  [00/00]	"$[?@.a]"
  [00/01]	"$[?@.a]"
  [00/02]	"$[?@.a=='b']"
  [00/03]	"$[?@.a=='1']"
  [00/04]	"$[?@.a==\"b\"]"
  [00/05]	"$[?@.a==\"1\"]"
  [00/06]	"$[?@.a==1]"
  [00/07]	"$[?@.a==null]"
  [00/08]	"$[?@.a==null]"
  [00/09]	"$[?@.a==true]"
  [00/10]	"$[?@.a==false]"
  [00/11]	"$[?@.a==@.b]"
  [00/12]	"$[?@.a==@.b]"
  [00/13]	"$[?@.a!='b']"
  [00/14]	"$[?@.a!='1']"
  [00/15]	"$[?@.a!='b']"
  [00/16]	"$[?@.a!=\"b\"]"
  [00/17]	"$[?@.a!=\"1\"]"
  [00/18]	"$[?@.a!=\"b\"]"
  [00/19]	"$[?@.a!=1]"
  [00/20]	"$[?@.a!=1]"
  [00/21]	"$[?@.a!=null]"
  [00/22]	"$[?@.a!=null]"
  [00/23]	"$[?@.a!=true]"
  [00/24]	"$[?@.a!=false]"
  [00/25]	"$[?@.a<'c']"
  [00/26]	"$[?@.a<\"c\"]"
  [00/27]	"$[?@.a<10]"
  [00/28]	"$[?@.a<null]"
  [00/29]	"$[?@.a<true]"
  [00/30]	"$[?@.a<false]"
  [00/31]	"$[?@.a<='c']"
  [00/32]	"$[?@.a<=\"c\"]"
  [00/33]	"$[?@.a<=10]"
  [00/34]	"$[?@.a<=null]"
  [00/35]	"$[?@.a<=true]"
  [00/36]	"$[?@.a<=false]"
  [00/37]	"$[?@.a>'c']"
  [00/38]	"$[?@.a>\"c\"]"
  [00/39]	"$[?@.a>10]"
  [00/40]	"$[?@.a>null]"
  [00/41]	"$[?@.a>true]"
  [00/42]	"$[?@.a>false]"
  [00/43]	"$[?@.a>='c']"
  [00/44]	"$[?@.a>=\"c\"]"
  [00/45]	"$[?@.a>=10]"
  [00/46]	"$[?@.a>=null]"
  [00/47]	"$[?@.a>=true]"
  [00/48]	"$[?@.a>=false]"
  [00/49]	"$[?@.a&&@.a!=null]"
  [00/50]	"$[?@.a&&@.b]"
  [00/51]	"$[?@.a||@.b]"
  [00/52]	"$[?@.a>0&&@.a<10]"
  [00/53]	"$[?@.a=='b'||@.a=='d']"
- [01/54]	"$[?@[0:0]==0]"
- [02/55]	"$[?@[*]==0]"
- [03/56]	"$[?@..a==0]"
  [03/57]	"$[?@.a[*].a==0]"
  [03/58]	"$[?@.a == 1]"
  [03/59]	"$[?@['0'] == 5]"
  [03/60]	"$[?@[0] == 5]"
- [04/61]	"$[?(@[0, 0]==42)]"
- [05/62]	"$[?(@[0, 0]!=42)]"
- [06/63]	"$[?(@[0, 0]<=42)]"
- [07/64]	"$[?(@['a', 'a']==42)]"
- [08/65]	"$[?(@['a', 'a']!=42)]"
- [09/66]	"$[?(@['a', 'a']<=42)]"
  [09/67]	"$[?(@[0, '0']==42)]"
  [09/68]	"$[?(@[0, '0']!=42)]"
  [09/69]	"$[?(@[0, '0']<=42)]"
  [09/70]	"$[?(@.*==42)]"
  [09/71]	"$[?(@.*!=42)]"
  [09/72]	"$[?(@.*<=42)]"
- [10/73]	"$[?(@[0:0]==42)]"
- [11/74]	"$[?(@[0:0]!=42)]"
- [12/75]	"$[?(@[0:0]<=42)]"
  [12/76]	"$[?($[0, 0]==42)]"
  [12/77]	"$[?($[0, 0]!=42)]"
  [12/78]	"$[?($[0, 0]<=42)]"
  [12/79]	"$[?($['a', 'a']==42)]"
  [12/80]	"$[?($['a', 'a']!=42)]"
  [12/81]	"$[?($['a', 'a']<=42)]"
  [12/82]	"$[?($[0, '0']==42)]"
  [12/83]	"$[?($[0, '0']!=42)]"
  [12/84]	"$[?($[0, '0']<=42)]"
  [12/85]	"$[?($.*==42)]"
  [12/86]	"$[?($.*!=42)]"
  [12/87]	"$[?($.*<=42)]"
  [12/88]	"$[?($[0:0]==42)]"
  [12/89]	"$[?($[0:0]!=42)]"
  [12/90]	"$[?($[0:0]<=42)]"
  [12/91]	"$[?@.a==-0]"
  [12/92]	"$[?@.a==1.0]"
  [12/93]	"$[?@.a==1e2]"
  [12/94]	"$[?@.a==1e+2]"
  [12/95]	"$[?@.a==1e-2]"
  [12/96]	"$[?@.a==1.1]"
- [13/97]	"$[?@.a==1.]"
  [13/98]	"$[?@.a==1.1e2]"
  [13/99]	"$[?@.a==1.1e+2]"
  [13/100]	"$[?@.a==1.1e-2]"
  [13/101]	"$[?@<3]"
  [13/102]	"$[?@.a || @.b && @.b]"
  [13/103]	"$[?@.b && @.b || @.a]"
  [13/104]	"$[?@ == \"quoted' literal\"]"
  [13/105]	"$[?@ == 'quoted\" literal']"
  [13/106]	"$[?@ == 'quoted\\' literal']"
  [13/107]	"$[?@ == \"quoted\\\" literal\"]"
a
b
a
a
a
a
b
b
a
b
b
a
a
a
b
a
b
b
b
a
b
b
b
b
b
a
b
a
b
a
a
a
a
a
b
a
b
b
b
b
a
a
a
b
b
a
a
b
a
a
{"id":1,"name":"a"}
{"id":1,"name":"a"}
{"id":1,"name":"a"}
{"id":2,"name":"b"}
{"id":1,"name":"a"}
{"id":2,"name":"b"}
{"id":1,"name":"a"}
{"id":2,"name":"b"}
{"id":2,"name":"b"}
{"id":1,"name":"a"}
{"id":2,"name":"b"}
{"id":2,"name":"b"}
{"id":2,"name":"b"}
{"id":2,"name":"b"}
{"id":1,"name":"a"}
{"id":2,"name":"b"}
{"id":2,"name":"b"}
{"id":2,"name":"b"}
{"id":1,"name":"a"}
{"id":1,"name":"a"}
{"id":1,"name":"a"}
{"id":1,"name":"a"}
{"id":2,"name":"b"}
{"id":1,"name":"a"}
{"id":1,"name":"a"}
{"id":2,"name":"b"}
{"id":2,"name":"b"}
{"id":1,"name":"a"}
{"id":2,"name":"b"}
{"id":2,"name":"b"}
{"id":1,"name":"a"}
{"id":1,"name":"a"}
{"id":2,"name":"b"}
{"id":2,"name":"b"}
{"id":1,"name":"a"}
{"id":1,"name":"a"}
{"id":1,"name":"a"}
{"id":1,"name":"a"}
{"id":1,"name":"a"}
{"id":2,"name":"b"}
{"id":1,"name":"a"}
{"id":2,"name":"b"}
{"id":1,"name":"a"}
{"id":2,"name":"b"}
{"id":1,"name":"a"}
{"id":2,"name":"b"}
{"id":1,"name":"a"}
{"id":1,"name":"a"}
{"id":2,"name":"b"}
{"id":1,"name":"a"}

--------------jsonpath/name_selector.json--------------
  [00/00]	"$[\"a\"]"
  [00/01]	"$[\"c\"]"
  [00/02]	"$[\"a\"]"
- [01/03]	"$[\"\u0000\"]"
- [02/04]	"$[\"\u0001\"]"
- [03/05]	"$[\"\u0002\"]"
- [04/06]	"$[\"\u0003\"]"
- [05/07]	"$[\"\u0004\"]"
- [06/08]	"$[\"\u0005\"]"
- [07/09]	"$[\"\u0006\"]"
- [08/10]	"$[\"\u0007\"]"
- [09/11]	"$[\"\b\"]"
- [10/12]	"$[\"\t\"]"
- [11/13]	"$[\"\n\"]"
- [12/14]	"$[\"\u000b\"]"
- [13/15]	"$[\"\f\"]"
- [14/16]	"$[\"\r\"]"
- [15/17]	"$[\"\u000e\"]"
- [16/18]	"$[\"\u000f\"]"
- [17/19]	"$[\"\u0010\"]"
- [18/20]	"$[\"\u0011\"]"
- [19/21]	"$[\"\u0012\"]"
- [20/22]	"$[\"\u0013\"]"
- [21/23]	"$[\"\u0014\"]"
- [22/24]	"$[\"\u0015\"]"
- [23/25]	"$[\"\u0016\"]"
- [24/26]	"$[\"\u0017\"]"
- [25/27]	"$[\"\u0018\"]"
- [26/28]	"$[\"\u0019\"]"
- [27/29]	"$[\"\u001a\"]"
- [28/30]	"$[\"\u001b\"]"
- [29/31]	"$[\"\u001c\"]"
- [30/32]	"$[\"\u001d\"]"
- [31/33]	"$[\"\u001e\"]"
- [32/34]	"$[\"\u001f\"]"
  [32/35]	"$[\" \"]"
  [32/36]	"$[\"\\\"\"]"
  [32/37]	"$[\"\\\\\"]"
  [32/38]	"$[\"\\/\"]"
  [32/39]	"$[\"\\b\"]"
  [32/40]	"$[\"\\f\"]"
  [32/41]	"$[\"\\n\"]"
  [32/42]	"$[\"\\r\"]"
  [32/43]	"$[\"\\t\"]"
  [32/44]	"$[\"\\u263A\"]"
  [32/45]	"$[\"\\u263a\"]"
  [32/46]	"$[\"\\uD834\\uDD1E\"]"
  [32/47]	"$[\"\\uD83D\\uDE00\"]"
- [33/48]	"$[\"\\'\"]"
  [33/49]	"$[\"\"\"]"
  [33/50]	"$[\"\\\"]"
  [33/51]	"$['a']"
  [33/52]	"$['c']"
  [33/53]	"$['a']"
- [34/54]	"$['\u0000']"
- [35/55]	"$['\u0001']"
- [36/56]	"$['\u0002']"
- [37/57]	"$['\u0003']"
- [38/58]	"$['\u0004']"
- [39/59]	"$['\u0005']"
- [40/60]	"$['\u0006']"
- [41/61]	"$['\u0007']"
- [42/62]	"$['\b']"
- [43/63]	"$['\t']"
- [44/64]	"$['\n']"
- [45/65]	"$['\u000b']"
- [46/66]	"$['\f']"
- [47/67]	"$['\r']"
- [48/68]	"$['\u000e']"
- [49/69]	"$['\u000f']"
- [50/70]	"$['\u0010']"
- [51/71]	"$['\u0011']"
- [52/72]	"$['\u0012']"
- [53/73]	"$['\u0013']"
- [54/74]	"$['\u0014']"
- [55/75]	"$['\u0015']"
- [56/76]	"$['\u0016']"
- [57/77]	"$['\u0017']"
- [58/78]	"$['\u0018']"
- [59/79]	"$['\u0019']"
- [60/80]	"$['\u001a']"
- [61/81]	"$['\u001b']"
- [62/82]	"$['\u001c']"
- [63/83]	"$['\u001d']"
- [64/84]	"$['\u001e']"
- [65/85]	"$['\u001f']"
  [65/86]	"$[' ']"
  [65/87]	"$['\\'']"
  [65/88]	"$['\\\\']"
  [65/89]	"$['\\/']"
  [65/90]	"$['\\b']"
  [65/91]	"$['\\f']"
  [65/92]	"$['\\n']"
  [65/93]	"$['\\r']"
  [65/94]	"$['\\t']"
  [65/95]	"$['\\u263A']"
  [65/96]	"$['\\u263a']"
  [65/97]	"$['\\uD834\\uDD1E']"
  [65/98]	"$['\\uD83D\\uDE00']"
- [66/99]	"$['\\\"']"
  [66/100]	"$[''']"
  [66/101]	"$['\\']"
  [66/102]	"$[\"\"]"
  [66/103]	"$['']"

--------------jsonpath/filter.json--------------
* [01/00]	"$[?@]"
  [01/01]	"$[?@.a]"
  [01/02]	"$[?@.a]"
  [01/03]	"$[?@.a=='b']"
  [01/04]	"$[?@.a=='1']"
  [01/05]	"$[?@.a==\"b\"]"
  [01/06]	"$[?@.a==\"1\"]"
  [01/07]	"$[?@.a==1]"
  [01/08]	"$[?@.a==null]"
  [01/09]	"$[?@.a==null]"
  [01/10]	"$[?@.a==true]"
  [01/11]	"$[?@.a==false]"
* [02/12]	"$[?@==@]"
  [02/13]	"$[?@.a==@.b]"
  [02/14]	"$[?@.a==@.b]"
  [02/15]	"$[?@.a!='b']"
  [02/16]	"$[?@.a!='1']"
  [02/17]	"$[?@.a!='b']"
  [02/18]	"$[?@.a!=\"b\"]"
  [02/19]	"$[?@.a!=\"1\"]"
  [02/20]	"$[?@.a!=\"b\"]"
  [02/21]	"$[?@.a!=1]"
  [02/22]	"$[?@.a!=1]"
  [02/23]	"$[?@.a!=null]"
  [02/24]	"$[?@.a!=null]"
  [02/25]	"$[?@.a!=true]"
  [02/26]	"$[?@.a!=false]"
  [02/27]	"$[?@.a<'c']"
  [02/28]	"$[?@.a<\"c\"]"
  [02/29]	"$[?@.a<10]"
  [02/30]	"$[?@.a<null]"
  [02/31]	"$[?@.a<true]"
  [02/32]	"$[?@.a<false]"
  [02/33]	"$[?@.a<='c']"
  [02/34]	"$[?@.a<=\"c\"]"
  [02/35]	"$[?@.a<=10]"
  [02/36]	"$[?@.a<=null]"
  [02/37]	"$[?@.a<=true]"
  [02/38]	"$[?@.a<=false]"
  [02/39]	"$[?@.a>'c']"
  [02/40]	"$[?@.a>\"c\"]"
  [02/41]	"$[?@.a>10]"
  [02/42]	"$[?@.a>null]"
  [02/43]	"$[?@.a>true]"
  [02/44]	"$[?@.a>false]"
  [02/45]	"$[?@.a>='c']"
  [02/46]	"$[?@.a>=\"c\"]"
  [02/47]	"$[?@.a>=10]"
  [02/48]	"$[?@.a>=null]"
  [02/49]	"$[?@.a>=true]"
  [02/50]	"$[?@.a>=false]"
  [02/51]	"$[?@.a&&@.a!=null]"
  [02/52]	"$[?@.a&&@.b]"
  [02/53]	"$[?@.a||@.b]"
  [02/54]	"$[?@.a>0&&@.a<10]"
  [02/55]	"$[?@.a=='b'||@.a=='d']"
* [03/56]	"$[?!(@.a=='b')]"
* [04/57]	"$[?!@.a]"
* [05/58]	"$[?!@.a]"
* [06/59]	"$[?@.*]"
* [07/60]	"$[?@[0, 0, 'a']]"
* [08/61]	"$[?@[0:2]]"
* [09/62]	"$[?!@.*]"
- [10/63]	"$[?@[0:0]==0]"
- [11/64]	"$[?@[*]==0]"
- [12/65]	"$[?@..a==0]"
  [12/66]	"$[?@.a[*].a==0]"
* [13/67]	"$[?@[?@>1]]"
  [13/68]	"$[?@.a == 1]"
  [13/69]	"$[?@['0'] == 5]"
  [13/70]	"$[?@[0] == 5]"
- [14/71]	"$[?(@[0, 0]==42)]"
- [15/72]	"$[?(@[0, 0]!=42)]"
- [16/73]	"$[?(@[0, 0]<=42)]"
- [17/74]	"$[?(@['a', 'a']==42)]"
- [18/75]	"$[?(@['a', 'a']!=42)]"
- [19/76]	"$[?(@['a', 'a']<=42)]"
  [19/77]	"$[?(@[0, '0']==42)]"
  [19/78]	"$[?(@[0, '0']!=42)]"
  [19/79]	"$[?(@[0, '0']<=42)]"
  [19/80]	"$[?(@.*==42)]"
  [19/81]	"$[?(@.*!=42)]"
  [19/82]	"$[?(@.*<=42)]"
- [20/83]	"$[?(@[0:0]==42)]"
- [21/84]	"$[?(@[0:0]!=42)]"
- [22/85]	"$[?(@[0:0]<=42)]"
  [22/86]	"$[?($[0, 0]==42)]"
  [22/87]	"$[?($[0, 0]!=42)]"
  [22/88]	"$[?($[0, 0]<=42)]"
  [22/89]	"$[?($['a', 'a']==42)]"
  [22/90]	"$[?($['a', 'a']!=42)]"
  [22/91]	"$[?($['a', 'a']<=42)]"
  [22/92]	"$[?($[0, '0']==42)]"
  [22/93]	"$[?($[0, '0']!=42)]"
  [22/94]	"$[?($[0, '0']<=42)]"
  [22/95]	"$[?($.*==42)]"
  [22/96]	"$[?($.*!=42)]"
  [22/97]	"$[?($.*<=42)]"
  [22/98]	"$[?($[0:0]==42)]"
  [22/99]	"$[?($[0:0]!=42)]"
  [22/100]	"$[?($[0:0]<=42)]"
* [23/101]	"$[?@.a,?@.b]"
* [24/102]	"$[?@.a=='b',?@.b=='x']"
* [25/103]	"$[?@.a,?@.d]"
* [26/104]	"$[?@.a,1]"
* [27/105]	"$[?@.a,*]"
* [28/106]	"$[?@.a,1:]"
* [29/107]	"$[1, ?@.a=='b', 1:]"
  [29/108]	"$[?@.a==-0]"
  [29/109]	"$[?@.a==1.0]"
  [29/110]	"$[?@.a==1e2]"
  [29/111]	"$[?@.a==1e+2]"
  [29/112]	"$[?@.a==1e-2]"
  [29/113]	"$[?@.a==1.1]"
- [30/114]	"$[?@.a==1.]"
  [30/115]	"$[?@.a==1.1e2]"
  [30/116]	"$[?@.a==1.1e+2]"
  [30/117]	"$[?@.a==1.1e-2]"
* [31/118]	"$.values[?length(@.a) == value($..c)]"
  [31/119]	"$[?@<3]"
  [31/120]	"$[?@.a || @.b && @.b]"
  [31/121]	"$[?@.b && @.b || @.a]"
* [32/122]	"$[?(@.a || @.b) && @.a]"
* [33/123]	"$[?@.a && (@.b || @.a)]"
* [34/124]	"$[?(@.a || @.b) && @.b]"
  [34/125]	"$[?@ == \"quoted' literal\"]"
  [34/126]	"$[?@ == 'quoted\" literal']"
  [34/127]	"$[?@ == 'quoted\\' literal']"
  [34/128]	"$[?@ == \"quoted\\\" literal\"]"
- [35/129]	"$[?true]"
- [36/130]	"$[?false]"
  [36/131]	"$[?'abc']"
- [37/132]	"$[?2]"
  [37/133]	"$[?2.2]"
- [38/134]	"$[?null]"
- [39/135]	"$[?true && false]"
- [40/136]	"$[?true || false]"
- [41/137]	"$[?true == false && false]"
- [42/138]	"$[?true == false || false]"
- [43/139]	"$[?false && true == false]"
- [44/140]	"$[?false || true == false]"

--------------jsonpath/basic.json--------------
  [00/00]	"$"
- [01/01]	" $"
- [02/02]	"$ "
  [02/03]	"$.a"
  [02/04]	"$.☺"
  [02/05]	"$._"
- [03/06]	"$.&"
- [04/07]	"$.1"
  [04/08]	"$.c"
  [04/09]	"$.a"
  [04/10]	"$.*"
  [04/11]	"$.*"
  [04/12]	"$[*]"
  [04/13]	"$.*.a"
  [04/14]	"$[0,2]"
- [05/15]	"$[0 2]"
* [06/16]	"$['a',1]"
* [07/17]	"$['a',1]"
* [08/18]	"$[1,5:7]"
* [09/19]	"$[1,0:3]"
  [09/20]	"$[1,1]"
* [10/21]	"$[*,1]"
* [11/22]	"$[*,'a']"
* [12/23]	"$[*,0:2]"
* [13/24]	"$[*,*]"
  [13/25]	"$[]"
  [13/26]	"$..[1]"
  [13/27]	"$..a"
  [13/28]	"$..*"
  [13/29]	"$..[*]"
  [13/30]	"$..[*]"
  [13/31]	"$..[*]"
  [13/32]	"$..*"
  [13/33]	"$..*"
  [13/34]	"$..['a','d']"
  [13/35]	"$..['a','d']"
- [14/36]	"$.."

--------------jsonpath/index_selector.json--------------
  [00/00]	"$[0]"
  [00/01]	"$[1]"
  [00/02]	"$[2]"
  [00/03]	"$[231584178474632390847141970017375815706539969331281128078915168015826259279872]"
  [00/04]	"$[231584178474632390847141970017375815706539969331281128078915168SomeRandomText]"
  [00/05]	"$[-1]"
  [00/06]	"$[-2]"
  [00/07]	"$[-3]"
  [00/08]	"$[0]"
- [01/09]	"$[01]"
- [02/10]	"$[-01]"
{
    "code":"success",
    "data":{
        "data2":{
            "id":null,
            "type":null,
            "serveCategoryInfoList":[
                {
                    "id":0,
                    "infoList":[

                    ],
                    "idList":[
                        200226
                    ]
                },
                {
                    "id":1,
                    "idList":[
                        1,
                        2,
                        3,
                        4,
                        5,
                        6,
                        7
                    ]
                }
            ]
        }
    },
    "msg":"",
    "status":"1"
}

[{"id":1001,"salary":4000,"name":"jobs","valid":false},{"id":1001,"salary":5000}]
{
	"@type":"com.alibaba.fastjson2_vo.IntField1",
	"v0000":123
}
{
	"@type":"A#0",
	"@value":[
		{
			"@type":"com.alibaba.fastjson2.autoType.AutoTypeTest10$Bean4#1",
			"@value":{
				"params":{
					"@type":"LinkedList#2",
					"@value":[
						{}
					]
				}
			}
		},
		{
			"@type":"#1",
			"@value":{}
		}
	]
}
{}
{
	"@type":"JO1#0",
	"@value":{
		"data":{
			"@type":"A#1",
			"@value":[
				{
					"@type":"#0",
					"@value":{}
				}
			]
		}
	}
}
{
	"@type":"com.alibaba.fastjson2.autoType.AutoTypeTest10$Bean3#0",
	"@value":{
		"params":{
			"@type":"JO10#1",
			"@value":{}
		}
	}
}
{}
{
	"@type":"com.alibaba.fastjson2.autoType.AutoTypeTest20$Bean2#0",
	"@value":{
		"values":{
			"@type":"LinkedHashSet#1",
			"@value":[
				{
					"@type":"com.alibaba.fastjson2.autoType.AutoTypeTest20$XItem#2",
					"@value":"A"
				},
				{
					"@type":"#2",
					"@value":"B"
				},
				{
					"@type":"#2",
					"@value":"C"
				},
				{
					"@type":"#2",
					"@value":"D"
				}
			]
		}
	}
}
{
	"@type":"com.alibaba.fastjson2.autoType.AutoTypeTest20$Bean1#0",
	"@value":{
		"values":{
			"@type":"LinkedList#1",
			"@value":[
				{
					"@type":"com.alibaba.fastjson2.autoType.AutoTypeTest20$XItem#2",
					"@value":"A"
				},
				{
					"@type":"#2",
					"@value":"B"
				},
				{
					"@type":"#2",
					"@value":"C"
				},
				{
					"@type":"#2",
					"@value":"D"
				}
			]
		}
	}
}
{
	"@type":"com.alibaba.fastjson2.autoType.AutoTypeTest20$Bean2#0",
	"@value":{
		"values":{
			"@type":"LinkedHashSet#1",
			"@value":[
				{
					"@type":"com.alibaba.fastjson2.autoType.AutoTypeTest20$XItem#2",
					"@value":"A"
				},
				{
					"@type":"#2",
					"@value":"B"
				},
				{
					"@type":"#2",
					"@value":"C"
				},
				{
					"@type":"#2",
					"@value":"D"
				}
			]
		}
	}
}
{
	"@type":"com.alibaba.fastjson2.autoType.AutoTypeTest20$Bean3#0",
	"@value":{
		"values":[
			{
				"@type":"com.alibaba.fastjson2.autoType.AutoTypeTest20$XItem#1",
				"@value":"B"
			},
			{
				"@type":"#1",
				"@value":"A"
			},
			{
				"@type":"#1",
				"@value":"D"
			},
			{
				"@type":"#1",
				"@value":"C"
			}
		]
	}
}
{
	"@type":"com.alibaba.fastjson2.autoType.AutoTypeTest21$Bean1#0",
	"@value":{
		"item#1":{
			"id#2":101
		},
		"values#3":{
			"@type":"M#4",
			"@value":{
				{
					"@type":"com.alibaba.fastjson2.autoType.AutoTypeTest21$Item#5",
					"@value":{
						"#2":101
					}
				}:"101"
			}
		},
		"values2#6":{
			"@type":"#4",
			"@value":{
				{"$ref":"$.item"}:null
			}
		}
	}
}
{
	"@type":"com.alibaba.fastjson2.autoType.AutoTypeTest21$Bean1#0",
	"@value":{
		"item":{
			"id":101
		},
		"values":{
			"@type":"LM#1",
			"@value":{
				{
					"@type":"com.alibaba.fastjson2.autoType.AutoTypeTest21$Item#2",
					"@value":{
						"id":101
					}
				}:"101"
			}
		},
		"values2":{
			"@type":"#1",
			"@value":{
				{
					"@type":"#2",
					"@value":{
						"id":101
					}
				}:"101"
			}
		}
	}
}
{
	"@type":"com.alibaba.fastjson2.autoType.AutoTypeTest21$Bean2#0",
	"@value":{
		"item":{
			"id":101
		},
		"values":{
			"@type":"M#1",
			"@value":{
				{
					"@type":"com.alibaba.fastjson2.autoType.AutoTypeTest21$Item#2",
					"@value":{
						"id":101
					}
				}:"101"
			}
		},
		"values2":{
			"@type":"#1",
			"@value":{
				{"$ref":"$.item"}:null
			}
		}
	}
}
{
	"@type":"com.alibaba.fastjson2.autoType.AutoTypeTest16_pairKey$Bean#0",
	"@value":{
		"map":{
			"@type":"M#1",
			"@value":{
				{
					"@type":"org.apache.commons.lang3.tuple.MutablePair#2",
					"@value":{
						"left":1,
						"right":2
					}
				}:"12"
			}
		}
	}
}
{
	"@type":"com.alibaba.fastjson2.autoType.AutoTypeTest16_pairKey$Bean#0",
	"@value":{
		"map":{
			"@type":"M#1",
			"@value":{
				{
					"@type":"org.apache.commons.lang3.tuple.ImmutablePair#2",
					"@value":{
						"left":1,
						"right":2
					}
				}:"12"
			}
		}
	}
}
{
	"@type":"com.alibaba.fastjson2.autoType.AutoTypeTest43_dynamic$Model#0",
	"@value":{
		"id":102
	}
}
{
	"@type":"com.alibaba.fastjson2.autoType.AutoTypeTest29_Byte$Bean1#0",
	"@value":{
		"value":1
	}
}
{
	"@type":"com.alibaba.fastjson2.autoType.AutoTypeTest29_Byte$Bean2#0",
	"@value":{
		"value":1
	}
}
{
	"@type":"com.alibaba.fastjson2.autoType.AutoTypeTest29_Byte$Bean3#0",
	"@value":{
		"value":1
	}
}
{
	"@type":"LinkedList#0",
	"@value":[
		{
			"@type":"com.alibaba.fastjson2.autoType.AutoTypeTest32$Bean#1",
			"@value":{
				"items":{
					"@type":"#0",
					"@value":[
						{},
						{},
						{}
					]
				}
			}
		},
		{
			"@type":"#1",
			"@value":{
				"items":null
			}
		},
		{
			"@type":"#1",
			"@value":{
				"items":null
			}
		}
	]
}
{
	"@type":"LinkedList#0",
	"@value":[
		{
			"@type":"com.alibaba.fastjson2.autoType.AutoTypeTest32$Bean#1",
			"@value":{
				"items":{
					"@type":"#0",
					"@value":[
						{},
						{},
						{}
					]
				}
			}
		},
		{
			"@type":"#1",
			"@value":{
				"items":{
					"@type":"java.util.Collections$SingletonList#2",
					"@value":[
						{}
					]
				}
			}
		},
		{
			"@type":"#1",
			"@value":{
				"items":null
			}
		}
	]
}
{
	"@type":"com.alibaba.fastjson2.autoType.AutoTypeTest22$Bean1#0",
	"@value":{
		"item":{
			"@type":"com.alibaba.fastjson2.autoType.AutoTypeTest22$XItem#1",
			"@value":{
				"id":101
			}
		},
		"item1":{"$ref":"$.item"}
	}
}
{
	"@type":"com.alibaba.fastjson2.autoType.AutoTypeTest9$Bean4#0",
	"@value":{
		"values":[
			{
				"@type":"LM#1",
				"@value":{}
			}
		]
	}
}
{
	"@type":"com.alibaba.fastjson2.autoType.AutoTypeTest9$Bean#0",
	"@value":{
		"values":[]
	}
}
{
	"@type":"com.alibaba.fastjson2.autoType.AutoTypeTest9$Bean2#0",
	"@value":{
		"values":[1]
	}
}
{
	"@type":"com.alibaba.fastjson2.autoType.AutoTypeTest9$Bean3#0",
	"@value":{
		"values":{
			"@type":"JO1#1",
			"@value":{
				"set":{
					"@type":"HashSet#2",
					"@value":[]
				}
			}
		}
	}
}
{
	"@type":"com.alibaba.fastjson2.autoType.AutoTypeTest9$Bean4#0",
	"@value":{
		"values":[
			{
				"@type":"JO1#1",
				"@value":{}
			}
		]
	}
}
{
	"@type":"com.alibaba.fastjson2.autoType.AutoTypeTest9$Bean5#0",
	"@value":{
		"values":{
			"data":{
				"@type":"A#1",
				"@value":[
					{
						"@type":"JO1#2",
						"@value":{}
					}
				]
			}
		}
	}
}
{
	"@type":"com.alibaba.fastjson2.autoType.AutoTypeTest39_ListStr$Bean#0",
	"@value":{
		"items":{
			"@type":"LinkedList#1",
			"@value":[
				"abcde",
				"abcde"
			]
		}
	}
}
{
	"@type":"com.alibaba.fastjson2.autoType.AutoTypeTest39_ListStr$Bean#0",
	"@value":{
		"items":{
			"@type":"java.util.Collections$SingletonList#1",
			"@value":["abc"]
		}
	}
}
{
	"@type":"com.alibaba.fastjson2.autoType.AutoTypeTest39_ListStr$Bean#0",
	"@value":{
		"items":{
			"@type":"java.util.Collections$SingletonList#1",
			"@value":["abc"]
		}
	}
}
{
	"@type":"com.alibaba.fastjson2.autoType.AutoTypeTest39_ListStr$Bean#0",
	"@value":{
		"items":{
			"@type":"java.util.Arrays$ArrayList#1",
			"@value":["abc"]
		}
	}
}
{
	"@type":"com.alibaba.fastjson2.autoType.AutoTypeTest39_ListStr$Bean#0",
	"@value":{
		"items":{
			"@type":"LinkedList#1",
			"@value":["abc"]
		}
	}
}
{
	"@type":"[Long#0",
	"@value":[101]
}
{
	"@type":"[UUID#0",
	"@value":[
		[
			47,
			-118,
			-14,
			63,
			112,
			-103,
			74,
			-23,
			-77,
			-55,
			112,
			67,
			-88,
			35,
			-125,
			-13
		]
	]
}
{
	"@type":"[String#0",
	"@value":["101"]
}
{
	"@type":"[BigDecimal#0",
	"@value":[
		101
	]
}
{
	"@type":"[BigInteger#0",
	"@value":[101]
}
{
	"@type":"com.alibaba.fastjson2.autoType.AutoTypeTest31_array$BeanLong64Array#0",
	"@value":{
		"values":[101]
	}
}
{
	"@type":"[J#0",
	"@value":[101]
}
{
	"@type":"com.alibaba.fastjson2.autoType.AutoTypeTest31_array$BeanInteger64Array#0",
	"@value":{
		"values":[101]
	}
}
{
	"@type":"List#0",
	"@value":[101]
}
{
	"@type":"Set#0",
	"@value":["a"]
}
{
	"@type":"List#0",
	"@value":[101]
}
{
	"@type":"Set#0",
	"@value":["a"]
}
{
	"@type":"Set#0",
	"@value":["a"]
}
{
	"@type":"List#0",
	"@value":[101]
}
{
	"@type":"List#0",
	"@value":[101]
}
{
	"@type":"List#0",
	"@value":[101]
}
{
	"@type":"Set#0",
	"@value":["a"]
}
{
	"@type":"Set#0",
	"@value":["a"]
}
{
	"@type":"com.alibaba.fastjson2.autoType.AutoTypeTest18$Bean1#0",
	"@value":{
		"values":{
			"@type":"LinkedList#1",
			"@value":[
				{
					"@type":"com.alibaba.fastjson2.autoType.AutoTypeTest18$XItem#2",
					"@value":{}
				},
				{
					"@type":"com.alibaba.fastjson2.autoType.AutoTypeTest18$YItem#3",
					"@value":{}
				}
			]
		}
	}
}
{
	"@type":"com.alibaba.fastjson2.autoType.AutoTypeTest18$Bean2#0",
	"@value":{
		"values":{
			"@type":"LinkedHashSet#1",
			"@value":[
				{
					"@type":"com.alibaba.fastjson2.autoType.AutoTypeTest18$XItem#2",
					"@value":{}
				},
				{
					"@type":"com.alibaba.fastjson2.autoType.AutoTypeTest18$YItem#3",
					"@value":{}
				},
				{
					"@type":"com.alibaba.fastjson2.autoType.AutoTypeTest18$ZEnum#4",
					"@value":"A"
				}
			]
		}
	}
}
{
	"@type":"LinkedList#0",
	"@value":[
		{
			"@type":"com.alibaba.fastjson2.autoType.AutoTypeTest33$Bean#1",
			"@value":{
				"items":{
					"@type":"#0",
					"@value":[
						{
							"@type":"com.alibaba.fastjson2.autoType.AutoTypeTest33$Item#2",
							"@value":{}
						},
						{
							"@type":"#2",
							"@value":{}
						},
						{
							"@type":"#2",
							"@value":{}
						}
					]
				}
			}
		},
		{
			"@type":"#1",
			"@value":{
				"items":null
			}
		},
		{
			"@type":"#1",
			"@value":{
				"items":null
			}
		}
	]
}
{
	"@type":"LinkedList#0",
	"@value":[
		{
			"@type":"com.alibaba.fastjson2.autoType.AutoTypeTest33$Bean#1",
			"@value":{
				"items":{
					"@type":"#0",
					"@value":[
						{
							"@type":"com.alibaba.fastjson2.autoType.AutoTypeTest33$Item#2",
							"@value":{}
						},
						{
							"@type":"#2",
							"@value":{}
						},
						{
							"@type":"#2",
							"@value":{}
						}
					]
				}
			}
		},
		{
			"@type":"#1",
			"@value":{
				"items":{
					"@type":"java.util.Collections$SingletonList#3",
					"@value":[
						{
							"@type":"#2",
							"@value":{}
						}
					]
				}
			}
		},
		{
			"@type":"#1",
			"@value":{
				"items":null
			}
		}
	]
}
{
	"@type":"LinkedList#0",
	"@value":[
		{
			"@type":"com.alibaba.fastjson2.autoType.AutoTypeTest33$Bean#1",
			"@value":{
				"items":{
					"@type":"#0",
					"@value":[
						{
							"@type":"com.alibaba.fastjson2.autoType.AutoTypeTest33$Item#2",
							"@value":{}
						},
						{
							"@type":"#2",
							"@value":{}
						},
						{
							"@type":"#2",
							"@value":{}
						}
					]
				}
			}
		},
		{
			"@type":"#1",
			"@value":{
				"items":{
					"@type":"java.util.Collections$SingletonSet#3",
					"@value":[
						{}
					]
				}
			}
		},
		{
			"@type":"#1",
			"@value":{
				"items":null
			}
		}
	]
}
{
	"@type":"com.alibaba.fastjson2.autoType.AutoTypeTest26$Bean1#0",
	"@value":{
		"items":{
			"@type":"java.util.Collections$UnmodifiableMap#1",
			"@value":{}
		}
	}
}
{
	"@type":"com.alibaba.fastjson2.autoType.AutoTypeTest26$Bean1#0",
	"@value":{
		"items":{
			"@type":"java.util.Collections$UnmodifiableSortedMap#1",
			"@value":{}
		}
	}
}
{
	"@type":"com.alibaba.fastjson2.autoType.AutoTypeTest26$Bean1#0",
	"@value":{
		"items":{
			"@type":"java.util.Collections$UnmodifiableNavigableMap#1",
			"@value":{}
		}
	}
}
{
	"@type":"com.alibaba.fastjson2.autoType.AutoTypeTest26$Bean1#0",
	"@value":{
		"items":{
			"@type":"com.google.common.collect.RegularImmutableMap#1",
			"@value":{}
		}
	}
}
{
	"@type":"com.alibaba.fastjson2.autoType.AutoTypeTest26$Bean1#0",
	"@value":{
		"items":{
			"@type":"java.util.Collections$UnmodifiableNavigableMap$EmptyNavigableMap#1",
			"@value":{}
		}
	}
}
{
	"@type":"com.alibaba.fastjson2.autoType.AutoTypeTest26$Bean1#0",
	"@value":{
		"items":{
			"@type":"EmptyMap#1",
			"@value":{}
		}
	}
}
{
	"@type":"com.alibaba.fastjson2.autoType.AutoTypeTest26$Bean1#0",
	"@value":{
		"items":{
			"@type":"java.util.Collections$UnmodifiableNavigableMap$EmptyNavigableMap#1",
			"@value":{}
		}
	}
}
{
	"@type":"com.alibaba.fastjson2.autoType.AutoTypeTest26$Bean1#0",
	"@value":{
		"items":{
			"@type":"com.google.common.collect.SingletonImmutableBiMap#1",
			"@value":{
				"a":0
			}
		}
	}
}
{
	"@type":"com.alibaba.fastjson2.autoType.AutoTypeTest26$Bean1#0",
	"@value":{
		"items":{
			"@type":"java.util.Collections$SingletonMap#1",
			"@value":{
				"a":1
			}
		}
	}
}
{
	"@type":"com.alibaba.fastjson2.autoType.AutoTypeTest23$Bean1#0",
	"@value":{
		"items":{
			"@type":"[com.alibaba.fastjson2.autoType.AutoTypeTest23$XItem#1",
			"@value":[]
		},
		"items1":{"$ref":"$.items"}
	}
}
{
	"@type":"com.alibaba.fastjson2.autoType.AutoTypeTest23$Bean2#0",
	"@value":{
		"items":[
			"a",
			"b"
		],
		"items1":{"$ref":"$.items"}
	}
}
{
	"@type":"com.alibaba.fastjson2.autoType.AutoTypeFilterTest1$RpcException#0",
	"@value":{
		"stackTrace#1":[],
		"suppressedExceptions#2":{
			"@type":"java.util.Collections$EmptyList#3",
			"@value":[]
		}
	}
}
{
	"@type":"com.alibaba.fastjson2.autoType.AutoTypeTest28_Short$Bean1#0",
	"@value":{
		"value":1
	}
}
{
	"@type":"com.alibaba.fastjson2.autoType.AutoTypeTest28_Short$Bean2#0",
	"@value":{
		"value":1
	}
}
{
	"@type":"com.alibaba.fastjson2.autoType.AutoTypeTest28_Short$Bean3#0",
	"@value":{
		"value":1
	}
}
{
	"@type":"com.alibaba.fastjson2.autoType.AutoTypeTest17$Bean2#0",
	"@value":{
		"values":[
			{
				"@type":"com.alibaba.fastjson2.autoType.AutoTypeTest17$XItem#1",
				"@value":{}
			},
			{
				"@type":"com.alibaba.fastjson2.autoType.AutoTypeTest17$Item#2",
				"@value":{}
			}
		]
	}
}
{
	"@type":"com.alibaba.fastjson2.autoType.AutoTypeTest17$Bean3#0",
	"@value":{
		"values":[
			{
				"@type":"com.alibaba.fastjson2.autoType.AutoTypeTest17$XItem#1",
				"@value":{}
			},
			{}
		]
	}
}
{
	"@type":"com.alibaba.fastjson2.autoType.AutoTypeTest17$Bean4#0",
	"@value":{
		"values":{
			"@type":"LM#1",
			"@value":{
				"0":{
					"@type":"com.alibaba.fastjson2.autoType.AutoTypeTest17$XItem#2",
					"@value":{}
				},
				"1":{}
			}
		}
	}
}
{
	"@type":"com.alibaba.fastjson2.autoType.AutoTypeTest17$Bean5#0",
	"@value":{
		"item":{}
	}
}
{
	"@type":"com.alibaba.fastjson2.autoType.AutoTypeTest17$Bean5#0",
	"@value":{
		"item":{
			"@type":"com.alibaba.fastjson2.autoType.AutoTypeTest17$XItem#1",
			"@value":{}
		}
	}
}
{
	"@type":"com.alibaba.fastjson2.autoType.AutoTypeTest17$Bean6#0",
	"@value":{
		"values":{
			"0":{
				"@type":"com.alibaba.fastjson2.autoType.AutoTypeTest17$XItem#1",
				"@value":{}
			},
			"1":{}
		}
	}
}
{
	"@type":"com.alibaba.fastjson2.autoType.AutoTypeTest17$Bean8#0",
	"@value":{
		"values":{
			"@type":"LM#1",
			"@value":{
				0:{
					"@type":"com.alibaba.fastjson2.autoType.AutoTypeTest17$XItem#2",
					"@value":{}
				},
				1:{}
			}
		}
	}
}
{
	"@type":"LM#0",
	"@value":{
		{
			"@type":"java.lang.Class#1",
			"@value":"java.lang.String"
		}:"S"
	}
}
{
	{
		"@type":"HashSet#0",
		"@value":[]
	}:"A",
	{
		"@type":"EmptyMap#1",
		"@value":{}
	}:"C",
	{
		{}:"D"
	}:"E"
}
{
	"@type":"com.alibaba.fastjson2.autoType.AutoTypeTest34_ListStr$Bean#0",
	"@value":{
		"items":{
			"@type":"LinkedList#1",
			"@value":[
				"abcde",
				"abcde"
			]
		}
	}
}
{
	"@type":"com.alibaba.fastjson2.autoType.AutoTypeTest34_ListStr$Bean#0",
	"@value":{
		"items":{
			"@type":"java.util.Collections$SingletonList#1",
			"@value":["abc"]
		}
	}
}
{
	"@type":"com.alibaba.fastjson2.autoType.AutoTypeTest34_ListStr$Bean#0",
	"@value":{
		"items":{
			"@type":"java.util.Collections$SingletonSet#1",
			"@value":["abc"]
		}
	}
}
{
	"@type":"com.alibaba.fastjson2.autoType.AutoTypeTest34_ListStr$Bean#0",
	"@value":{
		"items":{
			"@type":"java.util.Arrays$ArrayList#1",
			"@value":["abc"]
		}
	}
}
{
	"@type":"com.alibaba.fastjson2.autoType.AutoTypeTest34_ListStr$Bean#0",
	"@value":{
		"items":{
			"@type":"java.util.Collections$UnmodifiableCollection#1",
			"@value":["abc"]
		}
	}
}
{
	"@type":"com.alibaba.fastjson2.autoType.AutoTypeTest38_DupType$Bean#0",
	"@value":{
		"first":{
			"@type":"com.alibaba.fastjson2.autoType.AutoTypeTest38_DupType$Item#1",
			"@value":{
				"id":101,
				"name":"DataWorks"
			}
		},
		"second":{
			"@type":"#1",
			"@value":{
				"id":102,
				"name":"MaxCompute"
			}
		},
		"third":{
			"@type":"#1",
			"@value":{
				"id":102,
				"name":"EMR"
			}
		}
	}
}
{
	"@type":"com.alibaba.fastjson2.autoType.AutoTypeTest46_Pair$Bean#0",
	"@value":{
		"pair1#1":{
			"@type":"org.apache.commons.lang3.tuple.ImmutablePair#2",
			"@value":{
				"left#3":"101",
				"right#4":true
			}
		},
		"pair2#5":{
			"@type":"#2",
			"@value":{
				"#3":"102",
				"#4":true
			}
		}
	}
}
{
	"@type":"com.alibaba.fastjson2.autoType.AutoTypeTest36_SetLong$Bean#0",
	"@value":{
		"values":[100],
		"values1":[100]
	}
}
[
	{
		"@type":"com.alibaba.fastjson2.autoType.AutoTypeTest36_SetLong$Bean2#0",
		"@value":{
			"values":[100]
		}
	},
	{
		"@type":"#0",
		"@value":{
			"values":[200]
		}
	},
	{
		"@type":"#0",
		"@value":{
			"values":[300]
		}
	}
]
{
	"@type":"com.alibaba.fastjson2.autoType.AutoTypeTest36_SetLong$Bean2#0",
	"@value":{
		"values":[100]
	}
}
{
	"@type":"com.alibaba.fastjson2.autoType.AutoTypeTest36_MapAtomicLong$Bean#0",
	"@value":{
		"map":{
			"123":{
				"@type":"AtomicLong#1",
				"@value":123
			}
		}
	}
}
{
	"@type":"com.alibaba.fastjson2.autoType.AutoTypeTest36_MapAtomicLong$Bean#0",
	"@value":{
		"map":{
			"123":{
				"@type":"AtomicInteger#1",
				"@value":123
			}
		}
	}
}
{
	"@type":"com.google.common.collect.AbstractMapBasedMultimap$RandomAccessWrappedList#0",
	"@value":[
		101,
		102,
		101
	]
}
{
	"@type":"com.google.common.collect.AbstractMapBasedMultimap$WrappedSet#0",
	"@value":{
		"ancestor":null,
		"ancestorDelegate":null,
		"delegate":{
			"@type":"HashSet#1",
			"@value":[
				101,
				102
			]
		},
		"key":"a",
		"this$0":{
			"@type":"com.google.common.collect.HashMultimap#2",
			"@value":{
				"a":{
					"@type":"#0",
					"@value":{
						"ancestor":null,
						"ancestorDelegate":null,
						"delegate":{"$ref":"$.delegate"},
						"key":"a",
						"this$0":{"$ref":"$.this$0"}
					}
				}
			}
		}
	}
}
{
	"@type":"com.alibaba.fastjson2.autoType.AutoTypeTest27$Bean1#0",
	"@value":{
		"items":{
			"@type":"java.util.Arrays$ArrayList#1",
			"@value":[
				0,
				1,
				2,
				3
			]
		}
	}
}
{
	"@type":"com.alibaba.fastjson2.autoType.AutoTypeTest27$Bean1#0",
	"@value":{
		"items":{
			"@type":"java.util.Collections$EmptySet#1",
			"@value":[]
		}
	}
}
{
	"@type":"com.alibaba.fastjson2.autoType.AutoTypeTest27$Bean1#0",
	"@value":{
		"items":{
			"@type":"java.util.Collections$UnmodifiableCollection#1",
			"@value":[]
		}
	}
}
{
	"@type":"com.alibaba.fastjson2.autoType.AutoTypeTest27$Bean1#0",
	"@value":{
		"items":{
			"@type":"java.util.AbstractList$SubList#1",
			"@value":[0]
		}
	}
}
{
	"@type":"com.alibaba.fastjson2.autoType.AutoTypeTest27$Bean1#0",
	"@value":{
		"items":{
			"@type":"A#1",
			"@value":[0]
		}
	}
}
{
	"@type":"com.alibaba.fastjson2.autoType.AutoTypeTest27$Bean1#0",
	"@value":{
		"items":{
			"@type":"java.util.Collections$UnmodifiableSortedSet#1",
			"@value":["A"]
		}
	}
}
{
	"@type":"com.alibaba.fastjson2.autoType.AutoTypeTest27$Bean1#0",
	"@value":{
		"items":{
			"@type":"java.util.Collections$UnmodifiableNavigableSet#1",
			"@value":["A"]
		}
	}
}
{
	"@type":"com.alibaba.fastjson2.autoType.AutoTypeTest27$Bean1#0",
	"@value":{
		"items":{
			"@type":"java.util.Collections$SingletonSet#1",
			"@value":["1"]
		}
	}
}
{
	"@type":"com.alibaba.fastjson2.autoType.AutoTypeTest27$Bean1#0",
	"@value":{
		"items":{
			"@type":"java.util.Collections$UnmodifiableSet#1",
			"@value":[]
		}
	}
}
{
	"@type":"com.alibaba.fastjson2.autoType.AutoTypeTest45_ListNullItem$Bean#0",
	"@value":{
		"items":[
			null,
			{}
		]
	}
}
diff type $.sesameBlock_1.fields.map, left class java.util.HashMap, right class com.alibaba.fastjson.JSONObject
diff JSONObject1 $.sesameBlock_1.fields
diff map $.sesameBlock_1, com.alibaba.fastjson.JSONObject
diff map $, com.alibaba.fastjson.JSONObject
{
	"@type":"[O#0",
	"@value":[
		{
			"@type":"TimeUnit#1",
			"@value":"DAYS"
		}
	]
}
{
	"a":{
		"@type":"com.alibaba.fastjson2.autoType.AutoTypeTest37_MapBean$Item#0",
		"@value":{
			"child":null,
			"id":101
		}
	},
	"b":{
		"@type":"#0",
		"@value":{
			"child":null,
			"id":102
		}
	},
	"c":{
		"@type":"#0",
		"@value":{
			"child":{},
			"id":103
		}
	}
}
{
	"@type":"com.alibaba.fastjson2.autoType.AutoTypeTest19$Bean2#0",
	"@value":{
		"values":{
			"@type":"LinkedList#1",
			"@value":[
				{
					"@type":"com.alibaba.fastjson2.autoType.AutoTypeTest19$XItem2#2",
					"@value":{
						"id":0,
						"value":0
					}
				},
				{
					"@type":"#2",
					"@value":{
						"id":0,
						"value":0
					}
				},
				{
					"@type":"#2",
					"@value":{
						"id":0,
						"value":0
					}
				}
			]
		}
	}
}
{
	"@type":"com.alibaba.fastjson2.autoType.AutoTypeTest19$Bean1#0",
	"@value":{
		"f1":false,
		"id":123,
		"v1":0,
		"values":{
			"@type":"LinkedList#1",
			"@value":[
				{
					"key":"101",
					"value":1
				},
				{
					"gmtCreate":1791305264946,
					"key":"102",
					"value":2
				},
				{
					"gmtCreate":1791305264946,
					"key":"103",
					"value":"3"
				}
			]
		}
	}
}
{
	"@type":"com.alibaba.fastjson2.autoType.AutoTypeTest19$Bean2#0",
	"@value":{
		"values":{
			"@type":"LinkedList#1",
			"@value":[
				{
					"@type":"com.alibaba.fastjson2.autoType.AutoTypeTest19$XItem2#2",
					"@value":{
						"id":0,
						"value":0
					}
				}
			]
		}
	}
}
{
	"@type":"com.alibaba.fastjson2.autoType.AutoTypeTest25$Bean1#0",
	"@value":{
		"items":{
			"@type":"TreeMap#1",
			"@value":{
				"a":{
					"a1":null,
					"child":null,
					"chilren":null
				}
			}
		}
	}
}
{
	"@type":"com.alibaba.fastjson2.autoType.AutoTypeTest44_customList$1#0",
	"@value":[101]
}
{
	"@type":"com.alibaba.fastjson2.autoType.AutoTypeTest44_customList$2#0",
	"@value":[101]
}
{
	"@type":"M#0",
	"@value":{
		"a":101
	}
}
{
	"@type":"com.alibaba.fastjson2.autoType.AutoTypeTest24$Bean1#0",
	"@value":{
		"items":[
			"1",
			"2"
		]
	}
}
{
	"@type":"com.alibaba.fastjson2.autoType.AutoTypeTest16_enums$Bean1#0",
	"@value":{
		"values":{
			"@type":"LinkedList#1",
			"@value":[
				"DAYS",
				"SECONDS",
				"DAYS"
			]
		}
	}
}
{
	"@type":"com.alibaba.fastjson2.autoType.AutoTypeTest16_enums$Bean2#0",
	"@value":{
		"values":{
			"@type":"LinkedList#1",
			"@value":[
				{
					"children":{
						"@type":"A#2",
						"@value":[
							{
								"id":11
							},
							{
								"id":12
							}
						]
					}
				},
				{
					"children":{
						"@type":"#2",
						"@value":[
							{
								"id":21
							},
							{
								"id":22
							}
						]
					}
				}
			]
		}
	}
}
{
	"@type":"com.alibaba.fastjson2.autoType.AutoTypeTest36_MapLong$Bean#0",
	"@value":{
		"values":{
			"abc":100
		}
	}
}
{
	"@type":"com.alibaba.fastjson2.autoType.AutoTypeTest40_listBeanMap$Bean#0",
	"@value":{
		"items":[
			{
				"@type":"M#1",
				"@value":{}
			}
		]
	}
}
{
	"@type":"com.alibaba.fastjson2.autoType.AutoTypeTest40_listBeanMap$Bean2#0",
	"@value":{
		"items":{
			"a":{
				"@type":"M#1",
				"@value":{}
			}
		}
	}
}
{
	"@type":"com.alibaba.fastjson2.autoType.AutoTypeTest8$Bean#0",
	"@value":{
		"values":{
			"@type":"[com.alibaba.fastjson2.autoType.AutoTypeTest8$A1#1",
			"@value":[
				{}
			]
		}
	}
}
[{}]
[{}]
{
	"@type":"com.alibaba.fastjson2.autoType.AutoTypeTest8$ListBean#0",
	"@value":{
		"values":{
			"@type":"LinkedList#1",
			"@value":[
				{
					"@type":"com.alibaba.fastjson2.autoType.AutoTypeTest8$A#2",
					"@value":{}
				}
			]
		}
	}
}
{
	"@type":"com.alibaba.fastjson2.autoType.AutoTypeTest8$ListBean2#0",
	"@value":{
		"values":[
			{
				"@type":"com.alibaba.fastjson2.autoType.AutoTypeTest8$A#1",
				"@value":{}
			}
		]
	}
}
{
	"@type":"com.alibaba.fastjson2.autoType.AutoTypeTest30$Bean1#0",
	"@value":{
		"items":["101"]
	}
}
{
	"@type":"com.alibaba.fastjson2.autoType.AutoTypeTest30$Bean2#0",
	"@value":{
		"value":"1001"
	}
}
[
	{
		"@type":"com.alibaba.fastjson2.autoType.AutoTypeTest30$Bean1#0",
		"@value":{
			"items":["101"]
		}
	},
	{
		"@type":"#0",
		"@value":{
			"items":["102"]
		}
	},
	{
		"@type":"#0",
		"@value":{
			"items":["103"]
		}
	}
]
{"name":123456789,"id":"abc"}
[
	{
		"name":"id",
		"inferSQLType":"STRING",
		"inferType":"java.lang.String",
		"integers":7702,
		"numbers":7702,
		"precision":10,
		"values":15404
	},
	{
		"name":"type",
		"inferSQLType":"STRING",
		"inferType":"java.lang.String",
		"precision":29,
		"values":15404
	},
	{
		"name":"actor",
		"inferSQLType":"STRING",
		"inferType":"java.util.Map",
		"maps":7702,
		"values":7702
	},
	{
		"name":"actor.id",
		"inferSQLType":"INT",
		"inferType":"java.lang.Integer",
		"integers":7702,
		"numbers":7702,
		"values":7702
	},
	{
		"name":"actor.login",
		"inferSQLType":"STRING",
		"inferType":"java.lang.String",
		"integers":3,
		"numbers":3,
		"precision":27,
		"values":15404
	},
	{
		"name":"actor.gravatar_id",
		"inferSQLType":"STRING",
		"inferType":"java.lang.String",
		"nulls":7702,
		"values":15404
	},
	{
		"name":"actor.url",
		"inferSQLType":"STRING",
		"inferType":"java.lang.String",
		"precision":56,
		"values":15404
	},
	{
		"name":"actor.avatar_url",
		"inferSQLType":"STRING",
		"inferType":"java.lang.String",
		"precision":49,
		"values":15404
	},
	{
		"name":"repo",
		"inferSQLType":"STRING",
		"inferType":"java.util.Map",
		"maps":7702,
		"values":7702
	},
	{
		"name":"repo.id",
		"inferSQLType":"INT",
		"inferType":"java.lang.Integer",
		"integers":7702,
		"numbers":7702,
		"values":7702
	},
	{
		"name":"repo.name",
		"errors":64,
		"inferSQLType":"STRING",
		"inferType":"java.lang.String",
		"precision":54,
		"values":15404
	},
	{
		"name":"repo.url",
		"inferSQLType":"STRING",
		"inferType":"java.lang.String",
		"precision":83,
		"values":15404
	},
	{
		"name":"payload",
		"inferSQLType":"STRING",
		"inferType":"java.util.Map",
		"maps":7702,
		"values":7702
	},
	{
		"name":"payload.push_id",
		"inferSQLType":"INT",
		"inferType":"java.lang.Integer",
		"integers":4280,
		"numbers":4280,
		"values":4280
	},
	{
		"name":"payload.size",
		"inferSQLType":"INT",
		"inferType":"java.lang.Integer",
		"integers":4280,
		"numbers":4280,
		"values":4280
	},
	{
		"name":"payload.distinct_size",
		"inferSQLType":"INT",
		"inferType":"java.lang.Integer",
		"integers":4280,
		"numbers":4280,
		"values":4280
	},
	{
		"name":"payload.ref",
		"errors":192,
		"inferSQLType":"STRING",
		"inferType":"java.lang.String",
		"integers":1,
		"nulls":290,
		"numbers":10,
		"precision":250,
		"scale":4,
		"values":9892
	},
	{
		"name":"payload.head",
		"inferSQLType":"STRING",
		"inferType":"java.lang.String",
		"precision":40,
		"values":8560
	},
	{
		"name":"payload.before",
		"inferSQLType":"STRING",
		"inferType":"java.lang.String",
		"precision":40,
		"values":8560
	},
	{
		"name":"payload.commits",
		"arrays":4280,
		"inferSQLType":"STRING",
		"inferType":"java.util.Collection",
		"maps":5706,
		"values":9986
	},
	{
		"name":"payload.commits[0].sha",
		"inferSQLType":"STRING",
		"inferType":"java.lang.String",
		"precision":40,
		"values":8270
	},
	{
		"name":"payload.commits[0].author",
		"inferSQLType":"STRING",
		"inferType":"java.util.Map",
		"maps":4135,
		"values":4135
	},
	{
		"name":"payload.commits[0].author.email",
		"inferSQLType":"STRING",
		"inferType":"java.lang.String",
		"precision":77,
		"values":8270
	},
	{
		"name":"payload.commits[0].author.name",
		"inferSQLType":"STRING",
		"inferType":"java.lang.String",
		"integers":1,
		"nonAsciiStrings":83,
		"numbers":1,
		"precision":35,
		"values":8270
	},
	{
		"name":"payload.commits[0].message",
		"dates":2,
		"errors":26,
		"inferSQLType":"STRING",
		"inferType":"java.lang.String",
		"integers":19,
		"nonAsciiStrings":64,
		"nulls":6,
		"numbers":20,
		"precision":3949,
		"scale":2,
		"values":8270
	},
	{
		"name":"payload.commits[0].distinct",
		"booleans":4135,
		"inferSQLType":"STRING",
		"inferType":"java.lang.Boolean",
		"values":4135
	},
	{
		"name":"payload.commits[0].url",
		"inferSQLType":"STRING",
		"inferType":"java.lang.String",
		"precision":132,
		"values":8270
	},
	{
		"name":"public",
		"booleans":7702,
		"inferSQLType":"STRING",
		"inferType":"java.lang.Boolean",
		"values":7702
	},
	{
		"name":"created_at",
		"dates":7702,
		"inferSQLType":"STRING",
		"inferType":"java.lang.String",
		"values":15404
	},
	{
		"name":"payload.ref_type",
		"inferSQLType":"STRING",
		"inferType":"java.lang.String",
		"precision":10,
		"values":1912
	},
	{
		"name":"payload.master_branch",
		"inferSQLType":"STRING",
		"inferType":"java.lang.String",
		"precision":13,
		"values":1630
	},
	{
		"name":"payload.description",
		"inferSQLType":"STRING",
		"inferType":"java.lang.String",
		"integers":4,
		"nonAsciiStrings":20,
		"nulls":256,
		"numbers":4,
		"precision":469,
		"values":1576
	},
	{
		"name":"payload.pusher_type",
		"inferSQLType":"STRING",
		"inferType":"java.lang.String",
		"precision":4,
		"values":1912
	},
	{
		"name":"payload.commits[1].sha",
		"inferSQLType":"STRING",
		"inferType":"java.lang.String",
		"precision":40,
		"values":1462
	},
	{
		"name":"payload.commits[1].author",
		"inferSQLType":"STRING",
		"inferType":"java.util.Map",
		"maps":731,
		"values":731
	},
	{
		"name":"payload.commits[1].author.email",
		"inferSQLType":"STRING",
		"inferType":"java.lang.String",
		"precision":77,
		"values":1462
	},
	{
		"name":"payload.commits[1].author.name",
		"inferSQLType":"STRING",
		"inferType":"java.lang.String",
		"nonAsciiStrings":9,
		"precision":30,
		"values":1462
	},
	{
		"name":"payload.commits[1].message",
		"errors":3,
		"inferSQLType":"STRING",
		"inferType":"java.lang.String",
		"nonAsciiStrings":6,
		"numbers":2,
		"precision":2336,
		"scale":4,
		"values":1462
	},
	{
		"name":"payload.commits[1].distinct",
		"booleans":731,
		"inferSQLType":"STRING",
		"inferType":"java.lang.Boolean",
		"values":731
	},
	{
		"name":"payload.commits[1].url",
		"inferSQLType":"STRING",
		"inferType":"java.lang.String",
		"precision":132,
		"values":1462
	},
	{
		"name":"payload.commits[2].sha",
		"inferSQLType":"STRING",
		"inferType":"java.lang.String",
		"precision":40,
		"values":640
	},
	{
		"name":"payload.commits[2].author",
		"inferSQLType":"STRING",
		"inferType":"java.util.Map",
		"maps":320,
		"values":320
	},
	{
		"name":"payload.commits[2].author.email",
		"inferSQLType":"STRING",
		"inferType":"java.lang.String",
		"precision":77,
		"values":640
	},
	{
		"name":"payload.commits[2].author.name",
		"inferSQLType":"STRING",
		"inferType":"java.lang.String",
		"nonAsciiStrings":4,
		"precision":29,
		"values":640
	},
	{
		"name":"payload.commits[2].message",
		"inferSQLType":"STRING",
		"inferType":"java.lang.String",
		"nonAsciiStrings":3,
		"precision":1154,
		"values":640
	},
	{
		"name":"payload.commits[2].distinct",
		"booleans":320,
		"inferSQLType":"STRING",
		"inferType":"java.lang.Boolean",
		"values":320
	},
	{
		"name":"payload.commits[2].url",
		"inferSQLType":"STRING",
		"inferType":"java.lang.String",
		"precision":121,
		"values":640
	},
	{
		"name":"payload.commits[3].sha",
		"inferSQLType":"STRING",
		"inferType":"java.lang.String",
		"precision":40,
		"values":354
	},
	{
		"name":"payload.commits[3].author",
		"inferSQLType":"STRING",
		"inferType":"java.util.Map",
		"maps":177,
		"values":177
	},
	{
		"name":"payload.commits[3].author.email",
		"inferSQLType":"STRING",
		"inferType":"java.lang.String",
		"precision":75,
		"values":354
	},
	{
		"name":"payload.commits[3].author.name",
		"inferSQLType":"STRING",
		"inferType":"java.lang.String",
		"nonAsciiStrings":2,
		"precision":46,
		"values":354
	},
	{
		"name":"payload.commits[3].message",
		"inferSQLType":"STRING",
		"inferType":"java.lang.String",
		"nonAsciiStrings":3,
		"precision":492,
		"values":354
	},
	{
		"name":"payload.commits[3].distinct",
		"booleans":177,
		"inferSQLType":"STRING",
		"inferType":"java.lang.Boolean",
		"values":177
	},
	{
		"name":"payload.commits[3].url",
		"inferSQLType":"STRING",
		"inferType":"java.lang.String",
		"precision":121,
		"values":354
	},
	{
		"name":"payload.commits[4].sha",
		"inferSQLType":"STRING",
		"inferType":"java.lang.String",
		"precision":40,
		"values":238
	},
	{
		"name":"payload.commits[4].author",
		"inferSQLType":"STRING",
		"inferType":"java.util.Map",
		"maps":119,
		"values":119
	},
	{
		"name":"payload.commits[4].author.email",
		"inferSQLType":"STRING",
		"inferType":"java.lang.String",
		"precision":75,
		"values":238
	},
	{
		"name":"payload.commits[4].author.name",
		"inferSQLType":"STRING",
		"inferType":"java.lang.String",
		"nonAsciiStrings":2,
		"precision":29,
		"values":238
	},
	{
		"name":"payload.commits[4].message",
		"inferSQLType":"STRING",
		"inferType":"java.lang.String",
		"nonAsciiStrings":1,
		"precision":654,
		"values":238
	},
	{
		"name":"payload.commits[4].distinct",
		"booleans":119,
		"inferSQLType":"STRING",
		"inferType":"java.lang.Boolean",
		"values":119
	},
	{
		"name":"payload.commits[4].url",
		"inferSQLType":"STRING",
		"inferType":"java.lang.String",
		"precision":121,
		"values":238
	},
	{
		"name":"payload.commits[5].sha",
		"inferSQLType":"STRING",
		"inferType":"java.lang.String",
		"precision":40,
		"values":166
	},
	{
		"name":"payload.commits[5].author",
		"inferSQLType":"STRING",
		"inferType":"java.util.Map",
		"maps":83,
		"values":83
	},
	{
		"name":"payload.commits[5].author.email",
		"inferSQLType":"STRING",
		"inferType":"java.lang.String",
		"precision":75,
		"values":166
	},
	{
		"name":"payload.commits[5].author.name",
		"inferSQLType":"STRING",
		"inferType":"java.lang.String",
		"nonAsciiStrings":1,
		"precision":29,
		"values":166
	},
	{
		"name":"payload.commits[5].message",
		"inferSQLType":"STRING",
		"inferType":"java.lang.String",
		"nonAsciiStrings":1,
		"precision":1164,
		"values":166
	},
	{
		"name":"payload.commits[5].distinct",
		"booleans":83,
		"inferSQLType":"STRING",
		"inferType":"java.lang.Boolean",
		"values":83
	},
	{
		"name":"payload.commits[5].url",
		"inferSQLType":"STRING",
		"inferType":"java.lang.String",
		"precision":121,
		"values":166
	},
	{
		"name":"payload.commits[6].sha",
		"inferSQLType":"STRING",
		"inferType":"java.lang.String",
		"precision":40,
		"values":122
	},
	{
		"name":"payload.commits[6].author",
		"inferSQLType":"STRING",
		"inferType":"java.util.Map",
		"maps":61,
		"values":61
	},
	{
		"name":"payload.commits[6].author.email",
		"inferSQLType":"STRING",
		"inferType":"java.lang.String",
		"precision":75,
		"values":122
	},
	{
		"name":"payload.commits[6].author.name",
		"inferSQLType":"STRING",
		"inferType":"java.lang.String",
		"nonAsciiStrings":2,
		"precision":29,
		"values":122
	},
	{
		"name":"payload.commits[6].message",
		"inferSQLType":"STRING",
		"inferType":"java.lang.String",
		"nonAsciiStrings":1,
		"precision":525,
		"values":122
	},
	{
		"name":"payload.commits[6].distinct",
		"booleans":61,
		"inferSQLType":"STRING",
		"inferType":"java.lang.Boolean",
		"values":61
	},
	{
		"name":"payload.commits[6].url",
		"inferSQLType":"STRING",
		"inferType":"java.lang.String",
		"precision":121,
		"values":122
	},
	{
		"name":"payload.commits[7].sha",
		"inferSQLType":"STRING",
		"inferType":"java.lang.String",
		"precision":40,
		"values":82
	},
	{
		"name":"payload.commits[7].author",
		"inferSQLType":"STRING",
		"inferType":"java.util.Map",
		"maps":41,
		"values":41
	},
	{
		"name":"payload.commits[7].author.email",
		"inferSQLType":"STRING",
		"inferType":"java.lang.String",
		"precision":75,
		"values":82
	},
	{
		"name":"payload.commits[7].author.name",
		"inferSQLType":"STRING",
		"inferType":"java.lang.String",
		"precision":29,
		"values":82
	},
	{
		"name":"payload.commits[7].message",
		"inferSQLType":"STRING",
		"inferType":"java.lang.String",
		"nonAsciiStrings":1,
		"precision":458,
		"values":82
	},
	{
		"name":"payload.commits[7].distinct",
		"booleans":41,
		"inferSQLType":"STRING",
		"inferType":"java.lang.Boolean",
		"values":41
	},
	{
		"name":"payload.commits[7].url",
		"inferSQLType":"STRING",
		"inferType":"java.lang.String",
		"precision":121,
		"values":82
	},
	{
		"name":"org",
		"inferSQLType":"STRING",
		"inferType":"java.util.Map",
		"maps":2342,
		"values":2342
	},
	{
		"name":"org.id",
		"inferSQLType":"INT",
		"inferType":"java.lang.Integer",
		"integers":2342,
		"numbers":2342,
		"values":2342
	},
	{
		"name":"org.login",
		"errors":3,
		"inferSQLType":"STRING",
		"inferType":"java.lang.String",
		"precision":36,
		"values":4684
	},
	{
		"name":"org.gravatar_id",
		"inferSQLType":"STRING",
		"inferType":"java.lang.String",
		"nulls":2342,
		"values":4684
	},
	{
		"name":"org.url",
		"inferSQLType":"STRING",
		"inferType":"java.lang.String",
		"precision":64,
		"values":4684
	},
	{
		"name":"org.avatar_url",
		"inferSQLType":"STRING",
		"inferType":"java.lang.String",
		"precision":49,
		"values":4684
	},
	{
		"name":"payload.action",
		"inferSQLType":"STRING",
		"inferType":"java.lang.String",
		"precision":9,
		"values":4210
	},
	{
		"name":"payload.issue",
		"inferSQLType":"STRING",
		"inferType":"java.util.Map",
		"maps":1023,
		"values":1023
	},
	{
		"name":"payload.issue.url",
		"inferSQLType":"STRING",
		"inferType":"java.lang.String",
		"precision":82,
		"values":2046
	},
	{
		"name":"payload.issue.labels_url",
		"inferSQLType":"STRING",
		"inferType":"java.lang.String",
		"precision":96,
		"values":2046
	},
	{
		"name":"payload.issue.comments_url",
		"inferSQLType":"STRING",
		"inferType":"java.lang.String",
		"precision":91,
		"values":2046
	},
	{
		"name":"payload.issue.events_url",
		"inferSQLType":"STRING",
		"inferType":"java.lang.String",
		"precision":89,
		"values":2046
	},
	{
		"name":"payload.issue.html_url",
		"inferSQLType":"STRING",
		"inferType":"java.lang.String",
		"precision":71,
		"values":2046
	},
	{
		"name":"payload.issue.id",
		"inferSQLType":"INT",
		"inferType":"java.lang.Integer",
		"integers":1023,
		"numbers":1023,
		"values":1023
	},
	{
		"name":"payload.issue.number",
		"inferSQLType":"INT",
		"inferType":"java.lang.Integer",
		"integers":1023,
		"numbers":1023,
		"values":1023
	},
	{
		"name":"payload.issue.title",
		"inferSQLType":"STRING",
		"inferType":"java.lang.String",
		"nonAsciiStrings":16,
		"precision":135,
		"values":2046
	},
	{
		"name":"payload.issue.user",
		"inferSQLType":"STRING",
		"inferType":"java.util.Map",
		"maps":1023,
		"values":1023
	},
	{
		"name":"payload.issue.user.login",
		"inferSQLType":"STRING",
		"inferType":"java.lang.String",
		"precision":20,
		"values":2046
	},
	{
		"name":"payload.issue.user.id",
		"inferSQLType":"INT",
		"inferType":"java.lang.Integer",
		"integers":1023,
		"numbers":1023,
		"values":1023
	}
]
{"@type":"com.alibaba.fastjson2.issues_1900.Issue1945$B","aInstance":{"@type":"java.util.HashMap","test":"test"},"clazz":["java.lang.String"]}
{
	"id#0":"#0",
	"#0":"#0"
}
[
	{
		"@type":"vip.joinsun.dto.order.ThirdOrderResponseBO0#0",
		"@value":{}
	},
	{
		"@type":"vip.joinsun.dto.order.ThirdOrderResponseBO1#1",
		"@value":{}
	},
	{
		"@type":"vip.joinsun.dto.order.ThirdOrderResponseBO2#2",
		"@value":{}
	},
	{
		"@type":"vip.joinsun.dto.order.ThirdOrderResponseBO3#3",
		"@value":{}
	},
	{
		"@type":"vip.joinsun.dto.order.ThirdOrderResponseBO4#4",
		"@value":{}
	},
	{
		"@type":"vip.joinsun.dto.order.ThirdOrderResponseBO5#5",
		"@value":{}
	},
	{
		"@type":"vip.joinsun.dto.order.ThirdOrderResponseBO6#6",
		"@value":{}
	},
	{
		"@type":"vip.joinsun.dto.order.ThirdOrderResponseBO7#7",
		"@value":{}
	},
	{
		"@type":"vip.joinsun.dto.order.ThirdOrderResponseBO8#8",
		"@value":{}
	},
	{
		"@type":"vip.joinsun.dto.order.ThirdOrderResponseBO9#9",
		"@value":{}
	},
	{
		"@type":"vip.joinsun.dto.order.ThirdOrderResponseBO10#10",
		"@value":{}
	},
	{
		"@type":"vip.joinsun.dto.order.ThirdOrderResponseBO11#11",
		"@value":{}
	},
	{
		"@type":"vip.joinsun.dto.order.ThirdOrderResponseBO12#12",
		"@value":{}
	},
	{
		"@type":"vip.joinsun.dto.order.ThirdOrderResponseBO13#13",
		"@value":{}
	},
	{
		"@type":"vip.joinsun.dto.order.ThirdOrderResponseBO14#14",
		"@value":{}
	},
	{
		"@type":"vip.joinsun.dto.order.ThirdOrderResponseBO15#15",
		"@value":{}
	},
	{
		"@type":"vip.joinsun.dto.order.ThirdOrderResponseBO16#16",
		"@value":{}
	},
	{
		"@type":"vip.joinsun.dto.order.ThirdOrderResponseBO17#17",
		"@value":{}
	},
	{
		"@type":"vip.joinsun.dto.order.ThirdOrderResponseBO18#18",
		"@value":{}
	},
	{
		"@type":"vip.joinsun.dto.order.ThirdOrderResponseBO19#19",
		"@value":{}
	},
	{
		"@type":"vip.joinsun.dto.order.ThirdOrderResponseBO20#20",
		"@value":{}
	},
	{
		"@type":"vip.joinsun.dto.order.ThirdOrderResponseBO21#21",
		"@value":{}
	},
	{
		"@type":"vip.joinsun.dto.order.ThirdOrderResponseBO22#22",
		"@value":{}
	},
	{
		"@type":"vip.joinsun.dto.order.ThirdOrderResponseBO23#23",
		"@value":{}
	},
	{
		"@type":"vip.joinsun.dto.order.ThirdOrderResponseBO24#24",
		"@value":{}
	},
	{
		"@type":"vip.joinsun.dto.order.ThirdOrderResponseBO25#25",
		"@value":{}
	},
	{
		"@type":"vip.joinsun.dto.order.ThirdOrderResponseBO26#26",
		"@value":{}
	},
	{
		"@type":"vip.joinsun.dto.order.ThirdOrderResponseBO27#27",
		"@value":{}
	},
	{
		"@type":"vip.joinsun.dto.order.ThirdOrderResponseBO28#28",
		"@value":{}
	},
	{
		"@type":"vip.joinsun.dto.order.ThirdOrderResponseBO29#29",
		"@value":{}
	},
	{
		"@type":"vip.joinsun.dto.order.ThirdOrderResponseBO30#30",
		"@value":{}
	},
	{
		"@type":"vip.joinsun.dto.order.ThirdOrderResponseBO31#31",
		"@value":{}
	},
	{
		"@type":"vip.joinsun.dto.order.ThirdOrderResponseBO32#32",
		"@value":{}
	},
	{
		"@type":"vip.joinsun.dto.order.ThirdOrderResponseBO33#33",
		"@value":{}
	},
	{
		"@type":"vip.joinsun.dto.order.ThirdOrderResponseBO34#34",
		"@value":{}
	},
	{
		"@type":"vip.joinsun.dto.order.ThirdOrderResponseBO35#35",
		"@value":{}
	},
	{
		"@type":"vip.joinsun.dto.order.ThirdOrderResponseBO36#36",
		"@value":{}
	},
	{
		"@type":"vip.joinsun.dto.order.ThirdOrderResponseBO37#37",
		"@value":{}
	},
	{
		"@type":"vip.joinsun.dto.order.ThirdOrderResponseBO38#38",
		"@value":{}
	},
	{
		"@type":"vip.joinsun.dto.order.ThirdOrderResponseBO39#39",
		"@value":{}
	},
	{
		"@type":"vip.joinsun.dto.order.ThirdOrderResponseBO40#40",
		"@value":{}
	},
	{
		"@type":"vip.joinsun.dto.order.ThirdOrderResponseBO41#41",
		"@value":{}
	},
	{
		"@type":"vip.joinsun.dto.order.ThirdOrderResponseBO42#42",
		"@value":{}
	},
	{
		"@type":"vip.joinsun.dto.order.ThirdOrderResponseBO43#43",
		"@value":{}
	},
	{
		"@type":"vip.joinsun.dto.order.ThirdOrderResponseBO44#44",
		"@value":{}
	},
	{
		"@type":"vip.joinsun.dto.order.ThirdOrderResponseBO45#45",
		"@value":{}
	},
	{
		"@type":"vip.joinsun.dto.order.ThirdOrderResponseBO46#46",
		"@value":{}
	},
	{
		"@type":"vip.joinsun.dto.order.ThirdOrderResponseBO47#47",
		"@value":{}
	},
	{
		"@type":"vip.joinsun.dto.order.ThirdOrderResponseBO48#48",
		"@value":{}
	},
	{
		"@type":"vip.joinsun.dto.order.ThirdOrderResponseBO49#49",
		"@value":{}
	},
	{
		"@type":"vip.joinsun.dto.order.ThirdOrderResponseBO50#50",
		"@value":{}
	},
	{
		"@type":"vip.joinsun.dto.order.ThirdOrderResponseBO51#51",
		"@value":{}
	},
	{
		"@type":"vip.joinsun.dto.order.ThirdOrderResponseBO52#52",
		"@value":{}
	},
	{
		"@type":"vip.joinsun.dto.order.ThirdOrderResponseBO53#53",
		"@value":{}
	},
	{
		"@type":"vip.joinsun.dto.order.ThirdOrderResponseBO54#54",
		"@value":{}
	},
	{
		"@type":"vip.joinsun.dto.order.ThirdOrderResponseBO55#55",
		"@value":{}
	},
	{
		"@type":"vip.joinsun.dto.order.ThirdOrderResponseBO56#56",
		"@value":{}
	},
	{
		"@type":"vip.joinsun.dto.order.ThirdOrderResponseBO57#57",
		"@value":{}
	},
	{
		"@type":"vip.joinsun.dto.order.ThirdOrderResponseBO58#58",
		"@value":{}
	},
	{
		"@type":"vip.joinsun.dto.order.ThirdOrderResponseBO59#59",
		"@value":{}
	},
	{
		"@type":"vip.joinsun.dto.order.ThirdOrderResponseBO60#60",
		"@value":{}
	},
	{
		"@type":"vip.joinsun.dto.order.ThirdOrderResponseBO61#61",
		"@value":{}
	},
	{
		"@type":"vip.joinsun.dto.order.ThirdOrderResponseBO62#62",
		"@value":{}
	},
	{
		"@type":"vip.joinsun.dto.order.ThirdOrderResponseBO63#63",
		"@value":{}
	},
	{
		"@type":"vip.joinsun.dto.order.ThirdOrderResponseBO64#64",
		"@value":{}
	},
	{
		"@type":"vip.joinsun.dto.order.ThirdOrderResponseBO65#65",
		"@value":{}
	},
	{
		"@type":"vip.joinsun.dto.order.ThirdOrderResponseBO66#66",
		"@value":{}
	},
	{
		"@type":"vip.joinsun.dto.order.ThirdOrderResponseBO67#67",
		"@value":{}
	},
	{
		"@type":"vip.joinsun.dto.order.ThirdOrderResponseBO68#68",
		"@value":{}
	},
	{
		"@type":"vip.joinsun.dto.order.ThirdOrderResponseBO69#69",
		"@value":{}
	},
	{
		"@type":"vip.joinsun.dto.order.ThirdOrderResponseBO70#70",
		"@value":{}
	},
	{
		"@type":"vip.joinsun.dto.order.ThirdOrderResponseBO71#71",
		"@value":{}
	},
	{
		"@type":"vip.joinsun.dto.order.ThirdOrderResponseBO72#72",
		"@value":{}
	},
	{
		"@type":"vip.joinsun.dto.order.ThirdOrderResponseBO73#73",
		"@value":{}
	},
	{
		"@type":"vip.joinsun.dto.order.ThirdOrderResponseBO74#74",
		"@value":{}
	},
	{
		"@type":"vip.joinsun.dto.order.ThirdOrderResponseBO75#75",
		"@value":{}
	},
	{
		"@type":"vip.joinsun.dto.order.ThirdOrderResponseBO76#76",
		"@value":{}
	},
	{
		"@type":"vip.joinsun.dto.order.ThirdOrderResponseBO77#77",
		"@value":{}
	},
	{
		"@type":"vip.joinsun.dto.order.ThirdOrderResponseBO78#78",
		"@value":{}
	},
	{
		"@type":"vip.joinsun.dto.order.ThirdOrderResponseBO79#79",
		"@value":{}
	},
	{
		"@type":"vip.joinsun.dto.order.ThirdOrderResponseBO80#80",
		"@value":{}
	},
	{
		"@type":"vip.joinsun.dto.order.ThirdOrderResponseBO81#81",
		"@value":{}
	},
	{
		"@type":"vip.joinsun.dto.order.ThirdOrderResponseBO82#82",
		"@value":{}
	},
	{
		"@type":"vip.joinsun.dto.order.ThirdOrderResponseBO83#83",
		"@value":{}
	},
	{
		"@type":"vip.joinsun.dto.order.ThirdOrderResponseBO84#84",
		"@value":{}
	},
	{
		"@type":"vip.joinsun.dto.order.ThirdOrderResponseBO85#85",
		"@value":{}
	},
	{
		"@type":"vip.joinsun.dto.order.ThirdOrderResponseBO86#86",
		"@value":{}
	},
	{
		"@type":"vip.joinsun.dto.order.ThirdOrderResponseBO87#87",
		"@value":{}
	},
	{
		"@type":"vip.joinsun.dto.order.ThirdOrderResponseBO88#88",
		"@value":{}
	},
	{
		"@type":"vip.joinsun.dto.order.ThirdOrderResponseBO89#89",
		"@value":{}
	},
	{
		"@type":"vip.joinsun.dto.order.ThirdOrderResponseBO90#90",
		"@value":{}
	},
	{
		"@type":"vip.joinsun.dto.order.ThirdOrderResponseBO91#91",
		"@value":{}
	},
	{
		"@type":"vip.joinsun.dto.order.ThirdOrderResponseBO92#92",
		"@value":{}
	},
	{
		"@type":"vip.joinsun.dto.order.ThirdOrderResponseBO93#93",
		"@value":{}
	},
	{
		"@type":"vip.joinsun.dto.order.ThirdOrderResponseBO94#94",
		"@value":{}
	},
	{
		"@type":"vip.joinsun.dto.order.ThirdOrderResponseBO95#95",
		"@value":{}
	},
	{
		"@type":"vip.joinsun.dto.order.ThirdOrderResponseBO96#96",
		"@value":{}
	},
	{
		"@type":"vip.joinsun.dto.order.ThirdOrderResponseBO97#97",
		"@value":{}
	},
	{
		"@type":"vip.joinsun.dto.order.ThirdOrderResponseBO98#98",
		"@value":{}
	},
	{
		"@type":"vip.joinsun.dto.order.ThirdOrderResponseBO99#99",
		"@value":{}
	},
	{
		"@type":"vip.joinsun.dto.order.ThirdOrderResponseBO100#100",
		"@value":{}
	},
	{
		"@type":"vip.joinsun.dto.order.ThirdOrderResponseBO101#101",
		"@value":{}
	},
	{
		"@type":"vip.joinsun.dto.order.ThirdOrderResponseBO102#102",
		"@value":{}
	},
	{
		"@type":"vip.joinsun.dto.order.ThirdOrderResponseBO103#103",
		"@value":{}
	},
	{
		"@type":"vip.joinsun.dto.order.ThirdOrderResponseBO104#104",
		"@value":{}
	},
	{
		"@type":"vip.joinsun.dto.order.ThirdOrderResponseBO105#105",
		"@value":{}
	},
	{
		"@type":"vip.joinsun.dto.order.ThirdOrderResponseBO106#106",
		"@value":{}
	},
	{
		"@type":"vip.joinsun.dto.order.ThirdOrderResponseBO107#107",
		"@value":{}
	},
	{
		"@type":"vip.joinsun.dto.order.ThirdOrderResponseBO108#108",
		"@value":{}
	},
	{
		"@type":"vip.joinsun.dto.order.ThirdOrderResponseBO109#109",
		"@value":{}
	},
	{
		"@type":"vip.joinsun.dto.order.ThirdOrderResponseBO110#110",
		"@value":{}
	},
	{
		"@type":"vip.joinsun.dto.order.ThirdOrderResponseBO111#111",
		"@value":{}
	},
	{
		"@type":"vip.joinsun.dto.order.ThirdOrderResponseBO112#112",
		"@value":{}
	},
	{
		"@type":"vip.joinsun.dto.order.ThirdOrderResponseBO113#113",
		"@value":{}
	},
	{
		"@type":"vip.joinsun.dto.order.ThirdOrderResponseBO114#114",
		"@value":{}
	},
	{
		"@type":"vip.joinsun.dto.order.ThirdOrderResponseBO115#115",
		"@value":{}
	},
	{
		"@type":"vip.joinsun.dto.order.ThirdOrderResponseBO116#116",
		"@value":{}
	},
	{
		"@type":"vip.joinsun.dto.order.ThirdOrderResponseBO117#117",
		"@value":{}
	},
	{
		"@type":"vip.joinsun.dto.order.ThirdOrderResponseBO118#118",
		"@value":{}
	},
	{
		"@type":"vip.joinsun.dto.order.ThirdOrderResponseBO119#119",
		"@value":{}
	},
	{
		"@type":"vip.joinsun.dto.order.ThirdOrderResponseBO120#120",
		"@value":{}
	},
	{
		"@type":"vip.joinsun.dto.order.ThirdOrderResponseBO121#121",
		"@value":{}
	},
	{
		"@type":"vip.joinsun.dto.order.ThirdOrderResponseBO122#122",
		"@value":{}
	},
	{
		"@type":"vip.joinsun.dto.order.ThirdOrderResponseBO123#123",
		"@value":{}
	},
	{
		"@type":"vip.joinsun.dto.order.ThirdOrderResponseBO124#124",
		"@value":{}
	},
	{
		"@type":"vip.joinsun.dto.order.ThirdOrderResponseBO125#125",
		"@value":{}
	},
	{
		"@type":"vip.joinsun.dto.order.ThirdOrderResponseBO126#126",
		"@value":{}
	},
	{
		"@type":"vip.joinsun.dto.order.ThirdOrderResponseBO127#127",
		"@value":{}
	},
	{
		"@type":"vip.joinsun.dto.order.ThirdOrderResponseBO128#128",
		"@value":{}
	},
	{
		"@type":"vip.joinsun.dto.order.ThirdOrderResponseBO129#129",
		"@value":{}
	},
	{
		"@type":"vip.joinsun.dto.order.ThirdOrderResponseBO130#130",
		"@value":{}
	},
	{
		"@type":"vip.joinsun.dto.order.ThirdOrderResponseBO131#131",
		"@value":{}
	},
	{
		"@type":"vip.joinsun.dto.order.ThirdOrderResponseBO132#132",
		"@value":{}
	},
	{
		"@type":"vip.joinsun.dto.order.ThirdOrderResponseBO133#133",
		"@value":{}
	},
	{
		"@type":"vip.joinsun.dto.order.ThirdOrderResponseBO134#134",
		"@value":{}
	},
	{
		"@type":"vip.joinsun.dto.order.ThirdOrderResponseBO135#135",
		"@value":{}
	},
	{
		"@type":"vip.joinsun.dto.order.ThirdOrderResponseBO136#136",
		"@value":{}
	},
	{
		"@type":"vip.joinsun.dto.goods.ProjectGoodsSkuDTO#137",
		"@value":{}
	}
]
{
	"id":"id#0",
	"id":"#0"
}
{
	"value":""
}
{
	"value":""
}
123
Result1: "abc"
Result2: "hij"
Result: "cde"
Result: "de"

Oct 07, 2026 12:47:49 AM org.javamoney.moneta.DefaultMonetaryContextFactory createMonetaryContextNonNullConfig
INFO: Using custom MathContext: precision=256, roundingMode=HALF_EVEN
{"name2":["name2_0","name2_1"]}
{
	"color":{
		"name":"red"
	}
}
{
	"color":{
		"name":"red"
	}
}
{
	"@type":"java.time.format.DateTimeParseException#0",
	"@value":{
		"detailMessage#1":"msg",
		"parsedString#2":"input",
		"stackTrace#3":[
			{
				"fileName#4":"DubboTest4.java",
				"lineNumber#5":209,
				"className#6":"com.alibaba.fastjson2.dubbo.DubboTest4",
				"methodName#7":"testDateTimeParseException"
			},
			{
				"#4":"DirectMethodHandleAccessor.java",
				"#5":104,
				"#6":"jdk.internal.reflect.DirectMethodHandleAccessor",
				"#7":"invoke"
			},
			{
				"#4":"Method.java",
				"#5":565,
				"#6":"java.lang.reflect.Method",
				"#7":"invoke"
			},
			{
				"#4":"ReflectionUtils.java",
				"#5":787,
				"#6":"org.junit.platform.commons.util.ReflectionUtils",
				"#7":"invokeMethod"
			},
			{
				"#4":"ReflectionSupport.java",
				"#5":478,
				"#6":"org.junit.platform.commons.support.ReflectionSupport",
				"#7":"invokeMethod"
			},
			{
				"#4":"MethodInvocation.java",
				"#5":60,
				"#6":"org.junit.jupiter.engine.execution.MethodInvocation",
				"#7":"proceed"
			},
			{
				"#4":"InvocationInterceptorChain.java",
				"#5":131,
				"#6":"org.junit.jupiter.engine.execution.InvocationInterceptorChain$ValidatingInvocation",
				"#7":"proceed"
			},
			{
				"#4":"TimeoutExtension.java",
				"#5":161,
				"#6":"org.junit.jupiter.engine.extension.TimeoutExtension",
				"#7":"intercept"
			},
			{
				"#4":"TimeoutExtension.java",
				"#5":152,
				"#6":"org.junit.jupiter.engine.extension.TimeoutExtension",
				"#7":"interceptTestableMethod"
			},
			{
				"#4":"TimeoutExtension.java",
				"#5":91,
				"#6":"org.junit.jupiter.engine.extension.TimeoutExtension",
				"#7":"interceptTestMethod"
			},
			{
				"#4":"InterceptingExecutableInvoker.java",
				"#5":112,
				"#6":"org.junit.jupiter.engine.execution.InterceptingExecutableInvoker$ReflectiveInterceptorCall",
				"#7":"lambda$ofVoidMethod$0"
			},
			{
				"#4":"InterceptingExecutableInvoker.java",
				"#5":94,
				"#6":"org.junit.jupiter.engine.execution.InterceptingExecutableInvoker",
				"#7":"lambda$invoke$0"
			},
			{
				"#4":"InvocationInterceptorChain.java",
				"#5":106,
				"#6":"org.junit.jupiter.engine.execution.InvocationInterceptorChain$InterceptedInvocation",
				"#7":"proceed"
			},
			{
				"#4":"InvocationInterceptorChain.java",
				"#5":64,
				"#6":"org.junit.jupiter.engine.execution.InvocationInterceptorChain",
				"#7":"proceed"
			},
			{
				"#4":"InvocationInterceptorChain.java",
				"#5":45,
				"#6":"org.junit.jupiter.engine.execution.InvocationInterceptorChain",
				"#7":"chainAndInvoke"
			},
			{
				"#4":"InvocationInterceptorChain.java",
				"#5":37,
				"#6":"org.junit.jupiter.engine.execution.InvocationInterceptorChain",
				"#7":"invoke"
			},
			{
				"#4":"InterceptingExecutableInvoker.java",
				"#5":93,
				"#6":"org.junit.jupiter.engine.execution.InterceptingExecutableInvoker",
				"#7":"invoke"
			},
			{
				"#4":"InterceptingExecutableInvoker.java",
				"#5":87,
				"#6":"org.junit.jupiter.engine.execution.InterceptingExecutableInvoker",
				"#7":"invoke"
			},
			{
				"#4":"TestMethodTestDescriptor.java",
				"#5":221,
				"#6":"org.junit.jupiter.engine.descriptor.TestMethodTestDescriptor",
				"#7":"lambda$invokeTestMethod$4"
			},
			{
				"#4":"ThrowableCollector.java",
				"#5":73,
				"#6":"org.junit.platform.engine.support.hierarchical.ThrowableCollector",
				"#7":"execute"
			},
			{
				"#4":"TestMethodTestDescriptor.java",
				"#5":217,
				"#6":"org.junit.jupiter.engine.descriptor.TestMethodTestDescriptor",
				"#7":"invokeTestMethod"
			},
			{
				"#4":"TestMethodTestDescriptor.java",
				"#5":159,
				"#6":"org.junit.jupiter.engine.descriptor.TestMethodTestDescriptor",
				"#7":"execute"
			},
			{
				"#4":"TestMethodTestDescriptor.java",
				"#5":70,
				"#6":"org.junit.jupiter.engine.descriptor.TestMethodTestDescriptor",
				"#7":"execute"
			},
			{
				"#4":"NodeTestTask.java",
				"#5":157,
				"#6":"org.junit.platform.engine.support.hierarchical.NodeTestTask",
				"#7":"lambda$executeRecursively$6"
			},
			{
				"#4":"ThrowableCollector.java",
				"#5":73,
				"#6":"org.junit.platform.engine.support.hierarchical.ThrowableCollector",
				"#7":"execute"
			},
			{
				"#4":"NodeTestTask.java",
				"#5":147,
				"#6":"org.junit.platform.engine.support.hierarchical.NodeTestTask",
				"#7":"lambda$executeRecursively$8"
			},
			{
				"#4":"Node.java",
				"#5":137,
				"#6":"org.junit.platform.engine.support.hierarchical.Node",
				"#7":"around"
			},
			{
				"#4":"NodeTestTask.java",
				"#5":145,
				"#6":"org.junit.platform.engine.support.hierarchical.NodeTestTask",
				"#7":"lambda$executeRecursively$9"
			},
			{
				"#4":"ThrowableCollector.java",
				"#5":73,
				"#6":"org.junit.platform.engine.support.hierarchical.ThrowableCollector",
				"#7":"execute"
			},
			{
				"#4":"NodeTestTask.java",
				"#5":144,
				"#6":"org.junit.platform.engine.support.hierarchical.NodeTestTask",
				"#7":"executeRecursively"
			},
			{
				"#4":"NodeTestTask.java",
				"#5":101,
				"#6":"org.junit.platform.engine.support.hierarchical.NodeTestTask",
				"#7":"execute"
			},
			{
				"#4":"ArrayList.java",
				"#5":1604,
				"#6":"java.util.ArrayList",
				"#7":"forEach"
			},
			{
				"#4":"SameThreadHierarchicalTestExecutorService.java",
				"#5":41,
				"#6":"org.junit.platform.engine.support.hierarchical.SameThreadHierarchicalTestExecutorService",
				"#7":"invokeAll"
			},
			{
				"#4":"NodeTestTask.java",
				"#5":161,
				"#6":"org.junit.platform.engine.support.hierarchical.NodeTestTask",
				"#7":"lambda$executeRecursively$6"
			},
			{
				"#4":"ThrowableCollector.java",
				"#5":73,
				"#6":"org.junit.platform.engine.support.hierarchical.ThrowableCollector",
				"#7":"execute"
			},
			{
				"#4":"NodeTestTask.java",
				"#5":147,
				"#6":"org.junit.platform.engine.support.hierarchical.NodeTestTask",
				"#7":"lambda$executeRecursively$8"
			},
			{
				"#4":"Node.java",
				"#5":137,
				"#6":"org.junit.platform.engine.support.hierarchical.Node",
				"#7":"around"
			},
			{
				"#4":"NodeTestTask.java",
				"#5":145,
				"#6":"org.junit.platform.engine.support.hierarchical.NodeTestTask",
				"#7":"lambda$executeRecursively$9"
			},
			{
				"#4":"ThrowableCollector.java",
				"#5":73,
				"#6":"org.junit.platform.engine.support.hierarchical.ThrowableCollector",
				"#7":"execute"
			},
			{
				"#4":"NodeTestTask.java",
				"#5":144,
				"#6":"org.junit.platform.engine.support.hierarchical.NodeTestTask",
				"#7":"executeRecursively"
			},
			{
				"#4":"NodeTestTask.java",
				"#5":101,
				"#6":"org.junit.platform.engine.support.hierarchical.NodeTestTask",
				"#7":"execute"
			},
			{
				"#4":"ArrayList.java",
				"#5":1604,
				"#6":"java.util.ArrayList",
				"#7":"forEach"
			},
			{
				"#4":"SameThreadHierarchicalTestExecutorService.java",
				"#5":41,
				"#6":"org.junit.platform.engine.support.hierarchical.SameThreadHierarchicalTestExecutorService",
				"#7":"invokeAll"
			},
			{
				"#4":"NodeTestTask.java",
				"#5":161,
				"#6":"org.junit.platform.engine.support.hierarchical.NodeTestTask",
				"#7":"lambda$executeRecursively$6"
			},
			{
				"#4":"ThrowableCollector.java",
				"#5":73,
				"#6":"org.junit.platform.engine.support.hierarchical.ThrowableCollector",
				"#7":"execute"
			},
			{
				"#4":"NodeTestTask.java",
				"#5":147,
				"#6":"org.junit.platform.engine.support.hierarchical.NodeTestTask",
				"#7":"lambda$executeRecursively$8"
			},
			{
				"#4":"Node.java",
				"#5":137,
				"#6":"org.junit.platform.engine.support.hierarchical.Node",
				"#7":"around"
			},
			{
				"#4":"NodeTestTask.java",
				"#5":145,
				"#6":"org.junit.platform.engine.support.hierarchical.NodeTestTask",
				"#7":"lambda$executeRecursively$9"
			},
			{
				"#4":"ThrowableCollector.java",
				"#5":73,
				"#6":"org.junit.platform.engine.support.hierarchical.ThrowableCollector",
				"#7":"execute"
			},
			{
				"#4":"NodeTestTask.java",
				"#5":144,
				"#6":"org.junit.platform.engine.support.hierarchical.NodeTestTask",
				"#7":"executeRecursively"
			},
			{
				"#4":"NodeTestTask.java",
				"#5":101,
				"#6":"org.junit.platform.engine.support.hierarchical.NodeTestTask",
				"#7":"execute"
			},
			{
				"#4":"SameThreadHierarchicalTestExecutorService.java",
				"#5":35,
				"#6":"org.junit.platform.engine.support.hierarchical.SameThreadHierarchicalTestExecutorService",
				"#7":"submit"
			},
			{
				"#4":"HierarchicalTestExecutor.java",
				"#5":57,
				"#6":"org.junit.platform.engine.support.hierarchical.HierarchicalTestExecutor",
				"#7":"execute"
			},
			{
				"#4":"HierarchicalTestEngine.java",
				"#5":54,
				"#6":"org.junit.platform.engine.support.hierarchical.HierarchicalTestEngine",
				"#7":"execute"
			},
			{
				"#4":"EngineExecutionOrchestrator.java",
				"#5":230,
				"#6":"org.junit.platform.launcher.core.EngineExecutionOrchestrator",
				"#7":"executeEngine"
			},
			{
				"#4":"EngineExecutionOrchestrator.java",
				"#5":204,
				"#6":"org.junit.platform.launcher.core.EngineExecutionOrchestrator",
				"#7":"failOrExecuteEngine"
			},
			{
				"#4":"EngineExecutionOrchestrator.java",
				"#5":172,
				"#6":"org.junit.platform.launcher.core.EngineExecutionOrchestrator",
				"#7":"execute"
			},
			{
				"#4":"EngineExecutionOrchestrator.java",
				"#5":101,
				"#6":"org.junit.platform.launcher.core.EngineExecutionOrchestrator",
				"#7":"execute"
			},
			{
				"#4":"EngineExecutionOrchestrator.java",
				"#5":64,
				"#6":"org.junit.platform.launcher.core.EngineExecutionOrchestrator",
				"#7":"lambda$execute$0"
			},
			{
				"#4":"EngineExecutionOrchestrator.java",
				"#5":150,
				"#6":"org.junit.platform.launcher.core.EngineExecutionOrchestrator",
				"#7":"withInterceptedStreams"
			},
			{
				"#4":"EngineExecutionOrchestrator.java",
				"#5":63,
				"#6":"org.junit.platform.launcher.core.EngineExecutionOrchestrator",
				"#7":"execute"
			},
			{
				"#4":"DefaultLauncher.java",
				"#5":109,
				"#6":"org.junit.platform.launcher.core.DefaultLauncher",
				"#7":"execute"
			},
			{
				"#4":"DefaultLauncher.java",
				"#5":91,
				"#6":"org.junit.platform.launcher.core.DefaultLauncher",
				"#7":"execute"
			},
			{
				"#4":"DelegatingLauncher.java",
				"#5":47,
				"#6":"org.junit.platform.launcher.core.DelegatingLauncher",
				"#7":"execute"
			},
			{
				"#4":"InterceptingLauncher.java",
				"#5":39,
				"#6":"org.junit.platform.launcher.core.InterceptingLauncher",
				"#7":"lambda$execute$1"
			},
			{
				"#4":"ClasspathAlignmentCheckingLauncherInterceptor.java",
				"#5":25,
				"#6":"org.junit.platform.launcher.core.ClasspathAlignmentCheckingLauncherInterceptor",
				"#7":"intercept"
			},
			{
				"#4":"InterceptingLauncher.java",
				"#5":38,
				"#6":"org.junit.platform.launcher.core.InterceptingLauncher",
				"#7":"execute"
			},
			{
				"#4":"DelegatingLauncher.java",
				"#5":47,
				"#6":"org.junit.platform.launcher.core.DelegatingLauncher",
				"#7":"execute"
			},
			{
				"#4":"LazyLauncher.java",
				"#5":56,
				"#6":"org.apache.maven.surefire.junitplatform.LazyLauncher",
				"#7":"execute"
			},
			{
				"#4":"JUnitPlatformProvider.java",
				"#5":194,
				"#6":"org.apache.maven.surefire.junitplatform.JUnitPlatformProvider",
				"#7":"execute"
			},
			{
				"#4":"JUnitPlatformProvider.java",
				"#5":150,
				"#6":"org.apache.maven.surefire.junitplatform.JUnitPlatformProvider",
				"#7":"invokeAllTests"
			},
			{
				"#4":"JUnitPlatformProvider.java",
				"#5":124,
				"#6":"org.apache.maven.surefire.junitplatform.JUnitPlatformProvider",
				"#7":"invoke"
			},
			{
				"#4":"ForkedBooter.java",
				"#5":385,
				"#6":"org.apache.maven.surefire.booter.ForkedBooter",
				"#7":"runSuitesInProcess"
			},
			{
				"#4":"ForkedBooter.java",
				"#5":162,
				"#6":"org.apache.maven.surefire.booter.ForkedBooter",
				"#7":"execute"
			},
			{
				"#4":"ForkedBooter.java",
				"#5":507,
				"#6":"org.apache.maven.surefire.booter.ForkedBooter",
				"#7":"run"
			},
			{
				"#4":"ForkedBooter.java",
				"#5":495,
				"#6":"org.apache.maven.surefire.booter.ForkedBooter",
				"#7":"main"
			}
		],
		"suppressedExceptions#8":{
			"@type":"java.util.Collections$EmptyList#9",
			"@value":[]
		}
	}
}
{
	"@type":"org.apache.dubbo.springboot.demo.ServiceException",
	"cause":{
		"@type":"org.apache.dubbo.springboot.demo.BusinessException",
		"message":"报错啦。。",
		"stackTrace":[
			{
				"fileName":"DemoServiceImpl.java",
				"lineNumber":42,
				"className":"org.apache.dubbo.springboot.demo.provider.DemoServiceImpl",
				"methodName":"sayHello"
			},
			{
				"fileName":"DemoServiceImplDubboWrap0.java",
				"lineNumber":-1,
				"className":"org.apache.dubbo.springboot.demo.provider.DemoServiceImplDubboWrap0",
				"methodName":"invokeMethod"
			},
			{
				"fileName":"JavassistProxyFactory.java",
				"lineNumber":73,
				"className":"org.apache.dubbo.rpc.proxy.javassist.JavassistProxyFactory$1",
				"methodName":"doInvoke"
			},
			{
				"fileName":"AbstractProxyInvoker.java",
				"lineNumber":100,
				"className":"org.apache.dubbo.rpc.proxy.AbstractProxyInvoker",
				"methodName":"invoke"
			},
			{
				"fileName":"DelegateProviderMetaDataInvoker.java",
				"lineNumber":55,
				"className":"org.apache.dubbo.config.invoker.DelegateProviderMetaDataInvoker",
				"methodName":"invoke"
			},
			{
				"fileName":"InvokerWrapper.java",
				"lineNumber":56,
				"className":"org.apache.dubbo.rpc.protocol.InvokerWrapper",
				"methodName":"invoke"
			},
			{
				"fileName":"ClassLoaderCallbackFilter.java",
				"lineNumber":38,
				"className":"org.apache.dubbo.rpc.filter.ClassLoaderCallbackFilter",
				"methodName":"invoke"
			},
			{
				"fileName":"FilterChainBuilder.java",
				"lineNumber":327,
				"className":"org.apache.dubbo.rpc.cluster.filter.FilterChainBuilder$CopyOfFilterChainNode",
				"methodName":"invoke"
			},
			{
				"fileName":"TraceFilter.java",
				"lineNumber":79,
				"className":"org.apache.dubbo.rpc.protocol.dubbo.filter.TraceFilter",
				"methodName":"invoke"
			},
			{
				"fileName":"FilterChainBuilder.java",
				"lineNumber":327,
				"className":"org.apache.dubbo.rpc.cluster.filter.FilterChainBuilder$CopyOfFilterChainNode",
				"methodName":"invoke"
			},
			{
				"fileName":"TimeoutFilter.java",
				"lineNumber":44,
				"className":"org.apache.dubbo.rpc.filter.TimeoutFilter",
				"methodName":"invoke"
			},
			{
				"fileName":"FilterChainBuilder.java",
				"lineNumber":327,
				"className":"org.apache.dubbo.rpc.cluster.filter.FilterChainBuilder$CopyOfFilterChainNode",
				"methodName":"invoke"
			},
			{
				"fileName":"MonitorFilter.java",
				"lineNumber":100,
				"className":"org.apache.dubbo.monitor.support.MonitorFilter",
				"methodName":"invoke"
			},
			{
				"fileName":"FilterChainBuilder.java",
				"lineNumber":327,
				"className":"org.apache.dubbo.rpc.cluster.filter.FilterChainBuilder$CopyOfFilterChainNode",
				"methodName":"invoke"
			},
			{
				"fileName":"ExceptionFilter.java",
				"lineNumber":54,
				"className":"org.apache.dubbo.rpc.filter.ExceptionFilter",
				"methodName":"invoke"
			},
			{
				"fileName":"FilterChainBuilder.java",
				"lineNumber":327,
				"className":"org.apache.dubbo.rpc.cluster.filter.FilterChainBuilder$CopyOfFilterChainNode",
				"methodName":"invoke"
			},
			{
				"fileName":"DubboExceptionFilter.java",
				"lineNumber":32,
				"className":"org.apache.dubbo.springboot.demo.provider.DubboExceptionFilter",
				"methodName":"invoke"
			},
			{
				"fileName":"FilterChainBuilder.java",
				"lineNumber":327,
				"className":"org.apache.dubbo.rpc.cluster.filter.FilterChainBuilder$CopyOfFilterChainNode",
				"methodName":"invoke"
			},
			{
				"fileName":"GenericFilter.java",
				"lineNumber":192,
				"className":"org.apache.dubbo.rpc.filter.GenericFilter",
				"methodName":"invoke"
			},
			{
				"fileName":"FilterChainBuilder.java",
				"lineNumber":327,
				"className":"org.apache.dubbo.rpc.cluster.filter.FilterChainBuilder$CopyOfFilterChainNode",
				"methodName":"invoke"
			},
			{
				"fileName":"ClassLoaderFilter.java",
				"lineNumber":54,
				"className":"org.apache.dubbo.rpc.filter.ClassLoaderFilter",
				"methodName":"invoke"
			},
			{
				"fileName":"FilterChainBuilder.java",
				"lineNumber":327,
				"className":"org.apache.dubbo.rpc.cluster.filter.FilterChainBuilder$CopyOfFilterChainNode",
				"methodName":"invoke"
			},
			{
				"fileName":"EchoFilter.java",
				"lineNumber":41,
				"className":"org.apache.dubbo.rpc.filter.EchoFilter",
				"methodName":"invoke"
			},
			{
				"fileName":"FilterChainBuilder.java",
				"lineNumber":327,
				"className":"org.apache.dubbo.rpc.cluster.filter.FilterChainBuilder$CopyOfFilterChainNode",
				"methodName":"invoke"
			},
			{
				"fileName":"ProfilerServerFilter.java",
				"lineNumber":58,
				"className":"org.apache.dubbo.rpc.filter.ProfilerServerFilter",
				"methodName":"invoke"
			},
			{
				"fileName":"FilterChainBuilder.java",
				"lineNumber":327,
				"className":"org.apache.dubbo.rpc.cluster.filter.FilterChainBuilder$CopyOfFilterChainNode",
				"methodName":"invoke"
			},
			{
				"fileName":"ContextFilter.java",
				"lineNumber":133,
				"className":"org.apache.dubbo.rpc.filter.ContextFilter",
				"methodName":"invoke"
			},
			{
				"fileName":"FilterChainBuilder.java",
				"lineNumber":327,
				"className":"org.apache.dubbo.rpc.cluster.filter.FilterChainBuilder$CopyOfFilterChainNode",
				"methodName":"invoke"
			},
			{
				"fileName":"FilterChainBuilder.java",
				"lineNumber":194,
				"className":"org.apache.dubbo.rpc.cluster.filter.FilterChainBuilder$CallbackRegistrationInvoker",
				"methodName":"invoke"
			},
			{
				"fileName":"DubboProtocol.java",
				"lineNumber":156,
				"className":"org.apache.dubbo.rpc.protocol.dubbo.DubboProtocol$1",
				"methodName":"reply"
			},
			{
				"fileName":"HeaderExchangeHandler.java",
				"lineNumber":102,
				"className":"org.apache.dubbo.remoting.exchange.support.header.HeaderExchangeHandler",
				"methodName":"handleRequest"
			},
			{
				"fileName":"HeaderExchangeHandler.java",
				"lineNumber":177,
				"className":"org.apache.dubbo.remoting.exchange.support.header.HeaderExchangeHandler",
				"methodName":"received"
			},
			{
				"fileName":"DecodeHandler.java",
				"lineNumber":53,
				"className":"org.apache.dubbo.remoting.transport.DecodeHandler",
				"methodName":"received"
			},
			{
				"fileName":"ChannelEventRunnable.java",
				"lineNumber":62,
				"className":"org.apache.dubbo.remoting.transport.dispatcher.ChannelEventRunnable",
				"methodName":"run"
			},
			{
				"fileName":"ThreadPoolExecutor.java",
				"lineNumber":1149,
				"className":"java.util.concurrent.ThreadPoolExecutor",
				"methodName":"runWorker"
			},
			{
				"fileName":"ThreadPoolExecutor.java",
				"lineNumber":624,
				"className":"java.util.concurrent.ThreadPoolExecutor$Worker",
				"methodName":"run"
			},
			{
				"fileName":"InternalRunnable.java",
				"lineNumber":41,
				"className":"org.apache.dubbo.common.threadlocal.InternalRunnable",
				"methodName":"run"
			},
			{
				"fileName":"Thread.java",
				"lineNumber":748,
				"className":"java.lang.Thread",
				"methodName":"run"
			}
		],
		"suppressedExceptions":{
			"@type":"java.util.Collections$UnmodifiableRandomAccessList",
			"@value":[]
		}
	},
	"detailMessage":"org.apache.dubbo.springboot.demo.BusinessException: 报错啦。。",
	"stackTrace":[
		{
			"fileName":"DubboExceptionFilter.java",
			"lineNumber":41,
			"className":"org.apache.dubbo.springboot.demo.provider.DubboExceptionFilter",
			"methodName":"onResponse"
		},
		{
			"fileName":"FilterChainBuilder.java",
			"lineNumber":218,
			"className":"org.apache.dubbo.rpc.cluster.filter.FilterChainBuilder$CallbackRegistrationInvoker",
			"methodName":"lambda$invoke$1"
		},
		{
			"fileName":"AsyncRpcResult.java",
			"lineNumber":216,
			"className":"org.apache.dubbo.rpc.AsyncRpcResult",
			"methodName":"lambda$whenCompleteWithContext$0"
		},
		{
			"fileName":"CompletableFuture.java",
			"lineNumber":774,
			"className":"java.util.concurrent.CompletableFuture",
			"methodName":"uniWhenComplete"
		},
		{
			"fileName":"CompletableFuture.java",
			"lineNumber":792,
			"className":"java.util.concurrent.CompletableFuture",
			"methodName":"uniWhenCompleteStage"
		},
		{
			"fileName":"CompletableFuture.java",
			"lineNumber":2153,
			"className":"java.util.concurrent.CompletableFuture",
			"methodName":"whenComplete"
		},
		{
			"fileName":"AsyncRpcResult.java",
			"lineNumber":212,
			"className":"org.apache.dubbo.rpc.AsyncRpcResult",
			"methodName":"whenCompleteWithContext"
		},
		{
			"fileName":"FilterChainBuilder.java",
			"lineNumber":195,
			"className":"org.apache.dubbo.rpc.cluster.filter.FilterChainBuilder$CallbackRegistrationInvoker",
			"methodName":"invoke"
		},
		{
			"fileName":"DubboProtocol.java",
			"lineNumber":156,
			"className":"org.apache.dubbo.rpc.protocol.dubbo.DubboProtocol$1",
			"methodName":"reply"
		},
		{
			"fileName":"HeaderExchangeHandler.java",
			"lineNumber":102,
			"className":"org.apache.dubbo.remoting.exchange.support.header.HeaderExchangeHandler",
			"methodName":"handleRequest"
		},
		{
			"fileName":"HeaderExchangeHandler.java",
			"lineNumber":177,
			"className":"org.apache.dubbo.remoting.exchange.support.header.HeaderExchangeHandler",
			"methodName":"received"
		},
		{
			"fileName":"DecodeHandler.java",
			"lineNumber":53,
			"className":"org.apache.dubbo.remoting.transport.DecodeHandler",
			"methodName":"received"
		},
		{
			"fileName":"ChannelEventRunnable.java",
			"lineNumber":62,
			"className":"org.apache.dubbo.remoting.transport.dispatcher.ChannelEventRunnable",
			"methodName":"run"
		},
		{
			"fileName":"ThreadPoolExecutor.java",
			"lineNumber":1149,
			"className":"java.util.concurrent.ThreadPoolExecutor",
			"methodName":"runWorker"
		},
		{
			"fileName":"ThreadPoolExecutor.java",
			"lineNumber":624,
			"className":"java.util.concurrent.ThreadPoolExecutor$Worker",
			"methodName":"run"
		},
		{
			"fileName":"InternalRunnable.java",
			"lineNumber":41,
			"className":"org.apache.dubbo.common.threadlocal.InternalRunnable",
			"methodName":"run"
		},
		{
			"fileName":"Thread.java",
			"lineNumber":748,
			"className":"java.lang.Thread",
			"methodName":"run"
		}
	],
	"suppressedExceptions":{"$ref":"$.cause.suppressedExceptions"}
}
{
	"innerObject":{
		"innerB":234,
		"innerA":"v1",
		"class":"org.apache.dubbo.service.ComplexObject$InnerObject"
	}
}
{
	"@type":"com.alibaba.fastjson2.dubbo.DubboTest0$Pojo#0",
	"@value":{
		"parentClass#1":{
			"@type":"com.alibaba.fastjson2.dubbo.DubboTest0$ChildClass#2",
			"@value":{
				"param#3":"param"
			}
		}
	}
}
{
	"type":"java.lang.String"
}
{
	"bool":false,
	"card":{
		"id":"",
		"level":"C1",
		"levelValue":0,
		"years":0
	},
	"cardOrBuilder":{
		"id":"",
		"level":"C1",
		"levelValue":0,
		"years":0
	},
	"cardsCount":0,
	"cardsList":[
		
	],
	"cardsOrBuilderList":[
		
	],
	"cardsmap":{},
	"cardsmapCount":0,
	"cardsmapMap":{},
	"double":0.0,
	"fixed32":0,
	"fixed64":0,
	"float":0.0,
	"int32":0,
	"int64":0,
	"sfixed32":0,
	"sfixed64":0,
	"sint32":0,
	"sint64":0,
	"string":"some string from client",
	"uint32":0,
	"uint64":0
}
{
	"@type":"org.apache.dubbo.rpc.service.GenericException#0",
	"@value":{
		"exceptionClass#1":"",
		"exceptionMessage#2":"",
		"genericExceptionInfo#3":{
			"exClass#4":"",
			"exMsg#5":"",
			"msg#6":"",
			"stackTrace#7":[
				{
					"fileName#8":"FastJson2ObjectInput.java",
					"lineNumber#9":110,
					"className#10":"org.apache.dubbo.common.serialize.fastjson2.FastJson2ObjectInput",
					"methodName#11":"readObject"
				},
				{
					"#8":"FastJson2ObjectInput.java",
					"#9":98,
					"#10":"org.apache.dubbo.common.serialize.fastjson2.FastJson2ObjectInput",
					"#11":"readObject"
				},
				{
					"#8":"ObjectInput.java",
					"#9":74,
					"#10":"org.apache.dubbo.common.serialize.ObjectInput",
					"#11":"readThrowable"
				},
				{
					"#8":"DecodeableRpcResult.java",
					"#9":171,
					"#10":"org.apache.dubbo.rpc.protocol.dubbo.DecodeableRpcResult",
					"#11":"handleException"
				},
				{
					"#8":"DecodeableRpcResult.java",
					"#9":110,
					"#10":"org.apache.dubbo.rpc.protocol.dubbo.DecodeableRpcResult",
					"#11":"decode"
				},
				{
					"#8":"DecodeableRpcResult.java",
					"#9":138,
					"#10":"org.apache.dubbo.rpc.protocol.dubbo.DecodeableRpcResult",
					"#11":"decode"
				},
				{
					"#8":"DecodeHandler.java",
					"#9":62,
					"#10":"org.apache.dubbo.remoting.transport.DecodeHandler",
					"#11":"decode"
				},
				{
					"#8":"DecodeHandler.java",
					"#9":50,
					"#10":"org.apache.dubbo.remoting.transport.DecodeHandler",
					"#11":"received"
				},
				{
					"#8":"ChannelEventRunnable.java",
					"#9":61,
					"#10":"org.apache.dubbo.remoting.transport.dispatcher.ChannelEventRunnable",
					"#11":"run"
				},
				{
					"#8":"ThreadlessExecutor.java",
					"#9":184,
					"#10":"org.apache.dubbo.common.threadpool.ThreadlessExecutor$RunnableWrapper",
					"#11":"run"
				},
				{
					"#8":"ThreadlessExecutor.java",
					"#9":103,
					"#10":"org.apache.dubbo.common.threadpool.ThreadlessExecutor",
					"#11":"waitAndDrain"
				},
				{
					"#8":"AsyncRpcResult.java",
					"#9":194,
					"#10":"org.apache.dubbo.rpc.AsyncRpcResult",
					"#11":"get"
				},
				{
					"#8":"AbstractInvoker.java",
					"#9":277,
					"#10":"org.apache.dubbo.rpc.protocol.AbstractInvoker",
					"#11":"waitForResultIfSync"
				},
				{
					"#8":"AbstractInvoker.java",
					"#9":181,
					"#10":"org.apache.dubbo.rpc.protocol.AbstractInvoker",
					"#11":"invoke"
				},
				{
					"#8":"ListenerInvokerWrapper.java",
					"#9":70,
					"#10":"org.apache.dubbo.rpc.listener.ListenerInvokerWrapper",
					"#11":"invoke"
				},
				{
					"#8":"GenericImplFilter.java",
					"#9":102,
					"#10":"org.apache.dubbo.rpc.filter.GenericImplFilter",
					"#11":"invoke"
				},
				{
					"#8":"FilterChainBuilder.java",
					"#9":327,
					"#10":"org.apache.dubbo.rpc.cluster.filter.FilterChainBuilder$CopyOfFilterChainNode",
					"#11":"invoke"
				},
				{
					"#8":"CacheFilter.java",
					"#9":95,
					"#10":"org.apache.dubbo.cache.filter.CacheFilter",
					"#11":"invoke"
				},
				{
					"#8":"FilterChainBuilder.java",
					"#9":327,
					"#10":"org.apache.dubbo.rpc.cluster.filter.FilterChainBuilder$CopyOfFilterChainNode",
					"#11":"invoke"
				},
				{
					"#8":"FilterChainBuilder.java",
					"#9":194,
					"#10":"org.apache.dubbo.rpc.cluster.filter.FilterChainBuilder$CallbackRegistrationInvoker",
					"#11":"invoke"
				},
				{
					"#8":"AbstractClusterInvoker.java",
					"#9":379,
					"#10":"org.apache.dubbo.rpc.cluster.support.AbstractClusterInvoker",
					"#11":"invokeWithContext"
				},
				{
					"#8":"FailoverClusterInvoker.java",
					"#9":81,
					"#10":"org.apache.dubbo.rpc.cluster.support.FailoverClusterInvoker",
					"#11":"doInvoke"
				},
				{
					"#8":"AbstractClusterInvoker.java",
					"#9":341,
					"#10":"org.apache.dubbo.rpc.cluster.support.AbstractClusterInvoker",
					"#11":"invoke"
				},
				{
					"#8":"RouterSnapshotFilter.java",
					"#9":46,
					"#10":"org.apache.dubbo.rpc.cluster.router.RouterSnapshotFilter",
					"#11":"invoke"
				},
				{
					"#8":"FilterChainBuilder.java",
					"#9":327,
					"#10":"org.apache.dubbo.rpc.cluster.filter.FilterChainBuilder$CopyOfFilterChainNode",
					"#11":"invoke"
				},
				{
					"#8":"MonitorFilter.java",
					"#9":100,
					"#10":"org.apache.dubbo.monitor.support.MonitorFilter",
					"#11":"invoke"
				},
				{
					"#8":"FilterChainBuilder.java",
					"#9":327,
					"#10":"org.apache.dubbo.rpc.cluster.filter.FilterChainBuilder$CopyOfFilterChainNode",
					"#11":"invoke"
				},
				{
					"#8":"FutureFilter.java",
					"#9":52,
					"#10":"org.apache.dubbo.rpc.protocol.dubbo.filter.FutureFilter",
					"#11":"invoke"
				},
				{
					"#8":"FilterChainBuilder.java",
					"#9":327,
					"#10":"org.apache.dubbo.rpc.cluster.filter.FilterChainBuilder$CopyOfFilterChainNode",
					"#11":"invoke"
				},
				{
					"#8":"ConsumerContextFilter.java",
					"#9":108,
					"#10":"org.apache.dubbo.rpc.cluster.filter.support.ConsumerContextFilter",
					"#11":"invoke"
				},
				{
					"#8":"FilterChainBuilder.java",
					"#9":327,
					"#10":"org.apache.dubbo.rpc.cluster.filter.FilterChainBuilder$CopyOfFilterChainNode",
					"#11":"invoke"
				},
				{
					"#8":"FilterChainBuilder.java",
					"#9":194,
					"#10":"org.apache.dubbo.rpc.cluster.filter.FilterChainBuilder$CallbackRegistrationInvoker",
					"#11":"invoke"
				},
				{
					"#8":"AbstractCluster.java",
					"#9":92,
					"#10":"org.apache.dubbo.rpc.cluster.support.wrapper.AbstractCluster$ClusterFilterInvoker",
					"#11":"invoke"
				},
				{
					"#8":"MockClusterInvoker.java",
					"#9":103,
					"#10":"org.apache.dubbo.rpc.cluster.support.wrapper.MockClusterInvoker",
					"#11":"invoke"
				},
				{
					"#8":"MigrationInvoker.java",
					"#9":282,
					"#10":"org.apache.dubbo.registry.client.migration.MigrationInvoker",
					"#11":"invoke"
				},
				{
					"#8":"InvocationUtil.java",
					"#9":56,
					"#10":"org.apache.dubbo.rpc.proxy.InvocationUtil",
					"#11":"invoke"
				},
				{
					"#8":"InvokerInvocationHandler.java",
					"#9":75,
					"#10":"org.apache.dubbo.rpc.proxy.InvokerInvocationHandler",
					"#11":"invoke"
				},
				{
					"#8":"HelloServiceDubboProxy0.java",
					"#9":-1,
					"#10":"org.apache.dubbo.samples.generic.call.api.HelloServiceDubboProxy0",
					"#11":"notImplementedHello"
				},
				{
					"#8":"NativeMethodAccessorImpl.java",
					"#9":-2,
					"#10":"sun.reflect.NativeMethodAccessorImpl",
					"#11":"invoke0"
				},
				{
					"#8":"NativeMethodAccessorImpl.java",
					"#9":62,
					"#10":"sun.reflect.NativeMethodAccessorImpl",
					"#11":"invoke"
				},
				{
					"#8":"DelegatingMethodAccessorImpl.java",
					"#9":43,
					"#10":"sun.reflect.DelegatingMethodAccessorImpl",
					"#11":"invoke"
				},
				{
					"#8":"Method.java",
					"#9":498,
					"#10":"java.lang.reflect.Method",
					"#11":"invoke"
				},
				{
					"#8":"AopUtils.java",
					"#9":333,
					"#10":"org.springframework.aop.support.AopUtils",
					"#11":"invokeJoinpointUsingReflection"
				},
				{
					"#8":"JdkDynamicAopProxy.java",
					"#9":207,
					"#10":"org.springframework.aop.framework.JdkDynamicAopProxy",
					"#11":"invoke"
				},
				{
					"#8":null,
					"#9":-1,
					"#10":"com.sun.proxy.$Proxy23",
					"#11":"notImplementedHello"
				},
				{
					"#8":"HelloServiceIT.java",
					"#9":49,
					"#10":"org.apache.dubbo.samples.generic.call.HelloServiceIT",
					"#11":"testNotImplementedHello"
				},
				{
					"#8":"NativeMethodAccessorImpl.java",
					"#9":-2,
					"#10":"sun.reflect.NativeMethodAccessorImpl",
					"#11":"invoke0"
				},
				{
					"#8":"NativeMethodAccessorImpl.java",
					"#9":62,
					"#10":"sun.reflect.NativeMethodAccessorImpl",
					"#11":"invoke"
				},
				{
					"#8":"DelegatingMethodAccessorImpl.java",
					"#9":43,
					"#10":"sun.reflect.DelegatingMethodAccessorImpl",
					"#11":"invoke"
				},
				{
					"#8":"Method.java",
					"#9":498,
					"#10":"java.lang.reflect.Method",
					"#11":"invoke"
				},
				{
					"#8":"FrameworkMethod.java",
					"#9":50,
					"#10":"org.junit.runners.model.FrameworkMethod$1",
					"#11":"runReflectiveCall"
				},
				{
					"#8":"ReflectiveCallable.java",
					"#9":12,
					"#10":"org.junit.internal.runners.model.ReflectiveCallable",
					"#11":"run"
				},
				{
					"#8":"FrameworkMethod.java",
					"#9":47,
					"#10":"org.junit.runners.model.FrameworkMethod",
					"#11":"invokeExplosively"
				},
				{
					"#8":"InvokeMethod.java",
					"#9":17,
					"#10":"org.junit.internal.runners.statements.InvokeMethod",
					"#11":"evaluate"
				},
				{
					"#8":"RunBeforeTestMethodCallbacks.java",
					"#9":75,
					"#10":"org.springframework.test.context.junit4.statements.RunBeforeTestMethodCallbacks",
					"#11":"evaluate"
				},
				{
					"#8":"RunAfterTestMethodCallbacks.java",
					"#9":86,
					"#10":"org.springframework.test.context.junit4.statements.RunAfterTestMethodCallbacks",
					"#11":"evaluate"
				},
				{
					"#8":"SpringRepeat.java",
					"#9":84,
					"#10":"org.springframework.test.context.junit4.statements.SpringRepeat",
					"#11":"evaluate"
				},
				{
					"#8":"ParentRunner.java",
					"#9":325,
					"#10":"org.junit.runners.ParentRunner",
					"#11":"runLeaf"
				},
				{
					"#8":"SpringJUnit4ClassRunner.java",
					"#9":252,
					"#10":"org.springframework.test.context.junit4.SpringJUnit4ClassRunner",
					"#11":"runChild"
				},
				{
					"#8":"SpringJUnit4ClassRunner.java",
					"#9":94,
					"#10":"org.springframework.test.context.junit4.SpringJUnit4ClassRunner",
					"#11":"runChild"
				},
				{
					"#8":"ParentRunner.java",
					"#9":290,
					"#10":"org.junit.runners.ParentRunner$3",
					"#11":"run"
				},
				{
					"#8":"ParentRunner.java",
					"#9":71,
					"#10":"org.junit.runners.ParentRunner$1",
					"#11":"schedule"
				},
				{
					"#8":"ParentRunner.java",
					"#9":288,
					"#10":"org.junit.runners.ParentRunner",
					"#11":"runChildren"
				},
				{
					"#8":"ParentRunner.java",
					"#9":58,
					"#10":"org.junit.runners.ParentRunner",
					"#11":"access$000"
				},
				{
					"#8":"ParentRunner.java",
					"#9":268,
					"#10":"org.junit.runners.ParentRunner$2",
					"#11":"evaluate"
				},
				{
					"#8":"RunBeforeTestClassCallbacks.java",
					"#9":61,
					"#10":"org.springframework.test.context.junit4.statements.RunBeforeTestClassCallbacks",
					"#11":"evaluate"
				},
				{
					"#8":"RunAfterTestClassCallbacks.java",
					"#9":70,
					"#10":"org.springframework.test.context.junit4.statements.RunAfterTestClassCallbacks",
					"#11":"evaluate"
				},
				{
					"#8":"ParentRunner.java",
					"#9":363,
					"#10":"org.junit.runners.ParentRunner",
					"#11":"run"
				},
				{
					"#8":"SpringJUnit4ClassRunner.java",
					"#9":191,
					"#10":"org.springframework.test.context.junit4.SpringJUnit4ClassRunner",
					"#11":"run"
				},
				{
					"#8":"JUnit4Provider.java",
					"#9":365,
					"#10":"org.apache.maven.surefire.junit4.JUnit4Provider",
					"#11":"execute"
				},
				{
					"#8":"JUnit4Provider.java",
					"#9":273,
					"#10":"org.apache.maven.surefire.junit4.JUnit4Provider",
					"#11":"executeWithRerun"
				},
				{
					"#8":"JUnit4Provider.java",
					"#9":238,
					"#10":"org.apache.maven.surefire.junit4.JUnit4Provider",
					"#11":"executeTestSet"
				},
				{
					"#8":"JUnit4Provider.java",
					"#9":159,
					"#10":"org.apache.maven.surefire.junit4.JUnit4Provider",
					"#11":"invoke"
				},
				{
					"#8":"NativeMethodAccessorImpl.java",
					"#9":-2,
					"#10":"sun.reflect.NativeMethodAccessorImpl",
					"#11":"invoke0"
				},
				{
					"#8":"NativeMethodAccessorImpl.java",
					"#9":62,
					"#10":"sun.reflect.NativeMethodAccessorImpl",
					"#11":"invoke"
				},
				{
					"#8":"DelegatingMethodAccessorImpl.java",
					"#9":43,
					"#10":"sun.reflect.DelegatingMethodAccessorImpl",
					"#11":"invoke"
				},
				{
					"#8":"Method.java",
					"#9":498,
					"#10":"java.lang.reflect.Method",
					"#11":"invoke"
				},
				{
					"#8":"ReflectionUtils.java",
					"#9":206,
					"#10":"org.apache.maven.surefire.util.ReflectionUtils",
					"#11":"invokeMethodWithArray2"
				},
				{
					"#8":"ProviderFactory.java",
					"#9":161,
					"#10":"org.apache.maven.surefire.booter.ProviderFactory$ProviderProxy",
					"#11":"invoke"
				},
				{
					"#8":"ProviderFactory.java",
					"#9":84,
					"#10":"org.apache.maven.surefire.booter.ProviderFactory",
					"#11":"invokeProvider"
				},
				{
					"#8":"ClassloaderSurefireStarter.java",
					"#9":78,
					"#10":"org.apache.dubbo.test.runner.ClassloaderSurefireStarter",
					"#11":"runSuitesInProcess"
				},
				{
					"#8":"TestRunnerMain.java",
					"#9":185,
					"#10":"org.apache.dubbo.test.runner.TestRunnerMain",
					"#11":"main"
				}
			]
		},
		"message#12":"{\"exClass\":\"\",\"exMsg\":\"\",\"msg\":\"\"}",
		"#7":[
			{
				"#8":"FastJson2ObjectInput.java",
				"#9":110,
				"#10":"org.apache.dubbo.common.serialize.fastjson2.FastJson2ObjectInput",
				"#11":"readObject"
			},
			{
				"#8":"FastJson2ObjectInput.java",
				"#9":98,
				"#10":"org.apache.dubbo.common.serialize.fastjson2.FastJson2ObjectInput",
				"#11":"readObject"
			},
			{
				"#8":"ObjectInput.java",
				"#9":74,
				"#10":"org.apache.dubbo.common.serialize.ObjectInput",
				"#11":"readThrowable"
			},
			{
				"#8":"DecodeableRpcResult.java",
				"#9":171,
				"#10":"org.apache.dubbo.rpc.protocol.dubbo.DecodeableRpcResult",
				"#11":"handleException"
			},
			{
				"#8":"DecodeableRpcResult.java",
				"#9":110,
				"#10":"org.apache.dubbo.rpc.protocol.dubbo.DecodeableRpcResult",
				"#11":"decode"
			},
			{
				"#8":"DecodeableRpcResult.java",
				"#9":138,
				"#10":"org.apache.dubbo.rpc.protocol.dubbo.DecodeableRpcResult",
				"#11":"decode"
			},
			{
				"#8":"DecodeHandler.java",
				"#9":62,
				"#10":"org.apache.dubbo.remoting.transport.DecodeHandler",
				"#11":"decode"
			},
			{
				"#8":"DecodeHandler.java",
				"#9":50,
				"#10":"org.apache.dubbo.remoting.transport.DecodeHandler",
				"#11":"received"
			},
			{
				"#8":"ChannelEventRunnable.java",
				"#9":61,
				"#10":"org.apache.dubbo.remoting.transport.dispatcher.ChannelEventRunnable",
				"#11":"run"
			},
			{
				"#8":"ThreadlessExecutor.java",
				"#9":184,
				"#10":"org.apache.dubbo.common.threadpool.ThreadlessExecutor$RunnableWrapper",
				"#11":"run"
			},
			{
				"#8":"ThreadlessExecutor.java",
				"#9":103,
				"#10":"org.apache.dubbo.common.threadpool.ThreadlessExecutor",
				"#11":"waitAndDrain"
			},
			{
				"#8":"AsyncRpcResult.java",
				"#9":194,
				"#10":"org.apache.dubbo.rpc.AsyncRpcResult",
				"#11":"get"
			},
			{
				"#8":"AbstractInvoker.java",
				"#9":277,
				"#10":"org.apache.dubbo.rpc.protocol.AbstractInvoker",
				"#11":"waitForResultIfSync"
			},
			{
				"#8":"AbstractInvoker.java",
				"#9":181,
				"#10":"org.apache.dubbo.rpc.protocol.AbstractInvoker",
				"#11":"invoke"
			},
			{
				"#8":"ListenerInvokerWrapper.java",
				"#9":70,
				"#10":"org.apache.dubbo.rpc.listener.ListenerInvokerWrapper",
				"#11":"invoke"
			},
			{
				"#8":"GenericImplFilter.java",
				"#9":102,
				"#10":"org.apache.dubbo.rpc.filter.GenericImplFilter",
				"#11":"invoke"
			},
			{
				"#8":"FilterChainBuilder.java",
				"#9":327,
				"#10":"org.apache.dubbo.rpc.cluster.filter.FilterChainBuilder$CopyOfFilterChainNode",
				"#11":"invoke"
			},
			{
				"#8":"CacheFilter.java",
				"#9":95,
				"#10":"org.apache.dubbo.cache.filter.CacheFilter",
				"#11":"invoke"
			},
			{
				"#8":"FilterChainBuilder.java",
				"#9":327,
				"#10":"org.apache.dubbo.rpc.cluster.filter.FilterChainBuilder$CopyOfFilterChainNode",
				"#11":"invoke"
			},
			{
				"#8":"FilterChainBuilder.java",
				"#9":194,
				"#10":"org.apache.dubbo.rpc.cluster.filter.FilterChainBuilder$CallbackRegistrationInvoker",
				"#11":"invoke"
			},
			{
				"#8":"AbstractClusterInvoker.java",
				"#9":379,
				"#10":"org.apache.dubbo.rpc.cluster.support.AbstractClusterInvoker",
				"#11":"invokeWithContext"
			},
			{
				"#8":"FailoverClusterInvoker.java",
				"#9":81,
				"#10":"org.apache.dubbo.rpc.cluster.support.FailoverClusterInvoker",
				"#11":"doInvoke"
			},
			{
				"#8":"AbstractClusterInvoker.java",
				"#9":341,
				"#10":"org.apache.dubbo.rpc.cluster.support.AbstractClusterInvoker",
				"#11":"invoke"
			},
			{
				"#8":"RouterSnapshotFilter.java",
				"#9":46,
				"#10":"org.apache.dubbo.rpc.cluster.router.RouterSnapshotFilter",
				"#11":"invoke"
			},
			{
				"#8":"FilterChainBuilder.java",
				"#9":327,
				"#10":"org.apache.dubbo.rpc.cluster.filter.FilterChainBuilder$CopyOfFilterChainNode",
				"#11":"invoke"
			},
			{
				"#8":"MonitorFilter.java",
				"#9":100,
				"#10":"org.apache.dubbo.monitor.support.MonitorFilter",
				"#11":"invoke"
			},
			{
				"#8":"FilterChainBuilder.java",
				"#9":327,
				"#10":"org.apache.dubbo.rpc.cluster.filter.FilterChainBuilder$CopyOfFilterChainNode",
				"#11":"invoke"
			},
			{
				"#8":"FutureFilter.java",
				"#9":52,
				"#10":"org.apache.dubbo.rpc.protocol.dubbo.filter.FutureFilter",
				"#11":"invoke"
			},
			{
				"#8":"FilterChainBuilder.java",
				"#9":327,
				"#10":"org.apache.dubbo.rpc.cluster.filter.FilterChainBuilder$CopyOfFilterChainNode",
				"#11":"invoke"
			},
			{
				"#8":"ConsumerContextFilter.java",
				"#9":108,
				"#10":"org.apache.dubbo.rpc.cluster.filter.support.ConsumerContextFilter",
				"#11":"invoke"
			},
			{
				"#8":"FilterChainBuilder.java",
				"#9":327,
				"#10":"org.apache.dubbo.rpc.cluster.filter.FilterChainBuilder$CopyOfFilterChainNode",
				"#11":"invoke"
			},
			{
				"#8":"FilterChainBuilder.java",
				"#9":194,
				"#10":"org.apache.dubbo.rpc.cluster.filter.FilterChainBuilder$CallbackRegistrationInvoker",
				"#11":"invoke"
			},
			{
				"#8":"AbstractCluster.java",
				"#9":92,
				"#10":"org.apache.dubbo.rpc.cluster.support.wrapper.AbstractCluster$ClusterFilterInvoker",
				"#11":"invoke"
			},
			{
				"#8":"MockClusterInvoker.java",
				"#9":103,
				"#10":"org.apache.dubbo.rpc.cluster.support.wrapper.MockClusterInvoker",
				"#11":"invoke"
			},
			{
				"#8":"MigrationInvoker.java",
				"#9":282,
				"#10":"org.apache.dubbo.registry.client.migration.MigrationInvoker",
				"#11":"invoke"
			},
			{
				"#8":"InvocationUtil.java",
				"#9":56,
				"#10":"org.apache.dubbo.rpc.proxy.InvocationUtil",
				"#11":"invoke"
			},
			{
				"#8":"InvokerInvocationHandler.java",
				"#9":75,
				"#10":"org.apache.dubbo.rpc.proxy.InvokerInvocationHandler",
				"#11":"invoke"
			},
			{
				"#8":"HelloServiceDubboProxy0.java",
				"#9":-1,
				"#10":"org.apache.dubbo.samples.generic.call.api.HelloServiceDubboProxy0",
				"#11":"notImplementedHello"
			},
			{
				"#8":"NativeMethodAccessorImpl.java",
				"#9":-2,
				"#10":"sun.reflect.NativeMethodAccessorImpl",
				"#11":"invoke0"
			},
			{
				"#8":"NativeMethodAccessorImpl.java",
				"#9":62,
				"#10":"sun.reflect.NativeMethodAccessorImpl",
				"#11":"invoke"
			},
			{
				"#8":"DelegatingMethodAccessorImpl.java",
				"#9":43,
				"#10":"sun.reflect.DelegatingMethodAccessorImpl",
				"#11":"invoke"
			},
			{
				"#8":"Method.java",
				"#9":498,
				"#10":"java.lang.reflect.Method",
				"#11":"invoke"
			},
			{
				"#8":"AopUtils.java",
				"#9":333,
				"#10":"org.springframework.aop.support.AopUtils",
				"#11":"invokeJoinpointUsingReflection"
			},
			{
				"#8":"JdkDynamicAopProxy.java",
				"#9":207,
				"#10":"org.springframework.aop.framework.JdkDynamicAopProxy",
				"#11":"invoke"
			},
			{
				"#8":null,
				"#9":-1,
				"#10":"com.sun.proxy.$Proxy23",
				"#11":"notImplementedHello"
			},
			{
				"#8":"HelloServiceIT.java",
				"#9":49,
				"#10":"org.apache.dubbo.samples.generic.call.HelloServiceIT",
				"#11":"testNotImplementedHello"
			},
			{
				"#8":"NativeMethodAccessorImpl.java",
				"#9":-2,
				"#10":"sun.reflect.NativeMethodAccessorImpl",
				"#11":"invoke0"
			},
			{
				"#8":"NativeMethodAccessorImpl.java",
				"#9":62,
				"#10":"sun.reflect.NativeMethodAccessorImpl",
				"#11":"invoke"
			},
			{
				"#8":"DelegatingMethodAccessorImpl.java",
				"#9":43,
				"#10":"sun.reflect.DelegatingMethodAccessorImpl",
				"#11":"invoke"
			},
			{
				"#8":"Method.java",
				"#9":498,
				"#10":"java.lang.reflect.Method",
				"#11":"invoke"
			},
			{
				"#8":"FrameworkMethod.java",
				"#9":50,
				"#10":"org.junit.runners.model.FrameworkMethod$1",
				"#11":"runReflectiveCall"
			},
			{
				"#8":"ReflectiveCallable.java",
				"#9":12,
				"#10":"org.junit.internal.runners.model.ReflectiveCallable",
				"#11":"run"
			},
			{
				"#8":"FrameworkMethod.java",
				"#9":47,
				"#10":"org.junit.runners.model.FrameworkMethod",
				"#11":"invokeExplosively"
			},
			{
				"#8":"InvokeMethod.java",
				"#9":17,
				"#10":"org.junit.internal.runners.statements.InvokeMethod",
				"#11":"evaluate"
			},
			{
				"#8":"RunBeforeTestMethodCallbacks.java",
				"#9":75,
				"#10":"org.springframework.test.context.junit4.statements.RunBeforeTestMethodCallbacks",
				"#11":"evaluate"
			},
			{
				"#8":"RunAfterTestMethodCallbacks.java",
				"#9":86,
				"#10":"org.springframework.test.context.junit4.statements.RunAfterTestMethodCallbacks",
				"#11":"evaluate"
			},
			{
				"#8":"SpringRepeat.java",
				"#9":84,
				"#10":"org.springframework.test.context.junit4.statements.SpringRepeat",
				"#11":"evaluate"
			},
			{
				"#8":"ParentRunner.java",
				"#9":325,
				"#10":"org.junit.runners.ParentRunner",
				"#11":"runLeaf"
			},
			{
				"#8":"SpringJUnit4ClassRunner.java",
				"#9":252,
				"#10":"org.springframework.test.context.junit4.SpringJUnit4ClassRunner",
				"#11":"runChild"
			},
			{
				"#8":"SpringJUnit4ClassRunner.java",
				"#9":94,
				"#10":"org.springframework.test.context.junit4.SpringJUnit4ClassRunner",
				"#11":"runChild"
			},
			{
				"#8":"ParentRunner.java",
				"#9":290,
				"#10":"org.junit.runners.ParentRunner$3",
				"#11":"run"
			},
			{
				"#8":"ParentRunner.java",
				"#9":71,
				"#10":"org.junit.runners.ParentRunner$1",
				"#11":"schedule"
			},
			{
				"#8":"ParentRunner.java",
				"#9":288,
				"#10":"org.junit.runners.ParentRunner",
				"#11":"runChildren"
			},
			{
				"#8":"ParentRunner.java",
				"#9":58,
				"#10":"org.junit.runners.ParentRunner",
				"#11":"access$000"
			},
			{
				"#8":"ParentRunner.java",
				"#9":268,
				"#10":"org.junit.runners.ParentRunner$2",
				"#11":"evaluate"
			},
			{
				"#8":"RunBeforeTestClassCallbacks.java",
				"#9":61,
				"#10":"org.springframework.test.context.junit4.statements.RunBeforeTestClassCallbacks",
				"#11":"evaluate"
			},
			{
				"#8":"RunAfterTestClassCallbacks.java",
				"#9":70,
				"#10":"org.springframework.test.context.junit4.statements.RunAfterTestClassCallbacks",
				"#11":"evaluate"
			},
			{
				"#8":"ParentRunner.java",
				"#9":363,
				"#10":"org.junit.runners.ParentRunner",
				"#11":"run"
			},
			{
				"#8":"SpringJUnit4ClassRunner.java",
				"#9":191,
				"#10":"org.springframework.test.context.junit4.SpringJUnit4ClassRunner",
				"#11":"run"
			},
			{
				"#8":"JUnit4Provider.java",
				"#9":365,
				"#10":"org.apache.maven.surefire.junit4.JUnit4Provider",
				"#11":"execute"
			},
			{
				"#8":"JUnit4Provider.java",
				"#9":273,
				"#10":"org.apache.maven.surefire.junit4.JUnit4Provider",
				"#11":"executeWithRerun"
			},
			{
				"#8":"JUnit4Provider.java",
				"#9":238,
				"#10":"org.apache.maven.surefire.junit4.JUnit4Provider",
				"#11":"executeTestSet"
			},
			{
				"#8":"JUnit4Provider.java",
				"#9":159,
				"#10":"org.apache.maven.surefire.junit4.JUnit4Provider",
				"#11":"invoke"
			},
			{
				"#8":"NativeMethodAccessorImpl.java",
				"#9":-2,
				"#10":"sun.reflect.NativeMethodAccessorImpl",
				"#11":"invoke0"
			},
			{
				"#8":"NativeMethodAccessorImpl.java",
				"#9":62,
				"#10":"sun.reflect.NativeMethodAccessorImpl",
				"#11":"invoke"
			},
			{
				"#8":"DelegatingMethodAccessorImpl.java",
				"#9":43,
				"#10":"sun.reflect.DelegatingMethodAccessorImpl",
				"#11":"invoke"
			},
			{
				"#8":"Method.java",
				"#9":498,
				"#10":"java.lang.reflect.Method",
				"#11":"invoke"
			},
			{
				"#8":"ReflectionUtils.java",
				"#9":206,
				"#10":"org.apache.maven.surefire.util.ReflectionUtils",
				"#11":"invokeMethodWithArray2"
			},
			{
				"#8":"ProviderFactory.java",
				"#9":161,
				"#10":"org.apache.maven.surefire.booter.ProviderFactory$ProviderProxy",
				"#11":"invoke"
			},
			{
				"#8":"ProviderFactory.java",
				"#9":84,
				"#10":"org.apache.maven.surefire.booter.ProviderFactory",
				"#11":"invokeProvider"
			},
			{
				"#8":"ClassloaderSurefireStarter.java",
				"#9":78,
				"#10":"org.apache.dubbo.test.runner.ClassloaderSurefireStarter",
				"#11":"runSuitesInProcess"
			},
			{
				"#8":"TestRunnerMain.java",
				"#9":185,
				"#10":"org.apache.dubbo.test.runner.TestRunnerMain",
				"#11":"main"
			}
		],
		"suppressed#13":[]
	}
}
{"v0000":[0],"v0001":[],"v0002":[0,0]}
1
{
	"@type":"com.alibaba.fastjson2.aliyun.MapGhostTest$MapGhost#0",
	"@value":{
		"name":"abc",
		"$super$":{
			"@type":"M#1",
			"@value":{
				"name":123
			}
		}
	}
}
{
	"@type":"com.alibaba.fastjson2.eishay.vo.MediaContent#0",
	"@value":[
		[
			[
				768,
				1,
				"Javaone Keynote",
				"http://javaone.com/keynote_large.jpg",
				1024
			],
			[
				240,
				0,
				"Javaone Keynote",
				"http://javaone.com/keynote_small.jpg",
				320
			]
		],
		[
			262144,
			null,
			18000000,
			"video/mpg4",
			480,
			[
				"Bill Gates",
				"Steve Jobs"
			],
			0,
			58982400,
			"Javaone Keynote",
			"http://javaone.com/keynote.mpg",
			640
		]
	]
}
{
	"@type":"com.alibaba.fastjson2.arraymapping.EishayTest$Sample",
	"@value":[
		[
			true,
			false
		],
		false,
		"AB",
		"\u0000",
		[
			1.0,
			2.0,
			3.0
		],
		0.0,
		[
			1.0,
			2.0,
			3.0
		],
		0.0,
		[
			1,
			2
		],
		101,
		[
			1,
			2
		],
		1001,
		null,
		[
			1,
			2
		],
		0,
		null
	]
}
com.alibaba.fastjson2.issues_2400.Issue2440$Bean@76d404ab
{"first_name":"wenshao","id":123}
{"courseId":"6bad799a1c894893bedade17215244a1","userId":"4b99d48f87f84868a59aa3b3ce82fd56"}
{
	"@type":"com.alibaba.fastjson2.eishay.vo.MediaContent",
	"@value":[
		[
			[
				768,
				1,
				"Javaone Keynote",
				"http://javaone.com/keynote_large.jpg",
				1024
			],
			[
				240,
				0,
				"Javaone Keynote",
				"http://javaone.com/keynote_small.jpg",
				320
			]
		],
		[
			262144,
			null,
			18000000,
			"video/mpg4",
			480,
			[
				"Bill Gates",
				"Steve Jobs"
			],
			0,
			58982400,
			"Javaone Keynote",
			"http://javaone.com/keynote.mpg",
			640
		]
	]
}
[[[768,1,"Javaone Keynote","http://javaone.com/keynote_large.jpg",1024],[240,0,"Javaone Keynote","http://javaone.com/keynote_small.jpg",320]],[262144,null,18000000,"video/mpg4",480,["Bill Gates","Steve Jobs"],0,58982400,"Javaone Keynote","http://javaone.com/keynote.mpg",640]]
{
	"@type":"com.alibaba.fastjson2.eishay.vo.MediaContent#0",
	"@value":{
		"images#1":[
			{
				"height#2":768,
				"size#3":1,
				"title#4":"Javaone Keynote",
				"uri#5":"http://javaone.com/keynote_large.jpg",
				"width#6":1024
			},
			{
				"#2":240,
				"#3":0,
				"#4":"Javaone Keynote",
				"#5":"http://javaone.com/keynote_small.jpg",
				"#6":320
			}
		],
		"media#7":{
			"bitrate#8":262144,
			"duration#9":18000000,
			"format#10":"video/mpg4",
			"#2":480,
			"persons#11":[
				"Bill Gates",
				"Steve Jobs"
			],
			"player#12":0,
			"#3":58982400,
			"#4":"Javaone Keynote",
			"#5":"http://javaone.com/keynote.mpg",
			"#6":640
		}
	}
}
[
	[
		[
			768,
			1,
			"Javaone Keynote",
			"http://javaone.com/keynote_large.jpg",
			1024
		],
		[
			240,
			0,
			"Javaone Keynote",
			"http://javaone.com/keynote_small.jpg",
			320
		]
	],
	[
		262144,
		null,
		18000000,
		"video/mpg4",
		480,
		[
			"Bill Gates",
			"Steve Jobs"
		],
		0,
		58982400,
		"Javaone Keynote",
		"http://javaone.com/keynote.mpg",
		640
	]
]
{"values":{"100":[{"id":1001},{"id":1002}],"200":[{"id":2001},{"id":2002}]}}
millis : 279
millis : 222
[name, weight, age]
CSVReaderTest.Person(name=张三, weight=68.2, age=32)
CSVReaderTest.Person(name=李四, weight=75.6, age=28)
[name, weight, age]
CSVReaderTest.Person(name=张三, weight=68.2, age=32)
CSVReaderTest.Person(name=李四, weight=75.6, age=28)
{
	"@type":"com.alibaba.fastjson2.support.ApacheTripleTest$Bean#0",
	"@value":{
		"triple":{
			"@type":"org.apache.commons.lang3.tuple.MutableTriple#1",
			"@value":{
				"left":101,
				"middle":102,
				"right":103
			}
		}
	}
}
{
	"@type":"com.alibaba.fastjson2.support.ApacheTripleTest$Bean#0",
	"@value":{
		"triple":{
			"@type":"org.apache.commons.lang3.tuple.ImmutableTriple#1",
			"@value":{
				"left":101,
				"middle":102,
				"right":103
			}
		}
	}
}
{
	"high":{
		"value":"H"
	},
	"low":{
		"value":"L"
	},
	"mid":{
		"value":"M"
	}
}
Tue Oct 15 10:02:26 CST 2024
Enum Item: LOCKED
JVM_VERSION : 25
-9214723784238596577L,
-9030616758866828325L,
-8335274122997354104L,
-6963030519018899258L,
-4863137578837233966L,
-3653547262287832698L,
-2819277587813726773L,
-2669552864532011468L,
-2458634727370886912L,
-2291619803571459675L,
-1811306045128064037L,
-864440709753525476L,
-779604756358333743L,
8731803887940231L,
1616814008855344660L,
2164749833121980361L,
2688642392827789427L,
3724195282986200606L,
3742915795806478647L,
3977020351318456359L,
4775491097662790952L,
4882459834864833642L,
6033839080488254886L,
7981148566008458638L,
8344106065386396833L,
9215465129261900012L,
27545
27545
1	[1]
2	[2]
3	[3]
4	[4]
5	[5]
6	[6]
7	[7]
8	[8]
9	[9]
10	[10]
11	[11]
12	[12]
13	[13]
14	[14]
15	[15]
16	[16]
17	[17]
18	[18]
19	[19]
20	[20]
21	[21]
22	[22]
23	[23]
24	[24]
25	[25]
26	[26]
27	[27]
28	[28]
29	[29]
30	[30]
31	[31]
32	[32]
33	[33]
34	[34]
35	[35]
36	[36]
37	[37]
38	[38]
39	[39]
40	[40]
41	[41]
42	[42]
43	[43]
44	[44]
45	[45]
46	[46]
47	[47]
48	[48]
49	[49]
50	[50]
51	[51]
52	[52]
53	[53]
54	[54]
55	[55]
56	[56]
57	[57]
58	[58]
59	[59]
60	[60]
61	[61]
62	[62]
63	[63]
64	[64]
65	[65]
66	[66]
67	[67]
68	[68]
69	[69]
70	[70]
71	[71]
72	[72]
73	[73]
74	[74]
75	[75]
76	[76]
77	[77]
78	[78]
79	[79]
80	[80]
81	[81]
82	[82]
83	[83]
84	[84]
85	[85]
86	[86]
87	[87]
88	[88]
89	[89]
90	[90]
91	[91]
92	[92]
93	[93]
94	[94]
95	[95]
96	[96]
97	[97]
98	[98]
99	[99]
100	[100]
101	[101]
102	[102]
103	[103]
104	[104]
105	[105]
106	[106]
107	[107]
108	[108]
109	[109]
110	[110]
111	[111]
112	[112]
113	[113]
114	[114]
115	[115]
116	[116]
117	[117]
118	[118]
119	[119]
120	[120]
121	[121]
122	[122]
123	[123]
124	[124]
125	[125]
126	[126]
127	[127]
128	[-62, -128]
129	[-62, -127]
130	[-62, -126]
131	[-62, -125]
132	[-62, -124]
133	[-62, -123]
134	[-62, -122]
135	[-62, -121]
136	[-62, -120]
137	[-62, -119]
138	[-62, -118]
139	[-62, -117]
140	[-62, -116]
141	[-62, -115]
142	[-62, -114]
143	[-62, -113]
144	[-62, -112]
145	[-62, -111]
146	[-62, -110]
147	[-62, -109]
148	[-62, -108]
149	[-62, -107]
150	[-62, -106]
151	[-62, -105]
152	[-62, -104]
153	[-62, -103]
154	[-62, -102]
155	[-62, -101]
156	[-62, -100]
157	[-62, -99]
158	[-62, -98]
159	[-62, -97]
160	[-62, -96]
161	[-62, -95]
162	[-62, -94]
163	[-62, -93]
164	[-62, -92]
165	[-62, -91]
166	[-62, -90]
167	[-62, -89]
168	[-62, -88]
169	[-62, -87]
170	[-62, -86]
171	[-62, -85]
172	[-62, -84]
173	[-62, -83]
174	[-62, -82]
175	[-62, -81]
176	[-62, -80]
177	[-62, -79]
178	[-62, -78]
179	[-62, -77]
180	[-62, -76]
181	[-62, -75]
182	[-62, -74]
183	[-62, -73]
184	[-62, -72]
185	[-62, -71]
186	[-62, -70]
187	[-62, -69]
188	[-62, -68]
189	[-62, -67]
190	[-62, -66]
191	[-62, -65]
192	[-61, -128]
193	[-61, -127]
194	[-61, -126]
195	[-61, -125]
196	[-61, -124]
197	[-61, -123]
198	[-61, -122]
199	[-61, -121]
200	[-61, -120]
201	[-61, -119]
202	[-61, -118]
203	[-61, -117]
204	[-61, -116]
205	[-61, -115]
206	[-61, -114]
207	[-61, -113]
208	[-61, -112]
209	[-61, -111]
210	[-61, -110]
211	[-61, -109]
212	[-61, -108]
213	[-61, -107]
214	[-61, -106]
215	[-61, -105]
216	[-61, -104]
217	[-61, -103]
218	[-61, -102]
219	[-61, -101]
220	[-61, -100]
221	[-61, -99]
222	[-61, -98]
223	[-61, -97]
224	[-61, -96]
225	[-61, -95]
226	[-61, -94]
227	[-61, -93]
228	[-61, -92]
229	[-61, -91]
230	[-61, -90]
231	[-61, -89]
232	[-61, -88]
233	[-61, -87]
234	[-61, -86]
235	[-61, -85]
236	[-61, -84]
237	[-61, -83]
238	[-61, -82]
239	[-61, -81]
240	[-61, -80]
241	[-61, -79]
242	[-61, -78]
243	[-61, -77]
244	[-61, -76]
245	[-61, -75]
246	[-61, -74]
247	[-61, -73]
248	[-61, -72]
249	[-61, -71]
250	[-61, -70]
251	[-61, -69]
252	[-61, -68]
253	[-61, -67]
254	[-61, -66]
255	[-61, -65]
0.789629663400435 -> 0.7896296634004349
0.2453939230972252 -> 0.24539392309722519
0.613365932587773 -> 0.6133659325877731
0.4273299533291329 -> 0.42732995332913293
0.2875470858698915 -> 0.28754708586989153
0.919606359750266 -> 0.9196063597502659
0.716428856809948 -> 0.7164288568099479
0.939746787456679 -> 0.9397467874566789
0.3432333430510284 -> 0.34323334305102837
0.1784763382585315 -> 0.17847633825853149
0.2546161823064301 -> 0.25461618230643013
0.65710278368892 -> 0.6571027836889199
5.41125635514561E-4 -> 5.411256355145611E-4
0.508813374472252 -> 0.5088133744722519
0.1954091427199698 -> 0.19540914271996979
0.511203972602918 -> 0.5112039726029181
0.625973315770673 -> 0.6259733157706729
0.2690751681005564 -> 0.26907516810055643
0.585991685758184 -> 0.5859916857581841
0.788411750436878 -> 0.7884117504368779
0.3040963184355088 -> 0.30409631843550877
0.4918720321422205 -> 0.49187203214222053
0.801310148207313 -> 0.8013101482073131
0.608200637256818 -> 0.6082006372568181
0.1968873440974548 -> 0.19688734409745479
0.806611353050044 -> 0.8066113530500441
0.665422205726033 -> 0.6654222057260329
0.0667085493308558 -> 0.06670854933085579
0.619671372065213 -> 0.6196713720652131
0.1231802955329745 -> 0.12318029553297449
0.536643626135551 -> 0.5366436261355511
0.2505835174346909 -> 0.25058351743469087
0.72908758357483 -> 0.7290875835748299
0.517251033641766 -> 0.5172510336417659
0.507496415648304 -> 0.5074964156483039
0.834443518009856 -> 0.8344435180098559
0.070552868050749 -> 0.07055286805074901
0.3296710626441198 -> 0.32967106264411983
0.01594457132168914 -> 0.015944571321689138
0.686264435025219 -> 0.6862644350252191
0.863372797133309 -> 0.8633727971333089
0.521703002300759 -> 0.5217030023007589
0.679300201742776 -> 0.6793002017427761
0.2540935177772706 -> 0.25409351777727063
0.1130537374586238 -> 0.11305373745862379
0.2469944410815441 -> 0.24699444108154411
0.718758238188206 -> 0.7187582381882059
0.04344440646490055 -> 0.043444406464900553
0.978453762524157 -> 0.9784537625241569
0.941853806526949 -> 0.9418538065269489
0.2783756441200331 -> 0.27837564412003313
0.2884933101327187 -> 0.28849331013271873
0.140097350425594 -> 0.14009735042559401
0.678842902991802 -> 0.6788429029918021
0.808126837401205 -> 0.8081268374012049
0.747758660622936 -> 0.7477586606229359
0.4101329331914845 -> 0.41013293319148447
0.784612101148009 -> 0.7846121011480089
0.01712408192984116 -> 0.017124081929841162
0.1833343443972726 -> 0.18333434439727259
0.1298212116844253 -> 0.12982121168442529
0.888279778191781 -> 0.8882797781917811
0.741831565634196 -> 0.7418315656341961
0.4531625573842262 -> 0.45316255738422617
0.03311399278900529 -> 0.033113992789005287
0.5555365958622 -> 0.5555365958622001
0.740452929065678 -> 0.7404529290656779
0.681663372389888 -> 0.6816633723898879
0.1651190759310215 -> 0.16511907593102149
0.511911874390721 -> 0.5119118743907209
0.696706328285359 -> 0.6967063282853589
0.4818529636613125 -> 0.48185296366131247
0.580742108248194 -> 0.5807421082481939
0.7270922156172 -> 0.7270922156172001
0.665495031473679 -> 0.6654950314736791
0.857756827639718 -> 0.8577568276397179
0.2893418197559742 -> 0.28934181975597417
0.3147929999407654 -> 0.31479299994076537
0.4951242895155126 -> 0.49512428951551257
0.2135311950268899 -> 0.21353119502688989
0.644816735324862 -> 0.6448167353248619
0.2195116825588561 -> 0.21951168255885611
0.3615847109348235 -> 0.36158471093482347
0.1456742916570717 -> 0.14567429165707169
0.579296023665755 -> 0.5792960236657551
0.937614744726672 -> 0.9376147447266719
0.799496910332194 -> 0.7994969103321941
0.1122202535940151 -> 0.11222025359401511
0.551164828428303 -> 0.5511648284283031
0.04041665333702937 -> 0.040416653337029373
0.00811653675799373 -> 0.008116536757993731
0.97150446739238 -> 0.9715044673923799
0.2991272753422691 -> 0.29912727534226913
0.850841813056259 -> 0.8508418130562591
0.06197415956966024 -> 0.061974159569660237
0.1315261619385205 -> 0.13152616193852051
0.4874838420667785 -> 0.48748384206677853
0.4981518384790872 -> 0.49815183847908717
0.720522603202778 -> 0.7205226032027779
0.2104409812678565 -> 0.21044098126785649
0.718429051151316 -> 0.7184290511513159
0.739165690391065 -> 0.7391656903910649
0.2143625478920652 -> 0.21436254789206521
0.738985376040802 -> 0.7389853760408019
0.0946993693229864 -> 0.09469936932298639
0.203579778978473 -> 0.20357977897847301
0.775836198767412 -> 0.7758361987674121
0.4543609364719082 -> 0.45436093647190823
0.885537376136942 -> 0.8855373761369419
0.1696183909083364 -> 0.16961839090833641
0.939093285223703 -> 0.9390932852237029
0.59988302172697 -> 0.5998830217269699
0.1971060175672983 -> 0.19710601756729829
0.780819943144688 -> 0.7808199431446879
0.528229415567048 -> 0.5282294155670481
0.790629639262105 -> 0.7906296392621051
0.98372741562603 -> 0.9837274156260301
0.4313005750192693 -> 0.43130057501926933
0.623031226150285 -> 0.6230312261502849
0.136007464331399 -> 0.13600746433139899
0.04170182737283867 -> 0.041701827372838673
0.607810839892512 -> 0.6078108398925119
0.04014536511982136 -> 0.040145365119821363
0.1916904387803018 -> 0.19169043878030179
0.856728052329431 -> 0.8567280523294309
0.933823440649517 -> 0.9338234406495169
0.2309456588071611 -> 0.23094565880716111
0.04583468692642911 -> 0.045834686926429113
0.4714408351474281 -> 0.47144083514742807
0.892092704218513 -> 0.8920927042185131
0.615624470183951 -> 0.6156244701839509
0.972616567826112 -> 0.9726165678261121
0.1842464759183675 -> 0.18424647591836751
0.1191255511363618 -> 0.11912555113636181
0.03769974312594793 -> 0.037699743125947927
0.003114621689793595 -> 0.0031146216897935952
0.1805574004029704 -> 0.18055740040297041
0.187963131612796 -> 0.18796313161279599
0.874795581345369 -> 0.8747955813453691
0.4480625831958229 -> 0.44806258319582293
0.1252723189477324 -> 0.12527231894773239
0.987067060814871 -> 0.9870670608148709
0.2014377037779259 -> 0.20143770377792591
0.953628453695958 -> 0.9536284536959579
0.4952097926913476 -> 0.49520979269134757
0.1760414305112631 -> 0.17604143051126309
0.2228311887013288 -> 0.22283118870132879
0.2338318520023802 -> 0.23383185200238021
0.639346858722111 -> 0.6393468587221111
0.723815363295295 -> 0.7238153632952949
0.2419404620697614 -> 0.24194046206976139
0.606426653986122 -> 0.6064266539861221
0.603291602438287 -> 0.6032916024382869
0.2247310572390291 -> 0.22473105723902909
0.02627977272291049 -> 0.026279772722910488
0.3573070451174091 -> 0.35730704511740907
0.218640428178679 -> 0.21864042817867901
0.3736294666829513 -> 0.37362946668295127
0.2471817865370841 -> 0.24718178653708411
0.2286680601900032 -> 0.22866806019000319
0.1518746882990024 -> 0.15187468829900241
0.3516336904680539 -> 0.35163369046805393
0.809415200192869 -> 0.8094152001928691
0.3504136065193659 -> 0.35041360651936593
0.943963092893153 -> 0.9439630928931531
0.715376715107298 -> 0.7153767151072979
0.766403125737322 -> 0.7664031257373221
0.4923157090676267 -> 0.49231570906762667
0.3133821198245966 -> 0.31338211982459663
0.1944143329145923 -> 0.19441433291459231
0.4249774334726725 -> 0.42497743347267247
0.01462902494663021 -> 0.014629024946630209
0.1244732572806675 -> 0.12447325728066749
0.1855896824588361 -> 0.18558968245883611
0.5621833419592 -> 0.5621833419591999
0.873330741297975 -> 0.8733307412979751
0.3180749138047613 -> 0.31807491380476127
0.880499830044775 -> 0.8804998300447749
0.781898985465384 -> 0.7818989854653841
0.79700531563964 -> 0.7970053156396401
0.819167627383038 -> 0.8191676273830381
0.02049789645521982 -> 0.020497896455219822
0.996504998405566 -> 0.9965049984055659
0.277528545840766 -> 0.27752854584076603
0.001152336430146783 -> 0.0011523364301467831
0.4182264500636588 -> 0.41822645006365877
0.4397576165343485 -> 0.43975761653434853
0.1527764427773841 -> 0.15277644277738411
0.936716822509781 -> 0.9367168225097811
0.2446866237243671 -> 0.24468662372436711
0.05826529598646513 -> 0.058265295986465127
0.52844929593869 -> 0.5284492959386899
0.609682341470208 -> 0.6096823414702079
0.576807300230677 -> 0.5768073002306769
0.692802950401119 -> 0.6928029504011191
0.880940979561533 -> 0.8809409795615331
0.228373524807976 -> 0.22837352480797601
0.2594309708498653 -> 0.25943097084986533
0.835100663508829 -> 0.8351006635088291
0.520547621328665 -> 0.5205476213286649
0.92290441390604 -> 0.9229044139060401
0.829685845572462 -> 0.8296858455724621
0.2247635684882585 -> 0.22476356848825851
0.003402460841529509 -> 0.0034024608415295088
0.883536282971567 -> 0.8835362829715671
0.553373328746185 -> 0.5533733287461849
0.896830091032846 -> 0.8968300910328461
0.440747190471625 -> 0.44074719047162503
0.486485421767581 -> 0.48648542176758103
0.604329951086855 -> 0.6043299510868551
0.1899645104776818 -> 0.18996451047768181
0.529968219179416 -> 0.5299682191794159
0.1341966456429491 -> 0.13419664564294909
0.4590322373039393 -> 0.45903223730393927
0.546765612032379 -> 0.5467656120323789
0.1920623818381164 -> 0.19206238183811641
0.2403257506566676 -> 0.24032575065666761
0.452471810918431 -> 0.45247181091843103
0.783452695664345 -> 0.7834526956643449
0.999793568247414 -> 0.9997935682474141
0.572267767075681 -> 0.5722677670756811
0.4509930222214035 -> 0.45099302222140347
0.500844037799899 -> 0.5008440377998989
0.3892733631544327 -> 0.38927336315443273
0.709436762471019 -> 0.7094367624710189
0.1658085611221395 -> 0.16580856112213949
0.650604727644225 -> 0.6506047276442249
0.2037318306906616 -> 0.20373183069066159
0.3289729392418623 -> 0.32897293924186233
0.90489177860983 -> 0.9048917786098301
0.2756095250471641 -> 0.27560952504716407
0.956347760437187 -> 0.9563477604371869
0.743540537728897 -> 0.7435405377288971
0.1238673386982777 -> 0.12386733869827771
0.952162544997394 -> 0.9521625449973939
0.595769402581454 -> 0.5957694025814541
0.249861991281095 -> 0.24986199128109499
0.573068819120299 -> 0.5730688191202989
0.605923214650469 -> 0.6059232146504691
0.924315917122496 -> 0.9243159171224959
0.2196734125421861 -> 0.21967341254218609
0.1964442033879472 -> 0.19644420338794721
0.1711483027166011 -> 0.17114830271660109
0.517971010156764 -> 0.5179710101567639
0.1816948786532082 -> 0.18169487865320821
0.840616408684909 -> 0.8406164086849089
0.820765280856043 -> 0.8207652808560429
0.81972991277085 -> 0.8197299127708501
0.1097016947471341 -> 0.10970169474713409
0.3000250231980158 -> 0.30002502319801583
0.0692105595693202 -> 0.06921055956932021
0.04333626510533772 -> 0.043336265105337723
0.894679302185517 -> 0.8946793021855169
0.636083962755637 -> 0.6360839627556369
0.04796897493784558 -> 0.047968974937845577
0.3560798982267043 -> 0.35607989822670427
0.867570536544574 -> 0.8675705365445739
0.02582003945144218 -> 0.025820039451442178
0.994094989278481 -> 0.9940949892784809
0.549484678216486 -> 0.5494846782164861
0.278549788376627 -> 0.27854978837662703
0.634566960618067 -> 0.6345669606180671
0.3975792136950764 -> 0.39757921369507643
0.661906933484602 -> 0.6619069334846019
0.4566554348943829 -> 0.45665543489438287
0.51209238038721 -> 0.5120923803872101
0.3429533654004637 -> 0.34295336540046373
0.3095552934678307 -> 0.30955529346783073
0.198944975461102 -> 0.19894497546110201
0.635563717940618 -> 0.6355637179406179
0.54952371363725 -> 0.5495237136372501
0.587969200877483 -> 0.5879692008774829
0.003730787413221748 -> 0.0037307874132217478
0.719977138686481 -> 0.7199771386864811
0.3133922527727592 -> 0.31339225277275917
0.3346011447748862 -> 0.33460114477488623
0.4746964808292575 -> 0.47469648082925753
0.03856997826633091 -> 0.038569978266330907
0.850524015756634 -> 0.8505240157566341
0.909307652550362 -> 0.9093076525503619
0.1992109257362462 -> 0.19921092573624621
0.4617256666109745 -> 0.46172566661097447
0.796048010244019 -> 0.7960480102440191
0.572447624360022 -> 0.5724476243600219
0.2573201003915703 -> 0.25732010039157027
0.05831266338869023 -> 0.058312663388690233
0.2703650774500789 -> 0.27036507745007887
0.4095182521211089 -> 0.40951825212110893
0.3617692544174336 -> 0.36176925441743357
0.1557740293757819 -> 0.15577402937578189
0.2838061998214991 -> 0.28380619982149913
0.672167609285028 -> 0.6721676092850279
0.931599443713997 -> 0.9315994437139971
0.968714030941421 -> 0.9687140309414209
0.863162970798314 -> 0.8631629707983141
0.955351008427129 -> 0.9553510084271289
0.604892263931953 -> 0.6048922639319529
0.2357876131076483 -> 0.23578761310764829
0.676448249578326 -> 0.6764482495783261
0.887407413411126 -> 0.8874074134111259
0.1885168008372511 -> 0.18851680083725109
0.1275505531822375 -> 0.12755055318223751
0.841056946878528 -> 0.8410569468785279
0.04209942567866631 -> 0.042099425678666313
0.3274549797273342 -> 0.32745497972733417
0.589395910772678 -> 0.5893959107726779
0.935910738902549 -> 0.9359107389025491
0.66588680225072 -> 0.6658868022507199
0.4151430227037817 -> 0.41514302270378167
0.2061477650652387 -> 0.20614776506523869
0.2130660763122494 -> 0.21306607631224939
0.864213328834256 -> 0.8642133288342559
0.644778825119457 -> 0.6447788251194571
0.2413833745839674 -> 0.24138337458396741
0.1624842357594629 -> 0.16248423575946291
0.544656316943745 -> 0.5446563169437449
0.167839261886485 -> 0.16783926188648501
0.728260832669614 -> 0.7282608326696141
0.798482417046602 -> 0.7984824170466021
0.839013524965947 -> 0.8390135249659471
0.952506731088754 -> 0.9525067310887541
0.1694868641959104 -> 0.16948686419591041
0.3963812759060725 -> 0.39638127590607253
0.576962166803831 -> 0.5769621668038309
0.559761955550307 -> 0.5597619555503071
0.622125709168384 -> 0.6221257091683839
0.522798762412439 -> 0.5227987624124391
0.02711365279560418 -> 0.027113652795604182
0.3327694529287962 -> 0.33276945292879623
0.919937607246958 -> 0.9199376072469579
0.1698232699489962 -> 0.16982326994899621
0.841572340615587 -> 0.8415723406155869
0.2274296106070577 -> 0.22742961060705769
0.904966492438184 -> 0.9049664924381839
0.701511073404745 -> 0.7015110734047449
0.611872554473121 -> 0.6118725544731211
0.581470295744206 -> 0.5814702957442059
0.2495571094582998 -> 0.24955710945829979
0.968891955547799 -> 0.9688919555477991
0.1132678407254104 -> 0.11326784072541041
0.16304232518964 -> 0.16304232518964001
0.955023145632032 -> 0.9550231456320319
0.1600492033691263 -> 0.16004920336912631
0.572059296442261 -> 0.5720592964422609
0.652406445005488 -> 0.6524064450054879
0.808999572455325 -> 0.8089995724553249
0.718287373328445 -> 0.7182873733284449
0.548769169836199 -> 0.5487691698361989
0.311930762113276 -> 0.31193076211327597
0.4134648769084108 -> 0.41346487690841083
0.773758687273224 -> 0.7737586872732241
0.4271353992585116 -> 0.42713539925851163
0.811131828826474 -> 0.8111318288264741
0.989529062264282 -> 0.9895290622642821
0.532579337884657 -> 0.5325793378846569
0.3591619302152185 -> 0.35916193021521847
0.891645783200469 -> 0.8916457832004691
0.132897343977481 -> 0.13289734397748099
0.795539505885344 -> 0.7955395058853439
0.8200774190656 -> 0.8200774190656001
0.4380344715384554 -> 0.43803447153845543
0.1853613596855508 -> 0.18536135968555079
0.659289299454972 -> 0.6592892994549721
0.2880177153399959 -> 0.28801771533999587
0.2898630759077718 -> 0.28986307590777183
0.912939070656898 -> 0.9129390706568981
0.610370542362418 -> 0.6103705423624179
0.1367207794294827 -> 0.13672077942948269
0.179946575088322 -> 0.17994657508832201
0.3420730112912512 -> 0.34207301129125123
0.04434594657536561 -> 0.044345946575365613
0.3240851004081233 -> 0.32408510040812333
0.785508248895395 -> 0.7855082488953949
0.2674203672297015 -> 0.26742036722970153
0.4651033329144382 -> 0.46510333291443817
0.2169166162638584 -> 0.21691661626385839
0.636201607899541 -> 0.6362016078995411
0.1963032648972972 -> 0.19630326489729721
0.595893563464372 -> 0.5958935634643719
0.358630493970823 -> 0.35863049397082303
0.1306786788753347 -> 0.13067867887533469
0.3058819501116882 -> 0.30588195011168817
0.4729161103525443 -> 0.47291611035254433
0.01088390332466349 -> 0.010883903324663491
0.1405078608045882 -> 0.14050786080458821
0.87470200547561 -> 0.8747020054756099
0.518318886097275 -> 0.5183188860972749
0.1058821478808517 -> 0.10588214788085171
0.741884793359396 -> 0.7418847933593961
0.777867883513017 -> 0.7778678835130171
0.698661393157402 -> 0.6986613931574021
0.65410956679783 -> 0.6541095667978301
0.799324117620898 -> 0.7993241176208979
0.4187000718950806 -> 0.41870007189508063
0.4861593471566725 -> 0.48615934715667253
0.791535329502773 -> 0.7915353295027731
0.1034247482816485 -> 0.10342474828164849
0.228465480746065 -> 0.22846548074606499
0.609356795115159 -> 0.6093567951151589
0.2853620076946147 -> 0.28536200769461473
0.1512694735146385 -> 0.15126947351463849
0.1286014400927009 -> 0.12860144009270091
0.518404066632909 -> 0.5184040666329091
0.742089242536145 -> 0.7420892425361451
0.941223670440755 -> 0.9412236704407549
0.03799982679315261 -> 0.037999826793152613
0.673425858062978 -> 0.6734258580629781
0.1643482043635036 -> 0.16434820436350361
0.728971630534685 -> 0.7289716305346849
0.3540998312304314 -> 0.35409983123043143
0.4602021544736212 -> 0.46020215447362123
0.564038454740105 -> 0.5640384547401051
0.3375933180199229 -> 0.33759331801992287
0.4302182960963086 -> 0.43021829609630857
0.2574132326809839 -> 0.25741323268098393
0.1837658715088374 -> 0.18376587150883739
0.4434259139881431 -> 0.44342591398814313
0.0562609521090176 -> 0.056260952109017603
0.4849615312919415 -> 0.48496153129194153
0.610050772508757 -> 0.6100507725087571
0.574227252645579 -> 0.5742272526455789
0.977943403971475 -> 0.9779434039714749
0.2262900976199579 -> 0.22629009761995789
0.150000016614508 -> 0.15000001661450801
0.2639904269448273 -> 0.26399042694482733
0.2959333689621024 -> 0.29593336896210243
0.1925138008174304 -> 0.19251380081743041
0.4411671568114163 -> 0.44116715681141627
0.0918938486150448 -> 0.09189384861504479
0.1996281482157546 -> 0.19962814821575459
0.1678774553808038 -> 0.16787745538080379
0.2737690742705364 -> 0.27376907427053643
0.0740683535611718 -> 0.07406835356117181
0.2851754399219322 -> 0.28517543992193217
0.3628252526337091 -> 0.36282525263370913
0.4032554459203955 -> 0.40325544592039553
0.2857095869480826 -> 0.28570958694808257
0.2229515413689067 -> 0.22295154136890671
0.2577541208953745 -> 0.25775412089537453
0.1523062946475051 -> 0.15230629464750511
0.3278625999281157 -> 0.32786259992811573
0.1862394305745355 -> 0.18623943057453551
0.4082780251670797 -> 0.40827802516707967
0.933498795720273 -> 0.9334987957202729
0.04706713501235937 -> 0.047067135012359373
0.4369375627338348 -> 0.43693756273383477
0.3065282244590464 -> 0.30652822445904637
0.4070312299489732 -> 0.40703122994897323
0.773305088552594 -> 0.7733050885525941
0.0789617989556246 -> 0.07896179895562461
0.3795263662971953 -> 0.37952636629719527
0.3424588541333142 -> 0.34245885413331423
0.2356250982327006 -> 0.23562509823270061
0.725378456353098 -> 0.7253784563530979
0.724853168316343 -> 0.7248531683163431
0.3044260875012125 -> 0.30442608750121247
0.692326393263688 -> 0.6923263932636879
0.676206651633319 -> 0.6762066516333189
0.2999973607545178 -> 0.29999736075451777
0.1425776351414796 -> 0.14257763514147959
0.1744920576583152 -> 0.17449205765831521
0.4177843707834136 -> 0.41778437078341357
0.64577573469249 -> 0.6457757346924901
0.261469140518755 -> 0.26146914051875503
0.2184248363283222 -> 0.21842483632832221
0.581733139713767 -> 0.5817331397137669
0.951740647344752 -> 0.9517406473447521
0.4387796921881362 -> 0.43877969218813617
0.1663992455461588 -> 0.16639924554615881
0.715328102088369 -> 0.7153281020883689
0.4926534578096812 -> 0.49265345780968117
0.0911826869005311 -> 0.09118268690053111
0.3369989975853733 -> 0.33699899758537333
0.856450446444669 -> 0.8564504464446689
0.716291269275872 -> 0.7162912692758719
0.645087639742912 -> 0.6450876397429119
0.4969383467806818 -> 0.49693834678068183
0.1616369508594553 -> 0.16163695085945529
0.998545799706755 -> 0.9985457997067551
0.966746693467119 -> 0.9667466934671189
0.3536247645612626 -> 0.35362476456126257
0.809541788135759 -> 0.8095417881357591
0.3988725486536914 -> 0.39887254865369137
0.0712742446950222 -> 0.07127424469502219
0.899467929328505 -> 0.8994679293285049
0.3073679594979912 -> 0.30736795949799123
0.2694097822481408 -> 0.26940978224814083
0.667228334883676 -> 0.6672283348836761
0.0501062316743307 -> 0.050106231674330703
0.719279792967011 -> 0.7192797929670109
0.767988173341489 -> 0.7679881733414891
0.924885564702912 -> 0.9248855647029121
0.636241944422201 -> 0.6362419444222009
0.2215934447506097 -> 0.22159344475060971
0.399126642120156 -> 0.39912664212015603
0.3501246098197279 -> 0.35012460981972793
0.855903201889539 -> 0.8559032018895389
0.4248502377815149 -> 0.42485023778151487
0.4946042874854992 -> 0.49460428748549923
0.4910703256572371 -> 0.49107032565723707
0.1458574079716458 -> 0.14585740797164581
0.616380343908077 -> 0.6163803439080771
0.604882303562224 -> 0.6048823035622241
0.53732283707056 -> 0.5373228370705601
0.753353426443995 -> 0.7533534264439949
0.848583944147767 -> 0.8485839441477671
0.4214622879161877 -> 0.42146228791618767
0.863773914909508 -> 0.8637739149095079
0.4116246485253581 -> 0.41162464852535807
0.635230992455665 -> 0.6352309924556649
0.4593316938827883 -> 0.45933169388278827
0.2434656375005292 -> 0.24346563750052919
0.808394416342402 -> 0.8083944163424019
0.1398296923084449 -> 0.13982969230844489
0.926134750785437 -> 0.9261347507854371
0.3290046233052141 -> 0.32900462330521407
0.363172191805854 -> 0.36317219180585403
0.2599705160145033 -> 0.25997051601450327
0.823348285067454 -> 0.8233482850674541
0.659916985923027 -> 0.6599169859230271
0.1351628064130974 -> 0.13516280641309741
0.1896680025810039 -> 0.18966800258100391
0.802543830052383 -> 0.8025438300523829
0.74670426578429 -> 0.7467042657842901
0.2547340113373949 -> 0.25473401133739493
0.4115063987358136 -> 0.41150639873581363
0.731550576912743 -> 0.7315505769127429
0.3117125288201055 -> 0.31171252882010547
0.92067101176367 -> 0.9206710117636701
0.2457445400003858 -> 0.24574454000038581
0.67892695547734 -> 0.6789269554773401
0.705008568015212 -> 0.7050085680152119
0.529324021328965 -> 0.5293240213289651
0.599302246282647 -> 0.5993022462826471
0.558889862911849 -> 0.5588898629118489
0.1061046873803193 -> 0.10610468738031931
0.3934624006954274 -> 0.39346240069542737
0.4460004197698271 -> 0.44600041976982707
0.940514058363284 -> 0.9405140583632839
0.263874124345055 -> 0.26387412434505497
0.04970672664873221 -> 0.049706726648732213
0.313676517156147 -> 0.31367651715614697
0.4107829606014404 -> 0.41078296060144037
0.243607703878279 -> 0.24360770387827901
0.2417876867885803 -> 0.24178768678858031
0.908478919388021 -> 0.9084789193880209
0.801397222910258 -> 0.8013972229102579
0.1621585395378181 -> 0.16215853953781811
0.842112964214422 -> 0.8421129642144221
0.581688815993955 -> 0.5816888159939551
0.4412791226952473 -> 0.44127912269524727
0.703723285713377 -> 0.7037232857133769
0.4169505506311664 -> 0.41695055063116637
0.907085421632916 -> 0.9070854216329159
0.685700360434847 -> 0.6857003604348469
0.3729224933430694 -> 0.37292249334306937
0.661354349815719 -> 0.6613543498157189
0.857101108211967 -> 0.8571011082119671
0.3042144453190955 -> 0.30421444531909547
0.963269553655208 -> 0.9632695536552081
0.830906160899544 -> 0.8309061608995441
0.2731860195533308 -> 0.27318601955333077
0.715115120503168 -> 0.7151151205031679
0.98750199530985 -> 0.9875019953098499
0.1895239668542993 -> 0.18952396685429929
0.2928019488985176 -> 0.29280194889851763
0.742881008275248 -> 0.7428810082752479
0.619269548530545 -> 0.6192695485305451
0.792945749168601 -> 0.7929457491686011
0.2524219121702794 -> 0.25242191217027943
0.3376206254226157 -> 0.33762062542261573
0.837735361653763 -> 0.8377353616537631
0.3008216384680166 -> 0.30082163846801657
0.817371197752848 -> 0.8173711977528481
0.4313437813231841 -> 0.43134378132318407
0.2347866773708117 -> 0.23478667737081171
0.958805382252992 -> 0.9588053822529919
0.443465063781912 -> 0.44346506378191197
0.562553806547127 -> 0.5625538065471271
0.512490447217056 -> 0.5124904472170561
0.57970825513384 -> 0.5797082551338399
0.4598891169849256 -> 0.45988911698492563
0.3789492929784469 -> 0.37894929297844693
0.789015161765591 -> 0.7890151617655911
0.652884053907758 -> 0.6528840539077581
0.4607690783769747 -> 0.46076907837697467
0.1929042562309531 -> 0.19290425623095309
0.787220696066879 -> 0.7872206960668791
0.05893887342612825 -> 0.058938873426128247
0.51309862141293 -> 0.5130986214129299
0.2784197000571281 -> 0.27841970005712813
0.2141807282493393 -> 0.21418072824933931
0.06006007887006393 -> 0.060060078870063927
0.01090206316631226 -> 0.010902063166312259
0.2048694070378866 -> 0.20486940703788659
0.3845334672651399 -> 0.38453346726513993
0.1614074750894713 -> 0.16140747508947129
0.3399974292388038 -> 0.33999742923880383
0.910674237792579 -> 0.9106742377925791
0.214119522312176 -> 0.21411952231217601
0.585417698199101 -> 0.5854176981991011
0.882497581500646 -> 0.8824975815006459
0.0714214896437061 -> 0.07142148964370609
0.700218875542787 -> 0.7002188755427869
0.3025939402370664 -> 0.30259394023706643
0.4727198625697209 -> 0.47271986256972087
0.528732244320889 -> 0.5287322443208891
0.782365717146632 -> 0.7823657171466319
0.0503619218222402 -> 0.050361921822240197
0.007564966026663011 -> 0.0075649660266630114
0.601281882247026 -> 0.6012818822470259
0.613607088262278 -> 0.6136070882622781
0.4895190049116733 -> 0.48951900491167333
0.177927503551065 -> 0.17792750355106501
0.00787577677846485 -> 0.007875776778464849
0.466544347496438 -> 0.46654434749643803
0.516530172304627 -> 0.5165301723046271
0.815127629542929 -> 0.8151276295429291
0.9602312585219 -> 0.9602312585219001
0.4492379853662333 -> 0.44923798536623327
0.2002706016971635 -> 0.20027060169716349
0.891949812374147 -> 0.8919498123741471
0.865652001967605 -> 0.8656520019676049
0.647069054902426 -> 0.6470690549024261
0.400564701858694 -> 0.40056470185869397
0.3840764664633671 -> 0.38407646646336713
0.05718200835742571 -> 0.057182008357425707
0.2200964023453683 -> 0.22009640234536831
0.1988630104322371 -> 0.19886301043223709
0.2455042796292599 -> 0.24550427962925991
0.4434696851082294 -> 0.44346968510822937
0.942846188794286 -> 0.9428461887942861
0.03904694797287123 -> 0.039046947972871227
0.723933793719092 -> 0.7239337937190919
0.2936138386287446 -> 0.29361383862874457
0.05633950160868351 -> 0.056339501608683507
0.03278821957435318 -> 0.032788219574353183
0.82976331557263 -> 0.8297633155726299
0.932842345095726 -> 0.9328423450957261
0.801729307639999 -> 0.8017293076399989
0.643721320044154 -> 0.6437213200441541
0.599371583573513 -> 0.5993715835735129
0.2847556382454349 -> 0.28475563824543493
0.4046164090159797 -> 0.40461640901597973
0.4650111145642499 -> 0.46501111456424993
0.571085535577254 -> 0.5710855355772541
0.1560058235725824 -> 0.15600582357258241
0.978933658872223 -> 0.9789336588722229
0.812075860156453 -> 0.8120758601564531
0.3359687619816977 -> 0.33596876198169767
0.2491507110175709 -> 0.24915071101757091
0.156943967759979 -> 0.15694396775997899
0.875639235712732 -> 0.8756392357127319
0.609769245398533 -> 0.6097692453985331
0.933743936744101 -> 0.9337439367441011
0.646073889221149 -> 0.6460738892211489
0.96960505235069 -> 0.9696050523506901
0.94055183984995 -> 0.9405518398499501
0.1368031790859391 -> 0.13680317908593909
0.2226957579700619 -> 0.22269575797006191
0.677513480220371 -> 0.6775134802203709
0.2372093895011156 -> 0.23720938950111559
0.3409788703598505 -> 0.34097887035985053
0.519037842490571 -> 0.5190378424905711
0.356239403070124 -> 0.35623940307012403
0.554556591477603 -> 0.5545565914776029
0.2150505480464142 -> 0.21505054804641421
0.2689370059260279 -> 0.26893700592602787
0.2124946809358811 -> 0.21249468093588109
0.752218711372658 -> 0.7522187113726581
0.3742051165309839 -> 0.37420511653098387
0.4943869832237133 -> 0.49438698322371333
0.549798414522709 -> 0.5497984145227089
0.4348110784671467 -> 0.43481107846714673
0.4093765308933697 -> 0.40937653089336967
0.580566259482934 -> 0.5805662594829341
0.4805704663047837 -> 0.48057046630478373
0.982886322165407 -> 0.9828863221654069
0.0630932452162054 -> 0.06309324521620541
0.088062148000156 -> 0.08806214800015599
0.1694592732916229 -> 0.16945927329162291
0.03790560153880684 -> 0.037905601538806843
0.896980022526567 -> 0.8969800225265669
0.2209609168651714 -> 0.22096091686517139
0.722498755905779 -> 0.7224987559057791
0.736308843498443 -> 0.7363088434984431
0.978636769229629 -> 0.9786367692296291
0.03529728846032942 -> 0.035297288460329423
0.4416696680448918 -> 0.44166966804489183
0.4260162438314333 -> 0.42601624383143333
0.79792070041391 -> 0.7979207004139099
0.3525263310035677 -> 0.35252633100356767
0.977101845101708 -> 0.9771018451017081
0.03509982123969679 -> 0.035099821239696793
0.2446116674693498 -> 0.24461166746934981
0.2408407980125956 -> 0.24084079801259561
0.3421404479084382 -> 0.34214044790843823
0.801366499451656 -> 0.8013664994516559
0.1460141769593888 -> 0.14601417695938879
0.0714301665050373 -> 0.07143016650503731
0.4120398061798973 -> 0.41203980617989733
0.603286294736397 -> 0.6032862947363971
0.1403797107541256 -> 0.14037971075412559
0.709499076945383 -> 0.7094990769453829
0.1250645122517169 -> 0.12506451225171689
0.4100071407963157 -> 0.41000714079631573
0.2043047290483785 -> 0.20430472904837849
0.930292385192033 -> 0.9302923851920329
0.4846224304749778 -> 0.48462243047497777
0.781520409766502 -> 0.7815204097665021
0.3886810044017249 -> 0.38868100440172493
0.776964457729933 -> 0.7769644577299329
0.01778310023644958 -> 0.017783100236449578
0.140883973982058 -> 0.14088397398205799
0.1046742008824132 -> 0.10467420088241319
0.0086588836436704 -> 0.008658883643670401
0.02441981618764766 -> 0.024419816187647658
0.1982869065858648 -> 0.19828690658586479
0.284650059578372 -> 0.28465005957837197
0.3351359767968837 -> 0.33513597679688367
0.1283073685476359 -> 0.12830736854763591
0.2771187387566936 -> 0.27711873875669357
0.2396148855267103 -> 0.23961488552671029
0.2536667836289416 -> 0.25366678362894157
0.866271415476286 -> 0.8662714154762861
0.2388759005847889 -> 0.23887590058478891
0.3585087829779183 -> 0.35850878297791833
0.3445438574127552 -> 0.34454385741275517
0.910710569754068 -> 0.9107105697540679
0.067115429423096 -> 0.06711542942309601
0.796777132966141 -> 0.7967771329661411
0.01549738094874309 -> 0.015497380948743089
0.06031344499883751 -> 0.060313444998837507
0.2996170458659628 -> 0.29961704586596283
0.728404414729728 -> 0.7284044147297279
0.880923246392393 -> 0.8809232463923929
0.3743580344692716 -> 0.37435803446927163
0.680001541038946 -> 0.6800015410389459
0.636278137058435 -> 0.6362781370584349
0.1766347502677066 -> 0.17663475026770659
0.527853495597083 -> 0.5278534955970829
0.96763038410801 -> 0.9676303841080101
0.916203168247472 -> 0.9162031682474721
0.3259709655388284 -> 0.32597096553882843
0.896714576556011 -> 0.8967145765560109
0.2243742171036993 -> 0.22437421710369931
0.4007209140092374 -> 0.40072091400923737
0.609941820311311 -> 0.6099418203113109
0.0423936273314558 -> 0.042393627331455797
0.1046574095716215 -> 0.10465740957162151
0.691521638900016 -> 0.6915216389000159
0.658199579952156 -> 0.6581995799521561
0.4300379050204233 -> 0.43003790502042327
0.666603895628678 -> 0.6666038956286779
0.21607177695101 -> 0.21607177695100999
0.706134225231488 -> 0.7061342252314881
0.638677978657265 -> 0.6386779786572651
0.3412158970655709 -> 0.34121589706557087
0.670923188084736 -> 0.6709231880847361
0.917934842134772 -> 0.9179348421347721
0.2376253055595169 -> 0.23762530555951689
0.545701418152091 -> 0.5457014181520909
0.03218371985168356 -> 0.032183719851683557
0.736650724697754 -> 0.7366507246977539
0.659282842653446 -> 0.6592828426534461
0.655161893286274 -> 0.6551618932862741
0.1573626629062609 -> 0.15736266290626089
0.785543285953129 -> 0.7855432859531289
0.3278474704898032 -> 0.32784747048980323
0.947116456502685 -> 0.9471164565026849
0.592562037015053 -> 0.5925620370150529
0.0741459419074827 -> 0.07414594190748269
0.844099182055774 -> 0.8440991820557741
0.03991743872029219 -> 0.039917438720292187
0.4748531744462616 -> 0.47485317444626163
0.3641047646892904 -> 0.36410476468929043
0.3887372154476815 -> 0.38873721544768147
0.04772806488350834 -> 0.047728064883508337
0.71616724595108 -> 0.7161672459510799
0.3234965633604793 -> 0.32349656336047927
0.784629789850601 -> 0.7846297898506009
0.590504701197824 -> 0.5905047011978239
0.888847131608342 -> 0.8888471316083419
0.0555644754576845 -> 0.055564475457684503
0.0884558534420209 -> 0.08845585344202089
0.0849731070678219 -> 0.08497310706782191
0.2237993937398325 -> 0.22379939373983249
0.2429912502854744 -> 0.24299125028547441
0.04710739580939605 -> 0.047107395809396047
0.71991542948185 -> 0.7199154294818501
0.37898285583138 -> 0.37898285583138003
0.2213662360164491 -> 0.22136623601644911
0.4483652928125407 -> 0.44836529281254067
0.3117736447468826 -> 0.31177364474688263
0.2696544196778142 -> 0.26965441967781423
0.976289834960059 -> 0.9762898349600591
0.401880496572425 -> 0.40188049657242497
0.01903517534174415 -> 0.019035175341744148
0.4528345699608676 -> 0.45283456996086757
0.0808140598354622 -> 0.08081405983546219
0.517885943858928 -> 0.5178859438589281
0.2432349659016909 -> 0.24323496590169091
0.1035593041856867 -> 0.10355930418568671
0.0682008470968909 -> 0.06820084709689089
0.603106794496928 -> 0.6031067944969279
0.2490580462508344 -> 0.24905804625083439
0.2216825223360155 -> 0.22168252233601549
0.721168289393952 -> 0.7211682893939519
0.885037983987985 -> 0.8850379839879851
0.4099291034829948 -> 0.40992910348299483
0.981724204246818 -> 0.9817242042468181
0.0964085351494487 -> 0.09640853514944869
0.872039653654266 -> 0.8720396536542659
0.958439844060821 -> 0.9584398440608209
0.3517794231269534 -> 0.35177942312695343
0.968246825152627 -> 0.9682468251526271
0.2252832842147484 -> 0.22528328421474841
0.3260578188452046 -> 0.32605781884520457
0.127699051881924 -> 0.12769905188192399
0.691015305054064 -> 0.6910153050540641
0.545582755336879 -> 0.5455827553368791
0.750803192583196 -> 0.7508031925831961
0.928309463297949 -> 0.9283094632979489
0.953665965314691 -> 0.9536659653146911
0.2269975642289528 -> 0.22699756422895279
0.723421086990994 -> 0.7234210869909939
0.876827721516726 -> 0.8768277215167261
0.0842836564618532 -> 0.08428365646185321
0.955021671428051 -> 0.9550216714280511
0.998374175183877 -> 0.9983741751838771
0.805357090405109 -> 0.8053570904051091
0.100870925883208 -> 0.10087092588320801
0.725827636180781 -> 0.7258276361807811
0.628472320626351 -> 0.6284723206263511
0.4319754699233396 -> 0.43197546992333957
0.4048680504117598 -> 0.40486805041175977
0.796922278060819 -> 0.7969222780608189
0.725669837901115 -> 0.7256698379011149
0.841611405945419 -> 0.8416114059454191
0.722314504003364 -> 0.7223145040033641
0.690938864662551 -> 0.6909388646625511
0.735397867609556 -> 0.7353978676095561
0.1752333177732983 -> 0.17523331777329831
0.854622926645281 -> 0.8546229266452809
0.4463543959256909 -> 0.44635439592569093
0.01360464458514521 -> 0.013604644585145209
0.593043618525881 -> 0.5930436185258809
0.983431754813962 -> 0.9834317548139619
0.669988035797004 -> 0.6699880357970039
0.2035639681428386 -> 0.20356396814283861
0.510064439253544 -> 0.5100644392535441
0.671701837870537 -> 0.6717018378705371
0.4612018838348034 -> 0.46120188383480343
0.1573712782537353 -> 0.15737127825373531
0.645832833694788 -> 0.6458328336947881
0.1898610246700526 -> 0.18986102467005261
0.84370298483167 -> 0.8437029848316701
0.966632705972229 -> 0.9666327059722289
0.2191293115738948 -> 0.21912931157389481
0.03700882337818601 -> 0.037008823378186007
0.606657423258882 -> 0.6066574232588819
0.2125221726285592 -> 0.21252217262855921
0.981397261916162 -> 0.9813972619161619
0.938726712111216 -> 0.9387267121112161
0.597929390540965 -> 0.5979293905409649
0.869678517997931 -> 0.8696785179979311
0.4087189091837721 -> 0.40871890918377207
0.3913281495548874 -> 0.39132814955488737
0.1654926806862521 -> 0.16549268068625211
0.2361587790505668 -> 0.23615877905056681
0.1852495106055876 -> 0.18524951060558759
0.4327242542514598 -> 0.43272425425145977
0.822256859369421 -> 0.8222568593694209
0.821472785237017 -> 0.8214727852370169
0.1849756852645318 -> 0.18497568526453179
0.1855447476234484 -> 0.18554474762344841
0.759009785295716 -> 0.7590097852957161
0.590488478292231 -> 0.5904884782922309
0.259692788635388 -> 0.25969278863538803
0.640650592636617 -> 0.6406505926366169
0.907558686621944 -> 0.9075586866219441
0.0704833421489428 -> 0.07048334214894281
0.600066189263395 -> 0.6000661892633949
0.893503309035588 -> 0.8935033090355879
0.570348801745792 -> 0.5703488017457919
0.569398207870702 -> 0.5693982078707019
0.03050626646672072 -> 0.030506266466720722
0.1278931752377893 -> 0.12789317523778931
0.800468459066144 -> 0.8004684590661439
0.660794953324432 -> 0.6607949533244321
0.2869556966368286 -> 0.28695569663682863
0.865588052474698 -> 0.8655880524746981
0.05480893845192936 -> 0.054808938451929357
0.2449297894809047 -> 0.24492978948090471
0.4283747587831713 -> 0.42837475878317133
0.510116499341912 -> 0.5101164993419121
0.2719779110629926 -> 0.27197791106299263
0.03760233008827207 -> 0.037602330088272073
0.872254432596203 -> 0.8722544325962031
0.689341667890289 -> 0.6893416678902889
0.2232100397757283 -> 0.22321003977572829
0.1826992647047294 -> 0.18269926470472941
0.1553158944225944 -> 0.15531589442259441
0.4818908924764779 -> 0.48189089247647787
0.1240753543064591 -> 0.12407535430645911
0.4859025594536657 -> 0.48590255945366567
0.4840358248747684 -> 0.48403582487476837
0.553966055169895 -> 0.5539660551698951
0.4676374191317689 -> 0.46763741913176893
0.4344203030549805 -> 0.43442030305498047
0.2524442893864213 -> 0.25244428938642127
0.605965183400551 -> 0.6059651834005511
0.50083424614666 -> 0.5008342461466599
0.90542967636235 -> 0.9054296763623501
0.1390948430804788 -> 0.13909484308047881
0.1295047736135332 -> 0.12950477361353319
0.1009643758144445 -> 0.10096437581444451
0.05575463984741846 -> 0.055754639847418463
0.72783422695951 -> 0.7278342269595099
0.703401032815061 -> 0.7034010328150609
0.892187528120508 -> 0.8921875281205081
0.917710900781396 -> 0.9177109007813961
0.793703172324077 -> 0.7937031723240771
0.4776252708418324 -> 0.47762527084183237
0.0770738248033963 -> 0.07707382480339631
0.702948663993125 -> 0.7029486639931249
0.267249524594283 -> 0.26724952459428297
0.847307472174817 -> 0.8473074721748169
0.793149344593229 -> 0.7931493445932291
0.3017734641244533 -> 0.30177346412445327
0.625660063803749 -> 0.6256600638037489
0.993813538315028 -> 0.9938135383150279
0.666069124480899 -> 0.6660691244808991
0.4081819251827076 -> 0.40818192518270757
0.667140405493097 -> 0.6671404054930971
0.924746950462007 -> 0.9247469504620069
0.1344038352548136 -> 0.13440383525481359
0.4071840935853068 -> 0.40718409358530683
0.653506840129569 -> 0.6535068401295691
0.2290593103567896 -> 0.22905931035678961
0.67858921240358 -> 0.6785892124035801
0.875699212924199 -> 0.8756992129241991
0.05531976409324613 -> 0.055319764093246127
0.921877011182827 -> 0.9218770111828271
0.04933695481807698 -> 0.049336954818076983
0.4499716311570576 -> 0.44997163115705763
0.004777647986197064 -> 0.0047776479861970644
0.2933035562940495 -> 0.29330355629404947
0.61901401418884 -> 0.6190140141888399
0.2462756848459038 -> 0.24627568484590379
0.950359568277028 -> 0.9503595682770281
0.1336105383414775 -> 0.13361053834147751
0.3312802586522616 -> 0.33128025865226163
0.3681686195771324 -> 0.36816861957713243
0.744053695382975 -> 0.7440536953829751
0.00789729186520327 -> 0.007897291865203271
0.677802069433526 -> 0.6778020694335261
0.614485348703876 -> 0.6144853487038761
0.866448113798094 -> 0.8664481137980941
0.673939398812265 -> 0.6739393988122649
0.739235480732159 -> 0.7392354807321589
0.1814184722521026 -> 0.18141847225210261
0.631530197624875 -> 0.6315301976248749
0.945172466521707 -> 0.9451724665217071
0.04169721090963718 -> 0.041697210909637183
0.512968510854172 -> 0.5129685108541721
0.2048845484685793 -> 0.20488454846857929
0.4851390207864755 -> 0.48513902078647553
0.974807674311229 -> 0.9748076743112291
0.2969937549669249 -> 0.29699375496692493
0.2677196321075134 -> 0.26771963210751337
0.564142522932154 -> 0.5641425229321539
0.4043660681216871 -> 0.40436606812168707
0.4521634155460936 -> 0.45216341554609363
0.1672890207010891 -> 0.16728902070108909
0.752764731523552 -> 0.7527647315235521
0.738419946043469 -> 0.7384199460434691
0.2432481931422492 -> 0.24324819314224921
0.962156419558372 -> 0.9621564195583719
0.3032909607409843 -> 0.30329096074098427
0.4222234841399575 -> 0.42222348413995747
0.2372213969547564 -> 0.23722139695475641
0.3572220064639893 -> 0.35722200646398927
0.594560065511266 -> 0.5945600655112659
0.535736046572239 -> 0.5357360465722391
0.2491789082480209 -> 0.24917890824802091
0.941798203037643 -> 0.9417982030376429
0.878447825143506 -> 0.8784478251435059
0.4000514387772309 -> 0.40005143877723093
0.929466642825931 -> 0.9294666428259311
0.4224773880176593 -> 0.42247738801765933
0.3620402329828665 -> 0.36204023298286647
0.2744552417095871 -> 0.27445524170958713
0.4141080650575861 -> 0.41410806505758613
0.2392851505944147 -> 0.23928515059441469
0.68753214909582 -> 0.6875321490958201
0.04160486938688834 -> 0.041604869386888343
0.3064010659963117 -> 0.30640106599631167
0.54019894146288 -> 0.5401989414628799
0.2684219406745115 -> 0.26842194067451153
0.3751684738130385 -> 0.37516847381303853
0.274016353527091 -> 0.27401635352709097
0.710930821528793 -> 0.7109308215287931
0.857955244430677 -> 0.8579552444306771
0.985643278522569 -> 0.9856432785225691
0.731505150105141 -> 0.7315051501051411
0.614348437374653 -> 0.6143484373746529
0.811983807793835 -> 0.8119838077938351
0.1227325296826609 -> 0.12273252968266091
0.2630541805192603 -> 0.26305418051926033
0.2745897471213328 -> 0.27458974712133277
0.528887322319955 -> 0.5288873223199551
0.3626007262962819 -> 0.36260072629628193
0.0812176587069997 -> 0.08121765870699971
0.05390434624921547 -> 0.053904346249215473
0.2934116543751841 -> 0.29341165437518413
0.06061877023594597 -> 0.060618770235945973
0.146243982462246 -> 0.14624398246224601
0.3047745641428731 -> 0.30477456414287307
0.05433746714902166 -> 0.054337467149021657
0.4080411685068632 -> 0.40804116850686323
0.569145666859666 -> 0.5691456668596661
0.829489907944645 -> 0.8294899079446451
0.1830462884114923 -> 0.18304628841149229
0.968859866549936 -> 0.9688598665499361
0.828025736964143 -> 0.8280257369641431
0.998607277902613 -> 0.9986072779026131
0.97030938464041 -> 0.9703093846404101
0.1430912985946068 -> 0.14309129859460679
0.716357256098966 -> 0.7163572560989661
0.2432556381678843 -> 0.24325563816788431
0.501322492296778 -> 0.5013224922967781
0.709062835009934 -> 0.7090628350099339
0.2992350802681846 -> 0.29923508026818457
0.821510815591665 -> 0.8215108155916649
0.0787799520573692 -> 0.07877995205736921
0.4354919625863721 -> 0.43549196258637213
0.2063530795423031 -> 0.20635307954230309
0.2858036947411077 -> 0.28580369474110767
0.2305628712527482 -> 0.23056287125274821
0.1233208717344162 -> 0.12332087173441619
0.832488952302814 -> 0.8324889523028139
0.875362506245214 -> 0.8753625062452139
0.675540821063426 -> 0.6755408210634259
0.05038020264158816 -> 0.050380202641588157
0.755171668621545 -> 0.7551716686215449
0.693658467499428 -> 0.6936584674994281
0.721789881485217 -> 0.7217898814852171
0.2272940748556216 -> 0.22729407485562159
0.797403893738795 -> 0.7974038937387951
0.961104951456557 -> 0.9611049514565571
0.2490791696947562 -> 0.24907916969475619
0.3501847411363814 -> 0.35018474113638143
0.946101483491744 -> 0.9461014834917441
0.786338044421866 -> 0.7863380444218659
0.967364529166234 -> 0.9673645291662341
0.8377773545594 -> 0.8377773545593999
0.3667401445011437 -> 0.36674014450114367
0.3105655647480213 -> 0.31056556474802133
0.2429966982696493 -> 0.24299669826964931
0.851054354369499 -> 0.8510543543694991
0.758281416669149 -> 0.7582814166691491
0.991624142273345 -> 0.9916241422733451
0.4762698652452588 -> 0.47626986524525883
0.05404135749111472 -> 0.054041357491114717
0.05929292542331022 -> 0.059292925423310217
0.2684424095981712 -> 0.26844240959817123
0.932790282039689 -> 0.9327902820396889
0.03018225525548268 -> 0.030182255255482682
0.925954770484056 -> 0.9259547704840559
0.0813306111372658 -> 0.08133061113726581
0.557324497666356 -> 0.5573244976663559
0.804155836190036 -> 0.8041558361900361
0.1711744375810169 -> 0.17117443758101691
0.664627532584323 -> 0.6646275325843231
0.581272689696195 -> 0.5812726896961951
0.05534414804188326 -> 0.055344148041883257
0.808653337520088 -> 0.8086533375200879
0.808483330372817 -> 0.8084833303728171
0.2663161124562963 -> 0.26631611245629627
0.981243895404944 -> 0.9812438954049441
0.67306727199402 -> 0.6730672719940201
0.949850942327295 -> 0.9498509423272949
0.1704265437040796 -> 0.17042654370407961
0.1745995758732274 -> 0.17459957587322739
0.4564280353341926 -> 0.45642803533419263
0.4348659946547416 -> 0.43486599465474163
0.4368307185984662 -> 0.43683071859846623
0.4881345885191056 -> 0.48813458851910563
0.918588210179553 -> 0.9185882101795531
0.2651747858970048 -> 0.26517478589700483
0.03559344455318025 -> 0.035593444553180253
0.1226160999171877 -> 0.12261609991718769
0.3535402165155693 -> 0.35354021651556933
0.01101689316259269 -> 0.011016893162592689
0.922351253930004 -> 0.9223512539300039
0.83995112555043 -> 0.8399511255504299
0.598837212837874 -> 0.5988372128378739
0.970022099300967 -> 0.9700220993009669
0.695167648812757 -> 0.6951676488127571
0.587419245463147 -> 0.5874192454631471
0.763121222027974 -> 0.7631212220279741
0.983446353053611 -> 0.9834463530536111
0.3963272827071255 -> 0.39632728270712547
0.4617476909938453 -> 0.46174769099384527
0.822261668440533 -> 0.8222616684405329
0.2379453838309218 -> 0.23794538383092179
0.04646420620283764 -> 0.046464206202837643
0.625847862634968 -> 0.6258478626349681
0.952517025682939 -> 0.9525170256829389
0.2353758309343673 -> 0.23537583093436731
0.1958613512616071 -> 0.19586135126160709
0.587578124491345 -> 0.5875781244913451
0.0757981139658278 -> 0.07579811396582781
0.565647164280699 -> 0.5656471642806991
0.3760723060331084 -> 0.37607230603310837
0.05521399118155235 -> 0.055213991181552347
0.719371047905145 -> 0.7193710479051449
0.1438700869140319 -> 0.14387008691403191
0.940263965020184 -> 0.9402639650201839
0.832237790523429 -> 0.8322377905234291
0.2985952356846375 -> 0.29859523568463753
0.1745959879367842 -> 0.17459598793678421
0.2140387114864266 -> 0.21403871148642661
diff type $, left class java.util.Collections$SingletonMap, right class java.util.Collections$EmptyMap
diff map size $, left 1, right 0, com.alibaba.fastjson2.JSONObject
diff collection size $, left 1, right 0
diff collection size $, left 0, right 1
diff value $, left abc, right aac
diff type $.a, right is null, left class class java.lang.String
diff map $, java.util.Collections$SingletonMap
diff value $, left 1, right 2
diff value $.id, left 1, right 2
diff object $, class null
diff value $.value, left a, right b
diff object $, class null
diff value $.value, left ab, right b
diff object $, class null
diff value $.value, left ab, right ac
diff object $, class null
diff type $.value, right is null, left class class java.lang.String
diff object $, class null
diff type $.value, left is null, right class class java.lang.String
diff object $, class null
diff compare $, class jrt:/java.base/java/lang/String.class
diff array compare $, class null
diff sortedMap compare map $, class jrt:/java.base/java/util/LinkedHashMap.class
diff compare $, class null
d00000c00004e
78
12
13
{1},
{10},
{100},
{1000},
{10000},
{100000},
{1000000},
{10000000},
{100000000},
{1000000000},
{2, 1410065408},
{23, 1215752192},
{232, -727379968},
{2328, 1316134912},
{23283, 276447232},
{232830, -1530494976},
{2328306, 1874919424},
{23283064, 1569325056},
{232830643, -1486618624},
{-1966660860, -1981284352},
{5, 1808227885, 1661992960},
{54, 902409669, -559939584},
{542, 434162106, -1304428544},
{5421, 46653770, -159383552},
{54210, 466537709, -1593835520},
{542101, 370409800, 1241513984},
{5421010, -590869294, -469762048},
{54210108, -1613725636, -402653184},
{542101086, 1042612833, 268435456},
{1, 1126043566, 1836193738, -1610612736},
{12, -1624466224, 1182068202, 1073741824},
{126, 935206946, -1064219866, -2147483648},
{1262, 762134875, -2052264063, 0},
{12621, -968585837, 952195850, 0},
{126217, -1095923776, 932023908, 0},
{1262177, 1925664130, 730304488, 0},
{12621774, 2076772117, -1286889712, 0},
{126217744, -707115303, 16004768, 0},
{1262177448, 1518781562, 160047680, 0},
{2, -263127405, -1992053564, 1600476800, 0},
{29, 1663693251, 1554300843, -1175101184, 0},
{293, -542936671, -1636860747, 1133890048, 0},
{2938, -1134399408, 811261716, -1546001408, 0},
{29387, 1540907809, -477317426, 1719855104, 0},
{293873, -1770791086, -478206960, 18681856, 0},
{2938735, -528041668, -487102304, 186818560, 0},
{29387358, -985449376, -576055744, 1868185600, 0},
{293873587, -1264559160, -1465590140, 1501986816, 0},
{-1356231419, 239310294, -1770999509, 2134966272, 0},
{6, -677412302, -1901864351, -530125902, -125173760, 0},
{68, 1815811577, -1838774318, -1006291715, -1251737600, 0},
{684, 978246591, -1207873989, -1472982551, 367525888, 0},
{6842, 1192531325, 806162004, -1844923622, -619708416, 0},
{68422, -959588637, -528314547, -1269367028, -1902116864, 0},
{684227, -1005951770, -988178167, 191231613, -1841299456, 0},
{6842277, -1469583101, -1291847078, 1912316135, -1233125376, 0},
{68422776, -1810929116, -33568888, 1943292173, 553648128, 0},
{684227765, -929421967, -335688876, -2041914749, 1241513984, 0},
{1, -1747656935, -704285069, 938078541, 1055688992, -469762048, 0},
{15, -296700158, 1547083904, 790850820, 1966955336, -402653184, 0},
{159, 1327965719, -1709030143, -681426388, -1805283111, 268435456, 0},
{1593, 394755308, 89567762, 1775670717, -872961926, -1610612736, 0},
{15930, -347414216, 895677624, 576837993, -139684662, 1073741824, 0},
{159309, 820825138, 366841649, 1473412643, -1396846618, -2147483648, 0},
{
	"@type":"com.google.common.collect.SingletonImmutableBiMap",
	"k1":1
}
{
	"@type":"com.google.common.collect.SingletonImmutableBiMap",
	"k1":1
}
0xF 1111
0xF0 11110000
0x601100000

0	48	110000	3	0	18	0	0
1	49	110001	3	1	18	0	1
2	50	110010	3	2	18	0	2
3	51	110011	3	3	18	0	3
4	52	110100	3	4	18	0	4
5	53	110101	3	5	18	0	5
6	54	110110	3	6	18	0	6
7	55	110111	3	7	18	0	7
8	56	111000	3	8	18	0	8
9	57	111001	3	9	18	0	9
a	97	1100001	6	1	30	a	b
b	98	1100010	6	2	30	a	c
c	99	1100011	6	3	30	a	d
d	100	1100100	6	4	30	a	e
e	101	1100101	6	5	30	a	f
f	102	1100110	6	6	30	a	10
A	65	1000001	4	1	20	a	b
B	66	1000010	4	2	20	a	c
C	67	1000011	4	3	20	a	d
D	68	1000100	4	4	20	a	e
E	69	1000101	4	5	20	a	f
F	70	1000110	4	6	20	a	10
0xF 1111
0xF0 11110000
0x601100000

0 110000 & 11110000 = 110000
1 110001 & 11110000 = 110000
2 110010 & 11110000 = 110000
3 110011 & 11110000 = 110000
4 110100 & 11110000 = 110000
5 110101 & 11110000 = 110000
6 110110 & 11110000 = 110000
7 110111 & 11110000 = 110000
8 111000 & 11110000 = 110000
9 111001 & 11110000 = 110000

0 ((110000) & 1111 + 1100000) & 11110000 = 1100000
1 ((110001) & 1111 + 1100000) & 11110000 = 1100000
2 ((110010) & 1111 + 1100000) & 11110000 = 1100000
3 ((110011) & 1111 + 1100000) & 11110000 = 1100000
4 ((110100) & 1111 + 1100000) & 11110000 = 1100000
5 ((110101) & 1111 + 1100000) & 11110000 = 1100000
6 ((110110) & 1111 + 1100000) & 11110000 = 1100000
7 ((110111) & 1111 + 1100000) & 11110000 = 1100000
8 ((111000) & 1111 + 1100000) & 11110000 = 1100000
9 ((111001) & 1111 + 1100000) & 11110000 = 1100000
0.24414062 -> 0.24414063
1.5258789E-5 -> 1.52587891E-5
0.27539062 -> 0.27539063
0.14257812 -> 0.14257813
0.40820312 -> 0.40820313
0.25195312 -> 0.25195313
0.0043945312 -> 0.0043945313
0.31445312 -> 0.31445313
{"id":1001,"org":{"id":2001}}
{
	"@type":"java.nio.HeapByteBuffer",
	"@value":[
		1,
		2,
		3
	]
}
{
	"v0000":100.0
}
{
	"v0000":100
}
{
	"id":100
}
{
	"v0000":100
}
{
	"v0000":1234567890
}
{
	"id":"e37cfb89-3024-41a0-b445-55a5d8124816"
}
{
	"id":100
}
{
	"v0000":100.0
}
{
	"v0000":100
}
{
	"v0000":1234567890
}
{
	"@type":"com.alibaba.fastjson2.issues_1600.Issue1624$Bean1#0",
	"@value":{
		"id":123
	}
}
[34,0,0,0,0,0,0,0,0,0,0,0,16]
{
	"@type":"com.alibaba.fastjson2_vo.Int1#0",
	"@value":{}
}
{}
17
{
	"id":"01234567890ABCDE01234567890ABCDE01234567890ABCDE01234567890ABCDE01234567890ABCDE",
	"v0":1,
	"v1":{},
	"v2":{},
	"v3":[
		1,
		2,
		3,
		4,
		5,
		6,
		7,
		8,
		9,
		0,
		1,
		2,
		3,
		4,
		5,
		6,
		7,
		8,
		9,
		0,
		"A",
		"B",
		"C",
		"D",
		"E",
		"F"
	]
}
[
	{
		"n234#0":13
	},
	{
		"#0":14
	},
	{
		"#0":15
	}
]
{
	"#-1":1,
	"#-2":"DataWorks"
}
jsonb size : 131
{"id":123456789,"v0":"123","v1":123456789012345678,"v2":123456789012345678901234567890,"v3":123.45,"v4":1230000.0,"v5":"abcdefg","v7":"null","v8":true,"v9":false,"v10":{"val":123},"v11":{},"v12":[1234],"v13":[12.34],"v14":[null]}
jsonb size : 131
{"id":123456789,"v0":"123","v1":123456789012345678,"v2":123456789012345678901234567890,"v3":123.45,"v4":1230000.0,"v5":"abcdefg","v7":"null","v8":true,"v9":false,"v10":{"val":123},"v11":{},"v12":[1234],"v13":[12.34],"v14":[null]}
jsonb size : 131
{"id":123456789,"v0":"123","v1":123456789012345678,"v2":123456789012345678901234567890,"v3":123.45,"v4":1230000.0,"v5":"abcdefg","v7":"null","v8":true,"v9":false,"v10":{"val":123},"v11":{},"v12":[1234],"v13":[12.34],"v14":[null]}
jsonb size : 131
{"id":123456789,"v0":"123","v1":123456789012345678,"v2":123456789012345678901234567890,"v3":123.45,"v4":1230000.0,"v5":"abcdefg","v7":"null","v8":true,"v9":false,"v10":{"val":123},"v11":{},"v12":[1234],"v13":[12.34],"v14":[null]}
jsonb size : 131
{"id":123456789,"v0":"123","v1":123456789012345678,"v2":123456789012345678901234567890,"v3":123.45,"v4":1230000.0,"v5":"abcdefg","v7":"null","v8":true,"v9":false,"v10":{"val":123},"v11":{},"v12":[1234],"v13":[12.34],"v14":[null]}
jsonb size : 131
{"id":123456789,"v0":"123","v1":123456789012345678,"v2":123456789012345678901234567890,"v3":123.45,"v4":1230000.0,"v5":"abcdefg","v7":"null","v8":true,"v9":false,"v10":{"val":123},"v11":{},"v12":[1234],"v13":[12.34],"v14":[null]}
jsonb size : 131
{"id":123456789,"v0":"123","v1":123456789012345678,"v2":123456789012345678901234567890,"v3":123.45,"v4":1230000.0,"v5":"abcdefg","v7":"null","v8":true,"v9":false,"v10":{"val":123},"v11":{},"v12":[1234],"v13":[12.34],"v14":[null]}
jsonb size : 131
{"id":123456789,"v0":"123","v1":123456789012345678,"v2":123456789012345678901234567890,"v3":123.45,"v4":1230000.0,"v5":"abcdefg","v7":"null","v8":true,"v9":false,"v10":{"val":123},"v11":{},"v12":[1234],"v13":[12.34],"v14":[null]}
{"value":["a","b","c"]}
{"value":["a","b","c"]}
{"value":["a","b","c"]}
{"value":["a","b","c"]}
{"value":["a","b","c"]}
{"value":["a","b","c"]}
{"value":["a","b","c"]}
{"value":["a","b","c"]}
{"value":["a","b","c"]}
{"value":["a","b","c"]}
{
	"value":"http://a.b.com"
}
{}
{
	"id":101,
	"name":"true",
	"type":"false"
}
"name"
"true"
"0"
"1"
"false"
{"id":"\"'\\\r\n\f\b\t中国😀😉®"}
{"id":"\"'\\\r\n\f\b\t中国😀😉®"}
{
	"value":-9223372036854775808
}
{
	"value":-2147483648
}
{
	"value":32767
}
{
	"value":8388607
}
{
	"value":0
}
{}
{
	"value":0
}
{
	"value":32767
}
{
	"value":8388607
}
{
	"value":2147483647
}
{
	"value":9223372036854775807
}
{
	"value":12345678901234567890123456789012345678901234567890123456789012345678901234567890
}
{
	"value":10
}
Sun Jan 01 08:00:00 CST 1899
Sun Jan 01 08:00:00 CST 1899
{
	"id":[
		69,
		31,
		123,
		-99,
		116,
		36,
		67,
		32,
		-125,
		76,
		34,
		33,
		-33,
		-67,
		60,
		122
	]
}
{}
{
	"v0000":[1]
}
{
	"v0000":[1]
}
{"v0000":0,"v0001":1,"v0002":2,"v0003":3,"v0004":4,"v0005":5,"v0006":6,"v0007":7,"v0008":8,"v0009":9}
{"v0000":0,"v0001":-1,"v0002":-2,"v0003":-3,"v0004":-4,"v0005":-5,"v0006":-6,"v0007":-7,"v0008":-8,"v0009":-9}
Serialized JSON with context feature: {"booleanField":false,"otherField":""}
{"checkSqlInjection":false,"expression":{"cacheSqlSegment":false,"groupBy":[{}],"having":[{}],"normal":[{},"EQ",{},"AND",{},"NE",{},"AND",{},"IN",{}],"orderBy":[{}],"sqlSegment":""},"lastSql":{"stringValue":""},"paramNameSeq":0,"paramNameValuePairs":{},"sqlComment":{"stringValue":""},"sqlFirst":{"stringValue":""},"sqlSelect":{"stringValue":"*"},"typedThis":{"$ref":".."}}
A
A
[{"a":"1","a2":"1"},{"a":"2","a2":"2"}]
{"@type":"com.alibaba.fastjson2.issues_2500.Issue2583$Bean","enumMap":{"@type":"java.util.EnumMap"}}
{
	"date":"2023-03-26T10:25:19Z"
}
{"configs":{"FROM":[{"defaultFromId":"birtney"}]}}
1036864783
[{"ActionType":2,"AlgInfo":"","AuthorName":"瓜不瓜","AuthorTags":["日常文"],"BookId":1036864783,"BookIntro":"陆离凭借自己的努力和系统的帮助走上了人生巅峰。至于青梅？啥，我还有青梅竹马啊？","BookName":"被青梅拒绝后，我获得了模拟器","BookStatus":"连载","CategoryId":4,"CategoryName":"都市","Description":"所有人都认为陆离会和徐清在一起。毕竟这俩人郎才女貌，还从小认识。\n可在散伙饭那天，徐清拒绝了陆离的表白。正在陆离怅然之际，突然听到耳边传来的提示音。\n【恭喜您获","Did":"1036864783","Dt":1,"Ex2":"","LastChapterId":0,"LastChapterName":"","LastChapterTime":0,"Pos":0,"RankName":"","ShowTime":1692079200000,"SubCategoryName":"都市生活","Type":0,"WordCount":"58万","day":"15","fbAlg":"","fbAppId":0,"fbId":1036864783,"fbType":1,"isReal":true,"isVip":1,"lastUpdateTimes":"","month":"08","recommendCol":"rengongtuijian","recommendStyle":0,"sp":"{\"exposetime\":1692084881634,\"scene\":\"preface_with_editor\"}","stability":0,"year":"2023"}]
Issue1790.Bean(op=yyy, test={"erw":{"qqq":12313}})
WARNING: Use of the three-letter time zone ID "ACT" is deprecated and it will be removed in a future release
WARNING: Use of the three-letter time zone ID "AET" is deprecated and it will be removed in a future release
WARNING: Use of the three-letter time zone ID "AGT" is deprecated and it will be removed in a future release
WARNING: Use of the three-letter time zone ID "ART" is deprecated and it will be removed in a future release
WARNING: Use of the three-letter time zone ID "AST" is deprecated and it will be removed in a future release
WARNING: Use of the three-letter time zone ID "BET" is deprecated and it will be removed in a future release
WARNING: Use of the three-letter time zone ID "BST" is deprecated and it will be removed in a future release
WARNING: Use of the three-letter time zone ID "CAT" is deprecated and it will be removed in a future release
WARNING: Use of the three-letter time zone ID "CNT" is deprecated and it will be removed in a future release
WARNING: Use of the three-letter time zone ID "CST" is deprecated and it will be removed in a future release
WARNING: Use of the three-letter time zone ID "CTT" is deprecated and it will be removed in a future release
WARNING: Use of the three-letter time zone ID "EAT" is deprecated and it will be removed in a future release
WARNING: Use of the three-letter time zone ID "ECT" is deprecated and it will be removed in a future release
WARNING: Use of the three-letter time zone ID "EST" is deprecated and it will be removed in a future release
WARNING: Use of the three-letter time zone ID "HST" is deprecated and it will be removed in a future release
WARNING: Use of the three-letter time zone ID "IET" is deprecated and it will be removed in a future release
WARNING: Use of the three-letter time zone ID "IST" is deprecated and it will be removed in a future release
WARNING: Use of the three-letter time zone ID "JST" is deprecated and it will be removed in a future release
WARNING: Use of the three-letter time zone ID "MIT" is deprecated and it will be removed in a future release
WARNING: Use of the three-letter time zone ID "MST" is deprecated and it will be removed in a future release
WARNING: Use of the three-letter time zone ID "NET" is deprecated and it will be removed in a future release
WARNING: Use of the three-letter time zone ID "NST" is deprecated and it will be removed in a future release
WARNING: Use of the three-letter time zone ID "PLT" is deprecated and it will be removed in a future release
WARNING: Use of the three-letter time zone ID "PNT" is deprecated and it will be removed in a future release
WARNING: Use of the three-letter time zone ID "PRT" is deprecated and it will be removed in a future release
WARNING: Use of the three-letter time zone ID "PST" is deprecated and it will be removed in a future release
WARNING: Use of the three-letter time zone ID "SST" is deprecated and it will be removed in a future release
WARNING: Use of the three-letter time zone ID "VST" is deprecated and it will be removed in a future release
{"appResp":{"message":"成功","status":"200","timestamp":"2017-03-15 12:13:14"}}
Issue474.Result(items=[Issue474.Item(name=item1), Issue474.Item(name=item2)])
Issue474.Result(items=[Issue474.Item(name=item1), Issue474.Item(name=item2)])
{
	"@type":"com.alibaba.fastjson2.issues.Issue385$Bean#0",
	"@value":{
		"items":{
			"@type":"java.util.Arrays$ArrayList#1",
			"@value":[
				"CamelCase",
				"PascalCase"
			]
		}
	}
}
{"data":{"pageNum":1,"pageSize":100,"records":[{"calledTimes":1,"callerPhone":"大屏演示专用线路","channelCode":"0","chatRound":0,"customerPhone":"xxxx","duration":0,"endTime":"2022-06-27 20:29:51","finishStatusDesc":"占线","finishStatusId":6,"finishStatusName":"BUSY","intentionResult":"D","startTime":"2022-06-27 20:29:07"}],"total":1}}
{"reservationId":"1520799011718696960","mealsAvailable":true,"handBaggageNum":1,"checkedBaggageNum":0}
str = {"test":[{"demo":""}]}
list = Issue464.TestParam(test=[Issue464.Demo(demo=null)])
{"a":"a value","c":"c value"}
{"c":"c value"}
{"a":null,"b":null,"c":"c value"}
{"a":null,"b":"b value","c":null}
Issue448.BasicStaff(boyList=[Issue448.BasicStaff(boyList=null, localDate=2026-10-07, localDateTime=2026-10-07T00:48:04)], localDate=2026-10-07, localDateTime=2026-10-07T00:48:04)
required latitude
2147483650
[{"var1":"d0"}]
{"availableBeginTime":"2026-10-07 00:48:14.297","availableEndTime":"2026-10-07 17:28:14.297"}
{"availableBeginTime":"2026-10-07 00:48:14.297","availableEndTime":"2026-10-07 17:28:14.297"}
{"availableBeginTime":"2026-10-07 00:48:14.297","availableEndTime":"2026-10-07 17:28:14.297"}
{"availableBeginTime":"2026-10-07 00:48:14.297","availableEndTime":"2026-10-07 17:28:14.297"}
{"availableBeginTime":"2026-10-07 00:48:14.297","availableEndTime":"2026-10-07 17:28:14.297"}
{"availableBeginTime":"2026-10-07 00:48:14.297","availableEndTime":"2026-10-07 17:28:14.297"}
{"availableBeginTime":"2026-10-07 00:48:14.297","availableEndTime":"2026-10-07 17:28:14.297"}
{"availableBeginTime":"2026-10-07 00:48:14.297","availableEndTime":"2026-10-07 17:28:14.297"}
{"availableBeginTime":"2026-10-07 00:48:14.297","availableEndTime":"2026-10-07 17:28:14.297"}
{"availableBeginTime":"2026-10-07 00:48:14.297","availableEndTime":"2026-10-07 17:28:14.297"}
{"availableBeginTime":"2026-10-07 00:48:14.297","availableEndTime":"2026-10-07 17:28:14.297"}
{"availableBeginTime":"2026-10-07 00:48:14.297","availableEndTime":"2026-10-07 17:28:14.297"}
{"availableBeginTime":"2026-10-07 00:48:14.297","availableEndTime":"2026-10-07 17:28:14.297"}
{"availableBeginTime":"2026-10-07 00:48:14.297","availableEndTime":"2026-10-07 17:28:14.297"}
{"availableBeginTime":"2026-10-07 00:48:14.297","availableEndTime":"2026-10-07 17:28:14.297"}
{"availableBeginTime":"2026-10-07 00:48:14.297","availableEndTime":"2026-10-07 17:28:14.297"}
{"availableBeginTime":"2026-10-07 00:48:14.297","availableEndTime":"2026-10-07 17:28:14.297"}
{"availableBeginTime":"2026-10-07 00:48:14.297","availableEndTime":"2026-10-07 17:28:14.297"}
{"availableBeginTime":"2026-10-07 00:48:14.297","availableEndTime":"2026-10-07 17:28:14.297"}
{"availableBeginTime":"2026-10-07 00:48:14.297","availableEndTime":"2026-10-07 17:28:14.297"}
{"availableBeginTime":"2026-10-07 00:48:14.297","availableEndTime":"2026-10-07 17:28:14.297"}
{"availableBeginTime":"2026-10-07 00:48:14.297","availableEndTime":"2026-10-07 17:28:14.297"}
{"availableBeginTime":"2026-10-07 00:48:14.297","availableEndTime":"2026-10-07 17:28:14.297"}
{"availableBeginTime":"2026-10-07 00:48:14.297","availableEndTime":"2026-10-07 17:28:14.297"}
{"availableBeginTime":"2026-10-07 00:48:14.297","availableEndTime":"2026-10-07 17:28:14.297"}
{"availableBeginTime":"2026-10-07 00:48:14.297","availableEndTime":"2026-10-07 17:28:14.297"}
{"availableBeginTime":"2026-10-07 00:48:14.297","availableEndTime":"2026-10-07 17:28:14.297"}
{"availableBeginTime":"2026-10-07 00:48:14.297","availableEndTime":"2026-10-07 17:28:14.297"}
{"availableBeginTime":"2026-10-07 00:48:14.297","availableEndTime":"2026-10-07 17:28:14.297"}
{"availableBeginTime":"2026-10-07 00:48:14.297","availableEndTime":"2026-10-07 17:28:14.297"}
{"availableBeginTime":"2026-10-07 00:48:14.297","availableEndTime":"2026-10-07 17:28:14.297"}
{"availableBeginTime":"2026-10-07 00:48:14.297","availableEndTime":"2026-10-07 17:28:14.297"}
{"availableBeginTime":"2026-10-07 00:48:14.297","availableEndTime":"2026-10-07 17:28:14.297"}
{"availableBeginTime":"2026-10-07 00:48:14.297","availableEndTime":"2026-10-07 17:28:14.297"}
{"availableBeginTime":"2026-10-07 00:48:14.297","availableEndTime":"2026-10-07 17:28:14.297"}
{"availableBeginTime":"2026-10-07 00:48:14.297","availableEndTime":"2026-10-07 17:28:14.297"}
{"availableBeginTime":"2026-10-07 00:48:14.297","availableEndTime":"2026-10-07 17:28:14.297"}
{"availableBeginTime":"2026-10-07 00:48:14.297","availableEndTime":"2026-10-07 17:28:14.297"}
{"availableBeginTime":"2026-10-07 00:48:14.297","availableEndTime":"2026-10-07 17:28:14.297"}
{"availableBeginTime":"2026-10-07 00:48:14.297","availableEndTime":"2026-10-07 17:28:14.297"}
{"availableBeginTime":"2026-10-07 00:48:14.297","availableEndTime":"2026-10-07 17:28:14.297"}
{"availableBeginTime":"2026-10-07 00:48:14.297","availableEndTime":"2026-10-07 17:28:14.297"}
{"availableBeginTime":"2026-10-07 00:48:14.297","availableEndTime":"2026-10-07 17:28:14.297"}
{"availableBeginTime":"2026-10-07 00:48:14.297","availableEndTime":"2026-10-07 17:28:14.297"}
{"availableBeginTime":"2026-10-07 00:48:14.297","availableEndTime":"2026-10-07 17:28:14.297"}
{"availableBeginTime":"2026-10-07 00:48:14.297","availableEndTime":"2026-10-07 17:28:14.297"}
{"availableBeginTime":"2026-10-07 00:48:14.297","availableEndTime":"2026-10-07 17:28:14.297"}
{"availableBeginTime":"2026-10-07 00:48:14.297","availableEndTime":"2026-10-07 17:28:14.297"}
{"availableBeginTime":"2026-10-07 00:48:14.297","availableEndTime":"2026-10-07 17:28:14.297"}
{"availableBeginTime":"2026-10-07 00:48:14.297","availableEndTime":"2026-10-07 17:28:14.297"}
{"availableBeginTime":"2026-10-07 00:48:14.297","availableEndTime":"2026-10-07 17:28:14.297"}
{"availableBeginTime":"2026-10-07 00:48:14.297","availableEndTime":"2026-10-07 17:28:14.297"}
{"availableBeginTime":"2026-10-07 00:48:14.297","availableEndTime":"2026-10-07 17:28:14.297"}
{"availableBeginTime":"2026-10-07 00:48:14.297","availableEndTime":"2026-10-07 17:28:14.297"}
{"availableBeginTime":"2026-10-07 00:48:14.297","availableEndTime":"2026-10-07 17:28:14.297"}
{"availableBeginTime":"2026-10-07 00:48:14.297","availableEndTime":"2026-10-07 17:28:14.297"}
{"availableBeginTime":"2026-10-07 00:48:14.297","availableEndTime":"2026-10-07 17:28:14.297"}
{"availableBeginTime":"2026-10-07 00:48:14.297","availableEndTime":"2026-10-07 17:28:14.297"}
{"availableBeginTime":"2026-10-07 00:48:14.297","availableEndTime":"2026-10-07 17:28:14.297"}
{"availableBeginTime":"2026-10-07 00:48:14.297","availableEndTime":"2026-10-07 17:28:14.297"}
{"availableBeginTime":"2026-10-07 00:48:14.297","availableEndTime":"2026-10-07 17:28:14.297"}
{"availableBeginTime":"2026-10-07 00:48:14.297","availableEndTime":"2026-10-07 17:28:14.297"}
{"availableBeginTime":"2026-10-07 00:48:14.298","availableEndTime":"2026-10-07 17:28:14.298"}
{"availableBeginTime":"2026-10-07 00:48:14.298","availableEndTime":"2026-10-07 17:28:14.298"}
{"availableBeginTime":"2026-10-07 00:48:14.298","availableEndTime":"2026-10-07 17:28:14.298"}
{"availableBeginTime":"2026-10-07 00:48:14.298","availableEndTime":"2026-10-07 17:28:14.298"}
{"availableBeginTime":"2026-10-07 00:48:14.298","availableEndTime":"2026-10-07 17:28:14.298"}
{"availableBeginTime":"2026-10-07 00:48:14.298","availableEndTime":"2026-10-07 17:28:14.298"}
{"availableBeginTime":"2026-10-07 00:48:14.298","availableEndTime":"2026-10-07 17:28:14.298"}
{"availableBeginTime":"2026-10-07 00:48:14.298","availableEndTime":"2026-10-07 17:28:14.298"}
{"availableBeginTime":"2026-10-07 00:48:14.298","availableEndTime":"2026-10-07 17:28:14.298"}
{"availableBeginTime":"2026-10-07 00:48:14.298","availableEndTime":"2026-10-07 17:28:14.298"}
{"availableBeginTime":"2026-10-07 00:48:14.298","availableEndTime":"2026-10-07 17:28:14.298"}
{"availableBeginTime":"2026-10-07 00:48:14.298","availableEndTime":"2026-10-07 17:28:14.298"}
{"availableBeginTime":"2026-10-07 00:48:14.298","availableEndTime":"2026-10-07 17:28:14.298"}
{"availableBeginTime":"2026-10-07 00:48:14.298","availableEndTime":"2026-10-07 17:28:14.298"}
{"availableBeginTime":"2026-10-07 00:48:14.298","availableEndTime":"2026-10-07 17:28:14.298"}
{"availableBeginTime":"2026-10-07 00:48:14.298","availableEndTime":"2026-10-07 17:28:14.298"}
{"availableBeginTime":"2026-10-07 00:48:14.298","availableEndTime":"2026-10-07 17:28:14.298"}
{"availableBeginTime":"2026-10-07 00:48:14.298","availableEndTime":"2026-10-07 17:28:14.298"}
{"availableBeginTime":"2026-10-07 00:48:14.298","availableEndTime":"2026-10-07 17:28:14.298"}
{"availableBeginTime":"2026-10-07 00:48:14.298","availableEndTime":"2026-10-07 17:28:14.298"}
{"availableBeginTime":"2026-10-07 00:48:14.298","availableEndTime":"2026-10-07 17:28:14.298"}
{"availableBeginTime":"2026-10-07 00:48:14.298","availableEndTime":"2026-10-07 17:28:14.298"}
{"availableBeginTime":"2026-10-07 00:48:14.298","availableEndTime":"2026-10-07 17:28:14.298"}
{"availableBeginTime":"2026-10-07 00:48:14.298","availableEndTime":"2026-10-07 17:28:14.298"}
{"availableBeginTime":"2026-10-07 00:48:14.298","availableEndTime":"2026-10-07 17:28:14.298"}
{"availableBeginTime":"2026-10-07 00:48:14.298","availableEndTime":"2026-10-07 17:28:14.298"}
{"availableBeginTime":"2026-10-07 00:48:14.298","availableEndTime":"2026-10-07 17:28:14.298"}
{"availableBeginTime":"2026-10-07 00:48:14.298","availableEndTime":"2026-10-07 17:28:14.298"}
{"availableBeginTime":"2026-10-07 00:48:14.298","availableEndTime":"2026-10-07 17:28:14.298"}
{"availableBeginTime":"2026-10-07 00:48:14.298","availableEndTime":"2026-10-07 17:28:14.298"}
{"availableBeginTime":"2026-10-07 00:48:14.298","availableEndTime":"2026-10-07 17:28:14.298"}
{"availableBeginTime":"2026-10-07 00:48:14.298","availableEndTime":"2026-10-07 17:28:14.298"}
{"availableBeginTime":"2026-10-07 00:48:14.298","availableEndTime":"2026-10-07 17:28:14.298"}
{"availableBeginTime":"2026-10-07 00:48:14.298","availableEndTime":"2026-10-07 17:28:14.298"}
{"availableBeginTime":"2026-10-07 00:48:14.298","availableEndTime":"2026-10-07 17:28:14.298"}
{"availableBeginTime":"2026-10-07 00:48:14.298","availableEndTime":"2026-10-07 17:28:14.298"}
{"availableBeginTime":"2026-10-07 00:48:14.298","availableEndTime":"2026-10-07 17:28:14.298"}
{"availableBeginTime":"2026-10-07 00:48:14.298","availableEndTime":"2026-10-07 17:28:14.298"}
{"availableBeginTime":"2026-10-07 00:48:14.298","availableEndTime":"2026-10-07 17:28:14.298"}
{"availableBeginTime":"2026-10-07 00:48:14.298","availableEndTime":"2026-10-07 17:28:14.298"}
{"availableBeginTime":"2026-10-07 00:48:14.298","availableEndTime":"2026-10-07 17:28:14.298"}
{"availableBeginTime":"2026-10-07 00:48:14.298","availableEndTime":"2026-10-07 17:28:14.298"}
{"availableBeginTime":"2026-10-07 00:48:14.298","availableEndTime":"2026-10-07 17:28:14.298"}
{"availableBeginTime":"2026-10-07 00:48:14.298","availableEndTime":"2026-10-07 17:28:14.298"}
{"availableBeginTime":"2026-10-07 00:48:14.298","availableEndTime":"2026-10-07 17:28:14.298"}
{"availableBeginTime":"2026-10-07 00:48:14.298","availableEndTime":"2026-10-07 17:28:14.298"}
{"availableBeginTime":"2026-10-07 00:48:14.298","availableEndTime":"2026-10-07 17:28:14.298"}
{"availableBeginTime":"2026-10-07 00:48:14.298","availableEndTime":"2026-10-07 17:28:14.298"}
{"availableBeginTime":"2026-10-07 00:48:14.298","availableEndTime":"2026-10-07 17:28:14.298"}
{"availableBeginTime":"2026-10-07 00:48:14.298","availableEndTime":"2026-10-07 17:28:14.298"}
{"availableBeginTime":"2026-10-07 00:48:14.298","availableEndTime":"2026-10-07 17:28:14.298"}
{"availableBeginTime":"2026-10-07 00:48:14.298","availableEndTime":"2026-10-07 17:28:14.298"}
{"availableBeginTime":"2026-10-07 00:48:14.298","availableEndTime":"2026-10-07 17:28:14.298"}
{"availableBeginTime":"2026-10-07 00:48:14.298","availableEndTime":"2026-10-07 17:28:14.298"}
{"availableBeginTime":"2026-10-07 00:48:14.298","availableEndTime":"2026-10-07 17:28:14.298"}
{"availableBeginTime":"2026-10-07 00:48:14.298","availableEndTime":"2026-10-07 17:28:14.298"}
{"availableBeginTime":"2026-10-07 00:48:14.298","availableEndTime":"2026-10-07 17:28:14.298"}
{"availableBeginTime":"2026-10-07 00:48:14.298","availableEndTime":"2026-10-07 17:28:14.298"}
{"availableBeginTime":"2026-10-07 00:48:14.298","availableEndTime":"2026-10-07 17:28:14.298"}
{"availableBeginTime":"2026-10-07 00:48:14.298","availableEndTime":"2026-10-07 17:28:14.298"}
{"availableBeginTime":"2026-10-07 00:48:14.298","availableEndTime":"2026-10-07 17:28:14.298"}
{"availableBeginTime":"2026-10-07 00:48:14.298","availableEndTime":"2026-10-07 17:28:14.298"}
{"availableBeginTime":"2026-10-07 00:48:14.298","availableEndTime":"2026-10-07 17:28:14.298"}
{"availableBeginTime":"2026-10-07 00:48:14.298","availableEndTime":"2026-10-07 17:28:14.298"}
{"availableBeginTime":"2026-10-07 00:48:14.298","availableEndTime":"2026-10-07 17:28:14.298"}
{"availableBeginTime":"2026-10-07 00:48:14.298","availableEndTime":"2026-10-07 17:28:14.298"}
{"availableBeginTime":"2026-10-07 00:48:14.298","availableEndTime":"2026-10-07 17:28:14.298"}
{"availableBeginTime":"2026-10-07 00:48:14.298","availableEndTime":"2026-10-07 17:28:14.298"}
{"availableBeginTime":"2026-10-07 00:48:14.298","availableEndTime":"2026-10-07 17:28:14.298"}
{"availableBeginTime":"2026-10-07 00:48:14.298","availableEndTime":"2026-10-07 17:28:14.298"}
{"availableBeginTime":"2026-10-07 00:48:14.298","availableEndTime":"2026-10-07 17:28:14.298"}
{"availableBeginTime":"2026-10-07 00:48:14.298","availableEndTime":"2026-10-07 17:28:14.298"}
{"availableBeginTime":"2026-10-07 00:48:14.298","availableEndTime":"2026-10-07 17:28:14.298"}
{"availableBeginTime":"2026-10-07 00:48:14.298","availableEndTime":"2026-10-07 17:28:14.298"}
{"availableBeginTime":"2026-10-07 00:48:14.298","availableEndTime":"2026-10-07 17:28:14.298"}
{"availableBeginTime":"2026-10-07 00:48:14.298","availableEndTime":"2026-10-07 17:28:14.298"}
{"availableBeginTime":"2026-10-07 00:48:14.298","availableEndTime":"2026-10-07 17:28:14.298"}
{"availableBeginTime":"2026-10-07 00:48:14.298","availableEndTime":"2026-10-07 17:28:14.298"}
{"availableBeginTime":"2026-10-07 00:48:14.298","availableEndTime":"2026-10-07 17:28:14.298"}
{"availableBeginTime":"2026-10-07 00:48:14.298","availableEndTime":"2026-10-07 17:28:14.298"}
{"availableBeginTime":"2026-10-07 00:48:14.298","availableEndTime":"2026-10-07 17:28:14.298"}
{"availableBeginTime":"2026-10-07 00:48:14.298","availableEndTime":"2026-10-07 17:28:14.298"}
{"availableBeginTime":"2026-10-07 00:48:14.298","availableEndTime":"2026-10-07 17:28:14.298"}
{"availableBeginTime":"2026-10-07 00:48:14.298","availableEndTime":"2026-10-07 17:28:14.298"}
{"availableBeginTime":"2026-10-07 00:48:14.298","availableEndTime":"2026-10-07 17:28:14.298"}
{"availableBeginTime":"2026-10-07 00:48:14.298","availableEndTime":"2026-10-07 17:28:14.298"}
{"availableBeginTime":"2026-10-07 00:48:14.298","availableEndTime":"2026-10-07 17:28:14.298"}
{"availableBeginTime":"2026-10-07 00:48:14.298","availableEndTime":"2026-10-07 17:28:14.298"}
{"availableBeginTime":"2026-10-07 00:48:14.298","availableEndTime":"2026-10-07 17:28:14.298"}
{"availableBeginTime":"2026-10-07 00:48:14.298","availableEndTime":"2026-10-07 17:28:14.298"}
{"availableBeginTime":"2026-10-07 00:48:14.298","availableEndTime":"2026-10-07 17:28:14.298"}
{"availableBeginTime":"2026-10-07 00:48:14.298","availableEndTime":"2026-10-07 17:28:14.298"}
{"availableBeginTime":"2026-10-07 00:48:14.298","availableEndTime":"2026-10-07 17:28:14.298"}
{"availableBeginTime":"2026-10-07 00:48:14.298","availableEndTime":"2026-10-07 17:28:14.298"}
{"availableBeginTime":"2026-10-07 00:48:14.298","availableEndTime":"2026-10-07 17:28:14.298"}
{"availableBeginTime":"2026-10-07 00:48:14.298","availableEndTime":"2026-10-07 17:28:14.298"}
{"availableBeginTime":"2026-10-07 00:48:14.298","availableEndTime":"2026-10-07 17:28:14.298"}
{"availableBeginTime":"2026-10-07 00:48:14.298","availableEndTime":"2026-10-07 17:28:14.298"}
{"availableBeginTime":"2026-10-07 00:48:14.298","availableEndTime":"2026-10-07 17:28:14.298"}
{"availableBeginTime":"2026-10-07 00:48:14.298","availableEndTime":"2026-10-07 17:28:14.298"}
{"availableBeginTime":"2026-10-07 00:48:14.298","availableEndTime":"2026-10-07 17:28:14.298"}
{"availableBeginTime":"2026-10-07 00:48:14.298","availableEndTime":"2026-10-07 17:28:14.298"}
{"availableBeginTime":"2026-10-07 00:48:14.298","availableEndTime":"2026-10-07 17:28:14.298"}
{"availableBeginTime":"2026-10-07 00:48:14.298","availableEndTime":"2026-10-07 17:28:14.298"}
{"availableBeginTime":"2026-10-07 00:48:14.298","availableEndTime":"2026-10-07 17:28:14.298"}
{"availableBeginTime":"2026-10-07 00:48:14.298","availableEndTime":"2026-10-07 17:28:14.298"}
{"availableBeginTime":"2026-10-07 00:48:14.298","availableEndTime":"2026-10-07 17:28:14.298"}
{"availableBeginTime":"2026-10-07 00:48:14.298","availableEndTime":"2026-10-07 17:28:14.298"}
{"availableBeginTime":"2026-10-07 00:48:14.298","availableEndTime":"2026-10-07 17:28:14.298"}
{"availableBeginTime":"2026-10-07 00:48:14.298","availableEndTime":"2026-10-07 17:28:14.298"}
{"availableBeginTime":"2026-10-07 00:48:14.298","availableEndTime":"2026-10-07 17:28:14.298"}
{"availableBeginTime":"2026-10-07 00:48:14.298","availableEndTime":"2026-10-07 17:28:14.298"}
{"availableBeginTime":"2026-10-07 00:48:14.298","availableEndTime":"2026-10-07 17:28:14.298"}
{"availableBeginTime":"2026-10-07 00:48:14.298","availableEndTime":"2026-10-07 17:28:14.298"}
{"availableBeginTime":"2026-10-07 00:48:14.298","availableEndTime":"2026-10-07 17:28:14.298"}
{"availableBeginTime":"2026-10-07 00:48:14.298","availableEndTime":"2026-10-07 17:28:14.298"}
{"availableBeginTime":"2026-10-07 00:48:14.298","availableEndTime":"2026-10-07 17:28:14.298"}
{"availableBeginTime":"2026-10-07 00:48:14.298","availableEndTime":"2026-10-07 17:28:14.298"}
{"availableBeginTime":"2026-10-07 00:48:14.298","availableEndTime":"2026-10-07 17:28:14.298"}
{"availableBeginTime":"2026-10-07 00:48:14.298","availableEndTime":"2026-10-07 17:28:14.298"}
{"availableBeginTime":"2026-10-07 00:48:14.298","availableEndTime":"2026-10-07 17:28:14.298"}
{"availableBeginTime":"2026-10-07 00:48:14.298","availableEndTime":"2026-10-07 17:28:14.298"}
{"availableBeginTime":"2026-10-07 00:48:14.298","availableEndTime":"2026-10-07 17:28:14.298"}
{"availableBeginTime":"2026-10-07 00:48:14.298","availableEndTime":"2026-10-07 17:28:14.298"}
{"availableBeginTime":"2026-10-07 00:48:14.298","availableEndTime":"2026-10-07 17:28:14.298"}
{"availableBeginTime":"2026-10-07 00:48:14.298","availableEndTime":"2026-10-07 17:28:14.298"}
{"availableBeginTime":"2026-10-07 00:48:14.298","availableEndTime":"2026-10-07 17:28:14.298"}
{"availableBeginTime":"2026-10-07 00:48:14.298","availableEndTime":"2026-10-07 17:28:14.298"}
{"availableBeginTime":"2026-10-07 00:48:14.298","availableEndTime":"2026-10-07 17:28:14.298"}
{"availableBeginTime":"2026-10-07 00:48:14.298","availableEndTime":"2026-10-07 17:28:14.298"}
{"availableBeginTime":"2026-10-07 00:48:14.298","availableEndTime":"2026-10-07 17:28:14.298"}
{"availableBeginTime":"2026-10-07 00:48:14.298","availableEndTime":"2026-10-07 17:28:14.298"}
{"availableBeginTime":"2026-10-07 00:48:14.298","availableEndTime":"2026-10-07 17:28:14.298"}
{"availableBeginTime":"2026-10-07 00:48:14.298","availableEndTime":"2026-10-07 17:28:14.298"}
{"availableBeginTime":"2026-10-07 00:48:14.298","availableEndTime":"2026-10-07 17:28:14.298"}
{"availableBeginTime":"2026-10-07 00:48:14.298","availableEndTime":"2026-10-07 17:28:14.298"}
{"availableBeginTime":"2026-10-07 00:48:14.298","availableEndTime":"2026-10-07 17:28:14.298"}
{"availableBeginTime":"2026-10-07 00:48:14.298","availableEndTime":"2026-10-07 17:28:14.298"}
{"availableBeginTime":"2026-10-07 00:48:14.298","availableEndTime":"2026-10-07 17:28:14.298"}
{"availableBeginTime":"2026-10-07 00:48:14.298","availableEndTime":"2026-10-07 17:28:14.298"}
{"availableBeginTime":"2026-10-07 00:48:14.298","availableEndTime":"2026-10-07 17:28:14.298"}
{"availableBeginTime":"2026-10-07 00:48:14.298","availableEndTime":"2026-10-07 17:28:14.298"}
{"availableBeginTime":"2026-10-07 00:48:14.298","availableEndTime":"2026-10-07 17:28:14.298"}
{"availableBeginTime":"2026-10-07 00:48:14.298","availableEndTime":"2026-10-07 17:28:14.298"}
{"availableBeginTime":"2026-10-07 00:48:14.298","availableEndTime":"2026-10-07 17:28:14.298"}
{"availableBeginTime":"2026-10-07 00:48:14.298","availableEndTime":"2026-10-07 17:28:14.298"}
{"availableBeginTime":"2026-10-07 00:48:14.298","availableEndTime":"2026-10-07 17:28:14.298"}
{"availableBeginTime":"2026-10-07 00:48:14.298","availableEndTime":"2026-10-07 17:28:14.298"}
{"availableBeginTime":"2026-10-07 00:48:14.298","availableEndTime":"2026-10-07 17:28:14.298"}
{"availableBeginTime":"2026-10-07 00:48:14.298","availableEndTime":"2026-10-07 17:28:14.298"}
{"availableBeginTime":"2026-10-07 00:48:14.298","availableEndTime":"2026-10-07 17:28:14.298"}
{"availableBeginTime":"2026-10-07 00:48:14.298","availableEndTime":"2026-10-07 17:28:14.298"}
{"availableBeginTime":"2026-10-07 00:48:14.298","availableEndTime":"2026-10-07 17:28:14.298"}
{"availableBeginTime":"2026-10-07 00:48:14.298","availableEndTime":"2026-10-07 17:28:14.298"}
{"availableBeginTime":"2026-10-07 00:48:14.298","availableEndTime":"2026-10-07 17:28:14.298"}
{"availableBeginTime":"2026-10-07 00:48:14.298","availableEndTime":"2026-10-07 17:28:14.298"}
{"availableBeginTime":"2026-10-07 00:48:14.298","availableEndTime":"2026-10-07 17:28:14.298"}
{"availableBeginTime":"2026-10-07 00:48:14.298","availableEndTime":"2026-10-07 17:28:14.298"}
{"availableBeginTime":"2026-10-07 00:48:14.298","availableEndTime":"2026-10-07 17:28:14.298"}
{"availableBeginTime":"2026-10-07 00:48:14.298","availableEndTime":"2026-10-07 17:28:14.298"}
{"availableBeginTime":"2026-10-07 00:48:14.298","availableEndTime":"2026-10-07 17:28:14.298"}
{"availableBeginTime":"2026-10-07 00:48:14.298","availableEndTime":"2026-10-07 17:28:14.298"}
{"availableBeginTime":"2026-10-07 00:48:14.298","availableEndTime":"2026-10-07 17:28:14.298"}
{"availableBeginTime":"2026-10-07 00:48:14.298","availableEndTime":"2026-10-07 17:28:14.298"}
{"availableBeginTime":"2026-10-07 00:48:14.298","availableEndTime":"2026-10-07 17:28:14.298"}
{"availableBeginTime":"2026-10-07 00:48:14.298","availableEndTime":"2026-10-07 17:28:14.298"}
{"availableBeginTime":"2026-10-07 00:48:14.298","availableEndTime":"2026-10-07 17:28:14.298"}
{"availableBeginTime":"2026-10-07 00:48:14.298","availableEndTime":"2026-10-07 17:28:14.298"}
{"availableBeginTime":"2026-10-07 00:48:14.298","availableEndTime":"2026-10-07 17:28:14.298"}
{"availableBeginTime":"2026-10-07 00:48:14.298","availableEndTime":"2026-10-07 17:28:14.298"}
{"availableBeginTime":"2026-10-07 00:48:14.298","availableEndTime":"2026-10-07 17:28:14.298"}
{"availableBeginTime":"2026-10-07 00:48:14.298","availableEndTime":"2026-10-07 17:28:14.298"}
{"availableBeginTime":"2026-10-07 00:48:14.298","availableEndTime":"2026-10-07 17:28:14.298"}
{"availableBeginTime":"2026-10-07 00:48:14.298","availableEndTime":"2026-10-07 17:28:14.298"}
{"availableBeginTime":"2026-10-07 00:48:14.298","availableEndTime":"2026-10-07 17:28:14.298"}
{"availableBeginTime":"2026-10-07 00:48:14.298","availableEndTime":"2026-10-07 17:28:14.298"}
{"availableBeginTime":"2026-10-07 00:48:14.298","availableEndTime":"2026-10-07 17:28:14.298"}
{"availableBeginTime":"2026-10-07 00:48:14.298","availableEndTime":"2026-10-07 17:28:14.298"}
{"availableBeginTime":"2026-10-07 00:48:14.298","availableEndTime":"2026-10-07 17:28:14.298"}
{"availableBeginTime":"2026-10-07 00:48:14.298","availableEndTime":"2026-10-07 17:28:14.298"}
{"availableBeginTime":"2026-10-07 00:48:14.298","availableEndTime":"2026-10-07 17:28:14.298"}
{"availableBeginTime":"2026-10-07 00:48:14.298","availableEndTime":"2026-10-07 17:28:14.298"}
{"availableBeginTime":"2026-10-07 00:48:14.298","availableEndTime":"2026-10-07 17:28:14.298"}
{"availableBeginTime":"2026-10-07 00:48:14.298","availableEndTime":"2026-10-07 17:28:14.298"}
{"availableBeginTime":"2026-10-07 00:48:14.298","availableEndTime":"2026-10-07 17:28:14.298"}
{"availableBeginTime":"2026-10-07 00:48:14.298","availableEndTime":"2026-10-07 17:28:14.298"}
{"availableBeginTime":"2026-10-07 00:48:14.298","availableEndTime":"2026-10-07 17:28:14.298"}
{"availableBeginTime":"2026-10-07 00:48:14.298","availableEndTime":"2026-10-07 17:28:14.298"}
{"availableBeginTime":"2026-10-07 00:48:14.298","availableEndTime":"2026-10-07 17:28:14.298"}
{"availableBeginTime":"2026-10-07 00:48:14.298","availableEndTime":"2026-10-07 17:28:14.298"}
{"availableBeginTime":"2026-10-07 00:48:14.298","availableEndTime":"2026-10-07 17:28:14.298"}
{"availableBeginTime":"2026-10-07 00:48:14.298","availableEndTime":"2026-10-07 17:28:14.298"}
{"availableBeginTime":"2026-10-07 00:48:14.298","availableEndTime":"2026-10-07 17:28:14.298"}
{"availableBeginTime":"2026-10-07 00:48:14.298","availableEndTime":"2026-10-07 17:28:14.298"}
{"availableBeginTime":"2026-10-07 00:48:14.298","availableEndTime":"2026-10-07 17:28:14.298"}
{"availableBeginTime":"2026-10-07 00:48:14.298","availableEndTime":"2026-10-07 17:28:14.298"}
{"availableBeginTime":"2026-10-07 00:48:14.298","availableEndTime":"2026-10-07 17:28:14.298"}
{"availableBeginTime":"2026-10-07 00:48:14.298","availableEndTime":"2026-10-07 17:28:14.298"}
{"availableBeginTime":"2026-10-07 00:48:14.298","availableEndTime":"2026-10-07 17:28:14.298"}
{"availableBeginTime":"2026-10-07 00:48:14.298","availableEndTime":"2026-10-07 17:28:14.298"}
{"availableBeginTime":"2026-10-07 00:48:14.298","availableEndTime":"2026-10-07 17:28:14.298"}
{"availableBeginTime":"2026-10-07 00:48:14.298","availableEndTime":"2026-10-07 17:28:14.298"}
{"availableBeginTime":"2026-10-07 00:48:14.298","availableEndTime":"2026-10-07 17:28:14.298"}
{"availableBeginTime":"2026-10-07 00:48:14.298","availableEndTime":"2026-10-07 17:28:14.298"}
{"availableBeginTime":"2026-10-07 00:48:14.298","availableEndTime":"2026-10-07 17:28:14.298"}
{"availableBeginTime":"2026-10-07 00:48:14.298","availableEndTime":"2026-10-07 17:28:14.298"}
{"availableBeginTime":"2026-10-07 00:48:14.298","availableEndTime":"2026-10-07 17:28:14.298"}
{"availableBeginTime":"2026-10-07 00:48:14.298","availableEndTime":"2026-10-07 17:28:14.298"}
{"availableBeginTime":"2026-10-07 00:48:14.298","availableEndTime":"2026-10-07 17:28:14.298"}
{"availableBeginTime":"2026-10-07 00:48:14.298","availableEndTime":"2026-10-07 17:28:14.298"}
{"availableBeginTime":"2026-10-07 00:48:14.298","availableEndTime":"2026-10-07 17:28:14.298"}
{"availableBeginTime":"2026-10-07 00:48:14.298","availableEndTime":"2026-10-07 17:28:14.298"}
{"availableBeginTime":"2026-10-07 00:48:14.298","availableEndTime":"2026-10-07 17:28:14.298"}
{"availableBeginTime":"2026-10-07 00:48:14.298","availableEndTime":"2026-10-07 17:28:14.298"}
{"availableBeginTime":"2026-10-07 00:48:14.298","availableEndTime":"2026-10-07 17:28:14.298"}
{"availableBeginTime":"2026-10-07 00:48:14.298","availableEndTime":"2026-10-07 17:28:14.298"}
{"availableBeginTime":"2026-10-07 00:48:14.298","availableEndTime":"2026-10-07 17:28:14.298"}
{"availableBeginTime":"2026-10-07 00:48:14.298","availableEndTime":"2026-10-07 17:28:14.298"}
{"availableBeginTime":"2026-10-07 00:48:14.298","availableEndTime":"2026-10-07 17:28:14.298"}
{"availableBeginTime":"2026-10-07 00:48:14.298","availableEndTime":"2026-10-07 17:28:14.298"}
{"availableBeginTime":"2026-10-07 00:48:14.298","availableEndTime":"2026-10-07 17:28:14.298"}
{"availableBeginTime":"2026-10-07 00:48:14.298","availableEndTime":"2026-10-07 17:28:14.298"}
{"availableBeginTime":"2026-10-07 00:48:14.298","availableEndTime":"2026-10-07 17:28:14.298"}
{"availableBeginTime":"2026-10-07 00:48:14.298","availableEndTime":"2026-10-07 17:28:14.298"}
{"availableBeginTime":"2026-10-07 00:48:14.298","availableEndTime":"2026-10-07 17:28:14.298"}
{"availableBeginTime":"2026-10-07 00:48:14.298","availableEndTime":"2026-10-07 17:28:14.298"}
{"availableBeginTime":"2026-10-07 00:48:14.298","availableEndTime":"2026-10-07 17:28:14.298"}
{"availableBeginTime":"2026-10-07 00:48:14.298","availableEndTime":"2026-10-07 17:28:14.298"}
{"availableBeginTime":"2026-10-07 00:48:14.298","availableEndTime":"2026-10-07 17:28:14.298"}
{"availableBeginTime":"2026-10-07 00:48:14.299","availableEndTime":"2026-10-07 17:28:14.299"}
{"availableBeginTime":"2026-10-07 00:48:14.299","availableEndTime":"2026-10-07 17:28:14.299"}
{"availableBeginTime":"2026-10-07 00:48:14.299","availableEndTime":"2026-10-07 17:28:14.299"}
{"availableBeginTime":"2026-10-07 00:48:14.299","availableEndTime":"2026-10-07 17:28:14.299"}
{"availableBeginTime":"2026-10-07 00:48:14.299","availableEndTime":"2026-10-07 17:28:14.299"}
{"availableBeginTime":"2026-10-07 00:48:14.299","availableEndTime":"2026-10-07 17:28:14.299"}
{"availableBeginTime":"2026-10-07 00:48:14.299","availableEndTime":"2026-10-07 17:28:14.299"}
{"availableBeginTime":"2026-10-07 00:48:14.299","availableEndTime":"2026-10-07 17:28:14.299"}
{"availableBeginTime":"2026-10-07 00:48:14.299","availableEndTime":"2026-10-07 17:28:14.299"}
{"availableBeginTime":"2026-10-07 00:48:14.299","availableEndTime":"2026-10-07 17:28:14.299"}
{"availableBeginTime":"2026-10-07 00:48:14.299","availableEndTime":"2026-10-07 17:28:14.299"}
{"availableBeginTime":"2026-10-07 00:48:14.299","availableEndTime":"2026-10-07 17:28:14.299"}
{"availableBeginTime":"2026-10-07 00:48:14.299","availableEndTime":"2026-10-07 17:28:14.299"}
{"availableBeginTime":"2026-10-07 00:48:14.299","availableEndTime":"2026-10-07 17:28:14.299"}
{"availableBeginTime":"2026-10-07 00:48:14.299","availableEndTime":"2026-10-07 17:28:14.299"}
{"availableBeginTime":"2026-10-07 00:48:14.299","availableEndTime":"2026-10-07 17:28:14.299"}
{"availableBeginTime":"2026-10-07 00:48:14.299","availableEndTime":"2026-10-07 17:28:14.299"}
{"availableBeginTime":"2026-10-07 00:48:14.299","availableEndTime":"2026-10-07 17:28:14.299"}
{"availableBeginTime":"2026-10-07 00:48:14.299","availableEndTime":"2026-10-07 17:28:14.299"}
{"availableBeginTime":"2026-10-07 00:48:14.299","availableEndTime":"2026-10-07 17:28:14.299"}
{"availableBeginTime":"2026-10-07 00:48:14.299","availableEndTime":"2026-10-07 17:28:14.299"}
{"availableBeginTime":"2026-10-07 00:48:14.299","availableEndTime":"2026-10-07 17:28:14.299"}
{"availableBeginTime":"2026-10-07 00:48:14.299","availableEndTime":"2026-10-07 17:28:14.299"}
{"availableBeginTime":"2026-10-07 00:48:14.299","availableEndTime":"2026-10-07 17:28:14.299"}
{"availableBeginTime":"2026-10-07 00:48:14.299","availableEndTime":"2026-10-07 17:28:14.299"}
{"availableBeginTime":"2026-10-07 00:48:14.299","availableEndTime":"2026-10-07 17:28:14.299"}
{"availableBeginTime":"2026-10-07 00:48:14.299","availableEndTime":"2026-10-07 17:28:14.299"}
{"availableBeginTime":"2026-10-07 00:48:14.299","availableEndTime":"2026-10-07 17:28:14.299"}
{"availableBeginTime":"2026-10-07 00:48:14.299","availableEndTime":"2026-10-07 17:28:14.299"}
{"availableBeginTime":"2026-10-07 00:48:14.299","availableEndTime":"2026-10-07 17:28:14.299"}
{"availableBeginTime":"2026-10-07 00:48:14.299","availableEndTime":"2026-10-07 17:28:14.299"}
{"availableBeginTime":"2026-10-07 00:48:14.299","availableEndTime":"2026-10-07 17:28:14.299"}
{"availableBeginTime":"2026-10-07 00:48:14.299","availableEndTime":"2026-10-07 17:28:14.299"}
{"availableBeginTime":"2026-10-07 00:48:14.299","availableEndTime":"2026-10-07 17:28:14.299"}
{"availableBeginTime":"2026-10-07 00:48:14.299","availableEndTime":"2026-10-07 17:28:14.299"}
{"availableBeginTime":"2026-10-07 00:48:14.299","availableEndTime":"2026-10-07 17:28:14.299"}
{"availableBeginTime":"2026-10-07 00:48:14.299","availableEndTime":"2026-10-07 17:28:14.299"}
{"availableBeginTime":"2026-10-07 00:48:14.299","availableEndTime":"2026-10-07 17:28:14.299"}
{"availableBeginTime":"2026-10-07 00:48:14.299","availableEndTime":"2026-10-07 17:28:14.299"}
{"availableBeginTime":"2026-10-07 00:48:14.299","availableEndTime":"2026-10-07 17:28:14.299"}
{"availableBeginTime":"2026-10-07 00:48:14.299","availableEndTime":"2026-10-07 17:28:14.299"}
{"availableBeginTime":"2026-10-07 00:48:14.299","availableEndTime":"2026-10-07 17:28:14.299"}
{"availableBeginTime":"2026-10-07 00:48:14.299","availableEndTime":"2026-10-07 17:28:14.299"}
{"availableBeginTime":"2026-10-07 00:48:14.299","availableEndTime":"2026-10-07 17:28:14.299"}
{"availableBeginTime":"2026-10-07 00:48:14.299","availableEndTime":"2026-10-07 17:28:14.299"}
{"availableBeginTime":"2026-10-07 00:48:14.299","availableEndTime":"2026-10-07 17:28:14.299"}
{"availableBeginTime":"2026-10-07 00:48:14.299","availableEndTime":"2026-10-07 17:28:14.299"}
{"availableBeginTime":"2026-10-07 00:48:14.299","availableEndTime":"2026-10-07 17:28:14.299"}
{"availableBeginTime":"2026-10-07 00:48:14.299","availableEndTime":"2026-10-07 17:28:14.299"}
{"availableBeginTime":"2026-10-07 00:48:14.299","availableEndTime":"2026-10-07 17:28:14.299"}
{"availableBeginTime":"2026-10-07 00:48:14.299","availableEndTime":"2026-10-07 17:28:14.299"}
{"availableBeginTime":"2026-10-07 00:48:14.299","availableEndTime":"2026-10-07 17:28:14.299"}
{"availableBeginTime":"2026-10-07 00:48:14.299","availableEndTime":"2026-10-07 17:28:14.299"}
{"availableBeginTime":"2026-10-07 00:48:14.299","availableEndTime":"2026-10-07 17:28:14.299"}
{"availableBeginTime":"2026-10-07 00:48:14.299","availableEndTime":"2026-10-07 17:28:14.299"}
{"availableBeginTime":"2026-10-07 00:48:14.299","availableEndTime":"2026-10-07 17:28:14.299"}
{"availableBeginTime":"2026-10-07 00:48:14.299","availableEndTime":"2026-10-07 17:28:14.299"}
{"availableBeginTime":"2026-10-07 00:48:14.299","availableEndTime":"2026-10-07 17:28:14.299"}
{"availableBeginTime":"2026-10-07 00:48:14.299","availableEndTime":"2026-10-07 17:28:14.299"}
{"availableBeginTime":"2026-10-07 00:48:14.299","availableEndTime":"2026-10-07 17:28:14.299"}
{"availableBeginTime":"2026-10-07 00:48:14.299","availableEndTime":"2026-10-07 17:28:14.299"}
{"availableBeginTime":"2026-10-07 00:48:14.299","availableEndTime":"2026-10-07 17:28:14.299"}
{"availableBeginTime":"2026-10-07 00:48:14.299","availableEndTime":"2026-10-07 17:28:14.299"}
{"availableBeginTime":"2026-10-07 00:48:14.299","availableEndTime":"2026-10-07 17:28:14.299"}
{"availableBeginTime":"2026-10-07 00:48:14.299","availableEndTime":"2026-10-07 17:28:14.299"}
{"availableBeginTime":"2026-10-07 00:48:14.299","availableEndTime":"2026-10-07 17:28:14.299"}
{"availableBeginTime":"2026-10-07 00:48:14.299","availableEndTime":"2026-10-07 17:28:14.299"}
{"availableBeginTime":"2026-10-07 00:48:14.299","availableEndTime":"2026-10-07 17:28:14.299"}
{"availableBeginTime":"2026-10-07 00:48:14.299","availableEndTime":"2026-10-07 17:28:14.299"}
{"availableBeginTime":"2026-10-07 00:48:14.299","availableEndTime":"2026-10-07 17:28:14.299"}
{"availableBeginTime":"2026-10-07 00:48:14.299","availableEndTime":"2026-10-07 17:28:14.299"}
{"availableBeginTime":"2026-10-07 00:48:14.299","availableEndTime":"2026-10-07 17:28:14.299"}
{"availableBeginTime":"2026-10-07 00:48:14.299","availableEndTime":"2026-10-07 17:28:14.299"}
{"availableBeginTime":"2026-10-07 00:48:14.299","availableEndTime":"2026-10-07 17:28:14.299"}
{"availableBeginTime":"2026-10-07 00:48:14.299","availableEndTime":"2026-10-07 17:28:14.299"}
{"availableBeginTime":"2026-10-07 00:48:14.299","availableEndTime":"2026-10-07 17:28:14.299"}
{"availableBeginTime":"2026-10-07 00:48:14.299","availableEndTime":"2026-10-07 17:28:14.299"}
{"availableBeginTime":"2026-10-07 00:48:14.299","availableEndTime":"2026-10-07 17:28:14.299"}
{"availableBeginTime":"2026-10-07 00:48:14.299","availableEndTime":"2026-10-07 17:28:14.299"}
{"availableBeginTime":"2026-10-07 00:48:14.299","availableEndTime":"2026-10-07 17:28:14.299"}
{"availableBeginTime":"2026-10-07 00:48:14.299","availableEndTime":"2026-10-07 17:28:14.299"}
{"availableBeginTime":"2026-10-07 00:48:14.299","availableEndTime":"2026-10-07 17:28:14.299"}
{"availableBeginTime":"2026-10-07 00:48:14.299","availableEndTime":"2026-10-07 17:28:14.299"}
{"availableBeginTime":"2026-10-07 00:48:14.299","availableEndTime":"2026-10-07 17:28:14.299"}
{"availableBeginTime":"2026-10-07 00:48:14.299","availableEndTime":"2026-10-07 17:28:14.299"}
{"availableBeginTime":"2026-10-07 00:48:14.299","availableEndTime":"2026-10-07 17:28:14.299"}
{"availableBeginTime":"2026-10-07 00:48:14.299","availableEndTime":"2026-10-07 17:28:14.299"}
{"availableBeginTime":"2026-10-07 00:48:14.299","availableEndTime":"2026-10-07 17:28:14.299"}
{"availableBeginTime":"2026-10-07 00:48:14.299","availableEndTime":"2026-10-07 17:28:14.299"}
{"availableBeginTime":"2026-10-07 00:48:14.299","availableEndTime":"2026-10-07 17:28:14.299"}
{"availableBeginTime":"2026-10-07 00:48:14.299","availableEndTime":"2026-10-07 17:28:14.299"}
{"availableBeginTime":"2026-10-07 00:48:14.299","availableEndTime":"2026-10-07 17:28:14.299"}
{"availableBeginTime":"2026-10-07 00:48:14.299","availableEndTime":"2026-10-07 17:28:14.299"}
{"availableBeginTime":"2026-10-07 00:48:14.299","availableEndTime":"2026-10-07 17:28:14.299"}
{"availableBeginTime":"2026-10-07 00:48:14.299","availableEndTime":"2026-10-07 17:28:14.299"}
{"availableBeginTime":"2026-10-07 00:48:14.299","availableEndTime":"2026-10-07 17:28:14.299"}
{"availableBeginTime":"2026-10-07 00:48:14.299","availableEndTime":"2026-10-07 17:28:14.299"}
{"availableBeginTime":"2026-10-07 00:48:14.299","availableEndTime":"2026-10-07 17:28:14.299"}
{"availableBeginTime":"2026-10-07 00:48:14.299","availableEndTime":"2026-10-07 17:28:14.299"}
{"availableBeginTime":"2026-10-07 00:48:14.299","availableEndTime":"2026-10-07 17:28:14.299"}
{"availableBeginTime":"2026-10-07 00:48:14.299","availableEndTime":"2026-10-07 17:28:14.299"}
{"availableBeginTime":"2026-10-07 00:48:14.299","availableEndTime":"2026-10-07 17:28:14.299"}
{"availableBeginTime":"2026-10-07 00:48:14.299","availableEndTime":"2026-10-07 17:28:14.299"}
{"availableBeginTime":"2026-10-07 00:48:14.299","availableEndTime":"2026-10-07 17:28:14.299"}
{"availableBeginTime":"2026-10-07 00:48:14.299","availableEndTime":"2026-10-07 17:28:14.299"}
{"availableBeginTime":"2026-10-07 00:48:14.299","availableEndTime":"2026-10-07 17:28:14.299"}
{"availableBeginTime":"2026-10-07 00:48:14.299","availableEndTime":"2026-10-07 17:28:14.299"}
{"availableBeginTime":"2026-10-07 00:48:14.299","availableEndTime":"2026-10-07 17:28:14.299"}
{"availableBeginTime":"2026-10-07 00:48:14.299","availableEndTime":"2026-10-07 17:28:14.299"}
{"availableBeginTime":"2026-10-07 00:48:14.299","availableEndTime":"2026-10-07 17:28:14.299"}
{"availableBeginTime":"2026-10-07 00:48:14.299","availableEndTime":"2026-10-07 17:28:14.299"}
{"availableBeginTime":"2026-10-07 00:48:14.299","availableEndTime":"2026-10-07 17:28:14.299"}
{"availableBeginTime":"2026-10-07 00:48:14.299","availableEndTime":"2026-10-07 17:28:14.299"}
{"availableBeginTime":"2026-10-07 00:48:14.299","availableEndTime":"2026-10-07 17:28:14.299"}
{"availableBeginTime":"2026-10-07 00:48:14.299","availableEndTime":"2026-10-07 17:28:14.299"}
{"availableBeginTime":"2026-10-07 00:48:14.299","availableEndTime":"2026-10-07 17:28:14.299"}
{"availableBeginTime":"2026-10-07 00:48:14.299","availableEndTime":"2026-10-07 17:28:14.299"}
{"availableBeginTime":"2026-10-07 00:48:14.299","availableEndTime":"2026-10-07 17:28:14.299"}
{"availableBeginTime":"2026-10-07 00:48:14.299","availableEndTime":"2026-10-07 17:28:14.299"}
{"availableBeginTime":"2026-10-07 00:48:14.299","availableEndTime":"2026-10-07 17:28:14.299"}
{"availableBeginTime":"2026-10-07 00:48:14.299","availableEndTime":"2026-10-07 17:28:14.299"}
{"availableBeginTime":"2026-10-07 00:48:14.299","availableEndTime":"2026-10-07 17:28:14.299"}
{"availableBeginTime":"2026-10-07 00:48:14.299","availableEndTime":"2026-10-07 17:28:14.299"}
{"availableBeginTime":"2026-10-07 00:48:14.299","availableEndTime":"2026-10-07 17:28:14.299"}
{"availableBeginTime":"2026-10-07 00:48:14.299","availableEndTime":"2026-10-07 17:28:14.299"}
{"availableBeginTime":"2026-10-07 00:48:14.299","availableEndTime":"2026-10-07 17:28:14.299"}
{"availableBeginTime":"2026-10-07 00:48:14.299","availableEndTime":"2026-10-07 17:28:14.299"}
{"availableBeginTime":"2026-10-07 00:48:14.299","availableEndTime":"2026-10-07 17:28:14.299"}
{"availableBeginTime":"2026-10-07 00:48:14.299","availableEndTime":"2026-10-07 17:28:14.299"}
{"availableBeginTime":"2026-10-07 00:48:14.299","availableEndTime":"2026-10-07 17:28:14.299"}
{"availableBeginTime":"2026-10-07 00:48:14.299","availableEndTime":"2026-10-07 17:28:14.299"}
{"availableBeginTime":"2026-10-07 00:48:14.299","availableEndTime":"2026-10-07 17:28:14.299"}
{"availableBeginTime":"2026-10-07 00:48:14.299","availableEndTime":"2026-10-07 17:28:14.299"}
{"availableBeginTime":"2026-10-07 00:48:14.299","availableEndTime":"2026-10-07 17:28:14.299"}
{"availableBeginTime":"2026-10-07 00:48:14.299","availableEndTime":"2026-10-07 17:28:14.299"}
{"availableBeginTime":"2026-10-07 00:48:14.299","availableEndTime":"2026-10-07 17:28:14.299"}
{"availableBeginTime":"2026-10-07 00:48:14.299","availableEndTime":"2026-10-07 17:28:14.299"}
{"availableBeginTime":"2026-10-07 00:48:14.299","availableEndTime":"2026-10-07 17:28:14.299"}
{"availableBeginTime":"2026-10-07 00:48:14.299","availableEndTime":"2026-10-07 17:28:14.299"}
{"availableBeginTime":"2026-10-07 00:48:14.299","availableEndTime":"2026-10-07 17:28:14.299"}
{"availableBeginTime":"2026-10-07 00:48:14.299","availableEndTime":"2026-10-07 17:28:14.299"}
{"availableBeginTime":"2026-10-07 00:48:14.299","availableEndTime":"2026-10-07 17:28:14.299"}
{"availableBeginTime":"2026-10-07 00:48:14.299","availableEndTime":"2026-10-07 17:28:14.299"}
{"availableBeginTime":"2026-10-07 00:48:14.299","availableEndTime":"2026-10-07 17:28:14.299"}
{"availableBeginTime":"2026-10-07 00:48:14.299","availableEndTime":"2026-10-07 17:28:14.299"}
{"availableBeginTime":"2026-10-07 00:48:14.299","availableEndTime":"2026-10-07 17:28:14.299"}
{"availableBeginTime":"2026-10-07 00:48:14.299","availableEndTime":"2026-10-07 17:28:14.299"}
{"availableBeginTime":"2026-10-07 00:48:14.299","availableEndTime":"2026-10-07 17:28:14.299"}
{"availableBeginTime":"2026-10-07 00:48:14.299","availableEndTime":"2026-10-07 17:28:14.299"}
{"availableBeginTime":"2026-10-07 00:48:14.299","availableEndTime":"2026-10-07 17:28:14.299"}
{"availableBeginTime":"2026-10-07 00:48:14.299","availableEndTime":"2026-10-07 17:28:14.299"}
{"availableBeginTime":"2026-10-07 00:48:14.299","availableEndTime":"2026-10-07 17:28:14.299"}
{"availableBeginTime":"2026-10-07 00:48:14.299","availableEndTime":"2026-10-07 17:28:14.299"}
{"availableBeginTime":"2026-10-07 00:48:14.299","availableEndTime":"2026-10-07 17:28:14.299"}
{"availableBeginTime":"2026-10-07 00:48:14.299","availableEndTime":"2026-10-07 17:28:14.299"}
{"availableBeginTime":"2026-10-07 00:48:14.299","availableEndTime":"2026-10-07 17:28:14.299"}
{"availableBeginTime":"2026-10-07 00:48:14.299","availableEndTime":"2026-10-07 17:28:14.299"}
{"availableBeginTime":"2026-10-07 00:48:14.299","availableEndTime":"2026-10-07 17:28:14.299"}
{"availableBeginTime":"2026-10-07 00:48:14.299","availableEndTime":"2026-10-07 17:28:14.299"}
{"availableBeginTime":"2026-10-07 00:48:14.299","availableEndTime":"2026-10-07 17:28:14.299"}
{"availableBeginTime":"2026-10-07 00:48:14.299","availableEndTime":"2026-10-07 17:28:14.299"}
{"availableBeginTime":"2026-10-07 00:48:14.299","availableEndTime":"2026-10-07 17:28:14.299"}
{"availableBeginTime":"2026-10-07 00:48:14.299","availableEndTime":"2026-10-07 17:28:14.299"}
{"availableBeginTime":"2026-10-07 00:48:14.299","availableEndTime":"2026-10-07 17:28:14.299"}
{"availableBeginTime":"2026-10-07 00:48:14.299","availableEndTime":"2026-10-07 17:28:14.299"}
{"availableBeginTime":"2026-10-07 00:48:14.3","availableEndTime":"2026-10-07 17:28:14.3"}
{"availableBeginTime":"2026-10-07 00:48:14.3","availableEndTime":"2026-10-07 17:28:14.3"}
{"availableBeginTime":"2026-10-07 00:48:14.3","availableEndTime":"2026-10-07 17:28:14.3"}
{"availableBeginTime":"2026-10-07 00:48:14.3","availableEndTime":"2026-10-07 17:28:14.3"}
{"availableBeginTime":"2026-10-07 00:48:14.3","availableEndTime":"2026-10-07 17:28:14.3"}
{"availableBeginTime":"2026-10-07 00:48:14.3","availableEndTime":"2026-10-07 17:28:14.3"}
{"availableBeginTime":"2026-10-07 00:48:14.3","availableEndTime":"2026-10-07 17:28:14.3"}
{"availableBeginTime":"2026-10-07 00:48:14.3","availableEndTime":"2026-10-07 17:28:14.3"}
{"availableBeginTime":"2026-10-07 00:48:14.3","availableEndTime":"2026-10-07 17:28:14.3"}
{"availableBeginTime":"2026-10-07 00:48:14.3","availableEndTime":"2026-10-07 17:28:14.3"}
{"availableBeginTime":"2026-10-07 00:48:14.3","availableEndTime":"2026-10-07 17:28:14.3"}
{"availableBeginTime":"2026-10-07 00:48:14.3","availableEndTime":"2026-10-07 17:28:14.3"}
{"availableBeginTime":"2026-10-07 00:48:14.3","availableEndTime":"2026-10-07 17:28:14.3"}
{"availableBeginTime":"2026-10-07 00:48:14.3","availableEndTime":"2026-10-07 17:28:14.3"}
{"availableBeginTime":"2026-10-07 00:48:14.3","availableEndTime":"2026-10-07 17:28:14.3"}
{"availableBeginTime":"2026-10-07 00:48:14.3","availableEndTime":"2026-10-07 17:28:14.3"}
{"availableBeginTime":"2026-10-07 00:48:14.3","availableEndTime":"2026-10-07 17:28:14.3"}
{"availableBeginTime":"2026-10-07 00:48:14.3","availableEndTime":"2026-10-07 17:28:14.3"}
{"availableBeginTime":"2026-10-07 00:48:14.3","availableEndTime":"2026-10-07 17:28:14.3"}
{"availableBeginTime":"2026-10-07 00:48:14.3","availableEndTime":"2026-10-07 17:28:14.3"}
{"availableBeginTime":"2026-10-07 00:48:14.3","availableEndTime":"2026-10-07 17:28:14.3"}
{"availableBeginTime":"2026-10-07 00:48:14.3","availableEndTime":"2026-10-07 17:28:14.3"}
{"availableBeginTime":"2026-10-07 00:48:14.3","availableEndTime":"2026-10-07 17:28:14.3"}
{"availableBeginTime":"2026-10-07 00:48:14.3","availableEndTime":"2026-10-07 17:28:14.3"}
{"availableBeginTime":"2026-10-07 00:48:14.3","availableEndTime":"2026-10-07 17:28:14.3"}
{"availableBeginTime":"2026-10-07 00:48:14.3","availableEndTime":"2026-10-07 17:28:14.3"}
{"availableBeginTime":"2026-10-07 00:48:14.3","availableEndTime":"2026-10-07 17:28:14.3"}
{"availableBeginTime":"2026-10-07 00:48:14.3","availableEndTime":"2026-10-07 17:28:14.3"}
{"availableBeginTime":"2026-10-07 00:48:14.3","availableEndTime":"2026-10-07 17:28:14.3"}
{"availableBeginTime":"2026-10-07 00:48:14.3","availableEndTime":"2026-10-07 17:28:14.3"}
{"availableBeginTime":"2026-10-07 00:48:14.3","availableEndTime":"2026-10-07 17:28:14.3"}
{"availableBeginTime":"2026-10-07 00:48:14.3","availableEndTime":"2026-10-07 17:28:14.3"}
{"availableBeginTime":"2026-10-07 00:48:14.3","availableEndTime":"2026-10-07 17:28:14.3"}
{"availableBeginTime":"2026-10-07 00:48:14.3","availableEndTime":"2026-10-07 17:28:14.3"}
{"availableBeginTime":"2026-10-07 00:48:14.3","availableEndTime":"2026-10-07 17:28:14.3"}
{"availableBeginTime":"2026-10-07 00:48:14.3","availableEndTime":"2026-10-07 17:28:14.3"}
{"availableBeginTime":"2026-10-07 00:48:14.3","availableEndTime":"2026-10-07 17:28:14.3"}
{"availableBeginTime":"2026-10-07 00:48:14.3","availableEndTime":"2026-10-07 17:28:14.3"}
{"availableBeginTime":"2026-10-07 00:48:14.3","availableEndTime":"2026-10-07 17:28:14.3"}
{"availableBeginTime":"2026-10-07 00:48:14.3","availableEndTime":"2026-10-07 17:28:14.3"}
{"availableBeginTime":"2026-10-07 00:48:14.3","availableEndTime":"2026-10-07 17:28:14.3"}
{"availableBeginTime":"2026-10-07 00:48:14.3","availableEndTime":"2026-10-07 17:28:14.3"}
{"availableBeginTime":"2026-10-07 00:48:14.3","availableEndTime":"2026-10-07 17:28:14.3"}
{"availableBeginTime":"2026-10-07 00:48:14.3","availableEndTime":"2026-10-07 17:28:14.3"}
{"availableBeginTime":"2026-10-07 00:48:14.3","availableEndTime":"2026-10-07 17:28:14.3"}
{"availableBeginTime":"2026-10-07 00:48:14.3","availableEndTime":"2026-10-07 17:28:14.3"}
{"availableBeginTime":"2026-10-07 00:48:14.3","availableEndTime":"2026-10-07 17:28:14.3"}
{"availableBeginTime":"2026-10-07 00:48:14.3","availableEndTime":"2026-10-07 17:28:14.3"}
{"availableBeginTime":"2026-10-07 00:48:14.3","availableEndTime":"2026-10-07 17:28:14.3"}
{"availableBeginTime":"2026-10-07 00:48:14.3","availableEndTime":"2026-10-07 17:28:14.3"}
{"availableBeginTime":"2026-10-07 00:48:14.3","availableEndTime":"2026-10-07 17:28:14.3"}
{"availableBeginTime":"2026-10-07 00:48:14.3","availableEndTime":"2026-10-07 17:28:14.3"}
{"availableBeginTime":"2026-10-07 00:48:14.3","availableEndTime":"2026-10-07 17:28:14.3"}
{"availableBeginTime":"2026-10-07 00:48:14.3","availableEndTime":"2026-10-07 17:28:14.3"}
{"availableBeginTime":"2026-10-07 00:48:14.3","availableEndTime":"2026-10-07 17:28:14.3"}
{"availableBeginTime":"2026-10-07 00:48:14.3","availableEndTime":"2026-10-07 17:28:14.3"}
{"availableBeginTime":"2026-10-07 00:48:14.3","availableEndTime":"2026-10-07 17:28:14.3"}
{"availableBeginTime":"2026-10-07 00:48:14.3","availableEndTime":"2026-10-07 17:28:14.3"}
{"availableBeginTime":"2026-10-07 00:48:14.3","availableEndTime":"2026-10-07 17:28:14.3"}
{"availableBeginTime":"2026-10-07 00:48:14.3","availableEndTime":"2026-10-07 17:28:14.3"}
{"availableBeginTime":"2026-10-07 00:48:14.3","availableEndTime":"2026-10-07 17:28:14.3"}
{"availableBeginTime":"2026-10-07 00:48:14.3","availableEndTime":"2026-10-07 17:28:14.3"}
{"availableBeginTime":"2026-10-07 00:48:14.3","availableEndTime":"2026-10-07 17:28:14.3"}
{"availableBeginTime":"2026-10-07 00:48:14.3","availableEndTime":"2026-10-07 17:28:14.3"}
{"availableBeginTime":"2026-10-07 00:48:14.3","availableEndTime":"2026-10-07 17:28:14.3"}
{"availableBeginTime":"2026-10-07 00:48:14.3","availableEndTime":"2026-10-07 17:28:14.3"}
{"availableBeginTime":"2026-10-07 00:48:14.3","availableEndTime":"2026-10-07 17:28:14.3"}
{"availableBeginTime":"2026-10-07 00:48:14.3","availableEndTime":"2026-10-07 17:28:14.3"}
{"availableBeginTime":"2026-10-07 00:48:14.3","availableEndTime":"2026-10-07 17:28:14.3"}
{"availableBeginTime":"2026-10-07 00:48:14.3","availableEndTime":"2026-10-07 17:28:14.3"}
{"availableBeginTime":"2026-10-07 00:48:14.3","availableEndTime":"2026-10-07 17:28:14.3"}
{"availableBeginTime":"2026-10-07 00:48:14.3","availableEndTime":"2026-10-07 17:28:14.3"}
{"availableBeginTime":"2026-10-07 00:48:14.3","availableEndTime":"2026-10-07 17:28:14.3"}
{"availableBeginTime":"2026-10-07 00:48:14.3","availableEndTime":"2026-10-07 17:28:14.3"}
{"availableBeginTime":"2026-10-07 00:48:14.3","availableEndTime":"2026-10-07 17:28:14.3"}
{"availableBeginTime":"2026-10-07 00:48:14.3","availableEndTime":"2026-10-07 17:28:14.3"}
{"availableBeginTime":"2026-10-07 00:48:14.3","availableEndTime":"2026-10-07 17:28:14.3"}
{"availableBeginTime":"2026-10-07 00:48:14.3","availableEndTime":"2026-10-07 17:28:14.3"}
{"availableBeginTime":"2026-10-07 00:48:14.3","availableEndTime":"2026-10-07 17:28:14.3"}
{"availableBeginTime":"2026-10-07 00:48:14.3","availableEndTime":"2026-10-07 17:28:14.3"}
{"availableBeginTime":"2026-10-07 00:48:14.3","availableEndTime":"2026-10-07 17:28:14.3"}
{"availableBeginTime":"2026-10-07 00:48:14.3","availableEndTime":"2026-10-07 17:28:14.3"}
{"availableBeginTime":"2026-10-07 00:48:14.3","availableEndTime":"2026-10-07 17:28:14.3"}
{"availableBeginTime":"2026-10-07 00:48:14.3","availableEndTime":"2026-10-07 17:28:14.3"}
{"availableBeginTime":"2026-10-07 00:48:14.3","availableEndTime":"2026-10-07 17:28:14.3"}
{"availableBeginTime":"2026-10-07 00:48:14.3","availableEndTime":"2026-10-07 17:28:14.3"}
{"availableBeginTime":"2026-10-07 00:48:14.3","availableEndTime":"2026-10-07 17:28:14.3"}
{"availableBeginTime":"2026-10-07 00:48:14.3","availableEndTime":"2026-10-07 17:28:14.3"}
{"availableBeginTime":"2026-10-07 00:48:14.3","availableEndTime":"2026-10-07 17:28:14.3"}
{"availableBeginTime":"2026-10-07 00:48:14.3","availableEndTime":"2026-10-07 17:28:14.3"}
{"availableBeginTime":"2026-10-07 00:48:14.3","availableEndTime":"2026-10-07 17:28:14.3"}
{"availableBeginTime":"2026-10-07 00:48:14.3","availableEndTime":"2026-10-07 17:28:14.3"}
{"availableBeginTime":"2026-10-07 00:48:14.3","availableEndTime":"2026-10-07 17:28:14.3"}
{"availableBeginTime":"2026-10-07 00:48:14.3","availableEndTime":"2026-10-07 17:28:14.3"}
{"availableBeginTime":"2026-10-07 00:48:14.3","availableEndTime":"2026-10-07 17:28:14.3"}
{"availableBeginTime":"2026-10-07 00:48:14.3","availableEndTime":"2026-10-07 17:28:14.3"}
{"availableBeginTime":"2026-10-07 00:48:14.3","availableEndTime":"2026-10-07 17:28:14.3"}
{"availableBeginTime":"2026-10-07 00:48:14.3","availableEndTime":"2026-10-07 17:28:14.3"}
{"availableBeginTime":"2026-10-07 00:48:14.3","availableEndTime":"2026-10-07 17:28:14.3"}
{"availableBeginTime":"2026-10-07 00:48:14.3","availableEndTime":"2026-10-07 17:28:14.3"}
{"availableBeginTime":"2026-10-07 00:48:14.3","availableEndTime":"2026-10-07 17:28:14.3"}
{"availableBeginTime":"2026-10-07 00:48:14.3","availableEndTime":"2026-10-07 17:28:14.3"}
{"availableBeginTime":"2026-10-07 00:48:14.3","availableEndTime":"2026-10-07 17:28:14.3"}
{"availableBeginTime":"2026-10-07 00:48:14.3","availableEndTime":"2026-10-07 17:28:14.3"}
{"availableBeginTime":"2026-10-07 00:48:14.3","availableEndTime":"2026-10-07 17:28:14.3"}
{"availableBeginTime":"2026-10-07 00:48:14.3","availableEndTime":"2026-10-07 17:28:14.3"}
{"availableBeginTime":"2026-10-07 00:48:14.3","availableEndTime":"2026-10-07 17:28:14.3"}
{"availableBeginTime":"2026-10-07 00:48:14.3","availableEndTime":"2026-10-07 17:28:14.3"}
{"availableBeginTime":"2026-10-07 00:48:14.3","availableEndTime":"2026-10-07 17:28:14.3"}
{"availableBeginTime":"2026-10-07 00:48:14.3","availableEndTime":"2026-10-07 17:28:14.3"}
{"availableBeginTime":"2026-10-07 00:48:14.3","availableEndTime":"2026-10-07 17:28:14.3"}
{"availableBeginTime":"2026-10-07 00:48:14.3","availableEndTime":"2026-10-07 17:28:14.3"}
{"availableBeginTime":"2026-10-07 00:48:14.3","availableEndTime":"2026-10-07 17:28:14.3"}
{"availableBeginTime":"2026-10-07 00:48:14.3","availableEndTime":"2026-10-07 17:28:14.3"}
{"availableBeginTime":"2026-10-07 00:48:14.3","availableEndTime":"2026-10-07 17:28:14.3"}
{"availableBeginTime":"2026-10-07 00:48:14.3","availableEndTime":"2026-10-07 17:28:14.3"}
{"availableBeginTime":"2026-10-07 00:48:14.3","availableEndTime":"2026-10-07 17:28:14.3"}
{"availableBeginTime":"2026-10-07 00:48:14.3","availableEndTime":"2026-10-07 17:28:14.3"}
{"availableBeginTime":"2026-10-07 00:48:14.3","availableEndTime":"2026-10-07 17:28:14.3"}
{"availableBeginTime":"2026-10-07 00:48:14.3","availableEndTime":"2026-10-07 17:28:14.3"}
{"availableBeginTime":"2026-10-07 00:48:14.3","availableEndTime":"2026-10-07 17:28:14.3"}
{"availableBeginTime":"2026-10-07 00:48:14.3","availableEndTime":"2026-10-07 17:28:14.3"}
{"availableBeginTime":"2026-10-07 00:48:14.3","availableEndTime":"2026-10-07 17:28:14.3"}
{"availableBeginTime":"2026-10-07 00:48:14.3","availableEndTime":"2026-10-07 17:28:14.3"}
{"availableBeginTime":"2026-10-07 00:48:14.3","availableEndTime":"2026-10-07 17:28:14.3"}
{"availableBeginTime":"2026-10-07 00:48:14.3","availableEndTime":"2026-10-07 17:28:14.3"}
{"availableBeginTime":"2026-10-07 00:48:14.3","availableEndTime":"2026-10-07 17:28:14.3"}
{"availableBeginTime":"2026-10-07 00:48:14.3","availableEndTime":"2026-10-07 17:28:14.3"}
{"availableBeginTime":"2026-10-07 00:48:14.3","availableEndTime":"2026-10-07 17:28:14.3"}
{"availableBeginTime":"2026-10-07 00:48:14.3","availableEndTime":"2026-10-07 17:28:14.3"}
{"availableBeginTime":"2026-10-07 00:48:14.3","availableEndTime":"2026-10-07 17:28:14.3"}
{"availableBeginTime":"2026-10-07 00:48:14.3","availableEndTime":"2026-10-07 17:28:14.3"}
{"availableBeginTime":"2026-10-07 00:48:14.3","availableEndTime":"2026-10-07 17:28:14.3"}
{"availableBeginTime":"2026-10-07 00:48:14.3","availableEndTime":"2026-10-07 17:28:14.3"}
{"availableBeginTime":"2026-10-07 00:48:14.3","availableEndTime":"2026-10-07 17:28:14.3"}
{"availableBeginTime":"2026-10-07 00:48:14.3","availableEndTime":"2026-10-07 17:28:14.3"}
{"availableBeginTime":"2026-10-07 00:48:14.3","availableEndTime":"2026-10-07 17:28:14.3"}
{"availableBeginTime":"2026-10-07 00:48:14.3","availableEndTime":"2026-10-07 17:28:14.3"}
{"availableBeginTime":"2026-10-07 00:48:14.3","availableEndTime":"2026-10-07 17:28:14.3"}
{"availableBeginTime":"2026-10-07 00:48:14.3","availableEndTime":"2026-10-07 17:28:14.3"}
{"availableBeginTime":"2026-10-07 00:48:14.3","availableEndTime":"2026-10-07 17:28:14.3"}
{"availableBeginTime":"2026-10-07 00:48:14.3","availableEndTime":"2026-10-07 17:28:14.3"}
{"availableBeginTime":"2026-10-07 00:48:14.3","availableEndTime":"2026-10-07 17:28:14.3"}
{"availableBeginTime":"2026-10-07 00:48:14.3","availableEndTime":"2026-10-07 17:28:14.3"}
{"availableBeginTime":"2026-10-07 00:48:14.3","availableEndTime":"2026-10-07 17:28:14.3"}
{"availableBeginTime":"2026-10-07 00:48:14.3","availableEndTime":"2026-10-07 17:28:14.3"}
{"availableBeginTime":"2026-10-07 00:48:14.3","availableEndTime":"2026-10-07 17:28:14.3"}
{"availableBeginTime":"2026-10-07 00:48:14.3","availableEndTime":"2026-10-07 17:28:14.3"}
{"availableBeginTime":"2026-10-07 00:48:14.3","availableEndTime":"2026-10-07 17:28:14.3"}
{"availableBeginTime":"2026-10-07 00:48:14.3","availableEndTime":"2026-10-07 17:28:14.3"}
{"availableBeginTime":"2026-10-07 00:48:14.3","availableEndTime":"2026-10-07 17:28:14.3"}
{"availableBeginTime":"2026-10-07 00:48:14.3","availableEndTime":"2026-10-07 17:28:14.3"}
{"availableBeginTime":"2026-10-07 00:48:14.3","availableEndTime":"2026-10-07 17:28:14.3"}
{"availableBeginTime":"2026-10-07 00:48:14.3","availableEndTime":"2026-10-07 17:28:14.3"}
{"availableBeginTime":"2026-10-07 00:48:14.3","availableEndTime":"2026-10-07 17:28:14.3"}
{"availableBeginTime":"2026-10-07 00:48:14.3","availableEndTime":"2026-10-07 17:28:14.3"}
{"availableBeginTime":"2026-10-07 00:48:14.3","availableEndTime":"2026-10-07 17:28:14.3"}
{"availableBeginTime":"2026-10-07 00:48:14.3","availableEndTime":"2026-10-07 17:28:14.3"}
{"availableBeginTime":"2026-10-07 00:48:14.3","availableEndTime":"2026-10-07 17:28:14.3"}
{"availableBeginTime":"2026-10-07 00:48:14.3","availableEndTime":"2026-10-07 17:28:14.3"}
{"availableBeginTime":"2026-10-07 00:48:14.3","availableEndTime":"2026-10-07 17:28:14.3"}
{"availableBeginTime":"2026-10-07 00:48:14.3","availableEndTime":"2026-10-07 17:28:14.3"}
{"availableBeginTime":"2026-10-07 00:48:14.3","availableEndTime":"2026-10-07 17:28:14.3"}
{"availableBeginTime":"2026-10-07 00:48:14.3","availableEndTime":"2026-10-07 17:28:14.3"}
{"availableBeginTime":"2026-10-07 00:48:14.3","availableEndTime":"2026-10-07 17:28:14.3"}
{"availableBeginTime":"2026-10-07 00:48:14.3","availableEndTime":"2026-10-07 17:28:14.3"}
{"availableBeginTime":"2026-10-07 00:48:14.3","availableEndTime":"2026-10-07 17:28:14.3"}
{"availableBeginTime":"2026-10-07 00:48:14.3","availableEndTime":"2026-10-07 17:28:14.3"}
{"availableBeginTime":"2026-10-07 00:48:14.3","availableEndTime":"2026-10-07 17:28:14.3"}
{"availableBeginTime":"2026-10-07 00:48:14.3","availableEndTime":"2026-10-07 17:28:14.3"}
{"availableBeginTime":"2026-10-07 00:48:14.3","availableEndTime":"2026-10-07 17:28:14.3"}
{"availableBeginTime":"2026-10-07 00:48:14.3","availableEndTime":"2026-10-07 17:28:14.3"}
{"availableBeginTime":"2026-10-07 00:48:14.3","availableEndTime":"2026-10-07 17:28:14.3"}
{"availableBeginTime":"2026-10-07 00:48:14.3","availableEndTime":"2026-10-07 17:28:14.3"}
{"availableBeginTime":"2026-10-07 00:48:14.3","availableEndTime":"2026-10-07 17:28:14.3"}
{"availableBeginTime":"2026-10-07 00:48:14.3","availableEndTime":"2026-10-07 17:28:14.3"}
{"availableBeginTime":"2026-10-07 00:48:14.3","availableEndTime":"2026-10-07 17:28:14.3"}
{"availableBeginTime":"2026-10-07 00:48:14.3","availableEndTime":"2026-10-07 17:28:14.3"}
{"availableBeginTime":"2026-10-07 00:48:14.3","availableEndTime":"2026-10-07 17:28:14.3"}
{"availableBeginTime":"2026-10-07 00:48:14.3","availableEndTime":"2026-10-07 17:28:14.3"}
{"availableBeginTime":"2026-10-07 00:48:14.3","availableEndTime":"2026-10-07 17:28:14.3"}
{"availableBeginTime":"2026-10-07 00:48:14.3","availableEndTime":"2026-10-07 17:28:14.3"}
{"availableBeginTime":"2026-10-07 00:48:14.3","availableEndTime":"2026-10-07 17:28:14.3"}
{"availableBeginTime":"2026-10-07 00:48:14.3","availableEndTime":"2026-10-07 17:28:14.3"}
{"availableBeginTime":"2026-10-07 00:48:14.3","availableEndTime":"2026-10-07 17:28:14.3"}
{"availableBeginTime":"2026-10-07 00:48:14.3","availableEndTime":"2026-10-07 17:28:14.3"}
{"availableBeginTime":"2026-10-07 00:48:14.3","availableEndTime":"2026-10-07 17:28:14.3"}
{"availableBeginTime":"2026-10-07 00:48:14.3","availableEndTime":"2026-10-07 17:28:14.3"}
{"availableBeginTime":"2026-10-07 00:48:14.3","availableEndTime":"2026-10-07 17:28:14.3"}
{"availableBeginTime":"2026-10-07 00:48:14.3","availableEndTime":"2026-10-07 17:28:14.3"}
{"availableBeginTime":"2026-10-07 00:48:14.3","availableEndTime":"2026-10-07 17:28:14.3"}
{"availableBeginTime":"2026-10-07 00:48:14.3","availableEndTime":"2026-10-07 17:28:14.3"}
{"availableBeginTime":"2026-10-07 00:48:14.3","availableEndTime":"2026-10-07 17:28:14.3"}
{"availableBeginTime":"2026-10-07 00:48:14.3","availableEndTime":"2026-10-07 17:28:14.3"}
{"availableBeginTime":"2026-10-07 00:48:14.3","availableEndTime":"2026-10-07 17:28:14.3"}
{"availableBeginTime":"2026-10-07 00:48:14.3","availableEndTime":"2026-10-07 17:28:14.3"}
{"availableBeginTime":"2026-10-07 00:48:14.3","availableEndTime":"2026-10-07 17:28:14.3"}
{"availableBeginTime":"2026-10-07 00:48:14.3","availableEndTime":"2026-10-07 17:28:14.3"}
{"availableBeginTime":"2026-10-07 00:48:14.3","availableEndTime":"2026-10-07 17:28:14.3"}
{"availableBeginTime":"2026-10-07 00:48:14.3","availableEndTime":"2026-10-07 17:28:14.3"}
{"availableBeginTime":"2026-10-07 00:48:14.3","availableEndTime":"2026-10-07 17:28:14.3"}
{"availableBeginTime":"2026-10-07 00:48:14.3","availableEndTime":"2026-10-07 17:28:14.3"}
{"availableBeginTime":"2026-10-07 00:48:14.3","availableEndTime":"2026-10-07 17:28:14.3"}
{"availableBeginTime":"2026-10-07 00:48:14.3","availableEndTime":"2026-10-07 17:28:14.3"}
{"availableBeginTime":"2026-10-07 00:48:14.3","availableEndTime":"2026-10-07 17:28:14.3"}
{"availableBeginTime":"2026-10-07 00:48:14.3","availableEndTime":"2026-10-07 17:28:14.3"}
{"availableBeginTime":"2026-10-07 00:48:14.3","availableEndTime":"2026-10-07 17:28:14.3"}
{"availableBeginTime":"2026-10-07 00:48:14.3","availableEndTime":"2026-10-07 17:28:14.3"}
{"availableBeginTime":"2026-10-07 00:48:14.3","availableEndTime":"2026-10-07 17:28:14.3"}
{"availableBeginTime":"2026-10-07 00:48:14.3","availableEndTime":"2026-10-07 17:28:14.3"}
{"availableBeginTime":"2026-10-07 00:48:14.3","availableEndTime":"2026-10-07 17:28:14.3"}
{"availableBeginTime":"2026-10-07 00:48:14.3","availableEndTime":"2026-10-07 17:28:14.3"}
{"availableBeginTime":"2026-10-07 00:48:14.3","availableEndTime":"2026-10-07 17:28:14.3"}
{"availableBeginTime":"2026-10-07 00:48:14.3","availableEndTime":"2026-10-07 17:28:14.3"}
{"availableBeginTime":"2026-10-07 00:48:14.3","availableEndTime":"2026-10-07 17:28:14.3"}
{"availableBeginTime":"2026-10-07 00:48:14.3","availableEndTime":"2026-10-07 17:28:14.3"}
{"availableBeginTime":"2026-10-07 00:48:14.3","availableEndTime":"2026-10-07 17:28:14.3"}
{"availableBeginTime":"2026-10-07 00:48:14.3","availableEndTime":"2026-10-07 17:28:14.3"}
{"availableBeginTime":"2026-10-07 00:48:14.3","availableEndTime":"2026-10-07 17:28:14.3"}
{"availableBeginTime":"2026-10-07 00:48:14.3","availableEndTime":"2026-10-07 17:28:14.3"}
{"availableBeginTime":"2026-10-07 00:48:14.3","availableEndTime":"2026-10-07 17:28:14.3"}
{"availableBeginTime":"2026-10-07 00:48:14.3","availableEndTime":"2026-10-07 17:28:14.3"}
{"availableBeginTime":"2026-10-07 00:48:14.3","availableEndTime":"2026-10-07 17:28:14.3"}
{"availableBeginTime":"2026-10-07 00:48:14.3","availableEndTime":"2026-10-07 17:28:14.3"}
{"availableBeginTime":"2026-10-07 00:48:14.3","availableEndTime":"2026-10-07 17:28:14.3"}
{"availableBeginTime":"2026-10-07 00:48:14.3","availableEndTime":"2026-10-07 17:28:14.3"}
{"availableBeginTime":"2026-10-07 00:48:14.3","availableEndTime":"2026-10-07 17:28:14.3"}
{"availableBeginTime":"2026-10-07 00:48:14.3","availableEndTime":"2026-10-07 17:28:14.3"}
{"availableBeginTime":"2026-10-07 00:48:14.3","availableEndTime":"2026-10-07 17:28:14.3"}
{"availableBeginTime":"2026-10-07 00:48:14.3","availableEndTime":"2026-10-07 17:28:14.3"}
{"availableBeginTime":"2026-10-07 00:48:14.3","availableEndTime":"2026-10-07 17:28:14.3"}
{"availableBeginTime":"2026-10-07 00:48:14.3","availableEndTime":"2026-10-07 17:28:14.3"}
{"availableBeginTime":"2026-10-07 00:48:14.3","availableEndTime":"2026-10-07 17:28:14.3"}
{"availableBeginTime":"2026-10-07 00:48:14.3","availableEndTime":"2026-10-07 17:28:14.3"}
{"availableBeginTime":"2026-10-07 00:48:14.3","availableEndTime":"2026-10-07 17:28:14.3"}
{"availableBeginTime":"2026-10-07 00:48:14.3","availableEndTime":"2026-10-07 17:28:14.3"}
{"availableBeginTime":"2026-10-07 00:48:14.3","availableEndTime":"2026-10-07 17:28:14.3"}
{"availableBeginTime":"2026-10-07 00:48:14.3","availableEndTime":"2026-10-07 17:28:14.3"}
{"availableBeginTime":"2026-10-07 00:48:14.3","availableEndTime":"2026-10-07 17:28:14.3"}
{"availableBeginTime":"2026-10-07 00:48:14.3","availableEndTime":"2026-10-07 17:28:14.3"}
{"availableBeginTime":"2026-10-07 00:48:14.3","availableEndTime":"2026-10-07 17:28:14.3"}
{"availableBeginTime":"2026-10-07 00:48:14.3","availableEndTime":"2026-10-07 17:28:14.3"}
{"availableBeginTime":"2026-10-07 00:48:14.3","availableEndTime":"2026-10-07 17:28:14.3"}
{"availableBeginTime":"2026-10-07 00:48:14.3","availableEndTime":"2026-10-07 17:28:14.3"}
{"availableBeginTime":"2026-10-07 00:48:14.3","availableEndTime":"2026-10-07 17:28:14.3"}
{"availableBeginTime":"2026-10-07 00:48:14.3","availableEndTime":"2026-10-07 17:28:14.3"}
{"availableBeginTime":"2026-10-07 00:48:14.3","availableEndTime":"2026-10-07 17:28:14.3"}
{"availableBeginTime":"2026-10-07 00:48:14.3","availableEndTime":"2026-10-07 17:28:14.3"}
{"availableBeginTime":"2026-10-07 00:48:14.3","availableEndTime":"2026-10-07 17:28:14.3"}
{"availableBeginTime":"2026-10-07 00:48:14.3","availableEndTime":"2026-10-07 17:28:14.3"}
{"availableBeginTime":"2026-10-07 00:48:14.3","availableEndTime":"2026-10-07 17:28:14.3"}
{"availableBeginTime":"2026-10-07 00:48:14.3","availableEndTime":"2026-10-07 17:28:14.3"}
{"availableBeginTime":"2026-10-07 00:48:14.3","availableEndTime":"2026-10-07 17:28:14.3"}
{"availableBeginTime":"2026-10-07 00:48:14.3","availableEndTime":"2026-10-07 17:28:14.3"}
{"availableBeginTime":"2026-10-07 00:48:14.3","availableEndTime":"2026-10-07 17:28:14.3"}
{"availableBeginTime":"2026-10-07 00:48:14.3","availableEndTime":"2026-10-07 17:28:14.3"}
{"availableBeginTime":"2026-10-07 00:48:14.3","availableEndTime":"2026-10-07 17:28:14.3"}
{"availableBeginTime":"2026-10-07 00:48:14.3","availableEndTime":"2026-10-07 17:28:14.3"}
{"availableBeginTime":"2026-10-07 00:48:14.3","availableEndTime":"2026-10-07 17:28:14.3"}
{"availableBeginTime":"2026-10-07 00:48:14.3","availableEndTime":"2026-10-07 17:28:14.3"}
{"availableBeginTime":"2026-10-07 00:48:14.3","availableEndTime":"2026-10-07 17:28:14.3"}
{"availableBeginTime":"2026-10-07 00:48:14.3","availableEndTime":"2026-10-07 17:28:14.3"}
{"availableBeginTime":"2026-10-07 00:48:14.3","availableEndTime":"2026-10-07 17:28:14.3"}
{"availableBeginTime":"2026-10-07 00:48:14.3","availableEndTime":"2026-10-07 17:28:14.3"}
{"availableBeginTime":"2026-10-07 00:48:14.3","availableEndTime":"2026-10-07 17:28:14.3"}
{"availableBeginTime":"2026-10-07 00:48:14.3","availableEndTime":"2026-10-07 17:28:14.3"}
{"availableBeginTime":"2026-10-07 00:48:14.3","availableEndTime":"2026-10-07 17:28:14.3"}
{"availableBeginTime":"2026-10-07 00:48:14.3","availableEndTime":"2026-10-07 17:28:14.3"}
{"availableBeginTime":"2026-10-07 00:48:14.3","availableEndTime":"2026-10-07 17:28:14.3"}
{"availableBeginTime":"2026-10-07 00:48:14.3","availableEndTime":"2026-10-07 17:28:14.3"}
{"availableBeginTime":"2026-10-07 00:48:14.3","availableEndTime":"2026-10-07 17:28:14.3"}
{"availableBeginTime":"2026-10-07 00:48:14.3","availableEndTime":"2026-10-07 17:28:14.3"}
{"availableBeginTime":"2026-10-07 00:48:14.3","availableEndTime":"2026-10-07 17:28:14.3"}
{"availableBeginTime":"2026-10-07 00:48:14.3","availableEndTime":"2026-10-07 17:28:14.3"}
{"availableBeginTime":"2026-10-07 00:48:14.3","availableEndTime":"2026-10-07 17:28:14.3"}
{"availableBeginTime":"2026-10-07 00:48:14.3","availableEndTime":"2026-10-07 17:28:14.3"}
{"availableBeginTime":"2026-10-07 00:48:14.3","availableEndTime":"2026-10-07 17:28:14.3"}
{"availableBeginTime":"2026-10-07 00:48:14.3","availableEndTime":"2026-10-07 17:28:14.3"}
{"availableBeginTime":"2026-10-07 00:48:14.3","availableEndTime":"2026-10-07 17:28:14.3"}
{"availableBeginTime":"2026-10-07 00:48:14.3","availableEndTime":"2026-10-07 17:28:14.3"}
{"availableBeginTime":"2026-10-07 00:48:14.3","availableEndTime":"2026-10-07 17:28:14.3"}
{"availableBeginTime":"2026-10-07 00:48:14.3","availableEndTime":"2026-10-07 17:28:14.3"}
{"availableBeginTime":"2026-10-07 00:48:14.3","availableEndTime":"2026-10-07 17:28:14.3"}
{"availableBeginTime":"2026-10-07 00:48:14.3","availableEndTime":"2026-10-07 17:28:14.3"}
{"availableBeginTime":"2026-10-07 00:48:14.3","availableEndTime":"2026-10-07 17:28:14.3"}
{"availableBeginTime":"2026-10-07 00:48:14.3","availableEndTime":"2026-10-07 17:28:14.3"}
{"availableBeginTime":"2026-10-07 00:48:14.3","availableEndTime":"2026-10-07 17:28:14.3"}
{"availableBeginTime":"2026-10-07 00:48:14.3","availableEndTime":"2026-10-07 17:28:14.3"}
{"availableBeginTime":"2026-10-07 00:48:14.3","availableEndTime":"2026-10-07 17:28:14.3"}
{"availableBeginTime":"2026-10-07 00:48:14.3","availableEndTime":"2026-10-07 17:28:14.3"}
{"availableBeginTime":"2026-10-07 00:48:14.3","availableEndTime":"2026-10-07 17:28:14.3"}
{"availableBeginTime":"2026-10-07 00:48:14.3","availableEndTime":"2026-10-07 17:28:14.3"}
{"availableBeginTime":"2026-10-07 00:48:14.3","availableEndTime":"2026-10-07 17:28:14.3"}
{"availableBeginTime":"2026-10-07 00:48:14.3","availableEndTime":"2026-10-07 17:28:14.3"}
{"availableBeginTime":"2026-10-07 00:48:14.3","availableEndTime":"2026-10-07 17:28:14.3"}
{"availableBeginTime":"2026-10-07 00:48:14.3","availableEndTime":"2026-10-07 17:28:14.3"}
{"availableBeginTime":"2026-10-07 00:48:14.3","availableEndTime":"2026-10-07 17:28:14.3"}
{"availableBeginTime":"2026-10-07 00:48:14.3","availableEndTime":"2026-10-07 17:28:14.3"}
{"availableBeginTime":"2026-10-07 00:48:14.3","availableEndTime":"2026-10-07 17:28:14.3"}
{"availableBeginTime":"2026-10-07 00:48:14.3","availableEndTime":"2026-10-07 17:28:14.3"}
{"availableBeginTime":"2026-10-07 00:48:14.3","availableEndTime":"2026-10-07 17:28:14.3"}
{"availableBeginTime":"2026-10-07 00:48:14.3","availableEndTime":"2026-10-07 17:28:14.3"}
{"availableBeginTime":"2026-10-07 00:48:14.3","availableEndTime":"2026-10-07 17:28:14.3"}
{"availableBeginTime":"2026-10-07 00:48:14.3","availableEndTime":"2026-10-07 17:28:14.3"}
{"availableBeginTime":"2026-10-07 00:48:14.3","availableEndTime":"2026-10-07 17:28:14.3"}
{"availableBeginTime":"2026-10-07 00:48:14.3","availableEndTime":"2026-10-07 17:28:14.3"}
{"availableBeginTime":"2026-10-07 00:48:14.3","availableEndTime":"2026-10-07 17:28:14.3"}
{"availableBeginTime":"2026-10-07 00:48:14.3","availableEndTime":"2026-10-07 17:28:14.3"}
{"availableBeginTime":"2026-10-07 00:48:14.3","availableEndTime":"2026-10-07 17:28:14.3"}
{"availableBeginTime":"2026-10-07 00:48:14.3","availableEndTime":"2026-10-07 17:28:14.3"}
{"availableBeginTime":"2026-10-07 00:48:14.3","availableEndTime":"2026-10-07 17:28:14.3"}
{"availableBeginTime":"2026-10-07 00:48:14.3","availableEndTime":"2026-10-07 17:28:14.3"}
{"availableBeginTime":"2026-10-07 00:48:14.3","availableEndTime":"2026-10-07 17:28:14.3"}
{"availableBeginTime":"2026-10-07 00:48:14.3","availableEndTime":"2026-10-07 17:28:14.3"}
{"availableBeginTime":"2026-10-07 00:48:14.3","availableEndTime":"2026-10-07 17:28:14.3"}
{"availableBeginTime":"2026-10-07 00:48:14.3","availableEndTime":"2026-10-07 17:28:14.3"}
{"availableBeginTime":"2026-10-07 00:48:14.3","availableEndTime":"2026-10-07 17:28:14.3"}
{"availableBeginTime":"2026-10-07 00:48:14.3","availableEndTime":"2026-10-07 17:28:14.3"}
{"availableBeginTime":"2026-10-07 00:48:14.3","availableEndTime":"2026-10-07 17:28:14.3"}
{"availableBeginTime":"2026-10-07 00:48:14.3","availableEndTime":"2026-10-07 17:28:14.3"}
{"availableBeginTime":"2026-10-07 00:48:14.3","availableEndTime":"2026-10-07 17:28:14.3"}
{"availableBeginTime":"2026-10-07 00:48:14.3","availableEndTime":"2026-10-07 17:28:14.3"}
{"availableBeginTime":"2026-10-07 00:48:14.3","availableEndTime":"2026-10-07 17:28:14.3"}
{"availableBeginTime":"2026-10-07 00:48:14.3","availableEndTime":"2026-10-07 17:28:14.3"}
{"availableBeginTime":"2026-10-07 00:48:14.3","availableEndTime":"2026-10-07 17:28:14.3"}
{"availableBeginTime":"2026-10-07 00:48:14.3","availableEndTime":"2026-10-07 17:28:14.3"}
{"availableBeginTime":"2026-10-07 00:48:14.3","availableEndTime":"2026-10-07 17:28:14.3"}
{"availableBeginTime":"2026-10-07 00:48:14.3","availableEndTime":"2026-10-07 17:28:14.3"}
{"availableBeginTime":"2026-10-07 00:48:14.3","availableEndTime":"2026-10-07 17:28:14.3"}
{"availableBeginTime":"2026-10-07 00:48:14.3","availableEndTime":"2026-10-07 17:28:14.3"}
{"availableBeginTime":"2026-10-07 00:48:14.3","availableEndTime":"2026-10-07 17:28:14.3"}
{"availableBeginTime":"2026-10-07 00:48:14.3","availableEndTime":"2026-10-07 17:28:14.3"}
{"availableBeginTime":"2026-10-07 00:48:14.3","availableEndTime":"2026-10-07 17:28:14.3"}
{"availableBeginTime":"2026-10-07 00:48:14.3","availableEndTime":"2026-10-07 17:28:14.3"}
{"availableBeginTime":"2026-10-07 00:48:14.3","availableEndTime":"2026-10-07 17:28:14.3"}
{"availableBeginTime":"2026-10-07 00:48:14.3","availableEndTime":"2026-10-07 17:28:14.3"}
{"availableBeginTime":"2026-10-07 00:48:14.3","availableEndTime":"2026-10-07 17:28:14.3"}
{"availableBeginTime":"2026-10-07 00:48:14.3","availableEndTime":"2026-10-07 17:28:14.3"}
{"availableBeginTime":"2026-10-07 00:48:14.3","availableEndTime":"2026-10-07 17:28:14.3"}
{"availableBeginTime":"2026-10-07 00:48:14.3","availableEndTime":"2026-10-07 17:28:14.3"}
{"availableBeginTime":"2026-10-07 00:48:14.3","availableEndTime":"2026-10-07 17:28:14.3"}
{"availableBeginTime":"2026-10-07 00:48:14.3","availableEndTime":"2026-10-07 17:28:14.3"}
{"availableBeginTime":"2026-10-07 00:48:14.3","availableEndTime":"2026-10-07 17:28:14.3"}
{"availableBeginTime":"2026-10-07 00:48:14.3","availableEndTime":"2026-10-07 17:28:14.3"}
{"availableBeginTime":"2026-10-07 00:48:14.3","availableEndTime":"2026-10-07 17:28:14.3"}
{"availableBeginTime":"2026-10-07 00:48:14.3","availableEndTime":"2026-10-07 17:28:14.3"}
{"availableBeginTime":"2026-10-07 00:48:14.3","availableEndTime":"2026-10-07 17:28:14.3"}
{"availableBeginTime":"2026-10-07 00:48:14.3","availableEndTime":"2026-10-07 17:28:14.3"}
{"availableBeginTime":"2026-10-07 00:48:14.3","availableEndTime":"2026-10-07 17:28:14.3"}
{"availableBeginTime":"2026-10-07 00:48:14.3","availableEndTime":"2026-10-07 17:28:14.3"}
{"availableBeginTime":"2026-10-07 00:48:14.3","availableEndTime":"2026-10-07 17:28:14.3"}
{"availableBeginTime":"2026-10-07 00:48:14.3","availableEndTime":"2026-10-07 17:28:14.3"}
{"availableBeginTime":"2026-10-07 00:48:14.3","availableEndTime":"2026-10-07 17:28:14.3"}
{"availableBeginTime":"2026-10-07 00:48:14.3","availableEndTime":"2026-10-07 17:28:14.3"}
{"availableBeginTime":"2026-10-07 00:48:14.3","availableEndTime":"2026-10-07 17:28:14.3"}
{"availableBeginTime":"2026-10-07 00:48:14.3","availableEndTime":"2026-10-07 17:28:14.3"}
{"availableBeginTime":"2026-10-07 00:48:14.3","availableEndTime":"2026-10-07 17:28:14.3"}
{"availableBeginTime":"2026-10-07 00:48:14.3","availableEndTime":"2026-10-07 17:28:14.3"}
{"availableBeginTime":"2026-10-07 00:48:14.3","availableEndTime":"2026-10-07 17:28:14.3"}
{"availableBeginTime":"2026-10-07 00:48:14.3","availableEndTime":"2026-10-07 17:28:14.3"}
{"availableBeginTime":"2026-10-07 00:48:14.3","availableEndTime":"2026-10-07 17:28:14.3"}
{"availableBeginTime":"2026-10-07 00:48:14.3","availableEndTime":"2026-10-07 17:28:14.3"}
{"availableBeginTime":"2026-10-07 00:48:14.3","availableEndTime":"2026-10-07 17:28:14.3"}
{"availableBeginTime":"2026-10-07 00:48:14.3","availableEndTime":"2026-10-07 17:28:14.3"}
{"availableBeginTime":"2026-10-07 00:48:14.3","availableEndTime":"2026-10-07 17:28:14.3"}
{"availableBeginTime":"2026-10-07 00:48:14.3","availableEndTime":"2026-10-07 17:28:14.3"}
{"availableBeginTime":"2026-10-07 00:48:14.3","availableEndTime":"2026-10-07 17:28:14.3"}
{"availableBeginTime":"2026-10-07 00:48:14.3","availableEndTime":"2026-10-07 17:28:14.3"}
{"availableBeginTime":"2026-10-07 00:48:14.3","availableEndTime":"2026-10-07 17:28:14.3"}
{"availableBeginTime":"2026-10-07 00:48:14.3","availableEndTime":"2026-10-07 17:28:14.3"}
{"availableBeginTime":"2026-10-07 00:48:14.3","availableEndTime":"2026-10-07 17:28:14.3"}
{"availableBeginTime":"2026-10-07 00:48:14.3","availableEndTime":"2026-10-07 17:28:14.3"}
{"availableBeginTime":"2026-10-07 00:48:14.3","availableEndTime":"2026-10-07 17:28:14.3"}
{"availableBeginTime":"2026-10-07 00:48:14.3","availableEndTime":"2026-10-07 17:28:14.3"}
{"availableBeginTime":"2026-10-07 00:48:14.3","availableEndTime":"2026-10-07 17:28:14.3"}
{"availableBeginTime":"2026-10-07 00:48:14.3","availableEndTime":"2026-10-07 17:28:14.3"}
{"availableBeginTime":"2026-10-07 00:48:14.3","availableEndTime":"2026-10-07 17:28:14.3"}
{"availableBeginTime":"2026-10-07 00:48:14.3","availableEndTime":"2026-10-07 17:28:14.3"}
{"availableBeginTime":"2026-10-07 00:48:14.3","availableEndTime":"2026-10-07 17:28:14.3"}
{"availableBeginTime":"2026-10-07 00:48:14.3","availableEndTime":"2026-10-07 17:28:14.3"}
{"availableBeginTime":"2026-10-07 00:48:14.3","availableEndTime":"2026-10-07 17:28:14.3"}
{"availableBeginTime":"2026-10-07 00:48:14.3","availableEndTime":"2026-10-07 17:28:14.3"}
{"availableBeginTime":"2026-10-07 00:48:14.3","availableEndTime":"2026-10-07 17:28:14.3"}
{"availableBeginTime":"2026-10-07 00:48:14.3","availableEndTime":"2026-10-07 17:28:14.3"}
{"availableBeginTime":"2026-10-07 00:48:14.3","availableEndTime":"2026-10-07 17:28:14.3"}
{"availableBeginTime":"2026-10-07 00:48:14.3","availableEndTime":"2026-10-07 17:28:14.3"}
{"availableBeginTime":"2026-10-07 00:48:14.3","availableEndTime":"2026-10-07 17:28:14.3"}
{"availableBeginTime":"2026-10-07 00:48:14.3","availableEndTime":"2026-10-07 17:28:14.3"}
{"availableBeginTime":"2026-10-07 00:48:14.3","availableEndTime":"2026-10-07 17:28:14.3"}
{"availableBeginTime":"2026-10-07 00:48:14.3","availableEndTime":"2026-10-07 17:28:14.3"}
{"availableBeginTime":"2026-10-07 00:48:14.3","availableEndTime":"2026-10-07 17:28:14.3"}
{"availableBeginTime":"2026-10-07 00:48:14.3","availableEndTime":"2026-10-07 17:28:14.3"}
{"availableBeginTime":"2026-10-07 00:48:14.3","availableEndTime":"2026-10-07 17:28:14.3"}
{"availableBeginTime":"2026-10-07 00:48:14.3","availableEndTime":"2026-10-07 17:28:14.3"}
{"availableBeginTime":"2026-10-07 00:48:14.3","availableEndTime":"2026-10-07 17:28:14.3"}
{"availableBeginTime":"2026-10-07 00:48:14.3","availableEndTime":"2026-10-07 17:28:14.3"}
{"availableBeginTime":"2026-10-07 00:48:14.3","availableEndTime":"2026-10-07 17:28:14.3"}
{"availableBeginTime":"2026-10-07 00:48:14.3","availableEndTime":"2026-10-07 17:28:14.3"}
{"availableBeginTime":"2026-10-07 00:48:14.3","availableEndTime":"2026-10-07 17:28:14.3"}
{"availableBeginTime":"2026-10-07 00:48:14.3","availableEndTime":"2026-10-07 17:28:14.3"}
{"availableBeginTime":"2026-10-07 00:48:14.3","availableEndTime":"2026-10-07 17:28:14.3"}
{"availableBeginTime":"2026-10-07 00:48:14.3","availableEndTime":"2026-10-07 17:28:14.3"}
{"availableBeginTime":"2026-10-07 00:48:14.3","availableEndTime":"2026-10-07 17:28:14.3"}
{"availableBeginTime":"2026-10-07 00:48:14.3","availableEndTime":"2026-10-07 17:28:14.3"}
{"availableBeginTime":"2026-10-07 00:48:14.3","availableEndTime":"2026-10-07 17:28:14.3"}
{"availableBeginTime":"2026-10-07 00:48:14.3","availableEndTime":"2026-10-07 17:28:14.3"}
{"availableBeginTime":"2026-10-07 00:48:14.3","availableEndTime":"2026-10-07 17:28:14.3"}
{"availableBeginTime":"2026-10-07 00:48:14.3","availableEndTime":"2026-10-07 17:28:14.3"}
{"availableBeginTime":"2026-10-07 00:48:14.3","availableEndTime":"2026-10-07 17:28:14.3"}
{"availableBeginTime":"2026-10-07 00:48:14.3","availableEndTime":"2026-10-07 17:28:14.3"}
{"availableBeginTime":"2026-10-07 00:48:14.3","availableEndTime":"2026-10-07 17:28:14.3"}
{"availableBeginTime":"2026-10-07 00:48:14.3","availableEndTime":"2026-10-07 17:28:14.3"}
{"availableBeginTime":"2026-10-07 00:48:14.3","availableEndTime":"2026-10-07 17:28:14.3"}
{"availableBeginTime":"2026-10-07 00:48:14.3","availableEndTime":"2026-10-07 17:28:14.3"}
{"availableBeginTime":"2026-10-07 00:48:14.3","availableEndTime":"2026-10-07 17:28:14.3"}
{"availableBeginTime":"2026-10-07 00:48:14.3","availableEndTime":"2026-10-07 17:28:14.3"}
{"availableBeginTime":"2026-10-07 00:48:14.3","availableEndTime":"2026-10-07 17:28:14.3"}
{"availableBeginTime":"2026-10-07 00:48:14.3","availableEndTime":"2026-10-07 17:28:14.3"}
{"availableBeginTime":"2026-10-07 00:48:14.3","availableEndTime":"2026-10-07 17:28:14.3"}
{"availableBeginTime":"2026-10-07 00:48:14.3","availableEndTime":"2026-10-07 17:28:14.3"}
{"availableBeginTime":"2026-10-07 00:48:14.3","availableEndTime":"2026-10-07 17:28:14.3"}
{"availableBeginTime":"2026-10-07 00:48:14.3","availableEndTime":"2026-10-07 17:28:14.3"}
{"availableBeginTime":"2026-10-07 00:48:14.3","availableEndTime":"2026-10-07 17:28:14.3"}
{"availableBeginTime":"2026-10-07 00:48:14.3","availableEndTime":"2026-10-07 17:28:14.3"}
{"availableBeginTime":"2026-10-07 00:48:14.3","availableEndTime":"2026-10-07 17:28:14.3"}
{"availableBeginTime":"2026-10-07 00:48:14.3","availableEndTime":"2026-10-07 17:28:14.3"}
{"availableBeginTime":"2026-10-07 00:48:14.3","availableEndTime":"2026-10-07 17:28:14.3"}
{"availableBeginTime":"2026-10-07 00:48:14.3","availableEndTime":"2026-10-07 17:28:14.3"}
{"availableBeginTime":"2026-10-07 00:48:14.3","availableEndTime":"2026-10-07 17:28:14.3"}
{"availableBeginTime":"2026-10-07 00:48:14.3","availableEndTime":"2026-10-07 17:28:14.3"}
{"availableBeginTime":"2026-10-07 00:48:14.3","availableEndTime":"2026-10-07 17:28:14.3"}
{"availableBeginTime":"2026-10-07 00:48:14.3","availableEndTime":"2026-10-07 17:28:14.3"}
{"availableBeginTime":"2026-10-07 00:48:14.3","availableEndTime":"2026-10-07 17:28:14.3"}
{"availableBeginTime":"2026-10-07 00:48:14.3","availableEndTime":"2026-10-07 17:28:14.3"}
{"availableBeginTime":"2026-10-07 00:48:14.3","availableEndTime":"2026-10-07 17:28:14.3"}
{"availableBeginTime":"2026-10-07 00:48:14.3","availableEndTime":"2026-10-07 17:28:14.3"}
{"availableBeginTime":"2026-10-07 00:48:14.3","availableEndTime":"2026-10-07 17:28:14.3"}
{"availableBeginTime":"2026-10-07 00:48:14.3","availableEndTime":"2026-10-07 17:28:14.3"}
{"availableBeginTime":"2026-10-07 00:48:14.3","availableEndTime":"2026-10-07 17:28:14.3"}
{"availableBeginTime":"2026-10-07 00:48:14.3","availableEndTime":"2026-10-07 17:28:14.3"}
{"availableBeginTime":"2026-10-07 00:48:14.3","availableEndTime":"2026-10-07 17:28:14.3"}
{"availableBeginTime":"2026-10-07 00:48:14.3","availableEndTime":"2026-10-07 17:28:14.3"}
{"availableBeginTime":"2026-10-07 00:48:14.3","availableEndTime":"2026-10-07 17:28:14.3"}
{"availableBeginTime":"2026-10-07 00:48:14.3","availableEndTime":"2026-10-07 17:28:14.3"}
{"availableBeginTime":"2026-10-07 00:48:14.3","availableEndTime":"2026-10-07 17:28:14.3"}
{"availableBeginTime":"2026-10-07 00:48:14.3","availableEndTime":"2026-10-07 17:28:14.3"}
{"availableBeginTime":"2026-10-07 00:48:14.3","availableEndTime":"2026-10-07 17:28:14.3"}
{"availableBeginTime":"2026-10-07 00:48:14.3","availableEndTime":"2026-10-07 17:28:14.3"}
{"availableBeginTime":"2026-10-07 00:48:14.3","availableEndTime":"2026-10-07 17:28:14.3"}
{"availableBeginTime":"2026-10-07 00:48:14.3","availableEndTime":"2026-10-07 17:28:14.3"}
{"availableBeginTime":"2026-10-07 00:48:14.3","availableEndTime":"2026-10-07 17:28:14.3"}
{"availableBeginTime":"2026-10-07 00:48:14.3","availableEndTime":"2026-10-07 17:28:14.3"}
{"availableBeginTime":"2026-10-07 00:48:14.3","availableEndTime":"2026-10-07 17:28:14.3"}
{"availableBeginTime":"2026-10-07 00:48:14.3","availableEndTime":"2026-10-07 17:28:14.3"}
{"availableBeginTime":"2026-10-07 00:48:14.3","availableEndTime":"2026-10-07 17:28:14.3"}
{"availableBeginTime":"2026-10-07 00:48:14.3","availableEndTime":"2026-10-07 17:28:14.3"}
{"availableBeginTime":"2026-10-07 00:48:14.3","availableEndTime":"2026-10-07 17:28:14.3"}
{"availableBeginTime":"2026-10-07 00:48:14.3","availableEndTime":"2026-10-07 17:28:14.3"}
{"availableBeginTime":"2026-10-07 00:48:14.3","availableEndTime":"2026-10-07 17:28:14.3"}
{"availableBeginTime":"2026-10-07 00:48:14.3","availableEndTime":"2026-10-07 17:28:14.3"}
{"availableBeginTime":"2026-10-07 00:48:14.3","availableEndTime":"2026-10-07 17:28:14.3"}
{"availableBeginTime":"2026-10-07 00:48:14.3","availableEndTime":"2026-10-07 17:28:14.3"}
{"availableBeginTime":"2026-10-07 00:48:14.3","availableEndTime":"2026-10-07 17:28:14.3"}
{"availableBeginTime":"2026-10-07 00:48:14.3","availableEndTime":"2026-10-07 17:28:14.3"}
{"availableBeginTime":"2026-10-07 00:48:14.3","availableEndTime":"2026-10-07 17:28:14.3"}
{"availableBeginTime":"2026-10-07 00:48:14.3","availableEndTime":"2026-10-07 17:28:14.3"}
{"availableBeginTime":"2026-10-07 00:48:14.3","availableEndTime":"2026-10-07 17:28:14.3"}
{"availableBeginTime":"2026-10-07 00:48:14.3","availableEndTime":"2026-10-07 17:28:14.3"}
{"availableBeginTime":"2026-10-07 00:48:14.3","availableEndTime":"2026-10-07 17:28:14.3"}
{"availableBeginTime":"2026-10-07 00:48:14.3","availableEndTime":"2026-10-07 17:28:14.3"}
{"availableBeginTime":"2026-10-07 00:48:14.3","availableEndTime":"2026-10-07 17:28:14.3"}
{"availableBeginTime":"2026-10-07 00:48:14.3","availableEndTime":"2026-10-07 17:28:14.3"}
{"availableBeginTime":"2026-10-07 00:48:14.3","availableEndTime":"2026-10-07 17:28:14.3"}
{"availableBeginTime":"2026-10-07 00:48:14.3","availableEndTime":"2026-10-07 17:28:14.3"}
{"availableBeginTime":"2026-10-07 00:48:14.3","availableEndTime":"2026-10-07 17:28:14.3"}
{"availableBeginTime":"2026-10-07 00:48:14.3","availableEndTime":"2026-10-07 17:28:14.3"}
{"availableBeginTime":"2026-10-07 00:48:14.3","availableEndTime":"2026-10-07 17:28:14.3"}
{"availableBeginTime":"2026-10-07 00:48:14.3","availableEndTime":"2026-10-07 17:28:14.3"}
{"availableBeginTime":"2026-10-07 00:48:14.3","availableEndTime":"2026-10-07 17:28:14.3"}
{"availableBeginTime":"2026-10-07 00:48:14.3","availableEndTime":"2026-10-07 17:28:14.3"}
{"availableBeginTime":"2026-10-07 00:48:14.3","availableEndTime":"2026-10-07 17:28:14.3"}
{"availableBeginTime":"2026-10-07 00:48:14.3","availableEndTime":"2026-10-07 17:28:14.3"}
{"availableBeginTime":"2026-10-07 00:48:14.3","availableEndTime":"2026-10-07 17:28:14.3"}
{"availableBeginTime":"2026-10-07 00:48:14.3","availableEndTime":"2026-10-07 17:28:14.3"}
{"availableBeginTime":"2026-10-07 00:48:14.3","availableEndTime":"2026-10-07 17:28:14.3"}
{"availableBeginTime":"2026-10-07 00:48:14.3","availableEndTime":"2026-10-07 17:28:14.3"}
{"availableBeginTime":"2026-10-07 00:48:14.3","availableEndTime":"2026-10-07 17:28:14.3"}
{"availableBeginTime":"2026-10-07 00:48:14.3","availableEndTime":"2026-10-07 17:28:14.3"}
{"availableBeginTime":"2026-10-07 00:48:14.3","availableEndTime":"2026-10-07 17:28:14.3"}
{"availableBeginTime":"2026-10-07 00:48:14.3","availableEndTime":"2026-10-07 17:28:14.3"}
{"availableBeginTime":"2026-10-07 00:48:14.3","availableEndTime":"2026-10-07 17:28:14.3"}
{"availableBeginTime":"2026-10-07 00:48:14.3","availableEndTime":"2026-10-07 17:28:14.3"}
{"availableBeginTime":"2026-10-07 00:48:14.3","availableEndTime":"2026-10-07 17:28:14.3"}
{"availableBeginTime":"2026-10-07 00:48:14.3","availableEndTime":"2026-10-07 17:28:14.3"}
{"availableBeginTime":"2026-10-07 00:48:14.3","availableEndTime":"2026-10-07 17:28:14.3"}
{"availableBeginTime":"2026-10-07 00:48:14.3","availableEndTime":"2026-10-07 17:28:14.3"}
{"availableBeginTime":"2026-10-07 00:48:14.3","availableEndTime":"2026-10-07 17:28:14.3"}
{"availableBeginTime":"2026-10-07 00:48:14.3","availableEndTime":"2026-10-07 17:28:14.3"}
{"availableBeginTime":"2026-10-07 00:48:14.3","availableEndTime":"2026-10-07 17:28:14.3"}
{"availableBeginTime":"2026-10-07 00:48:14.3","availableEndTime":"2026-10-07 17:28:14.3"}
{"availableBeginTime":"2026-10-07 00:48:14.3","availableEndTime":"2026-10-07 17:28:14.3"}
{"availableBeginTime":"2026-10-07 00:48:14.3","availableEndTime":"2026-10-07 17:28:14.3"}
{"availableBeginTime":"2026-10-07 00:48:14.3","availableEndTime":"2026-10-07 17:28:14.3"}
{"availableBeginTime":"2026-10-07 00:48:14.3","availableEndTime":"2026-10-07 17:28:14.3"}
{"availableBeginTime":"2026-10-07 00:48:14.3","availableEndTime":"2026-10-07 17:28:14.3"}
{"availableBeginTime":"2026-10-07 00:48:14.3","availableEndTime":"2026-10-07 17:28:14.3"}
{"availableBeginTime":"2026-10-07 00:48:14.3","availableEndTime":"2026-10-07 17:28:14.3"}
{"availableBeginTime":"2026-10-07 00:48:14.3","availableEndTime":"2026-10-07 17:28:14.3"}
{"availableBeginTime":"2026-10-07 00:48:14.3","availableEndTime":"2026-10-07 17:28:14.3"}
{"availableBeginTime":"2026-10-07 00:48:14.3","availableEndTime":"2026-10-07 17:28:14.3"}
{"availableBeginTime":"2026-10-07 00:48:14.3","availableEndTime":"2026-10-07 17:28:14.3"}
{"availableBeginTime":"2026-10-07 00:48:14.3","availableEndTime":"2026-10-07 17:28:14.3"}
{"availableBeginTime":"2026-10-07 00:48:14.3","availableEndTime":"2026-10-07 17:28:14.3"}
{"availableBeginTime":"2026-10-07 00:48:14.3","availableEndTime":"2026-10-07 17:28:14.3"}
{"availableBeginTime":"2026-10-07 00:48:14.3","availableEndTime":"2026-10-07 17:28:14.3"}
{"availableBeginTime":"2026-10-07 00:48:14.3","availableEndTime":"2026-10-07 17:28:14.3"}
{"availableBeginTime":"2026-10-07 00:48:14.3","availableEndTime":"2026-10-07 17:28:14.3"}
{"availableBeginTime":"2026-10-07 00:48:14.3","availableEndTime":"2026-10-07 17:28:14.3"}
{"availableBeginTime":"2026-10-07 00:48:14.3","availableEndTime":"2026-10-07 17:28:14.3"}
{"availableBeginTime":"2026-10-07 00:48:14.3","availableEndTime":"2026-10-07 17:28:14.3"}
{"availableBeginTime":"2026-10-07 00:48:14.3","availableEndTime":"2026-10-07 17:28:14.3"}
{"availableBeginTime":"2026-10-07 00:48:14.3","availableEndTime":"2026-10-07 17:28:14.3"}
{"availableBeginTime":"2026-10-07 00:48:14.3","availableEndTime":"2026-10-07 17:28:14.3"}
{"availableBeginTime":"2026-10-07 00:48:14.3","availableEndTime":"2026-10-07 17:28:14.3"}
{"availableBeginTime":"2026-10-07 00:48:14.3","availableEndTime":"2026-10-07 17:28:14.3"}
{"availableBeginTime":"2026-10-07 00:48:14.3","availableEndTime":"2026-10-07 17:28:14.3"}
{"availableBeginTime":"2026-10-07 00:48:14.3","availableEndTime":"2026-10-07 17:28:14.3"}
{"availableBeginTime":"2026-10-07 00:48:14.3","availableEndTime":"2026-10-07 17:28:14.3"}
{"availableBeginTime":"2026-10-07 00:48:14.3","availableEndTime":"2026-10-07 17:28:14.3"}
{"availableBeginTime":"2026-10-07 00:48:14.3","availableEndTime":"2026-10-07 17:28:14.3"}
{"availableBeginTime":"2026-10-07 00:48:14.3","availableEndTime":"2026-10-07 17:28:14.3"}
{"availableBeginTime":"2026-10-07 00:48:14.3","availableEndTime":"2026-10-07 17:28:14.3"}
{"availableBeginTime":"2026-10-07 00:48:14.3","availableEndTime":"2026-10-07 17:28:14.3"}
{"availableBeginTime":"2026-10-07 00:48:14.3","availableEndTime":"2026-10-07 17:28:14.3"}
{"availableBeginTime":"2026-10-07 00:48:14.3","availableEndTime":"2026-10-07 17:28:14.3"}
{"availableBeginTime":"2026-10-07 00:48:14.3","availableEndTime":"2026-10-07 17:28:14.3"}
{"availableBeginTime":"2026-10-07 00:48:14.3","availableEndTime":"2026-10-07 17:28:14.3"}
{"availableBeginTime":"2026-10-07 00:48:14.3","availableEndTime":"2026-10-07 17:28:14.3"}
{"availableBeginTime":"2026-10-07 00:48:14.3","availableEndTime":"2026-10-07 17:28:14.3"}
{"availableBeginTime":"2026-10-07 00:48:14.3","availableEndTime":"2026-10-07 17:28:14.3"}
{"availableBeginTime":"2026-10-07 00:48:14.3","availableEndTime":"2026-10-07 17:28:14.3"}
{"availableBeginTime":"2026-10-07 00:48:14.3","availableEndTime":"2026-10-07 17:28:14.3"}
{"availableBeginTime":"2026-10-07 00:48:14.3","availableEndTime":"2026-10-07 17:28:14.3"}
{"availableBeginTime":"2026-10-07 00:48:14.3","availableEndTime":"2026-10-07 17:28:14.3"}
{"@type":"com.alibaba.fastjson2.issues.Issue508$Xx","base":{"@type":"com.alibaba.fastjson2.issues.Issue508$Device","id":1,"name":"xxx"}}
Parsed date: Wed Oct 11 00:00:00 CST 2023
Formatted date: {"utilDate":"2023-10-11"}
Parsed time: Sun Jul 05 16:11:10 CST 169108099
Formatted time: {"utilTime":"16:11:10"}
Parsed time: Sun Jul 05 16:11:00 CST 169108099
Formatted time: {"utilTime":"16:11"}
Parsed date: Wed Oct 11 00:00:00 CST 2023
Formatted date: {"utilDate":"2023-10-11"}
{"@type":"com.alibaba.fastjson2.issues.Canal_Issue4186$1"}
{"code":"项目成员1","formatType":0,"id":"a368f1ff-8702-4d80-9cdf-5260b5fe0fdd","level":0}
[Issue255.TestBean(type=text, data={content=hello111}), Issue255.TestBean(type=text, data={content=hello222})]
[Issue255.TestBean(type=text, data={content=hello111}), Issue255.TestBean(type=text, data={content=hello222})]
{"child_count":8,"del_state":0,"display_level":2,"id":54,"item_index":46,"parent_id":1,"path":"/1/54/","phase_id":1,"title":"八年级上","update_time":1596423978669}
{
	"@type":"com.alibaba.fastjson2.issues.Issue752$Bean#0",
	"@value":{
		"param":[
			"int",
			"int"
		]
	}
}
{
	"@type":"com.alibaba.fastjson2.issues.Issue571$Sample",
	"@value":[
		[
			true,
			false,
			false,
			true
		],
		true,
		false,
		"asdfASDF",
		"!",
		"$",
		[
			-1.234,
			-1.23,
			-12.0,
			-1.0,
			0.0,
			1.0,
			12.0,
			1.23,
			1.234
		],
		1.234567,
		7.654321,
		[
			-12.34,
			-12.3,
			-12.0,
			-1.0,
			0.0,
			1.0,
			12.0,
			12.3,
			12.34
		],
		12.345,
		54.321,
		[
			-1234,
			-123,
			-12,
			-1,
			0,
			1,
			12,
			123,
			1234
		],
		123,
		321,
		[
			-123400,
			-12300,
			-1200,
			-100,
			0,
			100,
			1200,
			12300,
			123400
		],
		1230000,
		3210000,
		{"$ref":".."},
		[
			-1234,
			-123,
			-12,
			-1,
			0,
			1,
			12,
			123,
			1234
		],
		12345,
		32100,
		"ABCDEFGHIJKLMNOPQRSTUVWXYZ0123456789"
	]
}
[Ljava.lang.String;@73153938
true
[[Ljava.lang.String;@6335c9e9
true
[[Ljava.lang.String;@56be1b09
true
[[Ljava.lang.String;@507bb74a
true
326
{
	"@type":"com.alibaba.fastjson2.codec.JSONBTableTest4$B10#0",
	"@value":{
		"items":{
			"@type":"A#1",
			"@value":[
				{
					"id":101,
					"name":"DataWorks"
				},
				{
					"id":102,
					"name":"MaxCompute"
				}
			]
		}
	}
}
[-110, 118, 99, 111, 109, 46, 97, 108, 105, 98, 97, 98, 97, 46, 102, 97, 115, 116, 106, 115, 111, 110, 50, 46, 99, 111, 100, 101, 99, 46, 74, 83, 79, 78, 66, 84, 97, 98, 108, 101, 84, 101, 115, 116, 52, 36, 66, 0, -90, 78, 105, 116, 101, 109, 115, -106, -110, 121, 56, 48, 99, 111, 109, 46, 97, 108, 105, 98, 97, 98, 97, 46, 102, 97, 115, 116, 106, 115, 111, 110, 50, 46, 99, 111, 100, 101, 99, 46, 74, 83, 79, 78, 66, 84, 97, 98, 108, 101, 84, 101, 115, 116, 52, 36, 73, 116, 101, 109, 1, -90, 75, 105, 100, 56, 101, 77, 110, 97, 109, 101, 82, 68, 97, 116, 97, 87, 111, 114, 107, 115, -91, -110, 1, -90, 75, 105, 100, 56, 102, 77, 110, 97, 109, 101, 83, 77, 97, 120, 67, 111, 109, 112, 117, 116, 101, -91, -91]
{
	"@type":"com.alibaba.fastjson2.codec.RefTest7$Bean#0",
	"@value":{
		"values":{
			{
				"@type":"com.alibaba.fastjson2.codec.RefTest7$Key#1",
				"@value":{}
			}:{}
		},
		"values1":{
			{
				"@type":"#1",
				"@value":{}
			}:{"$ref":"$.values[0]"}
		}
	}
}
[StackTest.Node()]
[{"name":"DataWorks","id":101},{"id":102}]
{
	"actualTypeArguments":[
		"java.lang.String",
		"java.lang.String"
	],
	"rawType":"java.util.Map"
}
{
	"@type":"IllegalStateException#0",
	"@value":{
		"stackTrace":[
			{
				"fileName":"ExceptionTest.java",
				"lineNumber":61,
				"className":"com.alibaba.fastjson2.codec.ExceptionTest",
				"methodName":"test_exception_jsonb_fieldBased"
			},
			{
				"fileName":"DirectMethodHandleAccessor.java",
				"lineNumber":104,
				"className":"jdk.internal.reflect.DirectMethodHandleAccessor",
				"methodName":"invoke"
			},
			{
				"fileName":"Method.java",
				"lineNumber":565,
				"className":"java.lang.reflect.Method",
				"methodName":"invoke"
			},
			{
				"fileName":"ReflectionUtils.java",
				"lineNumber":787,
				"className":"org.junit.platform.commons.util.ReflectionUtils",
				"methodName":"invokeMethod"
			},
			{
				"fileName":"ReflectionSupport.java",
				"lineNumber":478,
				"className":"org.junit.platform.commons.support.ReflectionSupport",
				"methodName":"invokeMethod"
			},
			{
				"fileName":"MethodInvocation.java",
				"lineNumber":60,
				"className":"org.junit.jupiter.engine.execution.MethodInvocation",
				"methodName":"proceed"
			},
			{
				"fileName":"InvocationInterceptorChain.java",
				"lineNumber":131,
				"className":"org.junit.jupiter.engine.execution.InvocationInterceptorChain$ValidatingInvocation",
				"methodName":"proceed"
			},
			{
				"fileName":"TimeoutExtension.java",
				"lineNumber":161,
				"className":"org.junit.jupiter.engine.extension.TimeoutExtension",
				"methodName":"intercept"
			},
			{
				"fileName":"TimeoutExtension.java",
				"lineNumber":152,
				"className":"org.junit.jupiter.engine.extension.TimeoutExtension",
				"methodName":"interceptTestableMethod"
			},
			{
				"fileName":"TimeoutExtension.java",
				"lineNumber":91,
				"className":"org.junit.jupiter.engine.extension.TimeoutExtension",
				"methodName":"interceptTestMethod"
			},
			{
				"fileName":"InterceptingExecutableInvoker.java",
				"lineNumber":112,
				"className":"org.junit.jupiter.engine.execution.InterceptingExecutableInvoker$ReflectiveInterceptorCall",
				"methodName":"lambda$ofVoidMethod$0"
			},
			{
				"fileName":"InterceptingExecutableInvoker.java",
				"lineNumber":94,
				"className":"org.junit.jupiter.engine.execution.InterceptingExecutableInvoker",
				"methodName":"lambda$invoke$0"
			},
			{
				"fileName":"InvocationInterceptorChain.java",
				"lineNumber":106,
				"className":"org.junit.jupiter.engine.execution.InvocationInterceptorChain$InterceptedInvocation",
				"methodName":"proceed"
			},
			{
				"fileName":"InvocationInterceptorChain.java",
				"lineNumber":64,
				"className":"org.junit.jupiter.engine.execution.InvocationInterceptorChain",
				"methodName":"proceed"
			},
			{
				"fileName":"InvocationInterceptorChain.java",
				"lineNumber":45,
				"className":"org.junit.jupiter.engine.execution.InvocationInterceptorChain",
				"methodName":"chainAndInvoke"
			},
			{
				"fileName":"InvocationInterceptorChain.java",
				"lineNumber":37,
				"className":"org.junit.jupiter.engine.execution.InvocationInterceptorChain",
				"methodName":"invoke"
			},
			{
				"fileName":"InterceptingExecutableInvoker.java",
				"lineNumber":93,
				"className":"org.junit.jupiter.engine.execution.InterceptingExecutableInvoker",
				"methodName":"invoke"
			},
			{
				"fileName":"InterceptingExecutableInvoker.java",
				"lineNumber":87,
				"className":"org.junit.jupiter.engine.execution.InterceptingExecutableInvoker",
				"methodName":"invoke"
			},
			{
				"fileName":"TestMethodTestDescriptor.java",
				"lineNumber":221,
				"className":"org.junit.jupiter.engine.descriptor.TestMethodTestDescriptor",
				"methodName":"lambda$invokeTestMethod$4"
			},
			{
				"fileName":"ThrowableCollector.java",
				"lineNumber":73,
				"className":"org.junit.platform.engine.support.hierarchical.ThrowableCollector",
				"methodName":"execute"
			},
			{
				"fileName":"TestMethodTestDescriptor.java",
				"lineNumber":217,
				"className":"org.junit.jupiter.engine.descriptor.TestMethodTestDescriptor",
				"methodName":"invokeTestMethod"
			},
			{
				"fileName":"TestMethodTestDescriptor.java",
				"lineNumber":159,
				"className":"org.junit.jupiter.engine.descriptor.TestMethodTestDescriptor",
				"methodName":"execute"
			},
			{
				"fileName":"TestMethodTestDescriptor.java",
				"lineNumber":70,
				"className":"org.junit.jupiter.engine.descriptor.TestMethodTestDescriptor",
				"methodName":"execute"
			},
			{
				"fileName":"NodeTestTask.java",
				"lineNumber":157,
				"className":"org.junit.platform.engine.support.hierarchical.NodeTestTask",
				"methodName":"lambda$executeRecursively$6"
			},
			{
				"fileName":"ThrowableCollector.java",
				"lineNumber":73,
				"className":"org.junit.platform.engine.support.hierarchical.ThrowableCollector",
				"methodName":"execute"
			},
			{
				"fileName":"NodeTestTask.java",
				"lineNumber":147,
				"className":"org.junit.platform.engine.support.hierarchical.NodeTestTask",
				"methodName":"lambda$executeRecursively$8"
			},
			{
				"fileName":"Node.java",
				"lineNumber":137,
				"className":"org.junit.platform.engine.support.hierarchical.Node",
				"methodName":"around"
			},
			{
				"fileName":"NodeTestTask.java",
				"lineNumber":145,
				"className":"org.junit.platform.engine.support.hierarchical.NodeTestTask",
				"methodName":"lambda$executeRecursively$9"
			},
			{
				"fileName":"ThrowableCollector.java",
				"lineNumber":73,
				"className":"org.junit.platform.engine.support.hierarchical.ThrowableCollector",
				"methodName":"execute"
			},
			{
				"fileName":"NodeTestTask.java",
				"lineNumber":144,
				"className":"org.junit.platform.engine.support.hierarchical.NodeTestTask",
				"methodName":"executeRecursively"
			},
			{
				"fileName":"NodeTestTask.java",
				"lineNumber":101,
				"className":"org.junit.platform.engine.support.hierarchical.NodeTestTask",
				"methodName":"execute"
			},
			{
				"fileName":"ArrayList.java",
				"lineNumber":1604,
				"className":"java.util.ArrayList",
				"methodName":"forEach"
			},
			{
				"fileName":"SameThreadHierarchicalTestExecutorService.java",
				"lineNumber":41,
				"className":"org.junit.platform.engine.support.hierarchical.SameThreadHierarchicalTestExecutorService",
				"methodName":"invokeAll"
			},
			{
				"fileName":"NodeTestTask.java",
				"lineNumber":161,
				"className":"org.junit.platform.engine.support.hierarchical.NodeTestTask",
				"methodName":"lambda$executeRecursively$6"
			},
			{
				"fileName":"ThrowableCollector.java",
				"lineNumber":73,
				"className":"org.junit.platform.engine.support.hierarchical.ThrowableCollector",
				"methodName":"execute"
			},
			{
				"fileName":"NodeTestTask.java",
				"lineNumber":147,
				"className":"org.junit.platform.engine.support.hierarchical.NodeTestTask",
				"methodName":"lambda$executeRecursively$8"
			},
			{
				"fileName":"Node.java",
				"lineNumber":137,
				"className":"org.junit.platform.engine.support.hierarchical.Node",
				"methodName":"around"
			},
			{
				"fileName":"NodeTestTask.java",
				"lineNumber":145,
				"className":"org.junit.platform.engine.support.hierarchical.NodeTestTask",
				"methodName":"lambda$executeRecursively$9"
			},
			{
				"fileName":"ThrowableCollector.java",
				"lineNumber":73,
				"className":"org.junit.platform.engine.support.hierarchical.ThrowableCollector",
				"methodName":"execute"
			},
			{
				"fileName":"NodeTestTask.java",
				"lineNumber":144,
				"className":"org.junit.platform.engine.support.hierarchical.NodeTestTask",
				"methodName":"executeRecursively"
			},
			{
				"fileName":"NodeTestTask.java",
				"lineNumber":101,
				"className":"org.junit.platform.engine.support.hierarchical.NodeTestTask",
				"methodName":"execute"
			},
			{
				"fileName":"ArrayList.java",
				"lineNumber":1604,
				"className":"java.util.ArrayList",
				"methodName":"forEach"
			},
			{
				"fileName":"SameThreadHierarchicalTestExecutorService.java",
				"lineNumber":41,
				"className":"org.junit.platform.engine.support.hierarchical.SameThreadHierarchicalTestExecutorService",
				"methodName":"invokeAll"
			},
			{
				"fileName":"NodeTestTask.java",
				"lineNumber":161,
				"className":"org.junit.platform.engine.support.hierarchical.NodeTestTask",
				"methodName":"lambda$executeRecursively$6"
			},
			{
				"fileName":"ThrowableCollector.java",
				"lineNumber":73,
				"className":"org.junit.platform.engine.support.hierarchical.ThrowableCollector",
				"methodName":"execute"
			},
			{
				"fileName":"NodeTestTask.java",
				"lineNumber":147,
				"className":"org.junit.platform.engine.support.hierarchical.NodeTestTask",
				"methodName":"lambda$executeRecursively$8"
			},
			{
				"fileName":"Node.java",
				"lineNumber":137,
				"className":"org.junit.platform.engine.support.hierarchical.Node",
				"methodName":"around"
			},
			{
				"fileName":"NodeTestTask.java",
				"lineNumber":145,
				"className":"org.junit.platform.engine.support.hierarchical.NodeTestTask",
				"methodName":"lambda$executeRecursively$9"
			},
			{
				"fileName":"ThrowableCollector.java",
				"lineNumber":73,
				"className":"org.junit.platform.engine.support.hierarchical.ThrowableCollector",
				"methodName":"execute"
			},
			{
				"fileName":"NodeTestTask.java",
				"lineNumber":144,
				"className":"org.junit.platform.engine.support.hierarchical.NodeTestTask",
				"methodName":"executeRecursively"
			},
			{
				"fileName":"NodeTestTask.java",
				"lineNumber":101,
				"className":"org.junit.platform.engine.support.hierarchical.NodeTestTask",
				"methodName":"execute"
			},
			{
				"fileName":"SameThreadHierarchicalTestExecutorService.java",
				"lineNumber":35,
				"className":"org.junit.platform.engine.support.hierarchical.SameThreadHierarchicalTestExecutorService",
				"methodName":"submit"
			},
			{
				"fileName":"HierarchicalTestExecutor.java",
				"lineNumber":57,
				"className":"org.junit.platform.engine.support.hierarchical.HierarchicalTestExecutor",
				"methodName":"execute"
			},
			{
				"fileName":"HierarchicalTestEngine.java",
				"lineNumber":54,
				"className":"org.junit.platform.engine.support.hierarchical.HierarchicalTestEngine",
				"methodName":"execute"
			},
			{
				"fileName":"EngineExecutionOrchestrator.java",
				"lineNumber":230,
				"className":"org.junit.platform.launcher.core.EngineExecutionOrchestrator",
				"methodName":"executeEngine"
			},
			{
				"fileName":"EngineExecutionOrchestrator.java",
				"lineNumber":204,
				"className":"org.junit.platform.launcher.core.EngineExecutionOrchestrator",
				"methodName":"failOrExecuteEngine"
			},
			{
				"fileName":"EngineExecutionOrchestrator.java",
				"lineNumber":172,
				"className":"org.junit.platform.launcher.core.EngineExecutionOrchestrator",
				"methodName":"execute"
			},
			{
				"fileName":"EngineExecutionOrchestrator.java",
				"lineNumber":101,
				"className":"org.junit.platform.launcher.core.EngineExecutionOrchestrator",
				"methodName":"execute"
			},
			{
				"fileName":"EngineExecutionOrchestrator.java",
				"lineNumber":64,
				"className":"org.junit.platform.launcher.core.EngineExecutionOrchestrator",
				"methodName":"lambda$execute$0"
			},
			{
				"fileName":"EngineExecutionOrchestrator.java",
				"lineNumber":150,
				"className":"org.junit.platform.launcher.core.EngineExecutionOrchestrator",
				"methodName":"withInterceptedStreams"
			},
			{
				"fileName":"EngineExecutionOrchestrator.java",
				"lineNumber":63,
				"className":"org.junit.platform.launcher.core.EngineExecutionOrchestrator",
				"methodName":"execute"
			},
			{
				"fileName":"DefaultLauncher.java",
				"lineNumber":109,
				"className":"org.junit.platform.launcher.core.DefaultLauncher",
				"methodName":"execute"
			},
			{
				"fileName":"DefaultLauncher.java",
				"lineNumber":91,
				"className":"org.junit.platform.launcher.core.DefaultLauncher",
				"methodName":"execute"
			},
			{
				"fileName":"DelegatingLauncher.java",
				"lineNumber":47,
				"className":"org.junit.platform.launcher.core.DelegatingLauncher",
				"methodName":"execute"
			},
			{
				"fileName":"InterceptingLauncher.java",
				"lineNumber":39,
				"className":"org.junit.platform.launcher.core.InterceptingLauncher",
				"methodName":"lambda$execute$1"
			},
			{
				"fileName":"ClasspathAlignmentCheckingLauncherInterceptor.java",
				"lineNumber":25,
				"className":"org.junit.platform.launcher.core.ClasspathAlignmentCheckingLauncherInterceptor",
				"methodName":"intercept"
			},
			{
				"fileName":"InterceptingLauncher.java",
				"lineNumber":38,
				"className":"org.junit.platform.launcher.core.InterceptingLauncher",
				"methodName":"execute"
			},
			{
				"fileName":"DelegatingLauncher.java",
				"lineNumber":47,
				"className":"org.junit.platform.launcher.core.DelegatingLauncher",
				"methodName":"execute"
			},
			{
				"fileName":"LazyLauncher.java",
				"lineNumber":56,
				"className":"org.apache.maven.surefire.junitplatform.LazyLauncher",
				"methodName":"execute"
			},
			{
				"fileName":"JUnitPlatformProvider.java",
				"lineNumber":194,
				"className":"org.apache.maven.surefire.junitplatform.JUnitPlatformProvider",
				"methodName":"execute"
			},
			{
				"fileName":"JUnitPlatformProvider.java",
				"lineNumber":150,
				"className":"org.apache.maven.surefire.junitplatform.JUnitPlatformProvider",
				"methodName":"invokeAllTests"
			},
			{
				"fileName":"JUnitPlatformProvider.java",
				"lineNumber":124,
				"className":"org.apache.maven.surefire.junitplatform.JUnitPlatformProvider",
				"methodName":"invoke"
			},
			{
				"fileName":"ForkedBooter.java",
				"lineNumber":385,
				"className":"org.apache.maven.surefire.booter.ForkedBooter",
				"methodName":"runSuitesInProcess"
			},
			{
				"fileName":"ForkedBooter.java",
				"lineNumber":162,
				"className":"org.apache.maven.surefire.booter.ForkedBooter",
				"methodName":"execute"
			},
			{
				"fileName":"ForkedBooter.java",
				"lineNumber":507,
				"className":"org.apache.maven.surefire.booter.ForkedBooter",
				"methodName":"run"
			},
			{
				"fileName":"ForkedBooter.java",
				"lineNumber":495,
				"className":"org.apache.maven.surefire.booter.ForkedBooter",
				"methodName":"main"
			}
		],
		"suppressedExceptions":{
			"@type":"java.util.Collections$EmptyList#1",
			"@value":[]
		}
	}
}
{
	"@type":"java.time.format.DateTimeParseException#0",
	"@value":{
		"detailMessage":"aaa",
		"errorIndex":1,
		"parsedString":"bbb",
		"stackTrace":[
			{
				"fileName":"ExceptionTest.java",
				"lineNumber":76,
				"className":"com.alibaba.fastjson2.codec.ExceptionTest",
				"methodName":"test_exception_jsonb_fieldBased_1"
			},
			{
				"fileName":"DirectMethodHandleAccessor.java",
				"lineNumber":104,
				"className":"jdk.internal.reflect.DirectMethodHandleAccessor",
				"methodName":"invoke"
			},
			{
				"fileName":"Method.java",
				"lineNumber":565,
				"className":"java.lang.reflect.Method",
				"methodName":"invoke"
			},
			{
				"fileName":"ReflectionUtils.java",
				"lineNumber":787,
				"className":"org.junit.platform.commons.util.ReflectionUtils",
				"methodName":"invokeMethod"
			},
			{
				"fileName":"ReflectionSupport.java",
				"lineNumber":478,
				"className":"org.junit.platform.commons.support.ReflectionSupport",
				"methodName":"invokeMethod"
			},
			{
				"fileName":"MethodInvocation.java",
				"lineNumber":60,
				"className":"org.junit.jupiter.engine.execution.MethodInvocation",
				"methodName":"proceed"
			},
			{
				"fileName":"InvocationInterceptorChain.java",
				"lineNumber":131,
				"className":"org.junit.jupiter.engine.execution.InvocationInterceptorChain$ValidatingInvocation",
				"methodName":"proceed"
			},
			{
				"fileName":"TimeoutExtension.java",
				"lineNumber":161,
				"className":"org.junit.jupiter.engine.extension.TimeoutExtension",
				"methodName":"intercept"
			},
			{
				"fileName":"TimeoutExtension.java",
				"lineNumber":152,
				"className":"org.junit.jupiter.engine.extension.TimeoutExtension",
				"methodName":"interceptTestableMethod"
			},
			{
				"fileName":"TimeoutExtension.java",
				"lineNumber":91,
				"className":"org.junit.jupiter.engine.extension.TimeoutExtension",
				"methodName":"interceptTestMethod"
			},
			{
				"fileName":"InterceptingExecutableInvoker.java",
				"lineNumber":112,
				"className":"org.junit.jupiter.engine.execution.InterceptingExecutableInvoker$ReflectiveInterceptorCall",
				"methodName":"lambda$ofVoidMethod$0"
			},
			{
				"fileName":"InterceptingExecutableInvoker.java",
				"lineNumber":94,
				"className":"org.junit.jupiter.engine.execution.InterceptingExecutableInvoker",
				"methodName":"lambda$invoke$0"
			},
			{
				"fileName":"InvocationInterceptorChain.java",
				"lineNumber":106,
				"className":"org.junit.jupiter.engine.execution.InvocationInterceptorChain$InterceptedInvocation",
				"methodName":"proceed"
			},
			{
				"fileName":"InvocationInterceptorChain.java",
				"lineNumber":64,
				"className":"org.junit.jupiter.engine.execution.InvocationInterceptorChain",
				"methodName":"proceed"
			},
			{
				"fileName":"InvocationInterceptorChain.java",
				"lineNumber":45,
				"className":"org.junit.jupiter.engine.execution.InvocationInterceptorChain",
				"methodName":"chainAndInvoke"
			},
			{
				"fileName":"InvocationInterceptorChain.java",
				"lineNumber":37,
				"className":"org.junit.jupiter.engine.execution.InvocationInterceptorChain",
				"methodName":"invoke"
			},
			{
				"fileName":"InterceptingExecutableInvoker.java",
				"lineNumber":93,
				"className":"org.junit.jupiter.engine.execution.InterceptingExecutableInvoker",
				"methodName":"invoke"
			},
			{
				"fileName":"InterceptingExecutableInvoker.java",
				"lineNumber":87,
				"className":"org.junit.jupiter.engine.execution.InterceptingExecutableInvoker",
				"methodName":"invoke"
			},
			{
				"fileName":"TestMethodTestDescriptor.java",
				"lineNumber":221,
				"className":"org.junit.jupiter.engine.descriptor.TestMethodTestDescriptor",
				"methodName":"lambda$invokeTestMethod$4"
			},
			{
				"fileName":"ThrowableCollector.java",
				"lineNumber":73,
				"className":"org.junit.platform.engine.support.hierarchical.ThrowableCollector",
				"methodName":"execute"
			},
			{
				"fileName":"TestMethodTestDescriptor.java",
				"lineNumber":217,
				"className":"org.junit.jupiter.engine.descriptor.TestMethodTestDescriptor",
				"methodName":"invokeTestMethod"
			},
			{
				"fileName":"TestMethodTestDescriptor.java",
				"lineNumber":159,
				"className":"org.junit.jupiter.engine.descriptor.TestMethodTestDescriptor",
				"methodName":"execute"
			},
			{
				"fileName":"TestMethodTestDescriptor.java",
				"lineNumber":70,
				"className":"org.junit.jupiter.engine.descriptor.TestMethodTestDescriptor",
				"methodName":"execute"
			},
			{
				"fileName":"NodeTestTask.java",
				"lineNumber":157,
				"className":"org.junit.platform.engine.support.hierarchical.NodeTestTask",
				"methodName":"lambda$executeRecursively$6"
			},
			{
				"fileName":"ThrowableCollector.java",
				"lineNumber":73,
				"className":"org.junit.platform.engine.support.hierarchical.ThrowableCollector",
				"methodName":"execute"
			},
			{
				"fileName":"NodeTestTask.java",
				"lineNumber":147,
				"className":"org.junit.platform.engine.support.hierarchical.NodeTestTask",
				"methodName":"lambda$executeRecursively$8"
			},
			{
				"fileName":"Node.java",
				"lineNumber":137,
				"className":"org.junit.platform.engine.support.hierarchical.Node",
				"methodName":"around"
			},
			{
				"fileName":"NodeTestTask.java",
				"lineNumber":145,
				"className":"org.junit.platform.engine.support.hierarchical.NodeTestTask",
				"methodName":"lambda$executeRecursively$9"
			},
			{
				"fileName":"ThrowableCollector.java",
				"lineNumber":73,
				"className":"org.junit.platform.engine.support.hierarchical.ThrowableCollector",
				"methodName":"execute"
			},
			{
				"fileName":"NodeTestTask.java",
				"lineNumber":144,
				"className":"org.junit.platform.engine.support.hierarchical.NodeTestTask",
				"methodName":"executeRecursively"
			},
			{
				"fileName":"NodeTestTask.java",
				"lineNumber":101,
				"className":"org.junit.platform.engine.support.hierarchical.NodeTestTask",
				"methodName":"execute"
			},
			{
				"fileName":"ArrayList.java",
				"lineNumber":1604,
				"className":"java.util.ArrayList",
				"methodName":"forEach"
			},
			{
				"fileName":"SameThreadHierarchicalTestExecutorService.java",
				"lineNumber":41,
				"className":"org.junit.platform.engine.support.hierarchical.SameThreadHierarchicalTestExecutorService",
				"methodName":"invokeAll"
			},
			{
				"fileName":"NodeTestTask.java",
				"lineNumber":161,
				"className":"org.junit.platform.engine.support.hierarchical.NodeTestTask",
				"methodName":"lambda$executeRecursively$6"
			},
			{
				"fileName":"ThrowableCollector.java",
				"lineNumber":73,
				"className":"org.junit.platform.engine.support.hierarchical.ThrowableCollector",
				"methodName":"execute"
			},
			{
				"fileName":"NodeTestTask.java",
				"lineNumber":147,
				"className":"org.junit.platform.engine.support.hierarchical.NodeTestTask",
				"methodName":"lambda$executeRecursively$8"
			},
			{
				"fileName":"Node.java",
				"lineNumber":137,
				"className":"org.junit.platform.engine.support.hierarchical.Node",
				"methodName":"around"
			},
			{
				"fileName":"NodeTestTask.java",
				"lineNumber":145,
				"className":"org.junit.platform.engine.support.hierarchical.NodeTestTask",
				"methodName":"lambda$executeRecursively$9"
			},
			{
				"fileName":"ThrowableCollector.java",
				"lineNumber":73,
				"className":"org.junit.platform.engine.support.hierarchical.ThrowableCollector",
				"methodName":"execute"
			},
			{
				"fileName":"NodeTestTask.java",
				"lineNumber":144,
				"className":"org.junit.platform.engine.support.hierarchical.NodeTestTask",
				"methodName":"executeRecursively"
			},
			{
				"fileName":"NodeTestTask.java",
				"lineNumber":101,
				"className":"org.junit.platform.engine.support.hierarchical.NodeTestTask",
				"methodName":"execute"
			},
			{
				"fileName":"ArrayList.java",
				"lineNumber":1604,
				"className":"java.util.ArrayList",
				"methodName":"forEach"
			},
			{
				"fileName":"SameThreadHierarchicalTestExecutorService.java",
				"lineNumber":41,
				"className":"org.junit.platform.engine.support.hierarchical.SameThreadHierarchicalTestExecutorService",
				"methodName":"invokeAll"
			},
			{
				"fileName":"NodeTestTask.java",
				"lineNumber":161,
				"className":"org.junit.platform.engine.support.hierarchical.NodeTestTask",
				"methodName":"lambda$executeRecursively$6"
			},
			{
				"fileName":"ThrowableCollector.java",
				"lineNumber":73,
				"className":"org.junit.platform.engine.support.hierarchical.ThrowableCollector",
				"methodName":"execute"
			},
			{
				"fileName":"NodeTestTask.java",
				"lineNumber":147,
				"className":"org.junit.platform.engine.support.hierarchical.NodeTestTask",
				"methodName":"lambda$executeRecursively$8"
			},
			{
				"fileName":"Node.java",
				"lineNumber":137,
				"className":"org.junit.platform.engine.support.hierarchical.Node",
				"methodName":"around"
			},
			{
				"fileName":"NodeTestTask.java",
				"lineNumber":145,
				"className":"org.junit.platform.engine.support.hierarchical.NodeTestTask",
				"methodName":"lambda$executeRecursively$9"
			},
			{
				"fileName":"ThrowableCollector.java",
				"lineNumber":73,
				"className":"org.junit.platform.engine.support.hierarchical.ThrowableCollector",
				"methodName":"execute"
			},
			{
				"fileName":"NodeTestTask.java",
				"lineNumber":144,
				"className":"org.junit.platform.engine.support.hierarchical.NodeTestTask",
				"methodName":"executeRecursively"
			},
			{
				"fileName":"NodeTestTask.java",
				"lineNumber":101,
				"className":"org.junit.platform.engine.support.hierarchical.NodeTestTask",
				"methodName":"execute"
			},
			{
				"fileName":"SameThreadHierarchicalTestExecutorService.java",
				"lineNumber":35,
				"className":"org.junit.platform.engine.support.hierarchical.SameThreadHierarchicalTestExecutorService",
				"methodName":"submit"
			},
			{
				"fileName":"HierarchicalTestExecutor.java",
				"lineNumber":57,
				"className":"org.junit.platform.engine.support.hierarchical.HierarchicalTestExecutor",
				"methodName":"execute"
			},
			{
				"fileName":"HierarchicalTestEngine.java",
				"lineNumber":54,
				"className":"org.junit.platform.engine.support.hierarchical.HierarchicalTestEngine",
				"methodName":"execute"
			},
			{
				"fileName":"EngineExecutionOrchestrator.java",
				"lineNumber":230,
				"className":"org.junit.platform.launcher.core.EngineExecutionOrchestrator",
				"methodName":"executeEngine"
			},
			{
				"fileName":"EngineExecutionOrchestrator.java",
				"lineNumber":204,
				"className":"org.junit.platform.launcher.core.EngineExecutionOrchestrator",
				"methodName":"failOrExecuteEngine"
			},
			{
				"fileName":"EngineExecutionOrchestrator.java",
				"lineNumber":172,
				"className":"org.junit.platform.launcher.core.EngineExecutionOrchestrator",
				"methodName":"execute"
			},
			{
				"fileName":"EngineExecutionOrchestrator.java",
				"lineNumber":101,
				"className":"org.junit.platform.launcher.core.EngineExecutionOrchestrator",
				"methodName":"execute"
			},
			{
				"fileName":"EngineExecutionOrchestrator.java",
				"lineNumber":64,
				"className":"org.junit.platform.launcher.core.EngineExecutionOrchestrator",
				"methodName":"lambda$execute$0"
			},
			{
				"fileName":"EngineExecutionOrchestrator.java",
				"lineNumber":150,
				"className":"org.junit.platform.launcher.core.EngineExecutionOrchestrator",
				"methodName":"withInterceptedStreams"
			},
			{
				"fileName":"EngineExecutionOrchestrator.java",
				"lineNumber":63,
				"className":"org.junit.platform.launcher.core.EngineExecutionOrchestrator",
				"methodName":"execute"
			},
			{
				"fileName":"DefaultLauncher.java",
				"lineNumber":109,
				"className":"org.junit.platform.launcher.core.DefaultLauncher",
				"methodName":"execute"
			},
			{
				"fileName":"DefaultLauncher.java",
				"lineNumber":91,
				"className":"org.junit.platform.launcher.core.DefaultLauncher",
				"methodName":"execute"
			},
			{
				"fileName":"DelegatingLauncher.java",
				"lineNumber":47,
				"className":"org.junit.platform.launcher.core.DelegatingLauncher",
				"methodName":"execute"
			},
			{
				"fileName":"InterceptingLauncher.java",
				"lineNumber":39,
				"className":"org.junit.platform.launcher.core.InterceptingLauncher",
				"methodName":"lambda$execute$1"
			},
			{
				"fileName":"ClasspathAlignmentCheckingLauncherInterceptor.java",
				"lineNumber":25,
				"className":"org.junit.platform.launcher.core.ClasspathAlignmentCheckingLauncherInterceptor",
				"methodName":"intercept"
			},
			{
				"fileName":"InterceptingLauncher.java",
				"lineNumber":38,
				"className":"org.junit.platform.launcher.core.InterceptingLauncher",
				"methodName":"execute"
			},
			{
				"fileName":"DelegatingLauncher.java",
				"lineNumber":47,
				"className":"org.junit.platform.launcher.core.DelegatingLauncher",
				"methodName":"execute"
			},
			{
				"fileName":"LazyLauncher.java",
				"lineNumber":56,
				"className":"org.apache.maven.surefire.junitplatform.LazyLauncher",
				"methodName":"execute"
			},
			{
				"fileName":"JUnitPlatformProvider.java",
				"lineNumber":194,
				"className":"org.apache.maven.surefire.junitplatform.JUnitPlatformProvider",
				"methodName":"execute"
			},
			{
				"fileName":"JUnitPlatformProvider.java",
				"lineNumber":150,
				"className":"org.apache.maven.surefire.junitplatform.JUnitPlatformProvider",
				"methodName":"invokeAllTests"
			},
			{
				"fileName":"JUnitPlatformProvider.java",
				"lineNumber":124,
				"className":"org.apache.maven.surefire.junitplatform.JUnitPlatformProvider",
				"methodName":"invoke"
			},
			{
				"fileName":"ForkedBooter.java",
				"lineNumber":385,
				"className":"org.apache.maven.surefire.booter.ForkedBooter",
				"methodName":"runSuitesInProcess"
			},
			{
				"fileName":"ForkedBooter.java",
				"lineNumber":162,
				"className":"org.apache.maven.surefire.booter.ForkedBooter",
				"methodName":"execute"
			},
			{
				"fileName":"ForkedBooter.java",
				"lineNumber":507,
				"className":"org.apache.maven.surefire.booter.ForkedBooter",
				"methodName":"run"
			},
			{
				"fileName":"ForkedBooter.java",
				"lineNumber":495,
				"className":"org.apache.maven.surefire.booter.ForkedBooter",
				"methodName":"main"
			}
		],
		"suppressedExceptions":{
			"@type":"java.util.Collections$EmptyList#1",
			"@value":[]
		}
	}
}
{
	"@type":"IllegalStateException#0",
	"@value":{
		"stackTrace":[
			{
				"fileName":"ExceptionTest.java",
				"lineNumber":46,
				"className":"com.alibaba.fastjson2.codec.ExceptionTest",
				"methodName":"test_exception_jsonb"
			},
			{
				"fileName":"DirectMethodHandleAccessor.java",
				"lineNumber":104,
				"className":"jdk.internal.reflect.DirectMethodHandleAccessor",
				"methodName":"invoke"
			},
			{
				"fileName":"Method.java",
				"lineNumber":565,
				"className":"java.lang.reflect.Method",
				"methodName":"invoke"
			},
			{
				"fileName":"ReflectionUtils.java",
				"lineNumber":787,
				"className":"org.junit.platform.commons.util.ReflectionUtils",
				"methodName":"invokeMethod"
			},
			{
				"fileName":"ReflectionSupport.java",
				"lineNumber":478,
				"className":"org.junit.platform.commons.support.ReflectionSupport",
				"methodName":"invokeMethod"
			},
			{
				"fileName":"MethodInvocation.java",
				"lineNumber":60,
				"className":"org.junit.jupiter.engine.execution.MethodInvocation",
				"methodName":"proceed"
			},
			{
				"fileName":"InvocationInterceptorChain.java",
				"lineNumber":131,
				"className":"org.junit.jupiter.engine.execution.InvocationInterceptorChain$ValidatingInvocation",
				"methodName":"proceed"
			},
			{
				"fileName":"TimeoutExtension.java",
				"lineNumber":161,
				"className":"org.junit.jupiter.engine.extension.TimeoutExtension",
				"methodName":"intercept"
			},
			{
				"fileName":"TimeoutExtension.java",
				"lineNumber":152,
				"className":"org.junit.jupiter.engine.extension.TimeoutExtension",
				"methodName":"interceptTestableMethod"
			},
			{
				"fileName":"TimeoutExtension.java",
				"lineNumber":91,
				"className":"org.junit.jupiter.engine.extension.TimeoutExtension",
				"methodName":"interceptTestMethod"
			},
			{
				"fileName":"InterceptingExecutableInvoker.java",
				"lineNumber":112,
				"className":"org.junit.jupiter.engine.execution.InterceptingExecutableInvoker$ReflectiveInterceptorCall",
				"methodName":"lambda$ofVoidMethod$0"
			},
			{
				"fileName":"InterceptingExecutableInvoker.java",
				"lineNumber":94,
				"className":"org.junit.jupiter.engine.execution.InterceptingExecutableInvoker",
				"methodName":"lambda$invoke$0"
			},
			{
				"fileName":"InvocationInterceptorChain.java",
				"lineNumber":106,
				"className":"org.junit.jupiter.engine.execution.InvocationInterceptorChain$InterceptedInvocation",
				"methodName":"proceed"
			},
			{
				"fileName":"InvocationInterceptorChain.java",
				"lineNumber":64,
				"className":"org.junit.jupiter.engine.execution.InvocationInterceptorChain",
				"methodName":"proceed"
			},
			{
				"fileName":"InvocationInterceptorChain.java",
				"lineNumber":45,
				"className":"org.junit.jupiter.engine.execution.InvocationInterceptorChain",
				"methodName":"chainAndInvoke"
			},
			{
				"fileName":"InvocationInterceptorChain.java",
				"lineNumber":37,
				"className":"org.junit.jupiter.engine.execution.InvocationInterceptorChain",
				"methodName":"invoke"
			},
			{
				"fileName":"InterceptingExecutableInvoker.java",
				"lineNumber":93,
				"className":"org.junit.jupiter.engine.execution.InterceptingExecutableInvoker",
				"methodName":"invoke"
			},
			{
				"fileName":"InterceptingExecutableInvoker.java",
				"lineNumber":87,
				"className":"org.junit.jupiter.engine.execution.InterceptingExecutableInvoker",
				"methodName":"invoke"
			},
			{
				"fileName":"TestMethodTestDescriptor.java",
				"lineNumber":221,
				"className":"org.junit.jupiter.engine.descriptor.TestMethodTestDescriptor",
				"methodName":"lambda$invokeTestMethod$4"
			},
			{
				"fileName":"ThrowableCollector.java",
				"lineNumber":73,
				"className":"org.junit.platform.engine.support.hierarchical.ThrowableCollector",
				"methodName":"execute"
			},
			{
				"fileName":"TestMethodTestDescriptor.java",
				"lineNumber":217,
				"className":"org.junit.jupiter.engine.descriptor.TestMethodTestDescriptor",
				"methodName":"invokeTestMethod"
			},
			{
				"fileName":"TestMethodTestDescriptor.java",
				"lineNumber":159,
				"className":"org.junit.jupiter.engine.descriptor.TestMethodTestDescriptor",
				"methodName":"execute"
			},
			{
				"fileName":"TestMethodTestDescriptor.java",
				"lineNumber":70,
				"className":"org.junit.jupiter.engine.descriptor.TestMethodTestDescriptor",
				"methodName":"execute"
			},
			{
				"fileName":"NodeTestTask.java",
				"lineNumber":157,
				"className":"org.junit.platform.engine.support.hierarchical.NodeTestTask",
				"methodName":"lambda$executeRecursively$6"
			},
			{
				"fileName":"ThrowableCollector.java",
				"lineNumber":73,
				"className":"org.junit.platform.engine.support.hierarchical.ThrowableCollector",
				"methodName":"execute"
			},
			{
				"fileName":"NodeTestTask.java",
				"lineNumber":147,
				"className":"org.junit.platform.engine.support.hierarchical.NodeTestTask",
				"methodName":"lambda$executeRecursively$8"
			},
			{
				"fileName":"Node.java",
				"lineNumber":137,
				"className":"org.junit.platform.engine.support.hierarchical.Node",
				"methodName":"around"
			},
			{
				"fileName":"NodeTestTask.java",
				"lineNumber":145,
				"className":"org.junit.platform.engine.support.hierarchical.NodeTestTask",
				"methodName":"lambda$executeRecursively$9"
			},
			{
				"fileName":"ThrowableCollector.java",
				"lineNumber":73,
				"className":"org.junit.platform.engine.support.hierarchical.ThrowableCollector",
				"methodName":"execute"
			},
			{
				"fileName":"NodeTestTask.java",
				"lineNumber":144,
				"className":"org.junit.platform.engine.support.hierarchical.NodeTestTask",
				"methodName":"executeRecursively"
			},
			{
				"fileName":"NodeTestTask.java",
				"lineNumber":101,
				"className":"org.junit.platform.engine.support.hierarchical.NodeTestTask",
				"methodName":"execute"
			},
			{
				"fileName":"ArrayList.java",
				"lineNumber":1604,
				"className":"java.util.ArrayList",
				"methodName":"forEach"
			},
			{
				"fileName":"SameThreadHierarchicalTestExecutorService.java",
				"lineNumber":41,
				"className":"org.junit.platform.engine.support.hierarchical.SameThreadHierarchicalTestExecutorService",
				"methodName":"invokeAll"
			},
			{
				"fileName":"NodeTestTask.java",
				"lineNumber":161,
				"className":"org.junit.platform.engine.support.hierarchical.NodeTestTask",
				"methodName":"lambda$executeRecursively$6"
			},
			{
				"fileName":"ThrowableCollector.java",
				"lineNumber":73,
				"className":"org.junit.platform.engine.support.hierarchical.ThrowableCollector",
				"methodName":"execute"
			},
			{
				"fileName":"NodeTestTask.java",
				"lineNumber":147,
				"className":"org.junit.platform.engine.support.hierarchical.NodeTestTask",
				"methodName":"lambda$executeRecursively$8"
			},
			{
				"fileName":"Node.java",
				"lineNumber":137,
				"className":"org.junit.platform.engine.support.hierarchical.Node",
				"methodName":"around"
			},
			{
				"fileName":"NodeTestTask.java",
				"lineNumber":145,
				"className":"org.junit.platform.engine.support.hierarchical.NodeTestTask",
				"methodName":"lambda$executeRecursively$9"
			},
			{
				"fileName":"ThrowableCollector.java",
				"lineNumber":73,
				"className":"org.junit.platform.engine.support.hierarchical.ThrowableCollector",
				"methodName":"execute"
			},
			{
				"fileName":"NodeTestTask.java",
				"lineNumber":144,
				"className":"org.junit.platform.engine.support.hierarchical.NodeTestTask",
				"methodName":"executeRecursively"
			},
			{
				"fileName":"NodeTestTask.java",
				"lineNumber":101,
				"className":"org.junit.platform.engine.support.hierarchical.NodeTestTask",
				"methodName":"execute"
			},
			{
				"fileName":"ArrayList.java",
				"lineNumber":1604,
				"className":"java.util.ArrayList",
				"methodName":"forEach"
			},
			{
				"fileName":"SameThreadHierarchicalTestExecutorService.java",
				"lineNumber":41,
				"className":"org.junit.platform.engine.support.hierarchical.SameThreadHierarchicalTestExecutorService",
				"methodName":"invokeAll"
			},
			{
				"fileName":"NodeTestTask.java",
				"lineNumber":161,
				"className":"org.junit.platform.engine.support.hierarchical.NodeTestTask",
				"methodName":"lambda$executeRecursively$6"
			},
			{
				"fileName":"ThrowableCollector.java",
				"lineNumber":73,
				"className":"org.junit.platform.engine.support.hierarchical.ThrowableCollector",
				"methodName":"execute"
			},
			{
				"fileName":"NodeTestTask.java",
				"lineNumber":147,
				"className":"org.junit.platform.engine.support.hierarchical.NodeTestTask",
				"methodName":"lambda$executeRecursively$8"
			},
			{
				"fileName":"Node.java",
				"lineNumber":137,
				"className":"org.junit.platform.engine.support.hierarchical.Node",
				"methodName":"around"
			},
			{
				"fileName":"NodeTestTask.java",
				"lineNumber":145,
				"className":"org.junit.platform.engine.support.hierarchical.NodeTestTask",
				"methodName":"lambda$executeRecursively$9"
			},
			{
				"fileName":"ThrowableCollector.java",
				"lineNumber":73,
				"className":"org.junit.platform.engine.support.hierarchical.ThrowableCollector",
				"methodName":"execute"
			},
			{
				"fileName":"NodeTestTask.java",
				"lineNumber":144,
				"className":"org.junit.platform.engine.support.hierarchical.NodeTestTask",
				"methodName":"executeRecursively"
			},
			{
				"fileName":"NodeTestTask.java",
				"lineNumber":101,
				"className":"org.junit.platform.engine.support.hierarchical.NodeTestTask",
				"methodName":"execute"
			},
			{
				"fileName":"SameThreadHierarchicalTestExecutorService.java",
				"lineNumber":35,
				"className":"org.junit.platform.engine.support.hierarchical.SameThreadHierarchicalTestExecutorService",
				"methodName":"submit"
			},
			{
				"fileName":"HierarchicalTestExecutor.java",
				"lineNumber":57,
				"className":"org.junit.platform.engine.support.hierarchical.HierarchicalTestExecutor",
				"methodName":"execute"
			},
			{
				"fileName":"HierarchicalTestEngine.java",
				"lineNumber":54,
				"className":"org.junit.platform.engine.support.hierarchical.HierarchicalTestEngine",
				"methodName":"execute"
			},
			{
				"fileName":"EngineExecutionOrchestrator.java",
				"lineNumber":230,
				"className":"org.junit.platform.launcher.core.EngineExecutionOrchestrator",
				"methodName":"executeEngine"
			},
			{
				"fileName":"EngineExecutionOrchestrator.java",
				"lineNumber":204,
				"className":"org.junit.platform.launcher.core.EngineExecutionOrchestrator",
				"methodName":"failOrExecuteEngine"
			},
			{
				"fileName":"EngineExecutionOrchestrator.java",
				"lineNumber":172,
				"className":"org.junit.platform.launcher.core.EngineExecutionOrchestrator",
				"methodName":"execute"
			},
			{
				"fileName":"EngineExecutionOrchestrator.java",
				"lineNumber":101,
				"className":"org.junit.platform.launcher.core.EngineExecutionOrchestrator",
				"methodName":"execute"
			},
			{
				"fileName":"EngineExecutionOrchestrator.java",
				"lineNumber":64,
				"className":"org.junit.platform.launcher.core.EngineExecutionOrchestrator",
				"methodName":"lambda$execute$0"
			},
			{
				"fileName":"EngineExecutionOrchestrator.java",
				"lineNumber":150,
				"className":"org.junit.platform.launcher.core.EngineExecutionOrchestrator",
				"methodName":"withInterceptedStreams"
			},
			{
				"fileName":"EngineExecutionOrchestrator.java",
				"lineNumber":63,
				"className":"org.junit.platform.launcher.core.EngineExecutionOrchestrator",
				"methodName":"execute"
			},
			{
				"fileName":"DefaultLauncher.java",
				"lineNumber":109,
				"className":"org.junit.platform.launcher.core.DefaultLauncher",
				"methodName":"execute"
			},
			{
				"fileName":"DefaultLauncher.java",
				"lineNumber":91,
				"className":"org.junit.platform.launcher.core.DefaultLauncher",
				"methodName":"execute"
			},
			{
				"fileName":"DelegatingLauncher.java",
				"lineNumber":47,
				"className":"org.junit.platform.launcher.core.DelegatingLauncher",
				"methodName":"execute"
			},
			{
				"fileName":"InterceptingLauncher.java",
				"lineNumber":39,
				"className":"org.junit.platform.launcher.core.InterceptingLauncher",
				"methodName":"lambda$execute$1"
			},
			{
				"fileName":"ClasspathAlignmentCheckingLauncherInterceptor.java",
				"lineNumber":25,
				"className":"org.junit.platform.launcher.core.ClasspathAlignmentCheckingLauncherInterceptor",
				"methodName":"intercept"
			},
			{
				"fileName":"InterceptingLauncher.java",
				"lineNumber":38,
				"className":"org.junit.platform.launcher.core.InterceptingLauncher",
				"methodName":"execute"
			},
			{
				"fileName":"DelegatingLauncher.java",
				"lineNumber":47,
				"className":"org.junit.platform.launcher.core.DelegatingLauncher",
				"methodName":"execute"
			},
			{
				"fileName":"LazyLauncher.java",
				"lineNumber":56,
				"className":"org.apache.maven.surefire.junitplatform.LazyLauncher",
				"methodName":"execute"
			},
			{
				"fileName":"JUnitPlatformProvider.java",
				"lineNumber":194,
				"className":"org.apache.maven.surefire.junitplatform.JUnitPlatformProvider",
				"methodName":"execute"
			},
			{
				"fileName":"JUnitPlatformProvider.java",
				"lineNumber":150,
				"className":"org.apache.maven.surefire.junitplatform.JUnitPlatformProvider",
				"methodName":"invokeAllTests"
			},
			{
				"fileName":"JUnitPlatformProvider.java",
				"lineNumber":124,
				"className":"org.apache.maven.surefire.junitplatform.JUnitPlatformProvider",
				"methodName":"invoke"
			},
			{
				"fileName":"ForkedBooter.java",
				"lineNumber":385,
				"className":"org.apache.maven.surefire.booter.ForkedBooter",
				"methodName":"runSuitesInProcess"
			},
			{
				"fileName":"ForkedBooter.java",
				"lineNumber":162,
				"className":"org.apache.maven.surefire.booter.ForkedBooter",
				"methodName":"execute"
			},
			{
				"fileName":"ForkedBooter.java",
				"lineNumber":507,
				"className":"org.apache.maven.surefire.booter.ForkedBooter",
				"methodName":"run"
			},
			{
				"fileName":"ForkedBooter.java",
				"lineNumber":495,
				"className":"org.apache.maven.surefire.booter.ForkedBooter",
				"methodName":"main"
			}
		],
		"suppressed":[]
	}
}
{
	"ref":{"$ref":".."}
}
{
	"@type":"com.alibaba.fastjson2.codec.JSONBTableTest6$A#0",
	"@value":{
		"a":{
			"id":1001
		},
		"b":{"$ref":"$.a"}
	}
}
{
	"@type":"Cat",
	"catId":1001
}
{
	"@type":"Cat",
	"catId":1001
}
{
	"c1":{},
	"c2":{"$ref":"$.c1"}
}
{
	"c":{},
	"values":[
		{"$ref":"$.c"}
	]
}
{
	"list0":[
		{
			"id":101
		},
		{
			"id":102
		}
	],
	"list1":[
		{
			"id":201
		},
		{
			"id":202
		}
	],
	"list2":[
		{
			"id":201
		},
		{
			"id":202
		}
	]
}
{
	"@type":"com.alibaba.fastjson2.codec.JSONBTableTest2$C#0",
	"@value":{
		"list1":{
			"@type":"A#1",
			"@value":[
				{
					"id":201
				},
				{
					"id":202
				}
			]
		},
		"list2":[
			{
				"@type":"com.alibaba.fastjson2.codec.JSONBTableTest2$Item#2",
				"@value":{
					"id":301
				}
			},
			{
				"@type":"#2",
				"@value":{
					"id":302
				}
			}
		]
	}
}
{
	"@type":"com.alibaba.fastjson2.codec.JSONBTableTest8$Bean",
	"values":{
		"@type":"A",
		"@value":[
			{
				"event":{}
			},
			{
				"event":{"$ref":"$.values[0].event"}
			}
		]
	}
}
{
	"@type":"com.alibaba.fastjson2.codec.JSONBTableTest8$Bean#0",
	"@value":{
		"values":{
			"@type":"A#1",
			"@value":[
				{
					"event":{}
				},
				{"$ref":"$.values[0]"}
			]
		}
	}
}
{
	"v0001":102,
	"v0000":101,
	"v0007":108,
	"x0001":"2026-10-07 00:48:05.843888184",
	"v0006":107,
	"v0009":110,
	"x0003":"中3",
	"v0008":109,
	"x0002":"中2",
	"v0003":"104",
	"x0005":"中华人民共和国",
	"v0002":103,
	"x0004":"中4",
	"v0005":106,
	"v0004":"105"
}
bytes.length=56
bytes.length=87003
bytes.length=81
bytes3.length=174003
bytes.length=81
bytes3.length=174003
{"id":0,"name":"jobs"}
{"@type":"com.alibaba.fastjson2.codec.JSONBTableTest5$B","values":[{"id":101,"name":"DataWorks"},{"id":102,"name":"MaxCompute"}]}
{
	"@type":"JSONObject#0",
	"@value":{
		"@type":"com.alibaba.fastjson2.codec.JSONBTableTest5$B",
		"values":{
			"@type":"JSONArray#1",
			"@value":[
				{
					"@type":"#0",
					"@value":{
						"id":101,
						"name":"DataWorks"
					}
				},
				{
					"@type":"#0",
					"@value":{
						"id":102,
						"name":"MaxCompute"
					}
				}
			]
		}
	}
}
{
	"values":[
		{
			"id":101,
			"name":"DataWorks"
		},
		{
			"id":102,
			"name":"MaxCompute"
		}
	]
}
com.alibaba.fastjson2.JSONException: not support type : OBJECT_END -91, offset 55/55
	at com.alibaba.fastjson2.JSONReaderJSONB.readAny(JSONReaderJSONB.java:1031)
	at com.alibaba.fastjson2.reader.ObjectReaderImplMap.readJSONBObject(ObjectReaderImplMap.java:409)
	at com.alibaba.fastjson2.reader.ORG_1891_1_A.readJSONBObject(Unknown Source)
	at com.alibaba.fastjson2.JSONB.parseObject(JSONB.java:734)
	at com.alibaba.fastjson2.codec.JSONBTableTest5.test_d(JSONBTableTest5.java:34)
	at java.base/jdk.internal.reflect.DirectMethodHandleAccessor.invoke(DirectMethodHandleAccessor.java:104)
	at java.base/java.lang.reflect.Method.invoke(Method.java:565)
	at org.junit.platform.commons.util.ReflectionUtils.invokeMethod(ReflectionUtils.java:787)
	at org.junit.platform.commons.support.ReflectionSupport.invokeMethod(ReflectionSupport.java:478)
	at org.junit.jupiter.engine.execution.MethodInvocation.proceed(MethodInvocation.java:60)
	at org.junit.jupiter.engine.execution.InvocationInterceptorChain$ValidatingInvocation.proceed(InvocationInterceptorChain.java:131)
	at org.junit.jupiter.engine.extension.TimeoutExtension.intercept(TimeoutExtension.java:161)
	at org.junit.jupiter.engine.extension.TimeoutExtension.interceptTestableMethod(TimeoutExtension.java:152)
	at org.junit.jupiter.engine.extension.TimeoutExtension.interceptTestMethod(TimeoutExtension.java:91)
	at org.junit.jupiter.engine.execution.InterceptingExecutableInvoker$ReflectiveInterceptorCall.lambda$ofVoidMethod$0(InterceptingExecutableInvoker.java:112)
	at org.junit.jupiter.engine.execution.InterceptingExecutableInvoker.lambda$invoke$0(InterceptingExecutableInvoker.java:94)
	at org.junit.jupiter.engine.execution.InvocationInterceptorChain$InterceptedInvocation.proceed(InvocationInterceptorChain.java:106)
	at org.junit.jupiter.engine.execution.InvocationInterceptorChain.proceed(InvocationInterceptorChain.java:64)
	at org.junit.jupiter.engine.execution.InvocationInterceptorChain.chainAndInvoke(InvocationInterceptorChain.java:45)
	at org.junit.jupiter.engine.execution.InvocationInterceptorChain.invoke(InvocationInterceptorChain.java:37)
	at org.junit.jupiter.engine.execution.InterceptingExecutableInvoker.invoke(InterceptingExecutableInvoker.java:93)
	at org.junit.jupiter.engine.execution.InterceptingExecutableInvoker.invoke(InterceptingExecutableInvoker.java:87)
	at org.junit.jupiter.engine.descriptor.TestMethodTestDescriptor.lambda$invokeTestMethod$4(TestMethodTestDescriptor.java:221)
	at org.junit.platform.engine.support.hierarchical.ThrowableCollector.execute(ThrowableCollector.java:73)
	at org.junit.jupiter.engine.descriptor.TestMethodTestDescriptor.invokeTestMethod(TestMethodTestDescriptor.java:217)
	at org.junit.jupiter.engine.descriptor.TestMethodTestDescriptor.execute(TestMethodTestDescriptor.java:159)
	at org.junit.jupiter.engine.descriptor.TestMethodTestDescriptor.execute(TestMethodTestDescriptor.java:70)
	at org.junit.platform.engine.support.hierarchical.NodeTestTask.lambda$executeRecursively$6(NodeTestTask.java:157)
	at org.junit.platform.engine.support.hierarchical.ThrowableCollector.execute(ThrowableCollector.java:73)
	at org.junit.platform.engine.support.hierarchical.NodeTestTask.lambda$executeRecursively$8(NodeTestTask.java:147)
	at org.junit.platform.engine.support.hierarchical.Node.around(Node.java:137)
	at org.junit.platform.engine.support.hierarchical.NodeTestTask.lambda$executeRecursively$9(NodeTestTask.java:145)
	at org.junit.platform.engine.support.hierarchical.ThrowableCollector.execute(ThrowableCollector.java:73)
	at org.junit.platform.engine.support.hierarchical.NodeTestTask.executeRecursively(NodeTestTask.java:144)
	at org.junit.platform.engine.support.hierarchical.NodeTestTask.execute(NodeTestTask.java:101)
	at java.base/java.util.ArrayList.forEach(ArrayList.java:1604)
	at org.junit.platform.engine.support.hierarchical.SameThreadHierarchicalTestExecutorService.invokeAll(SameThreadHierarchicalTestExecutorService.java:41)
	at org.junit.platform.engine.support.hierarchical.NodeTestTask.lambda$executeRecursively$6(NodeTestTask.java:161)
	at org.junit.platform.engine.support.hierarchical.ThrowableCollector.execute(ThrowableCollector.java:73)
	at org.junit.platform.engine.support.hierarchical.NodeTestTask.lambda$executeRecursively$8(NodeTestTask.java:147)
	at org.junit.platform.engine.support.hierarchical.Node.around(Node.java:137)
	at org.junit.platform.engine.support.hierarchical.NodeTestTask.lambda$executeRecursively$9(NodeTestTask.java:145)
	at org.junit.platform.engine.support.hierarchical.ThrowableCollector.execute(ThrowableCollector.java:73)
	at org.junit.platform.engine.support.hierarchical.NodeTestTask.executeRecursively(NodeTestTask.java:144)
	at org.junit.platform.engine.support.hierarchical.NodeTestTask.execute(NodeTestTask.java:101)
	at java.base/java.util.ArrayList.forEach(ArrayList.java:1604)
	at org.junit.platform.engine.support.hierarchical.SameThreadHierarchicalTestExecutorService.invokeAll(SameThreadHierarchicalTestExecutorService.java:41)
	at org.junit.platform.engine.support.hierarchical.NodeTestTask.lambda$executeRecursively$6(NodeTestTask.java:161)
	at org.junit.platform.engine.support.hierarchical.ThrowableCollector.execute(ThrowableCollector.java:73)
	at org.junit.platform.engine.support.hierarchical.NodeTestTask.lambda$executeRecursively$8(NodeTestTask.java:147)
	at org.junit.platform.engine.support.hierarchical.Node.around(Node.java:137)
	at org.junit.platform.engine.support.hierarchical.NodeTestTask.lambda$executeRecursively$9(NodeTestTask.java:145)
	at org.junit.platform.engine.support.hierarchical.ThrowableCollector.execute(ThrowableCollector.java:73)
	at org.junit.platform.engine.support.hierarchical.NodeTestTask.executeRecursively(NodeTestTask.java:144)
	at org.junit.platform.engine.support.hierarchical.NodeTestTask.execute(NodeTestTask.java:101)
	at org.junit.platform.engine.support.hierarchical.SameThreadHierarchicalTestExecutorService.submit(SameThreadHierarchicalTestExecutorService.java:35)
	at org.junit.platform.engine.support.hierarchical.HierarchicalTestExecutor.execute(HierarchicalTestExecutor.java:57)
	at org.junit.platform.engine.support.hierarchical.HierarchicalTestEngine.execute(HierarchicalTestEngine.java:54)
	at org.junit.platform.launcher.core.EngineExecutionOrchestrator.executeEngine(EngineExecutionOrchestrator.java:230)
	at org.junit.platform.launcher.core.EngineExecutionOrchestrator.failOrExecuteEngine(EngineExecutionOrchestrator.java:204)
	at org.junit.platform.launcher.core.EngineExecutionOrchestrator.execute(EngineExecutionOrchestrator.java:172)
	at org.junit.platform.launcher.core.EngineExecutionOrchestrator.execute(EngineExecutionOrchestrator.java:101)
	at org.junit.platform.launcher.core.EngineExecutionOrchestrator.lambda$execute$0(EngineExecutionOrchestrator.java:64)
	at org.junit.platform.launcher.core.EngineExecutionOrchestrator.withInterceptedStreams(EngineExecutionOrchestrator.java:150)
	at org.junit.platform.launcher.core.EngineExecutionOrchestrator.execute(EngineExecutionOrchestrator.java:63)
	at org.junit.platform.launcher.core.DefaultLauncher.execute(DefaultLauncher.java:109)
	at org.junit.platform.launcher.core.DefaultLauncher.execute(DefaultLauncher.java:91)
	at org.junit.platform.launcher.core.DelegatingLauncher.execute(DelegatingLauncher.java:47)
	at org.junit.platform.launcher.core.InterceptingLauncher.lambda$execute$1(InterceptingLauncher.java:39)
	at org.junit.platform.launcher.core.ClasspathAlignmentCheckingLauncherInterceptor.intercept(ClasspathAlignmentCheckingLauncherInterceptor.java:25)
	at org.junit.platform.launcher.core.InterceptingLauncher.execute(InterceptingLauncher.java:38)
	at org.junit.platform.launcher.core.DelegatingLauncher.execute(DelegatingLauncher.java:47)
	at org.apache.maven.surefire.junitplatform.LazyLauncher.execute(LazyLauncher.java:56)
	at org.apache.maven.surefire.junitplatform.JUnitPlatformProvider.execute(JUnitPlatformProvider.java:194)
	at org.apache.maven.surefire.junitplatform.JUnitPlatformProvider.invokeAllTests(JUnitPlatformProvider.java:150)
	at org.apache.maven.surefire.junitplatform.JUnitPlatformProvider.invoke(JUnitPlatformProvider.java:124)
	at org.apache.maven.surefire.booter.ForkedBooter.runSuitesInProcess(ForkedBooter.java:385)
	at org.apache.maven.surefire.booter.ForkedBooter.execute(ForkedBooter.java:162)
	at org.apache.maven.surefire.booter.ForkedBooter.run(ForkedBooter.java:507)
	at org.apache.maven.surefire.booter.ForkedBooter.main(ForkedBooter.java:495)
[
	{
		"employees":[
			{
				"id":1
			},
			{
				"id":2
			},
			{
				"id":3
			}
		]
	}
]
1900-01-01	+08:05:43
1900-02-01	+08:05:43
1900-03-01	+08:05:43
1900-04-01	+08:05:43
1900-05-01	+08:05:43
1900-06-01	+08:05:43
1900-07-01	+08:05:43
1900-08-01	+08:05:43
1900-09-01	+08:05:43
1900-10-01	+08:05:43
1900-11-01	+08:05:43
1900-12-01	+08:05:43
1901-01-01	+08:00
1901-02-01	+08:00
1901-03-01	+08:00
1901-04-01	+08:00
1901-05-01	+08:00
1901-06-01	+08:00
1901-07-01	+08:00
1901-08-01	+08:00
1901-09-01	+08:00
1901-10-01	+08:00
1901-11-01	+08:00
1901-12-01	+08:00
1902-01-01	+08:00
1902-02-01	+08:00
1902-03-01	+08:00
1902-04-01	+08:00
1902-05-01	+08:00
1902-06-01	+08:00
1902-07-01	+08:00
1902-08-01	+08:00
1902-09-01	+08:00
1902-10-01	+08:00
1902-11-01	+08:00
1902-12-01	+08:00
1903-01-01	+08:00
1903-02-01	+08:00
1903-03-01	+08:00
1903-04-01	+08:00
1903-05-01	+08:00
1903-06-01	+08:00
1903-07-01	+08:00
1903-08-01	+08:00
1903-09-01	+08:00
1903-10-01	+08:00
1903-11-01	+08:00
1903-12-01	+08:00
1904-01-01	+08:00
1904-02-01	+08:00
1904-03-01	+08:00
1904-04-01	+08:00
1904-05-01	+08:00
1904-06-01	+08:00
1904-07-01	+08:00
1904-08-01	+08:00
1904-09-01	+08:00
1904-10-01	+08:00
1904-11-01	+08:00
1904-12-01	+08:00
1905-01-01	+08:00
1905-02-01	+08:00
1905-03-01	+08:00
1905-04-01	+08:00
1905-05-01	+08:00
1905-06-01	+08:00
1905-07-01	+08:00
1905-08-01	+08:00
1905-09-01	+08:00
1905-10-01	+08:00
1905-11-01	+08:00
1905-12-01	+08:00
1906-01-01	+08:00
1906-02-01	+08:00
1906-03-01	+08:00
1906-04-01	+08:00
1906-05-01	+08:00
1906-06-01	+08:00
1906-07-01	+08:00
1906-08-01	+08:00
1906-09-01	+08:00
1906-10-01	+08:00
1906-11-01	+08:00
1906-12-01	+08:00
1907-01-01	+08:00
1907-02-01	+08:00
1907-03-01	+08:00
1907-04-01	+08:00
1907-05-01	+08:00
1907-06-01	+08:00
1907-07-01	+08:00
1907-08-01	+08:00
1907-09-01	+08:00
1907-10-01	+08:00
1907-11-01	+08:00
1907-12-01	+08:00
1908-01-01	+08:00
1908-02-01	+08:00
1908-03-01	+08:00
1908-04-01	+08:00
1908-05-01	+08:00
1908-06-01	+08:00
1908-07-01	+08:00
1908-08-01	+08:00
1908-09-01	+08:00
1908-10-01	+08:00
1908-11-01	+08:00
1908-12-01	+08:00
1909-01-01	+08:00
1909-02-01	+08:00
1909-03-01	+08:00
1909-04-01	+08:00
1909-05-01	+08:00
1909-06-01	+08:00
1909-07-01	+08:00
1909-08-01	+08:00
1909-09-01	+08:00
1909-10-01	+08:00
1909-11-01	+08:00
1909-12-01	+08:00
1910-01-01	+08:00
1910-02-01	+08:00
1910-03-01	+08:00
1910-04-01	+08:00
1910-05-01	+08:00
1910-06-01	+08:00
1910-07-01	+08:00
1910-08-01	+08:00
1910-09-01	+08:00
1910-10-01	+08:00
1910-11-01	+08:00
1910-12-01	+08:00
1911-01-01	+08:00
1911-02-01	+08:00
1911-03-01	+08:00
1911-04-01	+08:00
1911-05-01	+08:00
1911-06-01	+08:00
1911-07-01	+08:00
1911-08-01	+08:00
1911-09-01	+08:00
1911-10-01	+08:00
1911-11-01	+08:00
1911-12-01	+08:00
1912-01-01	+08:00
1912-02-01	+08:00
1912-03-01	+08:00
1912-04-01	+08:00
1912-05-01	+08:00
1912-06-01	+08:00
1912-07-01	+08:00
1912-08-01	+08:00
1912-09-01	+08:00
1912-10-01	+08:00
1912-11-01	+08:00
1912-12-01	+08:00
1913-01-01	+08:00
1913-02-01	+08:00
1913-03-01	+08:00
1913-04-01	+08:00
1913-05-01	+08:00
1913-06-01	+08:00
1913-07-01	+08:00
1913-08-01	+08:00
1913-09-01	+08:00
1913-10-01	+08:00
1913-11-01	+08:00
1913-12-01	+08:00
1914-01-01	+08:00
1914-02-01	+08:00
1914-03-01	+08:00
1914-04-01	+08:00
1914-05-01	+08:00
1914-06-01	+08:00
1914-07-01	+08:00
1914-08-01	+08:00
1914-09-01	+08:00
1914-10-01	+08:00
1914-11-01	+08:00
1914-12-01	+08:00
1915-01-01	+08:00
1915-02-01	+08:00
1915-03-01	+08:00
1915-04-01	+08:00
1915-05-01	+08:00
1915-06-01	+08:00
1915-07-01	+08:00
1915-08-01	+08:00
1915-09-01	+08:00
1915-10-01	+08:00
1915-11-01	+08:00
1915-12-01	+08:00
1916-01-01	+08:00
1916-02-01	+08:00
1916-03-01	+08:00
1916-04-01	+08:00
1916-05-01	+08:00
1916-06-01	+08:00
1916-07-01	+08:00
1916-08-01	+08:00
1916-09-01	+08:00
1916-10-01	+08:00
1916-11-01	+08:00
1916-12-01	+08:00
1917-01-01	+08:00
1917-02-01	+08:00
1917-03-01	+08:00
1917-04-01	+08:00
1917-05-01	+08:00
1917-06-01	+08:00
1917-07-01	+08:00
1917-08-01	+08:00
1917-09-01	+08:00
1917-10-01	+08:00
1917-11-01	+08:00
1917-12-01	+08:00
1918-01-01	+08:00
1918-02-01	+08:00
1918-03-01	+08:00
1918-04-01	+08:00
1918-05-01	+08:00
1918-06-01	+08:00
1918-07-01	+08:00
1918-08-01	+08:00
1918-09-01	+08:00
1918-10-01	+08:00
1918-11-01	+08:00
1918-12-01	+08:00
1919-01-01	+08:00
1919-02-01	+08:00
1919-03-01	+08:00
1919-04-01	+08:00
1919-05-01	+09:00
1919-06-01	+09:00
1919-07-01	+09:00
1919-08-01	+09:00
1919-09-01	+09:00
1919-10-01	+08:00
1919-11-01	+08:00
1919-12-01	+08:00
1920-01-01	+08:00
1920-02-01	+08:00
1920-03-01	+08:00
1920-04-01	+08:00
1920-05-01	+08:00
1920-06-01	+08:00
1920-07-01	+08:00
1920-08-01	+08:00
1920-09-01	+08:00
1920-10-01	+08:00
1920-11-01	+08:00
1920-12-01	+08:00
1921-01-01	+08:00
1921-02-01	+08:00
1921-03-01	+08:00
1921-04-01	+08:00
1921-05-01	+08:00
1921-06-01	+08:00
1921-07-01	+08:00
1921-08-01	+08:00
1921-09-01	+08:00
1921-10-01	+08:00
1921-11-01	+08:00
1921-12-01	+08:00
1922-01-01	+08:00
1922-02-01	+08:00
1922-03-01	+08:00
1922-04-01	+08:00
1922-05-01	+08:00
1922-06-01	+08:00
1922-07-01	+08:00
1922-08-01	+08:00
1922-09-01	+08:00
1922-10-01	+08:00
1922-11-01	+08:00
1922-12-01	+08:00
1923-01-01	+08:00
1923-02-01	+08:00
1923-03-01	+08:00
1923-04-01	+08:00
1923-05-01	+08:00
1923-06-01	+08:00
1923-07-01	+08:00
1923-08-01	+08:00
1923-09-01	+08:00
1923-10-01	+08:00
1923-11-01	+08:00
1923-12-01	+08:00
1924-01-01	+08:00
1924-02-01	+08:00
1924-03-01	+08:00
1924-04-01	+08:00
1924-05-01	+08:00
1924-06-01	+08:00
1924-07-01	+08:00
1924-08-01	+08:00
1924-09-01	+08:00
1924-10-01	+08:00
1924-11-01	+08:00
1924-12-01	+08:00
1925-01-01	+08:00
1925-02-01	+08:00
1925-03-01	+08:00
1925-04-01	+08:00
1925-05-01	+08:00
1925-06-01	+08:00
1925-07-01	+08:00
1925-08-01	+08:00
1925-09-01	+08:00
1925-10-01	+08:00
1925-11-01	+08:00
1925-12-01	+08:00
1926-01-01	+08:00
1926-02-01	+08:00
1926-03-01	+08:00
1926-04-01	+08:00
1926-05-01	+08:00
1926-06-01	+08:00
1926-07-01	+08:00
1926-08-01	+08:00
1926-09-01	+08:00
1926-10-01	+08:00
1926-11-01	+08:00
1926-12-01	+08:00
1927-01-01	+08:00
1927-02-01	+08:00
1927-03-01	+08:00
1927-04-01	+08:00
1927-05-01	+08:00
1927-06-01	+08:00
1927-07-01	+08:00
1927-08-01	+08:00
1927-09-01	+08:00
1927-10-01	+08:00
1927-11-01	+08:00
1927-12-01	+08:00
1928-01-01	+08:00
1928-02-01	+08:00
1928-03-01	+08:00
1928-04-01	+08:00
1928-05-01	+08:00
1928-06-01	+08:00
1928-07-01	+08:00
1928-08-01	+08:00
1928-09-01	+08:00
1928-10-01	+08:00
1928-11-01	+08:00
1928-12-01	+08:00
1929-01-01	+08:00
1929-02-01	+08:00
1929-03-01	+08:00
1929-04-01	+08:00
1929-05-01	+08:00
1929-06-01	+08:00
1929-07-01	+08:00
1929-08-01	+08:00
1929-09-01	+08:00
1929-10-01	+08:00
1929-11-01	+08:00
1929-12-01	+08:00
1930-01-01	+08:00
1930-02-01	+08:00
1930-03-01	+08:00
1930-04-01	+08:00
1930-05-01	+08:00
1930-06-01	+08:00
1930-07-01	+08:00
1930-08-01	+08:00
1930-09-01	+08:00
1930-10-01	+08:00
1930-11-01	+08:00
1930-12-01	+08:00
1931-01-01	+08:00
1931-02-01	+08:00
1931-03-01	+08:00
1931-04-01	+08:00
1931-05-01	+08:00
1931-06-01	+08:00
1931-07-01	+08:00
1931-08-01	+08:00
1931-09-01	+08:00
1931-10-01	+08:00
1931-11-01	+08:00
1931-12-01	+08:00
1932-01-01	+08:00
1932-02-01	+08:00
1932-03-01	+08:00
1932-04-01	+08:00
1932-05-01	+08:00
1932-06-01	+08:00
1932-07-01	+08:00
1932-08-01	+08:00
1932-09-01	+08:00
1932-10-01	+08:00
1932-11-01	+08:00
1932-12-01	+08:00
1933-01-01	+08:00
1933-02-01	+08:00
1933-03-01	+08:00
1933-04-01	+08:00
1933-05-01	+08:00
1933-06-01	+08:00
1933-07-01	+08:00
1933-08-01	+08:00
1933-09-01	+08:00
1933-10-01	+08:00
1933-11-01	+08:00
1933-12-01	+08:00
1934-01-01	+08:00
1934-02-01	+08:00
1934-03-01	+08:00
1934-04-01	+08:00
1934-05-01	+08:00
1934-06-01	+08:00
1934-07-01	+08:00
1934-08-01	+08:00
1934-09-01	+08:00
1934-10-01	+08:00
1934-11-01	+08:00
1934-12-01	+08:00
1935-01-01	+08:00
1935-02-01	+08:00
1935-03-01	+08:00
1935-04-01	+08:00
1935-05-01	+08:00
1935-06-01	+08:00
1935-07-01	+08:00
1935-08-01	+08:00
1935-09-01	+08:00
1935-10-01	+08:00
1935-11-01	+08:00
1935-12-01	+08:00
1936-01-01	+08:00
1936-02-01	+08:00
1936-03-01	+08:00
1936-04-01	+08:00
1936-05-01	+08:00
1936-06-01	+08:00
1936-07-01	+08:00
1936-08-01	+08:00
1936-09-01	+08:00
1936-10-01	+08:00
1936-11-01	+08:00
1936-12-01	+08:00
1937-01-01	+08:00
1937-02-01	+08:00
1937-03-01	+08:00
1937-04-01	+08:00
1937-05-01	+08:00
1937-06-01	+08:00
1937-07-01	+08:00
1937-08-01	+08:00
1937-09-01	+08:00
1937-10-01	+08:00
1937-11-01	+08:00
1937-12-01	+08:00
1938-01-01	+08:00
1938-02-01	+08:00
1938-03-01	+08:00
1938-04-01	+08:00
1938-05-01	+08:00
1938-06-01	+08:00
1938-07-01	+08:00
1938-08-01	+08:00
1938-09-01	+08:00
1938-10-01	+08:00
1938-11-01	+08:00
1938-12-01	+08:00
1939-01-01	+08:00
1939-02-01	+08:00
1939-03-01	+08:00
1939-04-01	+08:00
1939-05-01	+08:00
1939-06-01	+08:00
1939-07-01	+08:00
1939-08-01	+08:00
1939-09-01	+08:00
1939-10-01	+08:00
1939-11-01	+08:00
1939-12-01	+08:00
1940-01-01	+08:00
1940-02-01	+08:00
1940-03-01	+08:00
1940-04-01	+08:00
1940-05-01	+08:00
1940-06-01	+08:00
1940-07-01	+09:00
1940-08-01	+09:00
1940-09-01	+09:00
1940-10-01	+09:00
1940-11-01	+08:00
1940-12-01	+08:00
1941-01-01	+08:00
1941-02-01	+08:00
1941-03-01	+08:00
1941-04-01	+09:00
1941-05-01	+09:00
1941-06-01	+09:00
1941-07-01	+09:00
1941-08-01	+09:00
1941-09-01	+09:00
1941-10-01	+09:00
1941-11-01	+09:00
1941-12-01	+08:00
1942-01-01	+08:00
1942-02-01	+09:00
1942-03-01	+09:00
1942-04-01	+09:00
1942-05-01	+09:00
1942-06-01	+09:00
1942-07-01	+09:00
1942-08-01	+09:00
1942-09-01	+09:00
1942-10-01	+09:00
1942-11-01	+09:00
1942-12-01	+09:00
1943-01-01	+09:00
1943-02-01	+09:00
1943-03-01	+09:00
1943-04-01	+09:00
1943-05-01	+09:00
1943-06-01	+09:00
1943-07-01	+09:00
1943-08-01	+09:00
1943-09-01	+09:00
1943-10-01	+09:00
1943-11-01	+09:00
1943-12-01	+09:00
1944-01-01	+09:00
1944-02-01	+09:00
1944-03-01	+09:00
1944-04-01	+09:00
1944-05-01	+09:00
1944-06-01	+09:00
1944-07-01	+09:00
1944-08-01	+09:00
1944-09-01	+09:00
1944-10-01	+09:00
1944-11-01	+09:00
1944-12-01	+09:00
1945-01-01	+09:00
1945-02-01	+09:00
1945-03-01	+09:00
1945-04-01	+09:00
1945-05-01	+09:00
1945-06-01	+09:00
1945-07-01	+09:00
1945-08-01	+09:00
1945-09-01	+09:00
1945-10-01	+08:00
1945-11-01	+08:00
1945-12-01	+08:00
1946-01-01	+08:00
1946-02-01	+08:00
1946-03-01	+08:00
1946-04-01	+08:00
1946-05-01	+08:00
1946-06-01	+09:00
1946-07-01	+09:00
1946-08-01	+09:00
1946-09-01	+09:00
1946-10-01	+08:00
1946-11-01	+08:00
1946-12-01	+08:00
1947-01-01	+08:00
1947-02-01	+08:00
1947-03-01	+08:00
1947-04-01	+08:00
1947-05-01	+09:00
1947-06-01	+09:00
1947-07-01	+09:00
1947-08-01	+09:00
1947-09-01	+09:00
1947-10-01	+09:00
1947-11-01	+08:00
1947-12-01	+08:00
1948-01-01	+08:00
1948-02-01	+08:00
1948-03-01	+08:00
1948-04-01	+08:00
1948-05-01	+08:00
1948-06-01	+09:00
1948-07-01	+09:00
1948-08-01	+09:00
1948-09-01	+09:00
1948-10-01	+08:00
1948-11-01	+08:00
1948-12-01	+08:00
1949-01-01	+08:00
1949-02-01	+08:00
1949-03-01	+08:00
1949-04-01	+08:00
1949-05-01	+08:00
1949-06-01	+08:00
1949-07-01	+08:00
1949-08-01	+08:00
1949-09-01	+08:00
1949-10-01	+08:00
1949-11-01	+08:00
1949-12-01	+08:00
1950-01-01	+08:00
1950-02-01	+08:00
1950-03-01	+08:00
1950-04-01	+08:00
1950-05-01	+08:00
1950-06-01	+08:00
1950-07-01	+08:00
1950-08-01	+08:00
1950-09-01	+08:00
1950-10-01	+08:00
1950-11-01	+08:00
1950-12-01	+08:00
1951-01-01	+08:00
1951-02-01	+08:00
1951-03-01	+08:00
1951-04-01	+08:00
1951-05-01	+08:00
1951-06-01	+08:00
1951-07-01	+08:00
1951-08-01	+08:00
1951-09-01	+08:00
1951-10-01	+08:00
1951-11-01	+08:00
1951-12-01	+08:00
1952-01-01	+08:00
1952-02-01	+08:00
1952-03-01	+08:00
1952-04-01	+08:00
1952-05-01	+08:00
1952-06-01	+08:00
1952-07-01	+08:00
1952-08-01	+08:00
1952-09-01	+08:00
1952-10-01	+08:00
1952-11-01	+08:00
1952-12-01	+08:00
1953-01-01	+08:00
1953-02-01	+08:00
1953-03-01	+08:00
1953-04-01	+08:00
1953-05-01	+08:00
1953-06-01	+08:00
1953-07-01	+08:00
1953-08-01	+08:00
1953-09-01	+08:00
1953-10-01	+08:00
1953-11-01	+08:00
1953-12-01	+08:00
1954-01-01	+08:00
1954-02-01	+08:00
1954-03-01	+08:00
1954-04-01	+08:00
1954-05-01	+08:00
1954-06-01	+08:00
1954-07-01	+08:00
1954-08-01	+08:00
1954-09-01	+08:00
1954-10-01	+08:00
1954-11-01	+08:00
1954-12-01	+08:00
1955-01-01	+08:00
1955-02-01	+08:00
1955-03-01	+08:00
1955-04-01	+08:00
1955-05-01	+08:00
1955-06-01	+08:00
1955-07-01	+08:00
1955-08-01	+08:00
1955-09-01	+08:00
1955-10-01	+08:00
1955-11-01	+08:00
1955-12-01	+08:00
1956-01-01	+08:00
1956-02-01	+08:00
1956-03-01	+08:00
1956-04-01	+08:00
1956-05-01	+08:00
1956-06-01	+08:00
1956-07-01	+08:00
1956-08-01	+08:00
1956-09-01	+08:00
1956-10-01	+08:00
1956-11-01	+08:00
1956-12-01	+08:00
1957-01-01	+08:00
1957-02-01	+08:00
1957-03-01	+08:00
1957-04-01	+08:00
1957-05-01	+08:00
1957-06-01	+08:00
1957-07-01	+08:00
1957-08-01	+08:00
1957-09-01	+08:00
1957-10-01	+08:00
1957-11-01	+08:00
1957-12-01	+08:00
1958-01-01	+08:00
1958-02-01	+08:00
1958-03-01	+08:00
1958-04-01	+08:00
1958-05-01	+08:00
1958-06-01	+08:00
1958-07-01	+08:00
1958-08-01	+08:00
1958-09-01	+08:00
1958-10-01	+08:00
1958-11-01	+08:00
1958-12-01	+08:00
1959-01-01	+08:00
1959-02-01	+08:00
1959-03-01	+08:00
1959-04-01	+08:00
1959-05-01	+08:00
1959-06-01	+08:00
1959-07-01	+08:00
1959-08-01	+08:00
1959-09-01	+08:00
1959-10-01	+08:00
1959-11-01	+08:00
1959-12-01	+08:00
1960-01-01	+08:00
1960-02-01	+08:00
1960-03-01	+08:00
1960-04-01	+08:00
1960-05-01	+08:00
1960-06-01	+08:00
1960-07-01	+08:00
1960-08-01	+08:00
1960-09-01	+08:00
1960-10-01	+08:00
1960-11-01	+08:00
1960-12-01	+08:00
1961-01-01	+08:00
1961-02-01	+08:00
1961-03-01	+08:00
1961-04-01	+08:00
1961-05-01	+08:00
1961-06-01	+08:00
1961-07-01	+08:00
1961-08-01	+08:00
1961-09-01	+08:00
1961-10-01	+08:00
1961-11-01	+08:00
1961-12-01	+08:00
1962-01-01	+08:00
1962-02-01	+08:00
1962-03-01	+08:00
1962-04-01	+08:00
1962-05-01	+08:00
1962-06-01	+08:00
1962-07-01	+08:00
1962-08-01	+08:00
1962-09-01	+08:00
1962-10-01	+08:00
1962-11-01	+08:00
1962-12-01	+08:00
1963-01-01	+08:00
1963-02-01	+08:00
1963-03-01	+08:00
1963-04-01	+08:00
1963-05-01	+08:00
1963-06-01	+08:00
1963-07-01	+08:00
1963-08-01	+08:00
1963-09-01	+08:00
1963-10-01	+08:00
1963-11-01	+08:00
1963-12-01	+08:00
1964-01-01	+08:00
1964-02-01	+08:00
1964-03-01	+08:00
1964-04-01	+08:00
1964-05-01	+08:00
1964-06-01	+08:00
1964-07-01	+08:00
1964-08-01	+08:00
1964-09-01	+08:00
1964-10-01	+08:00
1964-11-01	+08:00
1964-12-01	+08:00
1965-01-01	+08:00
1965-02-01	+08:00
1965-03-01	+08:00
1965-04-01	+08:00
1965-05-01	+08:00
1965-06-01	+08:00
1965-07-01	+08:00
1965-08-01	+08:00
1965-09-01	+08:00
1965-10-01	+08:00
1965-11-01	+08:00
1965-12-01	+08:00
1966-01-01	+08:00
1966-02-01	+08:00
1966-03-01	+08:00
1966-04-01	+08:00
1966-05-01	+08:00
1966-06-01	+08:00
1966-07-01	+08:00
1966-08-01	+08:00
1966-09-01	+08:00
1966-10-01	+08:00
1966-11-01	+08:00
1966-12-01	+08:00
1967-01-01	+08:00
1967-02-01	+08:00
1967-03-01	+08:00
1967-04-01	+08:00
1967-05-01	+08:00
1967-06-01	+08:00
1967-07-01	+08:00
1967-08-01	+08:00
1967-09-01	+08:00
1967-10-01	+08:00
1967-11-01	+08:00
1967-12-01	+08:00
1968-01-01	+08:00
1968-02-01	+08:00
1968-03-01	+08:00
1968-04-01	+08:00
1968-05-01	+08:00
1968-06-01	+08:00
1968-07-01	+08:00
1968-08-01	+08:00
1968-09-01	+08:00
1968-10-01	+08:00
1968-11-01	+08:00
1968-12-01	+08:00
1969-01-01	+08:00
1969-02-01	+08:00
1969-03-01	+08:00
1969-04-01	+08:00
1969-05-01	+08:00
1969-06-01	+08:00
1969-07-01	+08:00
1969-08-01	+08:00
1969-09-01	+08:00
1969-10-01	+08:00
1969-11-01	+08:00
1969-12-01	+08:00
1970-01-01	+08:00
1970-02-01	+08:00
1970-03-01	+08:00
1970-04-01	+08:00
1970-05-01	+08:00
1970-06-01	+08:00
1970-07-01	+08:00
1970-08-01	+08:00
1970-09-01	+08:00
1970-10-01	+08:00
1970-11-01	+08:00
1970-12-01	+08:00
1971-01-01	+08:00
1971-02-01	+08:00
1971-03-01	+08:00
1971-04-01	+08:00
1971-05-01	+08:00
1971-06-01	+08:00
1971-07-01	+08:00
1971-08-01	+08:00
1971-09-01	+08:00
1971-10-01	+08:00
1971-11-01	+08:00
1971-12-01	+08:00
1972-01-01	+08:00
1972-02-01	+08:00
1972-03-01	+08:00
1972-04-01	+08:00
1972-05-01	+08:00
1972-06-01	+08:00
1972-07-01	+08:00
1972-08-01	+08:00
1972-09-01	+08:00
1972-10-01	+08:00
1972-11-01	+08:00
1972-12-01	+08:00
1973-01-01	+08:00
1973-02-01	+08:00
1973-03-01	+08:00
1973-04-01	+08:00
1973-05-01	+08:00
1973-06-01	+08:00
1973-07-01	+08:00
1973-08-01	+08:00
1973-09-01	+08:00
1973-10-01	+08:00
1973-11-01	+08:00
1973-12-01	+08:00
1974-01-01	+08:00
1974-02-01	+08:00
1974-03-01	+08:00
1974-04-01	+08:00
1974-05-01	+08:00
1974-06-01	+08:00
1974-07-01	+08:00
1974-08-01	+08:00
1974-09-01	+08:00
1974-10-01	+08:00
1974-11-01	+08:00
1974-12-01	+08:00
1975-01-01	+08:00
1975-02-01	+08:00
1975-03-01	+08:00
1975-04-01	+08:00
1975-05-01	+08:00
1975-06-01	+08:00
1975-07-01	+08:00
1975-08-01	+08:00
1975-09-01	+08:00
1975-10-01	+08:00
1975-11-01	+08:00
1975-12-01	+08:00
1976-01-01	+08:00
1976-02-01	+08:00
1976-03-01	+08:00
1976-04-01	+08:00
1976-05-01	+08:00
1976-06-01	+08:00
1976-07-01	+08:00
1976-08-01	+08:00
1976-09-01	+08:00
1976-10-01	+08:00
1976-11-01	+08:00
1976-12-01	+08:00
1977-01-01	+08:00
1977-02-01	+08:00
1977-03-01	+08:00
1977-04-01	+08:00
1977-05-01	+08:00
1977-06-01	+08:00
1977-07-01	+08:00
1977-08-01	+08:00
1977-09-01	+08:00
1977-10-01	+08:00
1977-11-01	+08:00
1977-12-01	+08:00
1978-01-01	+08:00
1978-02-01	+08:00
1978-03-01	+08:00
1978-04-01	+08:00
1978-05-01	+08:00
1978-06-01	+08:00
1978-07-01	+08:00
1978-08-01	+08:00
1978-09-01	+08:00
1978-10-01	+08:00
1978-11-01	+08:00
1978-12-01	+08:00
1979-01-01	+08:00
1979-02-01	+08:00
1979-03-01	+08:00
1979-04-01	+08:00
1979-05-01	+08:00
1979-06-01	+08:00
1979-07-01	+08:00
1979-08-01	+08:00
1979-09-01	+08:00
1979-10-01	+08:00
1979-11-01	+08:00
1979-12-01	+08:00
1980-01-01	+08:00
1980-02-01	+08:00
1980-03-01	+08:00
1980-04-01	+08:00
1980-05-01	+08:00
1980-06-01	+08:00
1980-07-01	+08:00
1980-08-01	+08:00
1980-09-01	+08:00
1980-10-01	+08:00
1980-11-01	+08:00
1980-12-01	+08:00
1981-01-01	+08:00
1981-02-01	+08:00
1981-03-01	+08:00
1981-04-01	+08:00
1981-05-01	+08:00
1981-06-01	+08:00
1981-07-01	+08:00
1981-08-01	+08:00
1981-09-01	+08:00
1981-10-01	+08:00
1981-11-01	+08:00
1981-12-01	+08:00
1982-01-01	+08:00
1982-02-01	+08:00
1982-03-01	+08:00
1982-04-01	+08:00
1982-05-01	+08:00
1982-06-01	+08:00
1982-07-01	+08:00
1982-08-01	+08:00
1982-09-01	+08:00
1982-10-01	+08:00
1982-11-01	+08:00
1982-12-01	+08:00
1983-01-01	+08:00
1983-02-01	+08:00
1983-03-01	+08:00
1983-04-01	+08:00
1983-05-01	+08:00
1983-06-01	+08:00
1983-07-01	+08:00
1983-08-01	+08:00
1983-09-01	+08:00
1983-10-01	+08:00
1983-11-01	+08:00
1983-12-01	+08:00
1984-01-01	+08:00
1984-02-01	+08:00
1984-03-01	+08:00
1984-04-01	+08:00
1984-05-01	+08:00
1984-06-01	+08:00
1984-07-01	+08:00
1984-08-01	+08:00
1984-09-01	+08:00
1984-10-01	+08:00
1984-11-01	+08:00
1984-12-01	+08:00
1985-01-01	+08:00
1985-02-01	+08:00
1985-03-01	+08:00
1985-04-01	+08:00
1985-05-01	+08:00
1985-06-01	+08:00
1985-07-01	+08:00
1985-08-01	+08:00
1985-09-01	+08:00
1985-10-01	+08:00
1985-11-01	+08:00
1985-12-01	+08:00
1986-01-01	+08:00
1986-02-01	+08:00
1986-03-01	+08:00
1986-04-01	+08:00
1986-05-01	+08:00
1986-06-01	+09:00
1986-07-01	+09:00
1986-08-01	+09:00
1986-09-01	+09:00
1986-10-01	+08:00
1986-11-01	+08:00
1986-12-01	+08:00
1987-01-01	+08:00
1987-02-01	+08:00
1987-03-01	+08:00
1987-04-01	+08:00
1987-05-01	+09:00
1987-06-01	+09:00
1987-07-01	+09:00
1987-08-01	+09:00
1987-09-01	+09:00
1987-10-01	+08:00
1987-11-01	+08:00
1987-12-01	+08:00
1988-01-01	+08:00
1988-02-01	+08:00
1988-03-01	+08:00
1988-04-01	+08:00
1988-05-01	+09:00
1988-06-01	+09:00
1988-07-01	+09:00
1988-08-01	+09:00
1988-09-01	+09:00
1988-10-01	+08:00
1988-11-01	+08:00
1988-12-01	+08:00
1989-01-01	+08:00
1989-02-01	+08:00
1989-03-01	+08:00
1989-04-01	+08:00
1989-05-01	+09:00
1989-06-01	+09:00
1989-07-01	+09:00
1989-08-01	+09:00
1989-09-01	+09:00
1989-10-01	+08:00
1989-11-01	+08:00
1989-12-01	+08:00
1990-01-01	+08:00
1990-02-01	+08:00
1990-03-01	+08:00
1990-04-01	+08:00
1990-05-01	+09:00
1990-06-01	+09:00
1990-07-01	+09:00
1990-08-01	+09:00
1990-09-01	+09:00
1990-10-01	+08:00
1990-11-01	+08:00
1990-12-01	+08:00
1991-01-01	+08:00
1991-02-01	+08:00
1991-03-01	+08:00
1991-04-01	+08:00
1991-05-01	+09:00
1991-06-01	+09:00
1991-07-01	+09:00
1991-08-01	+09:00
1991-09-01	+09:00
1991-10-01	+08:00
1991-11-01	+08:00
1991-12-01	+08:00
1992-01-01	+08:00
1992-02-01	+08:00
1992-03-01	+08:00
1992-04-01	+08:00
1992-05-01	+08:00
1992-06-01	+08:00
1992-07-01	+08:00
1992-08-01	+08:00
1992-09-01	+08:00
1992-10-01	+08:00
1992-11-01	+08:00
1992-12-01	+08:00
1993-01-01	+08:00
1993-02-01	+08:00
1993-03-01	+08:00
1993-04-01	+08:00
1993-05-01	+08:00
1993-06-01	+08:00
1993-07-01	+08:00
1993-08-01	+08:00
1993-09-01	+08:00
1993-10-01	+08:00
1993-11-01	+08:00
1993-12-01	+08:00
1994-01-01	+08:00
1994-02-01	+08:00
1994-03-01	+08:00
1994-04-01	+08:00
1994-05-01	+08:00
1994-06-01	+08:00
1994-07-01	+08:00
1994-08-01	+08:00
1994-09-01	+08:00
1994-10-01	+08:00
1994-11-01	+08:00
1994-12-01	+08:00
1995-01-01	+08:00
1995-02-01	+08:00
1995-03-01	+08:00
1995-04-01	+08:00
1995-05-01	+08:00
1995-06-01	+08:00
1995-07-01	+08:00
1995-08-01	+08:00
1995-09-01	+08:00
1995-10-01	+08:00
1995-11-01	+08:00
1995-12-01	+08:00
1996-01-01	+08:00
1996-02-01	+08:00
1996-03-01	+08:00
1996-04-01	+08:00
1996-05-01	+08:00
1996-06-01	+08:00
1996-07-01	+08:00
1996-08-01	+08:00
1996-09-01	+08:00
1996-10-01	+08:00
1996-11-01	+08:00
1996-12-01	+08:00
1997-01-01	+08:00
1997-02-01	+08:00
1997-03-01	+08:00
1997-04-01	+08:00
1997-05-01	+08:00
1997-06-01	+08:00
1997-07-01	+08:00
1997-08-01	+08:00
1997-09-01	+08:00
1997-10-01	+08:00
1997-11-01	+08:00
1997-12-01	+08:00
1998-01-01	+08:00
1998-02-01	+08:00
1998-03-01	+08:00
1998-04-01	+08:00
1998-05-01	+08:00
1998-06-01	+08:00
1998-07-01	+08:00
1998-08-01	+08:00
1998-09-01	+08:00
1998-10-01	+08:00
1998-11-01	+08:00
1998-12-01	+08:00
1999-01-01	+08:00
1999-02-01	+08:00
1999-03-01	+08:00
1999-04-01	+08:00
1999-05-01	+08:00
1999-06-01	+08:00
1999-07-01	+08:00
1999-08-01	+08:00
1999-09-01	+08:00
1999-10-01	+08:00
1999-11-01	+08:00
1999-12-01	+08:00
{
	"@type":"com.alibaba.fastjson2.issues_2300.Issue2392$Bean",
	"value":{
		"@type":"kotlin.collections.EmptyList",
		"@value":[]
	}
}
{"testField":"My Test"}
{"n0":null,"n1":"1","s0":"","s1":"noear"}
{"v":6.805646932770577E38}
916732328
[Value2{val=1, v_al=2}, Value2{val=2, v_al=2}, Value2{val=3, v_al=2}]  
{"data":{"key1":"value1","key2":"value2"},"success":false}
{"data":["key1","key2"],"success":false}
com.alibaba.fastjson2.JSONException: illegal number, offset 25, char }
	at com.alibaba.fastjson2.JSONReader.numberError(JSONReader.java:6770)
	at com.alibaba.fastjson2.JSONReader.getInt64Value(JSONReader.java:2050)
	at com.alibaba.fastjson2.JSONReader.readInt64ValueOverflow(JSONReader.java:1933)
	at com.alibaba.fastjson2.JSONReaderUTF8.readInt64Value(JSONReaderUTF8.java:3757)
	at com.alibaba.fastjson2.reader.ORG_2077_1_LongVal.readObject(Unknown Source)
	at com.alibaba.fastjson2.JSON.parseObject(JSON.java:992)
	at com.alibaba.fastjson2.v1issues.issue_1400.Issue1423.test_for_issue(Issue1423.java:17)
	at java.base/jdk.internal.reflect.DirectMethodHandleAccessor.invoke(DirectMethodHandleAccessor.java:104)
	at java.base/java.lang.reflect.Method.invoke(Method.java:565)
	at org.junit.platform.commons.util.ReflectionUtils.invokeMethod(ReflectionUtils.java:787)
	at org.junit.platform.commons.support.ReflectionSupport.invokeMethod(ReflectionSupport.java:478)
	at org.junit.jupiter.engine.execution.MethodInvocation.proceed(MethodInvocation.java:60)
	at org.junit.jupiter.engine.execution.InvocationInterceptorChain$ValidatingInvocation.proceed(InvocationInterceptorChain.java:131)
	at org.junit.jupiter.engine.extension.TimeoutExtension.intercept(TimeoutExtension.java:161)
	at org.junit.jupiter.engine.extension.TimeoutExtension.interceptTestableMethod(TimeoutExtension.java:152)
	at org.junit.jupiter.engine.extension.TimeoutExtension.interceptTestMethod(TimeoutExtension.java:91)
	at org.junit.jupiter.engine.execution.InterceptingExecutableInvoker$ReflectiveInterceptorCall.lambda$ofVoidMethod$0(InterceptingExecutableInvoker.java:112)
	at org.junit.jupiter.engine.execution.InterceptingExecutableInvoker.lambda$invoke$0(InterceptingExecutableInvoker.java:94)
	at org.junit.jupiter.engine.execution.InvocationInterceptorChain$InterceptedInvocation.proceed(InvocationInterceptorChain.java:106)
	at org.junit.jupiter.engine.execution.InvocationInterceptorChain.proceed(InvocationInterceptorChain.java:64)
	at org.junit.jupiter.engine.execution.InvocationInterceptorChain.chainAndInvoke(InvocationInterceptorChain.java:45)
	at org.junit.jupiter.engine.execution.InvocationInterceptorChain.invoke(InvocationInterceptorChain.java:37)
	at org.junit.jupiter.engine.execution.InterceptingExecutableInvoker.invoke(InterceptingExecutableInvoker.java:93)
	at org.junit.jupiter.engine.execution.InterceptingExecutableInvoker.invoke(InterceptingExecutableInvoker.java:87)
	at org.junit.jupiter.engine.descriptor.TestMethodTestDescriptor.lambda$invokeTestMethod$4(TestMethodTestDescriptor.java:221)
	at org.junit.platform.engine.support.hierarchical.ThrowableCollector.execute(ThrowableCollector.java:73)
	at org.junit.jupiter.engine.descriptor.TestMethodTestDescriptor.invokeTestMethod(TestMethodTestDescriptor.java:217)
	at org.junit.jupiter.engine.descriptor.TestMethodTestDescriptor.execute(TestMethodTestDescriptor.java:159)
	at org.junit.jupiter.engine.descriptor.TestMethodTestDescriptor.execute(TestMethodTestDescriptor.java:70)
	at org.junit.platform.engine.support.hierarchical.NodeTestTask.lambda$executeRecursively$6(NodeTestTask.java:157)
	at org.junit.platform.engine.support.hierarchical.ThrowableCollector.execute(ThrowableCollector.java:73)
	at org.junit.platform.engine.support.hierarchical.NodeTestTask.lambda$executeRecursively$8(NodeTestTask.java:147)
	at org.junit.platform.engine.support.hierarchical.Node.around(Node.java:137)
	at org.junit.platform.engine.support.hierarchical.NodeTestTask.lambda$executeRecursively$9(NodeTestTask.java:145)
	at org.junit.platform.engine.support.hierarchical.ThrowableCollector.execute(ThrowableCollector.java:73)
	at org.junit.platform.engine.support.hierarchical.NodeTestTask.executeRecursively(NodeTestTask.java:144)
	at org.junit.platform.engine.support.hierarchical.NodeTestTask.execute(NodeTestTask.java:101)
	at java.base/java.util.ArrayList.forEach(ArrayList.java:1604)
	at org.junit.platform.engine.support.hierarchical.SameThreadHierarchicalTestExecutorService.invokeAll(SameThreadHierarchicalTestExecutorService.java:41)
	at org.junit.platform.engine.support.hierarchical.NodeTestTask.lambda$executeRecursively$6(NodeTestTask.java:161)
	at org.junit.platform.engine.support.hierarchical.ThrowableCollector.execute(ThrowableCollector.java:73)
	at org.junit.platform.engine.support.hierarchical.NodeTestTask.lambda$executeRecursively$8(NodeTestTask.java:147)
	at org.junit.platform.engine.support.hierarchical.Node.around(Node.java:137)
	at org.junit.platform.engine.support.hierarchical.NodeTestTask.lambda$executeRecursively$9(NodeTestTask.java:145)
	at org.junit.platform.engine.support.hierarchical.ThrowableCollector.execute(ThrowableCollector.java:73)
	at org.junit.platform.engine.support.hierarchical.NodeTestTask.executeRecursively(NodeTestTask.java:144)
	at org.junit.platform.engine.support.hierarchical.NodeTestTask.execute(NodeTestTask.java:101)
	at java.base/java.util.ArrayList.forEach(ArrayList.java:1604)
	at org.junit.platform.engine.support.hierarchical.SameThreadHierarchicalTestExecutorService.invokeAll(SameThreadHierarchicalTestExecutorService.java:41)
	at org.junit.platform.engine.support.hierarchical.NodeTestTask.lambda$executeRecursively$6(NodeTestTask.java:161)
	at org.junit.platform.engine.support.hierarchical.ThrowableCollector.execute(ThrowableCollector.java:73)
	at org.junit.platform.engine.support.hierarchical.NodeTestTask.lambda$executeRecursively$8(NodeTestTask.java:147)
	at org.junit.platform.engine.support.hierarchical.Node.around(Node.java:137)
	at org.junit.platform.engine.support.hierarchical.NodeTestTask.lambda$executeRecursively$9(NodeTestTask.java:145)
	at org.junit.platform.engine.support.hierarchical.ThrowableCollector.execute(ThrowableCollector.java:73)
	at org.junit.platform.engine.support.hierarchical.NodeTestTask.executeRecursively(NodeTestTask.java:144)
	at org.junit.platform.engine.support.hierarchical.NodeTestTask.execute(NodeTestTask.java:101)
	at org.junit.platform.engine.support.hierarchical.SameThreadHierarchicalTestExecutorService.submit(SameThreadHierarchicalTestExecutorService.java:35)
	at org.junit.platform.engine.support.hierarchical.HierarchicalTestExecutor.execute(HierarchicalTestExecutor.java:57)
	at org.junit.platform.engine.support.hierarchical.HierarchicalTestEngine.execute(HierarchicalTestEngine.java:54)
	at org.junit.platform.launcher.core.EngineExecutionOrchestrator.executeEngine(EngineExecutionOrchestrator.java:230)
	at org.junit.platform.launcher.core.EngineExecutionOrchestrator.failOrExecuteEngine(EngineExecutionOrchestrator.java:204)
	at org.junit.platform.launcher.core.EngineExecutionOrchestrator.execute(EngineExecutionOrchestrator.java:172)
	at org.junit.platform.launcher.core.EngineExecutionOrchestrator.execute(EngineExecutionOrchestrator.java:101)
	at org.junit.platform.launcher.core.EngineExecutionOrchestrator.lambda$execute$0(EngineExecutionOrchestrator.java:64)
	at org.junit.platform.launcher.core.EngineExecutionOrchestrator.withInterceptedStreams(EngineExecutionOrchestrator.java:150)
	at org.junit.platform.launcher.core.EngineExecutionOrchestrator.execute(EngineExecutionOrchestrator.java:63)
	at org.junit.platform.launcher.core.DefaultLauncher.execute(DefaultLauncher.java:109)
	at org.junit.platform.launcher.core.DefaultLauncher.execute(DefaultLauncher.java:91)
	at org.junit.platform.launcher.core.DelegatingLauncher.execute(DelegatingLauncher.java:47)
	at org.junit.platform.launcher.core.InterceptingLauncher.lambda$execute$1(InterceptingLauncher.java:39)
	at org.junit.platform.launcher.core.ClasspathAlignmentCheckingLauncherInterceptor.intercept(ClasspathAlignmentCheckingLauncherInterceptor.java:25)
	at org.junit.platform.launcher.core.InterceptingLauncher.execute(InterceptingLauncher.java:38)
	at org.junit.platform.launcher.core.DelegatingLauncher.execute(DelegatingLauncher.java:47)
	at org.apache.maven.surefire.junitplatform.LazyLauncher.execute(LazyLauncher.java:56)
	at org.apache.maven.surefire.junitplatform.JUnitPlatformProvider.execute(JUnitPlatformProvider.java:194)
	at org.apache.maven.surefire.junitplatform.JUnitPlatformProvider.invokeAllTests(JUnitPlatformProvider.java:150)
	at org.apache.maven.surefire.junitplatform.JUnitPlatformProvider.invoke(JUnitPlatformProvider.java:124)
	at org.apache.maven.surefire.booter.ForkedBooter.runSuitesInProcess(ForkedBooter.java:385)
	at org.apache.maven.surefire.booter.ForkedBooter.execute(ForkedBooter.java:162)
	at org.apache.maven.surefire.booter.ForkedBooter.run(ForkedBooter.java:507)
	at org.apache.maven.surefire.booter.ForkedBooter.main(ForkedBooter.java:495)
com.alibaba.fastjson2.JSONException: illegal number, offset 25, char }
	at com.alibaba.fastjson2.JSONReader.numberError(JSONReader.java:6770)
	at com.alibaba.fastjson2.JSONReader.getInt64Value(JSONReader.java:2050)
	at com.alibaba.fastjson2.JSONReader.readInt64ValueOverflow(JSONReader.java:1933)
	at com.alibaba.fastjson2.JSONReaderUTF8.readInt64Value(JSONReaderUTF8.java:3757)
	at com.alibaba.fastjson2.reader.ORG_2077_1_LongVal.readObject(Unknown Source)
	at com.alibaba.fastjson2.JSON.parseObject(JSON.java:992)
	at com.alibaba.fastjson2.v1issues.issue_1400.Issue1423.test_for_issue(Issue1423.java:17)
	at java.base/jdk.internal.reflect.DirectMethodHandleAccessor.invoke(DirectMethodHandleAccessor.java:104)
	at java.base/java.lang.reflect.Method.invoke(Method.java:565)
	at org.junit.platform.commons.util.ReflectionUtils.invokeMethod(ReflectionUtils.java:787)
	at org.junit.platform.commons.support.ReflectionSupport.invokeMethod(ReflectionSupport.java:478)
	at org.junit.jupiter.engine.execution.MethodInvocation.proceed(MethodInvocation.java:60)
	at org.junit.jupiter.engine.execution.InvocationInterceptorChain$ValidatingInvocation.proceed(InvocationInterceptorChain.java:131)
	at org.junit.jupiter.engine.extension.TimeoutExtension.intercept(TimeoutExtension.java:161)
	at org.junit.jupiter.engine.extension.TimeoutExtension.interceptTestableMethod(TimeoutExtension.java:152)
	at org.junit.jupiter.engine.extension.TimeoutExtension.interceptTestMethod(TimeoutExtension.java:91)
	at org.junit.jupiter.engine.execution.InterceptingExecutableInvoker$ReflectiveInterceptorCall.lambda$ofVoidMethod$0(InterceptingExecutableInvoker.java:112)
	at org.junit.jupiter.engine.execution.InterceptingExecutableInvoker.lambda$invoke$0(InterceptingExecutableInvoker.java:94)
	at org.junit.jupiter.engine.execution.InvocationInterceptorChain$InterceptedInvocation.proceed(InvocationInterceptorChain.java:106)
	at org.junit.jupiter.engine.execution.InvocationInterceptorChain.proceed(InvocationInterceptorChain.java:64)
	at org.junit.jupiter.engine.execution.InvocationInterceptorChain.chainAndInvoke(InvocationInterceptorChain.java:45)
	at org.junit.jupiter.engine.execution.InvocationInterceptorChain.invoke(InvocationInterceptorChain.java:37)
	at org.junit.jupiter.engine.execution.InterceptingExecutableInvoker.invoke(InterceptingExecutableInvoker.java:93)
	at org.junit.jupiter.engine.execution.InterceptingExecutableInvoker.invoke(InterceptingExecutableInvoker.java:87)
	at org.junit.jupiter.engine.descriptor.TestMethodTestDescriptor.lambda$invokeTestMethod$4(TestMethodTestDescriptor.java:221)
	at org.junit.platform.engine.support.hierarchical.ThrowableCollector.execute(ThrowableCollector.java:73)
	at org.junit.jupiter.engine.descriptor.TestMethodTestDescriptor.invokeTestMethod(TestMethodTestDescriptor.java:217)
	at org.junit.jupiter.engine.descriptor.TestMethodTestDescriptor.execute(TestMethodTestDescriptor.java:159)
	at org.junit.jupiter.engine.descriptor.TestMethodTestDescriptor.execute(TestMethodTestDescriptor.java:70)
	at org.junit.platform.engine.support.hierarchical.NodeTestTask.lambda$executeRecursively$6(NodeTestTask.java:157)
	at org.junit.platform.engine.support.hierarchical.ThrowableCollector.execute(ThrowableCollector.java:73)
	at org.junit.platform.engine.support.hierarchical.NodeTestTask.lambda$executeRecursively$8(NodeTestTask.java:147)
	at org.junit.platform.engine.support.hierarchical.Node.around(Node.java:137)
	at org.junit.platform.engine.support.hierarchical.NodeTestTask.lambda$executeRecursively$9(NodeTestTask.java:145)
	at org.junit.platform.engine.support.hierarchical.ThrowableCollector.execute(ThrowableCollector.java:73)
	at org.junit.platform.engine.support.hierarchical.NodeTestTask.executeRecursively(NodeTestTask.java:144)
	at org.junit.platform.engine.support.hierarchical.NodeTestTask.execute(NodeTestTask.java:101)
	at java.base/java.util.ArrayList.forEach(ArrayList.java:1604)
	at org.junit.platform.engine.support.hierarchical.SameThreadHierarchicalTestExecutorService.invokeAll(SameThreadHierarchicalTestExecutorService.java:41)
	at org.junit.platform.engine.support.hierarchical.NodeTestTask.lambda$executeRecursively$6(NodeTestTask.java:161)
	at org.junit.platform.engine.support.hierarchical.ThrowableCollector.execute(ThrowableCollector.java:73)
	at org.junit.platform.engine.support.hierarchical.NodeTestTask.lambda$executeRecursively$8(NodeTestTask.java:147)
	at org.junit.platform.engine.support.hierarchical.Node.around(Node.java:137)
	at org.junit.platform.engine.support.hierarchical.NodeTestTask.lambda$executeRecursively$9(NodeTestTask.java:145)
	at org.junit.platform.engine.support.hierarchical.ThrowableCollector.execute(ThrowableCollector.java:73)
	at org.junit.platform.engine.support.hierarchical.NodeTestTask.executeRecursively(NodeTestTask.java:144)
	at org.junit.platform.engine.support.hierarchical.NodeTestTask.execute(NodeTestTask.java:101)
	at java.base/java.util.ArrayList.forEach(ArrayList.java:1604)
	at org.junit.platform.engine.support.hierarchical.SameThreadHierarchicalTestExecutorService.invokeAll(SameThreadHierarchicalTestExecutorService.java:41)
	at org.junit.platform.engine.support.hierarchical.NodeTestTask.lambda$executeRecursively$6(NodeTestTask.java:161)
	at org.junit.platform.engine.support.hierarchical.ThrowableCollector.execute(ThrowableCollector.java:73)
	at org.junit.platform.engine.support.hierarchical.NodeTestTask.lambda$executeRecursively$8(NodeTestTask.java:147)
	at org.junit.platform.engine.support.hierarchical.Node.around(Node.java:137)
	at org.junit.platform.engine.support.hierarchical.NodeTestTask.lambda$executeRecursively$9(NodeTestTask.java:145)
	at org.junit.platform.engine.support.hierarchical.ThrowableCollector.execute(ThrowableCollector.java:73)
	at org.junit.platform.engine.support.hierarchical.NodeTestTask.executeRecursively(NodeTestTask.java:144)
	at org.junit.platform.engine.support.hierarchical.NodeTestTask.execute(NodeTestTask.java:101)
	at org.junit.platform.engine.support.hierarchical.SameThreadHierarchicalTestExecutorService.submit(SameThreadHierarchicalTestExecutorService.java:35)
	at org.junit.platform.engine.support.hierarchical.HierarchicalTestExecutor.execute(HierarchicalTestExecutor.java:57)
	at org.junit.platform.engine.support.hierarchical.HierarchicalTestEngine.execute(HierarchicalTestEngine.java:54)
	at org.junit.platform.launcher.core.EngineExecutionOrchestrator.executeEngine(EngineExecutionOrchestrator.java:230)
	at org.junit.platform.launcher.core.EngineExecutionOrchestrator.failOrExecuteEngine(EngineExecutionOrchestrator.java:204)
	at org.junit.platform.launcher.core.EngineExecutionOrchestrator.execute(EngineExecutionOrchestrator.java:172)
	at org.junit.platform.launcher.core.EngineExecutionOrchestrator.execute(EngineExecutionOrchestrator.java:101)
	at org.junit.platform.launcher.core.EngineExecutionOrchestrator.lambda$execute$0(EngineExecutionOrchestrator.java:64)
	at org.junit.platform.launcher.core.EngineExecutionOrchestrator.withInterceptedStreams(EngineExecutionOrchestrator.java:150)
	at org.junit.platform.launcher.core.EngineExecutionOrchestrator.execute(EngineExecutionOrchestrator.java:63)
	at org.junit.platform.launcher.core.DefaultLauncher.execute(DefaultLauncher.java:109)
	at org.junit.platform.launcher.core.DefaultLauncher.execute(DefaultLauncher.java:91)
	at org.junit.platform.launcher.core.DelegatingLauncher.execute(DelegatingLauncher.java:47)
	at org.junit.platform.launcher.core.InterceptingLauncher.lambda$execute$1(InterceptingLauncher.java:39)
	at org.junit.platform.launcher.core.ClasspathAlignmentCheckingLauncherInterceptor.intercept(ClasspathAlignmentCheckingLauncherInterceptor.java:25)
	at org.junit.platform.launcher.core.InterceptingLauncher.execute(InterceptingLauncher.java:38)
	at org.junit.platform.launcher.core.DelegatingLauncher.execute(DelegatingLauncher.java:47)
	at org.apache.maven.surefire.junitplatform.LazyLauncher.execute(LazyLauncher.java:56)
	at org.apache.maven.surefire.junitplatform.JUnitPlatformProvider.execute(JUnitPlatformProvider.java:194)
	at org.apache.maven.surefire.junitplatform.JUnitPlatformProvider.invokeAllTests(JUnitPlatformProvider.java:150)
	at org.apache.maven.surefire.junitplatform.JUnitPlatformProvider.invoke(JUnitPlatformProvider.java:124)
	at org.apache.maven.surefire.booter.ForkedBooter.runSuitesInProcess(ForkedBooter.java:385)
	at org.apache.maven.surefire.booter.ForkedBooter.execute(ForkedBooter.java:162)
	at org.apache.maven.surefire.booter.ForkedBooter.run(ForkedBooter.java:507)
	at org.apache.maven.surefire.booter.ForkedBooter.main(ForkedBooter.java:495)
{"code":"A001","name":"测试"}
{"model":{"age":30,"rowIndex":1},"sampleNum":"22B00123"}
{"test":"2017-11-17T00:00:00+08:00"}
{"test":"2017-11-17T00:00:00+08:00"}
[{"map3":["list0","list1"]},{"map2":["list0","list1"]},{"map1":["list0","list1"]},{"map0":["list0","list1"]},{"map7":["list0","list1"]},{"map6":["list0","list1"]},{"map5":["list0","list1"]},{"map4":["list0","list1"]},{"map9":["list0","list1"]},{"map8":["list0","list1"]}]
[map3=[list0, list1], map2=[list0, list1], map1=[list0, list1], map0=[list0, list1], map7=[list0, list1], map6=[list0, list1], map5=[list0, list1], map4=[list0, list1], map9=[list0, list1], map8=[list0, list1]]
{"@type":"com.alibaba.fastjson2.v1issues.issue_1500.Issue1556$ApiResult","code":0,"data":{"@type":"com.alibaba.fastjson2.v1issues.issue_1500.Issue1556$ClassForData","dataName":"dataname","first":{"addr":"It is addr","commonInfo":{"demoDate":"2026-10-07 00:48:07.063"}},"second":{"commonInfo":{"demoDate":"2026-10-07 00:48:07.063"},"name":"It is name"}},"msg":"Success"}
{"@type":"com.alibaba.fastjson2.v1issues.issue_1500.Issue1556$ApiResult","code":0,"data":{"@type":"com.alibaba.fastjson2.v1issues.issue_1500.Issue1556$ClassForData","dataName":"dataname","first":{"addr":"It is addr","commonInfo":{"demoDate":"2026-10-07 00:48:07.063"}},"second":{"commonInfo":{"demoDate":"2026-10-07 00:48:07.063"},"name":"It is name"}},"msg":"Success"}
WARNING: Use of the three-letter time zone ID "EAT" is deprecated and it will be removed in a future release
WARNING: Use of the three-letter time zone ID "EST" is deprecated and it will be removed in a future release
WARNING: Use of the three-letter time zone ID "PNT" is deprecated and it will be removed in a future release
WARNING: Use of the three-letter time zone ID "PLT" is deprecated and it will be removed in a future release
WARNING: Use of the three-letter time zone ID "CNT" is deprecated and it will be removed in a future release
WARNING: Use of the three-letter time zone ID "IET" is deprecated and it will be removed in a future release
WARNING: Use of the three-letter time zone ID "VST" is deprecated and it will be removed in a future release
WARNING: Use of the three-letter time zone ID "JST" is deprecated and it will be removed in a future release
WARNING: Use of the three-letter time zone ID "ART" is deprecated and it will be removed in a future release
WARNING: Use of the three-letter time zone ID "PST" is deprecated and it will be removed in a future release
WARNING: Use of the three-letter time zone ID "BET" is deprecated and it will be removed in a future release
WARNING: Use of the three-letter time zone ID "MIT" is deprecated and it will be removed in a future release
WARNING: Use of the three-letter time zone ID "CAT" is deprecated and it will be removed in a future release
WARNING: Use of the three-letter time zone ID "AGT" is deprecated and it will be removed in a future release
WARNING: Use of the three-letter time zone ID "NET" is deprecated and it will be removed in a future release
WARNING: Use of the three-letter time zone ID "CST" is deprecated and it will be removed in a future release
WARNING: Use of the three-letter time zone ID "IST" is deprecated and it will be removed in a future release
WARNING: Use of the three-letter time zone ID "AET" is deprecated and it will be removed in a future release
WARNING: Use of the three-letter time zone ID "BST" is deprecated and it will be removed in a future release
WARNING: Use of the three-letter time zone ID "ACT" is deprecated and it will be removed in a future release
WARNING: Use of the three-letter time zone ID "HST" is deprecated and it will be removed in a future release
WARNING: Use of the three-letter time zone ID "NST" is deprecated and it will be removed in a future release
WARNING: Use of the three-letter time zone ID "AST" is deprecated and it will be removed in a future release
WARNING: Use of the three-letter time zone ID "MST" is deprecated and it will be removed in a future release
WARNING: Use of the three-letter time zone ID "SST" is deprecated and it will be removed in a future release
WARNING: Use of the three-letter time zone ID "CTT" is deprecated and it will be removed in a future release
WARNING: Use of the three-letter time zone ID "PRT" is deprecated and it will be removed in a future release
WARNING: Use of the three-letter time zone ID "ECT" is deprecated and it will be removed in a future release
WARNING: Use of the three-letter time zone ID "EAT" is deprecated and it will be removed in a future release
WARNING: Use of the three-letter time zone ID "EST" is deprecated and it will be removed in a future release
WARNING: Use of the three-letter time zone ID "PNT" is deprecated and it will be removed in a future release
WARNING: Use of the three-letter time zone ID "PLT" is deprecated and it will be removed in a future release
WARNING: Use of the three-letter time zone ID "CNT" is deprecated and it will be removed in a future release
WARNING: Use of the three-letter time zone ID "IET" is deprecated and it will be removed in a future release
WARNING: Use of the three-letter time zone ID "VST" is deprecated and it will be removed in a future release
WARNING: Use of the three-letter time zone ID "JST" is deprecated and it will be removed in a future release
WARNING: Use of the three-letter time zone ID "ART" is deprecated and it will be removed in a future release
WARNING: Use of the three-letter time zone ID "PST" is deprecated and it will be removed in a future release
WARNING: Use of the three-letter time zone ID "BET" is deprecated and it will be removed in a future release
WARNING: Use of the three-letter time zone ID "MIT" is deprecated and it will be removed in a future release
WARNING: Use of the three-letter time zone ID "CAT" is deprecated and it will be removed in a future release
WARNING: Use of the three-letter time zone ID "AGT" is deprecated and it will be removed in a future release
WARNING: Use of the three-letter time zone ID "NET" is deprecated and it will be removed in a future release
WARNING: Use of the three-letter time zone ID "CST" is deprecated and it will be removed in a future release
WARNING: Use of the three-letter time zone ID "IST" is deprecated and it will be removed in a future release
WARNING: Use of the three-letter time zone ID "AET" is deprecated and it will be removed in a future release
WARNING: Use of the three-letter time zone ID "BST" is deprecated and it will be removed in a future release
WARNING: Use of the three-letter time zone ID "ACT" is deprecated and it will be removed in a future release
WARNING: Use of the three-letter time zone ID "HST" is deprecated and it will be removed in a future release
WARNING: Use of the three-letter time zone ID "NST" is deprecated and it will be removed in a future release
WARNING: Use of the three-letter time zone ID "AST" is deprecated and it will be removed in a future release
WARNING: Use of the three-letter time zone ID "MST" is deprecated and it will be removed in a future release
WARNING: Use of the three-letter time zone ID "SST" is deprecated and it will be removed in a future release
WARNING: Use of the three-letter time zone ID "CTT" is deprecated and it will be removed in a future release
WARNING: Use of the three-letter time zone ID "PRT" is deprecated and it will be removed in a future release
WARNING: Use of the three-letter time zone ID "ECT" is deprecated and it will be removed in a future release
您的预约已经超时
[{"x":"y"},{"x":"y"}]
{"models":[{"x":"y"},{"x":"y"}]}
{"a":{"x":"y"},"b":{"x":"y"}}
{"a":{"x":"y"},"b":{"x":"y"}}
com.alibaba.fastjson2.JSONException: parse enum error, class com.alibaba.fastjson2.v1issues.issue_2000.Issue2065$EnumClass, getCode 0, offset 10, character }, line 1, column 10, fastjson-version 2.0.64 {"code":0}
	at com.alibaba.fastjson2.reader.ObjectReaderImplEnum.readObject(ObjectReaderImplEnum.java:254)
	at com.alibaba.fastjson2.reader.ORG_2176_1_Model.readObject(Unknown Source)
	at com.alibaba.fastjson2.JSON.parseObject(JSON.java:1299)
	at com.alibaba.fastjson2.v1issues.issue_2000.Issue2065.test_for_issue(Issue2065.java:20)
	at java.base/jdk.internal.reflect.DirectMethodHandleAccessor.invoke(DirectMethodHandleAccessor.java:104)
	at java.base/java.lang.reflect.Method.invoke(Method.java:565)
	at org.junit.platform.commons.util.ReflectionUtils.invokeMethod(ReflectionUtils.java:787)
	at org.junit.platform.commons.support.ReflectionSupport.invokeMethod(ReflectionSupport.java:478)
	at org.junit.jupiter.engine.execution.MethodInvocation.proceed(MethodInvocation.java:60)
	at org.junit.jupiter.engine.execution.InvocationInterceptorChain$ValidatingInvocation.proceed(InvocationInterceptorChain.java:131)
	at org.junit.jupiter.engine.extension.TimeoutExtension.intercept(TimeoutExtension.java:161)
	at org.junit.jupiter.engine.extension.TimeoutExtension.interceptTestableMethod(TimeoutExtension.java:152)
	at org.junit.jupiter.engine.extension.TimeoutExtension.interceptTestMethod(TimeoutExtension.java:91)
	at org.junit.jupiter.engine.execution.InterceptingExecutableInvoker$ReflectiveInterceptorCall.lambda$ofVoidMethod$0(InterceptingExecutableInvoker.java:112)
	at org.junit.jupiter.engine.execution.InterceptingExecutableInvoker.lambda$invoke$0(InterceptingExecutableInvoker.java:94)
	at org.junit.jupiter.engine.execution.InvocationInterceptorChain$InterceptedInvocation.proceed(InvocationInterceptorChain.java:106)
	at org.junit.jupiter.engine.execution.InvocationInterceptorChain.proceed(InvocationInterceptorChain.java:64)
	at org.junit.jupiter.engine.execution.InvocationInterceptorChain.chainAndInvoke(InvocationInterceptorChain.java:45)
	at org.junit.jupiter.engine.execution.InvocationInterceptorChain.invoke(InvocationInterceptorChain.java:37)
	at org.junit.jupiter.engine.execution.InterceptingExecutableInvoker.invoke(InterceptingExecutableInvoker.java:93)
	at org.junit.jupiter.engine.execution.InterceptingExecutableInvoker.invoke(InterceptingExecutableInvoker.java:87)
	at org.junit.jupiter.engine.descriptor.TestMethodTestDescriptor.lambda$invokeTestMethod$4(TestMethodTestDescriptor.java:221)
	at org.junit.platform.engine.support.hierarchical.ThrowableCollector.execute(ThrowableCollector.java:73)
	at org.junit.jupiter.engine.descriptor.TestMethodTestDescriptor.invokeTestMethod(TestMethodTestDescriptor.java:217)
	at org.junit.jupiter.engine.descriptor.TestMethodTestDescriptor.execute(TestMethodTestDescriptor.java:159)
	at org.junit.jupiter.engine.descriptor.TestMethodTestDescriptor.execute(TestMethodTestDescriptor.java:70)
	at org.junit.platform.engine.support.hierarchical.NodeTestTask.lambda$executeRecursively$6(NodeTestTask.java:157)
	at org.junit.platform.engine.support.hierarchical.ThrowableCollector.execute(ThrowableCollector.java:73)
	at org.junit.platform.engine.support.hierarchical.NodeTestTask.lambda$executeRecursively$8(NodeTestTask.java:147)
	at org.junit.platform.engine.support.hierarchical.Node.around(Node.java:137)
	at org.junit.platform.engine.support.hierarchical.NodeTestTask.lambda$executeRecursively$9(NodeTestTask.java:145)
	at org.junit.platform.engine.support.hierarchical.ThrowableCollector.execute(ThrowableCollector.java:73)
	at org.junit.platform.engine.support.hierarchical.NodeTestTask.executeRecursively(NodeTestTask.java:144)
	at org.junit.platform.engine.support.hierarchical.NodeTestTask.execute(NodeTestTask.java:101)
	at java.base/java.util.ArrayList.forEach(ArrayList.java:1604)
	at org.junit.platform.engine.support.hierarchical.SameThreadHierarchicalTestExecutorService.invokeAll(SameThreadHierarchicalTestExecutorService.java:41)
	at org.junit.platform.engine.support.hierarchical.NodeTestTask.lambda$executeRecursively$6(NodeTestTask.java:161)
	at org.junit.platform.engine.support.hierarchical.ThrowableCollector.execute(ThrowableCollector.java:73)
	at org.junit.platform.engine.support.hierarchical.NodeTestTask.lambda$executeRecursively$8(NodeTestTask.java:147)
	at org.junit.platform.engine.support.hierarchical.Node.around(Node.java:137)
	at org.junit.platform.engine.support.hierarchical.NodeTestTask.lambda$executeRecursively$9(NodeTestTask.java:145)
	at org.junit.platform.engine.support.hierarchical.ThrowableCollector.execute(ThrowableCollector.java:73)
	at org.junit.platform.engine.support.hierarchical.NodeTestTask.executeRecursively(NodeTestTask.java:144)
	at org.junit.platform.engine.support.hierarchical.NodeTestTask.execute(NodeTestTask.java:101)
	at java.base/java.util.ArrayList.forEach(ArrayList.java:1604)
	at org.junit.platform.engine.support.hierarchical.SameThreadHierarchicalTestExecutorService.invokeAll(SameThreadHierarchicalTestExecutorService.java:41)
	at org.junit.platform.engine.support.hierarchical.NodeTestTask.lambda$executeRecursively$6(NodeTestTask.java:161)
	at org.junit.platform.engine.support.hierarchical.ThrowableCollector.execute(ThrowableCollector.java:73)
	at org.junit.platform.engine.support.hierarchical.NodeTestTask.lambda$executeRecursively$8(NodeTestTask.java:147)
	at org.junit.platform.engine.support.hierarchical.Node.around(Node.java:137)
	at org.junit.platform.engine.support.hierarchical.NodeTestTask.lambda$executeRecursively$9(NodeTestTask.java:145)
	at org.junit.platform.engine.support.hierarchical.ThrowableCollector.execute(ThrowableCollector.java:73)
	at org.junit.platform.engine.support.hierarchical.NodeTestTask.executeRecursively(NodeTestTask.java:144)
	at org.junit.platform.engine.support.hierarchical.NodeTestTask.execute(NodeTestTask.java:101)
	at org.junit.platform.engine.support.hierarchical.SameThreadHierarchicalTestExecutorService.submit(SameThreadHierarchicalTestExecutorService.java:35)
	at org.junit.platform.engine.support.hierarchical.HierarchicalTestExecutor.execute(HierarchicalTestExecutor.java:57)
	at org.junit.platform.engine.support.hierarchical.HierarchicalTestEngine.execute(HierarchicalTestEngine.java:54)
	at org.junit.platform.launcher.core.EngineExecutionOrchestrator.executeEngine(EngineExecutionOrchestrator.java:230)
	at org.junit.platform.launcher.core.EngineExecutionOrchestrator.failOrExecuteEngine(EngineExecutionOrchestrator.java:204)
	at org.junit.platform.launcher.core.EngineExecutionOrchestrator.execute(EngineExecutionOrchestrator.java:172)
	at org.junit.platform.launcher.core.EngineExecutionOrchestrator.execute(EngineExecutionOrchestrator.java:101)
	at org.junit.platform.launcher.core.EngineExecutionOrchestrator.lambda$execute$0(EngineExecutionOrchestrator.java:64)
	at org.junit.platform.launcher.core.EngineExecutionOrchestrator.withInterceptedStreams(EngineExecutionOrchestrator.java:150)
	at org.junit.platform.launcher.core.EngineExecutionOrchestrator.execute(EngineExecutionOrchestrator.java:63)
	at org.junit.platform.launcher.core.DefaultLauncher.execute(DefaultLauncher.java:109)
	at org.junit.platform.launcher.core.DefaultLauncher.execute(DefaultLauncher.java:91)
	at org.junit.platform.launcher.core.DelegatingLauncher.execute(DelegatingLauncher.java:47)
	at org.junit.platform.launcher.core.InterceptingLauncher.lambda$execute$1(InterceptingLauncher.java:39)
	at org.junit.platform.launcher.core.ClasspathAlignmentCheckingLauncherInterceptor.intercept(ClasspathAlignmentCheckingLauncherInterceptor.java:25)
	at org.junit.platform.launcher.core.InterceptingLauncher.execute(InterceptingLauncher.java:38)
	at org.junit.platform.launcher.core.DelegatingLauncher.execute(DelegatingLauncher.java:47)
	at org.apache.maven.surefire.junitplatform.LazyLauncher.execute(LazyLauncher.java:56)
	at org.apache.maven.surefire.junitplatform.JUnitPlatformProvider.execute(JUnitPlatformProvider.java:194)
	at org.apache.maven.surefire.junitplatform.JUnitPlatformProvider.invokeAllTests(JUnitPlatformProvider.java:150)
	at org.apache.maven.surefire.junitplatform.JUnitPlatformProvider.invoke(JUnitPlatformProvider.java:124)
	at org.apache.maven.surefire.booter.ForkedBooter.runSuitesInProcess(ForkedBooter.java:385)
	at org.apache.maven.surefire.booter.ForkedBooter.execute(ForkedBooter.java:162)
	at org.apache.maven.surefire.booter.ForkedBooter.run(ForkedBooter.java:507)
	at org.apache.maven.surefire.booter.ForkedBooter.main(ForkedBooter.java:495)
{"value":10}
fastjson eval: [{"name":"level3","field":"leve3Field","body":{"name":"level4","field":"leve4Field"}}]
com.alibaba.fastjson2.v1issues.issue_1600.issue_1699.obj.RatingDetailBO@21d856ee
{"data":"","data2":"","data3":"","data4":"","data5":"","data6":"","data7":"","data8":"","data9":""}
{"data":"","data2":"","data3":"","data4":"","data5":"","data6":"","data7":"","data8":"","data9":""}
setter not found, class com.alibaba.fastjson2.v1issues.issue_1200.Issue1271$A, property b
setter not found, class com.alibaba.fastjson2.v1issues.issue_1200.Issue1271$B, property b
setter not found, class com.alibaba.fastjson2.v1issues.issue_1200.Issue1271$A, property b
setter not found, class com.alibaba.fastjson2.v1issues.issue_1200.Issue1271$B, property b
name=id,value=1
name=name,value=name
{"id":1,"nt":"name"}
{}
{"ab":{}}
{"ab":{}}
{"_parentId":"001"}
{"_parentId":"001"}
{"name":"b","value":{"name":"a","value":1},"value1":{"a":{"name":"a","value":1}}}
{"name":"b","value":{"a":{"name":"a","value":1}},"value1":{"name":"a","value":1}}
DataSimpleVO [name=b, value={"a":{"name":"a","value":1}}, value1={"name":"a","value":1}]
{"a":1,"b":"b","bars":{"c":3}}
{"@type":"com.alibaba.fastjson2.v1issues.issue_1300.Issue1319$MyTest","myEnum":"Test1","value":1}
{"myEnum":"Test1","value":1}
com.alibaba.fastjson2.v1issues.issue_1300.Issue1357$Test2Bean@11dd352a
{"@type":"com.alibaba.fastjson2.v1issues.issue_1300.Issue1319C$MyTest","myEnum":"Test1","value":1}
{"myEnum":"Test1","value":1}
before：Data : aaa
{"stackTrace":[{"fileName":"Issue1344.java","lineNumber":16,"className":"com.alibaba.fastjson2.v1issues.issue_1300.Issue1344","methodName":"test_for_issue"},{"fileName":"DirectMethodHandleAccessor.java","lineNumber":104,"className":"jdk.internal.reflect.DirectMethodHandleAccessor","methodName":"invoke"},{"fileName":"Method.java","lineNumber":565,"className":"java.lang.reflect.Method","methodName":"invoke"},{"fileName":"ReflectionUtils.java","lineNumber":787,"className":"org.junit.platform.commons.util.ReflectionUtils","methodName":"invokeMethod"},{"fileName":"ReflectionSupport.java","lineNumber":478,"className":"org.junit.platform.commons.support.ReflectionSupport","methodName":"invokeMethod"},{"fileName":"MethodInvocation.java","lineNumber":60,"className":"org.junit.jupiter.engine.execution.MethodInvocation","methodName":"proceed"},{"fileName":"InvocationInterceptorChain.java","lineNumber":131,"className":"org.junit.jupiter.engine.execution.InvocationInterceptorChain$ValidatingInvocation","methodName":"proceed"},{"fileName":"TimeoutExtension.java","lineNumber":161,"className":"org.junit.jupiter.engine.extension.TimeoutExtension","methodName":"intercept"},{"fileName":"TimeoutExtension.java","lineNumber":152,"className":"org.junit.jupiter.engine.extension.TimeoutExtension","methodName":"interceptTestableMethod"},{"fileName":"TimeoutExtension.java","lineNumber":91,"className":"org.junit.jupiter.engine.extension.TimeoutExtension","methodName":"interceptTestMethod"},{"fileName":"InterceptingExecutableInvoker.java","lineNumber":112,"className":"org.junit.jupiter.engine.execution.InterceptingExecutableInvoker$ReflectiveInterceptorCall","methodName":"lambda$ofVoidMethod$0"},{"fileName":"InterceptingExecutableInvoker.java","lineNumber":94,"className":"org.junit.jupiter.engine.execution.InterceptingExecutableInvoker","methodName":"lambda$invoke$0"},{"fileName":"InvocationInterceptorChain.java","lineNumber":106,"className":"org.junit.jupiter.engine.execution.InvocationInterceptorChain$InterceptedInvocation","methodName":"proceed"},{"fileName":"InvocationInterceptorChain.java","lineNumber":64,"className":"org.junit.jupiter.engine.execution.InvocationInterceptorChain","methodName":"proceed"},{"fileName":"InvocationInterceptorChain.java","lineNumber":45,"className":"org.junit.jupiter.engine.execution.InvocationInterceptorChain","methodName":"chainAndInvoke"},{"fileName":"InvocationInterceptorChain.java","lineNumber":37,"className":"org.junit.jupiter.engine.execution.InvocationInterceptorChain","methodName":"invoke"},{"fileName":"InterceptingExecutableInvoker.java","lineNumber":93,"className":"org.junit.jupiter.engine.execution.InterceptingExecutableInvoker","methodName":"invoke"},{"fileName":"InterceptingExecutableInvoker.java","lineNumber":87,"className":"org.junit.jupiter.engine.execution.InterceptingExecutableInvoker","methodName":"invoke"},{"fileName":"TestMethodTestDescriptor.java","lineNumber":221,"className":"org.junit.jupiter.engine.descriptor.TestMethodTestDescriptor","methodName":"lambda$invokeTestMethod$4"},{"fileName":"ThrowableCollector.java","lineNumber":73,"className":"org.junit.platform.engine.support.hierarchical.ThrowableCollector","methodName":"execute"},{"fileName":"TestMethodTestDescriptor.java","lineNumber":217,"className":"org.junit.jupiter.engine.descriptor.TestMethodTestDescriptor","methodName":"invokeTestMethod"},{"fileName":"TestMethodTestDescriptor.java","lineNumber":159,"className":"org.junit.jupiter.engine.descriptor.TestMethodTestDescriptor","methodName":"execute"},{"fileName":"TestMethodTestDescriptor.java","lineNumber":70,"className":"org.junit.jupiter.engine.descriptor.TestMethodTestDescriptor","methodName":"execute"},{"fileName":"NodeTestTask.java","lineNumber":157,"className":"org.junit.platform.engine.support.hierarchical.NodeTestTask","methodName":"lambda$executeRecursively$6"},{"fileName":"ThrowableCollector.java","lineNumber":73,"className":"org.junit.platform.engine.support.hierarchical.ThrowableCollector","methodName":"execute"},{"fileName":"NodeTestTask.java","lineNumber":147,"className":"org.junit.platform.engine.support.hierarchical.NodeTestTask","methodName":"lambda$executeRecursively$8"},{"fileName":"Node.java","lineNumber":137,"className":"org.junit.platform.engine.support.hierarchical.Node","methodName":"around"},{"fileName":"NodeTestTask.java","lineNumber":145,"className":"org.junit.platform.engine.support.hierarchical.NodeTestTask","methodName":"lambda$executeRecursively$9"},{"fileName":"ThrowableCollector.java","lineNumber":73,"className":"org.junit.platform.engine.support.hierarchical.ThrowableCollector","methodName":"execute"},{"fileName":"NodeTestTask.java","lineNumber":144,"className":"org.junit.platform.engine.support.hierarchical.NodeTestTask","methodName":"executeRecursively"},{"fileName":"NodeTestTask.java","lineNumber":101,"className":"org.junit.platform.engine.support.hierarchical.NodeTestTask","methodName":"execute"},{"fileName":"ArrayList.java","lineNumber":1604,"className":"java.util.ArrayList","methodName":"forEach"},{"fileName":"SameThreadHierarchicalTestExecutorService.java","lineNumber":41,"className":"org.junit.platform.engine.support.hierarchical.SameThreadHierarchicalTestExecutorService","methodName":"invokeAll"},{"fileName":"NodeTestTask.java","lineNumber":161,"className":"org.junit.platform.engine.support.hierarchical.NodeTestTask","methodName":"lambda$executeRecursively$6"},{"fileName":"ThrowableCollector.java","lineNumber":73,"className":"org.junit.platform.engine.support.hierarchical.ThrowableCollector","methodName":"execute"},{"fileName":"NodeTestTask.java","lineNumber":147,"className":"org.junit.platform.engine.support.hierarchical.NodeTestTask","methodName":"lambda$executeRecursively$8"},{"fileName":"Node.java","lineNumber":137,"className":"org.junit.platform.engine.support.hierarchical.Node","methodName":"around"},{"fileName":"NodeTestTask.java","lineNumber":145,"className":"org.junit.platform.engine.support.hierarchical.NodeTestTask","methodName":"lambda$executeRecursively$9"},{"fileName":"ThrowableCollector.java","lineNumber":73,"className":"org.junit.platform.engine.support.hierarchical.ThrowableCollector","methodName":"execute"},{"fileName":"NodeTestTask.java","lineNumber":144,"className":"org.junit.platform.engine.support.hierarchical.NodeTestTask","methodName":"executeRecursively"},{"fileName":"NodeTestTask.java","lineNumber":101,"className":"org.junit.platform.engine.support.hierarchical.NodeTestTask","methodName":"execute"},{"fileName":"ArrayList.java","lineNumber":1604,"className":"java.util.ArrayList","methodName":"forEach"},{"fileName":"SameThreadHierarchicalTestExecutorService.java","lineNumber":41,"className":"org.junit.platform.engine.support.hierarchical.SameThreadHierarchicalTestExecutorService","methodName":"invokeAll"},{"fileName":"NodeTestTask.java","lineNumber":161,"className":"org.junit.platform.engine.support.hierarchical.NodeTestTask","methodName":"lambda$executeRecursively$6"},{"fileName":"ThrowableCollector.java","lineNumber":73,"className":"org.junit.platform.engine.support.hierarchical.ThrowableCollector","methodName":"execute"},{"fileName":"NodeTestTask.java","lineNumber":147,"className":"org.junit.platform.engine.support.hierarchical.NodeTestTask","methodName":"lambda$executeRecursively$8"},{"fileName":"Node.java","lineNumber":137,"className":"org.junit.platform.engine.support.hierarchical.Node","methodName":"around"},{"fileName":"NodeTestTask.java","lineNumber":145,"className":"org.junit.platform.engine.support.hierarchical.NodeTestTask","methodName":"lambda$executeRecursively$9"},{"fileName":"ThrowableCollector.java","lineNumber":73,"className":"org.junit.platform.engine.support.hierarchical.ThrowableCollector","methodName":"execute"},{"fileName":"NodeTestTask.java","lineNumber":144,"className":"org.junit.platform.engine.support.hierarchical.NodeTestTask","methodName":"executeRecursively"},{"fileName":"NodeTestTask.java","lineNumber":101,"className":"org.junit.platform.engine.support.hierarchical.NodeTestTask","methodName":"execute"},{"fileName":"SameThreadHierarchicalTestExecutorService.java","lineNumber":35,"className":"org.junit.platform.engine.support.hierarchical.SameThreadHierarchicalTestExecutorService","methodName":"submit"},{"fileName":"HierarchicalTestExecutor.java","lineNumber":57,"className":"org.junit.platform.engine.support.hierarchical.HierarchicalTestExecutor","methodName":"execute"},{"fileName":"HierarchicalTestEngine.java","lineNumber":54,"className":"org.junit.platform.engine.support.hierarchical.HierarchicalTestEngine","methodName":"execute"},{"fileName":"EngineExecutionOrchestrator.java","lineNumber":230,"className":"org.junit.platform.launcher.core.EngineExecutionOrchestrator","methodName":"executeEngine"},{"fileName":"EngineExecutionOrchestrator.java","lineNumber":204,"className":"org.junit.platform.launcher.core.EngineExecutionOrchestrator","methodName":"failOrExecuteEngine"},{"fileName":"EngineExecutionOrchestrator.java","lineNumber":172,"className":"org.junit.platform.launcher.core.EngineExecutionOrchestrator","methodName":"execute"},{"fileName":"EngineExecutionOrchestrator.java","lineNumber":101,"className":"org.junit.platform.launcher.core.EngineExecutionOrchestrator","methodName":"execute"},{"fileName":"EngineExecutionOrchestrator.java","lineNumber":64,"className":"org.junit.platform.launcher.core.EngineExecutionOrchestrator","methodName":"lambda$execute$0"},{"fileName":"EngineExecutionOrchestrator.java","lineNumber":150,"className":"org.junit.platform.launcher.core.EngineExecutionOrchestrator","methodName":"withInterceptedStreams"},{"fileName":"EngineExecutionOrchestrator.java","lineNumber":63,"className":"org.junit.platform.launcher.core.EngineExecutionOrchestrator","methodName":"execute"},{"fileName":"DefaultLauncher.java","lineNumber":109,"className":"org.junit.platform.launcher.core.DefaultLauncher","methodName":"execute"},{"fileName":"DefaultLauncher.java","lineNumber":91,"className":"org.junit.platform.launcher.core.DefaultLauncher","methodName":"execute"},{"fileName":"DelegatingLauncher.java","lineNumber":47,"className":"org.junit.platform.launcher.core.DelegatingLauncher","methodName":"execute"},{"fileName":"InterceptingLauncher.java","lineNumber":39,"className":"org.junit.platform.launcher.core.InterceptingLauncher","methodName":"lambda$execute$1"},{"fileName":"ClasspathAlignmentCheckingLauncherInterceptor.java","lineNumber":25,"className":"org.junit.platform.launcher.core.ClasspathAlignmentCheckingLauncherInterceptor","methodName":"intercept"},{"fileName":"InterceptingLauncher.java","lineNumber":38,"className":"org.junit.platform.launcher.core.InterceptingLauncher","methodName":"execute"},{"fileName":"DelegatingLauncher.java","lineNumber":47,"className":"org.junit.platform.launcher.core.DelegatingLauncher","methodName":"execute"},{"fileName":"LazyLauncher.java","lineNumber":56,"className":"org.apache.maven.surefire.junitplatform.LazyLauncher","methodName":"execute"},{"fileName":"JUnitPlatformProvider.java","lineNumber":194,"className":"org.apache.maven.surefire.junitplatform.JUnitPlatformProvider","methodName":"execute"},{"fileName":"JUnitPlatformProvider.java","lineNumber":150,"className":"org.apache.maven.surefire.junitplatform.JUnitPlatformProvider","methodName":"invokeAllTests"},{"fileName":"JUnitPlatformProvider.java","lineNumber":124,"className":"org.apache.maven.surefire.junitplatform.JUnitPlatformProvider","methodName":"invoke"},{"fileName":"ForkedBooter.java","lineNumber":385,"className":"org.apache.maven.surefire.booter.ForkedBooter","methodName":"runSuitesInProcess"},{"fileName":"ForkedBooter.java","lineNumber":162,"className":"org.apache.maven.surefire.booter.ForkedBooter","methodName":"execute"},{"fileName":"ForkedBooter.java","lineNumber":507,"className":"org.apache.maven.surefire.booter.ForkedBooter","methodName":"run"},{"fileName":"ForkedBooter.java","lineNumber":495,"className":"org.apache.maven.surefire.booter.ForkedBooter","methodName":"main"}],"message":"Data : aaa","suppressed":[],"localizedMessage":"Data : aaa"}
after：null
{"aBoolean":false,"aByte":0,"aChar":"\u0000","aDouble":0.0,"aFloat":0.0,"aLong":0,"aShort":0,"anInt":0}
{"aBoolean":true,"aBoolean2":false,"aByte":8,"aByte2":9,"aChar":"J","aDouble":88.88,"aDouble2":99.99,"aFloat":8.8,"aFloat2":9.9,"aLong":8888,"aLong2":9999,"aShort":88,"aShort2":99,"anInt":888,"character":"C","integer":999,"string":"test"}
{"is_judge":true}
{
	"@type":"com.alibaba.fastjson2.hsf.VeryComplexDO#0",
	"@value":{
		"fshort":4,
		"pBaseDO":{},
		"pbyte":5,
		"pdouble":6.6,
		"pfloat":7.7,
		"pint":8,
		"plong":9
	}
}
{
	"@type":"com.alibaba.fastjson2.hsf.VeryComplexDO#0",
	"@value":{
		"fshort":2,
		"pBaseDO":{},
		"pbyte":3,
		"pdouble":9999.9999,
		"pfloat":1.2,
		"pint":69,
		"plist":{
			"@type":"A#1",
			"@value":[
				"taobao",
				"java",
				"linux"
			]
		},
		"plong":56,
		"plongArray":[
			1,
			2,
			3,
			4,
			5,
			6
		]
	}
}
123456789012345678901234567890123456789012345678901234567890
Issue1168.Wrapper(inner=Issue1168.Inner(id=1))
com.alibaba.fastjson2.issues_1000.Issue1457$Test2@295790db
{
	"@type":"java.util.Collections$SynchronizedMap"
}
{
	"@type":"java.util.Collections$SynchronizedSet",
	"@value":[
		1,
		2,
		3
	]
}
{
	"@type":"java.util.Collections$SynchronizedRandomAccessList",
	"@value":[
		1,
		2,
		3
	]
}
{
	"@type":"java.util.Collections$SynchronizedNavigableMap"
}
{
	"@type":"java.util.Collections$SynchronizedSortedMap"
}
{
	"@type":"java.util.Collections$SynchronizedSortedSet",
	"@value":[
		1,
		2,
		3
	]
}
{
	"@type":"java.util.Collections$SynchronizedNavigableSet",
	"@value":[
		1,
		2,
		3
	]
}
{
	"@type":"java.util.Collections$SynchronizedCollection",
	"@value":[
		1,
		2,
		3
	]
}
{"testEnum":"E1"}
{"testEnum":"E1"}
"E1"
{"testEnum":3}
false
false
{"name":"{\"paternalSurname\": \"Rodríguez\"}"}
strJson={"@type":"com.alibaba.fastjson2.issues_1000.Issue1069$UserAttrActionInfo","tagInfos":{"@type":"java.util.LinkedHashMap",1234:[1L,2L,3L,4L]}}
fastjson2 data:{"values":[[123,456]]}
{"accountType":2}
