Picked up JAVA_TOOL_OPTIONS: 
WARNING: A restricted method in java.lang.System has been called
WARNING: java.lang.System::load has been called by org.fusesource.jansi.internal.JansiLoader in an unnamed module (file:<maven>/lib/jansi-2.4.1.jar)
WARNING: Use --enable-native-access=ALL-UNNAMED to avoid a warning for callers in this module
WARNING: Restricted methods will be blocked in a future release unless native access is enabled

WARNING: A terminally deprecated method in sun.misc.Unsafe has been called
WARNING: sun.misc.Unsafe::objectFieldOffset has been called by com.google.common.util.concurrent.AbstractFuture$UnsafeAtomicHelper (file:<maven>/lib/guava-33.2.1-jre.jar)
WARNING: Please consider reporting this to the maintainers of class com.google.common.util.concurrent.AbstractFuture$UnsafeAtomicHelper
WARNING: sun.misc.Unsafe::objectFieldOffset will be removed in a future release
Picked up JAVA_TOOL_OPTIONS: 
WARNING: A terminally deprecated method in sun.misc.Unsafe has been called
WARNING: sun.misc.Unsafe::invokeCleaner has been called by nonapi.io.github.classgraph.utils.FileUtils (file:<m2>/repository/io/github/classgraph/classgraph/4.8.83/classgraph-4.8.83.jar)
WARNING: Please consider reporting this to the maintainers of class nonapi.io.github.classgraph.utils.FileUtils
WARNING: sun.misc.Unsafe::invokeCleaner will be removed in a future release
{
	"@type":"com.alibaba.fastjson2.issues_1500.Issue1509$LoginUser#0",
	"@value":{
		"authorities#1":{
			"@type":"java.util.Collections$UnmodifiableSet#2",
			"@value":[]
		},
		"name#3":"张三",
		"realName#4":"zhangsan"
	}
}
Wed, 7 Oct 2026 00:31:31 GMT
{
	"date":1642003200
}
[{"@type":"[O","@value":[{"@type":"com.alibaba.fastjson2.issues_2100.Issue2175.Index$TestER","name":"ER"},0]},{"@type":"[O","@value":[{"@type":"com.alibaba.fastjson2.issues_2100.Issue2175.Index$TestER","name":"ER"},false]}]
1
[{"@type":"[com.alibaba.fastjson2.issues_2100.Issue2175.Index$TestER","@value":[{"name":"ER"},{"name":"ER"}]},{"@type":"[com.alibaba.fastjson2.issues_2100.Issue2175.Index$TestER","@value":[{"name":"ER"},{"name":"ER"}]}]
[{"@type":"[O","@value":[{"@type":"[com.alibaba.fastjson2.issues_2100.Issue2175.Index$TestER","@value":[{"name":"parent"},{"@type":"com.alibaba.fastjson2.issues_2100.Issue2175.Index$Children","age":1,"name":"child"}]},{"@type":"[com.alibaba.fastjson2.issues_2100.Issue2175.Index$TestER","@value":[{"@type":"com.alibaba.fastjson2.issues_2100.Issue2175.Index$Children","age":1,"name":"child"},{"name":"parent"}]}]},{"@type":"[com.alibaba.fastjson2.issues_2100.Issue2175.Index$TestER","@value":[{"@type":"com.alibaba.fastjson2.issues_2100.Issue2175.Index$Children","age":1,"name":"child"},{"name":"parent"}]},{"@type":"[O","@value":[1,false]}]
[{"@type":"[com.alibaba.fastjson2.issues_2100.Issue2175.Index$TestER","@value":[{"name":"parent"},{"@type":"com.alibaba.fastjson2.issues_2100.Issue2175.Index$Children","age":1,"name":"child"}]},{"@type":"[com.alibaba.fastjson2.issues_2100.Issue2175.Index$TestER","@value":[{"@type":"com.alibaba.fastjson2.issues_2100.Issue2175.Index$Children","age":1,"name":"child"},{"name":"parent"}]}]
[[{"name":"parent"},{"@type":"com.alibaba.fastjson2.issues_2100.Issue2175.Index$Children","age":1,"name":"child"}],[{"@type":"com.alibaba.fastjson2.issues_2100.Issue2175.Index$Children","age":1,"name":"child"},{"name":"parent"}]]
{}
{"hash":2138216064,"resolved":"java.util.HashMap","type":{"actualTypeArguments":["java.lang.Integer",{"actualTypeArguments":["java.lang.String"],"rawType":"java.util.List"}],"rawType":"java.util.HashMap"},"typeProvider":{"source":{"declaringClass":"com.alibaba.fastjson2.issues_2100.Issue2103$Bean","name":"myMap"},"type":{"actualTypeArguments":["java.lang.Integer",{"actualTypeArguments":["java.lang.String"],"rawType":"java.util.List"}],"rawType":"java.util.HashMap"}}}"\"\"\"\""
{
	"@type":"org.joda.time.LocalDateTime#0",
	"@value":"2026-10-07 00:31:32.358"
}
{
	"@type":"org.joda.time.LocalDateTime#0",
	"@value":"2026-10-07 00:31:32.363"
}
{
	"@type":"org.joda.time.LocalDateTime#0",
	"@value":{
		"year":2026,
		"month":10,
		"day":6,
		"hour":16,
		"minute":31,
		"second":32,
		"millis":364,
		"chronology":{
			"zoneId":"UTC"
		}
	}
}
{
	"@type":"org.joda.time.LocalDate#0",
	"@value":"2026-10-07"
}
{
	"@type":"org.joda.time.LocalDate#0",
	"@value":"2026-10-07"
}
{
	"@type":"org.joda.time.LocalDate#0",
	"@value":{
		"year":2026,
		"month":10,
		"day":6,
		"chronology":{
			"zoneId":"UTC"
		}
	}
}
{"type":"directory","items":[{"type":"file","data":"Some content ...","name":"my_file.txt"}],"name":"My directory"}
{"type":"object","properties":{"longitude":{"type":["string","number"]},"latitude":{"type":"number","minimum":-90,"maximum":90}},"required":["longitude","latitude"]}
66060288
Serialized JSON with circular reference: {"parent😀":{"child👍":{"$ref":"$"}}}
Test passed - no exception thrown during serialization with circular reference
Serialized JSON: {"key👍":"value3","key😀":"value1","nested":{"nested😀":{"deepValue":"deepValue"}},"key🌍":"value2"}
Test passed - no exception thrown during serialization
Generated JSON: {
	"key👍":"value3",
	"key😀":"value1",
	"key🌍":"value2"
}
Generated JSON with circular reference: {"parent😀":{"child😀":{"parent😀":{"$ref":"parent😀"}}}}
Generated JSON: {"key😀":"value","nested":{"nestedKey":"nestedValue"}}
UrlEntity [name=rose, url=https://www.baidu.com/web/user?name=rose]
[1,2,3]
[1,2,3]
{
	"@type":"com.alibaba.fastjson2.issues_3800.Issue3842$UserData",
	"errorCode":0
}
{
	"@type":"com.alibaba.fastjson2.issues_3800.Issue3828$Data",
	"list":{
		"@type":"java.util.Collections$EmptyList",
		"@value":[]
	}
}
{"AI":[]}
SLF4J(W): No SLF4J providers were found.
SLF4J(W): Defaulting to no-operation (NOP) logger implementation
SLF4J(W): See https://www.slf4j.org/codes.html#noProviders for further details.
{"age1":0,"age2":null,"age3":0,"age5":10,"age6":10}
[
	{
		"id":101,
		"name":"DataWorks"
	},
	{
		"id":102,
		"name":"MaxCompute"
	},
	{
		"id":103,
		"name":"Flink"
	}
]
{"images": [{
      "height":768,
      "size":"LARGE",
      "title":"Javaone Keynote",
      "uri":"http://javaone.com/keynote_large.jpg",
      "width":1024
    }, {
      "height":240,
      "size":"SMALL",
      "title":"Javaone Keynote",
      "uri":"http://javaone.com/keynote_small.jpg",
      "width":320
    }
  ],
  "media": {
    "bitrate":262144,
    "duration":18000000,
    "format":"video/mpg4",
    "height":480,
    "persons": [
      "Bill Gates",
      "Steve Jobs"
    ],
    "player":"JAVA",
    "size":58982400,
    "title":"Javaone Keynote",
    "uri":"http://javaone.com/keynote.mpg",
    "width":640
  }
}

--------------jsonpath/jsonpath_compliance.json--------------
  [00/00]	"$[?@.a]"
  [00/01]	"$[?@.a]"
  [00/02]	"$[?@.a=='b']"
  [00/03]	"$[?@.a=='1']"
  [00/04]	"$[?@.a==\"b\"]"
  [00/05]	"$[?@.a==\"1\"]"
  [00/06]	"$[?@.a==1]"
  [00/07]	"$[?@.a==null]"
  [00/08]	"$[?@.a==null]"
  [00/09]	"$[?@.a==true]"
  [00/10]	"$[?@.a==false]"
  [00/11]	"$[?@.a==@.b]"
  [00/12]	"$[?@.a==@.b]"
  [00/13]	"$[?@.a!='b']"
  [00/14]	"$[?@.a!='1']"
  [00/15]	"$[?@.a!='b']"
  [00/16]	"$[?@.a!=\"b\"]"
  [00/17]	"$[?@.a!=\"1\"]"
  [00/18]	"$[?@.a!=\"b\"]"
  [00/19]	"$[?@.a!=1]"
  [00/20]	"$[?@.a!=1]"
  [00/21]	"$[?@.a!=null]"
  [00/22]	"$[?@.a!=null]"
  [00/23]	"$[?@.a!=true]"
  [00/24]	"$[?@.a!=false]"
  [00/25]	"$[?@.a<'c']"
  [00/26]	"$[?@.a<\"c\"]"
  [00/27]	"$[?@.a<10]"
  [00/28]	"$[?@.a<null]"
  [00/29]	"$[?@.a<true]"
  [00/30]	"$[?@.a<false]"
  [00/31]	"$[?@.a<='c']"
  [00/32]	"$[?@.a<=\"c\"]"
  [00/33]	"$[?@.a<=10]"
  [00/34]	"$[?@.a<=null]"
  [00/35]	"$[?@.a<=true]"
  [00/36]	"$[?@.a<=false]"
  [00/37]	"$[?@.a>'c']"
  [00/38]	"$[?@.a>\"c\"]"
  [00/39]	"$[?@.a>10]"
  [00/40]	"$[?@.a>null]"
  [00/41]	"$[?@.a>true]"
  [00/42]	"$[?@.a>false]"
  [00/43]	"$[?@.a>='c']"
  [00/44]	"$[?@.a>=\"c\"]"
  [00/45]	"$[?@.a>=10]"
  [00/46]	"$[?@.a>=null]"
  [00/47]	"$[?@.a>=true]"
  [00/48]	"$[?@.a>=false]"
  [00/49]	"$[?@.a&&@.a!=null]"
  [00/50]	"$[?@.a&&@.b]"
  [00/51]	"$[?@.a||@.b]"
  [00/52]	"$[?@.a>0&&@.a<10]"
  [00/53]	"$[?@.a=='b'||@.a=='d']"
- [01/54]	"$[?@[0:0]==0]"
- [02/55]	"$[?@[*]==0]"
- [03/56]	"$[?@..a==0]"
  [03/57]	"$[?@.a[*].a==0]"
  [03/58]	"$[?@.a == 1]"
  [03/59]	"$[?@['0'] == 5]"
  [03/60]	"$[?@[0] == 5]"
- [04/61]	"$[?(@[0, 0]==42)]"
- [05/62]	"$[?(@[0, 0]!=42)]"
- [06/63]	"$[?(@[0, 0]<=42)]"
- [07/64]	"$[?(@['a', 'a']==42)]"
- [08/65]	"$[?(@['a', 'a']!=42)]"
- [09/66]	"$[?(@['a', 'a']<=42)]"
  [09/67]	"$[?(@[0, '0']==42)]"
  [09/68]	"$[?(@[0, '0']!=42)]"
  [09/69]	"$[?(@[0, '0']<=42)]"
  [09/70]	"$[?(@.*==42)]"
  [09/71]	"$[?(@.*!=42)]"
  [09/72]	"$[?(@.*<=42)]"
- [10/73]	"$[?(@[0:0]==42)]"
- [11/74]	"$[?(@[0:0]!=42)]"
- [12/75]	"$[?(@[0:0]<=42)]"
  [12/76]	"$[?($[0, 0]==42)]"
  [12/77]	"$[?($[0, 0]!=42)]"
  [12/78]	"$[?($[0, 0]<=42)]"
  [12/79]	"$[?($['a', 'a']==42)]"
  [12/80]	"$[?($['a', 'a']!=42)]"
  [12/81]	"$[?($['a', 'a']<=42)]"
  [12/82]	"$[?($[0, '0']==42)]"
  [12/83]	"$[?($[0, '0']!=42)]"
  [12/84]	"$[?($[0, '0']<=42)]"
  [12/85]	"$[?($.*==42)]"
  [12/86]	"$[?($.*!=42)]"
  [12/87]	"$[?($.*<=42)]"
  [12/88]	"$[?($[0:0]==42)]"
  [12/89]	"$[?($[0:0]!=42)]"
  [12/90]	"$[?($[0:0]<=42)]"
  [12/91]	"$[?@.a==-0]"
  [12/92]	"$[?@.a==1.0]"
  [12/93]	"$[?@.a==1e2]"
  [12/94]	"$[?@.a==1e+2]"
  [12/95]	"$[?@.a==1e-2]"
  [12/96]	"$[?@.a==1.1]"
- [13/97]	"$[?@.a==1.]"
  [13/98]	"$[?@.a==1.1e2]"
  [13/99]	"$[?@.a==1.1e+2]"
  [13/100]	"$[?@.a==1.1e-2]"
  [13/101]	"$[?@<3]"
  [13/102]	"$[?@.a || @.b && @.b]"
  [13/103]	"$[?@.b && @.b || @.a]"
  [13/104]	"$[?@ == \"quoted' literal\"]"
  [13/105]	"$[?@ == 'quoted\" literal']"
  [13/106]	"$[?@ == 'quoted\\' literal']"
  [13/107]	"$[?@ == \"quoted\\\" literal\"]"
b
a
b
b
a
a
a
b
a
a
a
b
a
a
a
b
b
a
a
b
a
b
b
a
b
a
b
a
b
b
b
a
a
b
b
b
a
a
b
a
b
b
a
a
a
a
b
b
b
a
{"id":1,"name":"a"}
{"id":2,"name":"b"}
{"id":1,"name":"a"}
{"id":1,"name":"a"}
{"id":1,"name":"a"}
{"id":1,"name":"a"}
{"id":2,"name":"b"}
{"id":2,"name":"b"}
{"id":1,"name":"a"}
{"id":2,"name":"b"}
{"id":1,"name":"a"}
{"id":1,"name":"a"}
{"id":2,"name":"b"}
{"id":1,"name":"a"}
{"id":1,"name":"a"}
{"id":1,"name":"a"}
{"id":2,"name":"b"}
{"id":2,"name":"b"}
{"id":2,"name":"b"}
{"id":1,"name":"a"}
{"id":2,"name":"b"}
{"id":1,"name":"a"}
{"id":1,"name":"a"}
{"id":1,"name":"a"}
{"id":2,"name":"b"}
{"id":1,"name":"a"}
{"id":1,"name":"a"}
{"id":2,"name":"b"}
{"id":1,"name":"a"}
{"id":2,"name":"b"}
{"id":2,"name":"b"}
{"id":2,"name":"b"}
{"id":1,"name":"a"}
{"id":2,"name":"b"}
{"id":1,"name":"a"}
{"id":2,"name":"b"}
{"id":2,"name":"b"}
{"id":2,"name":"b"}
{"id":1,"name":"a"}
{"id":2,"name":"b"}
{"id":1,"name":"a"}
{"id":2,"name":"b"}
{"id":2,"name":"b"}
{"id":1,"name":"a"}
{"id":2,"name":"b"}
{"id":2,"name":"b"}
{"id":1,"name":"a"}
{"id":1,"name":"a"}
{"id":1,"name":"a"}
{"id":2,"name":"b"}

--------------jsonpath/name_selector.json--------------
  [00/00]	"$[\"a\"]"
  [00/01]	"$[\"c\"]"
  [00/02]	"$[\"a\"]"
- [01/03]	"$[\"\u0000\"]"
- [02/04]	"$[\"\u0001\"]"
- [03/05]	"$[\"\u0002\"]"
- [04/06]	"$[\"\u0003\"]"
- [05/07]	"$[\"\u0004\"]"
- [06/08]	"$[\"\u0005\"]"
- [07/09]	"$[\"\u0006\"]"
- [08/10]	"$[\"\u0007\"]"
- [09/11]	"$[\"\b\"]"
- [10/12]	"$[\"\t\"]"
- [11/13]	"$[\"\n\"]"
- [12/14]	"$[\"\u000b\"]"
- [13/15]	"$[\"\f\"]"
- [14/16]	"$[\"\r\"]"
- [15/17]	"$[\"\u000e\"]"
- [16/18]	"$[\"\u000f\"]"
- [17/19]	"$[\"\u0010\"]"
- [18/20]	"$[\"\u0011\"]"
- [19/21]	"$[\"\u0012\"]"
- [20/22]	"$[\"\u0013\"]"
- [21/23]	"$[\"\u0014\"]"
- [22/24]	"$[\"\u0015\"]"
- [23/25]	"$[\"\u0016\"]"
- [24/26]	"$[\"\u0017\"]"
- [25/27]	"$[\"\u0018\"]"
- [26/28]	"$[\"\u0019\"]"
- [27/29]	"$[\"\u001a\"]"
- [28/30]	"$[\"\u001b\"]"
- [29/31]	"$[\"\u001c\"]"
- [30/32]	"$[\"\u001d\"]"
- [31/33]	"$[\"\u001e\"]"
- [32/34]	"$[\"\u001f\"]"
  [32/35]	"$[\" \"]"
  [32/36]	"$[\"\\\"\"]"
  [32/37]	"$[\"\\\\\"]"
  [32/38]	"$[\"\\/\"]"
  [32/39]	"$[\"\\b\"]"
  [32/40]	"$[\"\\f\"]"
  [32/41]	"$[\"\\n\"]"
  [32/42]	"$[\"\\r\"]"
  [32/43]	"$[\"\\t\"]"
  [32/44]	"$[\"\\u263A\"]"
  [32/45]	"$[\"\\u263a\"]"
  [32/46]	"$[\"\\uD834\\uDD1E\"]"
  [32/47]	"$[\"\\uD83D\\uDE00\"]"
- [33/48]	"$[\"\\'\"]"
  [33/49]	"$[\"\"\"]"
  [33/50]	"$[\"\\\"]"
  [33/51]	"$['a']"
  [33/52]	"$['c']"
  [33/53]	"$['a']"
- [34/54]	"$['\u0000']"
- [35/55]	"$['\u0001']"
- [36/56]	"$['\u0002']"
- [37/57]	"$['\u0003']"
- [38/58]	"$['\u0004']"
- [39/59]	"$['\u0005']"
- [40/60]	"$['\u0006']"
- [41/61]	"$['\u0007']"
- [42/62]	"$['\b']"
- [43/63]	"$['\t']"
- [44/64]	"$['\n']"
- [45/65]	"$['\u000b']"
- [46/66]	"$['\f']"
- [47/67]	"$['\r']"
- [48/68]	"$['\u000e']"
- [49/69]	"$['\u000f']"
- [50/70]	"$['\u0010']"
- [51/71]	"$['\u0011']"
- [52/72]	"$['\u0012']"
- [53/73]	"$['\u0013']"
- [54/74]	"$['\u0014']"
- [55/75]	"$['\u0015']"
- [56/76]	"$['\u0016']"
- [57/77]	"$['\u0017']"
- [58/78]	"$['\u0018']"
- [59/79]	"$['\u0019']"
- [60/80]	"$['\u001a']"
- [61/81]	"$['\u001b']"
- [62/82]	"$['\u001c']"
- [63/83]	"$['\u001d']"
- [64/84]	"$['\u001e']"
- [65/85]	"$['\u001f']"
  [65/86]	"$[' ']"
  [65/87]	"$['\\'']"
  [65/88]	"$['\\\\']"
  [65/89]	"$['\\/']"
  [65/90]	"$['\\b']"
  [65/91]	"$['\\f']"
  [65/92]	"$['\\n']"
  [65/93]	"$['\\r']"
  [65/94]	"$['\\t']"
  [65/95]	"$['\\u263A']"
  [65/96]	"$['\\u263a']"
  [65/97]	"$['\\uD834\\uDD1E']"
  [65/98]	"$['\\uD83D\\uDE00']"
- [66/99]	"$['\\\"']"
  [66/100]	"$[''']"
  [66/101]	"$['\\']"
  [66/102]	"$[\"\"]"
  [66/103]	"$['']"

--------------jsonpath/filter.json--------------
* [01/00]	"$[?@]"
  [01/01]	"$[?@.a]"
  [01/02]	"$[?@.a]"
  [01/03]	"$[?@.a=='b']"
  [01/04]	"$[?@.a=='1']"
  [01/05]	"$[?@.a==\"b\"]"
  [01/06]	"$[?@.a==\"1\"]"
  [01/07]	"$[?@.a==1]"
  [01/08]	"$[?@.a==null]"
  [01/09]	"$[?@.a==null]"
  [01/10]	"$[?@.a==true]"
  [01/11]	"$[?@.a==false]"
* [02/12]	"$[?@==@]"
  [02/13]	"$[?@.a==@.b]"
  [02/14]	"$[?@.a==@.b]"
  [02/15]	"$[?@.a!='b']"
  [02/16]	"$[?@.a!='1']"
  [02/17]	"$[?@.a!='b']"
  [02/18]	"$[?@.a!=\"b\"]"
  [02/19]	"$[?@.a!=\"1\"]"
  [02/20]	"$[?@.a!=\"b\"]"
  [02/21]	"$[?@.a!=1]"
  [02/22]	"$[?@.a!=1]"
  [02/23]	"$[?@.a!=null]"
  [02/24]	"$[?@.a!=null]"
  [02/25]	"$[?@.a!=true]"
  [02/26]	"$[?@.a!=false]"
  [02/27]	"$[?@.a<'c']"
  [02/28]	"$[?@.a<\"c\"]"
  [02/29]	"$[?@.a<10]"
  [02/30]	"$[?@.a<null]"
  [02/31]	"$[?@.a<true]"
  [02/32]	"$[?@.a<false]"
  [02/33]	"$[?@.a<='c']"
  [02/34]	"$[?@.a<=\"c\"]"
  [02/35]	"$[?@.a<=10]"
  [02/36]	"$[?@.a<=null]"
  [02/37]	"$[?@.a<=true]"
  [02/38]	"$[?@.a<=false]"
  [02/39]	"$[?@.a>'c']"
  [02/40]	"$[?@.a>\"c\"]"
  [02/41]	"$[?@.a>10]"
  [02/42]	"$[?@.a>null]"
  [02/43]	"$[?@.a>true]"
  [02/44]	"$[?@.a>false]"
  [02/45]	"$[?@.a>='c']"
  [02/46]	"$[?@.a>=\"c\"]"
  [02/47]	"$[?@.a>=10]"
  [02/48]	"$[?@.a>=null]"
  [02/49]	"$[?@.a>=true]"
  [02/50]	"$[?@.a>=false]"
  [02/51]	"$[?@.a&&@.a!=null]"
  [02/52]	"$[?@.a&&@.b]"
  [02/53]	"$[?@.a||@.b]"
  [02/54]	"$[?@.a>0&&@.a<10]"
  [02/55]	"$[?@.a=='b'||@.a=='d']"
* [03/56]	"$[?!(@.a=='b')]"
* [04/57]	"$[?!@.a]"
* [05/58]	"$[?!@.a]"
* [06/59]	"$[?@.*]"
* [07/60]	"$[?@[0, 0, 'a']]"
* [08/61]	"$[?@[0:2]]"
* [09/62]	"$[?!@.*]"
- [10/63]	"$[?@[0:0]==0]"
- [11/64]	"$[?@[*]==0]"
- [12/65]	"$[?@..a==0]"
  [12/66]	"$[?@.a[*].a==0]"
* [13/67]	"$[?@[?@>1]]"
  [13/68]	"$[?@.a == 1]"
  [13/69]	"$[?@['0'] == 5]"
  [13/70]	"$[?@[0] == 5]"
- [14/71]	"$[?(@[0, 0]==42)]"
- [15/72]	"$[?(@[0, 0]!=42)]"
- [16/73]	"$[?(@[0, 0]<=42)]"
- [17/74]	"$[?(@['a', 'a']==42)]"
- [18/75]	"$[?(@['a', 'a']!=42)]"
- [19/76]	"$[?(@['a', 'a']<=42)]"
  [19/77]	"$[?(@[0, '0']==42)]"
  [19/78]	"$[?(@[0, '0']!=42)]"
  [19/79]	"$[?(@[0, '0']<=42)]"
  [19/80]	"$[?(@.*==42)]"
  [19/81]	"$[?(@.*!=42)]"
  [19/82]	"$[?(@.*<=42)]"
- [20/83]	"$[?(@[0:0]==42)]"
- [21/84]	"$[?(@[0:0]!=42)]"
- [22/85]	"$[?(@[0:0]<=42)]"
  [22/86]	"$[?($[0, 0]==42)]"
  [22/87]	"$[?($[0, 0]!=42)]"
  [22/88]	"$[?($[0, 0]<=42)]"
  [22/89]	"$[?($['a', 'a']==42)]"
  [22/90]	"$[?($['a', 'a']!=42)]"
  [22/91]	"$[?($['a', 'a']<=42)]"
  [22/92]	"$[?($[0, '0']==42)]"
  [22/93]	"$[?($[0, '0']!=42)]"
  [22/94]	"$[?($[0, '0']<=42)]"
  [22/95]	"$[?($.*==42)]"
  [22/96]	"$[?($.*!=42)]"
  [22/97]	"$[?($.*<=42)]"
  [22/98]	"$[?($[0:0]==42)]"
  [22/99]	"$[?($[0:0]!=42)]"
  [22/100]	"$[?($[0:0]<=42)]"
* [23/101]	"$[?@.a,?@.b]"
* [24/102]	"$[?@.a=='b',?@.b=='x']"
* [25/103]	"$[?@.a,?@.d]"
* [26/104]	"$[?@.a,1]"
* [27/105]	"$[?@.a,*]"
* [28/106]	"$[?@.a,1:]"
* [29/107]	"$[1, ?@.a=='b', 1:]"
  [29/108]	"$[?@.a==-0]"
  [29/109]	"$[?@.a==1.0]"
  [29/110]	"$[?@.a==1e2]"
  [29/111]	"$[?@.a==1e+2]"
  [29/112]	"$[?@.a==1e-2]"
  [29/113]	"$[?@.a==1.1]"
- [30/114]	"$[?@.a==1.]"
  [30/115]	"$[?@.a==1.1e2]"
  [30/116]	"$[?@.a==1.1e+2]"
  [30/117]	"$[?@.a==1.1e-2]"
* [31/118]	"$.values[?length(@.a) == value($..c)]"
  [31/119]	"$[?@<3]"
  [31/120]	"$[?@.a || @.b && @.b]"
  [31/121]	"$[?@.b && @.b || @.a]"
* [32/122]	"$[?(@.a || @.b) && @.a]"
* [33/123]	"$[?@.a && (@.b || @.a)]"
* [34/124]	"$[?(@.a || @.b) && @.b]"
  [34/125]	"$[?@ == \"quoted' literal\"]"
  [34/126]	"$[?@ == 'quoted\" literal']"
  [34/127]	"$[?@ == 'quoted\\' literal']"
  [34/128]	"$[?@ == \"quoted\\\" literal\"]"
- [35/129]	"$[?true]"
- [36/130]	"$[?false]"
  [36/131]	"$[?'abc']"
- [37/132]	"$[?2]"
  [37/133]	"$[?2.2]"
- [38/134]	"$[?null]"
- [39/135]	"$[?true && false]"
- [40/136]	"$[?true || false]"
- [41/137]	"$[?true == false && false]"
- [42/138]	"$[?true == false || false]"
- [43/139]	"$[?false && true == false]"
- [44/140]	"$[?false || true == false]"

--------------jsonpath/basic.json--------------
  [00/00]	"$"
- [01/01]	" $"
- [02/02]	"$ "
  [02/03]	"$.a"
  [02/04]	"$.☺"
  [02/05]	"$._"
- [03/06]	"$.&"
- [04/07]	"$.1"
  [04/08]	"$.c"
  [04/09]	"$.a"
  [04/10]	"$.*"
  [04/11]	"$.*"
  [04/12]	"$[*]"
  [04/13]	"$.*.a"
  [04/14]	"$[0,2]"
- [05/15]	"$[0 2]"
* [06/16]	"$['a',1]"
* [07/17]	"$['a',1]"
* [08/18]	"$[1,5:7]"
* [09/19]	"$[1,0:3]"
  [09/20]	"$[1,1]"
* [10/21]	"$[*,1]"
* [11/22]	"$[*,'a']"
* [12/23]	"$[*,0:2]"
* [13/24]	"$[*,*]"
  [13/25]	"$[]"
  [13/26]	"$..[1]"
  [13/27]	"$..a"
  [13/28]	"$..*"
  [13/29]	"$..[*]"
  [13/30]	"$..[*]"
  [13/31]	"$..[*]"
  [13/32]	"$..*"
  [13/33]	"$..*"
  [13/34]	"$..['a','d']"
  [13/35]	"$..['a','d']"
- [14/36]	"$.."

--------------jsonpath/index_selector.json--------------
  [00/00]	"$[0]"
  [00/01]	"$[1]"
  [00/02]	"$[2]"
  [00/03]	"$[231584178474632390847141970017375815706539969331281128078915168015826259279872]"
  [00/04]	"$[231584178474632390847141970017375815706539969331281128078915168SomeRandomText]"
  [00/05]	"$[-1]"
  [00/06]	"$[-2]"
  [00/07]	"$[-3]"
  [00/08]	"$[0]"
- [01/09]	"$[01]"
- [02/10]	"$[-01]"
{
    "code":"success",
    "data":{
        "data2":{
            "id":null,
            "type":null,
            "serveCategoryInfoList":[
                {
                    "id":0,
                    "infoList":[

                    ],
                    "idList":[
                        200226
                    ]
                },
                {
                    "id":1,
                    "idList":[
                        1,
                        2,
                        3,
                        4,
                        5,
                        6,
                        7
                    ]
                }
            ]
        }
    },
    "msg":"",
    "status":"1"
}

[{"id":1001,"salary":4000,"name":"jobs","valid":false},{"id":1001,"salary":5000}]
{
	"@type":"com.alibaba.fastjson2_vo.IntField1",
	"v0000":123
}
{
	"@type":"A#0",
	"@value":[
		{
			"@type":"com.alibaba.fastjson2.autoType.AutoTypeTest10$Bean4#1",
			"@value":{
				"params":{
					"@type":"LinkedList#2",
					"@value":[
						{}
					]
				}
			}
		},
		{
			"@type":"#1",
			"@value":{}
		}
	]
}
{}
{
	"@type":"JO1#0",
	"@value":{
		"data":{
			"@type":"A#1",
			"@value":[
				{
					"@type":"#0",
					"@value":{}
				}
			]
		}
	}
}
{
	"@type":"com.alibaba.fastjson2.autoType.AutoTypeTest10$Bean3#0",
	"@value":{
		"params":{
			"@type":"JO10#1",
			"@value":{}
		}
	}
}
{}
{
	"@type":"com.alibaba.fastjson2.autoType.AutoTypeTest20$Bean2#0",
	"@value":{
		"values":{
			"@type":"LinkedHashSet#1",
			"@value":[
				{
					"@type":"com.alibaba.fastjson2.autoType.AutoTypeTest20$XItem#2",
					"@value":"A"
				},
				{
					"@type":"#2",
					"@value":"B"
				},
				{
					"@type":"#2",
					"@value":"C"
				},
				{
					"@type":"#2",
					"@value":"D"
				}
			]
		}
	}
}
{
	"@type":"com.alibaba.fastjson2.autoType.AutoTypeTest20$Bean1#0",
	"@value":{
		"values":{
			"@type":"LinkedList#1",
			"@value":[
				{
					"@type":"com.alibaba.fastjson2.autoType.AutoTypeTest20$XItem#2",
					"@value":"A"
				},
				{
					"@type":"#2",
					"@value":"B"
				},
				{
					"@type":"#2",
					"@value":"C"
				},
				{
					"@type":"#2",
					"@value":"D"
				}
			]
		}
	}
}
{
	"@type":"com.alibaba.fastjson2.autoType.AutoTypeTest20$Bean2#0",
	"@value":{
		"values":{
			"@type":"LinkedHashSet#1",
			"@value":[
				{
					"@type":"com.alibaba.fastjson2.autoType.AutoTypeTest20$XItem#2",
					"@value":"A"
				},
				{
					"@type":"#2",
					"@value":"B"
				},
				{
					"@type":"#2",
					"@value":"C"
				},
				{
					"@type":"#2",
					"@value":"D"
				}
			]
		}
	}
}
{
	"@type":"com.alibaba.fastjson2.autoType.AutoTypeTest20$Bean3#0",
	"@value":{
		"values":[
			{
				"@type":"com.alibaba.fastjson2.autoType.AutoTypeTest20$XItem#1",
				"@value":"A"
			},
			{
				"@type":"#1",
				"@value":"D"
			},
			{
				"@type":"#1",
				"@value":"C"
			},
			{
				"@type":"#1",
				"@value":"B"
			}
		]
	}
}
{
	"@type":"com.alibaba.fastjson2.autoType.AutoTypeTest21$Bean1#0",
	"@value":{
		"item#1":{
			"id#2":101
		},
		"values#3":{
			"@type":"M#4",
			"@value":{
				{
					"@type":"com.alibaba.fastjson2.autoType.AutoTypeTest21$Item#5",
					"@value":{
						"#2":101
					}
				}:"101"
			}
		},
		"values2#6":{
			"@type":"#4",
			"@value":{
				{"$ref":"$.item"}:null
			}
		}
	}
}
{
	"@type":"com.alibaba.fastjson2.autoType.AutoTypeTest21$Bean1#0",
	"@value":{
		"item":{
			"id":101
		},
		"values":{
			"@type":"LM#1",
			"@value":{
				{
					"@type":"com.alibaba.fastjson2.autoType.AutoTypeTest21$Item#2",
					"@value":{
						"id":101
					}
				}:"101"
			}
		},
		"values2":{
			"@type":"#1",
			"@value":{
				{
					"@type":"#2",
					"@value":{
						"id":101
					}
				}:"101"
			}
		}
	}
}
{
	"@type":"com.alibaba.fastjson2.autoType.AutoTypeTest21$Bean2#0",
	"@value":{
		"item":{
			"id":101
		},
		"values":{
			"@type":"M#1",
			"@value":{
				{
					"@type":"com.alibaba.fastjson2.autoType.AutoTypeTest21$Item#2",
					"@value":{
						"id":101
					}
				}:"101"
			}
		},
		"values2":{
			"@type":"#1",
			"@value":{
				{"$ref":"$.item"}:null
			}
		}
	}
}
{
	"@type":"com.alibaba.fastjson2.autoType.AutoTypeTest16_pairKey$Bean#0",
	"@value":{
		"map":{
			"@type":"M#1",
			"@value":{
				{
					"@type":"org.apache.commons.lang3.tuple.MutablePair#2",
					"@value":{
						"left":1,
						"right":2
					}
				}:"12"
			}
		}
	}
}
{
	"@type":"com.alibaba.fastjson2.autoType.AutoTypeTest16_pairKey$Bean#0",
	"@value":{
		"map":{
			"@type":"M#1",
			"@value":{
				{
					"@type":"org.apache.commons.lang3.tuple.ImmutablePair#2",
					"@value":{
						"left":1,
						"right":2
					}
				}:"12"
			}
		}
	}
}
{
	"@type":"com.alibaba.fastjson2.autoType.AutoTypeTest43_dynamic$Model#0",
	"@value":{
		"id":102
	}
}
{
	"@type":"com.alibaba.fastjson2.autoType.AutoTypeTest29_Byte$Bean1#0",
	"@value":{
		"value":1
	}
}
{
	"@type":"com.alibaba.fastjson2.autoType.AutoTypeTest29_Byte$Bean2#0",
	"@value":{
		"value":1
	}
}
{
	"@type":"com.alibaba.fastjson2.autoType.AutoTypeTest29_Byte$Bean3#0",
	"@value":{
		"value":1
	}
}
{
	"@type":"LinkedList#0",
	"@value":[
		{
			"@type":"com.alibaba.fastjson2.autoType.AutoTypeTest32$Bean#1",
			"@value":{
				"items":{
					"@type":"#0",
					"@value":[
						{},
						{},
						{}
					]
				}
			}
		},
		{
			"@type":"#1",
			"@value":{
				"items":null
			}
		},
		{
			"@type":"#1",
			"@value":{
				"items":null
			}
		}
	]
}
{
	"@type":"LinkedList#0",
	"@value":[
		{
			"@type":"com.alibaba.fastjson2.autoType.AutoTypeTest32$Bean#1",
			"@value":{
				"items":{
					"@type":"#0",
					"@value":[
						{},
						{},
						{}
					]
				}
			}
		},
		{
			"@type":"#1",
			"@value":{
				"items":{
					"@type":"java.util.Collections$SingletonList#2",
					"@value":[
						{}
					]
				}
			}
		},
		{
			"@type":"#1",
			"@value":{
				"items":null
			}
		}
	]
}
{
	"@type":"com.alibaba.fastjson2.autoType.AutoTypeTest22$Bean1#0",
	"@value":{
		"item":{
			"@type":"com.alibaba.fastjson2.autoType.AutoTypeTest22$XItem#1",
			"@value":{
				"id":101
			}
		},
		"item1":{"$ref":"$.item"}
	}
}
{
	"@type":"com.alibaba.fastjson2.autoType.AutoTypeTest9$Bean4#0",
	"@value":{
		"values":[
			{
				"@type":"LM#1",
				"@value":{}
			}
		]
	}
}
{
	"@type":"com.alibaba.fastjson2.autoType.AutoTypeTest9$Bean#0",
	"@value":{
		"values":[]
	}
}
{
	"@type":"com.alibaba.fastjson2.autoType.AutoTypeTest9$Bean2#0",
	"@value":{
		"values":[1]
	}
}
{
	"@type":"com.alibaba.fastjson2.autoType.AutoTypeTest9$Bean3#0",
	"@value":{
		"values":{
			"@type":"JO1#1",
			"@value":{
				"set":{
					"@type":"HashSet#2",
					"@value":[]
				}
			}
		}
	}
}
{
	"@type":"com.alibaba.fastjson2.autoType.AutoTypeTest9$Bean4#0",
	"@value":{
		"values":[
			{
				"@type":"JO1#1",
				"@value":{}
			}
		]
	}
}
{
	"@type":"com.alibaba.fastjson2.autoType.AutoTypeTest9$Bean5#0",
	"@value":{
		"values":{
			"data":{
				"@type":"A#1",
				"@value":[
					{
						"@type":"JO1#2",
						"@value":{}
					}
				]
			}
		}
	}
}
{
	"@type":"com.alibaba.fastjson2.autoType.AutoTypeTest39_ListStr$Bean#0",
	"@value":{
		"items":{
			"@type":"LinkedList#1",
			"@value":[
				"abcde",
				"abcde"
			]
		}
	}
}
{
	"@type":"com.alibaba.fastjson2.autoType.AutoTypeTest39_ListStr$Bean#0",
	"@value":{
		"items":{
			"@type":"java.util.Collections$SingletonList#1",
			"@value":["abc"]
		}
	}
}
{
	"@type":"com.alibaba.fastjson2.autoType.AutoTypeTest39_ListStr$Bean#0",
	"@value":{
		"items":{
			"@type":"java.util.Collections$SingletonList#1",
			"@value":["abc"]
		}
	}
}
{
	"@type":"com.alibaba.fastjson2.autoType.AutoTypeTest39_ListStr$Bean#0",
	"@value":{
		"items":{
			"@type":"java.util.Arrays$ArrayList#1",
			"@value":["abc"]
		}
	}
}
{
	"@type":"com.alibaba.fastjson2.autoType.AutoTypeTest39_ListStr$Bean#0",
	"@value":{
		"items":{
			"@type":"LinkedList#1",
			"@value":["abc"]
		}
	}
}
{
	"@type":"[Long#0",
	"@value":[101]
}
{
	"@type":"[UUID#0",
	"@value":[
		[
			97,
			110,
			-40,
			52,
			4,
			-109,
			66,
			126,
			-107,
			-88,
			44,
			1,
			96,
			46,
			23,
			13
		]
	]
}
{
	"@type":"[String#0",
	"@value":["101"]
}
{
	"@type":"[BigDecimal#0",
	"@value":[
		101
	]
}
{
	"@type":"[BigInteger#0",
	"@value":[101]
}
{
	"@type":"com.alibaba.fastjson2.autoType.AutoTypeTest31_array$BeanLong64Array#0",
	"@value":{
		"values":[101]
	}
}
{
	"@type":"[J#0",
	"@value":[101]
}
{
	"@type":"com.alibaba.fastjson2.autoType.AutoTypeTest31_array$BeanInteger64Array#0",
	"@value":{
		"values":[101]
	}
}
{
	"@type":"List#0",
	"@value":[101]
}
{
	"@type":"Set#0",
	"@value":["a"]
}
{
	"@type":"List#0",
	"@value":[101]
}
{
	"@type":"Set#0",
	"@value":["a"]
}
{
	"@type":"Set#0",
	"@value":["a"]
}
{
	"@type":"List#0",
	"@value":[101]
}
{
	"@type":"List#0",
	"@value":[101]
}
{
	"@type":"List#0",
	"@value":[101]
}
{
	"@type":"Set#0",
	"@value":["a"]
}
{
	"@type":"Set#0",
	"@value":["a"]
}
{
	"@type":"com.alibaba.fastjson2.autoType.AutoTypeTest18$Bean1#0",
	"@value":{
		"values":{
			"@type":"LinkedList#1",
			"@value":[
				{
					"@type":"com.alibaba.fastjson2.autoType.AutoTypeTest18$XItem#2",
					"@value":{}
				},
				{
					"@type":"com.alibaba.fastjson2.autoType.AutoTypeTest18$YItem#3",
					"@value":{}
				}
			]
		}
	}
}
{
	"@type":"com.alibaba.fastjson2.autoType.AutoTypeTest18$Bean2#0",
	"@value":{
		"values":{
			"@type":"LinkedHashSet#1",
			"@value":[
				{
					"@type":"com.alibaba.fastjson2.autoType.AutoTypeTest18$XItem#2",
					"@value":{}
				},
				{
					"@type":"com.alibaba.fastjson2.autoType.AutoTypeTest18$YItem#3",
					"@value":{}
				},
				{
					"@type":"com.alibaba.fastjson2.autoType.AutoTypeTest18$ZEnum#4",
					"@value":"A"
				}
			]
		}
	}
}
{
	"@type":"LinkedList#0",
	"@value":[
		{
			"@type":"com.alibaba.fastjson2.autoType.AutoTypeTest33$Bean#1",
			"@value":{
				"items":{
					"@type":"#0",
					"@value":[
						{
							"@type":"com.alibaba.fastjson2.autoType.AutoTypeTest33$Item#2",
							"@value":{}
						},
						{
							"@type":"#2",
							"@value":{}
						},
						{
							"@type":"#2",
							"@value":{}
						}
					]
				}
			}
		},
		{
			"@type":"#1",
			"@value":{
				"items":null
			}
		},
		{
			"@type":"#1",
			"@value":{
				"items":null
			}
		}
	]
}
{
	"@type":"LinkedList#0",
	"@value":[
		{
			"@type":"com.alibaba.fastjson2.autoType.AutoTypeTest33$Bean#1",
			"@value":{
				"items":{
					"@type":"#0",
					"@value":[
						{
							"@type":"com.alibaba.fastjson2.autoType.AutoTypeTest33$Item#2",
							"@value":{}
						},
						{
							"@type":"#2",
							"@value":{}
						},
						{
							"@type":"#2",
							"@value":{}
						}
					]
				}
			}
		},
		{
			"@type":"#1",
			"@value":{
				"items":{
					"@type":"java.util.Collections$SingletonList#3",
					"@value":[
						{
							"@type":"#2",
							"@value":{}
						}
					]
				}
			}
		},
		{
			"@type":"#1",
			"@value":{
				"items":null
			}
		}
	]
}
{
	"@type":"LinkedList#0",
	"@value":[
		{
			"@type":"com.alibaba.fastjson2.autoType.AutoTypeTest33$Bean#1",
			"@value":{
				"items":{
					"@type":"#0",
					"@value":[
						{
							"@type":"com.alibaba.fastjson2.autoType.AutoTypeTest33$Item#2",
							"@value":{}
						},
						{
							"@type":"#2",
							"@value":{}
						},
						{
							"@type":"#2",
							"@value":{}
						}
					]
				}
			}
		},
		{
			"@type":"#1",
			"@value":{
				"items":{
					"@type":"java.util.Collections$SingletonSet#3",
					"@value":[
						{}
					]
				}
			}
		},
		{
			"@type":"#1",
			"@value":{
				"items":null
			}
		}
	]
}
{
	"@type":"com.alibaba.fastjson2.autoType.AutoTypeTest26$Bean1#0",
	"@value":{
		"items":{
			"@type":"java.util.Collections$UnmodifiableMap#1",
			"@value":{}
		}
	}
}
{
	"@type":"com.alibaba.fastjson2.autoType.AutoTypeTest26$Bean1#0",
	"@value":{
		"items":{
			"@type":"java.util.Collections$UnmodifiableSortedMap#1",
			"@value":{}
		}
	}
}
{
	"@type":"com.alibaba.fastjson2.autoType.AutoTypeTest26$Bean1#0",
	"@value":{
		"items":{
			"@type":"java.util.Collections$UnmodifiableNavigableMap#1",
			"@value":{}
		}
	}
}
{
	"@type":"com.alibaba.fastjson2.autoType.AutoTypeTest26$Bean1#0",
	"@value":{
		"items":{
			"@type":"com.google.common.collect.RegularImmutableMap#1",
			"@value":{}
		}
	}
}
{
	"@type":"com.alibaba.fastjson2.autoType.AutoTypeTest26$Bean1#0",
	"@value":{
		"items":{
			"@type":"java.util.Collections$UnmodifiableNavigableMap$EmptyNavigableMap#1",
			"@value":{}
		}
	}
}
{
	"@type":"com.alibaba.fastjson2.autoType.AutoTypeTest26$Bean1#0",
	"@value":{
		"items":{
			"@type":"EmptyMap#1",
			"@value":{}
		}
	}
}
{
	"@type":"com.alibaba.fastjson2.autoType.AutoTypeTest26$Bean1#0",
	"@value":{
		"items":{
			"@type":"java.util.Collections$UnmodifiableNavigableMap$EmptyNavigableMap#1",
			"@value":{}
		}
	}
}
{
	"@type":"com.alibaba.fastjson2.autoType.AutoTypeTest26$Bean1#0",
	"@value":{
		"items":{
			"@type":"com.google.common.collect.SingletonImmutableBiMap#1",
			"@value":{
				"a":0
			}
		}
	}
}
{
	"@type":"com.alibaba.fastjson2.autoType.AutoTypeTest26$Bean1#0",
	"@value":{
		"items":{
			"@type":"java.util.Collections$SingletonMap#1",
			"@value":{
				"a":1
			}
		}
	}
}
{
	"@type":"com.alibaba.fastjson2.autoType.AutoTypeTest23$Bean1#0",
	"@value":{
		"items":{
			"@type":"[com.alibaba.fastjson2.autoType.AutoTypeTest23$XItem#1",
			"@value":[]
		},
		"items1":{"$ref":"$.items"}
	}
}
{
	"@type":"com.alibaba.fastjson2.autoType.AutoTypeTest23$Bean2#0",
	"@value":{
		"items":[
			"a",
			"b"
		],
		"items1":{"$ref":"$.items"}
	}
}
{
	"@type":"com.alibaba.fastjson2.autoType.AutoTypeFilterTest1$RpcException#0",
	"@value":{
		"stackTrace#1":[],
		"suppressedExceptions#2":{
			"@type":"java.util.Collections$EmptyList#3",
			"@value":[]
		}
	}
}
{
	"@type":"com.alibaba.fastjson2.autoType.AutoTypeTest28_Short$Bean1#0",
	"@value":{
		"value":1
	}
}
{
	"@type":"com.alibaba.fastjson2.autoType.AutoTypeTest28_Short$Bean2#0",
	"@value":{
		"value":1
	}
}
{
	"@type":"com.alibaba.fastjson2.autoType.AutoTypeTest28_Short$Bean3#0",
	"@value":{
		"value":1
	}
}
{
	"@type":"com.alibaba.fastjson2.autoType.AutoTypeTest17$Bean2#0",
	"@value":{
		"values":[
			{
				"@type":"com.alibaba.fastjson2.autoType.AutoTypeTest17$XItem#1",
				"@value":{}
			},
			{
				"@type":"com.alibaba.fastjson2.autoType.AutoTypeTest17$Item#2",
				"@value":{}
			}
		]
	}
}
{
	"@type":"com.alibaba.fastjson2.autoType.AutoTypeTest17$Bean3#0",
	"@value":{
		"values":[
			{
				"@type":"com.alibaba.fastjson2.autoType.AutoTypeTest17$XItem#1",
				"@value":{}
			},
			{}
		]
	}
}
{
	"@type":"com.alibaba.fastjson2.autoType.AutoTypeTest17$Bean4#0",
	"@value":{
		"values":{
			"@type":"LM#1",
			"@value":{
				"0":{
					"@type":"com.alibaba.fastjson2.autoType.AutoTypeTest17$XItem#2",
					"@value":{}
				},
				"1":{}
			}
		}
	}
}
{
	"@type":"com.alibaba.fastjson2.autoType.AutoTypeTest17$Bean5#0",
	"@value":{
		"item":{}
	}
}
{
	"@type":"com.alibaba.fastjson2.autoType.AutoTypeTest17$Bean5#0",
	"@value":{
		"item":{
			"@type":"com.alibaba.fastjson2.autoType.AutoTypeTest17$XItem#1",
			"@value":{}
		}
	}
}
{
	"@type":"com.alibaba.fastjson2.autoType.AutoTypeTest17$Bean6#0",
	"@value":{
		"values":{
			"0":{
				"@type":"com.alibaba.fastjson2.autoType.AutoTypeTest17$XItem#1",
				"@value":{}
			},
			"1":{}
		}
	}
}
{
	"@type":"com.alibaba.fastjson2.autoType.AutoTypeTest17$Bean8#0",
	"@value":{
		"values":{
			"@type":"LM#1",
			"@value":{
				0:{
					"@type":"com.alibaba.fastjson2.autoType.AutoTypeTest17$XItem#2",
					"@value":{}
				},
				1:{}
			}
		}
	}
}
{
	"@type":"LM#0",
	"@value":{
		{
			"@type":"java.lang.Class#1",
			"@value":"java.lang.String"
		}:"S"
	}
}
{
	{
		"@type":"HashSet#0",
		"@value":[]
	}:"A",
	{
		"@type":"EmptyMap#1",
		"@value":{}
	}:"C",
	{
		{}:"D"
	}:"E"
}
{
	"@type":"com.alibaba.fastjson2.autoType.AutoTypeTest34_ListStr$Bean#0",
	"@value":{
		"items":{
			"@type":"LinkedList#1",
			"@value":[
				"abcde",
				"abcde"
			]
		}
	}
}
{
	"@type":"com.alibaba.fastjson2.autoType.AutoTypeTest34_ListStr$Bean#0",
	"@value":{
		"items":{
			"@type":"java.util.Collections$SingletonList#1",
			"@value":["abc"]
		}
	}
}
{
	"@type":"com.alibaba.fastjson2.autoType.AutoTypeTest34_ListStr$Bean#0",
	"@value":{
		"items":{
			"@type":"java.util.Collections$SingletonSet#1",
			"@value":["abc"]
		}
	}
}
{
	"@type":"com.alibaba.fastjson2.autoType.AutoTypeTest34_ListStr$Bean#0",
	"@value":{
		"items":{
			"@type":"java.util.Arrays$ArrayList#1",
			"@value":["abc"]
		}
	}
}
{
	"@type":"com.alibaba.fastjson2.autoType.AutoTypeTest34_ListStr$Bean#0",
	"@value":{
		"items":{
			"@type":"java.util.Collections$UnmodifiableCollection#1",
			"@value":["abc"]
		}
	}
}
{
	"@type":"com.alibaba.fastjson2.autoType.AutoTypeTest38_DupType$Bean#0",
	"@value":{
		"first":{
			"@type":"com.alibaba.fastjson2.autoType.AutoTypeTest38_DupType$Item#1",
			"@value":{
				"id":101,
				"name":"DataWorks"
			}
		},
		"second":{
			"@type":"#1",
			"@value":{
				"id":102,
				"name":"MaxCompute"
			}
		},
		"third":{
			"@type":"#1",
			"@value":{
				"id":102,
				"name":"EMR"
			}
		}
	}
}
{
	"@type":"com.alibaba.fastjson2.autoType.AutoTypeTest46_Pair$Bean#0",
	"@value":{
		"pair1#1":{
			"@type":"org.apache.commons.lang3.tuple.ImmutablePair#2",
			"@value":{
				"left#3":"101",
				"right#4":true
			}
		},
		"pair2#5":{
			"@type":"#2",
			"@value":{
				"#3":"102",
				"#4":true
			}
		}
	}
}
{
	"@type":"com.alibaba.fastjson2.autoType.AutoTypeTest36_SetLong$Bean#0",
	"@value":{
		"values":[100],
		"values1":[100]
	}
}
[
	{
		"@type":"com.alibaba.fastjson2.autoType.AutoTypeTest36_SetLong$Bean2#0",
		"@value":{
			"values":[100]
		}
	},
	{
		"@type":"#0",
		"@value":{
			"values":[200]
		}
	},
	{
		"@type":"#0",
		"@value":{
			"values":[300]
		}
	}
]
{
	"@type":"com.alibaba.fastjson2.autoType.AutoTypeTest36_SetLong$Bean2#0",
	"@value":{
		"values":[100]
	}
}
{
	"@type":"com.alibaba.fastjson2.autoType.AutoTypeTest36_MapAtomicLong$Bean#0",
	"@value":{
		"map":{
			"123":{
				"@type":"AtomicLong#1",
				"@value":123
			}
		}
	}
}
{
	"@type":"com.alibaba.fastjson2.autoType.AutoTypeTest36_MapAtomicLong$Bean#0",
	"@value":{
		"map":{
			"123":{
				"@type":"AtomicInteger#1",
				"@value":123
			}
		}
	}
}
{
	"@type":"com.google.common.collect.AbstractMapBasedMultimap$RandomAccessWrappedList#0",
	"@value":[
		101,
		102,
		101
	]
}
{
	"@type":"com.google.common.collect.AbstractMapBasedMultimap$WrappedSet#0",
	"@value":{
		"ancestor":null,
		"ancestorDelegate":null,
		"delegate":{
			"@type":"HashSet#1",
			"@value":[
				101,
				102
			]
		},
		"key":"a",
		"this$0":{
			"@type":"com.google.common.collect.HashMultimap#2",
			"@value":{
				"a":{
					"@type":"#0",
					"@value":{
						"ancestor":null,
						"ancestorDelegate":null,
						"delegate":{"$ref":"$.delegate"},
						"key":"a",
						"this$0":{"$ref":"$.this$0"}
					}
				}
			}
		}
	}
}
{
	"@type":"com.alibaba.fastjson2.autoType.AutoTypeTest27$Bean1#0",
	"@value":{
		"items":{
			"@type":"java.util.Arrays$ArrayList#1",
			"@value":[
				0,
				1,
				2,
				3
			]
		}
	}
}
{
	"@type":"com.alibaba.fastjson2.autoType.AutoTypeTest27$Bean1#0",
	"@value":{
		"items":{
			"@type":"java.util.Collections$EmptySet#1",
			"@value":[]
		}
	}
}
{
	"@type":"com.alibaba.fastjson2.autoType.AutoTypeTest27$Bean1#0",
	"@value":{
		"items":{
			"@type":"java.util.Collections$UnmodifiableCollection#1",
			"@value":[]
		}
	}
}
{
	"@type":"com.alibaba.fastjson2.autoType.AutoTypeTest27$Bean1#0",
	"@value":{
		"items":{
			"@type":"java.util.AbstractList$SubList#1",
			"@value":[0]
		}
	}
}
{
	"@type":"com.alibaba.fastjson2.autoType.AutoTypeTest27$Bean1#0",
	"@value":{
		"items":{
			"@type":"A#1",
			"@value":[0]
		}
	}
}
{
	"@type":"com.alibaba.fastjson2.autoType.AutoTypeTest27$Bean1#0",
	"@value":{
		"items":{
			"@type":"java.util.Collections$UnmodifiableSortedSet#1",
			"@value":["A"]
		}
	}
}
{
	"@type":"com.alibaba.fastjson2.autoType.AutoTypeTest27$Bean1#0",
	"@value":{
		"items":{
			"@type":"java.util.Collections$UnmodifiableNavigableSet#1",
			"@value":["A"]
		}
	}
}
{
	"@type":"com.alibaba.fastjson2.autoType.AutoTypeTest27$Bean1#0",
	"@value":{
		"items":{
			"@type":"java.util.Collections$SingletonSet#1",
			"@value":["1"]
		}
	}
}
{
	"@type":"com.alibaba.fastjson2.autoType.AutoTypeTest27$Bean1#0",
	"@value":{
		"items":{
			"@type":"java.util.Collections$UnmodifiableSet#1",
			"@value":[]
		}
	}
}
{
	"@type":"com.alibaba.fastjson2.autoType.AutoTypeTest45_ListNullItem$Bean#0",
	"@value":{
		"items":[
			null,
			{}
		]
	}
}
diff type $.sesameBlock_1.fields.map, left class java.util.HashMap, right class com.alibaba.fastjson.JSONObject
diff JSONObject1 $.sesameBlock_1.fields
diff map $.sesameBlock_1, com.alibaba.fastjson.JSONObject
diff map $, com.alibaba.fastjson.JSONObject
{
	"@type":"[O#0",
	"@value":[
		{
			"@type":"TimeUnit#1",
			"@value":"DAYS"
		}
	]
}
{
	"a":{
		"@type":"com.alibaba.fastjson2.autoType.AutoTypeTest37_MapBean$Item#0",
		"@value":{
			"child":null,
			"id":101
		}
	},
	"b":{
		"@type":"#0",
		"@value":{
			"child":null,
			"id":102
		}
	},
	"c":{
		"@type":"#0",
		"@value":{
			"child":{},
			"id":103
		}
	}
}
{
	"@type":"com.alibaba.fastjson2.autoType.AutoTypeTest19$Bean2#0",
	"@value":{
		"values":{
			"@type":"LinkedList#1",
			"@value":[
				{
					"@type":"com.alibaba.fastjson2.autoType.AutoTypeTest19$XItem2#2",
					"@value":{
						"id":0,
						"value":0
					}
				},
				{
					"@type":"#2",
					"@value":{
						"id":0,
						"value":0
					}
				},
				{
					"@type":"#2",
					"@value":{
						"id":0,
						"value":0
					}
				}
			]
		}
	}
}
{
	"@type":"com.alibaba.fastjson2.autoType.AutoTypeTest19$Bean1#0",
	"@value":{
		"f1":false,
		"id":123,
		"v1":0,
		"values":{
			"@type":"LinkedList#1",
			"@value":[
				{
					"key":"101",
					"value":1
				},
				{
					"gmtCreate":1791304295782,
					"key":"102",
					"value":2
				},
				{
					"gmtCreate":1791304295782,
					"key":"103",
					"value":"3"
				}
			]
		}
	}
}
{
	"@type":"com.alibaba.fastjson2.autoType.AutoTypeTest19$Bean2#0",
	"@value":{
		"values":{
			"@type":"LinkedList#1",
			"@value":[
				{
					"@type":"com.alibaba.fastjson2.autoType.AutoTypeTest19$XItem2#2",
					"@value":{
						"id":0,
						"value":0
					}
				}
			]
		}
	}
}
{
	"@type":"com.alibaba.fastjson2.autoType.AutoTypeTest25$Bean1#0",
	"@value":{
		"items":{
			"@type":"TreeMap#1",
			"@value":{
				"a":{
					"a1":null,
					"child":null,
					"chilren":null
				}
			}
		}
	}
}
{
	"@type":"com.alibaba.fastjson2.autoType.AutoTypeTest44_customList$1#0",
	"@value":[101]
}
{
	"@type":"com.alibaba.fastjson2.autoType.AutoTypeTest44_customList$2#0",
	"@value":[101]
}
{
	"@type":"M#0",
	"@value":{
		"a":101
	}
}
{
	"@type":"com.alibaba.fastjson2.autoType.AutoTypeTest24$Bean1#0",
	"@value":{
		"items":[
			"1",
			"2"
		]
	}
}
{
	"@type":"com.alibaba.fastjson2.autoType.AutoTypeTest16_enums$Bean1#0",
	"@value":{
		"values":{
			"@type":"LinkedList#1",
			"@value":[
				"DAYS",
				"SECONDS",
				"DAYS"
			]
		}
	}
}
{
	"@type":"com.alibaba.fastjson2.autoType.AutoTypeTest16_enums$Bean2#0",
	"@value":{
		"values":{
			"@type":"LinkedList#1",
			"@value":[
				{
					"children":{
						"@type":"A#2",
						"@value":[
							{
								"id":11
							},
							{
								"id":12
							}
						]
					}
				},
				{
					"children":{
						"@type":"#2",
						"@value":[
							{
								"id":21
							},
							{
								"id":22
							}
						]
					}
				}
			]
		}
	}
}
{
	"@type":"com.alibaba.fastjson2.autoType.AutoTypeTest36_MapLong$Bean#0",
	"@value":{
		"values":{
			"abc":100
		}
	}
}
{
	"@type":"com.alibaba.fastjson2.autoType.AutoTypeTest40_listBeanMap$Bean#0",
	"@value":{
		"items":[
			{
				"@type":"M#1",
				"@value":{}
			}
		]
	}
}
{
	"@type":"com.alibaba.fastjson2.autoType.AutoTypeTest40_listBeanMap$Bean2#0",
	"@value":{
		"items":{
			"a":{
				"@type":"M#1",
				"@value":{}
			}
		}
	}
}
{
	"@type":"com.alibaba.fastjson2.autoType.AutoTypeTest8$Bean#0",
	"@value":{
		"values":{
			"@type":"[com.alibaba.fastjson2.autoType.AutoTypeTest8$A1#1",
			"@value":[
				{}
			]
		}
	}
}
[{}]
[{}]
{
	"@type":"com.alibaba.fastjson2.autoType.AutoTypeTest8$ListBean#0",
	"@value":{
		"values":{
			"@type":"LinkedList#1",
			"@value":[
				{
					"@type":"com.alibaba.fastjson2.autoType.AutoTypeTest8$A#2",
					"@value":{}
				}
			]
		}
	}
}
{
	"@type":"com.alibaba.fastjson2.autoType.AutoTypeTest8$ListBean2#0",
	"@value":{
		"values":[
			{
				"@type":"com.alibaba.fastjson2.autoType.AutoTypeTest8$A#1",
				"@value":{}
			}
		]
	}
}
{
	"@type":"com.alibaba.fastjson2.autoType.AutoTypeTest30$Bean1#0",
	"@value":{
		"items":["101"]
	}
}
{
	"@type":"com.alibaba.fastjson2.autoType.AutoTypeTest30$Bean2#0",
	"@value":{
		"value":"1001"
	}
}
[
	{
		"@type":"com.alibaba.fastjson2.autoType.AutoTypeTest30$Bean1#0",
		"@value":{
			"items":["101"]
		}
	},
	{
		"@type":"#0",
		"@value":{
			"items":["102"]
		}
	},
	{
		"@type":"#0",
		"@value":{
			"items":["103"]
		}
	}
]
{"name":123456789,"id":"abc"}
[
	{
		"name":"id",
		"inferSQLType":"STRING",
		"inferType":"java.lang.String",
		"integers":7702,
		"numbers":7702,
		"precision":10,
		"values":15404
	},
	{
		"name":"type",
		"inferSQLType":"STRING",
		"inferType":"java.lang.String",
		"precision":29,
		"values":15404
	},
	{
		"name":"actor",
		"inferSQLType":"STRING",
		"inferType":"java.util.Map",
		"maps":7702,
		"values":7702
	},
	{
		"name":"actor.id",
		"inferSQLType":"INT",
		"inferType":"java.lang.Integer",
		"integers":7702,
		"numbers":7702,
		"values":7702
	},
	{
		"name":"actor.login",
		"inferSQLType":"STRING",
		"inferType":"java.lang.String",
		"integers":3,
		"numbers":3,
		"precision":27,
		"values":15404
	},
	{
		"name":"actor.gravatar_id",
		"inferSQLType":"STRING",
		"inferType":"java.lang.String",
		"nulls":7702,
		"values":15404
	},
	{
		"name":"actor.url",
		"inferSQLType":"STRING",
		"inferType":"java.lang.String",
		"precision":56,
		"values":15404
	},
	{
		"name":"actor.avatar_url",
		"inferSQLType":"STRING",
		"inferType":"java.lang.String",
		"precision":49,
		"values":15404
	},
	{
		"name":"repo",
		"inferSQLType":"STRING",
		"inferType":"java.util.Map",
		"maps":7702,
		"values":7702
	},
	{
		"name":"repo.id",
		"inferSQLType":"INT",
		"inferType":"java.lang.Integer",
		"integers":7702,
		"numbers":7702,
		"values":7702
	},
	{
		"name":"repo.name",
		"errors":64,
		"inferSQLType":"STRING",
		"inferType":"java.lang.String",
		"precision":54,
		"values":15404
	},
	{
		"name":"repo.url",
		"inferSQLType":"STRING",
		"inferType":"java.lang.String",
		"precision":83,
		"values":15404
	},
	{
		"name":"payload",
		"inferSQLType":"STRING",
		"inferType":"java.util.Map",
		"maps":7702,
		"values":7702
	},
	{
		"name":"payload.push_id",
		"inferSQLType":"INT",
		"inferType":"java.lang.Integer",
		"integers":4280,
		"numbers":4280,
		"values":4280
	},
	{
		"name":"payload.size",
		"inferSQLType":"INT",
		"inferType":"java.lang.Integer",
		"integers":4280,
		"numbers":4280,
		"values":4280
	},
	{
		"name":"payload.distinct_size",
		"inferSQLType":"INT",
		"inferType":"java.lang.Integer",
		"integers":4280,
		"numbers":4280,
		"values":4280
	},
	{
		"name":"payload.ref",
		"errors":192,
		"inferSQLType":"STRING",
		"inferType":"java.lang.String",
		"integers":1,
		"nulls":290,
		"numbers":10,
		"precision":250,
		"scale":4,
		"values":9892
	},
	{
		"name":"payload.head",
		"inferSQLType":"STRING",
		"inferType":"java.lang.String",
		"precision":40,
		"values":8560
	},
	{
		"name":"payload.before",
		"inferSQLType":"STRING",
		"inferType":"java.lang.String",
		"precision":40,
		"values":8560
	},
	{
		"name":"payload.commits",
		"arrays":4280,
		"inferSQLType":"STRING",
		"inferType":"java.util.Collection",
		"maps":5706,
		"values":9986
	},
	{
		"name":"payload.commits[0].sha",
		"inferSQLType":"STRING",
		"inferType":"java.lang.String",
		"precision":40,
		"values":8270
	},
	{
		"name":"payload.commits[0].author",
		"inferSQLType":"STRING",
		"inferType":"java.util.Map",
		"maps":4135,
		"values":4135
	},
	{
		"name":"payload.commits[0].author.email",
		"inferSQLType":"STRING",
		"inferType":"java.lang.String",
		"precision":77,
		"values":8270
	},
	{
		"name":"payload.commits[0].author.name",
		"inferSQLType":"STRING",
		"inferType":"java.lang.String",
		"integers":1,
		"nonAsciiStrings":83,
		"numbers":1,
		"precision":35,
		"values":8270
	},
	{
		"name":"payload.commits[0].message",
		"dates":2,
		"errors":26,
		"inferSQLType":"STRING",
		"inferType":"java.lang.String",
		"integers":19,
		"nonAsciiStrings":64,
		"nulls":6,
		"numbers":20,
		"precision":3949,
		"scale":2,
		"values":8270
	},
	{
		"name":"payload.commits[0].distinct",
		"booleans":4135,
		"inferSQLType":"STRING",
		"inferType":"java.lang.Boolean",
		"values":4135
	},
	{
		"name":"payload.commits[0].url",
		"inferSQLType":"STRING",
		"inferType":"java.lang.String",
		"precision":132,
		"values":8270
	},
	{
		"name":"public",
		"booleans":7702,
		"inferSQLType":"STRING",
		"inferType":"java.lang.Boolean",
		"values":7702
	},
	{
		"name":"created_at",
		"dates":7702,
		"inferSQLType":"STRING",
		"inferType":"java.lang.String",
		"values":15404
	},
	{
		"name":"payload.ref_type",
		"inferSQLType":"STRING",
		"inferType":"java.lang.String",
		"precision":10,
		"values":1912
	},
	{
		"name":"payload.master_branch",
		"inferSQLType":"STRING",
		"inferType":"java.lang.String",
		"precision":13,
		"values":1630
	},
	{
		"name":"payload.description",
		"inferSQLType":"STRING",
		"inferType":"java.lang.String",
		"integers":4,
		"nonAsciiStrings":20,
		"nulls":256,
		"numbers":4,
		"precision":469,
		"values":1576
	},
	{
		"name":"payload.pusher_type",
		"inferSQLType":"STRING",
		"inferType":"java.lang.String",
		"precision":4,
		"values":1912
	},
	{
		"name":"payload.commits[1].sha",
		"inferSQLType":"STRING",
		"inferType":"java.lang.String",
		"precision":40,
		"values":1462
	},
	{
		"name":"payload.commits[1].author",
		"inferSQLType":"STRING",
		"inferType":"java.util.Map",
		"maps":731,
		"values":731
	},
	{
		"name":"payload.commits[1].author.email",
		"inferSQLType":"STRING",
		"inferType":"java.lang.String",
		"precision":77,
		"values":1462
	},
	{
		"name":"payload.commits[1].author.name",
		"inferSQLType":"STRING",
		"inferType":"java.lang.String",
		"nonAsciiStrings":9,
		"precision":30,
		"values":1462
	},
	{
		"name":"payload.commits[1].message",
		"errors":3,
		"inferSQLType":"STRING",
		"inferType":"java.lang.String",
		"nonAsciiStrings":6,
		"numbers":2,
		"precision":2336,
		"scale":4,
		"values":1462
	},
	{
		"name":"payload.commits[1].distinct",
		"booleans":731,
		"inferSQLType":"STRING",
		"inferType":"java.lang.Boolean",
		"values":731
	},
	{
		"name":"payload.commits[1].url",
		"inferSQLType":"STRING",
		"inferType":"java.lang.String",
		"precision":132,
		"values":1462
	},
	{
		"name":"payload.commits[2].sha",
		"inferSQLType":"STRING",
		"inferType":"java.lang.String",
		"precision":40,
		"values":640
	},
	{
		"name":"payload.commits[2].author",
		"inferSQLType":"STRING",
		"inferType":"java.util.Map",
		"maps":320,
		"values":320
	},
	{
		"name":"payload.commits[2].author.email",
		"inferSQLType":"STRING",
		"inferType":"java.lang.String",
		"precision":77,
		"values":640
	},
	{
		"name":"payload.commits[2].author.name",
		"inferSQLType":"STRING",
		"inferType":"java.lang.String",
		"nonAsciiStrings":4,
		"precision":29,
		"values":640
	},
	{
		"name":"payload.commits[2].message",
		"inferSQLType":"STRING",
		"inferType":"java.lang.String",
		"nonAsciiStrings":3,
		"precision":1154,
		"values":640
	},
	{
		"name":"payload.commits[2].distinct",
		"booleans":320,
		"inferSQLType":"STRING",
		"inferType":"java.lang.Boolean",
		"values":320
	},
	{
		"name":"payload.commits[2].url",
		"inferSQLType":"STRING",
		"inferType":"java.lang.String",
		"precision":121,
		"values":640
	},
	{
		"name":"payload.commits[3].sha",
		"inferSQLType":"STRING",
		"inferType":"java.lang.String",
		"precision":40,
		"values":354
	},
	{
		"name":"payload.commits[3].author",
		"inferSQLType":"STRING",
		"inferType":"java.util.Map",
		"maps":177,
		"values":177
	},
	{
		"name":"payload.commits[3].author.email",
		"inferSQLType":"STRING",
		"inferType":"java.lang.String",
		"precision":75,
		"values":354
	},
	{
		"name":"payload.commits[3].author.name",
		"inferSQLType":"STRING",
		"inferType":"java.lang.String",
		"nonAsciiStrings":2,
		"precision":46,
		"values":354
	},
	{
		"name":"payload.commits[3].message",
		"inferSQLType":"STRING",
		"inferType":"java.lang.String",
		"nonAsciiStrings":3,
		"precision":492,
		"values":354
	},
	{
		"name":"payload.commits[3].distinct",
		"booleans":177,
		"inferSQLType":"STRING",
		"inferType":"java.lang.Boolean",
		"values":177
	},
	{
		"name":"payload.commits[3].url",
		"inferSQLType":"STRING",
		"inferType":"java.lang.String",
		"precision":121,
		"values":354
	},
	{
		"name":"payload.commits[4].sha",
		"inferSQLType":"STRING",
		"inferType":"java.lang.String",
		"precision":40,
		"values":238
	},
	{
		"name":"payload.commits[4].author",
		"inferSQLType":"STRING",
		"inferType":"java.util.Map",
		"maps":119,
		"values":119
	},
	{
		"name":"payload.commits[4].author.email",
		"inferSQLType":"STRING",
		"inferType":"java.lang.String",
		"precision":75,
		"values":238
	},
	{
		"name":"payload.commits[4].author.name",
		"inferSQLType":"STRING",
		"inferType":"java.lang.String",
		"nonAsciiStrings":2,
		"precision":29,
		"values":238
	},
	{
		"name":"payload.commits[4].message",
		"inferSQLType":"STRING",
		"inferType":"java.lang.String",
		"nonAsciiStrings":1,
		"precision":654,
		"values":238
	},
	{
		"name":"payload.commits[4].distinct",
		"booleans":119,
		"inferSQLType":"STRING",
		"inferType":"java.lang.Boolean",
		"values":119
	},
	{
		"name":"payload.commits[4].url",
		"inferSQLType":"STRING",
		"inferType":"java.lang.String",
		"precision":121,
		"values":238
	},
	{
		"name":"payload.commits[5].sha",
		"inferSQLType":"STRING",
		"inferType":"java.lang.String",
		"precision":40,
		"values":166
	},
	{
		"name":"payload.commits[5].author",
		"inferSQLType":"STRING",
		"inferType":"java.util.Map",
		"maps":83,
		"values":83
	},
	{
		"name":"payload.commits[5].author.email",
		"inferSQLType":"STRING",
		"inferType":"java.lang.String",
		"precision":75,
		"values":166
	},
	{
		"name":"payload.commits[5].author.name",
		"inferSQLType":"STRING",
		"inferType":"java.lang.String",
		"nonAsciiStrings":1,
		"precision":29,
		"values":166
	},
	{
		"name":"payload.commits[5].message",
		"inferSQLType":"STRING",
		"inferType":"java.lang.String",
		"nonAsciiStrings":1,
		"precision":1164,
		"values":166
	},
	{
		"name":"payload.commits[5].distinct",
		"booleans":83,
		"inferSQLType":"STRING",
		"inferType":"java.lang.Boolean",
		"values":83
	},
	{
		"name":"payload.commits[5].url",
		"inferSQLType":"STRING",
		"inferType":"java.lang.String",
		"precision":121,
		"values":166
	},
	{
		"name":"payload.commits[6].sha",
		"inferSQLType":"STRING",
		"inferType":"java.lang.String",
		"precision":40,
		"values":122
	},
	{
		"name":"payload.commits[6].author",
		"inferSQLType":"STRING",
		"inferType":"java.util.Map",
		"maps":61,
		"values":61
	},
	{
		"name":"payload.commits[6].author.email",
		"inferSQLType":"STRING",
		"inferType":"java.lang.String",
		"precision":75,
		"values":122
	},
	{
		"name":"payload.commits[6].author.name",
		"inferSQLType":"STRING",
		"inferType":"java.lang.String",
		"nonAsciiStrings":2,
		"precision":29,
		"values":122
	},
	{
		"name":"payload.commits[6].message",
		"inferSQLType":"STRING",
		"inferType":"java.lang.String",
		"nonAsciiStrings":1,
		"precision":525,
		"values":122
	},
	{
		"name":"payload.commits[6].distinct",
		"booleans":61,
		"inferSQLType":"STRING",
		"inferType":"java.lang.Boolean",
		"values":61
	},
	{
		"name":"payload.commits[6].url",
		"inferSQLType":"STRING",
		"inferType":"java.lang.String",
		"precision":121,
		"values":122
	},
	{
		"name":"payload.commits[7].sha",
		"inferSQLType":"STRING",
		"inferType":"java.lang.String",
		"precision":40,
		"values":82
	},
	{
		"name":"payload.commits[7].author",
		"inferSQLType":"STRING",
		"inferType":"java.util.Map",
		"maps":41,
		"values":41
	},
	{
		"name":"payload.commits[7].author.email",
		"inferSQLType":"STRING",
		"inferType":"java.lang.String",
		"precision":75,
		"values":82
	},
	{
		"name":"payload.commits[7].author.name",
		"inferSQLType":"STRING",
		"inferType":"java.lang.String",
		"precision":29,
		"values":82
	},
	{
		"name":"payload.commits[7].message",
		"inferSQLType":"STRING",
		"inferType":"java.lang.String",
		"nonAsciiStrings":1,
		"precision":458,
		"values":82
	},
	{
		"name":"payload.commits[7].distinct",
		"booleans":41,
		"inferSQLType":"STRING",
		"inferType":"java.lang.Boolean",
		"values":41
	},
	{
		"name":"payload.commits[7].url",
		"inferSQLType":"STRING",
		"inferType":"java.lang.String",
		"precision":121,
		"values":82
	},
	{
		"name":"org",
		"inferSQLType":"STRING",
		"inferType":"java.util.Map",
		"maps":2342,
		"values":2342
	},
	{
		"name":"org.id",
		"inferSQLType":"INT",
		"inferType":"java.lang.Integer",
		"integers":2342,
		"numbers":2342,
		"values":2342
	},
	{
		"name":"org.login",
		"errors":3,
		"inferSQLType":"STRING",
		"inferType":"java.lang.String",
		"precision":36,
		"values":4684
	},
	{
		"name":"org.gravatar_id",
		"inferSQLType":"STRING",
		"inferType":"java.lang.String",
		"nulls":2342,
		"values":4684
	},
	{
		"name":"org.url",
		"inferSQLType":"STRING",
		"inferType":"java.lang.String",
		"precision":64,
		"values":4684
	},
	{
		"name":"org.avatar_url",
		"inferSQLType":"STRING",
		"inferType":"java.lang.String",
		"precision":49,
		"values":4684
	},
	{
		"name":"payload.action",
		"inferSQLType":"STRING",
		"inferType":"java.lang.String",
		"precision":9,
		"values":4210
	},
	{
		"name":"payload.issue",
		"inferSQLType":"STRING",
		"inferType":"java.util.Map",
		"maps":1023,
		"values":1023
	},
	{
		"name":"payload.issue.url",
		"inferSQLType":"STRING",
		"inferType":"java.lang.String",
		"precision":82,
		"values":2046
	},
	{
		"name":"payload.issue.labels_url",
		"inferSQLType":"STRING",
		"inferType":"java.lang.String",
		"precision":96,
		"values":2046
	},
	{
		"name":"payload.issue.comments_url",
		"inferSQLType":"STRING",
		"inferType":"java.lang.String",
		"precision":91,
		"values":2046
	},
	{
		"name":"payload.issue.events_url",
		"inferSQLType":"STRING",
		"inferType":"java.lang.String",
		"precision":89,
		"values":2046
	},
	{
		"name":"payload.issue.html_url",
		"inferSQLType":"STRING",
		"inferType":"java.lang.String",
		"precision":71,
		"values":2046
	},
	{
		"name":"payload.issue.id",
		"inferSQLType":"INT",
		"inferType":"java.lang.Integer",
		"integers":1023,
		"numbers":1023,
		"values":1023
	},
	{
		"name":"payload.issue.number",
		"inferSQLType":"INT",
		"inferType":"java.lang.Integer",
		"integers":1023,
		"numbers":1023,
		"values":1023
	},
	{
		"name":"payload.issue.title",
		"inferSQLType":"STRING",
		"inferType":"java.lang.String",
		"nonAsciiStrings":16,
		"precision":135,
		"values":2046
	},
	{
		"name":"payload.issue.user",
		"inferSQLType":"STRING",
		"inferType":"java.util.Map",
		"maps":1023,
		"values":1023
	},
	{
		"name":"payload.issue.user.login",
		"inferSQLType":"STRING",
		"inferType":"java.lang.String",
		"precision":20,
		"values":2046
	},
	{
		"name":"payload.issue.user.id",
		"inferSQLType":"INT",
		"inferType":"java.lang.Integer",
		"integers":1023,
		"numbers":1023,
		"values":1023
	}
]
{"@type":"com.alibaba.fastjson2.issues_1900.Issue1945$B","aInstance":{"@type":"java.util.HashMap","test":"test"},"clazz":["java.lang.String"]}
{
	"id#0":"#0",
	"#0":"#0"
}
[
	{
		"@type":"vip.joinsun.dto.order.ThirdOrderResponseBO0#0",
		"@value":{}
	},
	{
		"@type":"vip.joinsun.dto.order.ThirdOrderResponseBO1#1",
		"@value":{}
	},
	{
		"@type":"vip.joinsun.dto.order.ThirdOrderResponseBO2#2",
		"@value":{}
	},
	{
		"@type":"vip.joinsun.dto.order.ThirdOrderResponseBO3#3",
		"@value":{}
	},
	{
		"@type":"vip.joinsun.dto.order.ThirdOrderResponseBO4#4",
		"@value":{}
	},
	{
		"@type":"vip.joinsun.dto.order.ThirdOrderResponseBO5#5",
		"@value":{}
	},
	{
		"@type":"vip.joinsun.dto.order.ThirdOrderResponseBO6#6",
		"@value":{}
	},
	{
		"@type":"vip.joinsun.dto.order.ThirdOrderResponseBO7#7",
		"@value":{}
	},
	{
		"@type":"vip.joinsun.dto.order.ThirdOrderResponseBO8#8",
		"@value":{}
	},
	{
		"@type":"vip.joinsun.dto.order.ThirdOrderResponseBO9#9",
		"@value":{}
	},
	{
		"@type":"vip.joinsun.dto.order.ThirdOrderResponseBO10#10",
		"@value":{}
	},
	{
		"@type":"vip.joinsun.dto.order.ThirdOrderResponseBO11#11",
		"@value":{}
	},
	{
		"@type":"vip.joinsun.dto.order.ThirdOrderResponseBO12#12",
		"@value":{}
	},
	{
		"@type":"vip.joinsun.dto.order.ThirdOrderResponseBO13#13",
		"@value":{}
	},
	{
		"@type":"vip.joinsun.dto.order.ThirdOrderResponseBO14#14",
		"@value":{}
	},
	{
		"@type":"vip.joinsun.dto.order.ThirdOrderResponseBO15#15",
		"@value":{}
	},
	{
		"@type":"vip.joinsun.dto.order.ThirdOrderResponseBO16#16",
		"@value":{}
	},
	{
		"@type":"vip.joinsun.dto.order.ThirdOrderResponseBO17#17",
		"@value":{}
	},
	{
		"@type":"vip.joinsun.dto.order.ThirdOrderResponseBO18#18",
		"@value":{}
	},
	{
		"@type":"vip.joinsun.dto.order.ThirdOrderResponseBO19#19",
		"@value":{}
	},
	{
		"@type":"vip.joinsun.dto.order.ThirdOrderResponseBO20#20",
		"@value":{}
	},
	{
		"@type":"vip.joinsun.dto.order.ThirdOrderResponseBO21#21",
		"@value":{}
	},
	{
		"@type":"vip.joinsun.dto.order.ThirdOrderResponseBO22#22",
		"@value":{}
	},
	{
		"@type":"vip.joinsun.dto.order.ThirdOrderResponseBO23#23",
		"@value":{}
	},
	{
		"@type":"vip.joinsun.dto.order.ThirdOrderResponseBO24#24",
		"@value":{}
	},
	{
		"@type":"vip.joinsun.dto.order.ThirdOrderResponseBO25#25",
		"@value":{}
	},
	{
		"@type":"vip.joinsun.dto.order.ThirdOrderResponseBO26#26",
		"@value":{}
	},
	{
		"@type":"vip.joinsun.dto.order.ThirdOrderResponseBO27#27",
		"@value":{}
	},
	{
		"@type":"vip.joinsun.dto.order.ThirdOrderResponseBO28#28",
		"@value":{}
	},
	{
		"@type":"vip.joinsun.dto.order.ThirdOrderResponseBO29#29",
		"@value":{}
	},
	{
		"@type":"vip.joinsun.dto.order.ThirdOrderResponseBO30#30",
		"@value":{}
	},
	{
		"@type":"vip.joinsun.dto.order.ThirdOrderResponseBO31#31",
		"@value":{}
	},
	{
		"@type":"vip.joinsun.dto.order.ThirdOrderResponseBO32#32",
		"@value":{}
	},
	{
		"@type":"vip.joinsun.dto.order.ThirdOrderResponseBO33#33",
		"@value":{}
	},
	{
		"@type":"vip.joinsun.dto.order.ThirdOrderResponseBO34#34",
		"@value":{}
	},
	{
		"@type":"vip.joinsun.dto.order.ThirdOrderResponseBO35#35",
		"@value":{}
	},
	{
		"@type":"vip.joinsun.dto.order.ThirdOrderResponseBO36#36",
		"@value":{}
	},
	{
		"@type":"vip.joinsun.dto.order.ThirdOrderResponseBO37#37",
		"@value":{}
	},
	{
		"@type":"vip.joinsun.dto.order.ThirdOrderResponseBO38#38",
		"@value":{}
	},
	{
		"@type":"vip.joinsun.dto.order.ThirdOrderResponseBO39#39",
		"@value":{}
	},
	{
		"@type":"vip.joinsun.dto.order.ThirdOrderResponseBO40#40",
		"@value":{}
	},
	{
		"@type":"vip.joinsun.dto.order.ThirdOrderResponseBO41#41",
		"@value":{}
	},
	{
		"@type":"vip.joinsun.dto.order.ThirdOrderResponseBO42#42",
		"@value":{}
	},
	{
		"@type":"vip.joinsun.dto.order.ThirdOrderResponseBO43#43",
		"@value":{}
	},
	{
		"@type":"vip.joinsun.dto.order.ThirdOrderResponseBO44#44",
		"@value":{}
	},
	{
		"@type":"vip.joinsun.dto.order.ThirdOrderResponseBO45#45",
		"@value":{}
	},
	{
		"@type":"vip.joinsun.dto.order.ThirdOrderResponseBO46#46",
		"@value":{}
	},
	{
		"@type":"vip.joinsun.dto.order.ThirdOrderResponseBO47#47",
		"@value":{}
	},
	{
		"@type":"vip.joinsun.dto.order.ThirdOrderResponseBO48#48",
		"@value":{}
	},
	{
		"@type":"vip.joinsun.dto.order.ThirdOrderResponseBO49#49",
		"@value":{}
	},
	{
		"@type":"vip.joinsun.dto.order.ThirdOrderResponseBO50#50",
		"@value":{}
	},
	{
		"@type":"vip.joinsun.dto.order.ThirdOrderResponseBO51#51",
		"@value":{}
	},
	{
		"@type":"vip.joinsun.dto.order.ThirdOrderResponseBO52#52",
		"@value":{}
	},
	{
		"@type":"vip.joinsun.dto.order.ThirdOrderResponseBO53#53",
		"@value":{}
	},
	{
		"@type":"vip.joinsun.dto.order.ThirdOrderResponseBO54#54",
		"@value":{}
	},
	{
		"@type":"vip.joinsun.dto.order.ThirdOrderResponseBO55#55",
		"@value":{}
	},
	{
		"@type":"vip.joinsun.dto.order.ThirdOrderResponseBO56#56",
		"@value":{}
	},
	{
		"@type":"vip.joinsun.dto.order.ThirdOrderResponseBO57#57",
		"@value":{}
	},
	{
		"@type":"vip.joinsun.dto.order.ThirdOrderResponseBO58#58",
		"@value":{}
	},
	{
		"@type":"vip.joinsun.dto.order.ThirdOrderResponseBO59#59",
		"@value":{}
	},
	{
		"@type":"vip.joinsun.dto.order.ThirdOrderResponseBO60#60",
		"@value":{}
	},
	{
		"@type":"vip.joinsun.dto.order.ThirdOrderResponseBO61#61",
		"@value":{}
	},
	{
		"@type":"vip.joinsun.dto.order.ThirdOrderResponseBO62#62",
		"@value":{}
	},
	{
		"@type":"vip.joinsun.dto.order.ThirdOrderResponseBO63#63",
		"@value":{}
	},
	{
		"@type":"vip.joinsun.dto.order.ThirdOrderResponseBO64#64",
		"@value":{}
	},
	{
		"@type":"vip.joinsun.dto.order.ThirdOrderResponseBO65#65",
		"@value":{}
	},
	{
		"@type":"vip.joinsun.dto.order.ThirdOrderResponseBO66#66",
		"@value":{}
	},
	{
		"@type":"vip.joinsun.dto.order.ThirdOrderResponseBO67#67",
		"@value":{}
	},
	{
		"@type":"vip.joinsun.dto.order.ThirdOrderResponseBO68#68",
		"@value":{}
	},
	{
		"@type":"vip.joinsun.dto.order.ThirdOrderResponseBO69#69",
		"@value":{}
	},
	{
		"@type":"vip.joinsun.dto.order.ThirdOrderResponseBO70#70",
		"@value":{}
	},
	{
		"@type":"vip.joinsun.dto.order.ThirdOrderResponseBO71#71",
		"@value":{}
	},
	{
		"@type":"vip.joinsun.dto.order.ThirdOrderResponseBO72#72",
		"@value":{}
	},
	{
		"@type":"vip.joinsun.dto.order.ThirdOrderResponseBO73#73",
		"@value":{}
	},
	{
		"@type":"vip.joinsun.dto.order.ThirdOrderResponseBO74#74",
		"@value":{}
	},
	{
		"@type":"vip.joinsun.dto.order.ThirdOrderResponseBO75#75",
		"@value":{}
	},
	{
		"@type":"vip.joinsun.dto.order.ThirdOrderResponseBO76#76",
		"@value":{}
	},
	{
		"@type":"vip.joinsun.dto.order.ThirdOrderResponseBO77#77",
		"@value":{}
	},
	{
		"@type":"vip.joinsun.dto.order.ThirdOrderResponseBO78#78",
		"@value":{}
	},
	{
		"@type":"vip.joinsun.dto.order.ThirdOrderResponseBO79#79",
		"@value":{}
	},
	{
		"@type":"vip.joinsun.dto.order.ThirdOrderResponseBO80#80",
		"@value":{}
	},
	{
		"@type":"vip.joinsun.dto.order.ThirdOrderResponseBO81#81",
		"@value":{}
	},
	{
		"@type":"vip.joinsun.dto.order.ThirdOrderResponseBO82#82",
		"@value":{}
	},
	{
		"@type":"vip.joinsun.dto.order.ThirdOrderResponseBO83#83",
		"@value":{}
	},
	{
		"@type":"vip.joinsun.dto.order.ThirdOrderResponseBO84#84",
		"@value":{}
	},
	{
		"@type":"vip.joinsun.dto.order.ThirdOrderResponseBO85#85",
		"@value":{}
	},
	{
		"@type":"vip.joinsun.dto.order.ThirdOrderResponseBO86#86",
		"@value":{}
	},
	{
		"@type":"vip.joinsun.dto.order.ThirdOrderResponseBO87#87",
		"@value":{}
	},
	{
		"@type":"vip.joinsun.dto.order.ThirdOrderResponseBO88#88",
		"@value":{}
	},
	{
		"@type":"vip.joinsun.dto.order.ThirdOrderResponseBO89#89",
		"@value":{}
	},
	{
		"@type":"vip.joinsun.dto.order.ThirdOrderResponseBO90#90",
		"@value":{}
	},
	{
		"@type":"vip.joinsun.dto.order.ThirdOrderResponseBO91#91",
		"@value":{}
	},
	{
		"@type":"vip.joinsun.dto.order.ThirdOrderResponseBO92#92",
		"@value":{}
	},
	{
		"@type":"vip.joinsun.dto.order.ThirdOrderResponseBO93#93",
		"@value":{}
	},
	{
		"@type":"vip.joinsun.dto.order.ThirdOrderResponseBO94#94",
		"@value":{}
	},
	{
		"@type":"vip.joinsun.dto.order.ThirdOrderResponseBO95#95",
		"@value":{}
	},
	{
		"@type":"vip.joinsun.dto.order.ThirdOrderResponseBO96#96",
		"@value":{}
	},
	{
		"@type":"vip.joinsun.dto.order.ThirdOrderResponseBO97#97",
		"@value":{}
	},
	{
		"@type":"vip.joinsun.dto.order.ThirdOrderResponseBO98#98",
		"@value":{}
	},
	{
		"@type":"vip.joinsun.dto.order.ThirdOrderResponseBO99#99",
		"@value":{}
	},
	{
		"@type":"vip.joinsun.dto.order.ThirdOrderResponseBO100#100",
		"@value":{}
	},
	{
		"@type":"vip.joinsun.dto.order.ThirdOrderResponseBO101#101",
		"@value":{}
	},
	{
		"@type":"vip.joinsun.dto.order.ThirdOrderResponseBO102#102",
		"@value":{}
	},
	{
		"@type":"vip.joinsun.dto.order.ThirdOrderResponseBO103#103",
		"@value":{}
	},
	{
		"@type":"vip.joinsun.dto.order.ThirdOrderResponseBO104#104",
		"@value":{}
	},
	{
		"@type":"vip.joinsun.dto.order.ThirdOrderResponseBO105#105",
		"@value":{}
	},
	{
		"@type":"vip.joinsun.dto.order.ThirdOrderResponseBO106#106",
		"@value":{}
	},
	{
		"@type":"vip.joinsun.dto.order.ThirdOrderResponseBO107#107",
		"@value":{}
	},
	{
		"@type":"vip.joinsun.dto.order.ThirdOrderResponseBO108#108",
		"@value":{}
	},
	{
		"@type":"vip.joinsun.dto.order.ThirdOrderResponseBO109#109",
		"@value":{}
	},
	{
		"@type":"vip.joinsun.dto.order.ThirdOrderResponseBO110#110",
		"@value":{}
	},
	{
		"@type":"vip.joinsun.dto.order.ThirdOrderResponseBO111#111",
		"@value":{}
	},
	{
		"@type":"vip.joinsun.dto.order.ThirdOrderResponseBO112#112",
		"@value":{}
	},
	{
		"@type":"vip.joinsun.dto.order.ThirdOrderResponseBO113#113",
		"@value":{}
	},
	{
		"@type":"vip.joinsun.dto.order.ThirdOrderResponseBO114#114",
		"@value":{}
	},
	{
		"@type":"vip.joinsun.dto.order.ThirdOrderResponseBO115#115",
		"@value":{}
	},
	{
		"@type":"vip.joinsun.dto.order.ThirdOrderResponseBO116#116",
		"@value":{}
	},
	{
		"@type":"vip.joinsun.dto.order.ThirdOrderResponseBO117#117",
		"@value":{}
	},
	{
		"@type":"vip.joinsun.dto.order.ThirdOrderResponseBO118#118",
		"@value":{}
	},
	{
		"@type":"vip.joinsun.dto.order.ThirdOrderResponseBO119#119",
		"@value":{}
	},
	{
		"@type":"vip.joinsun.dto.order.ThirdOrderResponseBO120#120",
		"@value":{}
	},
	{
		"@type":"vip.joinsun.dto.order.ThirdOrderResponseBO121#121",
		"@value":{}
	},
	{
		"@type":"vip.joinsun.dto.order.ThirdOrderResponseBO122#122",
		"@value":{}
	},
	{
		"@type":"vip.joinsun.dto.order.ThirdOrderResponseBO123#123",
		"@value":{}
	},
	{
		"@type":"vip.joinsun.dto.order.ThirdOrderResponseBO124#124",
		"@value":{}
	},
	{
		"@type":"vip.joinsun.dto.order.ThirdOrderResponseBO125#125",
		"@value":{}
	},
	{
		"@type":"vip.joinsun.dto.order.ThirdOrderResponseBO126#126",
		"@value":{}
	},
	{
		"@type":"vip.joinsun.dto.order.ThirdOrderResponseBO127#127",
		"@value":{}
	},
	{
		"@type":"vip.joinsun.dto.order.ThirdOrderResponseBO128#128",
		"@value":{}
	},
	{
		"@type":"vip.joinsun.dto.order.ThirdOrderResponseBO129#129",
		"@value":{}
	},
	{
		"@type":"vip.joinsun.dto.order.ThirdOrderResponseBO130#130",
		"@value":{}
	},
	{
		"@type":"vip.joinsun.dto.order.ThirdOrderResponseBO131#131",
		"@value":{}
	},
	{
		"@type":"vip.joinsun.dto.order.ThirdOrderResponseBO132#132",
		"@value":{}
	},
	{
		"@type":"vip.joinsun.dto.order.ThirdOrderResponseBO133#133",
		"@value":{}
	},
	{
		"@type":"vip.joinsun.dto.order.ThirdOrderResponseBO134#134",
		"@value":{}
	},
	{
		"@type":"vip.joinsun.dto.order.ThirdOrderResponseBO135#135",
		"@value":{}
	},
	{
		"@type":"vip.joinsun.dto.order.ThirdOrderResponseBO136#136",
		"@value":{}
	},
	{
		"@type":"vip.joinsun.dto.goods.ProjectGoodsSkuDTO#137",
		"@value":{}
	}
]
{
	"id":"id#0",
	"id":"#0"
}
{
	"value":""
}
{
	"value":""
}
123
Result1: "abc"
Result2: "hij"
Result: "cde"
Result: "de"

Oct 07, 2026 12:31:40 AM org.javamoney.moneta.DefaultMonetaryContextFactory createMonetaryContextNonNullConfig
INFO: Using custom MathContext: precision=256, roundingMode=HALF_EVEN
{"name2":["name2_0","name2_1"]}
{
	"color":{
		"name":"red"
	}
}
{
	"color":{
		"name":"red"
	}
}
{
	"@type":"java.time.format.DateTimeParseException#0",
	"@value":{
		"detailMessage#1":"msg",
		"parsedString#2":"input",
		"stackTrace#3":[
			{
				"fileName#4":"DubboTest4.java",
				"lineNumber#5":209,
				"className#6":"com.alibaba.fastjson2.dubbo.DubboTest4",
				"methodName#7":"testDateTimeParseException"
			},
			{
				"#4":"DirectMethodHandleAccessor.java",
				"#5":104,
				"#6":"jdk.internal.reflect.DirectMethodHandleAccessor",
				"#7":"invoke"
			},
			{
				"#4":"Method.java",
				"#5":565,
				"#6":"java.lang.reflect.Method",
				"#7":"invoke"
			},
			{
				"#4":"ReflectionUtils.java",
				"#5":787,
				"#6":"org.junit.platform.commons.util.ReflectionUtils",
				"#7":"invokeMethod"
			},
			{
				"#4":"ReflectionSupport.java",
				"#5":478,
				"#6":"org.junit.platform.commons.support.ReflectionSupport",
				"#7":"invokeMethod"
			},
			{
				"#4":"MethodInvocation.java",
				"#5":60,
				"#6":"org.junit.jupiter.engine.execution.MethodInvocation",
				"#7":"proceed"
			},
			{
				"#4":"InvocationInterceptorChain.java",
				"#5":131,
				"#6":"org.junit.jupiter.engine.execution.InvocationInterceptorChain$ValidatingInvocation",
				"#7":"proceed"
			},
			{
				"#4":"TimeoutExtension.java",
				"#5":161,
				"#6":"org.junit.jupiter.engine.extension.TimeoutExtension",
				"#7":"intercept"
			},
			{
				"#4":"TimeoutExtension.java",
				"#5":152,
				"#6":"org.junit.jupiter.engine.extension.TimeoutExtension",
				"#7":"interceptTestableMethod"
			},
			{
				"#4":"TimeoutExtension.java",
				"#5":91,
				"#6":"org.junit.jupiter.engine.extension.TimeoutExtension",
				"#7":"interceptTestMethod"
			},
			{
				"#4":"InterceptingExecutableInvoker.java",
				"#5":112,
				"#6":"org.junit.jupiter.engine.execution.InterceptingExecutableInvoker$ReflectiveInterceptorCall",
				"#7":"lambda$ofVoidMethod$0"
			},
			{
				"#4":"InterceptingExecutableInvoker.java",
				"#5":94,
				"#6":"org.junit.jupiter.engine.execution.InterceptingExecutableInvoker",
				"#7":"lambda$invoke$0"
			},
			{
				"#4":"InvocationInterceptorChain.java",
				"#5":106,
				"#6":"org.junit.jupiter.engine.execution.InvocationInterceptorChain$InterceptedInvocation",
				"#7":"proceed"
			},
			{
				"#4":"InvocationInterceptorChain.java",
				"#5":64,
				"#6":"org.junit.jupiter.engine.execution.InvocationInterceptorChain",
				"#7":"proceed"
			},
			{
				"#4":"InvocationInterceptorChain.java",
				"#5":45,
				"#6":"org.junit.jupiter.engine.execution.InvocationInterceptorChain",
				"#7":"chainAndInvoke"
			},
			{
				"#4":"InvocationInterceptorChain.java",
				"#5":37,
				"#6":"org.junit.jupiter.engine.execution.InvocationInterceptorChain",
				"#7":"invoke"
			},
			{
				"#4":"InterceptingExecutableInvoker.java",
				"#5":93,
				"#6":"org.junit.jupiter.engine.execution.InterceptingExecutableInvoker",
				"#7":"invoke"
			},
			{
				"#4":"InterceptingExecutableInvoker.java",
				"#5":87,
				"#6":"org.junit.jupiter.engine.execution.InterceptingExecutableInvoker",
				"#7":"invoke"
			},
			{
				"#4":"TestMethodTestDescriptor.java",
				"#5":221,
				"#6":"org.junit.jupiter.engine.descriptor.TestMethodTestDescriptor",
				"#7":"lambda$invokeTestMethod$4"
			},
			{
				"#4":"ThrowableCollector.java",
				"#5":73,
				"#6":"org.junit.platform.engine.support.hierarchical.ThrowableCollector",
				"#7":"execute"
			},
			{
				"#4":"TestMethodTestDescriptor.java",
				"#5":217,
				"#6":"org.junit.jupiter.engine.descriptor.TestMethodTestDescriptor",
				"#7":"invokeTestMethod"
			},
			{
				"#4":"TestMethodTestDescriptor.java",
				"#5":159,
				"#6":"org.junit.jupiter.engine.descriptor.TestMethodTestDescriptor",
				"#7":"execute"
			},
			{
				"#4":"TestMethodTestDescriptor.java",
				"#5":70,
				"#6":"org.junit.jupiter.engine.descriptor.TestMethodTestDescriptor",
				"#7":"execute"
			},
			{
				"#4":"NodeTestTask.java",
				"#5":157,
				"#6":"org.junit.platform.engine.support.hierarchical.NodeTestTask",
				"#7":"lambda$executeRecursively$6"
			},
			{
				"#4":"ThrowableCollector.java",
				"#5":73,
				"#6":"org.junit.platform.engine.support.hierarchical.ThrowableCollector",
				"#7":"execute"
			},
			{
				"#4":"NodeTestTask.java",
				"#5":147,
				"#6":"org.junit.platform.engine.support.hierarchical.NodeTestTask",
				"#7":"lambda$executeRecursively$8"
			},
			{
				"#4":"Node.java",
				"#5":137,
				"#6":"org.junit.platform.engine.support.hierarchical.Node",
				"#7":"around"
			},
			{
				"#4":"NodeTestTask.java",
				"#5":145,
				"#6":"org.junit.platform.engine.support.hierarchical.NodeTestTask",
				"#7":"lambda$executeRecursively$9"
			},
			{
				"#4":"ThrowableCollector.java",
				"#5":73,
				"#6":"org.junit.platform.engine.support.hierarchical.ThrowableCollector",
				"#7":"execute"
			},
			{
				"#4":"NodeTestTask.java",
				"#5":144,
				"#6":"org.junit.platform.engine.support.hierarchical.NodeTestTask",
				"#7":"executeRecursively"
			},
			{
				"#4":"NodeTestTask.java",
				"#5":101,
				"#6":"org.junit.platform.engine.support.hierarchical.NodeTestTask",
				"#7":"execute"
			},
			{
				"#4":"ArrayList.java",
				"#5":1604,
				"#6":"java.util.ArrayList",
				"#7":"forEach"
			},
			{
				"#4":"SameThreadHierarchicalTestExecutorService.java",
				"#5":41,
				"#6":"org.junit.platform.engine.support.hierarchical.SameThreadHierarchicalTestExecutorService",
				"#7":"invokeAll"
			},
			{
				"#4":"NodeTestTask.java",
				"#5":161,
				"#6":"org.junit.platform.engine.support.hierarchical.NodeTestTask",
				"#7":"lambda$executeRecursively$6"
			},
			{
				"#4":"ThrowableCollector.java",
				"#5":73,
				"#6":"org.junit.platform.engine.support.hierarchical.ThrowableCollector",
				"#7":"execute"
			},
			{
				"#4":"NodeTestTask.java",
				"#5":147,
				"#6":"org.junit.platform.engine.support.hierarchical.NodeTestTask",
				"#7":"lambda$executeRecursively$8"
			},
			{
				"#4":"Node.java",
				"#5":137,
				"#6":"org.junit.platform.engine.support.hierarchical.Node",
				"#7":"around"
			},
			{
				"#4":"NodeTestTask.java",
				"#5":145,
				"#6":"org.junit.platform.engine.support.hierarchical.NodeTestTask",
				"#7":"lambda$executeRecursively$9"
			},
			{
				"#4":"ThrowableCollector.java",
				"#5":73,
				"#6":"org.junit.platform.engine.support.hierarchical.ThrowableCollector",
				"#7":"execute"
			},
			{
				"#4":"NodeTestTask.java",
				"#5":144,
				"#6":"org.junit.platform.engine.support.hierarchical.NodeTestTask",
				"#7":"executeRecursively"
			},
			{
				"#4":"NodeTestTask.java",
				"#5":101,
				"#6":"org.junit.platform.engine.support.hierarchical.NodeTestTask",
				"#7":"execute"
			},
			{
				"#4":"ArrayList.java",
				"#5":1604,
				"#6":"java.util.ArrayList",
				"#7":"forEach"
			},
			{
				"#4":"SameThreadHierarchicalTestExecutorService.java",
				"#5":41,
				"#6":"org.junit.platform.engine.support.hierarchical.SameThreadHierarchicalTestExecutorService",
				"#7":"invokeAll"
			},
			{
				"#4":"NodeTestTask.java",
				"#5":161,
				"#6":"org.junit.platform.engine.support.hierarchical.NodeTestTask",
				"#7":"lambda$executeRecursively$6"
			},
			{
				"#4":"ThrowableCollector.java",
				"#5":73,
				"#6":"org.junit.platform.engine.support.hierarchical.ThrowableCollector",
				"#7":"execute"
			},
			{
				"#4":"NodeTestTask.java",
				"#5":147,
				"#6":"org.junit.platform.engine.support.hierarchical.NodeTestTask",
				"#7":"lambda$executeRecursively$8"
			},
			{
				"#4":"Node.java",
				"#5":137,
				"#6":"org.junit.platform.engine.support.hierarchical.Node",
				"#7":"around"
			},
			{
				"#4":"NodeTestTask.java",
				"#5":145,
				"#6":"org.junit.platform.engine.support.hierarchical.NodeTestTask",
				"#7":"lambda$executeRecursively$9"
			},
			{
				"#4":"ThrowableCollector.java",
				"#5":73,
				"#6":"org.junit.platform.engine.support.hierarchical.ThrowableCollector",
				"#7":"execute"
			},
			{
				"#4":"NodeTestTask.java",
				"#5":144,
				"#6":"org.junit.platform.engine.support.hierarchical.NodeTestTask",
				"#7":"executeRecursively"
			},
			{
				"#4":"NodeTestTask.java",
				"#5":101,
				"#6":"org.junit.platform.engine.support.hierarchical.NodeTestTask",
				"#7":"execute"
			},
			{
				"#4":"SameThreadHierarchicalTestExecutorService.java",
				"#5":35,
				"#6":"org.junit.platform.engine.support.hierarchical.SameThreadHierarchicalTestExecutorService",
				"#7":"submit"
			},
			{
				"#4":"HierarchicalTestExecutor.java",
				"#5":57,
				"#6":"org.junit.platform.engine.support.hierarchical.HierarchicalTestExecutor",
				"#7":"execute"
			},
			{
				"#4":"HierarchicalTestEngine.java",
				"#5":54,
				"#6":"org.junit.platform.engine.support.hierarchical.HierarchicalTestEngine",
				"#7":"execute"
			},
			{
				"#4":"EngineExecutionOrchestrator.java",
				"#5":230,
				"#6":"org.junit.platform.launcher.core.EngineExecutionOrchestrator",
				"#7":"executeEngine"
			},
			{
				"#4":"EngineExecutionOrchestrator.java",
				"#5":204,
				"#6":"org.junit.platform.launcher.core.EngineExecutionOrchestrator",
				"#7":"failOrExecuteEngine"
			},
			{
				"#4":"EngineExecutionOrchestrator.java",
				"#5":172,
				"#6":"org.junit.platform.launcher.core.EngineExecutionOrchestrator",
				"#7":"execute"
			},
			{
				"#4":"EngineExecutionOrchestrator.java",
				"#5":101,
				"#6":"org.junit.platform.launcher.core.EngineExecutionOrchestrator",
				"#7":"execute"
			},
			{
				"#4":"EngineExecutionOrchestrator.java",
				"#5":64,
				"#6":"org.junit.platform.launcher.core.EngineExecutionOrchestrator",
				"#7":"lambda$execute$0"
			},
			{
				"#4":"EngineExecutionOrchestrator.java",
				"#5":150,
				"#6":"org.junit.platform.launcher.core.EngineExecutionOrchestrator",
				"#7":"withInterceptedStreams"
			},
			{
				"#4":"EngineExecutionOrchestrator.java",
				"#5":63,
				"#6":"org.junit.platform.launcher.core.EngineExecutionOrchestrator",
				"#7":"execute"
			},
			{
				"#4":"DefaultLauncher.java",
				"#5":109,
				"#6":"org.junit.platform.launcher.core.DefaultLauncher",
				"#7":"execute"
			},
			{
				"#4":"DefaultLauncher.java",
				"#5":91,
				"#6":"org.junit.platform.launcher.core.DefaultLauncher",
				"#7":"execute"
			},
			{
				"#4":"DelegatingLauncher.java",
				"#5":47,
				"#6":"org.junit.platform.launcher.core.DelegatingLauncher",
				"#7":"execute"
			},
			{
				"#4":"InterceptingLauncher.java",
				"#5":39,
				"#6":"org.junit.platform.launcher.core.InterceptingLauncher",
				"#7":"lambda$execute$1"
			},
			{
				"#4":"ClasspathAlignmentCheckingLauncherInterceptor.java",
				"#5":25,
				"#6":"org.junit.platform.launcher.core.ClasspathAlignmentCheckingLauncherInterceptor",
				"#7":"intercept"
			},
			{
				"#4":"InterceptingLauncher.java",
				"#5":38,
				"#6":"org.junit.platform.launcher.core.InterceptingLauncher",
				"#7":"execute"
			},
			{
				"#4":"DelegatingLauncher.java",
				"#5":47,
				"#6":"org.junit.platform.launcher.core.DelegatingLauncher",
				"#7":"execute"
			},
			{
				"#4":"LazyLauncher.java",
				"#5":56,
				"#6":"org.apache.maven.surefire.junitplatform.LazyLauncher",
				"#7":"execute"
			},
			{
				"#4":"JUnitPlatformProvider.java",
				"#5":194,
				"#6":"org.apache.maven.surefire.junitplatform.JUnitPlatformProvider",
				"#7":"execute"
			},
			{
				"#4":"JUnitPlatformProvider.java",
				"#5":150,
				"#6":"org.apache.maven.surefire.junitplatform.JUnitPlatformProvider",
				"#7":"invokeAllTests"
			},
			{
				"#4":"JUnitPlatformProvider.java",
				"#5":124,
				"#6":"org.apache.maven.surefire.junitplatform.JUnitPlatformProvider",
				"#7":"invoke"
			},
			{
				"#4":"ForkedBooter.java",
				"#5":385,
				"#6":"org.apache.maven.surefire.booter.ForkedBooter",
				"#7":"runSuitesInProcess"
			},
			{
				"#4":"ForkedBooter.java",
				"#5":162,
				"#6":"org.apache.maven.surefire.booter.ForkedBooter",
				"#7":"execute"
			},
			{
				"#4":"ForkedBooter.java",
				"#5":507,
				"#6":"org.apache.maven.surefire.booter.ForkedBooter",
				"#7":"run"
			},
			{
				"#4":"ForkedBooter.java",
				"#5":495,
				"#6":"org.apache.maven.surefire.booter.ForkedBooter",
				"#7":"main"
			}
		],
		"suppressedExceptions#8":{
			"@type":"java.util.Collections$EmptyList#9",
			"@value":[]
		}
	}
}
{
	"@type":"org.apache.dubbo.springboot.demo.ServiceException",
	"cause":{
		"@type":"org.apache.dubbo.springboot.demo.BusinessException",
		"message":"报错啦。。",
		"stackTrace":[
			{
				"fileName":"DemoServiceImpl.java",
				"lineNumber":42,
				"className":"org.apache.dubbo.springboot.demo.provider.DemoServiceImpl",
				"methodName":"sayHello"
			},
			{
				"fileName":"DemoServiceImplDubboWrap0.java",
				"lineNumber":-1,
				"className":"org.apache.dubbo.springboot.demo.provider.DemoServiceImplDubboWrap0",
				"methodName":"invokeMethod"
			},
			{
				"fileName":"JavassistProxyFactory.java",
				"lineNumber":73,
				"className":"org.apache.dubbo.rpc.proxy.javassist.JavassistProxyFactory$1",
				"methodName":"doInvoke"
			},
			{
				"fileName":"AbstractProxyInvoker.java",
				"lineNumber":100,
				"className":"org.apache.dubbo.rpc.proxy.AbstractProxyInvoker",
				"methodName":"invoke"
			},
			{
				"fileName":"DelegateProviderMetaDataInvoker.java",
				"lineNumber":55,
				"className":"org.apache.dubbo.config.invoker.DelegateProviderMetaDataInvoker",
				"methodName":"invoke"
			},
			{
				"fileName":"InvokerWrapper.java",
				"lineNumber":56,
				"className":"org.apache.dubbo.rpc.protocol.InvokerWrapper",
				"methodName":"invoke"
			},
			{
				"fileName":"ClassLoaderCallbackFilter.java",
				"lineNumber":38,
				"className":"org.apache.dubbo.rpc.filter.ClassLoaderCallbackFilter",
				"methodName":"invoke"
			},
			{
				"fileName":"FilterChainBuilder.java",
				"lineNumber":327,
				"className":"org.apache.dubbo.rpc.cluster.filter.FilterChainBuilder$CopyOfFilterChainNode",
				"methodName":"invoke"
			},
			{
				"fileName":"TraceFilter.java",
				"lineNumber":79,
				"className":"org.apache.dubbo.rpc.protocol.dubbo.filter.TraceFilter",
				"methodName":"invoke"
			},
			{
				"fileName":"FilterChainBuilder.java",
				"lineNumber":327,
				"className":"org.apache.dubbo.rpc.cluster.filter.FilterChainBuilder$CopyOfFilterChainNode",
				"methodName":"invoke"
			},
			{
				"fileName":"TimeoutFilter.java",
				"lineNumber":44,
				"className":"org.apache.dubbo.rpc.filter.TimeoutFilter",
				"methodName":"invoke"
			},
			{
				"fileName":"FilterChainBuilder.java",
				"lineNumber":327,
				"className":"org.apache.dubbo.rpc.cluster.filter.FilterChainBuilder$CopyOfFilterChainNode",
				"methodName":"invoke"
			},
			{
				"fileName":"MonitorFilter.java",
				"lineNumber":100,
				"className":"org.apache.dubbo.monitor.support.MonitorFilter",
				"methodName":"invoke"
			},
			{
				"fileName":"FilterChainBuilder.java",
				"lineNumber":327,
				"className":"org.apache.dubbo.rpc.cluster.filter.FilterChainBuilder$CopyOfFilterChainNode",
				"methodName":"invoke"
			},
			{
				"fileName":"ExceptionFilter.java",
				"lineNumber":54,
				"className":"org.apache.dubbo.rpc.filter.ExceptionFilter",
				"methodName":"invoke"
			},
			{
				"fileName":"FilterChainBuilder.java",
				"lineNumber":327,
				"className":"org.apache.dubbo.rpc.cluster.filter.FilterChainBuilder$CopyOfFilterChainNode",
				"methodName":"invoke"
			},
			{
				"fileName":"DubboExceptionFilter.java",
				"lineNumber":32,
				"className":"org.apache.dubbo.springboot.demo.provider.DubboExceptionFilter",
				"methodName":"invoke"
			},
			{
				"fileName":"FilterChainBuilder.java",
				"lineNumber":327,
				"className":"org.apache.dubbo.rpc.cluster.filter.FilterChainBuilder$CopyOfFilterChainNode",
				"methodName":"invoke"
			},
			{
				"fileName":"GenericFilter.java",
				"lineNumber":192,
				"className":"org.apache.dubbo.rpc.filter.GenericFilter",
				"methodName":"invoke"
			},
			{
				"fileName":"FilterChainBuilder.java",
				"lineNumber":327,
				"className":"org.apache.dubbo.rpc.cluster.filter.FilterChainBuilder$CopyOfFilterChainNode",
				"methodName":"invoke"
			},
			{
				"fileName":"ClassLoaderFilter.java",
				"lineNumber":54,
				"className":"org.apache.dubbo.rpc.filter.ClassLoaderFilter",
				"methodName":"invoke"
			},
			{
				"fileName":"FilterChainBuilder.java",
				"lineNumber":327,
				"className":"org.apache.dubbo.rpc.cluster.filter.FilterChainBuilder$CopyOfFilterChainNode",
				"methodName":"invoke"
			},
			{
				"fileName":"EchoFilter.java",
				"lineNumber":41,
				"className":"org.apache.dubbo.rpc.filter.EchoFilter",
				"methodName":"invoke"
			},
			{
				"fileName":"FilterChainBuilder.java",
				"lineNumber":327,
				"className":"org.apache.dubbo.rpc.cluster.filter.FilterChainBuilder$CopyOfFilterChainNode",
				"methodName":"invoke"
			},
			{
				"fileName":"ProfilerServerFilter.java",
				"lineNumber":58,
				"className":"org.apache.dubbo.rpc.filter.ProfilerServerFilter",
				"methodName":"invoke"
			},
			{
				"fileName":"FilterChainBuilder.java",
				"lineNumber":327,
				"className":"org.apache.dubbo.rpc.cluster.filter.FilterChainBuilder$CopyOfFilterChainNode",
				"methodName":"invoke"
			},
			{
				"fileName":"ContextFilter.java",
				"lineNumber":133,
				"className":"org.apache.dubbo.rpc.filter.ContextFilter",
				"methodName":"invoke"
			},
			{
				"fileName":"FilterChainBuilder.java",
				"lineNumber":327,
				"className":"org.apache.dubbo.rpc.cluster.filter.FilterChainBuilder$CopyOfFilterChainNode",
				"methodName":"invoke"
			},
			{
				"fileName":"FilterChainBuilder.java",
				"lineNumber":194,
				"className":"org.apache.dubbo.rpc.cluster.filter.FilterChainBuilder$CallbackRegistrationInvoker",
				"methodName":"invoke"
			},
			{
				"fileName":"DubboProtocol.java",
				"lineNumber":156,
				"className":"org.apache.dubbo.rpc.protocol.dubbo.DubboProtocol$1",
				"methodName":"reply"
			},
			{
				"fileName":"HeaderExchangeHandler.java",
				"lineNumber":102,
				"className":"org.apache.dubbo.remoting.exchange.support.header.HeaderExchangeHandler",
				"methodName":"handleRequest"
			},
			{
				"fileName":"HeaderExchangeHandler.java",
				"lineNumber":177,
				"className":"org.apache.dubbo.remoting.exchange.support.header.HeaderExchangeHandler",
				"methodName":"received"
			},
			{
				"fileName":"DecodeHandler.java",
				"lineNumber":53,
				"className":"org.apache.dubbo.remoting.transport.DecodeHandler",
				"methodName":"received"
			},
			{
				"fileName":"ChannelEventRunnable.java",
				"lineNumber":62,
				"className":"org.apache.dubbo.remoting.transport.dispatcher.ChannelEventRunnable",
				"methodName":"run"
			},
			{
				"fileName":"ThreadPoolExecutor.java",
				"lineNumber":1149,
				"className":"java.util.concurrent.ThreadPoolExecutor",
				"methodName":"runWorker"
			},
			{
				"fileName":"ThreadPoolExecutor.java",
				"lineNumber":624,
				"className":"java.util.concurrent.ThreadPoolExecutor$Worker",
				"methodName":"run"
			},
			{
				"fileName":"InternalRunnable.java",
				"lineNumber":41,
				"className":"org.apache.dubbo.common.threadlocal.InternalRunnable",
				"methodName":"run"
			},
			{
				"fileName":"Thread.java",
				"lineNumber":748,
				"className":"java.lang.Thread",
				"methodName":"run"
			}
		],
		"suppressedExceptions":{
			"@type":"java.util.Collections$UnmodifiableRandomAccessList",
			"@value":[]
		}
	},
	"detailMessage":"org.apache.dubbo.springboot.demo.BusinessException: 报错啦。。",
	"stackTrace":[
		{
			"fileName":"DubboExceptionFilter.java",
			"lineNumber":41,
			"className":"org.apache.dubbo.springboot.demo.provider.DubboExceptionFilter",
			"methodName":"onResponse"
		},
		{
			"fileName":"FilterChainBuilder.java",
			"lineNumber":218,
			"className":"org.apache.dubbo.rpc.cluster.filter.FilterChainBuilder$CallbackRegistrationInvoker",
			"methodName":"lambda$invoke$1"
		},
		{
			"fileName":"AsyncRpcResult.java",
			"lineNumber":216,
			"className":"org.apache.dubbo.rpc.AsyncRpcResult",
			"methodName":"lambda$whenCompleteWithContext$0"
		},
		{
			"fileName":"CompletableFuture.java",
			"lineNumber":774,
			"className":"java.util.concurrent.CompletableFuture",
			"methodName":"uniWhenComplete"
		},
		{
			"fileName":"CompletableFuture.java",
			"lineNumber":792,
			"className":"java.util.concurrent.CompletableFuture",
			"methodName":"uniWhenCompleteStage"
		},
		{
			"fileName":"CompletableFuture.java",
			"lineNumber":2153,
			"className":"java.util.concurrent.CompletableFuture",
			"methodName":"whenComplete"
		},
		{
			"fileName":"AsyncRpcResult.java",
			"lineNumber":212,
			"className":"org.apache.dubbo.rpc.AsyncRpcResult",
			"methodName":"whenCompleteWithContext"
		},
		{
			"fileName":"FilterChainBuilder.java",
			"lineNumber":195,
			"className":"org.apache.dubbo.rpc.cluster.filter.FilterChainBuilder$CallbackRegistrationInvoker",
			"methodName":"invoke"
		},
		{
			"fileName":"DubboProtocol.java",
			"lineNumber":156,
			"className":"org.apache.dubbo.rpc.protocol.dubbo.DubboProtocol$1",
			"methodName":"reply"
		},
		{
			"fileName":"HeaderExchangeHandler.java",
			"lineNumber":102,
			"className":"org.apache.dubbo.remoting.exchange.support.header.HeaderExchangeHandler",
			"methodName":"handleRequest"
		},
		{
			"fileName":"HeaderExchangeHandler.java",
			"lineNumber":177,
			"className":"org.apache.dubbo.remoting.exchange.support.header.HeaderExchangeHandler",
			"methodName":"received"
		},
		{
			"fileName":"DecodeHandler.java",
			"lineNumber":53,
			"className":"org.apache.dubbo.remoting.transport.DecodeHandler",
			"methodName":"received"
		},
		{
			"fileName":"ChannelEventRunnable.java",
			"lineNumber":62,
			"className":"org.apache.dubbo.remoting.transport.dispatcher.ChannelEventRunnable",
			"methodName":"run"
		},
		{
			"fileName":"ThreadPoolExecutor.java",
			"lineNumber":1149,
			"className":"java.util.concurrent.ThreadPoolExecutor",
			"methodName":"runWorker"
		},
		{
			"fileName":"ThreadPoolExecutor.java",
			"lineNumber":624,
			"className":"java.util.concurrent.ThreadPoolExecutor$Worker",
			"methodName":"run"
		},
		{
			"fileName":"InternalRunnable.java",
			"lineNumber":41,
			"className":"org.apache.dubbo.common.threadlocal.InternalRunnable",
			"methodName":"run"
		},
		{
			"fileName":"Thread.java",
			"lineNumber":748,
			"className":"java.lang.Thread",
			"methodName":"run"
		}
	],
	"suppressedExceptions":{"$ref":"$.cause.suppressedExceptions"}
}
{
	"innerObject":{
		"innerB":234,
		"innerA":"v1",
		"class":"org.apache.dubbo.service.ComplexObject$InnerObject"
	}
}
{
	"@type":"com.alibaba.fastjson2.dubbo.DubboTest0$Pojo#0",
	"@value":{
		"parentClass#1":{
			"@type":"com.alibaba.fastjson2.dubbo.DubboTest0$ChildClass#2",
			"@value":{
				"param#3":"param"
			}
		}
	}
}
{
	"type":"java.lang.String"
}
{
	"bool":false,
	"card":{
		"id":"",
		"level":"C1",
		"levelValue":0,
		"years":0
	},
	"cardOrBuilder":{
		"id":"",
		"level":"C1",
		"levelValue":0,
		"years":0
	},
	"cardsCount":0,
	"cardsList":[
		
	],
	"cardsOrBuilderList":[
		
	],
	"cardsmap":{},
	"cardsmapCount":0,
	"cardsmapMap":{},
	"double":0.0,
	"fixed32":0,
	"fixed64":0,
	"float":0.0,
	"int32":0,
	"int64":0,
	"sfixed32":0,
	"sfixed64":0,
	"sint32":0,
	"sint64":0,
	"string":"some string from client",
	"uint32":0,
	"uint64":0
}
{
	"@type":"org.apache.dubbo.rpc.service.GenericException#0",
	"@value":{
		"exceptionClass#1":"",
		"exceptionMessage#2":"",
		"genericExceptionInfo#3":{
			"exClass#4":"",
			"exMsg#5":"",
			"msg#6":"",
			"stackTrace#7":[
				{
					"fileName#8":"FastJson2ObjectInput.java",
					"lineNumber#9":110,
					"className#10":"org.apache.dubbo.common.serialize.fastjson2.FastJson2ObjectInput",
					"methodName#11":"readObject"
				},
				{
					"#8":"FastJson2ObjectInput.java",
					"#9":98,
					"#10":"org.apache.dubbo.common.serialize.fastjson2.FastJson2ObjectInput",
					"#11":"readObject"
				},
				{
					"#8":"ObjectInput.java",
					"#9":74,
					"#10":"org.apache.dubbo.common.serialize.ObjectInput",
					"#11":"readThrowable"
				},
				{
					"#8":"DecodeableRpcResult.java",
					"#9":171,
					"#10":"org.apache.dubbo.rpc.protocol.dubbo.DecodeableRpcResult",
					"#11":"handleException"
				},
				{
					"#8":"DecodeableRpcResult.java",
					"#9":110,
					"#10":"org.apache.dubbo.rpc.protocol.dubbo.DecodeableRpcResult",
					"#11":"decode"
				},
				{
					"#8":"DecodeableRpcResult.java",
					"#9":138,
					"#10":"org.apache.dubbo.rpc.protocol.dubbo.DecodeableRpcResult",
					"#11":"decode"
				},
				{
					"#8":"DecodeHandler.java",
					"#9":62,
					"#10":"org.apache.dubbo.remoting.transport.DecodeHandler",
					"#11":"decode"
				},
				{
					"#8":"DecodeHandler.java",
					"#9":50,
					"#10":"org.apache.dubbo.remoting.transport.DecodeHandler",
					"#11":"received"
				},
				{
					"#8":"ChannelEventRunnable.java",
					"#9":61,
					"#10":"org.apache.dubbo.remoting.transport.dispatcher.ChannelEventRunnable",
					"#11":"run"
				},
				{
					"#8":"ThreadlessExecutor.java",
					"#9":184,
					"#10":"org.apache.dubbo.common.threadpool.ThreadlessExecutor$RunnableWrapper",
					"#11":"run"
				},
				{
					"#8":"ThreadlessExecutor.java",
					"#9":103,
					"#10":"org.apache.dubbo.common.threadpool.ThreadlessExecutor",
					"#11":"waitAndDrain"
				},
				{
					"#8":"AsyncRpcResult.java",
					"#9":194,
					"#10":"org.apache.dubbo.rpc.AsyncRpcResult",
					"#11":"get"
				},
				{
					"#8":"AbstractInvoker.java",
					"#9":277,
					"#10":"org.apache.dubbo.rpc.protocol.AbstractInvoker",
					"#11":"waitForResultIfSync"
				},
				{
					"#8":"AbstractInvoker.java",
					"#9":181,
					"#10":"org.apache.dubbo.rpc.protocol.AbstractInvoker",
					"#11":"invoke"
				},
				{
					"#8":"ListenerInvokerWrapper.java",
					"#9":70,
					"#10":"org.apache.dubbo.rpc.listener.ListenerInvokerWrapper",
					"#11":"invoke"
				},
				{
					"#8":"GenericImplFilter.java",
					"#9":102,
					"#10":"org.apache.dubbo.rpc.filter.GenericImplFilter",
					"#11":"invoke"
				},
				{
					"#8":"FilterChainBuilder.java",
					"#9":327,
					"#10":"org.apache.dubbo.rpc.cluster.filter.FilterChainBuilder$CopyOfFilterChainNode",
					"#11":"invoke"
				},
				{
					"#8":"CacheFilter.java",
					"#9":95,
					"#10":"org.apache.dubbo.cache.filter.CacheFilter",
					"#11":"invoke"
				},
				{
					"#8":"FilterChainBuilder.java",
					"#9":327,
					"#10":"org.apache.dubbo.rpc.cluster.filter.FilterChainBuilder$CopyOfFilterChainNode",
					"#11":"invoke"
				},
				{
					"#8":"FilterChainBuilder.java",
					"#9":194,
					"#10":"org.apache.dubbo.rpc.cluster.filter.FilterChainBuilder$CallbackRegistrationInvoker",
					"#11":"invoke"
				},
				{
					"#8":"AbstractClusterInvoker.java",
					"#9":379,
					"#10":"org.apache.dubbo.rpc.cluster.support.AbstractClusterInvoker",
					"#11":"invokeWithContext"
				},
				{
					"#8":"FailoverClusterInvoker.java",
					"#9":81,
					"#10":"org.apache.dubbo.rpc.cluster.support.FailoverClusterInvoker",
					"#11":"doInvoke"
				},
				{
					"#8":"AbstractClusterInvoker.java",
					"#9":341,
					"#10":"org.apache.dubbo.rpc.cluster.support.AbstractClusterInvoker",
					"#11":"invoke"
				},
				{
					"#8":"RouterSnapshotFilter.java",
					"#9":46,
					"#10":"org.apache.dubbo.rpc.cluster.router.RouterSnapshotFilter",
					"#11":"invoke"
				},
				{
					"#8":"FilterChainBuilder.java",
					"#9":327,
					"#10":"org.apache.dubbo.rpc.cluster.filter.FilterChainBuilder$CopyOfFilterChainNode",
					"#11":"invoke"
				},
				{
					"#8":"MonitorFilter.java",
					"#9":100,
					"#10":"org.apache.dubbo.monitor.support.MonitorFilter",
					"#11":"invoke"
				},
				{
					"#8":"FilterChainBuilder.java",
					"#9":327,
					"#10":"org.apache.dubbo.rpc.cluster.filter.FilterChainBuilder$CopyOfFilterChainNode",
					"#11":"invoke"
				},
				{
					"#8":"FutureFilter.java",
					"#9":52,
					"#10":"org.apache.dubbo.rpc.protocol.dubbo.filter.FutureFilter",
					"#11":"invoke"
				},
				{
					"#8":"FilterChainBuilder.java",
					"#9":327,
					"#10":"org.apache.dubbo.rpc.cluster.filter.FilterChainBuilder$CopyOfFilterChainNode",
					"#11":"invoke"
				},
				{
					"#8":"ConsumerContextFilter.java",
					"#9":108,
					"#10":"org.apache.dubbo.rpc.cluster.filter.support.ConsumerContextFilter",
					"#11":"invoke"
				},
				{
					"#8":"FilterChainBuilder.java",
					"#9":327,
					"#10":"org.apache.dubbo.rpc.cluster.filter.FilterChainBuilder$CopyOfFilterChainNode",
					"#11":"invoke"
				},
				{
					"#8":"FilterChainBuilder.java",
					"#9":194,
					"#10":"org.apache.dubbo.rpc.cluster.filter.FilterChainBuilder$CallbackRegistrationInvoker",
					"#11":"invoke"
				},
				{
					"#8":"AbstractCluster.java",
					"#9":92,
					"#10":"org.apache.dubbo.rpc.cluster.support.wrapper.AbstractCluster$ClusterFilterInvoker",
					"#11":"invoke"
				},
				{
					"#8":"MockClusterInvoker.java",
					"#9":103,
					"#10":"org.apache.dubbo.rpc.cluster.support.wrapper.MockClusterInvoker",
					"#11":"invoke"
				},
				{
					"#8":"MigrationInvoker.java",
					"#9":282,
					"#10":"org.apache.dubbo.registry.client.migration.MigrationInvoker",
					"#11":"invoke"
				},
				{
					"#8":"InvocationUtil.java",
					"#9":56,
					"#10":"org.apache.dubbo.rpc.proxy.InvocationUtil",
					"#11":"invoke"
				},
				{
					"#8":"InvokerInvocationHandler.java",
					"#9":75,
					"#10":"org.apache.dubbo.rpc.proxy.InvokerInvocationHandler",
					"#11":"invoke"
				},
				{
					"#8":"HelloServiceDubboProxy0.java",
					"#9":-1,
					"#10":"org.apache.dubbo.samples.generic.call.api.HelloServiceDubboProxy0",
					"#11":"notImplementedHello"
				},
				{
					"#8":"NativeMethodAccessorImpl.java",
					"#9":-2,
					"#10":"sun.reflect.NativeMethodAccessorImpl",
					"#11":"invoke0"
				},
				{
					"#8":"NativeMethodAccessorImpl.java",
					"#9":62,
					"#10":"sun.reflect.NativeMethodAccessorImpl",
					"#11":"invoke"
				},
				{
					"#8":"DelegatingMethodAccessorImpl.java",
					"#9":43,
					"#10":"sun.reflect.DelegatingMethodAccessorImpl",
					"#11":"invoke"
				},
				{
					"#8":"Method.java",
					"#9":498,
					"#10":"java.lang.reflect.Method",
					"#11":"invoke"
				},
				{
					"#8":"AopUtils.java",
					"#9":333,
					"#10":"org.springframework.aop.support.AopUtils",
					"#11":"invokeJoinpointUsingReflection"
				},
				{
					"#8":"JdkDynamicAopProxy.java",
					"#9":207,
					"#10":"org.springframework.aop.framework.JdkDynamicAopProxy",
					"#11":"invoke"
				},
				{
					"#8":null,
					"#9":-1,
					"#10":"com.sun.proxy.$Proxy23",
					"#11":"notImplementedHello"
				},
				{
					"#8":"HelloServiceIT.java",
					"#9":49,
					"#10":"org.apache.dubbo.samples.generic.call.HelloServiceIT",
					"#11":"testNotImplementedHello"
				},
				{
					"#8":"NativeMethodAccessorImpl.java",
					"#9":-2,
					"#10":"sun.reflect.NativeMethodAccessorImpl",
					"#11":"invoke0"
				},
				{
					"#8":"NativeMethodAccessorImpl.java",
					"#9":62,
					"#10":"sun.reflect.NativeMethodAccessorImpl",
					"#11":"invoke"
				},
				{
					"#8":"DelegatingMethodAccessorImpl.java",
					"#9":43,
					"#10":"sun.reflect.DelegatingMethodAccessorImpl",
					"#11":"invoke"
				},
				{
					"#8":"Method.java",
					"#9":498,
					"#10":"java.lang.reflect.Method",
					"#11":"invoke"
				},
				{
					"#8":"FrameworkMethod.java",
					"#9":50,
					"#10":"org.junit.runners.model.FrameworkMethod$1",
					"#11":"runReflectiveCall"
				},
				{
					"#8":"ReflectiveCallable.java",
					"#9":12,
					"#10":"org.junit.internal.runners.model.ReflectiveCallable",
					"#11":"run"
				},
				{
					"#8":"FrameworkMethod.java",
					"#9":47,
					"#10":"org.junit.runners.model.FrameworkMethod",
					"#11":"invokeExplosively"
				},
				{
					"#8":"InvokeMethod.java",
					"#9":17,
					"#10":"org.junit.internal.runners.statements.InvokeMethod",
					"#11":"evaluate"
				},
				{
					"#8":"RunBeforeTestMethodCallbacks.java",
					"#9":75,
					"#10":"org.springframework.test.context.junit4.statements.RunBeforeTestMethodCallbacks",
					"#11":"evaluate"
				},
				{
					"#8":"RunAfterTestMethodCallbacks.java",
					"#9":86,
					"#10":"org.springframework.test.context.junit4.statements.RunAfterTestMethodCallbacks",
					"#11":"evaluate"
				},
				{
					"#8":"SpringRepeat.java",
					"#9":84,
					"#10":"org.springframework.test.context.junit4.statements.SpringRepeat",
					"#11":"evaluate"
				},
				{
					"#8":"ParentRunner.java",
					"#9":325,
					"#10":"org.junit.runners.ParentRunner",
					"#11":"runLeaf"
				},
				{
					"#8":"SpringJUnit4ClassRunner.java",
					"#9":252,
					"#10":"org.springframework.test.context.junit4.SpringJUnit4ClassRunner",
					"#11":"runChild"
				},
				{
					"#8":"SpringJUnit4ClassRunner.java",
					"#9":94,
					"#10":"org.springframework.test.context.junit4.SpringJUnit4ClassRunner",
					"#11":"runChild"
				},
				{
					"#8":"ParentRunner.java",
					"#9":290,
					"#10":"org.junit.runners.ParentRunner$3",
					"#11":"run"
				},
				{
					"#8":"ParentRunner.java",
					"#9":71,
					"#10":"org.junit.runners.ParentRunner$1",
					"#11":"schedule"
				},
				{
					"#8":"ParentRunner.java",
					"#9":288,
					"#10":"org.junit.runners.ParentRunner",
					"#11":"runChildren"
				},
				{
					"#8":"ParentRunner.java",
					"#9":58,
					"#10":"org.junit.runners.ParentRunner",
					"#11":"access$000"
				},
				{
					"#8":"ParentRunner.java",
					"#9":268,
					"#10":"org.junit.runners.ParentRunner$2",
					"#11":"evaluate"
				},
				{
					"#8":"RunBeforeTestClassCallbacks.java",
					"#9":61,
					"#10":"org.springframework.test.context.junit4.statements.RunBeforeTestClassCallbacks",
					"#11":"evaluate"
				},
				{
					"#8":"RunAfterTestClassCallbacks.java",
					"#9":70,
					"#10":"org.springframework.test.context.junit4.statements.RunAfterTestClassCallbacks",
					"#11":"evaluate"
				},
				{
					"#8":"ParentRunner.java",
					"#9":363,
					"#10":"org.junit.runners.ParentRunner",
					"#11":"run"
				},
				{
					"#8":"SpringJUnit4ClassRunner.java",
					"#9":191,
					"#10":"org.springframework.test.context.junit4.SpringJUnit4ClassRunner",
					"#11":"run"
				},
				{
					"#8":"JUnit4Provider.java",
					"#9":365,
					"#10":"org.apache.maven.surefire.junit4.JUnit4Provider",
					"#11":"execute"
				},
				{
					"#8":"JUnit4Provider.java",
					"#9":273,
					"#10":"org.apache.maven.surefire.junit4.JUnit4Provider",
					"#11":"executeWithRerun"
				},
				{
					"#8":"JUnit4Provider.java",
					"#9":238,
					"#10":"org.apache.maven.surefire.junit4.JUnit4Provider",
					"#11":"executeTestSet"
				},
				{
					"#8":"JUnit4Provider.java",
					"#9":159,
					"#10":"org.apache.maven.surefire.junit4.JUnit4Provider",
					"#11":"invoke"
				},
				{
					"#8":"NativeMethodAccessorImpl.java",
					"#9":-2,
					"#10":"sun.reflect.NativeMethodAccessorImpl",
					"#11":"invoke0"
				},
				{
					"#8":"NativeMethodAccessorImpl.java",
					"#9":62,
					"#10":"sun.reflect.NativeMethodAccessorImpl",
					"#11":"invoke"
				},
				{
					"#8":"DelegatingMethodAccessorImpl.java",
					"#9":43,
					"#10":"sun.reflect.DelegatingMethodAccessorImpl",
					"#11":"invoke"
				},
				{
					"#8":"Method.java",
					"#9":498,
					"#10":"java.lang.reflect.Method",
					"#11":"invoke"
				},
				{
					"#8":"ReflectionUtils.java",
					"#9":206,
					"#10":"org.apache.maven.surefire.util.ReflectionUtils",
					"#11":"invokeMethodWithArray2"
				},
				{
					"#8":"ProviderFactory.java",
					"#9":161,
					"#10":"org.apache.maven.surefire.booter.ProviderFactory$ProviderProxy",
					"#11":"invoke"
				},
				{
					"#8":"ProviderFactory.java",
					"#9":84,
					"#10":"org.apache.maven.surefire.booter.ProviderFactory",
					"#11":"invokeProvider"
				},
				{
					"#8":"ClassloaderSurefireStarter.java",
					"#9":78,
					"#10":"org.apache.dubbo.test.runner.ClassloaderSurefireStarter",
					"#11":"runSuitesInProcess"
				},
				{
					"#8":"TestRunnerMain.java",
					"#9":185,
					"#10":"org.apache.dubbo.test.runner.TestRunnerMain",
					"#11":"main"
				}
			]
		},
		"message#12":"{\"exClass\":\"\",\"exMsg\":\"\",\"msg\":\"\"}",
		"#7":[
			{
				"#8":"FastJson2ObjectInput.java",
				"#9":110,
				"#10":"org.apache.dubbo.common.serialize.fastjson2.FastJson2ObjectInput",
				"#11":"readObject"
			},
			{
				"#8":"FastJson2ObjectInput.java",
				"#9":98,
				"#10":"org.apache.dubbo.common.serialize.fastjson2.FastJson2ObjectInput",
				"#11":"readObject"
			},
			{
				"#8":"ObjectInput.java",
				"#9":74,
				"#10":"org.apache.dubbo.common.serialize.ObjectInput",
				"#11":"readThrowable"
			},
			{
				"#8":"DecodeableRpcResult.java",
				"#9":171,
				"#10":"org.apache.dubbo.rpc.protocol.dubbo.DecodeableRpcResult",
				"#11":"handleException"
			},
			{
				"#8":"DecodeableRpcResult.java",
				"#9":110,
				"#10":"org.apache.dubbo.rpc.protocol.dubbo.DecodeableRpcResult",
				"#11":"decode"
			},
			{
				"#8":"DecodeableRpcResult.java",
				"#9":138,
				"#10":"org.apache.dubbo.rpc.protocol.dubbo.DecodeableRpcResult",
				"#11":"decode"
			},
			{
				"#8":"DecodeHandler.java",
				"#9":62,
				"#10":"org.apache.dubbo.remoting.transport.DecodeHandler",
				"#11":"decode"
			},
			{
				"#8":"DecodeHandler.java",
				"#9":50,
				"#10":"org.apache.dubbo.remoting.transport.DecodeHandler",
				"#11":"received"
			},
			{
				"#8":"ChannelEventRunnable.java",
				"#9":61,
				"#10":"org.apache.dubbo.remoting.transport.dispatcher.ChannelEventRunnable",
				"#11":"run"
			},
			{
				"#8":"ThreadlessExecutor.java",
				"#9":184,
				"#10":"org.apache.dubbo.common.threadpool.ThreadlessExecutor$RunnableWrapper",
				"#11":"run"
			},
			{
				"#8":"ThreadlessExecutor.java",
				"#9":103,
				"#10":"org.apache.dubbo.common.threadpool.ThreadlessExecutor",
				"#11":"waitAndDrain"
			},
			{
				"#8":"AsyncRpcResult.java",
				"#9":194,
				"#10":"org.apache.dubbo.rpc.AsyncRpcResult",
				"#11":"get"
			},
			{
				"#8":"AbstractInvoker.java",
				"#9":277,
				"#10":"org.apache.dubbo.rpc.protocol.AbstractInvoker",
				"#11":"waitForResultIfSync"
			},
			{
				"#8":"AbstractInvoker.java",
				"#9":181,
				"#10":"org.apache.dubbo.rpc.protocol.AbstractInvoker",
				"#11":"invoke"
			},
			{
				"#8":"ListenerInvokerWrapper.java",
				"#9":70,
				"#10":"org.apache.dubbo.rpc.listener.ListenerInvokerWrapper",
				"#11":"invoke"
			},
			{
				"#8":"GenericImplFilter.java",
				"#9":102,
				"#10":"org.apache.dubbo.rpc.filter.GenericImplFilter",
				"#11":"invoke"
			},
			{
				"#8":"FilterChainBuilder.java",
				"#9":327,
				"#10":"org.apache.dubbo.rpc.cluster.filter.FilterChainBuilder$CopyOfFilterChainNode",
				"#11":"invoke"
			},
			{
				"#8":"CacheFilter.java",
				"#9":95,
				"#10":"org.apache.dubbo.cache.filter.CacheFilter",
				"#11":"invoke"
			},
			{
				"#8":"FilterChainBuilder.java",
				"#9":327,
				"#10":"org.apache.dubbo.rpc.cluster.filter.FilterChainBuilder$CopyOfFilterChainNode",
				"#11":"invoke"
			},
			{
				"#8":"FilterChainBuilder.java",
				"#9":194,
				"#10":"org.apache.dubbo.rpc.cluster.filter.FilterChainBuilder$CallbackRegistrationInvoker",
				"#11":"invoke"
			},
			{
				"#8":"AbstractClusterInvoker.java",
				"#9":379,
				"#10":"org.apache.dubbo.rpc.cluster.support.AbstractClusterInvoker",
				"#11":"invokeWithContext"
			},
			{
				"#8":"FailoverClusterInvoker.java",
				"#9":81,
				"#10":"org.apache.dubbo.rpc.cluster.support.FailoverClusterInvoker",
				"#11":"doInvoke"
			},
			{
				"#8":"AbstractClusterInvoker.java",
				"#9":341,
				"#10":"org.apache.dubbo.rpc.cluster.support.AbstractClusterInvoker",
				"#11":"invoke"
			},
			{
				"#8":"RouterSnapshotFilter.java",
				"#9":46,
				"#10":"org.apache.dubbo.rpc.cluster.router.RouterSnapshotFilter",
				"#11":"invoke"
			},
			{
				"#8":"FilterChainBuilder.java",
				"#9":327,
				"#10":"org.apache.dubbo.rpc.cluster.filter.FilterChainBuilder$CopyOfFilterChainNode",
				"#11":"invoke"
			},
			{
				"#8":"MonitorFilter.java",
				"#9":100,
				"#10":"org.apache.dubbo.monitor.support.MonitorFilter",
				"#11":"invoke"
			},
			{
				"#8":"FilterChainBuilder.java",
				"#9":327,
				"#10":"org.apache.dubbo.rpc.cluster.filter.FilterChainBuilder$CopyOfFilterChainNode",
				"#11":"invoke"
			},
			{
				"#8":"FutureFilter.java",
				"#9":52,
				"#10":"org.apache.dubbo.rpc.protocol.dubbo.filter.FutureFilter",
				"#11":"invoke"
			},
			{
				"#8":"FilterChainBuilder.java",
				"#9":327,
				"#10":"org.apache.dubbo.rpc.cluster.filter.FilterChainBuilder$CopyOfFilterChainNode",
				"#11":"invoke"
			},
			{
				"#8":"ConsumerContextFilter.java",
				"#9":108,
				"#10":"org.apache.dubbo.rpc.cluster.filter.support.ConsumerContextFilter",
				"#11":"invoke"
			},
			{
				"#8":"FilterChainBuilder.java",
				"#9":327,
				"#10":"org.apache.dubbo.rpc.cluster.filter.FilterChainBuilder$CopyOfFilterChainNode",
				"#11":"invoke"
			},
			{
				"#8":"FilterChainBuilder.java",
				"#9":194,
				"#10":"org.apache.dubbo.rpc.cluster.filter.FilterChainBuilder$CallbackRegistrationInvoker",
				"#11":"invoke"
			},
			{
				"#8":"AbstractCluster.java",
				"#9":92,
				"#10":"org.apache.dubbo.rpc.cluster.support.wrapper.AbstractCluster$ClusterFilterInvoker",
				"#11":"invoke"
			},
			{
				"#8":"MockClusterInvoker.java",
				"#9":103,
				"#10":"org.apache.dubbo.rpc.cluster.support.wrapper.MockClusterInvoker",
				"#11":"invoke"
			},
			{
				"#8":"MigrationInvoker.java",
				"#9":282,
				"#10":"org.apache.dubbo.registry.client.migration.MigrationInvoker",
				"#11":"invoke"
			},
			{
				"#8":"InvocationUtil.java",
				"#9":56,
				"#10":"org.apache.dubbo.rpc.proxy.InvocationUtil",
				"#11":"invoke"
			},
			{
				"#8":"InvokerInvocationHandler.java",
				"#9":75,
				"#10":"org.apache.dubbo.rpc.proxy.InvokerInvocationHandler",
				"#11":"invoke"
			},
			{
				"#8":"HelloServiceDubboProxy0.java",
				"#9":-1,
				"#10":"org.apache.dubbo.samples.generic.call.api.HelloServiceDubboProxy0",
				"#11":"notImplementedHello"
			},
			{
				"#8":"NativeMethodAccessorImpl.java",
				"#9":-2,
				"#10":"sun.reflect.NativeMethodAccessorImpl",
				"#11":"invoke0"
			},
			{
				"#8":"NativeMethodAccessorImpl.java",
				"#9":62,
				"#10":"sun.reflect.NativeMethodAccessorImpl",
				"#11":"invoke"
			},
			{
				"#8":"DelegatingMethodAccessorImpl.java",
				"#9":43,
				"#10":"sun.reflect.DelegatingMethodAccessorImpl",
				"#11":"invoke"
			},
			{
				"#8":"Method.java",
				"#9":498,
				"#10":"java.lang.reflect.Method",
				"#11":"invoke"
			},
			{
				"#8":"AopUtils.java",
				"#9":333,
				"#10":"org.springframework.aop.support.AopUtils",
				"#11":"invokeJoinpointUsingReflection"
			},
			{
				"#8":"JdkDynamicAopProxy.java",
				"#9":207,
				"#10":"org.springframework.aop.framework.JdkDynamicAopProxy",
				"#11":"invoke"
			},
			{
				"#8":null,
				"#9":-1,
				"#10":"com.sun.proxy.$Proxy23",
				"#11":"notImplementedHello"
			},
			{
				"#8":"HelloServiceIT.java",
				"#9":49,
				"#10":"org.apache.dubbo.samples.generic.call.HelloServiceIT",
				"#11":"testNotImplementedHello"
			},
			{
				"#8":"NativeMethodAccessorImpl.java",
				"#9":-2,
				"#10":"sun.reflect.NativeMethodAccessorImpl",
				"#11":"invoke0"
			},
			{
				"#8":"NativeMethodAccessorImpl.java",
				"#9":62,
				"#10":"sun.reflect.NativeMethodAccessorImpl",
				"#11":"invoke"
			},
			{
				"#8":"DelegatingMethodAccessorImpl.java",
				"#9":43,
				"#10":"sun.reflect.DelegatingMethodAccessorImpl",
				"#11":"invoke"
			},
			{
				"#8":"Method.java",
				"#9":498,
				"#10":"java.lang.reflect.Method",
				"#11":"invoke"
			},
			{
				"#8":"FrameworkMethod.java",
				"#9":50,
				"#10":"org.junit.runners.model.FrameworkMethod$1",
				"#11":"runReflectiveCall"
			},
			{
				"#8":"ReflectiveCallable.java",
				"#9":12,
				"#10":"org.junit.internal.runners.model.ReflectiveCallable",
				"#11":"run"
			},
			{
				"#8":"FrameworkMethod.java",
				"#9":47,
				"#10":"org.junit.runners.model.FrameworkMethod",
				"#11":"invokeExplosively"
			},
			{
				"#8":"InvokeMethod.java",
				"#9":17,
				"#10":"org.junit.internal.runners.statements.InvokeMethod",
				"#11":"evaluate"
			},
			{
				"#8":"RunBeforeTestMethodCallbacks.java",
				"#9":75,
				"#10":"org.springframework.test.context.junit4.statements.RunBeforeTestMethodCallbacks",
				"#11":"evaluate"
			},
			{
				"#8":"RunAfterTestMethodCallbacks.java",
				"#9":86,
				"#10":"org.springframework.test.context.junit4.statements.RunAfterTestMethodCallbacks",
				"#11":"evaluate"
			},
			{
				"#8":"SpringRepeat.java",
				"#9":84,
				"#10":"org.springframework.test.context.junit4.statements.SpringRepeat",
				"#11":"evaluate"
			},
			{
				"#8":"ParentRunner.java",
				"#9":325,
				"#10":"org.junit.runners.ParentRunner",
				"#11":"runLeaf"
			},
			{
				"#8":"SpringJUnit4ClassRunner.java",
				"#9":252,
				"#10":"org.springframework.test.context.junit4.SpringJUnit4ClassRunner",
				"#11":"runChild"
			},
			{
				"#8":"SpringJUnit4ClassRunner.java",
				"#9":94,
				"#10":"org.springframework.test.context.junit4.SpringJUnit4ClassRunner",
				"#11":"runChild"
			},
			{
				"#8":"ParentRunner.java",
				"#9":290,
				"#10":"org.junit.runners.ParentRunner$3",
				"#11":"run"
			},
			{
				"#8":"ParentRunner.java",
				"#9":71,
				"#10":"org.junit.runners.ParentRunner$1",
				"#11":"schedule"
			},
			{
				"#8":"ParentRunner.java",
				"#9":288,
				"#10":"org.junit.runners.ParentRunner",
				"#11":"runChildren"
			},
			{
				"#8":"ParentRunner.java",
				"#9":58,
				"#10":"org.junit.runners.ParentRunner",
				"#11":"access$000"
			},
			{
				"#8":"ParentRunner.java",
				"#9":268,
				"#10":"org.junit.runners.ParentRunner$2",
				"#11":"evaluate"
			},
			{
				"#8":"RunBeforeTestClassCallbacks.java",
				"#9":61,
				"#10":"org.springframework.test.context.junit4.statements.RunBeforeTestClassCallbacks",
				"#11":"evaluate"
			},
			{
				"#8":"RunAfterTestClassCallbacks.java",
				"#9":70,
				"#10":"org.springframework.test.context.junit4.statements.RunAfterTestClassCallbacks",
				"#11":"evaluate"
			},
			{
				"#8":"ParentRunner.java",
				"#9":363,
				"#10":"org.junit.runners.ParentRunner",
				"#11":"run"
			},
			{
				"#8":"SpringJUnit4ClassRunner.java",
				"#9":191,
				"#10":"org.springframework.test.context.junit4.SpringJUnit4ClassRunner",
				"#11":"run"
			},
			{
				"#8":"JUnit4Provider.java",
				"#9":365,
				"#10":"org.apache.maven.surefire.junit4.JUnit4Provider",
				"#11":"execute"
			},
			{
				"#8":"JUnit4Provider.java",
				"#9":273,
				"#10":"org.apache.maven.surefire.junit4.JUnit4Provider",
				"#11":"executeWithRerun"
			},
			{
				"#8":"JUnit4Provider.java",
				"#9":238,
				"#10":"org.apache.maven.surefire.junit4.JUnit4Provider",
				"#11":"executeTestSet"
			},
			{
				"#8":"JUnit4Provider.java",
				"#9":159,
				"#10":"org.apache.maven.surefire.junit4.JUnit4Provider",
				"#11":"invoke"
			},
			{
				"#8":"NativeMethodAccessorImpl.java",
				"#9":-2,
				"#10":"sun.reflect.NativeMethodAccessorImpl",
				"#11":"invoke0"
			},
			{
				"#8":"NativeMethodAccessorImpl.java",
				"#9":62,
				"#10":"sun.reflect.NativeMethodAccessorImpl",
				"#11":"invoke"
			},
			{
				"#8":"DelegatingMethodAccessorImpl.java",
				"#9":43,
				"#10":"sun.reflect.DelegatingMethodAccessorImpl",
				"#11":"invoke"
			},
			{
				"#8":"Method.java",
				"#9":498,
				"#10":"java.lang.reflect.Method",
				"#11":"invoke"
			},
			{
				"#8":"ReflectionUtils.java",
				"#9":206,
				"#10":"org.apache.maven.surefire.util.ReflectionUtils",
				"#11":"invokeMethodWithArray2"
			},
			{
				"#8":"ProviderFactory.java",
				"#9":161,
				"#10":"org.apache.maven.surefire.booter.ProviderFactory$ProviderProxy",
				"#11":"invoke"
			},
			{
				"#8":"ProviderFactory.java",
				"#9":84,
				"#10":"org.apache.maven.surefire.booter.ProviderFactory",
				"#11":"invokeProvider"
			},
			{
				"#8":"ClassloaderSurefireStarter.java",
				"#9":78,
				"#10":"org.apache.dubbo.test.runner.ClassloaderSurefireStarter",
				"#11":"runSuitesInProcess"
			},
			{
				"#8":"TestRunnerMain.java",
				"#9":185,
				"#10":"org.apache.dubbo.test.runner.TestRunnerMain",
				"#11":"main"
			}
		],
		"suppressed#13":[]
	}
}
{"v0000":[0],"v0001":[],"v0002":[0,0]}
1
{
	"@type":"com.alibaba.fastjson2.aliyun.MapGhostTest$MapGhost#0",
	"@value":{
		"name":"abc",
		"$super$":{
			"@type":"M#1",
			"@value":{
				"name":123
			}
		}
	}
}
{
	"@type":"com.alibaba.fastjson2.eishay.vo.MediaContent#0",
	"@value":[
		[
			[
				768,
				1,
				"Javaone Keynote",
				"http://javaone.com/keynote_large.jpg",
				1024
			],
			[
				240,
				0,
				"Javaone Keynote",
				"http://javaone.com/keynote_small.jpg",
				320
			]
		],
		[
			262144,
			null,
			18000000,
			"video/mpg4",
			480,
			[
				"Bill Gates",
				"Steve Jobs"
			],
			0,
			58982400,
			"Javaone Keynote",
			"http://javaone.com/keynote.mpg",
			640
		]
	]
}
{
	"@type":"com.alibaba.fastjson2.arraymapping.EishayTest$Sample",
	"@value":[
		[
			true,
			false
		],
		false,
		"AB",
		"\u0000",
		[
			1.0,
			2.0,
			3.0
		],
		0.0,
		[
			1.0,
			2.0,
			3.0
		],
		0.0,
		[
			1,
			2
		],
		101,
		[
			1,
			2
		],
		1001,
		null,
		[
			1,
			2
		],
		0,
		null
	]
}
com.alibaba.fastjson2.issues_2400.Issue2440$Bean@3ffa007c
{"first_name":"wenshao","id":123}
{"courseId":"6bad799a1c894893bedade17215244a1","userId":"4b99d48f87f84868a59aa3b3ce82fd56"}
{
	"@type":"com.alibaba.fastjson2.eishay.vo.MediaContent",
	"@value":[
		[
			[
				768,
				1,
				"Javaone Keynote",
				"http://javaone.com/keynote_large.jpg",
				1024
			],
			[
				240,
				0,
				"Javaone Keynote",
				"http://javaone.com/keynote_small.jpg",
				320
			]
		],
		[
			262144,
			null,
			18000000,
			"video/mpg4",
			480,
			[
				"Bill Gates",
				"Steve Jobs"
			],
			0,
			58982400,
			"Javaone Keynote",
			"http://javaone.com/keynote.mpg",
			640
		]
	]
}
[[[768,1,"Javaone Keynote","http://javaone.com/keynote_large.jpg",1024],[240,0,"Javaone Keynote","http://javaone.com/keynote_small.jpg",320]],[262144,null,18000000,"video/mpg4",480,["Bill Gates","Steve Jobs"],0,58982400,"Javaone Keynote","http://javaone.com/keynote.mpg",640]]
{
	"@type":"com.alibaba.fastjson2.eishay.vo.MediaContent#0",
	"@value":{
		"images#1":[
			{
				"height#2":768,
				"size#3":1,
				"title#4":"Javaone Keynote",
				"uri#5":"http://javaone.com/keynote_large.jpg",
				"width#6":1024
			},
			{
				"#2":240,
				"#3":0,
				"#4":"Javaone Keynote",
				"#5":"http://javaone.com/keynote_small.jpg",
				"#6":320
			}
		],
		"media#7":{
			"bitrate#8":262144,
			"duration#9":18000000,
			"format#10":"video/mpg4",
			"#2":480,
			"persons#11":[
				"Bill Gates",
				"Steve Jobs"
			],
			"player#12":0,
			"#3":58982400,
			"#4":"Javaone Keynote",
			"#5":"http://javaone.com/keynote.mpg",
			"#6":640
		}
	}
}
[
	[
		[
			768,
			1,
			"Javaone Keynote",
			"http://javaone.com/keynote_large.jpg",
			1024
		],
		[
			240,
			0,
			"Javaone Keynote",
			"http://javaone.com/keynote_small.jpg",
			320
		]
	],
	[
		262144,
		null,
		18000000,
		"video/mpg4",
		480,
		[
			"Bill Gates",
			"Steve Jobs"
		],
		0,
		58982400,
		"Javaone Keynote",
		"http://javaone.com/keynote.mpg",
		640
	]
]
{"values":{"100":[{"id":1001},{"id":1002}],"200":[{"id":2001},{"id":2002}]}}
millis : 269
millis : 204
[name, weight, age]
CSVReaderTest.Person(name=张三, weight=68.2, age=32)
CSVReaderTest.Person(name=李四, weight=75.6, age=28)
[name, weight, age]
CSVReaderTest.Person(name=张三, weight=68.2, age=32)
CSVReaderTest.Person(name=李四, weight=75.6, age=28)
{
	"@type":"com.alibaba.fastjson2.support.ApacheTripleTest$Bean#0",
	"@value":{
		"triple":{
			"@type":"org.apache.commons.lang3.tuple.MutableTriple#1",
			"@value":{
				"left":101,
				"middle":102,
				"right":103
			}
		}
	}
}
{
	"@type":"com.alibaba.fastjson2.support.ApacheTripleTest$Bean#0",
	"@value":{
		"triple":{
			"@type":"org.apache.commons.lang3.tuple.ImmutableTriple#1",
			"@value":{
				"left":101,
				"middle":102,
				"right":103
			}
		}
	}
}
{
	"high":{
		"value":"H"
	},
	"low":{
		"value":"L"
	},
	"mid":{
		"value":"M"
	}
}
Tue Oct 15 10:02:26 CST 2024
Enum Item: LOCKED
JVM_VERSION : 25
-9214723784238596577L,
-9030616758866828325L,
-8335274122997354104L,
-6963030519018899258L,
-4863137578837233966L,
-3653547262287832698L,
-2819277587813726773L,
-2669552864532011468L,
-2458634727370886912L,
-2291619803571459675L,
-1811306045128064037L,
-864440709753525476L,
-779604756358333743L,
8731803887940231L,
1616814008855344660L,
2164749833121980361L,
2688642392827789427L,
3724195282986200606L,
3742915795806478647L,
3977020351318456359L,
4775491097662790952L,
4882459834864833642L,
6033839080488254886L,
7981148566008458638L,
8344106065386396833L,
9215465129261900012L,
27545
27545
1	[1]
2	[2]
3	[3]
4	[4]
5	[5]
6	[6]
7	[7]
8	[8]
9	[9]
10	[10]
11	[11]
12	[12]
13	[13]
14	[14]
15	[15]
16	[16]
17	[17]
18	[18]
19	[19]
20	[20]
21	[21]
22	[22]
23	[23]
24	[24]
25	[25]
26	[26]
27	[27]
28	[28]
29	[29]
30	[30]
31	[31]
32	[32]
33	[33]
34	[34]
35	[35]
36	[36]
37	[37]
38	[38]
39	[39]
40	[40]
41	[41]
42	[42]
43	[43]
44	[44]
45	[45]
46	[46]
47	[47]
48	[48]
49	[49]
50	[50]
51	[51]
52	[52]
53	[53]
54	[54]
55	[55]
56	[56]
57	[57]
58	[58]
59	[59]
60	[60]
61	[61]
62	[62]
63	[63]
64	[64]
65	[65]
66	[66]
67	[67]
68	[68]
69	[69]
70	[70]
71	[71]
72	[72]
73	[73]
74	[74]
75	[75]
76	[76]
77	[77]
78	[78]
79	[79]
80	[80]
81	[81]
82	[82]
83	[83]
84	[84]
85	[85]
86	[86]
87	[87]
88	[88]
89	[89]
90	[90]
91	[91]
92	[92]
93	[93]
94	[94]
95	[95]
96	[96]
97	[97]
98	[98]
99	[99]
100	[100]
101	[101]
102	[102]
103	[103]
104	[104]
105	[105]
106	[106]
107	[107]
108	[108]
109	[109]
110	[110]
111	[111]
112	[112]
113	[113]
114	[114]
115	[115]
116	[116]
117	[117]
118	[118]
119	[119]
120	[120]
121	[121]
122	[122]
123	[123]
124	[124]
125	[125]
126	[126]
127	[127]
128	[-62, -128]
129	[-62, -127]
130	[-62, -126]
131	[-62, -125]
132	[-62, -124]
133	[-62, -123]
134	[-62, -122]
135	[-62, -121]
136	[-62, -120]
137	[-62, -119]
138	[-62, -118]
139	[-62, -117]
140	[-62, -116]
141	[-62, -115]
142	[-62, -114]
143	[-62, -113]
144	[-62, -112]
145	[-62, -111]
146	[-62, -110]
147	[-62, -109]
148	[-62, -108]
149	[-62, -107]
150	[-62, -106]
151	[-62, -105]
152	[-62, -104]
153	[-62, -103]
154	[-62, -102]
155	[-62, -101]
156	[-62, -100]
157	[-62, -99]
158	[-62, -98]
159	[-62, -97]
160	[-62, -96]
161	[-62, -95]
162	[-62, -94]
163	[-62, -93]
164	[-62, -92]
165	[-62, -91]
166	[-62, -90]
167	[-62, -89]
168	[-62, -88]
169	[-62, -87]
170	[-62, -86]
171	[-62, -85]
172	[-62, -84]
173	[-62, -83]
174	[-62, -82]
175	[-62, -81]
176	[-62, -80]
177	[-62, -79]
178	[-62, -78]
179	[-62, -77]
180	[-62, -76]
181	[-62, -75]
182	[-62, -74]
183	[-62, -73]
184	[-62, -72]
185	[-62, -71]
186	[-62, -70]
187	[-62, -69]
188	[-62, -68]
189	[-62, -67]
190	[-62, -66]
191	[-62, -65]
192	[-61, -128]
193	[-61, -127]
194	[-61, -126]
195	[-61, -125]
196	[-61, -124]
197	[-61, -123]
198	[-61, -122]
199	[-61, -121]
200	[-61, -120]
201	[-61, -119]
202	[-61, -118]
203	[-61, -117]
204	[-61, -116]
205	[-61, -115]
206	[-61, -114]
207	[-61, -113]
208	[-61, -112]
209	[-61, -111]
210	[-61, -110]
211	[-61, -109]
212	[-61, -108]
213	[-61, -107]
214	[-61, -106]
215	[-61, -105]
216	[-61, -104]
217	[-61, -103]
218	[-61, -102]
219	[-61, -101]
220	[-61, -100]
221	[-61, -99]
222	[-61, -98]
223	[-61, -97]
224	[-61, -96]
225	[-61, -95]
226	[-61, -94]
227	[-61, -93]
228	[-61, -92]
229	[-61, -91]
230	[-61, -90]
231	[-61, -89]
232	[-61, -88]
233	[-61, -87]
234	[-61, -86]
235	[-61, -85]
236	[-61, -84]
237	[-61, -83]
238	[-61, -82]
239	[-61, -81]
240	[-61, -80]
241	[-61, -79]
242	[-61, -78]
243	[-61, -77]
244	[-61, -76]
245	[-61, -75]
246	[-61, -74]
247	[-61, -73]
248	[-61, -72]
249	[-61, -71]
250	[-61, -70]
251	[-61, -69]
252	[-61, -68]
253	[-61, -67]
254	[-61, -66]
255	[-61, -65]
0.1839626164768111 -> 0.18396261647681111
0.892509532275577 -> 0.8925095322755771
0.3094236769772091 -> 0.30942367697720907
0.0352738180035479 -> 0.035273818003547897
0.568466101296282 -> 0.5684661012962819
0.3540981637620291 -> 0.35409816376202907
0.913587466425896 -> 0.9135874664258961
0.3297947935615477 -> 0.32979479356154773
0.748215465900471 -> 0.7482154659004711
0.3020634232645035 -> 0.30206342326450353
0.80065421589336 -> 0.8006542158933601
0.646583723253289 -> 0.6465837232532891
0.2939815031896649 -> 0.29398150318966487
0.625645025909426 -> 0.6256450259094259
0.554897211423587 -> 0.5548972114235869
0.1807170210497029 -> 0.18071702104970289
0.773689782251405 -> 0.7736897822514049
0.3081413105641507 -> 0.30814131056415073
0.2381765622767439 -> 0.23817656227674389
0.943143356122568 -> 0.9431433561225681
0.0913281918130966 -> 0.09132819181309659
0.636730308357287 -> 0.6367303083572869
0.2752001096259655 -> 0.27520010962596553
0.689217242590835 -> 0.6892172425908351
0.563331531981555 -> 0.5633315319815549
0.898226145822486 -> 0.8982261458224861
0.4927325361515488 -> 0.49273253615154877
0.60860246587465 -> 0.6086024658746499
0.4199562126343446 -> 0.41995621263434457
0.636559168692513 -> 0.6365591686925131
0.01940521398289685 -> 0.019405213982896852
0.69778301672602 -> 0.6977830167260199
0.1681120333430315 -> 0.16811203334303149
0.726385780248683 -> 0.7263857802486831
0.0848494624702767 -> 0.08484946247027669
0.508018042007296 -> 0.5080180420072959
0.1855123457015979 -> 0.18551234570159791
0.846023643759582 -> 0.8460236437595819
0.830031063298659 -> 0.8300310632986591
0.66335530290993 -> 0.6633553029099299
0.02796493367204189 -> 0.027964933672041892
0.2511182732771782 -> 0.25111827327717817
0.609979222362452 -> 0.6099792223624519
0.1551262475579437 -> 0.15512624755794369
0.1171016754456028 -> 0.11710167544560279
0.2653499757580772 -> 0.26534997575807717
0.748848272826173 -> 0.7488482728261729
0.93112137700184 -> 0.9311213770018399
0.531994945586793 -> 0.5319949455867931
0.593940007074859 -> 0.5939400070748591
0.819387051589686 -> 0.8193870515896861
0.671547833627058 -> 0.6715478336270581
0.3091630499169363 -> 0.30916304991693633
0.1958711256164858 -> 0.19587112561648579
0.4712220190274998 -> 0.47122201902749983
0.671874840076016 -> 0.6718748400760159
0.4859849305426929 -> 0.48598493054269287
0.1474859259731124 -> 0.14748592597311239
0.02912672418869733 -> 0.029126724188697328
0.0984244352843563 -> 0.09842443528435629
0.3382936239416863 -> 0.33829362394168627
0.639511493274247 -> 0.6395114932742469
0.4814826147450533 -> 0.48148261474505327
0.3554482900051881 -> 0.35544829000518807
0.738290660530664 -> 0.7382906605306639
0.958455165793413 -> 0.9584551657934131
0.63174819211312 -> 0.6317481921131201
0.4126680090410558 -> 0.41266800904105583
0.1189176662395608 -> 0.11891766623956079
0.58790653362577 -> 0.5879065336257699
0.508846556629239 -> 0.5088465566292391
0.644008671466964 -> 0.6440086714669639
0.659255416485445 -> 0.6592554164854449
0.682969598244692 -> 0.6829695982446921
0.4854207187263542 -> 0.48542071872635417
0.96821581587194 -> 0.9682158158719401
0.3342227542122507 -> 0.33422275421225067
0.816583294373669 -> 0.8165832943736691
0.2534603494793847 -> 0.25346034947938467
0.975641347803268 -> 0.9756413478032681
0.05823854968724285 -> 0.058238549687242847
0.1827374581027119 -> 0.18273745810271191
0.925275939388224 -> 0.9252759393882239
0.943283677079436 -> 0.9432836770794359
0.909859350963586 -> 0.9098593509635861
0.709265940035608 -> 0.7092659400356079
0.04743518090013343 -> 0.047435180900133433
0.4565546658580312 -> 0.45655466585803117
0.576867765776163 -> 0.5768677657761631
0.2250545710419911 -> 0.22505457104199111
0.853023265491409 -> 0.8530232654914091
0.617126009499604 -> 0.6171260094996039
0.925073860554603 -> 0.9250738605546029
0.3194367405610333 -> 0.31943674056103333
0.910183357909432 -> 0.9101833579094319
0.620583707628171 -> 0.6205837076281711
0.1679754066243936 -> 0.16797540662439359
0.871245590354429 -> 0.8712455903544289
0.05700247645439405 -> 0.057002476454394047
0.50821678691569 -> 0.5082167869156901
0.504250147697827 -> 0.5042501476978269
0.03556080945812801 -> 0.035560809458128007
0.988809332672898 -> 0.9888093326728979
0.0997422900653211 -> 0.09974229006532109
0.546258089554921 -> 0.5462580895549209
0.783641100014351 -> 0.7836411000143511
0.686572484285286 -> 0.6865724842852861
0.681030839584504 -> 0.6810308395845041
0.909942356120022 -> 0.9099423561200219
0.2187850185556207 -> 0.21878501855562071
0.561950910304925 -> 0.5619509103049251
0.1944436509963373 -> 0.19444365099633731
0.612360964307125 -> 0.6123609643071251
0.602472141233864 -> 0.6024721412338639
0.4105195616160979 -> 0.41051956161609793
0.727782747033416 -> 0.7277827470334161
0.513378301599761 -> 0.5133783015997611
0.4888432497083465 -> 0.48884324970834647
0.4969258143831565 -> 0.49692581438315653
0.1649126478417101 -> 0.16491264784171011
0.3179887571385486 -> 0.31798875713854857
0.975133846203248 -> 0.9751338462032479
0.4649889781477827 -> 0.46498897814778273
0.3413835698210059 -> 0.34138356982100593
0.05110159452234719 -> 0.051101594522347193
0.05468804248899806 -> 0.054688042488998057
0.04938613560949923 -> 0.049386135609499227
0.3128984914919061 -> 0.31289849149190607
0.718427042007937 -> 0.7184270420079369
0.572046177485036 -> 0.5720461774850359
0.279240908706648 -> 0.27924090870664797
0.830317883463424 -> 0.8303178834634239
0.1342587752763129 -> 0.13425877527631291
0.1816547065118609 -> 0.18165470651186089
0.607878676284969 -> 0.6078786762849691
0.555825268828885 -> 0.5558252688288851
0.749569472369709 -> 0.7495694723697089
0.502016283392897 -> 0.5020162833928969
0.0752036820631048 -> 0.07520368206310479
0.3342222347151452 -> 0.33422223471514523
0.923779824284022 -> 0.9237798242840221
0.549627166925791 -> 0.5496271669257911
0.4658655913714774 -> 0.46586559137147743
0.1291205694598727 -> 0.12912056945987271
0.1661784987716418 -> 0.16617849877164181
0.582912777381072 -> 0.5829127773810719
0.632942848818212 -> 0.6329428488182119
0.3600506263137426 -> 0.36005062631374263
0.82656785448747 -> 0.8265678544874701
0.3846377879944681 -> 0.38463778799446813
0.1886922699040363 -> 0.18869226990403631
0.1813651216066582 -> 0.18136512160665819
0.842899564133126 -> 0.8428995641331259
0.4168224026812756 -> 0.41682240268127557
0.2622830799553795 -> 0.26228307995537947
0.4991690496951042 -> 0.49916904969510423
0.486327966197764 -> 0.48632796619776397
0.846729326105989 -> 0.8467293261059891
0.1900600073940827 -> 0.19006000739408269
0.4937255710368674 -> 0.49372557103686743
0.01920066875552018 -> 0.019200668755520178
0.3249110930908993 -> 0.32491109309089927
0.53285182290159 -> 0.5328518229015901
0.4514010205905786 -> 0.45140102059057863
0.1356335117647368 -> 0.13563351176473681
0.449906054678924 -> 0.44990605467892397
0.337225015842643 -> 0.33722501584264297
0.2912654750298522 -> 0.29126547502985223
0.603097321018568 -> 0.6030973210185679
0.064440010919955 -> 0.06444001091995499
0.651276006487226 -> 0.6512760064872259
0.927489583168359 -> 0.9274895831683591
0.01312475382426015 -> 0.013124753824260149
0.509235549519302 -> 0.5092355495193021
0.2068154501261701 -> 0.20681545012617009
0.2306977743163625 -> 0.23069777431636251
0.2252554652356379 -> 0.22525546523563789
0.6233089814344 -> 0.6233089814343999
0.927480713023282 -> 0.9274807130232821
0.1669678563171655 -> 0.16696785631716549
0.2362789262825261 -> 0.23627892628252611
0.0942559168219037 -> 0.09425591682190371
0.888731813363903 -> 0.8887318133639029
0.94345138955933 -> 0.9434513895593299
0.785134062169141 -> 0.7851340621691409
0.138428467904138 -> 0.13842846790413799
0.909251015827441 -> 0.9092510158274409
0.719453791129192 -> 0.7194537911291921
0.4497283839053762 -> 0.44972838390537617
0.4675532606656779 -> 0.46755326066567793
0.1468350436329907 -> 0.14683504363299071
5.86587249726156E-4 -> 5.865872497261559E-4
0.1479460998963502 -> 0.14794609989635021
0.96918443262949 -> 0.9691844326294899
0.557157487509159 -> 0.5571574875091591
0.4551633432528501 -> 0.45516334325285013
0.1300957912410695 -> 0.13009579124106951
0.3751527028223616 -> 0.37515270282236157
0.2229440286112052 -> 0.22294402861120521
0.861944246368264 -> 0.8619442463682641
0.865961914071604 -> 0.8659619140716041
0.2817392669907198 -> 0.28173926699071983
0.1825647766181797 -> 0.18256477661817971
0.531320329707965 -> 0.5313203297079649
0.229510313854959 -> 0.22951031385495901
0.4902738145911473 -> 0.49027381459114727
0.709001141524986 -> 0.7090011415249859
0.1635952458209846 -> 0.16359524582098461
0.2112092533281099 -> 0.21120925332810991
0.0939990162459775 -> 0.09399901624597751
0.1846169507444788 -> 0.18461695074447881
0.3768045212725811 -> 0.37680452127258113
0.1889434958292424 -> 0.18894349582924241
0.3045808710401052 -> 0.30458087104010523
0.818972304658034 -> 0.8189723046580339
0.2147838314250997 -> 0.21478383142509971
0.3591849796104227 -> 0.35918497961042273
0.632645457272556 -> 0.6326454572725561
0.2777256164226308 -> 0.27772561642263083
0.781180793941397 -> 0.7811807939413969
0.716245670686461 -> 0.7162456706864609
0.2889511484104271 -> 0.28895114841042713
0.800135865846131 -> 0.8001358658461309
0.1384562287797899 -> 0.13845622877978991
0.1262873446594832 -> 0.12628734465948321
0.676365002716871 -> 0.6763650027168711
0.4018045341293702 -> 0.40180453412937023
0.504205639250422 -> 0.5042056392504221
0.04536262471758001 -> 0.045362624717580013
0.04235714666376433 -> 0.042357146663764333
0.531558559232923 -> 0.5315585592329229
0.620912254786328 -> 0.6209122547863281
0.066712681545685 -> 0.06671268154568499
0.602097278286505 -> 0.6020972782865051
0.680141227844064 -> 0.6801412278440639
0.771360918084322 -> 0.7713609180843219
0.4130370679443435 -> 0.41303706794434347
0.931683552211027 -> 0.9316835522110271
0.1783738661898603 -> 0.17837386618986029
0.649038990809298 -> 0.6490389908092981
0.05785360192630273 -> 0.057853601926302733
0.871162576195534 -> 0.8711625761955341
0.4243723944121989 -> 0.42437239441219887
0.4766747782168059 -> 0.47667477821680593
0.2316429855659108 -> 0.23164298556591079
0.592362487156119 -> 0.5923624871561191
0.638476664852275 -> 0.6384766648522751
0.657115948826342 -> 0.6571159488263419
0.03799914723508779 -> 0.037999147235087793
0.2257972025680237 -> 0.22579720256802371
0.1016282822357314 -> 0.10162828223573139
0.3860261866664427 -> 0.38602618666644273
0.187050401200079 -> 0.18705040120007899
0.2754530392092224 -> 0.27545303920922237
0.434008447067566 -> 0.43400844706756603
0.754898956233022 -> 0.7548989562330219
0.1442193262832938 -> 0.14421932628329381
0.1458547211095126 -> 0.14585472110951259
0.1966060149649521 -> 0.19660601496495211
0.1792572659157219 -> 0.17925726591572189
0.3506099077539441 -> 0.35060990775394407
0.610930745465114 -> 0.6109307454651139
0.651822801804051 -> 0.6518228018040511
0.03041857027932038 -> 0.030418570279320378
0.549375245038839 -> 0.5493752450388391
0.899441330499614 -> 0.8994413304996139
0.527818675841147 -> 0.5278186758411469
0.811405354429726 -> 0.8114053544297259
0.917440544125322 -> 0.9174405441253221
0.23727587872849 -> 0.23727587872848999
0.1649811025187954 -> 0.16498110251879539
0.955839895447609 -> 0.9558398954476089
0.984007366907587 -> 0.9840073669075871
0.988231167266513 -> 0.9882311672665131
0.1597691686886029 -> 0.15976916868860291
0.049298424842948 -> 0.049298424842947997
0.975449805459426 -> 0.9754498054594259
0.578678734411536 -> 0.5786787344115361
0.715585853429273 -> 0.7155858534292731
0.3753244271920608 -> 0.37532442719206083
0.4646089540972623 -> 0.46460895409726233
0.815795602413595 -> 0.8157956024135949
0.2343449438726216 -> 0.23434494387262161
0.779968892437854 -> 0.7799688924378539
0.04101058165577132 -> 0.041010581655771317
0.936280094430817 -> 0.9362800944308169
0.1048417095725327 -> 0.10484170957253269
0.6805797420386 -> 0.6805797420386001
0.940668060586277 -> 0.9406680605862771
0.1115671856887075 -> 0.11156718568870749
0.988753024104917 -> 0.9887530241049171
0.831198935815258 -> 0.8311989358152581
0.392848631300001 -> 0.39284863130000103
0.880461774420707 -> 0.8804617744207071
0.1366215209858508 -> 0.13662152098585079
0.923293000216657 -> 0.9232930002166569
0.724802063634506 -> 0.7248020636345061
0.906906836157023 -> 0.9069068361570231
0.4550906602599952 -> 0.45509066025999523
0.385989272470493 -> 0.38598927247049297
0.25060924506085 -> 0.25060924506085003
0.01275231629650564 -> 0.012752316296505639
0.714573174231315 -> 0.7145731742313149
0.869264296360236 -> 0.8692642963602361
0.734464570285773 -> 0.7344645702857731
0.889430049619995 -> 0.8894300496199949
0.794464602694333 -> 0.7944646026943331
0.2203388814251971 -> 0.22033888142519709
0.02726374454146052 -> 0.027263744541460522
0.301448183573056 -> 0.30144818357305603
0.3351677300006006 -> 0.33516773000060063
0.688100180216974 -> 0.6881001802169739
0.654138958559979 -> 0.6541389585599789
0.4340792247246614 -> 0.43407922472466143
0.06207132107022428 -> 0.062071321070224283
0.500687135093488 -> 0.5006871350934879
0.3714016206618658 -> 0.37140162066186577
0.2456196353301522 -> 0.24561963533015219
0.1852518758321441 -> 0.18525187583214409
0.4313187459135224 -> 0.43131874591352237
0.177842717811296 -> 0.17784271781129601
0.621436121073281 -> 0.6214361210732809
0.784534461115519 -> 0.7845344611155191
0.4651802033414352 -> 0.46518020334143517
0.954373836918259 -> 0.9543738369182591
0.803475473897935 -> 0.8034754738979351
0.512394185650139 -> 0.5123941856501389
0.1929105619702043 -> 0.19291056197020429
0.1111260029150185 -> 0.11112600291501851
0.1902263638015219 -> 0.19022636380152191
0.753118036256265 -> 0.7531180362562651
0.686222497059156 -> 0.6862224970591559
0.04971423113563311 -> 0.049714231135633113
0.0796229311334039 -> 0.07962293113340391
0.2527132268041343 -> 0.25271322680413433
0.571461751943037 -> 0.5714617519430371
0.976264868874475 -> 0.9762648688744749
0.327569925343453 -> 0.32756992534345297
0.0817784069147015 -> 0.08177840691470151
0.2627293229595766 -> 0.26272932295957663
0.528114465037753 -> 0.5281144650377529
0.590143943652434 -> 0.5901439436524341
0.1671632655028399 -> 0.16716326550283989
0.2478563636555874 -> 0.24785636365558739
0.1921634208162495 -> 0.19216342081624949
0.2323513397210656 -> 0.23235133972106559
0.643139427934385 -> 0.6431394279343851
0.4327357884307447 -> 0.43273578843074467
0.4434888696044125 -> 0.44348886960441247
0.743527283285148 -> 0.7435272832851481
0.2551738081897513 -> 0.25517380818975133
0.740619098620034 -> 0.7406190986200341
0.1385321395313205 -> 0.13853213953132049
0.1277567968106572 -> 0.12775679681065721
0.1404572173808495 -> 0.14045721738084949
0.04621901539463091 -> 0.046219015394630913
0.633174126050218 -> 0.6331741260502179
0.617956029422357 -> 0.6179560294223569
0.1622788649061465 -> 0.16227886490614651
0.1157065344710363 -> 0.11570653447103629
0.655755604240779 -> 0.6557556042407791
0.131697632145495 -> 0.13169763214549501
0.954951455246351 -> 0.9549514552463511
0.1869410243103551 -> 0.18694102431035509
0.2261989997869399 -> 0.22619899978693991
0.126503763139014 -> 0.12650376313901401
0.1748057128106454 -> 0.17480571281064539
0.04997856302169967 -> 0.049978563021699673
0.896264903254473 -> 0.8962649032544731
0.400592146262262 -> 0.40059214626226203
0.69549145161664 -> 0.6954914516166401
0.0622633812383705 -> 0.062263381238370497
0.812554061327388 -> 0.8125540613273881
0.1288971215874435 -> 0.12889712158744349
0.2525496149838172 -> 0.25254961498381723
0.529554832531899 -> 0.5295548325318989
0.972098510671145 -> 0.9720985106711451
0.504776498949912 -> 0.5047764989499119
0.3272878058952364 -> 0.32728780589523643
0.545354869071005 -> 0.5453548690710051
0.2182331100528314 -> 0.21823311005283141
0.2277573657422476 -> 0.22775736574224759
0.637314267452256 -> 0.6373142674522559
0.621805559208989 -> 0.6218055592089889
0.798005298695664 -> 0.7980052986956639
0.0513547724053014 -> 0.051354772405301397
0.4135884716776351 -> 0.41358847167763513
0.803324823821639 -> 0.8033248238216389
0.802618503962717 -> 0.8026185039627169
0.620156506380868 -> 0.6201565063808679
0.2270713009542943 -> 0.22707130095429429
0.1314504545152997 -> 0.13145045451529969
0.914791740859975 -> 0.9147917408599751
0.520108854544235 -> 0.5201088545442351
0.2502870520206881 -> 0.25028705202068813
0.2114189019993752 -> 0.21141890199937519
0.4601615538152731 -> 0.46016155381527313
0.938388066477784 -> 0.9383880664777841
0.743710704586033 -> 0.7437107045860329
0.838646648050207 -> 0.8386466480502071
0.619401129948355 -> 0.6194011299483549
0.1731869888394134 -> 0.17318698883941341
0.3550295310263685 -> 0.35502953102636847
0.436744212987107 -> 0.43674421298710697
0.825444756150504 -> 0.8254447561505041
0.1970490686098645 -> 0.19704906860986449
0.4306422628498561 -> 0.43064226284985607
0.2202158484068686 -> 0.22021584840686859
0.579104374844087 -> 0.5791043748440871
0.421879645564222 -> 0.42187964556422197
0.516344630651351 -> 0.5163446306513511
0.927406965856234 -> 0.9274069658562339
0.264462247487148 -> 0.26446224748714797
0.02233046510215775 -> 0.022330465102157748
0.1142227678753528 -> 0.11422276787535279
0.3254510232633889 -> 0.32545102326338893
0.500748045209851 -> 0.5007480452098509
0.549215446419622 -> 0.5492154464196221
0.654051184069183 -> 0.6540511840691829
0.0970036989296943 -> 0.09700369892969429
0.144237454825052 -> 0.14423745482505201
0.3334717239981351 -> 0.33347172399813507
0.896477050498729 -> 0.8964770504987289
0.002617823954744525 -> 0.0026178239547445248
0.2441284483829015 -> 0.24412844838290149
0.735540328140527 -> 0.7355403281405271
0.783460939853103 -> 0.7834609398531029
0.828408318161238 -> 0.8284083181612381
0.1336808833455536 -> 0.13368088334555361
0.3694964177494863 -> 0.36949641774948627
0.214632618202257 -> 0.21463261820225699
0.03666521957265911 -> 0.036665219572659113
0.791267021907126 -> 0.7912670219071259
0.05981491374687797 -> 0.059814913746877973
0.119729414991126 -> 0.11972941499112599
0.4748448639236377 -> 0.47484486392363767
0.903019555551899 -> 0.9030195555518989
0.971038503180154 -> 0.9710385031801539
0.4913611001489884 -> 0.49136110014898837
0.532050297140994 -> 0.5320502971409941
0.544725807556455 -> 0.5447258075564551
0.668346569102026 -> 0.6683465691020259
0.4505860739466164 -> 0.45058607394661643
0.06159275524885666 -> 0.061592755248856657
0.9028287680373 -> 0.9028287680372999
0.4128616926683151 -> 0.41286169266831507
0.04493853795113378 -> 0.044938537951133783
0.823995476037162 -> 0.8239954760371619
0.1301511043737167 -> 0.13015110437371669
0.2600588293050555 -> 0.26005882930505553
0.166612857841011 -> 0.16661285784101099
0.852396679682837 -> 0.8523966796828371
0.2076843467823105 -> 0.20768434678231051
0.3641151332695651 -> 0.36411513326956513
0.2567678526494864 -> 0.25676785264948643
0.3150741485839125 -> 0.31507414858391247
0.570887814141326 -> 0.5708878141413261
0.879662789242526 -> 0.8796627892425261
0.635243604339015 -> 0.6352436043390149
0.571763450932466 -> 0.5717634509324661
0.86645757128466 -> 0.8664575712846601
0.949083062062339 -> 0.9490830620623389
0.04531644613485886 -> 0.045316446134858857
0.534257030121776 -> 0.5342570301217761
0.04162173018539728 -> 0.041621730185397277
0.687263596829015 -> 0.6872635968290151
0.4173488715785795 -> 0.41734887157857947
0.4664236393837424 -> 0.46642363938374243
0.2469230479059875 -> 0.24692304790598751
0.02852296688525424 -> 0.028522966885254242
0.04057821797517858 -> 0.040578217975178577
0.2025673940991395 -> 0.20256739409913949
0.835813779739425 -> 0.8358137797394249
0.956408026151015 -> 0.9564080261510149
0.3029827410897383 -> 0.30298274108973833
0.3223110959732364 -> 0.32231109597323637
0.997243621629402 -> 0.9972436216294021
0.759527276931174 -> 0.7595272769311739
0.998986667515741 -> 0.9989866675157409
0.01780648050058742 -> 0.017806480500587418
0.2284574924410364 -> 0.22845749244103641
0.994435574988838 -> 0.9944355749888379
0.8905642983864 -> 0.8905642983864001
0.745920943221624 -> 0.7459209432216241
0.86834414709794 -> 0.8683441470979399
0.0879020358131457 -> 0.08790203581314571
0.584746672142821 -> 0.5847466721428209
0.0710154160779446 -> 0.07101541607794459
0.1252828780527767 -> 0.12528287805277671
0.03588659277450423 -> 0.035886592774504233
0.0920221506389357 -> 0.09202215063893571
0.4831746231584855 -> 0.48317462315848547
0.537040359197063 -> 0.5370403591970631
0.820528768705931 -> 0.8205287687059311
0.1317095413084549 -> 0.13170954130845491
0.71226809573805 -> 0.7122680957380501
0.3000599612874639 -> 0.30005996128746393
0.2542700652090433 -> 0.25427006520904327
0.989744995963245 -> 0.9897449959632449
0.875701541050457 -> 0.8757015410504571
0.643896563344105 -> 0.6438965633441051
0.998606424318427 -> 0.9986064243184271
0.83591253782253 -> 0.8359125378225301
0.1544835423057037 -> 0.15448354230570371
0.4263058018314205 -> 0.42630580183142053
0.2929264764547235 -> 0.29292647645472347
0.2459408020911623 -> 0.24594080209116231
0.3036735901148159 -> 0.30367359011481587
0.0256382765420593 -> 0.025638276542059302
0.0638024210643462 -> 0.06380242106434619
0.1975531510354782 -> 0.19755315103547821
0.668258963734569 -> 0.6682589637345689
0.4153468616653265 -> 0.41534686166532653
0.1403630031987151 -> 0.14036300319871509
0.875866608801183 -> 0.8758666088011831
0.2678283273778925 -> 0.26782832737789253
0.79985543848849 -> 0.7998554384884899
0.249852243410687 -> 0.24985224341068701
0.0992532260679636 -> 0.09925322606796361
0.242318737498306 -> 0.24231873749830601
0.315937568024762 -> 0.31593756802476203
0.988486158378655 -> 0.9884861583786551
0.4907969191143082 -> 0.49079691911430823
0.3153850249026037 -> 0.31538502490260367
0.910702504434936 -> 0.9107025044349361
0.60099297105999 -> 0.6009929710599901
0.521358709985627 -> 0.5213587099856269
0.0727512866828759 -> 0.07275128668287589
0.2003442778598057 -> 0.20034427785980569
0.768932654481916 -> 0.7689326544819159
0.364849719963836 -> 0.36484971996383597
0.977135971086527 -> 0.9771359710865271
0.817281501910816 -> 0.8172815019108161
0.05611418592076289 -> 0.056114185920762893
0.573826632895513 -> 0.5738266328955129
0.2525629778396489 -> 0.25256297783964887
0.1286674835103747 -> 0.12866748351037471
0.593318485039457 -> 0.5933184850394571
0.3850553958574989 -> 0.38505539585749893
0.66893346867872 -> 0.6689334686787199
0.2357869779829216 -> 0.23578697798292159
0.85424237642452 -> 0.8542423764245199
0.4333280747054227 -> 0.43332807470542267
0.1525449356694316 -> 0.15254493566943161
0.2908602755547606 -> 0.29086027555476057
0.845216673840193 -> 0.8452166738401929
0.1512588906854304 -> 0.15125889068543041
0.538341825659647 -> 0.5383418256596471
0.3333112097727918 -> 0.33331120977279183
0.3772664176460718 -> 0.37726641764607183
0.0902925241686603 -> 0.09029252416866029
0.609901585454452 -> 0.6099015854544521
0.915691942783113 -> 0.9156919427831131
0.562048536578238 -> 0.5620485365782379
0.78571081381183 -> 0.7857108138118299
0.05704521096662429 -> 0.057045210966624293
0.01857250105626773 -> 0.018572501056267732
0.529925141393429 -> 0.5299251413934289
0.1274698049754487 -> 0.12746980497544869
0.691944767894974 -> 0.6919447678949741
0.2372054777138317 -> 0.23720547771383171
0.615895522693996 -> 0.6158955226939959
0.4504544900397148 -> 0.45045449003971483
0.4337937455857864 -> 0.43379374558578643
0.674901027329809 -> 0.6749010273298089
0.793604395575291 -> 0.7936043955752911
0.2279774453304345 -> 0.22797744533043451
0.834202147445608 -> 0.8342021474456081
0.3253858600051521 -> 0.32538586000515213
0.825431685522031 -> 0.8254316855220309
0.947793924993449 -> 0.9477939249934491
0.4286243280237719 -> 0.42862432802377193
0.670045693485325 -> 0.6700456934853249
0.614668742622761 -> 0.6146687426227611
0.884236283926291 -> 0.8842362839262909
0.983726430403634 -> 0.9837264304036339
0.650045828774168 -> 0.6500458287741681
0.1086004560604742 -> 0.10860045606047419
0.864072303504202 -> 0.8640723035042021
0.04767093370536701 -> 0.047670933705367013
0.213646582119858 -> 0.21364658211985799
0.606325691237039 -> 0.6063256912370391
0.0954203205220907 -> 0.09542032052209071
0.740935219837143 -> 0.7409352198371431
0.0187259104281825 -> 0.018725910428182502
0.1611832572309604 -> 0.16118325723096039
0.3864968544961426 -> 0.38649685449614257
0.01019293901280549 -> 0.010192939012805491
0.1060902394991785 -> 0.10609023949917851
0.2802883635829789 -> 0.28028836358297893
0.943237857624247 -> 0.9432378576242469
0.589511359527293 -> 0.5895113595272931
0.2527673730660355 -> 0.25276737306603547
0.757893897118533 -> 0.7578938971185331
0.1899057385337901 -> 0.18990573853379011
0.3368890042512451 -> 0.33688900425124513
0.2490668100767678 -> 0.24906681007676779
0.4302598113082928 -> 0.43025981130829283
0.556143741867343 -> 0.5561437418673431
0.03974324880712388 -> 0.039743248807123877
0.651001658954314 -> 0.6510016589543141
0.1969416713276365 -> 0.19694167132763651
0.4968683355822823 -> 0.49686833558228227
0.783759849140164 -> 0.7837598491401641
0.3391468243758681 -> 0.33914682437586807
0.171779098817591 -> 0.17177909881759101
0.0830572198577939 -> 0.08305721985779391
0.05223770137983463 -> 0.052237701379834633
0.918791350539023 -> 0.9187913505390231
0.1986229431219836 -> 0.19862294312198359
0.781488713733759 -> 0.7814887137337591
0.4898988832972411 -> 0.48989888329724107
0.701818137643688 -> 0.7018181376436879
0.3698181569166131 -> 0.36981815691661313
0.694724147965256 -> 0.6947241479652559
0.934574908088389 -> 0.9345749080883889
0.684191319074061 -> 0.6841913190740611
0.4151538647150326 -> 0.41515386471503257
0.05573552102447921 -> 0.055735521024479207
0.715582725672886 -> 0.7155827256728861
0.2727697392716045 -> 0.27276973927160453
0.2009031366121765 -> 0.20090313661217651
0.2270668084516516 -> 0.22706680845165161
0.171202614155315 -> 0.17120261415531501
0.545852915939465 -> 0.5458529159394651
0.4574068928493705 -> 0.45740689284937053
0.561343893949868 -> 0.5613438939498679
0.610523301774269 -> 0.6105233017742689
0.777036199471625 -> 0.7770361994716251
0.943937636141503 -> 0.9439376361415029
0.581539840359866 -> 0.5815398403598659
0.3174793067428269 -> 0.31747930674282687
0.1345041646931633 -> 0.13450416469316329
0.831182644956381 -> 0.8311826449563809
0.605436016957903 -> 0.6054360169579029
0.615435400965265 -> 0.6154354009652649
0.4380452214791207 -> 0.43804522147912073
0.514659132131496 -> 0.5146591321314961
0.617855794065649 -> 0.6178557940656491
0.4560791204429612 -> 0.45607912044296117
0.7425140666492 -> 0.7425140666492001
0.1276347430659832 -> 0.12763474306598321
0.623388879916909 -> 0.6233888799169089
0.3323117087791502 -> 0.33231170877915017
0.861035312213908 -> 0.8610353122139081
0.946028824983909 -> 0.9460288249839089
0.544569921173297 -> 0.5445699211732969
0.0380966134667905 -> 0.038096613466790497
0.1728909938041958 -> 0.17289099380419581
0.2582199706290704 -> 0.25821997062907043
0.452579366319977 -> 0.45257936631997697
0.1712885910418286 -> 0.17128859104182859
0.4241829566621865 -> 0.42418295666218653
0.406569394237317 -> 0.40656939423731697
0.2639779270003417 -> 0.26397792700034173
0.3538399334273509 -> 0.35383993342735087
0.2636655644067811 -> 0.26366556440678113
0.777815897294239 -> 0.7778158972942389
0.1878982156908897 -> 0.18789821569088971
0.1875541934139381 -> 0.18755419341393809
0.3648032096994758 -> 0.36480320969947577
0.836629330421855 -> 0.8366293304218551
0.3319141849583713 -> 0.33191418495837133
0.2892367145601972 -> 0.28923671456019717
0.3563846786626301 -> 0.35638467866263013
0.4047535534918347 -> 0.40475355349183473
0.760166215520027 -> 0.7601662155200271
0.134481220866963 -> 0.13448122086696301
0.992170658620738 -> 0.9921706586207381
0.847969925199134 -> 0.8479699251991339
0.968519280176593 -> 0.9685192801765929
0.94780634243056 -> 0.9478063424305599
0.888046219643501 -> 0.8880462196435009
0.833108260843963 -> 0.8331082608439631
0.670455341495863 -> 0.6704553414958631
0.131333887516785 -> 0.13133388751678499
0.988425039720429 -> 0.9884250397204291
0.3456359965561768 -> 0.34563599655617683
0.2831912193067396 -> 0.28319121930673963
0.4215920284517993 -> 0.42159202845179933
0.3188300079911148 -> 0.31883000799111483
0.898278927780851 -> 0.8982789277808511
0.397509481988051 -> 0.39750948198805103
0.1065082363043569 -> 0.10650823630435691
0.805961852413766 -> 0.8059618524137659
0.1707763907016666 -> 0.17077639070166661
0.414283765243773 -> 0.41428376524377297
0.1604956870790578 -> 0.16049568707905781
0.844009370057829 -> 0.8440093700578289
0.1889146032340525 -> 0.18891460323405251
0.905069579007239 -> 0.9050695790072389
0.3166057889728843 -> 0.31660578897288427
0.2633736984421228 -> 0.26337369844212277
0.58580898822013 -> 0.5858089882201299
0.3325829422582465 -> 0.33258294225824647
0.2534329963242479 -> 0.25343299632424787
0.2929595084441107 -> 0.29295950844411067
0.3848156491320813 -> 0.38481564913208133
0.2776212093896471 -> 0.27762120938964707
0.667658834995493 -> 0.6676588349954929
0.529052068720891 -> 0.5290520687208909
0.1875514819460221 -> 0.18755148194602211
0.918705188424148 -> 0.9187051884241479
0.1081732855859091 -> 0.10817328558590911
0.2733409982521601 -> 0.27334099825216007
0.1408257444423512 -> 0.14082574444235119
0.4660219070803788 -> 0.46602190708037883
0.05044026183605144 -> 0.050440261836051437
0.1788616999959073 -> 0.17886169999590729
0.767737767001964 -> 0.7677377670019641
0.1743383279206593 -> 0.17433832792065929
0.629503166731815 -> 0.6295031667318149
0.925791653738191 -> 0.9257916537381909
0.1568178632992311 -> 0.15681786329923109
0.4273709982121702 -> 0.42737099821217017
0.3432359554029005 -> 0.34323595540290053
0.755321228170657 -> 0.7553212281706571
0.3611956856754375 -> 0.36119568567543747
0.190138639735994 -> 0.19013863973599399
0.4529097184569085 -> 0.45290971845690853
0.950113582466591 -> 0.9501135824665909
0.4769199347411959 -> 0.47691993474119587
0.3683657477099124 -> 0.36836574770991237
0.4913017918391617 -> 0.49130179183916167
0.576966989090478 -> 0.5769669890904781
0.3971472096162387 -> 0.39714720961623873
0.557789071502722 -> 0.5577890715027219
0.979628520414282 -> 0.9796285204142819
0.877897994481804 -> 0.8778979944818039
0.154262023191146 -> 0.15426202319114601
0.3544733333531426 -> 0.35447333335314257
0.4635966917685235 -> 0.46359669176852347
0.1916062575976165 -> 0.19160625759761651
0.880180397028062 -> 0.8801803970280619
0.3279751156975311 -> 0.32797511569753113
0.4314715046968223 -> 0.43147150469682227
0.0858461139434522 -> 0.08584611394345221
0.1003017707605438 -> 0.10030177076054381
0.739763848683545 -> 0.7397638486835449
0.549764151192285 -> 0.5497641511922851
0.59353038152359 -> 0.5935303815235899
0.529988089997042 -> 0.5299880899970419
0.700662109367093 -> 0.7006621093670929
0.4737663952173852 -> 0.47376639521738517
0.652212486646014 -> 0.6522124866460139
0.275810984730573 -> 0.27581098473057297
0.552610677759169 -> 0.5526106777591689
0.919817608126204 -> 0.9198176081262039
0.403368612326407 -> 0.40336861232640697
0.1383121854038213 -> 0.13831218540382129
0.2494270780370237 -> 0.24942707803702369
0.827164700539122 -> 0.8271647005391221
0.731149576647179 -> 0.7311495766471789
0.702450025882772 -> 0.7024500258827719
0.825592545019807 -> 0.8255925450198069
0.357064054108126 -> 0.35706405410812603
0.579105128604885 -> 0.5791051286048851
0.3905196971027802 -> 0.39051969710278023
0.898614929775505 -> 0.8986149297755049
0.683071888045719 -> 0.6830718880457189
0.970988849454892 -> 0.9709888494548919
0.3210799334747583 -> 0.32107993347475827
0.865708173939921 -> 0.8657081739399211
0.1356880877798501 -> 0.13568808777985009
0.522846915347496 -> 0.5228469153474961
0.4363928790744733 -> 0.43639287907447333
0.835878411840905 -> 0.8358784118409049
0.2135533315566953 -> 0.21355333155669531
0.93257454248235 -> 0.9325745424823501
0.1415329945061473 -> 0.14153299450614731
0.563918274901756 -> 0.5639182749017559
0.599449763485081 -> 0.5994497634850811
0.3994300353474943 -> 0.39943003534749433
0.3264149723154742 -> 0.32641497231547423
0.906489131492416 -> 0.9064891314924159
0.645709054225099 -> 0.6457090542250991
0.596686729815812 -> 0.5966867298158119
0.576099328500773 -> 0.5760993285007729
0.2409901721523834 -> 0.24099017215238339
0.85054595625835 -> 0.8505459562583501
0.1235175118103451 -> 0.12351751181034509
0.520237898223397 -> 0.5202378982233971
0.358944510979643 -> 0.35894451097964297
0.628412936822279 -> 0.6284129368222789
0.420725878596135 -> 0.42072587859613497
0.3920027097404645 -> 0.39200270974046447
0.2262839773555647 -> 0.22628397735556471
0.513921064587956 -> 0.5139210645879559
0.93213382675466 -> 0.9321338267546601
0.945589809445536 -> 0.9455898094455359
0.2114915463857132 -> 0.21149154638571321
0.2650334634951724 -> 0.26503346349517243
0.01846144082342638 -> 0.018461440823426378
0.982161926480351 -> 0.9821619264803511
0.420899490019882 -> 0.42089949001988203
0.621045073790989 -> 0.6210450737909891
0.2627232851474052 -> 0.26272328514740517
0.4598422579178226 -> 0.45984225791782263
0.512565327208721 -> 0.5125653272087211
0.520892552518954 -> 0.5208925525189541
0.615522952056132 -> 0.6155229520561319
0.544475966029281 -> 0.5444759660292811
0.1440803052667987 -> 0.14408030526679871
0.04019071688323839 -> 0.040190716883238387
0.4779525922766307 -> 0.47795259227663067
0.0301395652345422 -> 0.030139565234542198
0.2952495121594714 -> 0.29524951215947137
0.2662832926859173 -> 0.26628329268591733
0.3051501571696352 -> 0.30515015716963523
0.0819182096270391 -> 0.08191820962703911
0.2081172895150495 -> 0.20811728951504949
0.2665965983144509 -> 0.26659659831445093
0.811575332597749 -> 0.8115753325977491
0.0353726958170314 -> 0.035372695817031397
0.893472422159794 -> 0.8934724221597941
0.3055027618924194 -> 0.30550276189241943
0.91063492266578 -> 0.9106349226657799
0.619111077786552 -> 0.6191110777865521
0.569809354974464 -> 0.5698093549744641
0.947333686269552 -> 0.9473336862695521
0.656878932113447 -> 0.6568789321134469
0.3550268507031831 -> 0.35502685070318307
0.670210761528998 -> 0.6702107615289979
0.1259607707952103 -> 0.12596077079521029
0.1489445643667031 -> 0.14894456436670311
0.929573355834518 -> 0.9295733558345179
0.4220215086436995 -> 0.42202150864369947
0.1784916101906905 -> 0.17849161019069049
0.506299778154711 -> 0.5062997781547111
0.500518273484511 -> 0.5005182734845109
0.993730524547562 -> 0.9937305245475621
0.1842176273487207 -> 0.18421762734872071
0.960466912188847 -> 0.9604669121888471
0.04237333319476266 -> 0.042373333194762663
0.1074522907187987 -> 0.10745229071879869
0.750996543805659 -> 0.7509965438056589
0.918649362151644 -> 0.9186493621516439
0.1161500066695711 -> 0.11615000666957109
0.89280622249378 -> 0.8928062224937801
0.953157667753255 -> 0.9531576677532549
0.2168056814857484 -> 0.21680568148574841
0.740549684355783 -> 0.7405496843557829
0.50428157399015 -> 0.5042815739901499
0.481462363805054 -> 0.48146236380505403
0.2543406653927687 -> 0.25434066539276867
0.767078980579531 -> 0.7670789805795309
0.777856562573429 -> 0.7778565625734289
0.986624389951476 -> 0.9866243899514761
0.3711351653691288 -> 0.37113516536912883
0.4211240589497455 -> 0.42112405894974547
0.3287921696536589 -> 0.32879216965365887
0.3341340296802984 -> 0.33413402968029837
0.2325320302773385 -> 0.23253203027733849
0.568149852720019 -> 0.5681498527200191
0.878025397224727 -> 0.8780253972247269
0.05814885831577166 -> 0.058148858315771657
0.0635966268507051 -> 0.06359662685070511
0.575599632087683 -> 0.5755996320876831
0.02506242050088958 -> 0.025062420500889582
0.560223333727841 -> 0.5602233337278411
0.3766254925443627 -> 0.37662549254436273
0.653314506405341 -> 0.6533145064053409
0.4770698296521588 -> 0.47706982965215883
0.1870204356958899 -> 0.18702043569588989
0.4211384105215564 -> 0.42113841052155643
0.892117012621992 -> 0.8921170126219919
0.637494163375181 -> 0.6374941633751811
0.1598480084528313 -> 0.15984800845283131
0.650963909143566 -> 0.6509639091435661
0.03808686925645954 -> 0.038086869256459543
0.844601361008328 -> 0.8446013610083281
0.869462314997343 -> 0.8694623149973431
0.504079594525704 -> 0.5040795945257039
0.1623495910426659 -> 0.16234959104266589
0.505836509325924 -> 0.5058365093259241
0.958429526614964 -> 0.9584295266149639
0.893564823138775 -> 0.8935648231387751
0.2748601992535811 -> 0.27486019925358107
0.929349562415621 -> 0.9293495624156211
0.817512558055631 -> 0.8175125580556309
0.1989959290896436 -> 0.19899592908964359
0.722664304583507 -> 0.7226643045835069
0.0558083310915467 -> 0.055808331091546703
0.793656407693971 -> 0.7936564076939711
0.4466282073628631 -> 0.44662820736286313
0.848908971567991 -> 0.8489089715679911
0.625162694663634 -> 0.6251626946636341
0.186399337115548 -> 0.18639933711554801
0.4154660151669404 -> 0.41546601516694037
0.910573069074398 -> 0.9105730690743979
0.1866360164404368 -> 0.18663601644043681
0.989558453830855 -> 0.9895584538308549
0.2394159229854428 -> 0.23941592298544279
0.635332856978089 -> 0.6353328569780889
0.1231842020360484 -> 0.12318420203604841
0.3874519166047731 -> 0.38745191660477307
0.4204945188014724 -> 0.42049451880147237
0.474092221178362 -> 0.47409222117836203
0.999697849943257 -> 0.9996978499432571
0.127436917111188 -> 0.12743691711118799
0.2067287244120216 -> 0.20672872441202161
0.914138405237439 -> 0.9141384052374389
0.3612691855313028 -> 0.36126918553130283
0.820791657911424 -> 0.8207916579114241
0.2068688273535534 -> 0.20686882735355339
0.05840435441818825 -> 0.058404354418188253
0.1758332788081476 -> 0.17583327880814759
0.818150055764785 -> 0.8181500557647849
0.1142416611660848 -> 0.11424166116608481
0.4212808627640032 -> 0.42128086276400323
0.500946109359587 -> 0.5009461093595871
0.02162073601153147 -> 0.021620736011531472
0.4589942367972005 -> 0.45899423679720053
0.1990467424012239 -> 0.19904674240122389
0.948609161330146 -> 0.9486091613301459
0.4986690485380533 -> 0.49866904853805327
0.79362844287355 -> 0.7936284428735501
0.505480070063483 -> 0.5054800700634829
0.4441610352959037 -> 0.44416103529590367
0.4220026619514958 -> 0.42200266195149583
0.936295370534242 -> 0.9362953705342421
0.1644958779934831 -> 0.16449587799348309
0.583405069835293 -> 0.5834050698352931
0.2928901604747636 -> 0.29289016047476357
0.633392376126029 -> 0.6333923761260291
0.813778949410704 -> 0.8137789494107039
0.3646437591203813 -> 0.36464375912038127
0.947036034415424 -> 0.9470360344154241
0.4152461128818489 -> 0.41524611288184887
0.05621361296683813 -> 0.056213612966838133
0.794789944155812 -> 0.7947899441558119
0.739269838856424 -> 0.7392698388564241
0.2666581022615718 -> 0.26665810226157183
0.52356584279724 -> 0.5235658427972401
0.891935520243822 -> 0.8919355202438221
0.791101522291282 -> 0.7911015222912821
0.1274764060317677 -> 0.12747640603176769
0.726976731622271 -> 0.7269767316222711
0.515650452338206 -> 0.5156504523382059
0.791550808894878 -> 0.7915508088948781
0.662416721069156 -> 0.6624167210691559
0.520481752863517 -> 0.5204817528635171
0.1835489469835727 -> 0.18354894698357271
0.1192807272089682 -> 0.11928072720896821
0.2639519456450862 -> 0.26395194564508617
0.2616711187048609 -> 0.26167111870486093
0.809632572667562 -> 0.8096325726675619
0.59376361884612 -> 0.5937636188461199
0.00755882962245169 -> 0.0075588296224516904
0.05554727107193436 -> 0.055547271071934357
0.4501510650936211 -> 0.45015106509362113
0.950122980471862 -> 0.9501229804718621
0.949344945788479 -> 0.9493449457884791
0.765776511247031 -> 0.7657765112470311
0.804310188961118 -> 0.8043101889611181
0.03559193812324268 -> 0.035591938123242683
0.860590262407049 -> 0.8605902624070489
0.3223984536382902 -> 0.32239845363829023
0.2306579122732033 -> 0.23065791227320331
0.990709096295948 -> 0.9907090962959481
0.04595620992072302 -> 0.045956209920723023
0.4153467286096236 -> 0.41534672860962363
0.3195695200323245 -> 0.31956952003232453
0.501414890925793 -> 0.5014148909257931
0.2803804320186776 -> 0.28038043201867757
0.541860966007708 -> 0.5418609660077079
0.1078009352279461 -> 0.10780093522794609
0.285075906414718 -> 0.28507590641471803
0.2212538457808053 -> 0.22125384578080531
0.714230261970003 -> 0.7142302619700031
0.748105067148851 -> 0.7481050671488511
0.690664128457047 -> 0.6906641284570471
0.737489648580335 -> 0.7374896485803351
0.727319829993541 -> 0.7273198299935409
0.628172492598081 -> 0.6281724925980809
0.93914012117897 -> 0.9391401211789701
0.4544223017057962 -> 0.45442230170579623
0.1856577541255683 -> 0.18565775412556829
0.712842861965232 -> 0.7128428619652321
0.2550818209681949 -> 0.25508182096819487
0.910946796762861 -> 0.9109467967628611
0.86530098356613 -> 0.8653009835661301
0.4514013102654095 -> 0.45140131026540953
0.4665616353126881 -> 0.46656163531268813
0.668231904528859 -> 0.6682319045288591
0.00890869873154465 -> 0.008908698731544651
0.534493516772305 -> 0.5344935167723051
0.547422548061892 -> 0.5474225480618919
0.3976352649458679 -> 0.39763526494586787
0.3533048647615116 -> 0.35330486476151157
0.662770437025268 -> 0.6627704370252681
0.616779449726994 -> 0.6167794497269939
0.4789426273379985 -> 0.47894262733799853
0.04954450117056464 -> 0.049544501170564637
0.1605599212635168 -> 0.16055992126351681
0.3201836313223482 -> 0.32018363132234817
0.698472508228625 -> 0.6984725082286251
0.860569231696587 -> 0.8605692316965869
0.545900273365791 -> 0.5459002733657909
0.830980708768081 -> 0.8309807087680809
0.543359443694513 -> 0.5433594436945129
0.993884056262964 -> 0.9938840562629641
0.928373513044984 -> 0.9283735130449839
0.928062628745494 -> 0.9280626287454939
0.2046766804053506 -> 0.20467668040535059
0.736095203153666 -> 0.7360952031536659
0.1410621932272592 -> 0.14106219322725921
0.03348318428052122 -> 0.033483184280521217
0.2653690028453701 -> 0.26536900284537013
0.3961403002267119 -> 0.39614030022671187
0.4558114407412239 -> 0.45581144074122393
0.977956541833018 -> 0.9779565418330179
0.4612940545765222 -> 0.46129405457652217
0.916203757702929 -> 0.9162037577029289
0.8147286921013 -> 0.8147286921012999
0.3887055643459498 -> 0.38870556434594983
0.2799866788043123 -> 0.27998667880431227
0.827069342212503 -> 0.8270693422125029
0.919310876692987 -> 0.9193108766929869
0.116634722116839 -> 0.11663472211683901
0.882714527754972 -> 0.8827145277549719
0.2239736723804613 -> 0.22397367238046129
0.3104051305306538 -> 0.31040513053065377
0.623566470370088 -> 0.6235664703700881
0.2514998421259034 -> 0.25149984212590337
0.902822482827979 -> 0.9028224828279789
0.1277754669022826 -> 0.12777546690228259
0.2358642693837706 -> 0.23586426938377059
0.1342433505053129 -> 0.13424335050531289
0.1991722784041874 -> 0.19917227840418739
0.983859902241146 -> 0.9838599022411459
0.2341771408721358 -> 0.23417714087213581
0.782295625362531 -> 0.7822956253625311
0.612078485929548 -> 0.6120784859295481
0.89688141155869 -> 0.8968814115586899
0.5740847856538 -> 0.5740847856537999
0.97492113708 -> 0.9749211370800001
0.513896895067185 -> 0.5138968950671849
0.2278743035416224 -> 0.22787430354162241
0.830750375832984 -> 0.8307503758329839
0.13836385848386 -> 0.13836385848386001
0.4204551617870044 -> 0.42045516178700437
0.1809062204927918 -> 0.18090622049279181
0.3338908634464198 -> 0.33389086344641983
0.556964486911043 -> 0.5569644869110431
0.1087965586280999 -> 0.10879655862809989
0.803017543614647 -> 0.8030175436146469
0.3443086113477484 -> 0.34430861134774837
0.0529780470550365 -> 0.052978047055036503
0.3319627426856884 -> 0.33196274268568837
0.518302472779195 -> 0.5183024727791949
0.1464720074581254 -> 0.14647200745812539
0.637338920174849 -> 0.6373389201748491
0.3590613515264999 -> 0.35906135152649987
0.3641343901111532 -> 0.36413439011115323
0.959396527542902 -> 0.9593965275429019
0.589113381537059 -> 0.5891133815370591
0.921428413063134 -> 0.9214284130631341
0.3753728984732356 -> 0.37537289847323563
0.1993061621745882 -> 0.19930616217458819
0.4471173358468504 -> 0.44711733584685043
0.893975617168768 -> 0.8939756171687681
0.552912819548459 -> 0.5529128195484589
0.03166608817534056 -> 0.031666088175340557
0.1345098596684038 -> 0.13450985966840379
0.3340153366633484 -> 0.33401533666334837
0.515205840444731 -> 0.5152058404447309
0.866813908470146 -> 0.8668139084701461
0.4292133157890827 -> 0.42921331578908273
0.56452162427225 -> 0.5645216242722501
0.6349741388456 -> 0.6349741388455999
0.05446044833234975 -> 0.054460448332349753
0.0444808276344596 -> 0.044480827634459597
0.1671558972817173 -> 0.16715589728171731
0.03302994379610125 -> 0.033029943796101247
0.976910932048281 -> 0.9769109320482811
0.4852924532908722 -> 0.48529245329087223
0.7826088024092 -> 0.7826088024092001
0.866883966758975 -> 0.8668839667589751
0.004989127261253556 -> 0.0049891272612535564
0.477123583361136 -> 0.47712358336113603
0.3860048041477461 -> 0.38600480414774607
0.0114890564555985 -> 0.011489056455598501
0.775762493575682 -> 0.7757624935756821
0.006701965713207914 -> 0.0067019657132079136
0.960571805833282 -> 0.9605718058332821
0.03096465577933105 -> 0.030964655779331052
0.0355394342266202 -> 0.035539434226620203
0.950341883153694 -> 0.9503418831536939
0.751960190546828 -> 0.7519601905468279
0.707956452425547 -> 0.7079564524255469
0.530318448298639 -> 0.5303184482986389
0.2883347471136605 -> 0.28833474711366047
0.888482344846312 -> 0.8884823448463121
0.3782933275245908 -> 0.37829332752459077
0.7447879888517 -> 0.7447879888516999
0.4986591391628378 -> 0.49865913916283777
0.03695882327930455 -> 0.036958823279304553
0.4042230056785657 -> 0.40422300567856573
0.91645187310838 -> 0.9164518731083801
0.50844424217084 -> 0.5084442421708401
0.1288363639192769 -> 0.12883636391927689
0.1287258099363391 -> 0.12872580993633909
0.1804488352115068 -> 0.18044883521150679
0.04053606974170176 -> 0.040536069741701763
0.04225534981842494 -> 0.042255349818424937
0.79847361776247 -> 0.7984736177624699
0.2076474646815787 -> 0.20764746468157869
0.1893756716636915 -> 0.18937567166369151
0.74568598517029 -> 0.7456859851702901
0.2362901276572935 -> 0.23629012765729351
0.02954779221313719 -> 0.029547792213137192
0.715415913642862 -> 0.7154159136428619
0.509164858991003 -> 0.5091648589910031
0.1507047087679073 -> 0.15070470876790731
0.3719337878758395 -> 0.37193378787583953
0.788881917174934 -> 0.7888819171749341
0.89196841792789 -> 0.8919684179278899
0.677061195173913 -> 0.6770611951739131
0.2089512833234798 -> 0.20895128332347979
0.699962546754824 -> 0.6999625467548241
0.90296341027707 -> 0.9029634102770701
0.4823441922465386 -> 0.48234419224653857
0.867782793736739 -> 0.8677827937367391
0.88199058584633 -> 0.8819905858463301
0.1791057958127832 -> 0.17910579581278319
0.3323073493561087 -> 0.33230734935610873
0.713141563288822 -> 0.7131415632888219
0.569056216718898 -> 0.5690562167188979
0.2036520254322466 -> 0.20365202543224659
0.670087994486464 -> 0.6700879944864639
0.4731404303631426 -> 0.47314043036314257
0.400238087278561 -> 0.40023808727856103
0.4365533607286953 -> 0.43655336072869533
0.690067119631601 -> 0.6900671196316009
0.1053202797963202 -> 0.10532027979632019
0.688343434444391 -> 0.6883434344443909
diff type $, left class java.util.Collections$SingletonMap, right class java.util.Collections$EmptyMap
diff map size $, left 1, right 0, com.alibaba.fastjson2.JSONObject
diff collection size $, left 1, right 0
diff collection size $, left 0, right 1
diff value $, left abc, right aac
diff type $.a, right is null, left class class java.lang.String
diff map $, java.util.Collections$SingletonMap
diff value $, left 1, right 2
diff value $.id, left 1, right 2
diff object $, class null
diff value $.value, left a, right b
diff object $, class null
diff value $.value, left ab, right b
diff object $, class null
diff value $.value, left ab, right ac
diff object $, class null
diff type $.value, right is null, left class class java.lang.String
diff object $, class null
diff type $.value, left is null, right class class java.lang.String
diff object $, class null
diff compare $, class jrt:/java.base/java/lang/String.class
diff array compare $, class null
diff sortedMap compare map $, class jrt:/java.base/java/util/LinkedHashMap.class
diff compare $, class null
d00000c00004e
78
12
13
{1},
{10},
{100},
{1000},
{10000},
{100000},
{1000000},
{10000000},
{100000000},
{1000000000},
{2, 1410065408},
{23, 1215752192},
{232, -727379968},
{2328, 1316134912},
{23283, 276447232},
{232830, -1530494976},
{2328306, 1874919424},
{23283064, 1569325056},
{232830643, -1486618624},
{-1966660860, -1981284352},
{5, 1808227885, 1661992960},
{54, 902409669, -559939584},
{542, 434162106, -1304428544},
{5421, 46653770, -159383552},
{54210, 466537709, -1593835520},
{542101, 370409800, 1241513984},
{5421010, -590869294, -469762048},
{54210108, -1613725636, -402653184},
{542101086, 1042612833, 268435456},
{1, 1126043566, 1836193738, -1610612736},
{12, -1624466224, 1182068202, 1073741824},
{126, 935206946, -1064219866, -2147483648},
{1262, 762134875, -2052264063, 0},
{12621, -968585837, 952195850, 0},
{126217, -1095923776, 932023908, 0},
{1262177, 1925664130, 730304488, 0},
{12621774, 2076772117, -1286889712, 0},
{126217744, -707115303, 16004768, 0},
{1262177448, 1518781562, 160047680, 0},
{2, -263127405, -1992053564, 1600476800, 0},
{29, 1663693251, 1554300843, -1175101184, 0},
{293, -542936671, -1636860747, 1133890048, 0},
{2938, -1134399408, 811261716, -1546001408, 0},
{29387, 1540907809, -477317426, 1719855104, 0},
{293873, -1770791086, -478206960, 18681856, 0},
{2938735, -528041668, -487102304, 186818560, 0},
{29387358, -985449376, -576055744, 1868185600, 0},
{293873587, -1264559160, -1465590140, 1501986816, 0},
{-1356231419, 239310294, -1770999509, 2134966272, 0},
{6, -677412302, -1901864351, -530125902, -125173760, 0},
{68, 1815811577, -1838774318, -1006291715, -1251737600, 0},
{684, 978246591, -1207873989, -1472982551, 367525888, 0},
{6842, 1192531325, 806162004, -1844923622, -619708416, 0},
{68422, -959588637, -528314547, -1269367028, -1902116864, 0},
{684227, -1005951770, -988178167, 191231613, -1841299456, 0},
{6842277, -1469583101, -1291847078, 1912316135, -1233125376, 0},
{68422776, -1810929116, -33568888, 1943292173, 553648128, 0},
{684227765, -929421967, -335688876, -2041914749, 1241513984, 0},
{1, -1747656935, -704285069, 938078541, 1055688992, -469762048, 0},
{15, -296700158, 1547083904, 790850820, 1966955336, -402653184, 0},
{159, 1327965719, -1709030143, -681426388, -1805283111, 268435456, 0},
{1593, 394755308, 89567762, 1775670717, -872961926, -1610612736, 0},
{15930, -347414216, 895677624, 576837993, -139684662, 1073741824, 0},
{159309, 820825138, 366841649, 1473412643, -1396846618, -2147483648, 0},
{
	"@type":"com.google.common.collect.SingletonImmutableBiMap",
	"k1":1
}
{
	"@type":"com.google.common.collect.SingletonImmutableBiMap",
	"k1":1
}
0xF 1111
0xF0 11110000
0x601100000

0	48	110000	3	0	18	0	0
1	49	110001	3	1	18	0	1
2	50	110010	3	2	18	0	2
3	51	110011	3	3	18	0	3
4	52	110100	3	4	18	0	4
5	53	110101	3	5	18	0	5
6	54	110110	3	6	18	0	6
7	55	110111	3	7	18	0	7
8	56	111000	3	8	18	0	8
9	57	111001	3	9	18	0	9
a	97	1100001	6	1	30	a	b
b	98	1100010	6	2	30	a	c
c	99	1100011	6	3	30	a	d
d	100	1100100	6	4	30	a	e
e	101	1100101	6	5	30	a	f
f	102	1100110	6	6	30	a	10
A	65	1000001	4	1	20	a	b
B	66	1000010	4	2	20	a	c
C	67	1000011	4	3	20	a	d
D	68	1000100	4	4	20	a	e
E	69	1000101	4	5	20	a	f
F	70	1000110	4	6	20	a	10
0xF 1111
0xF0 11110000
0x601100000

0 110000 & 11110000 = 110000
1 110001 & 11110000 = 110000
2 110010 & 11110000 = 110000
3 110011 & 11110000 = 110000
4 110100 & 11110000 = 110000
5 110101 & 11110000 = 110000
6 110110 & 11110000 = 110000
7 110111 & 11110000 = 110000
8 111000 & 11110000 = 110000
9 111001 & 11110000 = 110000

0 ((110000) & 1111 + 1100000) & 11110000 = 1100000
1 ((110001) & 1111 + 1100000) & 11110000 = 1100000
2 ((110010) & 1111 + 1100000) & 11110000 = 1100000
3 ((110011) & 1111 + 1100000) & 11110000 = 1100000
4 ((110100) & 1111 + 1100000) & 11110000 = 1100000
5 ((110101) & 1111 + 1100000) & 11110000 = 1100000
6 ((110110) & 1111 + 1100000) & 11110000 = 1100000
7 ((110111) & 1111 + 1100000) & 11110000 = 1100000
8 ((111000) & 1111 + 1100000) & 11110000 = 1100000
9 ((111001) & 1111 + 1100000) & 11110000 = 1100000
0.38476562 -> 0.38476563
0.19726562 -> 0.19726563
0.15820312 -> 0.15820313
0.055664062 -> 0.055664063
0.33789062 -> 0.33789063
{"id":1001,"org":{"id":2001}}
{
	"@type":"java.nio.HeapByteBuffer",
	"@value":[
		1,
		2,
		3
	]
}
{
	"v0000":100.0
}
{
	"v0000":100
}
{
	"id":100
}
{
	"v0000":100
}
{
	"v0000":1234567890
}
{
	"id":"d54a66a3-a3b0-42ef-89a0-fd32d87445e5"
}
{
	"id":100
}
{
	"v0000":100.0
}
{
	"v0000":100
}
{
	"v0000":1234567890
}
{
	"@type":"com.alibaba.fastjson2.issues_1600.Issue1624$Bean1#0",
	"@value":{
		"id":123
	}
}
[34,0,0,0,0,0,0,0,0,0,0,0,16]
{
	"@type":"com.alibaba.fastjson2_vo.Int1#0",
	"@value":{}
}
{}
17
{
	"id":"01234567890ABCDE01234567890ABCDE01234567890ABCDE01234567890ABCDE01234567890ABCDE",
	"v0":1,
	"v1":{},
	"v2":{},
	"v3":[
		1,
		2,
		3,
		4,
		5,
		6,
		7,
		8,
		9,
		0,
		1,
		2,
		3,
		4,
		5,
		6,
		7,
		8,
		9,
		0,
		"A",
		"B",
		"C",
		"D",
		"E",
		"F"
	]
}
[
	{
		"n234#0":13
	},
	{
		"#0":14
	},
	{
		"#0":15
	}
]
{
	"#-1":1,
	"#-2":"DataWorks"
}
jsonb size : 131
{"id":123456789,"v0":"123","v1":123456789012345678,"v2":123456789012345678901234567890,"v3":123.45,"v4":1230000.0,"v5":"abcdefg","v7":"null","v8":true,"v9":false,"v10":{"val":123},"v11":{},"v12":[1234],"v13":[12.34],"v14":[null]}
jsonb size : 131
{"id":123456789,"v0":"123","v1":123456789012345678,"v2":123456789012345678901234567890,"v3":123.45,"v4":1230000.0,"v5":"abcdefg","v7":"null","v8":true,"v9":false,"v10":{"val":123},"v11":{},"v12":[1234],"v13":[12.34],"v14":[null]}
jsonb size : 131
{"id":123456789,"v0":"123","v1":123456789012345678,"v2":123456789012345678901234567890,"v3":123.45,"v4":1230000.0,"v5":"abcdefg","v7":"null","v8":true,"v9":false,"v10":{"val":123},"v11":{},"v12":[1234],"v13":[12.34],"v14":[null]}
jsonb size : 131
{"id":123456789,"v0":"123","v1":123456789012345678,"v2":123456789012345678901234567890,"v3":123.45,"v4":1230000.0,"v5":"abcdefg","v7":"null","v8":true,"v9":false,"v10":{"val":123},"v11":{},"v12":[1234],"v13":[12.34],"v14":[null]}
jsonb size : 131
{"id":123456789,"v0":"123","v1":123456789012345678,"v2":123456789012345678901234567890,"v3":123.45,"v4":1230000.0,"v5":"abcdefg","v7":"null","v8":true,"v9":false,"v10":{"val":123},"v11":{},"v12":[1234],"v13":[12.34],"v14":[null]}
jsonb size : 131
{"id":123456789,"v0":"123","v1":123456789012345678,"v2":123456789012345678901234567890,"v3":123.45,"v4":1230000.0,"v5":"abcdefg","v7":"null","v8":true,"v9":false,"v10":{"val":123},"v11":{},"v12":[1234],"v13":[12.34],"v14":[null]}
jsonb size : 131
{"id":123456789,"v0":"123","v1":123456789012345678,"v2":123456789012345678901234567890,"v3":123.45,"v4":1230000.0,"v5":"abcdefg","v7":"null","v8":true,"v9":false,"v10":{"val":123},"v11":{},"v12":[1234],"v13":[12.34],"v14":[null]}
jsonb size : 131
{"id":123456789,"v0":"123","v1":123456789012345678,"v2":123456789012345678901234567890,"v3":123.45,"v4":1230000.0,"v5":"abcdefg","v7":"null","v8":true,"v9":false,"v10":{"val":123},"v11":{},"v12":[1234],"v13":[12.34],"v14":[null]}
{"value":["a","b","c"]}
{"value":["a","b","c"]}
{"value":["a","b","c"]}
{"value":["a","b","c"]}
{"value":["a","b","c"]}
{"value":["a","b","c"]}
{"value":["a","b","c"]}
{"value":["a","b","c"]}
{"value":["a","b","c"]}
{"value":["a","b","c"]}
{
	"value":"http://a.b.com"
}
{}
{
	"id":101,
	"name":"true",
	"type":"false"
}
"name"
"true"
"0"
"1"
"false"
{"id":"\"'\\\r\n\f\b\t中国😀😉®"}
{"id":"\"'\\\r\n\f\b\t中国😀😉®"}
{
	"value":-9223372036854775808
}
{
	"value":-2147483648
}
{
	"value":32767
}
{
	"value":8388607
}
{
	"value":0
}
{}
{
	"value":0
}
{
	"value":32767
}
{
	"value":8388607
}
{
	"value":2147483647
}
{
	"value":9223372036854775807
}
{
	"value":12345678901234567890123456789012345678901234567890123456789012345678901234567890
}
{
	"value":10
}
Sun Jan 01 08:00:00 CST 1899
Sun Jan 01 08:00:00 CST 1899
{
	"id":[
		-73,
		104,
		-78,
		126,
		-68,
		-51,
		76,
		27,
		-113,
		-5,
		5,
		126,
		15,
		-95,
		-5,
		50
	]
}
{}
{
	"v0000":[1]
}
{
	"v0000":[1]
}
{"v0000":0,"v0001":1,"v0002":2,"v0003":3,"v0004":4,"v0005":5,"v0006":6,"v0007":7,"v0008":8,"v0009":9}
{"v0000":0,"v0001":-1,"v0002":-2,"v0003":-3,"v0004":-4,"v0005":-5,"v0006":-6,"v0007":-7,"v0008":-8,"v0009":-9}
Serialized JSON with context feature: {"booleanField":false,"otherField":""}
{"checkSqlInjection":false,"expression":{"cacheSqlSegment":false,"groupBy":[{}],"having":[{}],"normal":[{},"EQ",{},"AND",{},"NE",{},"AND",{},"IN",{}],"orderBy":[{}],"sqlSegment":""},"lastSql":{"stringValue":""},"paramNameSeq":0,"paramNameValuePairs":{},"sqlComment":{"stringValue":""},"sqlFirst":{"stringValue":""},"sqlSelect":{"stringValue":"*"},"typedThis":{"$ref":".."}}
A
A
[{"a":"1","a2":"1"},{"a":"2","a2":"2"}]
{"@type":"com.alibaba.fastjson2.issues_2500.Issue2583$Bean","enumMap":{"@type":"java.util.EnumMap"}}
{
	"date":"2023-03-26T10:25:19Z"
}
{"configs":{"FROM":[{"defaultFromId":"birtney"}]}}
1036864783
[{"ActionType":2,"AlgInfo":"","AuthorName":"瓜不瓜","AuthorTags":["日常文"],"BookId":1036864783,"BookIntro":"陆离凭借自己的努力和系统的帮助走上了人生巅峰。至于青梅？啥，我还有青梅竹马啊？","BookName":"被青梅拒绝后，我获得了模拟器","BookStatus":"连载","CategoryId":4,"CategoryName":"都市","Description":"所有人都认为陆离会和徐清在一起。毕竟这俩人郎才女貌，还从小认识。\n可在散伙饭那天，徐清拒绝了陆离的表白。正在陆离怅然之际，突然听到耳边传来的提示音。\n【恭喜您获","Did":"1036864783","Dt":1,"Ex2":"","LastChapterId":0,"LastChapterName":"","LastChapterTime":0,"Pos":0,"RankName":"","ShowTime":1692079200000,"SubCategoryName":"都市生活","Type":0,"WordCount":"58万","day":"15","fbAlg":"","fbAppId":0,"fbId":1036864783,"fbType":1,"isReal":true,"isVip":1,"lastUpdateTimes":"","month":"08","recommendCol":"rengongtuijian","recommendStyle":0,"sp":"{\"exposetime\":1692084881634,\"scene\":\"preface_with_editor\"}","stability":0,"year":"2023"}]
Issue1790.Bean(op=yyy, test={"erw":{"qqq":12313}})
WARNING: Use of the three-letter time zone ID "ACT" is deprecated and it will be removed in a future release
WARNING: Use of the three-letter time zone ID "AET" is deprecated and it will be removed in a future release
WARNING: Use of the three-letter time zone ID "AGT" is deprecated and it will be removed in a future release
WARNING: Use of the three-letter time zone ID "ART" is deprecated and it will be removed in a future release
WARNING: Use of the three-letter time zone ID "AST" is deprecated and it will be removed in a future release
WARNING: Use of the three-letter time zone ID "BET" is deprecated and it will be removed in a future release
WARNING: Use of the three-letter time zone ID "BST" is deprecated and it will be removed in a future release
WARNING: Use of the three-letter time zone ID "CAT" is deprecated and it will be removed in a future release
WARNING: Use of the three-letter time zone ID "CNT" is deprecated and it will be removed in a future release
WARNING: Use of the three-letter time zone ID "CST" is deprecated and it will be removed in a future release
WARNING: Use of the three-letter time zone ID "CTT" is deprecated and it will be removed in a future release
WARNING: Use of the three-letter time zone ID "EAT" is deprecated and it will be removed in a future release
WARNING: Use of the three-letter time zone ID "ECT" is deprecated and it will be removed in a future release
WARNING: Use of the three-letter time zone ID "EST" is deprecated and it will be removed in a future release
WARNING: Use of the three-letter time zone ID "HST" is deprecated and it will be removed in a future release
WARNING: Use of the three-letter time zone ID "IET" is deprecated and it will be removed in a future release
WARNING: Use of the three-letter time zone ID "IST" is deprecated and it will be removed in a future release
WARNING: Use of the three-letter time zone ID "JST" is deprecated and it will be removed in a future release
WARNING: Use of the three-letter time zone ID "MIT" is deprecated and it will be removed in a future release
WARNING: Use of the three-letter time zone ID "MST" is deprecated and it will be removed in a future release
WARNING: Use of the three-letter time zone ID "NET" is deprecated and it will be removed in a future release
WARNING: Use of the three-letter time zone ID "NST" is deprecated and it will be removed in a future release
WARNING: Use of the three-letter time zone ID "PLT" is deprecated and it will be removed in a future release
WARNING: Use of the three-letter time zone ID "PNT" is deprecated and it will be removed in a future release
WARNING: Use of the three-letter time zone ID "PRT" is deprecated and it will be removed in a future release
WARNING: Use of the three-letter time zone ID "PST" is deprecated and it will be removed in a future release
WARNING: Use of the three-letter time zone ID "SST" is deprecated and it will be removed in a future release
WARNING: Use of the three-letter time zone ID "VST" is deprecated and it will be removed in a future release
{"appResp":{"message":"成功","status":"200","timestamp":"2017-03-15 12:13:14"}}
Issue474.Result(items=[Issue474.Item(name=item1), Issue474.Item(name=item2)])
Issue474.Result(items=[Issue474.Item(name=item1), Issue474.Item(name=item2)])
{
	"@type":"com.alibaba.fastjson2.issues.Issue385$Bean#0",
	"@value":{
		"items":{
			"@type":"java.util.Arrays$ArrayList#1",
			"@value":[
				"CamelCase",
				"PascalCase"
			]
		}
	}
}
{"data":{"pageNum":1,"pageSize":100,"records":[{"calledTimes":1,"callerPhone":"大屏演示专用线路","channelCode":"0","chatRound":0,"customerPhone":"xxxx","duration":0,"endTime":"2022-06-27 20:29:51","finishStatusDesc":"占线","finishStatusId":6,"finishStatusName":"BUSY","intentionResult":"D","startTime":"2022-06-27 20:29:07"}],"total":1}}
{"reservationId":"1520799011718696960","mealsAvailable":true,"handBaggageNum":1,"checkedBaggageNum":0}
str = {"test":[{"demo":""}]}
list = Issue464.TestParam(test=[Issue464.Demo(demo=null)])
{"a":"a value","c":"c value"}
{"c":"c value"}
{"a":null,"b":null,"c":"c value"}
{"a":null,"b":"b value","c":null}
Issue448.BasicStaff(boyList=[Issue448.BasicStaff(boyList=null, localDate=2026-10-07, localDateTime=2026-10-07T00:31:55)], localDate=2026-10-07, localDateTime=2026-10-07T00:31:55)
required latitude
2147483650
[{"var1":"d0"}]
{"availableBeginTime":"2026-10-07 00:32:05.804","availableEndTime":"2026-10-07 17:12:05.804"}
{"availableBeginTime":"2026-10-07 00:32:05.804","availableEndTime":"2026-10-07 17:12:05.804"}
{"availableBeginTime":"2026-10-07 00:32:05.804","availableEndTime":"2026-10-07 17:12:05.804"}
{"availableBeginTime":"2026-10-07 00:32:05.804","availableEndTime":"2026-10-07 17:12:05.804"}
{"availableBeginTime":"2026-10-07 00:32:05.804","availableEndTime":"2026-10-07 17:12:05.804"}
{"availableBeginTime":"2026-10-07 00:32:05.804","availableEndTime":"2026-10-07 17:12:05.804"}
{"availableBeginTime":"2026-10-07 00:32:05.804","availableEndTime":"2026-10-07 17:12:05.804"}
{"availableBeginTime":"2026-10-07 00:32:05.804","availableEndTime":"2026-10-07 17:12:05.804"}
{"availableBeginTime":"2026-10-07 00:32:05.804","availableEndTime":"2026-10-07 17:12:05.804"}
{"availableBeginTime":"2026-10-07 00:32:05.804","availableEndTime":"2026-10-07 17:12:05.804"}
{"availableBeginTime":"2026-10-07 00:32:05.804","availableEndTime":"2026-10-07 17:12:05.804"}
{"availableBeginTime":"2026-10-07 00:32:05.804","availableEndTime":"2026-10-07 17:12:05.804"}
{"availableBeginTime":"2026-10-07 00:32:05.804","availableEndTime":"2026-10-07 17:12:05.804"}
{"availableBeginTime":"2026-10-07 00:32:05.804","availableEndTime":"2026-10-07 17:12:05.804"}
{"availableBeginTime":"2026-10-07 00:32:05.804","availableEndTime":"2026-10-07 17:12:05.804"}
{"availableBeginTime":"2026-10-07 00:32:05.804","availableEndTime":"2026-10-07 17:12:05.804"}
{"availableBeginTime":"2026-10-07 00:32:05.804","availableEndTime":"2026-10-07 17:12:05.804"}
{"availableBeginTime":"2026-10-07 00:32:05.804","availableEndTime":"2026-10-07 17:12:05.804"}
{"availableBeginTime":"2026-10-07 00:32:05.804","availableEndTime":"2026-10-07 17:12:05.804"}
{"availableBeginTime":"2026-10-07 00:32:05.805","availableEndTime":"2026-10-07 17:12:05.805"}
{"availableBeginTime":"2026-10-07 00:32:05.805","availableEndTime":"2026-10-07 17:12:05.805"}
{"availableBeginTime":"2026-10-07 00:32:05.805","availableEndTime":"2026-10-07 17:12:05.805"}
{"availableBeginTime":"2026-10-07 00:32:05.805","availableEndTime":"2026-10-07 17:12:05.805"}
{"availableBeginTime":"2026-10-07 00:32:05.805","availableEndTime":"2026-10-07 17:12:05.805"}
{"availableBeginTime":"2026-10-07 00:32:05.805","availableEndTime":"2026-10-07 17:12:05.805"}
{"availableBeginTime":"2026-10-07 00:32:05.805","availableEndTime":"2026-10-07 17:12:05.805"}
{"availableBeginTime":"2026-10-07 00:32:05.805","availableEndTime":"2026-10-07 17:12:05.805"}
{"availableBeginTime":"2026-10-07 00:32:05.805","availableEndTime":"2026-10-07 17:12:05.805"}
{"availableBeginTime":"2026-10-07 00:32:05.805","availableEndTime":"2026-10-07 17:12:05.805"}
{"availableBeginTime":"2026-10-07 00:32:05.805","availableEndTime":"2026-10-07 17:12:05.805"}
{"availableBeginTime":"2026-10-07 00:32:05.805","availableEndTime":"2026-10-07 17:12:05.805"}
{"availableBeginTime":"2026-10-07 00:32:05.805","availableEndTime":"2026-10-07 17:12:05.805"}
{"availableBeginTime":"2026-10-07 00:32:05.805","availableEndTime":"2026-10-07 17:12:05.805"}
{"availableBeginTime":"2026-10-07 00:32:05.805","availableEndTime":"2026-10-07 17:12:05.805"}
{"availableBeginTime":"2026-10-07 00:32:05.805","availableEndTime":"2026-10-07 17:12:05.805"}
{"availableBeginTime":"2026-10-07 00:32:05.805","availableEndTime":"2026-10-07 17:12:05.805"}
{"availableBeginTime":"2026-10-07 00:32:05.805","availableEndTime":"2026-10-07 17:12:05.805"}
{"availableBeginTime":"2026-10-07 00:32:05.805","availableEndTime":"2026-10-07 17:12:05.805"}
{"availableBeginTime":"2026-10-07 00:32:05.805","availableEndTime":"2026-10-07 17:12:05.805"}
{"availableBeginTime":"2026-10-07 00:32:05.805","availableEndTime":"2026-10-07 17:12:05.805"}
{"availableBeginTime":"2026-10-07 00:32:05.805","availableEndTime":"2026-10-07 17:12:05.805"}
{"availableBeginTime":"2026-10-07 00:32:05.805","availableEndTime":"2026-10-07 17:12:05.805"}
{"availableBeginTime":"2026-10-07 00:32:05.805","availableEndTime":"2026-10-07 17:12:05.805"}
{"availableBeginTime":"2026-10-07 00:32:05.805","availableEndTime":"2026-10-07 17:12:05.805"}
{"availableBeginTime":"2026-10-07 00:32:05.805","availableEndTime":"2026-10-07 17:12:05.805"}
{"availableBeginTime":"2026-10-07 00:32:05.805","availableEndTime":"2026-10-07 17:12:05.805"}
{"availableBeginTime":"2026-10-07 00:32:05.805","availableEndTime":"2026-10-07 17:12:05.805"}
{"availableBeginTime":"2026-10-07 00:32:05.805","availableEndTime":"2026-10-07 17:12:05.805"}
{"availableBeginTime":"2026-10-07 00:32:05.805","availableEndTime":"2026-10-07 17:12:05.805"}
{"availableBeginTime":"2026-10-07 00:32:05.805","availableEndTime":"2026-10-07 17:12:05.805"}
{"availableBeginTime":"2026-10-07 00:32:05.805","availableEndTime":"2026-10-07 17:12:05.805"}
{"availableBeginTime":"2026-10-07 00:32:05.805","availableEndTime":"2026-10-07 17:12:05.805"}
{"availableBeginTime":"2026-10-07 00:32:05.805","availableEndTime":"2026-10-07 17:12:05.805"}
{"availableBeginTime":"2026-10-07 00:32:05.805","availableEndTime":"2026-10-07 17:12:05.805"}
{"availableBeginTime":"2026-10-07 00:32:05.805","availableEndTime":"2026-10-07 17:12:05.805"}
{"availableBeginTime":"2026-10-07 00:32:05.805","availableEndTime":"2026-10-07 17:12:05.805"}
{"availableBeginTime":"2026-10-07 00:32:05.805","availableEndTime":"2026-10-07 17:12:05.805"}
{"availableBeginTime":"2026-10-07 00:32:05.805","availableEndTime":"2026-10-07 17:12:05.805"}
{"availableBeginTime":"2026-10-07 00:32:05.805","availableEndTime":"2026-10-07 17:12:05.805"}
{"availableBeginTime":"2026-10-07 00:32:05.805","availableEndTime":"2026-10-07 17:12:05.805"}
{"availableBeginTime":"2026-10-07 00:32:05.805","availableEndTime":"2026-10-07 17:12:05.805"}
{"availableBeginTime":"2026-10-07 00:32:05.805","availableEndTime":"2026-10-07 17:12:05.805"}
{"availableBeginTime":"2026-10-07 00:32:05.805","availableEndTime":"2026-10-07 17:12:05.805"}
{"availableBeginTime":"2026-10-07 00:32:05.805","availableEndTime":"2026-10-07 17:12:05.805"}
{"availableBeginTime":"2026-10-07 00:32:05.805","availableEndTime":"2026-10-07 17:12:05.805"}
{"availableBeginTime":"2026-10-07 00:32:05.805","availableEndTime":"2026-10-07 17:12:05.805"}
{"availableBeginTime":"2026-10-07 00:32:05.805","availableEndTime":"2026-10-07 17:12:05.805"}
{"availableBeginTime":"2026-10-07 00:32:05.805","availableEndTime":"2026-10-07 17:12:05.805"}
{"availableBeginTime":"2026-10-07 00:32:05.805","availableEndTime":"2026-10-07 17:12:05.805"}
{"availableBeginTime":"2026-10-07 00:32:05.805","availableEndTime":"2026-10-07 17:12:05.805"}
{"availableBeginTime":"2026-10-07 00:32:05.805","availableEndTime":"2026-10-07 17:12:05.805"}
{"availableBeginTime":"2026-10-07 00:32:05.805","availableEndTime":"2026-10-07 17:12:05.805"}
{"availableBeginTime":"2026-10-07 00:32:05.805","availableEndTime":"2026-10-07 17:12:05.805"}
{"availableBeginTime":"2026-10-07 00:32:05.805","availableEndTime":"2026-10-07 17:12:05.805"}
{"availableBeginTime":"2026-10-07 00:32:05.805","availableEndTime":"2026-10-07 17:12:05.805"}
{"availableBeginTime":"2026-10-07 00:32:05.805","availableEndTime":"2026-10-07 17:12:05.805"}
{"availableBeginTime":"2026-10-07 00:32:05.805","availableEndTime":"2026-10-07 17:12:05.805"}
{"availableBeginTime":"2026-10-07 00:32:05.805","availableEndTime":"2026-10-07 17:12:05.805"}
{"availableBeginTime":"2026-10-07 00:32:05.805","availableEndTime":"2026-10-07 17:12:05.805"}
{"availableBeginTime":"2026-10-07 00:32:05.805","availableEndTime":"2026-10-07 17:12:05.805"}
{"availableBeginTime":"2026-10-07 00:32:05.805","availableEndTime":"2026-10-07 17:12:05.805"}
{"availableBeginTime":"2026-10-07 00:32:05.805","availableEndTime":"2026-10-07 17:12:05.805"}
{"availableBeginTime":"2026-10-07 00:32:05.805","availableEndTime":"2026-10-07 17:12:05.805"}
{"availableBeginTime":"2026-10-07 00:32:05.805","availableEndTime":"2026-10-07 17:12:05.805"}
{"availableBeginTime":"2026-10-07 00:32:05.805","availableEndTime":"2026-10-07 17:12:05.805"}
{"availableBeginTime":"2026-10-07 00:32:05.805","availableEndTime":"2026-10-07 17:12:05.805"}
{"availableBeginTime":"2026-10-07 00:32:05.805","availableEndTime":"2026-10-07 17:12:05.805"}
{"availableBeginTime":"2026-10-07 00:32:05.805","availableEndTime":"2026-10-07 17:12:05.805"}
{"availableBeginTime":"2026-10-07 00:32:05.805","availableEndTime":"2026-10-07 17:12:05.805"}
{"availableBeginTime":"2026-10-07 00:32:05.805","availableEndTime":"2026-10-07 17:12:05.805"}
{"availableBeginTime":"2026-10-07 00:32:05.805","availableEndTime":"2026-10-07 17:12:05.805"}
{"availableBeginTime":"2026-10-07 00:32:05.805","availableEndTime":"2026-10-07 17:12:05.805"}
{"availableBeginTime":"2026-10-07 00:32:05.805","availableEndTime":"2026-10-07 17:12:05.805"}
{"availableBeginTime":"2026-10-07 00:32:05.805","availableEndTime":"2026-10-07 17:12:05.805"}
{"availableBeginTime":"2026-10-07 00:32:05.805","availableEndTime":"2026-10-07 17:12:05.805"}
{"availableBeginTime":"2026-10-07 00:32:05.805","availableEndTime":"2026-10-07 17:12:05.805"}
{"availableBeginTime":"2026-10-07 00:32:05.805","availableEndTime":"2026-10-07 17:12:05.805"}
{"availableBeginTime":"2026-10-07 00:32:05.805","availableEndTime":"2026-10-07 17:12:05.805"}
{"availableBeginTime":"2026-10-07 00:32:05.805","availableEndTime":"2026-10-07 17:12:05.805"}
{"availableBeginTime":"2026-10-07 00:32:05.805","availableEndTime":"2026-10-07 17:12:05.805"}
{"availableBeginTime":"2026-10-07 00:32:05.805","availableEndTime":"2026-10-07 17:12:05.805"}
{"availableBeginTime":"2026-10-07 00:32:05.805","availableEndTime":"2026-10-07 17:12:05.805"}
{"availableBeginTime":"2026-10-07 00:32:05.805","availableEndTime":"2026-10-07 17:12:05.805"}
{"availableBeginTime":"2026-10-07 00:32:05.805","availableEndTime":"2026-10-07 17:12:05.805"}
{"availableBeginTime":"2026-10-07 00:32:05.805","availableEndTime":"2026-10-07 17:12:05.805"}
{"availableBeginTime":"2026-10-07 00:32:05.805","availableEndTime":"2026-10-07 17:12:05.805"}
{"availableBeginTime":"2026-10-07 00:32:05.805","availableEndTime":"2026-10-07 17:12:05.805"}
{"availableBeginTime":"2026-10-07 00:32:05.805","availableEndTime":"2026-10-07 17:12:05.805"}
{"availableBeginTime":"2026-10-07 00:32:05.805","availableEndTime":"2026-10-07 17:12:05.805"}
{"availableBeginTime":"2026-10-07 00:32:05.805","availableEndTime":"2026-10-07 17:12:05.805"}
{"availableBeginTime":"2026-10-07 00:32:05.805","availableEndTime":"2026-10-07 17:12:05.805"}
{"availableBeginTime":"2026-10-07 00:32:05.805","availableEndTime":"2026-10-07 17:12:05.805"}
{"availableBeginTime":"2026-10-07 00:32:05.805","availableEndTime":"2026-10-07 17:12:05.805"}
{"availableBeginTime":"2026-10-07 00:32:05.805","availableEndTime":"2026-10-07 17:12:05.805"}
{"availableBeginTime":"2026-10-07 00:32:05.805","availableEndTime":"2026-10-07 17:12:05.805"}
{"availableBeginTime":"2026-10-07 00:32:05.805","availableEndTime":"2026-10-07 17:12:05.805"}
{"availableBeginTime":"2026-10-07 00:32:05.805","availableEndTime":"2026-10-07 17:12:05.805"}
{"availableBeginTime":"2026-10-07 00:32:05.805","availableEndTime":"2026-10-07 17:12:05.805"}
{"availableBeginTime":"2026-10-07 00:32:05.805","availableEndTime":"2026-10-07 17:12:05.805"}
{"availableBeginTime":"2026-10-07 00:32:05.805","availableEndTime":"2026-10-07 17:12:05.805"}
{"availableBeginTime":"2026-10-07 00:32:05.805","availableEndTime":"2026-10-07 17:12:05.805"}
{"availableBeginTime":"2026-10-07 00:32:05.805","availableEndTime":"2026-10-07 17:12:05.805"}
{"availableBeginTime":"2026-10-07 00:32:05.805","availableEndTime":"2026-10-07 17:12:05.805"}
{"availableBeginTime":"2026-10-07 00:32:05.805","availableEndTime":"2026-10-07 17:12:05.805"}
{"availableBeginTime":"2026-10-07 00:32:05.805","availableEndTime":"2026-10-07 17:12:05.805"}
{"availableBeginTime":"2026-10-07 00:32:05.805","availableEndTime":"2026-10-07 17:12:05.805"}
{"availableBeginTime":"2026-10-07 00:32:05.805","availableEndTime":"2026-10-07 17:12:05.805"}
{"availableBeginTime":"2026-10-07 00:32:05.805","availableEndTime":"2026-10-07 17:12:05.805"}
{"availableBeginTime":"2026-10-07 00:32:05.805","availableEndTime":"2026-10-07 17:12:05.805"}
{"availableBeginTime":"2026-10-07 00:32:05.805","availableEndTime":"2026-10-07 17:12:05.805"}
{"availableBeginTime":"2026-10-07 00:32:05.805","availableEndTime":"2026-10-07 17:12:05.805"}
{"availableBeginTime":"2026-10-07 00:32:05.805","availableEndTime":"2026-10-07 17:12:05.805"}
{"availableBeginTime":"2026-10-07 00:32:05.805","availableEndTime":"2026-10-07 17:12:05.805"}
{"availableBeginTime":"2026-10-07 00:32:05.805","availableEndTime":"2026-10-07 17:12:05.805"}
{"availableBeginTime":"2026-10-07 00:32:05.805","availableEndTime":"2026-10-07 17:12:05.805"}
{"availableBeginTime":"2026-10-07 00:32:05.805","availableEndTime":"2026-10-07 17:12:05.805"}
{"availableBeginTime":"2026-10-07 00:32:05.805","availableEndTime":"2026-10-07 17:12:05.805"}
{"availableBeginTime":"2026-10-07 00:32:05.805","availableEndTime":"2026-10-07 17:12:05.805"}
{"availableBeginTime":"2026-10-07 00:32:05.805","availableEndTime":"2026-10-07 17:12:05.805"}
{"availableBeginTime":"2026-10-07 00:32:05.805","availableEndTime":"2026-10-07 17:12:05.805"}
{"availableBeginTime":"2026-10-07 00:32:05.805","availableEndTime":"2026-10-07 17:12:05.805"}
{"availableBeginTime":"2026-10-07 00:32:05.805","availableEndTime":"2026-10-07 17:12:05.805"}
{"availableBeginTime":"2026-10-07 00:32:05.805","availableEndTime":"2026-10-07 17:12:05.805"}
{"availableBeginTime":"2026-10-07 00:32:05.805","availableEndTime":"2026-10-07 17:12:05.805"}
{"availableBeginTime":"2026-10-07 00:32:05.805","availableEndTime":"2026-10-07 17:12:05.805"}
{"availableBeginTime":"2026-10-07 00:32:05.805","availableEndTime":"2026-10-07 17:12:05.805"}
{"availableBeginTime":"2026-10-07 00:32:05.805","availableEndTime":"2026-10-07 17:12:05.805"}
{"availableBeginTime":"2026-10-07 00:32:05.805","availableEndTime":"2026-10-07 17:12:05.805"}
{"availableBeginTime":"2026-10-07 00:32:05.805","availableEndTime":"2026-10-07 17:12:05.805"}
{"availableBeginTime":"2026-10-07 00:32:05.805","availableEndTime":"2026-10-07 17:12:05.805"}
{"availableBeginTime":"2026-10-07 00:32:05.805","availableEndTime":"2026-10-07 17:12:05.805"}
{"availableBeginTime":"2026-10-07 00:32:05.805","availableEndTime":"2026-10-07 17:12:05.805"}
{"availableBeginTime":"2026-10-07 00:32:05.805","availableEndTime":"2026-10-07 17:12:05.805"}
{"availableBeginTime":"2026-10-07 00:32:05.805","availableEndTime":"2026-10-07 17:12:05.805"}
{"availableBeginTime":"2026-10-07 00:32:05.805","availableEndTime":"2026-10-07 17:12:05.805"}
{"availableBeginTime":"2026-10-07 00:32:05.805","availableEndTime":"2026-10-07 17:12:05.805"}
{"availableBeginTime":"2026-10-07 00:32:05.805","availableEndTime":"2026-10-07 17:12:05.805"}
{"availableBeginTime":"2026-10-07 00:32:05.805","availableEndTime":"2026-10-07 17:12:05.805"}
{"availableBeginTime":"2026-10-07 00:32:05.805","availableEndTime":"2026-10-07 17:12:05.805"}
{"availableBeginTime":"2026-10-07 00:32:05.805","availableEndTime":"2026-10-07 17:12:05.805"}
{"availableBeginTime":"2026-10-07 00:32:05.805","availableEndTime":"2026-10-07 17:12:05.805"}
{"availableBeginTime":"2026-10-07 00:32:05.805","availableEndTime":"2026-10-07 17:12:05.805"}
{"availableBeginTime":"2026-10-07 00:32:05.805","availableEndTime":"2026-10-07 17:12:05.805"}
{"availableBeginTime":"2026-10-07 00:32:05.805","availableEndTime":"2026-10-07 17:12:05.805"}
{"availableBeginTime":"2026-10-07 00:32:05.805","availableEndTime":"2026-10-07 17:12:05.805"}
{"availableBeginTime":"2026-10-07 00:32:05.805","availableEndTime":"2026-10-07 17:12:05.805"}
{"availableBeginTime":"2026-10-07 00:32:05.805","availableEndTime":"2026-10-07 17:12:05.805"}
{"availableBeginTime":"2026-10-07 00:32:05.805","availableEndTime":"2026-10-07 17:12:05.805"}
{"availableBeginTime":"2026-10-07 00:32:05.805","availableEndTime":"2026-10-07 17:12:05.805"}
{"availableBeginTime":"2026-10-07 00:32:05.805","availableEndTime":"2026-10-07 17:12:05.805"}
{"availableBeginTime":"2026-10-07 00:32:05.805","availableEndTime":"2026-10-07 17:12:05.805"}
{"availableBeginTime":"2026-10-07 00:32:05.805","availableEndTime":"2026-10-07 17:12:05.805"}
{"availableBeginTime":"2026-10-07 00:32:05.805","availableEndTime":"2026-10-07 17:12:05.805"}
{"availableBeginTime":"2026-10-07 00:32:05.805","availableEndTime":"2026-10-07 17:12:05.805"}
{"availableBeginTime":"2026-10-07 00:32:05.805","availableEndTime":"2026-10-07 17:12:05.805"}
{"availableBeginTime":"2026-10-07 00:32:05.805","availableEndTime":"2026-10-07 17:12:05.805"}
{"availableBeginTime":"2026-10-07 00:32:05.805","availableEndTime":"2026-10-07 17:12:05.805"}
{"availableBeginTime":"2026-10-07 00:32:05.805","availableEndTime":"2026-10-07 17:12:05.805"}
{"availableBeginTime":"2026-10-07 00:32:05.805","availableEndTime":"2026-10-07 17:12:05.805"}
{"availableBeginTime":"2026-10-07 00:32:05.805","availableEndTime":"2026-10-07 17:12:05.805"}
{"availableBeginTime":"2026-10-07 00:32:05.805","availableEndTime":"2026-10-07 17:12:05.805"}
{"availableBeginTime":"2026-10-07 00:32:05.805","availableEndTime":"2026-10-07 17:12:05.805"}
{"availableBeginTime":"2026-10-07 00:32:05.805","availableEndTime":"2026-10-07 17:12:05.805"}
{"availableBeginTime":"2026-10-07 00:32:05.805","availableEndTime":"2026-10-07 17:12:05.805"}
{"availableBeginTime":"2026-10-07 00:32:05.805","availableEndTime":"2026-10-07 17:12:05.805"}
{"availableBeginTime":"2026-10-07 00:32:05.805","availableEndTime":"2026-10-07 17:12:05.805"}
{"availableBeginTime":"2026-10-07 00:32:05.805","availableEndTime":"2026-10-07 17:12:05.805"}
{"availableBeginTime":"2026-10-07 00:32:05.805","availableEndTime":"2026-10-07 17:12:05.805"}
{"availableBeginTime":"2026-10-07 00:32:05.805","availableEndTime":"2026-10-07 17:12:05.805"}
{"availableBeginTime":"2026-10-07 00:32:05.805","availableEndTime":"2026-10-07 17:12:05.805"}
{"availableBeginTime":"2026-10-07 00:32:05.805","availableEndTime":"2026-10-07 17:12:05.805"}
{"availableBeginTime":"2026-10-07 00:32:05.805","availableEndTime":"2026-10-07 17:12:05.805"}
{"availableBeginTime":"2026-10-07 00:32:05.805","availableEndTime":"2026-10-07 17:12:05.805"}
{"availableBeginTime":"2026-10-07 00:32:05.805","availableEndTime":"2026-10-07 17:12:05.805"}
{"availableBeginTime":"2026-10-07 00:32:05.805","availableEndTime":"2026-10-07 17:12:05.805"}
{"availableBeginTime":"2026-10-07 00:32:05.805","availableEndTime":"2026-10-07 17:12:05.805"}
{"availableBeginTime":"2026-10-07 00:32:05.805","availableEndTime":"2026-10-07 17:12:05.805"}
{"availableBeginTime":"2026-10-07 00:32:05.805","availableEndTime":"2026-10-07 17:12:05.805"}
{"availableBeginTime":"2026-10-07 00:32:05.805","availableEndTime":"2026-10-07 17:12:05.805"}
{"availableBeginTime":"2026-10-07 00:32:05.805","availableEndTime":"2026-10-07 17:12:05.805"}
{"availableBeginTime":"2026-10-07 00:32:05.805","availableEndTime":"2026-10-07 17:12:05.805"}
{"availableBeginTime":"2026-10-07 00:32:05.805","availableEndTime":"2026-10-07 17:12:05.805"}
{"availableBeginTime":"2026-10-07 00:32:05.805","availableEndTime":"2026-10-07 17:12:05.805"}
{"availableBeginTime":"2026-10-07 00:32:05.805","availableEndTime":"2026-10-07 17:12:05.805"}
{"availableBeginTime":"2026-10-07 00:32:05.805","availableEndTime":"2026-10-07 17:12:05.805"}
{"availableBeginTime":"2026-10-07 00:32:05.805","availableEndTime":"2026-10-07 17:12:05.805"}
{"availableBeginTime":"2026-10-07 00:32:05.805","availableEndTime":"2026-10-07 17:12:05.805"}
{"availableBeginTime":"2026-10-07 00:32:05.805","availableEndTime":"2026-10-07 17:12:05.805"}
{"availableBeginTime":"2026-10-07 00:32:05.805","availableEndTime":"2026-10-07 17:12:05.805"}
{"availableBeginTime":"2026-10-07 00:32:05.805","availableEndTime":"2026-10-07 17:12:05.805"}
{"availableBeginTime":"2026-10-07 00:32:05.805","availableEndTime":"2026-10-07 17:12:05.805"}
{"availableBeginTime":"2026-10-07 00:32:05.805","availableEndTime":"2026-10-07 17:12:05.805"}
{"availableBeginTime":"2026-10-07 00:32:05.805","availableEndTime":"2026-10-07 17:12:05.805"}
{"availableBeginTime":"2026-10-07 00:32:05.805","availableEndTime":"2026-10-07 17:12:05.805"}
{"availableBeginTime":"2026-10-07 00:32:05.805","availableEndTime":"2026-10-07 17:12:05.805"}
{"availableBeginTime":"2026-10-07 00:32:05.805","availableEndTime":"2026-10-07 17:12:05.805"}
{"availableBeginTime":"2026-10-07 00:32:05.805","availableEndTime":"2026-10-07 17:12:05.805"}
{"availableBeginTime":"2026-10-07 00:32:05.805","availableEndTime":"2026-10-07 17:12:05.805"}
{"availableBeginTime":"2026-10-07 00:32:05.805","availableEndTime":"2026-10-07 17:12:05.805"}
{"availableBeginTime":"2026-10-07 00:32:05.805","availableEndTime":"2026-10-07 17:12:05.805"}
{"availableBeginTime":"2026-10-07 00:32:05.805","availableEndTime":"2026-10-07 17:12:05.805"}
{"availableBeginTime":"2026-10-07 00:32:05.805","availableEndTime":"2026-10-07 17:12:05.805"}
{"availableBeginTime":"2026-10-07 00:32:05.805","availableEndTime":"2026-10-07 17:12:05.805"}
{"availableBeginTime":"2026-10-07 00:32:05.805","availableEndTime":"2026-10-07 17:12:05.805"}
{"availableBeginTime":"2026-10-07 00:32:05.805","availableEndTime":"2026-10-07 17:12:05.805"}
{"availableBeginTime":"2026-10-07 00:32:05.805","availableEndTime":"2026-10-07 17:12:05.805"}
{"availableBeginTime":"2026-10-07 00:32:05.805","availableEndTime":"2026-10-07 17:12:05.805"}
{"availableBeginTime":"2026-10-07 00:32:05.805","availableEndTime":"2026-10-07 17:12:05.805"}
{"availableBeginTime":"2026-10-07 00:32:05.805","availableEndTime":"2026-10-07 17:12:05.805"}
{"availableBeginTime":"2026-10-07 00:32:05.805","availableEndTime":"2026-10-07 17:12:05.805"}
{"availableBeginTime":"2026-10-07 00:32:05.805","availableEndTime":"2026-10-07 17:12:05.805"}
{"availableBeginTime":"2026-10-07 00:32:05.805","availableEndTime":"2026-10-07 17:12:05.805"}
{"availableBeginTime":"2026-10-07 00:32:05.805","availableEndTime":"2026-10-07 17:12:05.805"}
{"availableBeginTime":"2026-10-07 00:32:05.805","availableEndTime":"2026-10-07 17:12:05.805"}
{"availableBeginTime":"2026-10-07 00:32:05.805","availableEndTime":"2026-10-07 17:12:05.805"}
{"availableBeginTime":"2026-10-07 00:32:05.805","availableEndTime":"2026-10-07 17:12:05.805"}
{"availableBeginTime":"2026-10-07 00:32:05.805","availableEndTime":"2026-10-07 17:12:05.805"}
{"availableBeginTime":"2026-10-07 00:32:05.805","availableEndTime":"2026-10-07 17:12:05.805"}
{"availableBeginTime":"2026-10-07 00:32:05.805","availableEndTime":"2026-10-07 17:12:05.805"}
{"availableBeginTime":"2026-10-07 00:32:05.805","availableEndTime":"2026-10-07 17:12:05.805"}
{"availableBeginTime":"2026-10-07 00:32:05.805","availableEndTime":"2026-10-07 17:12:05.805"}
{"availableBeginTime":"2026-10-07 00:32:05.805","availableEndTime":"2026-10-07 17:12:05.805"}
{"availableBeginTime":"2026-10-07 00:32:05.805","availableEndTime":"2026-10-07 17:12:05.805"}
{"availableBeginTime":"2026-10-07 00:32:05.805","availableEndTime":"2026-10-07 17:12:05.805"}
{"availableBeginTime":"2026-10-07 00:32:05.805","availableEndTime":"2026-10-07 17:12:05.805"}
{"availableBeginTime":"2026-10-07 00:32:05.805","availableEndTime":"2026-10-07 17:12:05.805"}
{"availableBeginTime":"2026-10-07 00:32:05.805","availableEndTime":"2026-10-07 17:12:05.805"}
{"availableBeginTime":"2026-10-07 00:32:05.805","availableEndTime":"2026-10-07 17:12:05.805"}
{"availableBeginTime":"2026-10-07 00:32:05.805","availableEndTime":"2026-10-07 17:12:05.805"}
{"availableBeginTime":"2026-10-07 00:32:05.805","availableEndTime":"2026-10-07 17:12:05.805"}
{"availableBeginTime":"2026-10-07 00:32:05.805","availableEndTime":"2026-10-07 17:12:05.805"}
{"availableBeginTime":"2026-10-07 00:32:05.805","availableEndTime":"2026-10-07 17:12:05.805"}
{"availableBeginTime":"2026-10-07 00:32:05.805","availableEndTime":"2026-10-07 17:12:05.805"}
{"availableBeginTime":"2026-10-07 00:32:05.805","availableEndTime":"2026-10-07 17:12:05.805"}
{"availableBeginTime":"2026-10-07 00:32:05.805","availableEndTime":"2026-10-07 17:12:05.805"}
{"availableBeginTime":"2026-10-07 00:32:05.805","availableEndTime":"2026-10-07 17:12:05.805"}
{"availableBeginTime":"2026-10-07 00:32:05.805","availableEndTime":"2026-10-07 17:12:05.805"}
{"availableBeginTime":"2026-10-07 00:32:05.805","availableEndTime":"2026-10-07 17:12:05.805"}
{"availableBeginTime":"2026-10-07 00:32:05.806","availableEndTime":"2026-10-07 17:12:05.806"}
{"availableBeginTime":"2026-10-07 00:32:05.806","availableEndTime":"2026-10-07 17:12:05.806"}
{"availableBeginTime":"2026-10-07 00:32:05.806","availableEndTime":"2026-10-07 17:12:05.806"}
{"availableBeginTime":"2026-10-07 00:32:05.806","availableEndTime":"2026-10-07 17:12:05.806"}
{"availableBeginTime":"2026-10-07 00:32:05.806","availableEndTime":"2026-10-07 17:12:05.806"}
{"availableBeginTime":"2026-10-07 00:32:05.806","availableEndTime":"2026-10-07 17:12:05.806"}
{"availableBeginTime":"2026-10-07 00:32:05.806","availableEndTime":"2026-10-07 17:12:05.806"}
{"availableBeginTime":"2026-10-07 00:32:05.806","availableEndTime":"2026-10-07 17:12:05.806"}
{"availableBeginTime":"2026-10-07 00:32:05.806","availableEndTime":"2026-10-07 17:12:05.806"}
{"availableBeginTime":"2026-10-07 00:32:05.806","availableEndTime":"2026-10-07 17:12:05.806"}
{"availableBeginTime":"2026-10-07 00:32:05.806","availableEndTime":"2026-10-07 17:12:05.806"}
{"availableBeginTime":"2026-10-07 00:32:05.806","availableEndTime":"2026-10-07 17:12:05.806"}
{"availableBeginTime":"2026-10-07 00:32:05.806","availableEndTime":"2026-10-07 17:12:05.806"}
{"availableBeginTime":"2026-10-07 00:32:05.806","availableEndTime":"2026-10-07 17:12:05.806"}
{"availableBeginTime":"2026-10-07 00:32:05.806","availableEndTime":"2026-10-07 17:12:05.806"}
{"availableBeginTime":"2026-10-07 00:32:05.806","availableEndTime":"2026-10-07 17:12:05.806"}
{"availableBeginTime":"2026-10-07 00:32:05.806","availableEndTime":"2026-10-07 17:12:05.806"}
{"availableBeginTime":"2026-10-07 00:32:05.806","availableEndTime":"2026-10-07 17:12:05.806"}
{"availableBeginTime":"2026-10-07 00:32:05.806","availableEndTime":"2026-10-07 17:12:05.806"}
{"availableBeginTime":"2026-10-07 00:32:05.806","availableEndTime":"2026-10-07 17:12:05.806"}
{"availableBeginTime":"2026-10-07 00:32:05.806","availableEndTime":"2026-10-07 17:12:05.806"}
{"availableBeginTime":"2026-10-07 00:32:05.806","availableEndTime":"2026-10-07 17:12:05.806"}
{"availableBeginTime":"2026-10-07 00:32:05.806","availableEndTime":"2026-10-07 17:12:05.806"}
{"availableBeginTime":"2026-10-07 00:32:05.806","availableEndTime":"2026-10-07 17:12:05.806"}
{"availableBeginTime":"2026-10-07 00:32:05.806","availableEndTime":"2026-10-07 17:12:05.806"}
{"availableBeginTime":"2026-10-07 00:32:05.806","availableEndTime":"2026-10-07 17:12:05.806"}
{"availableBeginTime":"2026-10-07 00:32:05.806","availableEndTime":"2026-10-07 17:12:05.806"}
{"availableBeginTime":"2026-10-07 00:32:05.806","availableEndTime":"2026-10-07 17:12:05.806"}
{"availableBeginTime":"2026-10-07 00:32:05.806","availableEndTime":"2026-10-07 17:12:05.806"}
{"availableBeginTime":"2026-10-07 00:32:05.806","availableEndTime":"2026-10-07 17:12:05.806"}
{"availableBeginTime":"2026-10-07 00:32:05.806","availableEndTime":"2026-10-07 17:12:05.806"}
{"availableBeginTime":"2026-10-07 00:32:05.806","availableEndTime":"2026-10-07 17:12:05.806"}
{"availableBeginTime":"2026-10-07 00:32:05.806","availableEndTime":"2026-10-07 17:12:05.806"}
{"availableBeginTime":"2026-10-07 00:32:05.806","availableEndTime":"2026-10-07 17:12:05.806"}
{"availableBeginTime":"2026-10-07 00:32:05.806","availableEndTime":"2026-10-07 17:12:05.806"}
{"availableBeginTime":"2026-10-07 00:32:05.806","availableEndTime":"2026-10-07 17:12:05.806"}
{"availableBeginTime":"2026-10-07 00:32:05.806","availableEndTime":"2026-10-07 17:12:05.806"}
{"availableBeginTime":"2026-10-07 00:32:05.806","availableEndTime":"2026-10-07 17:12:05.806"}
{"availableBeginTime":"2026-10-07 00:32:05.806","availableEndTime":"2026-10-07 17:12:05.806"}
{"availableBeginTime":"2026-10-07 00:32:05.806","availableEndTime":"2026-10-07 17:12:05.806"}
{"availableBeginTime":"2026-10-07 00:32:05.806","availableEndTime":"2026-10-07 17:12:05.806"}
{"availableBeginTime":"2026-10-07 00:32:05.806","availableEndTime":"2026-10-07 17:12:05.806"}
{"availableBeginTime":"2026-10-07 00:32:05.806","availableEndTime":"2026-10-07 17:12:05.806"}
{"availableBeginTime":"2026-10-07 00:32:05.806","availableEndTime":"2026-10-07 17:12:05.806"}
{"availableBeginTime":"2026-10-07 00:32:05.806","availableEndTime":"2026-10-07 17:12:05.806"}
{"availableBeginTime":"2026-10-07 00:32:05.806","availableEndTime":"2026-10-07 17:12:05.806"}
{"availableBeginTime":"2026-10-07 00:32:05.806","availableEndTime":"2026-10-07 17:12:05.806"}
{"availableBeginTime":"2026-10-07 00:32:05.806","availableEndTime":"2026-10-07 17:12:05.806"}
{"availableBeginTime":"2026-10-07 00:32:05.806","availableEndTime":"2026-10-07 17:12:05.806"}
{"availableBeginTime":"2026-10-07 00:32:05.806","availableEndTime":"2026-10-07 17:12:05.806"}
{"availableBeginTime":"2026-10-07 00:32:05.806","availableEndTime":"2026-10-07 17:12:05.806"}
{"availableBeginTime":"2026-10-07 00:32:05.806","availableEndTime":"2026-10-07 17:12:05.806"}
{"availableBeginTime":"2026-10-07 00:32:05.806","availableEndTime":"2026-10-07 17:12:05.806"}
{"availableBeginTime":"2026-10-07 00:32:05.806","availableEndTime":"2026-10-07 17:12:05.806"}
{"availableBeginTime":"2026-10-07 00:32:05.806","availableEndTime":"2026-10-07 17:12:05.806"}
{"availableBeginTime":"2026-10-07 00:32:05.806","availableEndTime":"2026-10-07 17:12:05.806"}
{"availableBeginTime":"2026-10-07 00:32:05.806","availableEndTime":"2026-10-07 17:12:05.806"}
{"availableBeginTime":"2026-10-07 00:32:05.806","availableEndTime":"2026-10-07 17:12:05.806"}
{"availableBeginTime":"2026-10-07 00:32:05.806","availableEndTime":"2026-10-07 17:12:05.806"}
{"availableBeginTime":"2026-10-07 00:32:05.806","availableEndTime":"2026-10-07 17:12:05.806"}
{"availableBeginTime":"2026-10-07 00:32:05.806","availableEndTime":"2026-10-07 17:12:05.806"}
{"availableBeginTime":"2026-10-07 00:32:05.806","availableEndTime":"2026-10-07 17:12:05.806"}
{"availableBeginTime":"2026-10-07 00:32:05.806","availableEndTime":"2026-10-07 17:12:05.806"}
{"availableBeginTime":"2026-10-07 00:32:05.806","availableEndTime":"2026-10-07 17:12:05.806"}
{"availableBeginTime":"2026-10-07 00:32:05.806","availableEndTime":"2026-10-07 17:12:05.806"}
{"availableBeginTime":"2026-10-07 00:32:05.806","availableEndTime":"2026-10-07 17:12:05.806"}
{"availableBeginTime":"2026-10-07 00:32:05.806","availableEndTime":"2026-10-07 17:12:05.806"}
{"availableBeginTime":"2026-10-07 00:32:05.806","availableEndTime":"2026-10-07 17:12:05.806"}
{"availableBeginTime":"2026-10-07 00:32:05.806","availableEndTime":"2026-10-07 17:12:05.806"}
{"availableBeginTime":"2026-10-07 00:32:05.806","availableEndTime":"2026-10-07 17:12:05.806"}
{"availableBeginTime":"2026-10-07 00:32:05.806","availableEndTime":"2026-10-07 17:12:05.806"}
{"availableBeginTime":"2026-10-07 00:32:05.806","availableEndTime":"2026-10-07 17:12:05.806"}
{"availableBeginTime":"2026-10-07 00:32:05.806","availableEndTime":"2026-10-07 17:12:05.806"}
{"availableBeginTime":"2026-10-07 00:32:05.806","availableEndTime":"2026-10-07 17:12:05.806"}
{"availableBeginTime":"2026-10-07 00:32:05.806","availableEndTime":"2026-10-07 17:12:05.806"}
{"availableBeginTime":"2026-10-07 00:32:05.806","availableEndTime":"2026-10-07 17:12:05.806"}
{"availableBeginTime":"2026-10-07 00:32:05.806","availableEndTime":"2026-10-07 17:12:05.806"}
{"availableBeginTime":"2026-10-07 00:32:05.806","availableEndTime":"2026-10-07 17:12:05.806"}
{"availableBeginTime":"2026-10-07 00:32:05.806","availableEndTime":"2026-10-07 17:12:05.806"}
{"availableBeginTime":"2026-10-07 00:32:05.806","availableEndTime":"2026-10-07 17:12:05.806"}
{"availableBeginTime":"2026-10-07 00:32:05.806","availableEndTime":"2026-10-07 17:12:05.806"}
{"availableBeginTime":"2026-10-07 00:32:05.806","availableEndTime":"2026-10-07 17:12:05.806"}
{"availableBeginTime":"2026-10-07 00:32:05.806","availableEndTime":"2026-10-07 17:12:05.806"}
{"availableBeginTime":"2026-10-07 00:32:05.806","availableEndTime":"2026-10-07 17:12:05.806"}
{"availableBeginTime":"2026-10-07 00:32:05.806","availableEndTime":"2026-10-07 17:12:05.806"}
{"availableBeginTime":"2026-10-07 00:32:05.806","availableEndTime":"2026-10-07 17:12:05.806"}
{"availableBeginTime":"2026-10-07 00:32:05.806","availableEndTime":"2026-10-07 17:12:05.806"}
{"availableBeginTime":"2026-10-07 00:32:05.806","availableEndTime":"2026-10-07 17:12:05.806"}
{"availableBeginTime":"2026-10-07 00:32:05.806","availableEndTime":"2026-10-07 17:12:05.806"}
{"availableBeginTime":"2026-10-07 00:32:05.806","availableEndTime":"2026-10-07 17:12:05.806"}
{"availableBeginTime":"2026-10-07 00:32:05.806","availableEndTime":"2026-10-07 17:12:05.806"}
{"availableBeginTime":"2026-10-07 00:32:05.806","availableEndTime":"2026-10-07 17:12:05.806"}
{"availableBeginTime":"2026-10-07 00:32:05.806","availableEndTime":"2026-10-07 17:12:05.806"}
{"availableBeginTime":"2026-10-07 00:32:05.806","availableEndTime":"2026-10-07 17:12:05.806"}
{"availableBeginTime":"2026-10-07 00:32:05.806","availableEndTime":"2026-10-07 17:12:05.806"}
{"availableBeginTime":"2026-10-07 00:32:05.806","availableEndTime":"2026-10-07 17:12:05.806"}
{"availableBeginTime":"2026-10-07 00:32:05.806","availableEndTime":"2026-10-07 17:12:05.806"}
{"availableBeginTime":"2026-10-07 00:32:05.806","availableEndTime":"2026-10-07 17:12:05.806"}
{"availableBeginTime":"2026-10-07 00:32:05.806","availableEndTime":"2026-10-07 17:12:05.806"}
{"availableBeginTime":"2026-10-07 00:32:05.806","availableEndTime":"2026-10-07 17:12:05.806"}
{"availableBeginTime":"2026-10-07 00:32:05.806","availableEndTime":"2026-10-07 17:12:05.806"}
{"availableBeginTime":"2026-10-07 00:32:05.806","availableEndTime":"2026-10-07 17:12:05.806"}
{"availableBeginTime":"2026-10-07 00:32:05.806","availableEndTime":"2026-10-07 17:12:05.806"}
{"availableBeginTime":"2026-10-07 00:32:05.806","availableEndTime":"2026-10-07 17:12:05.806"}
{"availableBeginTime":"2026-10-07 00:32:05.806","availableEndTime":"2026-10-07 17:12:05.806"}
{"availableBeginTime":"2026-10-07 00:32:05.806","availableEndTime":"2026-10-07 17:12:05.806"}
{"availableBeginTime":"2026-10-07 00:32:05.806","availableEndTime":"2026-10-07 17:12:05.806"}
{"availableBeginTime":"2026-10-07 00:32:05.806","availableEndTime":"2026-10-07 17:12:05.806"}
{"availableBeginTime":"2026-10-07 00:32:05.806","availableEndTime":"2026-10-07 17:12:05.806"}
{"availableBeginTime":"2026-10-07 00:32:05.806","availableEndTime":"2026-10-07 17:12:05.806"}
{"availableBeginTime":"2026-10-07 00:32:05.806","availableEndTime":"2026-10-07 17:12:05.806"}
{"availableBeginTime":"2026-10-07 00:32:05.806","availableEndTime":"2026-10-07 17:12:05.806"}
{"availableBeginTime":"2026-10-07 00:32:05.806","availableEndTime":"2026-10-07 17:12:05.806"}
{"availableBeginTime":"2026-10-07 00:32:05.806","availableEndTime":"2026-10-07 17:12:05.806"}
{"availableBeginTime":"2026-10-07 00:32:05.806","availableEndTime":"2026-10-07 17:12:05.806"}
{"availableBeginTime":"2026-10-07 00:32:05.806","availableEndTime":"2026-10-07 17:12:05.806"}
{"availableBeginTime":"2026-10-07 00:32:05.806","availableEndTime":"2026-10-07 17:12:05.806"}
{"availableBeginTime":"2026-10-07 00:32:05.806","availableEndTime":"2026-10-07 17:12:05.806"}
{"availableBeginTime":"2026-10-07 00:32:05.806","availableEndTime":"2026-10-07 17:12:05.806"}
{"availableBeginTime":"2026-10-07 00:32:05.806","availableEndTime":"2026-10-07 17:12:05.806"}
{"availableBeginTime":"2026-10-07 00:32:05.806","availableEndTime":"2026-10-07 17:12:05.806"}
{"availableBeginTime":"2026-10-07 00:32:05.806","availableEndTime":"2026-10-07 17:12:05.806"}
{"availableBeginTime":"2026-10-07 00:32:05.806","availableEndTime":"2026-10-07 17:12:05.806"}
{"availableBeginTime":"2026-10-07 00:32:05.806","availableEndTime":"2026-10-07 17:12:05.806"}
{"availableBeginTime":"2026-10-07 00:32:05.806","availableEndTime":"2026-10-07 17:12:05.806"}
{"availableBeginTime":"2026-10-07 00:32:05.806","availableEndTime":"2026-10-07 17:12:05.806"}
{"availableBeginTime":"2026-10-07 00:32:05.806","availableEndTime":"2026-10-07 17:12:05.806"}
{"availableBeginTime":"2026-10-07 00:32:05.806","availableEndTime":"2026-10-07 17:12:05.806"}
{"availableBeginTime":"2026-10-07 00:32:05.806","availableEndTime":"2026-10-07 17:12:05.806"}
{"availableBeginTime":"2026-10-07 00:32:05.806","availableEndTime":"2026-10-07 17:12:05.806"}
{"availableBeginTime":"2026-10-07 00:32:05.806","availableEndTime":"2026-10-07 17:12:05.806"}
{"availableBeginTime":"2026-10-07 00:32:05.806","availableEndTime":"2026-10-07 17:12:05.806"}
{"availableBeginTime":"2026-10-07 00:32:05.806","availableEndTime":"2026-10-07 17:12:05.806"}
{"availableBeginTime":"2026-10-07 00:32:05.806","availableEndTime":"2026-10-07 17:12:05.806"}
{"availableBeginTime":"2026-10-07 00:32:05.806","availableEndTime":"2026-10-07 17:12:05.806"}
{"availableBeginTime":"2026-10-07 00:32:05.806","availableEndTime":"2026-10-07 17:12:05.806"}
{"availableBeginTime":"2026-10-07 00:32:05.806","availableEndTime":"2026-10-07 17:12:05.806"}
{"availableBeginTime":"2026-10-07 00:32:05.806","availableEndTime":"2026-10-07 17:12:05.806"}
{"availableBeginTime":"2026-10-07 00:32:05.806","availableEndTime":"2026-10-07 17:12:05.806"}
{"availableBeginTime":"2026-10-07 00:32:05.806","availableEndTime":"2026-10-07 17:12:05.806"}
{"availableBeginTime":"2026-10-07 00:32:05.806","availableEndTime":"2026-10-07 17:12:05.806"}
{"availableBeginTime":"2026-10-07 00:32:05.806","availableEndTime":"2026-10-07 17:12:05.806"}
{"availableBeginTime":"2026-10-07 00:32:05.806","availableEndTime":"2026-10-07 17:12:05.806"}
{"availableBeginTime":"2026-10-07 00:32:05.806","availableEndTime":"2026-10-07 17:12:05.806"}
{"availableBeginTime":"2026-10-07 00:32:05.806","availableEndTime":"2026-10-07 17:12:05.806"}
{"availableBeginTime":"2026-10-07 00:32:05.806","availableEndTime":"2026-10-07 17:12:05.806"}
{"availableBeginTime":"2026-10-07 00:32:05.806","availableEndTime":"2026-10-07 17:12:05.806"}
{"availableBeginTime":"2026-10-07 00:32:05.806","availableEndTime":"2026-10-07 17:12:05.806"}
{"availableBeginTime":"2026-10-07 00:32:05.806","availableEndTime":"2026-10-07 17:12:05.806"}
{"availableBeginTime":"2026-10-07 00:32:05.806","availableEndTime":"2026-10-07 17:12:05.806"}
{"availableBeginTime":"2026-10-07 00:32:05.806","availableEndTime":"2026-10-07 17:12:05.806"}
{"availableBeginTime":"2026-10-07 00:32:05.806","availableEndTime":"2026-10-07 17:12:05.806"}
{"availableBeginTime":"2026-10-07 00:32:05.806","availableEndTime":"2026-10-07 17:12:05.806"}
{"availableBeginTime":"2026-10-07 00:32:05.806","availableEndTime":"2026-10-07 17:12:05.806"}
{"availableBeginTime":"2026-10-07 00:32:05.806","availableEndTime":"2026-10-07 17:12:05.806"}
{"availableBeginTime":"2026-10-07 00:32:05.806","availableEndTime":"2026-10-07 17:12:05.806"}
{"availableBeginTime":"2026-10-07 00:32:05.806","availableEndTime":"2026-10-07 17:12:05.806"}
{"availableBeginTime":"2026-10-07 00:32:05.806","availableEndTime":"2026-10-07 17:12:05.806"}
{"availableBeginTime":"2026-10-07 00:32:05.806","availableEndTime":"2026-10-07 17:12:05.806"}
{"availableBeginTime":"2026-10-07 00:32:05.806","availableEndTime":"2026-10-07 17:12:05.806"}
{"availableBeginTime":"2026-10-07 00:32:05.806","availableEndTime":"2026-10-07 17:12:05.806"}
{"availableBeginTime":"2026-10-07 00:32:05.806","availableEndTime":"2026-10-07 17:12:05.806"}
{"availableBeginTime":"2026-10-07 00:32:05.806","availableEndTime":"2026-10-07 17:12:05.806"}
{"availableBeginTime":"2026-10-07 00:32:05.806","availableEndTime":"2026-10-07 17:12:05.806"}
{"availableBeginTime":"2026-10-07 00:32:05.806","availableEndTime":"2026-10-07 17:12:05.806"}
{"availableBeginTime":"2026-10-07 00:32:05.806","availableEndTime":"2026-10-07 17:12:05.806"}
{"availableBeginTime":"2026-10-07 00:32:05.806","availableEndTime":"2026-10-07 17:12:05.806"}
{"availableBeginTime":"2026-10-07 00:32:05.806","availableEndTime":"2026-10-07 17:12:05.806"}
{"availableBeginTime":"2026-10-07 00:32:05.806","availableEndTime":"2026-10-07 17:12:05.806"}
{"availableBeginTime":"2026-10-07 00:32:05.806","availableEndTime":"2026-10-07 17:12:05.806"}
{"availableBeginTime":"2026-10-07 00:32:05.806","availableEndTime":"2026-10-07 17:12:05.806"}
{"availableBeginTime":"2026-10-07 00:32:05.806","availableEndTime":"2026-10-07 17:12:05.806"}
{"availableBeginTime":"2026-10-07 00:32:05.806","availableEndTime":"2026-10-07 17:12:05.806"}
{"availableBeginTime":"2026-10-07 00:32:05.806","availableEndTime":"2026-10-07 17:12:05.806"}
{"availableBeginTime":"2026-10-07 00:32:05.806","availableEndTime":"2026-10-07 17:12:05.806"}
{"availableBeginTime":"2026-10-07 00:32:05.806","availableEndTime":"2026-10-07 17:12:05.806"}
{"availableBeginTime":"2026-10-07 00:32:05.806","availableEndTime":"2026-10-07 17:12:05.806"}
{"availableBeginTime":"2026-10-07 00:32:05.806","availableEndTime":"2026-10-07 17:12:05.806"}
{"availableBeginTime":"2026-10-07 00:32:05.806","availableEndTime":"2026-10-07 17:12:05.806"}
{"availableBeginTime":"2026-10-07 00:32:05.806","availableEndTime":"2026-10-07 17:12:05.806"}
{"availableBeginTime":"2026-10-07 00:32:05.806","availableEndTime":"2026-10-07 17:12:05.806"}
{"availableBeginTime":"2026-10-07 00:32:05.806","availableEndTime":"2026-10-07 17:12:05.806"}
{"availableBeginTime":"2026-10-07 00:32:05.806","availableEndTime":"2026-10-07 17:12:05.806"}
{"availableBeginTime":"2026-10-07 00:32:05.806","availableEndTime":"2026-10-07 17:12:05.806"}
{"availableBeginTime":"2026-10-07 00:32:05.806","availableEndTime":"2026-10-07 17:12:05.806"}
{"availableBeginTime":"2026-10-07 00:32:05.806","availableEndTime":"2026-10-07 17:12:05.806"}
{"availableBeginTime":"2026-10-07 00:32:05.806","availableEndTime":"2026-10-07 17:12:05.806"}
{"availableBeginTime":"2026-10-07 00:32:05.806","availableEndTime":"2026-10-07 17:12:05.806"}
{"availableBeginTime":"2026-10-07 00:32:05.806","availableEndTime":"2026-10-07 17:12:05.806"}
{"availableBeginTime":"2026-10-07 00:32:05.806","availableEndTime":"2026-10-07 17:12:05.806"}
{"availableBeginTime":"2026-10-07 00:32:05.806","availableEndTime":"2026-10-07 17:12:05.806"}
{"availableBeginTime":"2026-10-07 00:32:05.806","availableEndTime":"2026-10-07 17:12:05.806"}
{"availableBeginTime":"2026-10-07 00:32:05.806","availableEndTime":"2026-10-07 17:12:05.806"}
{"availableBeginTime":"2026-10-07 00:32:05.806","availableEndTime":"2026-10-07 17:12:05.806"}
{"availableBeginTime":"2026-10-07 00:32:05.806","availableEndTime":"2026-10-07 17:12:05.806"}
{"availableBeginTime":"2026-10-07 00:32:05.806","availableEndTime":"2026-10-07 17:12:05.806"}
{"availableBeginTime":"2026-10-07 00:32:05.806","availableEndTime":"2026-10-07 17:12:05.806"}
{"availableBeginTime":"2026-10-07 00:32:05.806","availableEndTime":"2026-10-07 17:12:05.806"}
{"availableBeginTime":"2026-10-07 00:32:05.806","availableEndTime":"2026-10-07 17:12:05.806"}
{"availableBeginTime":"2026-10-07 00:32:05.806","availableEndTime":"2026-10-07 17:12:05.806"}
{"availableBeginTime":"2026-10-07 00:32:05.806","availableEndTime":"2026-10-07 17:12:05.806"}
{"availableBeginTime":"2026-10-07 00:32:05.806","availableEndTime":"2026-10-07 17:12:05.806"}
{"availableBeginTime":"2026-10-07 00:32:05.806","availableEndTime":"2026-10-07 17:12:05.806"}
{"availableBeginTime":"2026-10-07 00:32:05.806","availableEndTime":"2026-10-07 17:12:05.806"}
{"availableBeginTime":"2026-10-07 00:32:05.806","availableEndTime":"2026-10-07 17:12:05.806"}
{"availableBeginTime":"2026-10-07 00:32:05.806","availableEndTime":"2026-10-07 17:12:05.806"}
{"availableBeginTime":"2026-10-07 00:32:05.806","availableEndTime":"2026-10-07 17:12:05.806"}
{"availableBeginTime":"2026-10-07 00:32:05.806","availableEndTime":"2026-10-07 17:12:05.806"}
{"availableBeginTime":"2026-10-07 00:32:05.806","availableEndTime":"2026-10-07 17:12:05.806"}
{"availableBeginTime":"2026-10-07 00:32:05.806","availableEndTime":"2026-10-07 17:12:05.806"}
{"availableBeginTime":"2026-10-07 00:32:05.806","availableEndTime":"2026-10-07 17:12:05.806"}
{"availableBeginTime":"2026-10-07 00:32:05.806","availableEndTime":"2026-10-07 17:12:05.806"}
{"availableBeginTime":"2026-10-07 00:32:05.806","availableEndTime":"2026-10-07 17:12:05.806"}
{"availableBeginTime":"2026-10-07 00:32:05.806","availableEndTime":"2026-10-07 17:12:05.806"}
{"availableBeginTime":"2026-10-07 00:32:05.806","availableEndTime":"2026-10-07 17:12:05.806"}
{"availableBeginTime":"2026-10-07 00:32:05.806","availableEndTime":"2026-10-07 17:12:05.806"}
{"availableBeginTime":"2026-10-07 00:32:05.806","availableEndTime":"2026-10-07 17:12:05.806"}
{"availableBeginTime":"2026-10-07 00:32:05.806","availableEndTime":"2026-10-07 17:12:05.806"}
{"availableBeginTime":"2026-10-07 00:32:05.806","availableEndTime":"2026-10-07 17:12:05.806"}
{"availableBeginTime":"2026-10-07 00:32:05.806","availableEndTime":"2026-10-07 17:12:05.806"}
{"availableBeginTime":"2026-10-07 00:32:05.806","availableEndTime":"2026-10-07 17:12:05.806"}
{"availableBeginTime":"2026-10-07 00:32:05.806","availableEndTime":"2026-10-07 17:12:05.806"}
{"availableBeginTime":"2026-10-07 00:32:05.806","availableEndTime":"2026-10-07 17:12:05.806"}
{"availableBeginTime":"2026-10-07 00:32:05.806","availableEndTime":"2026-10-07 17:12:05.806"}
{"availableBeginTime":"2026-10-07 00:32:05.806","availableEndTime":"2026-10-07 17:12:05.806"}
{"availableBeginTime":"2026-10-07 00:32:05.806","availableEndTime":"2026-10-07 17:12:05.806"}
{"availableBeginTime":"2026-10-07 00:32:05.806","availableEndTime":"2026-10-07 17:12:05.806"}
{"availableBeginTime":"2026-10-07 00:32:05.806","availableEndTime":"2026-10-07 17:12:05.806"}
{"availableBeginTime":"2026-10-07 00:32:05.806","availableEndTime":"2026-10-07 17:12:05.806"}
{"availableBeginTime":"2026-10-07 00:32:05.806","availableEndTime":"2026-10-07 17:12:05.806"}
{"availableBeginTime":"2026-10-07 00:32:05.806","availableEndTime":"2026-10-07 17:12:05.806"}
{"availableBeginTime":"2026-10-07 00:32:05.806","availableEndTime":"2026-10-07 17:12:05.806"}
{"availableBeginTime":"2026-10-07 00:32:05.806","availableEndTime":"2026-10-07 17:12:05.806"}
{"availableBeginTime":"2026-10-07 00:32:05.806","availableEndTime":"2026-10-07 17:12:05.806"}
{"availableBeginTime":"2026-10-07 00:32:05.806","availableEndTime":"2026-10-07 17:12:05.806"}
{"availableBeginTime":"2026-10-07 00:32:05.806","availableEndTime":"2026-10-07 17:12:05.806"}
{"availableBeginTime":"2026-10-07 00:32:05.806","availableEndTime":"2026-10-07 17:12:05.806"}
{"availableBeginTime":"2026-10-07 00:32:05.806","availableEndTime":"2026-10-07 17:12:05.806"}
{"availableBeginTime":"2026-10-07 00:32:05.806","availableEndTime":"2026-10-07 17:12:05.806"}
{"availableBeginTime":"2026-10-07 00:32:05.806","availableEndTime":"2026-10-07 17:12:05.806"}
{"availableBeginTime":"2026-10-07 00:32:05.806","availableEndTime":"2026-10-07 17:12:05.806"}
{"availableBeginTime":"2026-10-07 00:32:05.806","availableEndTime":"2026-10-07 17:12:05.806"}
{"availableBeginTime":"2026-10-07 00:32:05.806","availableEndTime":"2026-10-07 17:12:05.806"}
{"availableBeginTime":"2026-10-07 00:32:05.806","availableEndTime":"2026-10-07 17:12:05.806"}
{"availableBeginTime":"2026-10-07 00:32:05.806","availableEndTime":"2026-10-07 17:12:05.806"}
{"availableBeginTime":"2026-10-07 00:32:05.806","availableEndTime":"2026-10-07 17:12:05.806"}
{"availableBeginTime":"2026-10-07 00:32:05.806","availableEndTime":"2026-10-07 17:12:05.806"}
{"availableBeginTime":"2026-10-07 00:32:05.806","availableEndTime":"2026-10-07 17:12:05.806"}
{"availableBeginTime":"2026-10-07 00:32:05.806","availableEndTime":"2026-10-07 17:12:05.806"}
{"availableBeginTime":"2026-10-07 00:32:05.806","availableEndTime":"2026-10-07 17:12:05.806"}
{"availableBeginTime":"2026-10-07 00:32:05.807","availableEndTime":"2026-10-07 17:12:05.807"}
{"availableBeginTime":"2026-10-07 00:32:05.807","availableEndTime":"2026-10-07 17:12:05.807"}
{"availableBeginTime":"2026-10-07 00:32:05.807","availableEndTime":"2026-10-07 17:12:05.807"}
{"availableBeginTime":"2026-10-07 00:32:05.807","availableEndTime":"2026-10-07 17:12:05.807"}
{"availableBeginTime":"2026-10-07 00:32:05.807","availableEndTime":"2026-10-07 17:12:05.807"}
{"availableBeginTime":"2026-10-07 00:32:05.807","availableEndTime":"2026-10-07 17:12:05.807"}
{"availableBeginTime":"2026-10-07 00:32:05.807","availableEndTime":"2026-10-07 17:12:05.807"}
{"availableBeginTime":"2026-10-07 00:32:05.807","availableEndTime":"2026-10-07 17:12:05.807"}
{"availableBeginTime":"2026-10-07 00:32:05.807","availableEndTime":"2026-10-07 17:12:05.807"}
{"availableBeginTime":"2026-10-07 00:32:05.807","availableEndTime":"2026-10-07 17:12:05.807"}
{"availableBeginTime":"2026-10-07 00:32:05.807","availableEndTime":"2026-10-07 17:12:05.807"}
{"availableBeginTime":"2026-10-07 00:32:05.807","availableEndTime":"2026-10-07 17:12:05.807"}
{"availableBeginTime":"2026-10-07 00:32:05.807","availableEndTime":"2026-10-07 17:12:05.807"}
{"availableBeginTime":"2026-10-07 00:32:05.807","availableEndTime":"2026-10-07 17:12:05.807"}
{"availableBeginTime":"2026-10-07 00:32:05.807","availableEndTime":"2026-10-07 17:12:05.807"}
{"availableBeginTime":"2026-10-07 00:32:05.807","availableEndTime":"2026-10-07 17:12:05.807"}
{"availableBeginTime":"2026-10-07 00:32:05.807","availableEndTime":"2026-10-07 17:12:05.807"}
{"availableBeginTime":"2026-10-07 00:32:05.807","availableEndTime":"2026-10-07 17:12:05.807"}
{"availableBeginTime":"2026-10-07 00:32:05.807","availableEndTime":"2026-10-07 17:12:05.807"}
{"availableBeginTime":"2026-10-07 00:32:05.807","availableEndTime":"2026-10-07 17:12:05.807"}
{"availableBeginTime":"2026-10-07 00:32:05.807","availableEndTime":"2026-10-07 17:12:05.807"}
{"availableBeginTime":"2026-10-07 00:32:05.807","availableEndTime":"2026-10-07 17:12:05.807"}
{"availableBeginTime":"2026-10-07 00:32:05.807","availableEndTime":"2026-10-07 17:12:05.807"}
{"availableBeginTime":"2026-10-07 00:32:05.807","availableEndTime":"2026-10-07 17:12:05.807"}
{"availableBeginTime":"2026-10-07 00:32:05.807","availableEndTime":"2026-10-07 17:12:05.807"}
{"availableBeginTime":"2026-10-07 00:32:05.807","availableEndTime":"2026-10-07 17:12:05.807"}
{"availableBeginTime":"2026-10-07 00:32:05.807","availableEndTime":"2026-10-07 17:12:05.807"}
{"availableBeginTime":"2026-10-07 00:32:05.807","availableEndTime":"2026-10-07 17:12:05.807"}
{"availableBeginTime":"2026-10-07 00:32:05.807","availableEndTime":"2026-10-07 17:12:05.807"}
{"availableBeginTime":"2026-10-07 00:32:05.807","availableEndTime":"2026-10-07 17:12:05.807"}
{"availableBeginTime":"2026-10-07 00:32:05.807","availableEndTime":"2026-10-07 17:12:05.807"}
{"availableBeginTime":"2026-10-07 00:32:05.807","availableEndTime":"2026-10-07 17:12:05.807"}
{"availableBeginTime":"2026-10-07 00:32:05.807","availableEndTime":"2026-10-07 17:12:05.807"}
{"availableBeginTime":"2026-10-07 00:32:05.807","availableEndTime":"2026-10-07 17:12:05.807"}
{"availableBeginTime":"2026-10-07 00:32:05.807","availableEndTime":"2026-10-07 17:12:05.807"}
{"availableBeginTime":"2026-10-07 00:32:05.807","availableEndTime":"2026-10-07 17:12:05.807"}
{"availableBeginTime":"2026-10-07 00:32:05.807","availableEndTime":"2026-10-07 17:12:05.807"}
{"availableBeginTime":"2026-10-07 00:32:05.807","availableEndTime":"2026-10-07 17:12:05.807"}
{"availableBeginTime":"2026-10-07 00:32:05.807","availableEndTime":"2026-10-07 17:12:05.807"}
{"availableBeginTime":"2026-10-07 00:32:05.807","availableEndTime":"2026-10-07 17:12:05.807"}
{"availableBeginTime":"2026-10-07 00:32:05.807","availableEndTime":"2026-10-07 17:12:05.807"}
{"availableBeginTime":"2026-10-07 00:32:05.807","availableEndTime":"2026-10-07 17:12:05.807"}
{"availableBeginTime":"2026-10-07 00:32:05.807","availableEndTime":"2026-10-07 17:12:05.807"}
{"availableBeginTime":"2026-10-07 00:32:05.807","availableEndTime":"2026-10-07 17:12:05.807"}
{"availableBeginTime":"2026-10-07 00:32:05.807","availableEndTime":"2026-10-07 17:12:05.807"}
{"availableBeginTime":"2026-10-07 00:32:05.807","availableEndTime":"2026-10-07 17:12:05.807"}
{"availableBeginTime":"2026-10-07 00:32:05.807","availableEndTime":"2026-10-07 17:12:05.807"}
{"availableBeginTime":"2026-10-07 00:32:05.807","availableEndTime":"2026-10-07 17:12:05.807"}
{"availableBeginTime":"2026-10-07 00:32:05.807","availableEndTime":"2026-10-07 17:12:05.807"}
{"availableBeginTime":"2026-10-07 00:32:05.807","availableEndTime":"2026-10-07 17:12:05.807"}
{"availableBeginTime":"2026-10-07 00:32:05.807","availableEndTime":"2026-10-07 17:12:05.807"}
{"availableBeginTime":"2026-10-07 00:32:05.807","availableEndTime":"2026-10-07 17:12:05.807"}
{"availableBeginTime":"2026-10-07 00:32:05.807","availableEndTime":"2026-10-07 17:12:05.807"}
{"availableBeginTime":"2026-10-07 00:32:05.807","availableEndTime":"2026-10-07 17:12:05.807"}
{"availableBeginTime":"2026-10-07 00:32:05.807","availableEndTime":"2026-10-07 17:12:05.807"}
{"availableBeginTime":"2026-10-07 00:32:05.807","availableEndTime":"2026-10-07 17:12:05.807"}
{"availableBeginTime":"2026-10-07 00:32:05.807","availableEndTime":"2026-10-07 17:12:05.807"}
{"availableBeginTime":"2026-10-07 00:32:05.807","availableEndTime":"2026-10-07 17:12:05.807"}
{"availableBeginTime":"2026-10-07 00:32:05.807","availableEndTime":"2026-10-07 17:12:05.807"}
{"availableBeginTime":"2026-10-07 00:32:05.807","availableEndTime":"2026-10-07 17:12:05.807"}
{"availableBeginTime":"2026-10-07 00:32:05.807","availableEndTime":"2026-10-07 17:12:05.807"}
{"availableBeginTime":"2026-10-07 00:32:05.807","availableEndTime":"2026-10-07 17:12:05.807"}
{"availableBeginTime":"2026-10-07 00:32:05.807","availableEndTime":"2026-10-07 17:12:05.807"}
{"availableBeginTime":"2026-10-07 00:32:05.807","availableEndTime":"2026-10-07 17:12:05.807"}
{"availableBeginTime":"2026-10-07 00:32:05.807","availableEndTime":"2026-10-07 17:12:05.807"}
{"availableBeginTime":"2026-10-07 00:32:05.807","availableEndTime":"2026-10-07 17:12:05.807"}
{"availableBeginTime":"2026-10-07 00:32:05.807","availableEndTime":"2026-10-07 17:12:05.807"}
{"availableBeginTime":"2026-10-07 00:32:05.807","availableEndTime":"2026-10-07 17:12:05.807"}
{"availableBeginTime":"2026-10-07 00:32:05.807","availableEndTime":"2026-10-07 17:12:05.807"}
{"availableBeginTime":"2026-10-07 00:32:05.807","availableEndTime":"2026-10-07 17:12:05.807"}
{"availableBeginTime":"2026-10-07 00:32:05.807","availableEndTime":"2026-10-07 17:12:05.807"}
{"availableBeginTime":"2026-10-07 00:32:05.807","availableEndTime":"2026-10-07 17:12:05.807"}
{"availableBeginTime":"2026-10-07 00:32:05.807","availableEndTime":"2026-10-07 17:12:05.807"}
{"availableBeginTime":"2026-10-07 00:32:05.807","availableEndTime":"2026-10-07 17:12:05.807"}
{"availableBeginTime":"2026-10-07 00:32:05.807","availableEndTime":"2026-10-07 17:12:05.807"}
{"availableBeginTime":"2026-10-07 00:32:05.807","availableEndTime":"2026-10-07 17:12:05.807"}
{"availableBeginTime":"2026-10-07 00:32:05.807","availableEndTime":"2026-10-07 17:12:05.807"}
{"availableBeginTime":"2026-10-07 00:32:05.807","availableEndTime":"2026-10-07 17:12:05.807"}
{"availableBeginTime":"2026-10-07 00:32:05.807","availableEndTime":"2026-10-07 17:12:05.807"}
{"availableBeginTime":"2026-10-07 00:32:05.807","availableEndTime":"2026-10-07 17:12:05.807"}
{"availableBeginTime":"2026-10-07 00:32:05.807","availableEndTime":"2026-10-07 17:12:05.807"}
{"availableBeginTime":"2026-10-07 00:32:05.807","availableEndTime":"2026-10-07 17:12:05.807"}
{"availableBeginTime":"2026-10-07 00:32:05.807","availableEndTime":"2026-10-07 17:12:05.807"}
{"availableBeginTime":"2026-10-07 00:32:05.807","availableEndTime":"2026-10-07 17:12:05.807"}
{"availableBeginTime":"2026-10-07 00:32:05.807","availableEndTime":"2026-10-07 17:12:05.807"}
{"availableBeginTime":"2026-10-07 00:32:05.807","availableEndTime":"2026-10-07 17:12:05.807"}
{"availableBeginTime":"2026-10-07 00:32:05.807","availableEndTime":"2026-10-07 17:12:05.807"}
{"availableBeginTime":"2026-10-07 00:32:05.807","availableEndTime":"2026-10-07 17:12:05.807"}
{"availableBeginTime":"2026-10-07 00:32:05.807","availableEndTime":"2026-10-07 17:12:05.807"}
{"availableBeginTime":"2026-10-07 00:32:05.807","availableEndTime":"2026-10-07 17:12:05.807"}
{"availableBeginTime":"2026-10-07 00:32:05.807","availableEndTime":"2026-10-07 17:12:05.807"}
{"availableBeginTime":"2026-10-07 00:32:05.807","availableEndTime":"2026-10-07 17:12:05.807"}
{"availableBeginTime":"2026-10-07 00:32:05.807","availableEndTime":"2026-10-07 17:12:05.807"}
{"availableBeginTime":"2026-10-07 00:32:05.807","availableEndTime":"2026-10-07 17:12:05.807"}
{"availableBeginTime":"2026-10-07 00:32:05.807","availableEndTime":"2026-10-07 17:12:05.807"}
{"availableBeginTime":"2026-10-07 00:32:05.807","availableEndTime":"2026-10-07 17:12:05.807"}
{"availableBeginTime":"2026-10-07 00:32:05.807","availableEndTime":"2026-10-07 17:12:05.807"}
{"availableBeginTime":"2026-10-07 00:32:05.807","availableEndTime":"2026-10-07 17:12:05.807"}
{"availableBeginTime":"2026-10-07 00:32:05.807","availableEndTime":"2026-10-07 17:12:05.807"}
{"availableBeginTime":"2026-10-07 00:32:05.807","availableEndTime":"2026-10-07 17:12:05.807"}
{"availableBeginTime":"2026-10-07 00:32:05.807","availableEndTime":"2026-10-07 17:12:05.807"}
{"availableBeginTime":"2026-10-07 00:32:05.807","availableEndTime":"2026-10-07 17:12:05.807"}
{"availableBeginTime":"2026-10-07 00:32:05.807","availableEndTime":"2026-10-07 17:12:05.807"}
{"availableBeginTime":"2026-10-07 00:32:05.807","availableEndTime":"2026-10-07 17:12:05.807"}
{"availableBeginTime":"2026-10-07 00:32:05.807","availableEndTime":"2026-10-07 17:12:05.807"}
{"availableBeginTime":"2026-10-07 00:32:05.807","availableEndTime":"2026-10-07 17:12:05.807"}
{"availableBeginTime":"2026-10-07 00:32:05.807","availableEndTime":"2026-10-07 17:12:05.807"}
{"availableBeginTime":"2026-10-07 00:32:05.807","availableEndTime":"2026-10-07 17:12:05.807"}
{"availableBeginTime":"2026-10-07 00:32:05.807","availableEndTime":"2026-10-07 17:12:05.807"}
{"availableBeginTime":"2026-10-07 00:32:05.807","availableEndTime":"2026-10-07 17:12:05.807"}
{"availableBeginTime":"2026-10-07 00:32:05.807","availableEndTime":"2026-10-07 17:12:05.807"}
{"availableBeginTime":"2026-10-07 00:32:05.807","availableEndTime":"2026-10-07 17:12:05.807"}
{"availableBeginTime":"2026-10-07 00:32:05.807","availableEndTime":"2026-10-07 17:12:05.807"}
{"availableBeginTime":"2026-10-07 00:32:05.807","availableEndTime":"2026-10-07 17:12:05.807"}
{"availableBeginTime":"2026-10-07 00:32:05.807","availableEndTime":"2026-10-07 17:12:05.807"}
{"availableBeginTime":"2026-10-07 00:32:05.807","availableEndTime":"2026-10-07 17:12:05.807"}
{"availableBeginTime":"2026-10-07 00:32:05.807","availableEndTime":"2026-10-07 17:12:05.807"}
{"availableBeginTime":"2026-10-07 00:32:05.807","availableEndTime":"2026-10-07 17:12:05.807"}
{"availableBeginTime":"2026-10-07 00:32:05.807","availableEndTime":"2026-10-07 17:12:05.807"}
{"availableBeginTime":"2026-10-07 00:32:05.807","availableEndTime":"2026-10-07 17:12:05.807"}
{"availableBeginTime":"2026-10-07 00:32:05.807","availableEndTime":"2026-10-07 17:12:05.807"}
{"availableBeginTime":"2026-10-07 00:32:05.807","availableEndTime":"2026-10-07 17:12:05.807"}
{"availableBeginTime":"2026-10-07 00:32:05.807","availableEndTime":"2026-10-07 17:12:05.807"}
{"availableBeginTime":"2026-10-07 00:32:05.807","availableEndTime":"2026-10-07 17:12:05.807"}
{"availableBeginTime":"2026-10-07 00:32:05.807","availableEndTime":"2026-10-07 17:12:05.807"}
{"availableBeginTime":"2026-10-07 00:32:05.807","availableEndTime":"2026-10-07 17:12:05.807"}
{"availableBeginTime":"2026-10-07 00:32:05.807","availableEndTime":"2026-10-07 17:12:05.807"}
{"availableBeginTime":"2026-10-07 00:32:05.807","availableEndTime":"2026-10-07 17:12:05.807"}
{"availableBeginTime":"2026-10-07 00:32:05.807","availableEndTime":"2026-10-07 17:12:05.807"}
{"availableBeginTime":"2026-10-07 00:32:05.807","availableEndTime":"2026-10-07 17:12:05.807"}
{"availableBeginTime":"2026-10-07 00:32:05.807","availableEndTime":"2026-10-07 17:12:05.807"}
{"availableBeginTime":"2026-10-07 00:32:05.807","availableEndTime":"2026-10-07 17:12:05.807"}
{"availableBeginTime":"2026-10-07 00:32:05.807","availableEndTime":"2026-10-07 17:12:05.807"}
{"availableBeginTime":"2026-10-07 00:32:05.807","availableEndTime":"2026-10-07 17:12:05.807"}
{"availableBeginTime":"2026-10-07 00:32:05.807","availableEndTime":"2026-10-07 17:12:05.807"}
{"availableBeginTime":"2026-10-07 00:32:05.807","availableEndTime":"2026-10-07 17:12:05.807"}
{"availableBeginTime":"2026-10-07 00:32:05.807","availableEndTime":"2026-10-07 17:12:05.807"}
{"availableBeginTime":"2026-10-07 00:32:05.807","availableEndTime":"2026-10-07 17:12:05.807"}
{"availableBeginTime":"2026-10-07 00:32:05.807","availableEndTime":"2026-10-07 17:12:05.807"}
{"availableBeginTime":"2026-10-07 00:32:05.807","availableEndTime":"2026-10-07 17:12:05.807"}
{"availableBeginTime":"2026-10-07 00:32:05.807","availableEndTime":"2026-10-07 17:12:05.807"}
{"availableBeginTime":"2026-10-07 00:32:05.807","availableEndTime":"2026-10-07 17:12:05.807"}
{"availableBeginTime":"2026-10-07 00:32:05.807","availableEndTime":"2026-10-07 17:12:05.807"}
{"availableBeginTime":"2026-10-07 00:32:05.807","availableEndTime":"2026-10-07 17:12:05.807"}
{"availableBeginTime":"2026-10-07 00:32:05.807","availableEndTime":"2026-10-07 17:12:05.807"}
{"availableBeginTime":"2026-10-07 00:32:05.807","availableEndTime":"2026-10-07 17:12:05.807"}
{"availableBeginTime":"2026-10-07 00:32:05.807","availableEndTime":"2026-10-07 17:12:05.807"}
{"availableBeginTime":"2026-10-07 00:32:05.807","availableEndTime":"2026-10-07 17:12:05.807"}
{"availableBeginTime":"2026-10-07 00:32:05.807","availableEndTime":"2026-10-07 17:12:05.807"}
{"availableBeginTime":"2026-10-07 00:32:05.807","availableEndTime":"2026-10-07 17:12:05.807"}
{"availableBeginTime":"2026-10-07 00:32:05.807","availableEndTime":"2026-10-07 17:12:05.807"}
{"availableBeginTime":"2026-10-07 00:32:05.807","availableEndTime":"2026-10-07 17:12:05.807"}
{"availableBeginTime":"2026-10-07 00:32:05.807","availableEndTime":"2026-10-07 17:12:05.807"}
{"availableBeginTime":"2026-10-07 00:32:05.807","availableEndTime":"2026-10-07 17:12:05.807"}
{"availableBeginTime":"2026-10-07 00:32:05.807","availableEndTime":"2026-10-07 17:12:05.807"}
{"availableBeginTime":"2026-10-07 00:32:05.807","availableEndTime":"2026-10-07 17:12:05.807"}
{"availableBeginTime":"2026-10-07 00:32:05.807","availableEndTime":"2026-10-07 17:12:05.807"}
{"availableBeginTime":"2026-10-07 00:32:05.807","availableEndTime":"2026-10-07 17:12:05.807"}
{"availableBeginTime":"2026-10-07 00:32:05.807","availableEndTime":"2026-10-07 17:12:05.807"}
{"availableBeginTime":"2026-10-07 00:32:05.807","availableEndTime":"2026-10-07 17:12:05.807"}
{"availableBeginTime":"2026-10-07 00:32:05.807","availableEndTime":"2026-10-07 17:12:05.807"}
{"availableBeginTime":"2026-10-07 00:32:05.807","availableEndTime":"2026-10-07 17:12:05.807"}
{"availableBeginTime":"2026-10-07 00:32:05.807","availableEndTime":"2026-10-07 17:12:05.807"}
{"availableBeginTime":"2026-10-07 00:32:05.807","availableEndTime":"2026-10-07 17:12:05.807"}
{"availableBeginTime":"2026-10-07 00:32:05.807","availableEndTime":"2026-10-07 17:12:05.807"}
{"availableBeginTime":"2026-10-07 00:32:05.807","availableEndTime":"2026-10-07 17:12:05.807"}
{"availableBeginTime":"2026-10-07 00:32:05.807","availableEndTime":"2026-10-07 17:12:05.807"}
{"availableBeginTime":"2026-10-07 00:32:05.807","availableEndTime":"2026-10-07 17:12:05.807"}
{"availableBeginTime":"2026-10-07 00:32:05.807","availableEndTime":"2026-10-07 17:12:05.807"}
{"availableBeginTime":"2026-10-07 00:32:05.807","availableEndTime":"2026-10-07 17:12:05.807"}
{"availableBeginTime":"2026-10-07 00:32:05.807","availableEndTime":"2026-10-07 17:12:05.807"}
{"availableBeginTime":"2026-10-07 00:32:05.807","availableEndTime":"2026-10-07 17:12:05.807"}
{"availableBeginTime":"2026-10-07 00:32:05.807","availableEndTime":"2026-10-07 17:12:05.807"}
{"availableBeginTime":"2026-10-07 00:32:05.807","availableEndTime":"2026-10-07 17:12:05.807"}
{"availableBeginTime":"2026-10-07 00:32:05.807","availableEndTime":"2026-10-07 17:12:05.807"}
{"availableBeginTime":"2026-10-07 00:32:05.807","availableEndTime":"2026-10-07 17:12:05.807"}
{"availableBeginTime":"2026-10-07 00:32:05.807","availableEndTime":"2026-10-07 17:12:05.807"}
{"availableBeginTime":"2026-10-07 00:32:05.807","availableEndTime":"2026-10-07 17:12:05.807"}
{"availableBeginTime":"2026-10-07 00:32:05.807","availableEndTime":"2026-10-07 17:12:05.807"}
{"availableBeginTime":"2026-10-07 00:32:05.807","availableEndTime":"2026-10-07 17:12:05.807"}
{"availableBeginTime":"2026-10-07 00:32:05.807","availableEndTime":"2026-10-07 17:12:05.807"}
{"availableBeginTime":"2026-10-07 00:32:05.807","availableEndTime":"2026-10-07 17:12:05.807"}
{"availableBeginTime":"2026-10-07 00:32:05.807","availableEndTime":"2026-10-07 17:12:05.807"}
{"availableBeginTime":"2026-10-07 00:32:05.807","availableEndTime":"2026-10-07 17:12:05.807"}
{"availableBeginTime":"2026-10-07 00:32:05.807","availableEndTime":"2026-10-07 17:12:05.807"}
{"availableBeginTime":"2026-10-07 00:32:05.807","availableEndTime":"2026-10-07 17:12:05.807"}
{"availableBeginTime":"2026-10-07 00:32:05.807","availableEndTime":"2026-10-07 17:12:05.807"}
{"availableBeginTime":"2026-10-07 00:32:05.807","availableEndTime":"2026-10-07 17:12:05.807"}
{"availableBeginTime":"2026-10-07 00:32:05.807","availableEndTime":"2026-10-07 17:12:05.807"}
{"availableBeginTime":"2026-10-07 00:32:05.807","availableEndTime":"2026-10-07 17:12:05.807"}
{"availableBeginTime":"2026-10-07 00:32:05.807","availableEndTime":"2026-10-07 17:12:05.807"}
{"availableBeginTime":"2026-10-07 00:32:05.807","availableEndTime":"2026-10-07 17:12:05.807"}
{"availableBeginTime":"2026-10-07 00:32:05.807","availableEndTime":"2026-10-07 17:12:05.807"}
{"availableBeginTime":"2026-10-07 00:32:05.807","availableEndTime":"2026-10-07 17:12:05.807"}
{"availableBeginTime":"2026-10-07 00:32:05.807","availableEndTime":"2026-10-07 17:12:05.807"}
{"availableBeginTime":"2026-10-07 00:32:05.807","availableEndTime":"2026-10-07 17:12:05.807"}
{"availableBeginTime":"2026-10-07 00:32:05.807","availableEndTime":"2026-10-07 17:12:05.807"}
{"availableBeginTime":"2026-10-07 00:32:05.807","availableEndTime":"2026-10-07 17:12:05.807"}
{"availableBeginTime":"2026-10-07 00:32:05.807","availableEndTime":"2026-10-07 17:12:05.807"}
{"availableBeginTime":"2026-10-07 00:32:05.807","availableEndTime":"2026-10-07 17:12:05.807"}
{"availableBeginTime":"2026-10-07 00:32:05.807","availableEndTime":"2026-10-07 17:12:05.807"}
{"availableBeginTime":"2026-10-07 00:32:05.807","availableEndTime":"2026-10-07 17:12:05.807"}
{"availableBeginTime":"2026-10-07 00:32:05.807","availableEndTime":"2026-10-07 17:12:05.807"}
{"availableBeginTime":"2026-10-07 00:32:05.807","availableEndTime":"2026-10-07 17:12:05.807"}
{"availableBeginTime":"2026-10-07 00:32:05.807","availableEndTime":"2026-10-07 17:12:05.807"}
{"availableBeginTime":"2026-10-07 00:32:05.807","availableEndTime":"2026-10-07 17:12:05.807"}
{"availableBeginTime":"2026-10-07 00:32:05.807","availableEndTime":"2026-10-07 17:12:05.807"}
{"availableBeginTime":"2026-10-07 00:32:05.807","availableEndTime":"2026-10-07 17:12:05.807"}
{"availableBeginTime":"2026-10-07 00:32:05.807","availableEndTime":"2026-10-07 17:12:05.807"}
{"availableBeginTime":"2026-10-07 00:32:05.807","availableEndTime":"2026-10-07 17:12:05.807"}
{"availableBeginTime":"2026-10-07 00:32:05.807","availableEndTime":"2026-10-07 17:12:05.807"}
{"availableBeginTime":"2026-10-07 00:32:05.807","availableEndTime":"2026-10-07 17:12:05.807"}
{"availableBeginTime":"2026-10-07 00:32:05.807","availableEndTime":"2026-10-07 17:12:05.807"}
{"availableBeginTime":"2026-10-07 00:32:05.807","availableEndTime":"2026-10-07 17:12:05.807"}
{"availableBeginTime":"2026-10-07 00:32:05.807","availableEndTime":"2026-10-07 17:12:05.807"}
{"availableBeginTime":"2026-10-07 00:32:05.807","availableEndTime":"2026-10-07 17:12:05.807"}
{"availableBeginTime":"2026-10-07 00:32:05.807","availableEndTime":"2026-10-07 17:12:05.807"}
{"availableBeginTime":"2026-10-07 00:32:05.807","availableEndTime":"2026-10-07 17:12:05.807"}
{"availableBeginTime":"2026-10-07 00:32:05.807","availableEndTime":"2026-10-07 17:12:05.807"}
{"availableBeginTime":"2026-10-07 00:32:05.807","availableEndTime":"2026-10-07 17:12:05.807"}
{"availableBeginTime":"2026-10-07 00:32:05.807","availableEndTime":"2026-10-07 17:12:05.807"}
{"availableBeginTime":"2026-10-07 00:32:05.807","availableEndTime":"2026-10-07 17:12:05.807"}
{"availableBeginTime":"2026-10-07 00:32:05.807","availableEndTime":"2026-10-07 17:12:05.807"}
{"availableBeginTime":"2026-10-07 00:32:05.807","availableEndTime":"2026-10-07 17:12:05.807"}
{"availableBeginTime":"2026-10-07 00:32:05.807","availableEndTime":"2026-10-07 17:12:05.807"}
{"availableBeginTime":"2026-10-07 00:32:05.807","availableEndTime":"2026-10-07 17:12:05.807"}
{"availableBeginTime":"2026-10-07 00:32:05.807","availableEndTime":"2026-10-07 17:12:05.807"}
{"availableBeginTime":"2026-10-07 00:32:05.807","availableEndTime":"2026-10-07 17:12:05.807"}
{"availableBeginTime":"2026-10-07 00:32:05.807","availableEndTime":"2026-10-07 17:12:05.807"}
{"availableBeginTime":"2026-10-07 00:32:05.807","availableEndTime":"2026-10-07 17:12:05.807"}
{"availableBeginTime":"2026-10-07 00:32:05.807","availableEndTime":"2026-10-07 17:12:05.807"}
{"availableBeginTime":"2026-10-07 00:32:05.807","availableEndTime":"2026-10-07 17:12:05.807"}
{"availableBeginTime":"2026-10-07 00:32:05.807","availableEndTime":"2026-10-07 17:12:05.807"}
{"availableBeginTime":"2026-10-07 00:32:05.807","availableEndTime":"2026-10-07 17:12:05.807"}
{"availableBeginTime":"2026-10-07 00:32:05.807","availableEndTime":"2026-10-07 17:12:05.807"}
{"availableBeginTime":"2026-10-07 00:32:05.807","availableEndTime":"2026-10-07 17:12:05.807"}
{"availableBeginTime":"2026-10-07 00:32:05.807","availableEndTime":"2026-10-07 17:12:05.807"}
{"availableBeginTime":"2026-10-07 00:32:05.807","availableEndTime":"2026-10-07 17:12:05.807"}
{"availableBeginTime":"2026-10-07 00:32:05.807","availableEndTime":"2026-10-07 17:12:05.807"}
{"availableBeginTime":"2026-10-07 00:32:05.807","availableEndTime":"2026-10-07 17:12:05.807"}
{"availableBeginTime":"2026-10-07 00:32:05.807","availableEndTime":"2026-10-07 17:12:05.807"}
{"availableBeginTime":"2026-10-07 00:32:05.807","availableEndTime":"2026-10-07 17:12:05.807"}
{"availableBeginTime":"2026-10-07 00:32:05.807","availableEndTime":"2026-10-07 17:12:05.807"}
{"availableBeginTime":"2026-10-07 00:32:05.807","availableEndTime":"2026-10-07 17:12:05.807"}
{"availableBeginTime":"2026-10-07 00:32:05.807","availableEndTime":"2026-10-07 17:12:05.807"}
{"availableBeginTime":"2026-10-07 00:32:05.807","availableEndTime":"2026-10-07 17:12:05.807"}
{"availableBeginTime":"2026-10-07 00:32:05.807","availableEndTime":"2026-10-07 17:12:05.807"}
{"availableBeginTime":"2026-10-07 00:32:05.807","availableEndTime":"2026-10-07 17:12:05.807"}
{"availableBeginTime":"2026-10-07 00:32:05.807","availableEndTime":"2026-10-07 17:12:05.807"}
{"availableBeginTime":"2026-10-07 00:32:05.807","availableEndTime":"2026-10-07 17:12:05.807"}
{"availableBeginTime":"2026-10-07 00:32:05.807","availableEndTime":"2026-10-07 17:12:05.807"}
{"availableBeginTime":"2026-10-07 00:32:05.807","availableEndTime":"2026-10-07 17:12:05.807"}
{"availableBeginTime":"2026-10-07 00:32:05.807","availableEndTime":"2026-10-07 17:12:05.807"}
{"availableBeginTime":"2026-10-07 00:32:05.807","availableEndTime":"2026-10-07 17:12:05.807"}
{"availableBeginTime":"2026-10-07 00:32:05.807","availableEndTime":"2026-10-07 17:12:05.807"}
{"availableBeginTime":"2026-10-07 00:32:05.807","availableEndTime":"2026-10-07 17:12:05.807"}
{"availableBeginTime":"2026-10-07 00:32:05.807","availableEndTime":"2026-10-07 17:12:05.807"}
{"availableBeginTime":"2026-10-07 00:32:05.807","availableEndTime":"2026-10-07 17:12:05.807"}
{"availableBeginTime":"2026-10-07 00:32:05.807","availableEndTime":"2026-10-07 17:12:05.807"}
{"availableBeginTime":"2026-10-07 00:32:05.807","availableEndTime":"2026-10-07 17:12:05.807"}
{"availableBeginTime":"2026-10-07 00:32:05.807","availableEndTime":"2026-10-07 17:12:05.807"}
{"availableBeginTime":"2026-10-07 00:32:05.807","availableEndTime":"2026-10-07 17:12:05.807"}
{"availableBeginTime":"2026-10-07 00:32:05.807","availableEndTime":"2026-10-07 17:12:05.807"}
{"availableBeginTime":"2026-10-07 00:32:05.807","availableEndTime":"2026-10-07 17:12:05.807"}
{"availableBeginTime":"2026-10-07 00:32:05.807","availableEndTime":"2026-10-07 17:12:05.807"}
{"availableBeginTime":"2026-10-07 00:32:05.807","availableEndTime":"2026-10-07 17:12:05.807"}
{"availableBeginTime":"2026-10-07 00:32:05.807","availableEndTime":"2026-10-07 17:12:05.807"}
{"availableBeginTime":"2026-10-07 00:32:05.807","availableEndTime":"2026-10-07 17:12:05.807"}
{"availableBeginTime":"2026-10-07 00:32:05.807","availableEndTime":"2026-10-07 17:12:05.807"}
{"availableBeginTime":"2026-10-07 00:32:05.807","availableEndTime":"2026-10-07 17:12:05.807"}
{"availableBeginTime":"2026-10-07 00:32:05.807","availableEndTime":"2026-10-07 17:12:05.807"}
{"availableBeginTime":"2026-10-07 00:32:05.807","availableEndTime":"2026-10-07 17:12:05.807"}
{"availableBeginTime":"2026-10-07 00:32:05.807","availableEndTime":"2026-10-07 17:12:05.807"}
{"availableBeginTime":"2026-10-07 00:32:05.807","availableEndTime":"2026-10-07 17:12:05.807"}
{"availableBeginTime":"2026-10-07 00:32:05.807","availableEndTime":"2026-10-07 17:12:05.807"}
{"availableBeginTime":"2026-10-07 00:32:05.807","availableEndTime":"2026-10-07 17:12:05.807"}
{"availableBeginTime":"2026-10-07 00:32:05.807","availableEndTime":"2026-10-07 17:12:05.807"}
{"availableBeginTime":"2026-10-07 00:32:05.807","availableEndTime":"2026-10-07 17:12:05.807"}
{"availableBeginTime":"2026-10-07 00:32:05.807","availableEndTime":"2026-10-07 17:12:05.807"}
{"availableBeginTime":"2026-10-07 00:32:05.807","availableEndTime":"2026-10-07 17:12:05.807"}
{"availableBeginTime":"2026-10-07 00:32:05.807","availableEndTime":"2026-10-07 17:12:05.807"}
{"availableBeginTime":"2026-10-07 00:32:05.807","availableEndTime":"2026-10-07 17:12:05.807"}
{"availableBeginTime":"2026-10-07 00:32:05.807","availableEndTime":"2026-10-07 17:12:05.807"}
{"availableBeginTime":"2026-10-07 00:32:05.807","availableEndTime":"2026-10-07 17:12:05.807"}
{"availableBeginTime":"2026-10-07 00:32:05.807","availableEndTime":"2026-10-07 17:12:05.807"}
{"availableBeginTime":"2026-10-07 00:32:05.807","availableEndTime":"2026-10-07 17:12:05.807"}
{"availableBeginTime":"2026-10-07 00:32:05.807","availableEndTime":"2026-10-07 17:12:05.807"}
{"availableBeginTime":"2026-10-07 00:32:05.807","availableEndTime":"2026-10-07 17:12:05.807"}
{"availableBeginTime":"2026-10-07 00:32:05.807","availableEndTime":"2026-10-07 17:12:05.807"}
{"availableBeginTime":"2026-10-07 00:32:05.807","availableEndTime":"2026-10-07 17:12:05.807"}
{"availableBeginTime":"2026-10-07 00:32:05.807","availableEndTime":"2026-10-07 17:12:05.807"}
{"availableBeginTime":"2026-10-07 00:32:05.807","availableEndTime":"2026-10-07 17:12:05.807"}
{"availableBeginTime":"2026-10-07 00:32:05.807","availableEndTime":"2026-10-07 17:12:05.807"}
{"availableBeginTime":"2026-10-07 00:32:05.807","availableEndTime":"2026-10-07 17:12:05.807"}
{"availableBeginTime":"2026-10-07 00:32:05.807","availableEndTime":"2026-10-07 17:12:05.807"}
{"availableBeginTime":"2026-10-07 00:32:05.807","availableEndTime":"2026-10-07 17:12:05.807"}
{"availableBeginTime":"2026-10-07 00:32:05.807","availableEndTime":"2026-10-07 17:12:05.807"}
{"availableBeginTime":"2026-10-07 00:32:05.807","availableEndTime":"2026-10-07 17:12:05.807"}
{"availableBeginTime":"2026-10-07 00:32:05.807","availableEndTime":"2026-10-07 17:12:05.807"}
{"availableBeginTime":"2026-10-07 00:32:05.807","availableEndTime":"2026-10-07 17:12:05.807"}
{"availableBeginTime":"2026-10-07 00:32:05.807","availableEndTime":"2026-10-07 17:12:05.807"}
{"availableBeginTime":"2026-10-07 00:32:05.807","availableEndTime":"2026-10-07 17:12:05.807"}
{"availableBeginTime":"2026-10-07 00:32:05.807","availableEndTime":"2026-10-07 17:12:05.807"}
{"availableBeginTime":"2026-10-07 00:32:05.807","availableEndTime":"2026-10-07 17:12:05.807"}
{"availableBeginTime":"2026-10-07 00:32:05.807","availableEndTime":"2026-10-07 17:12:05.807"}
{"availableBeginTime":"2026-10-07 00:32:05.807","availableEndTime":"2026-10-07 17:12:05.807"}
{"availableBeginTime":"2026-10-07 00:32:05.807","availableEndTime":"2026-10-07 17:12:05.807"}
{"availableBeginTime":"2026-10-07 00:32:05.807","availableEndTime":"2026-10-07 17:12:05.807"}
{"availableBeginTime":"2026-10-07 00:32:05.807","availableEndTime":"2026-10-07 17:12:05.807"}
{"availableBeginTime":"2026-10-07 00:32:05.807","availableEndTime":"2026-10-07 17:12:05.807"}
{"availableBeginTime":"2026-10-07 00:32:05.807","availableEndTime":"2026-10-07 17:12:05.807"}
{"availableBeginTime":"2026-10-07 00:32:05.807","availableEndTime":"2026-10-07 17:12:05.807"}
{"availableBeginTime":"2026-10-07 00:32:05.807","availableEndTime":"2026-10-07 17:12:05.807"}
{"availableBeginTime":"2026-10-07 00:32:05.807","availableEndTime":"2026-10-07 17:12:05.807"}
{"availableBeginTime":"2026-10-07 00:32:05.807","availableEndTime":"2026-10-07 17:12:05.807"}
{"availableBeginTime":"2026-10-07 00:32:05.807","availableEndTime":"2026-10-07 17:12:05.807"}
{"availableBeginTime":"2026-10-07 00:32:05.807","availableEndTime":"2026-10-07 17:12:05.807"}
{"availableBeginTime":"2026-10-07 00:32:05.807","availableEndTime":"2026-10-07 17:12:05.807"}
{"availableBeginTime":"2026-10-07 00:32:05.807","availableEndTime":"2026-10-07 17:12:05.807"}
{"availableBeginTime":"2026-10-07 00:32:05.807","availableEndTime":"2026-10-07 17:12:05.807"}
{"availableBeginTime":"2026-10-07 00:32:05.807","availableEndTime":"2026-10-07 17:12:05.807"}
{"availableBeginTime":"2026-10-07 00:32:05.807","availableEndTime":"2026-10-07 17:12:05.807"}
{"availableBeginTime":"2026-10-07 00:32:05.807","availableEndTime":"2026-10-07 17:12:05.807"}
{"availableBeginTime":"2026-10-07 00:32:05.807","availableEndTime":"2026-10-07 17:12:05.807"}
{"availableBeginTime":"2026-10-07 00:32:05.807","availableEndTime":"2026-10-07 17:12:05.807"}
{"availableBeginTime":"2026-10-07 00:32:05.807","availableEndTime":"2026-10-07 17:12:05.807"}
{"availableBeginTime":"2026-10-07 00:32:05.807","availableEndTime":"2026-10-07 17:12:05.807"}
{"availableBeginTime":"2026-10-07 00:32:05.807","availableEndTime":"2026-10-07 17:12:05.807"}
{"availableBeginTime":"2026-10-07 00:32:05.807","availableEndTime":"2026-10-07 17:12:05.807"}
{"availableBeginTime":"2026-10-07 00:32:05.807","availableEndTime":"2026-10-07 17:12:05.807"}
{"availableBeginTime":"2026-10-07 00:32:05.807","availableEndTime":"2026-10-07 17:12:05.807"}
{"availableBeginTime":"2026-10-07 00:32:05.807","availableEndTime":"2026-10-07 17:12:05.807"}
{"availableBeginTime":"2026-10-07 00:32:05.807","availableEndTime":"2026-10-07 17:12:05.807"}
{"availableBeginTime":"2026-10-07 00:32:05.807","availableEndTime":"2026-10-07 17:12:05.807"}
{"availableBeginTime":"2026-10-07 00:32:05.807","availableEndTime":"2026-10-07 17:12:05.807"}
{"availableBeginTime":"2026-10-07 00:32:05.807","availableEndTime":"2026-10-07 17:12:05.807"}
{"availableBeginTime":"2026-10-07 00:32:05.807","availableEndTime":"2026-10-07 17:12:05.807"}
{"availableBeginTime":"2026-10-07 00:32:05.807","availableEndTime":"2026-10-07 17:12:05.807"}
{"availableBeginTime":"2026-10-07 00:32:05.807","availableEndTime":"2026-10-07 17:12:05.807"}
{"availableBeginTime":"2026-10-07 00:32:05.807","availableEndTime":"2026-10-07 17:12:05.807"}
{"availableBeginTime":"2026-10-07 00:32:05.807","availableEndTime":"2026-10-07 17:12:05.807"}
{"availableBeginTime":"2026-10-07 00:32:05.807","availableEndTime":"2026-10-07 17:12:05.807"}
{"availableBeginTime":"2026-10-07 00:32:05.807","availableEndTime":"2026-10-07 17:12:05.807"}
{"availableBeginTime":"2026-10-07 00:32:05.807","availableEndTime":"2026-10-07 17:12:05.807"}
{"availableBeginTime":"2026-10-07 00:32:05.807","availableEndTime":"2026-10-07 17:12:05.807"}
{"availableBeginTime":"2026-10-07 00:32:05.807","availableEndTime":"2026-10-07 17:12:05.807"}
{"availableBeginTime":"2026-10-07 00:32:05.807","availableEndTime":"2026-10-07 17:12:05.807"}
{"availableBeginTime":"2026-10-07 00:32:05.807","availableEndTime":"2026-10-07 17:12:05.807"}
{"availableBeginTime":"2026-10-07 00:32:05.807","availableEndTime":"2026-10-07 17:12:05.807"}
{"availableBeginTime":"2026-10-07 00:32:05.807","availableEndTime":"2026-10-07 17:12:05.807"}
{"availableBeginTime":"2026-10-07 00:32:05.807","availableEndTime":"2026-10-07 17:12:05.807"}
{"availableBeginTime":"2026-10-07 00:32:05.807","availableEndTime":"2026-10-07 17:12:05.807"}
{"availableBeginTime":"2026-10-07 00:32:05.807","availableEndTime":"2026-10-07 17:12:05.807"}
{"availableBeginTime":"2026-10-07 00:32:05.807","availableEndTime":"2026-10-07 17:12:05.807"}
{"availableBeginTime":"2026-10-07 00:32:05.807","availableEndTime":"2026-10-07 17:12:05.807"}
{"availableBeginTime":"2026-10-07 00:32:05.807","availableEndTime":"2026-10-07 17:12:05.807"}
{"availableBeginTime":"2026-10-07 00:32:05.807","availableEndTime":"2026-10-07 17:12:05.807"}
{"availableBeginTime":"2026-10-07 00:32:05.807","availableEndTime":"2026-10-07 17:12:05.807"}
{"availableBeginTime":"2026-10-07 00:32:05.807","availableEndTime":"2026-10-07 17:12:05.807"}
{"availableBeginTime":"2026-10-07 00:32:05.807","availableEndTime":"2026-10-07 17:12:05.807"}
{"availableBeginTime":"2026-10-07 00:32:05.807","availableEndTime":"2026-10-07 17:12:05.807"}
{"availableBeginTime":"2026-10-07 00:32:05.807","availableEndTime":"2026-10-07 17:12:05.807"}
{"availableBeginTime":"2026-10-07 00:32:05.807","availableEndTime":"2026-10-07 17:12:05.807"}
{"availableBeginTime":"2026-10-07 00:32:05.807","availableEndTime":"2026-10-07 17:12:05.807"}
{"availableBeginTime":"2026-10-07 00:32:05.807","availableEndTime":"2026-10-07 17:12:05.807"}
{"availableBeginTime":"2026-10-07 00:32:05.807","availableEndTime":"2026-10-07 17:12:05.807"}
{"availableBeginTime":"2026-10-07 00:32:05.807","availableEndTime":"2026-10-07 17:12:05.807"}
{"availableBeginTime":"2026-10-07 00:32:05.807","availableEndTime":"2026-10-07 17:12:05.807"}
{"availableBeginTime":"2026-10-07 00:32:05.807","availableEndTime":"2026-10-07 17:12:05.807"}
{"availableBeginTime":"2026-10-07 00:32:05.807","availableEndTime":"2026-10-07 17:12:05.807"}
{"availableBeginTime":"2026-10-07 00:32:05.807","availableEndTime":"2026-10-07 17:12:05.807"}
{"availableBeginTime":"2026-10-07 00:32:05.807","availableEndTime":"2026-10-07 17:12:05.807"}
{"availableBeginTime":"2026-10-07 00:32:05.807","availableEndTime":"2026-10-07 17:12:05.807"}
{"availableBeginTime":"2026-10-07 00:32:05.807","availableEndTime":"2026-10-07 17:12:05.807"}
{"availableBeginTime":"2026-10-07 00:32:05.807","availableEndTime":"2026-10-07 17:12:05.807"}
{"availableBeginTime":"2026-10-07 00:32:05.807","availableEndTime":"2026-10-07 17:12:05.807"}
{"availableBeginTime":"2026-10-07 00:32:05.807","availableEndTime":"2026-10-07 17:12:05.807"}
{"availableBeginTime":"2026-10-07 00:32:05.807","availableEndTime":"2026-10-07 17:12:05.807"}
{"availableBeginTime":"2026-10-07 00:32:05.807","availableEndTime":"2026-10-07 17:12:05.807"}
{"availableBeginTime":"2026-10-07 00:32:05.807","availableEndTime":"2026-10-07 17:12:05.807"}
{"availableBeginTime":"2026-10-07 00:32:05.807","availableEndTime":"2026-10-07 17:12:05.807"}
{"availableBeginTime":"2026-10-07 00:32:05.807","availableEndTime":"2026-10-07 17:12:05.807"}
{"availableBeginTime":"2026-10-07 00:32:05.807","availableEndTime":"2026-10-07 17:12:05.807"}
{"availableBeginTime":"2026-10-07 00:32:05.807","availableEndTime":"2026-10-07 17:12:05.807"}
{"availableBeginTime":"2026-10-07 00:32:05.807","availableEndTime":"2026-10-07 17:12:05.807"}
{"availableBeginTime":"2026-10-07 00:32:05.807","availableEndTime":"2026-10-07 17:12:05.807"}
{"availableBeginTime":"2026-10-07 00:32:05.807","availableEndTime":"2026-10-07 17:12:05.807"}
{"availableBeginTime":"2026-10-07 00:32:05.807","availableEndTime":"2026-10-07 17:12:05.807"}
{"availableBeginTime":"2026-10-07 00:32:05.807","availableEndTime":"2026-10-07 17:12:05.807"}
{"availableBeginTime":"2026-10-07 00:32:05.807","availableEndTime":"2026-10-07 17:12:05.807"}
{"availableBeginTime":"2026-10-07 00:32:05.807","availableEndTime":"2026-10-07 17:12:05.807"}
{"availableBeginTime":"2026-10-07 00:32:05.807","availableEndTime":"2026-10-07 17:12:05.807"}
{"availableBeginTime":"2026-10-07 00:32:05.807","availableEndTime":"2026-10-07 17:12:05.807"}
{"availableBeginTime":"2026-10-07 00:32:05.807","availableEndTime":"2026-10-07 17:12:05.807"}
{"availableBeginTime":"2026-10-07 00:32:05.807","availableEndTime":"2026-10-07 17:12:05.807"}
{"availableBeginTime":"2026-10-07 00:32:05.807","availableEndTime":"2026-10-07 17:12:05.807"}
{"availableBeginTime":"2026-10-07 00:32:05.807","availableEndTime":"2026-10-07 17:12:05.807"}
{"availableBeginTime":"2026-10-07 00:32:05.807","availableEndTime":"2026-10-07 17:12:05.807"}
{"availableBeginTime":"2026-10-07 00:32:05.807","availableEndTime":"2026-10-07 17:12:05.807"}
{"availableBeginTime":"2026-10-07 00:32:05.807","availableEndTime":"2026-10-07 17:12:05.807"}
{"availableBeginTime":"2026-10-07 00:32:05.807","availableEndTime":"2026-10-07 17:12:05.807"}
{"availableBeginTime":"2026-10-07 00:32:05.807","availableEndTime":"2026-10-07 17:12:05.807"}
{"availableBeginTime":"2026-10-07 00:32:05.807","availableEndTime":"2026-10-07 17:12:05.807"}
{"availableBeginTime":"2026-10-07 00:32:05.807","availableEndTime":"2026-10-07 17:12:05.807"}
{"availableBeginTime":"2026-10-07 00:32:05.807","availableEndTime":"2026-10-07 17:12:05.807"}
{"availableBeginTime":"2026-10-07 00:32:05.807","availableEndTime":"2026-10-07 17:12:05.807"}
{"availableBeginTime":"2026-10-07 00:32:05.807","availableEndTime":"2026-10-07 17:12:05.807"}
{"availableBeginTime":"2026-10-07 00:32:05.807","availableEndTime":"2026-10-07 17:12:05.807"}
{"availableBeginTime":"2026-10-07 00:32:05.807","availableEndTime":"2026-10-07 17:12:05.807"}
{"availableBeginTime":"2026-10-07 00:32:05.807","availableEndTime":"2026-10-07 17:12:05.807"}
{"availableBeginTime":"2026-10-07 00:32:05.807","availableEndTime":"2026-10-07 17:12:05.807"}
{"availableBeginTime":"2026-10-07 00:32:05.807","availableEndTime":"2026-10-07 17:12:05.807"}
{"availableBeginTime":"2026-10-07 00:32:05.807","availableEndTime":"2026-10-07 17:12:05.807"}
{"availableBeginTime":"2026-10-07 00:32:05.807","availableEndTime":"2026-10-07 17:12:05.807"}
{"availableBeginTime":"2026-10-07 00:32:05.807","availableEndTime":"2026-10-07 17:12:05.807"}
{"availableBeginTime":"2026-10-07 00:32:05.807","availableEndTime":"2026-10-07 17:12:05.807"}
{"availableBeginTime":"2026-10-07 00:32:05.807","availableEndTime":"2026-10-07 17:12:05.807"}
{"availableBeginTime":"2026-10-07 00:32:05.807","availableEndTime":"2026-10-07 17:12:05.807"}
{"availableBeginTime":"2026-10-07 00:32:05.807","availableEndTime":"2026-10-07 17:12:05.807"}
{"availableBeginTime":"2026-10-07 00:32:05.807","availableEndTime":"2026-10-07 17:12:05.807"}
{"availableBeginTime":"2026-10-07 00:32:05.807","availableEndTime":"2026-10-07 17:12:05.807"}
{"availableBeginTime":"2026-10-07 00:32:05.807","availableEndTime":"2026-10-07 17:12:05.807"}
{"availableBeginTime":"2026-10-07 00:32:05.807","availableEndTime":"2026-10-07 17:12:05.807"}
{"availableBeginTime":"2026-10-07 00:32:05.807","availableEndTime":"2026-10-07 17:12:05.807"}
{"availableBeginTime":"2026-10-07 00:32:05.807","availableEndTime":"2026-10-07 17:12:05.807"}
{"availableBeginTime":"2026-10-07 00:32:05.807","availableEndTime":"2026-10-07 17:12:05.807"}
{"availableBeginTime":"2026-10-07 00:32:05.807","availableEndTime":"2026-10-07 17:12:05.807"}
{"availableBeginTime":"2026-10-07 00:32:05.807","availableEndTime":"2026-10-07 17:12:05.807"}
{"availableBeginTime":"2026-10-07 00:32:05.807","availableEndTime":"2026-10-07 17:12:05.807"}
{"availableBeginTime":"2026-10-07 00:32:05.807","availableEndTime":"2026-10-07 17:12:05.807"}
{"availableBeginTime":"2026-10-07 00:32:05.807","availableEndTime":"2026-10-07 17:12:05.807"}
{"availableBeginTime":"2026-10-07 00:32:05.807","availableEndTime":"2026-10-07 17:12:05.807"}
{"availableBeginTime":"2026-10-07 00:32:05.807","availableEndTime":"2026-10-07 17:12:05.807"}
{"availableBeginTime":"2026-10-07 00:32:05.807","availableEndTime":"2026-10-07 17:12:05.807"}
{"availableBeginTime":"2026-10-07 00:32:05.807","availableEndTime":"2026-10-07 17:12:05.807"}
{"availableBeginTime":"2026-10-07 00:32:05.807","availableEndTime":"2026-10-07 17:12:05.807"}
{"availableBeginTime":"2026-10-07 00:32:05.807","availableEndTime":"2026-10-07 17:12:05.807"}
{"availableBeginTime":"2026-10-07 00:32:05.807","availableEndTime":"2026-10-07 17:12:05.807"}
{"availableBeginTime":"2026-10-07 00:32:05.807","availableEndTime":"2026-10-07 17:12:05.807"}
{"availableBeginTime":"2026-10-07 00:32:05.807","availableEndTime":"2026-10-07 17:12:05.807"}
{"availableBeginTime":"2026-10-07 00:32:05.807","availableEndTime":"2026-10-07 17:12:05.807"}
{"availableBeginTime":"2026-10-07 00:32:05.807","availableEndTime":"2026-10-07 17:12:05.807"}
{"availableBeginTime":"2026-10-07 00:32:05.807","availableEndTime":"2026-10-07 17:12:05.807"}
{"availableBeginTime":"2026-10-07 00:32:05.807","availableEndTime":"2026-10-07 17:12:05.807"}
{"availableBeginTime":"2026-10-07 00:32:05.807","availableEndTime":"2026-10-07 17:12:05.807"}
{"availableBeginTime":"2026-10-07 00:32:05.807","availableEndTime":"2026-10-07 17:12:05.807"}
{"availableBeginTime":"2026-10-07 00:32:05.807","availableEndTime":"2026-10-07 17:12:05.807"}
{"availableBeginTime":"2026-10-07 00:32:05.807","availableEndTime":"2026-10-07 17:12:05.807"}
{"availableBeginTime":"2026-10-07 00:32:05.807","availableEndTime":"2026-10-07 17:12:05.807"}
{"availableBeginTime":"2026-10-07 00:32:05.807","availableEndTime":"2026-10-07 17:12:05.807"}
{"availableBeginTime":"2026-10-07 00:32:05.807","availableEndTime":"2026-10-07 17:12:05.807"}
{"availableBeginTime":"2026-10-07 00:32:05.807","availableEndTime":"2026-10-07 17:12:05.807"}
{"availableBeginTime":"2026-10-07 00:32:05.807","availableEndTime":"2026-10-07 17:12:05.807"}
{"availableBeginTime":"2026-10-07 00:32:05.807","availableEndTime":"2026-10-07 17:12:05.807"}
{"availableBeginTime":"2026-10-07 00:32:05.807","availableEndTime":"2026-10-07 17:12:05.807"}
{"availableBeginTime":"2026-10-07 00:32:05.807","availableEndTime":"2026-10-07 17:12:05.807"}
{"availableBeginTime":"2026-10-07 00:32:05.807","availableEndTime":"2026-10-07 17:12:05.807"}
{"availableBeginTime":"2026-10-07 00:32:05.807","availableEndTime":"2026-10-07 17:12:05.807"}
{"availableBeginTime":"2026-10-07 00:32:05.807","availableEndTime":"2026-10-07 17:12:05.807"}
{"availableBeginTime":"2026-10-07 00:32:05.807","availableEndTime":"2026-10-07 17:12:05.807"}
{"availableBeginTime":"2026-10-07 00:32:05.807","availableEndTime":"2026-10-07 17:12:05.807"}
{"availableBeginTime":"2026-10-07 00:32:05.807","availableEndTime":"2026-10-07 17:12:05.807"}
{"availableBeginTime":"2026-10-07 00:32:05.807","availableEndTime":"2026-10-07 17:12:05.807"}
{"availableBeginTime":"2026-10-07 00:32:05.807","availableEndTime":"2026-10-07 17:12:05.807"}
{"availableBeginTime":"2026-10-07 00:32:05.807","availableEndTime":"2026-10-07 17:12:05.807"}
{"availableBeginTime":"2026-10-07 00:32:05.807","availableEndTime":"2026-10-07 17:12:05.807"}
{"availableBeginTime":"2026-10-07 00:32:05.807","availableEndTime":"2026-10-07 17:12:05.807"}
{"availableBeginTime":"2026-10-07 00:32:05.807","availableEndTime":"2026-10-07 17:12:05.807"}
{"availableBeginTime":"2026-10-07 00:32:05.807","availableEndTime":"2026-10-07 17:12:05.807"}
{"availableBeginTime":"2026-10-07 00:32:05.807","availableEndTime":"2026-10-07 17:12:05.807"}
{"availableBeginTime":"2026-10-07 00:32:05.807","availableEndTime":"2026-10-07 17:12:05.807"}
{"availableBeginTime":"2026-10-07 00:32:05.807","availableEndTime":"2026-10-07 17:12:05.807"}
{"availableBeginTime":"2026-10-07 00:32:05.807","availableEndTime":"2026-10-07 17:12:05.807"}
{"availableBeginTime":"2026-10-07 00:32:05.807","availableEndTime":"2026-10-07 17:12:05.807"}
{"availableBeginTime":"2026-10-07 00:32:05.807","availableEndTime":"2026-10-07 17:12:05.807"}
{"availableBeginTime":"2026-10-07 00:32:05.807","availableEndTime":"2026-10-07 17:12:05.807"}
{"availableBeginTime":"2026-10-07 00:32:05.807","availableEndTime":"2026-10-07 17:12:05.807"}
{"availableBeginTime":"2026-10-07 00:32:05.807","availableEndTime":"2026-10-07 17:12:05.807"}
{"availableBeginTime":"2026-10-07 00:32:05.807","availableEndTime":"2026-10-07 17:12:05.807"}
{"availableBeginTime":"2026-10-07 00:32:05.807","availableEndTime":"2026-10-07 17:12:05.807"}
{"availableBeginTime":"2026-10-07 00:32:05.807","availableEndTime":"2026-10-07 17:12:05.807"}
{"availableBeginTime":"2026-10-07 00:32:05.807","availableEndTime":"2026-10-07 17:12:05.807"}
{"availableBeginTime":"2026-10-07 00:32:05.807","availableEndTime":"2026-10-07 17:12:05.807"}
{"availableBeginTime":"2026-10-07 00:32:05.807","availableEndTime":"2026-10-07 17:12:05.807"}
{"availableBeginTime":"2026-10-07 00:32:05.807","availableEndTime":"2026-10-07 17:12:05.807"}
{"availableBeginTime":"2026-10-07 00:32:05.807","availableEndTime":"2026-10-07 17:12:05.807"}
{"availableBeginTime":"2026-10-07 00:32:05.807","availableEndTime":"2026-10-07 17:12:05.807"}
{"availableBeginTime":"2026-10-07 00:32:05.807","availableEndTime":"2026-10-07 17:12:05.807"}
{"availableBeginTime":"2026-10-07 00:32:05.807","availableEndTime":"2026-10-07 17:12:05.807"}
{"availableBeginTime":"2026-10-07 00:32:05.807","availableEndTime":"2026-10-07 17:12:05.807"}
{"availableBeginTime":"2026-10-07 00:32:05.807","availableEndTime":"2026-10-07 17:12:05.807"}
{"availableBeginTime":"2026-10-07 00:32:05.807","availableEndTime":"2026-10-07 17:12:05.807"}
{"@type":"com.alibaba.fastjson2.issues.Issue508$Xx","base":{"@type":"com.alibaba.fastjson2.issues.Issue508$Device","id":1,"name":"xxx"}}
Parsed date: Wed Oct 11 00:00:00 CST 2023
Formatted date: {"utilDate":"2023-10-11"}
Parsed time: Sun Jul 05 16:11:10 CST 169108099
Formatted time: {"utilTime":"16:11:10"}
Parsed time: Sun Jul 05 16:11:00 CST 169108099
Formatted time: {"utilTime":"16:11"}
Parsed date: Wed Oct 11 00:00:00 CST 2023
Formatted date: {"utilDate":"2023-10-11"}
{"@type":"com.alibaba.fastjson2.issues.Canal_Issue4186$1"}
{"code":"项目成员1","formatType":0,"id":"a368f1ff-8702-4d80-9cdf-5260b5fe0fdd","level":0}
[Issue255.TestBean(type=text, data={content=hello111}), Issue255.TestBean(type=text, data={content=hello222})]
[Issue255.TestBean(type=text, data={content=hello111}), Issue255.TestBean(type=text, data={content=hello222})]
{"child_count":8,"del_state":0,"display_level":2,"id":54,"item_index":46,"parent_id":1,"path":"/1/54/","phase_id":1,"title":"八年级上","update_time":1596423978669}
{
	"@type":"com.alibaba.fastjson2.issues.Issue752$Bean#0",
	"@value":{
		"param":[
			"int",
			"int"
		]
	}
}
{
	"@type":"com.alibaba.fastjson2.issues.Issue571$Sample",
	"@value":[
		[
			true,
			false,
			false,
			true
		],
		true,
		false,
		"asdfASDF",
		"!",
		"$",
		[
			-1.234,
			-1.23,
			-12.0,
			-1.0,
			0.0,
			1.0,
			12.0,
			1.23,
			1.234
		],
		1.234567,
		7.654321,
		[
			-12.34,
			-12.3,
			-12.0,
			-1.0,
			0.0,
			1.0,
			12.0,
			12.3,
			12.34
		],
		12.345,
		54.321,
		[
			-1234,
			-123,
			-12,
			-1,
			0,
			1,
			12,
			123,
			1234
		],
		123,
		321,
		[
			-123400,
			-12300,
			-1200,
			-100,
			0,
			100,
			1200,
			12300,
			123400
		],
		1230000,
		3210000,
		{"$ref":".."},
		[
			-1234,
			-123,
			-12,
			-1,
			0,
			1,
			12,
			123,
			1234
		],
		12345,
		32100,
		"ABCDEFGHIJKLMNOPQRSTUVWXYZ0123456789"
	]
}
[Ljava.lang.String;@1f6158d9
true
[[Ljava.lang.String;@4d9fedfa
true
[[Ljava.lang.String;@78865ca7
true
[[Ljava.lang.String;@5c568706
true
327
{
	"@type":"com.alibaba.fastjson2.codec.JSONBTableTest4$B10#0",
	"@value":{
		"items":{
			"@type":"A#1",
			"@value":[
				{
					"id":101,
					"name":"DataWorks"
				},
				{
					"id":102,
					"name":"MaxCompute"
				}
			]
		}
	}
}
[-110, 118, 99, 111, 109, 46, 97, 108, 105, 98, 97, 98, 97, 46, 102, 97, 115, 116, 106, 115, 111, 110, 50, 46, 99, 111, 100, 101, 99, 46, 74, 83, 79, 78, 66, 84, 97, 98, 108, 101, 84, 101, 115, 116, 52, 36, 66, 0, -90, 78, 105, 116, 101, 109, 115, -106, -110, 121, 56, 48, 99, 111, 109, 46, 97, 108, 105, 98, 97, 98, 97, 46, 102, 97, 115, 116, 106, 115, 111, 110, 50, 46, 99, 111, 100, 101, 99, 46, 74, 83, 79, 78, 66, 84, 97, 98, 108, 101, 84, 101, 115, 116, 52, 36, 73, 116, 101, 109, 1, -90, 75, 105, 100, 56, 101, 77, 110, 97, 109, 101, 82, 68, 97, 116, 97, 87, 111, 114, 107, 115, -91, -110, 1, -90, 75, 105, 100, 56, 102, 77, 110, 97, 109, 101, 83, 77, 97, 120, 67, 111, 109, 112, 117, 116, 101, -91, -91]
{
	"@type":"com.alibaba.fastjson2.codec.RefTest7$Bean#0",
	"@value":{
		"values":{
			{
				"@type":"com.alibaba.fastjson2.codec.RefTest7$Key#1",
				"@value":{}
			}:{}
		},
		"values1":{
			{
				"@type":"#1",
				"@value":{}
			}:{"$ref":"$.values[0]"}
		}
	}
}
[StackTest.Node()]
[{"name":"DataWorks","id":101},{"id":102}]
{
	"actualTypeArguments":[
		"java.lang.String",
		"java.lang.String"
	],
	"rawType":"java.util.Map"
}
{
	"@type":"IllegalStateException#0",
	"@value":{
		"stackTrace":[
			{
				"fileName":"ExceptionTest.java",
				"lineNumber":61,
				"className":"com.alibaba.fastjson2.codec.ExceptionTest",
				"methodName":"test_exception_jsonb_fieldBased"
			},
			{
				"fileName":"DirectMethodHandleAccessor.java",
				"lineNumber":104,
				"className":"jdk.internal.reflect.DirectMethodHandleAccessor",
				"methodName":"invoke"
			},
			{
				"fileName":"Method.java",
				"lineNumber":565,
				"className":"java.lang.reflect.Method",
				"methodName":"invoke"
			},
			{
				"fileName":"ReflectionUtils.java",
				"lineNumber":787,
				"className":"org.junit.platform.commons.util.ReflectionUtils",
				"methodName":"invokeMethod"
			},
			{
				"fileName":"ReflectionSupport.java",
				"lineNumber":478,
				"className":"org.junit.platform.commons.support.ReflectionSupport",
				"methodName":"invokeMethod"
			},
			{
				"fileName":"MethodInvocation.java",
				"lineNumber":60,
				"className":"org.junit.jupiter.engine.execution.MethodInvocation",
				"methodName":"proceed"
			},
			{
				"fileName":"InvocationInterceptorChain.java",
				"lineNumber":131,
				"className":"org.junit.jupiter.engine.execution.InvocationInterceptorChain$ValidatingInvocation",
				"methodName":"proceed"
			},
			{
				"fileName":"TimeoutExtension.java",
				"lineNumber":161,
				"className":"org.junit.jupiter.engine.extension.TimeoutExtension",
				"methodName":"intercept"
			},
			{
				"fileName":"TimeoutExtension.java",
				"lineNumber":152,
				"className":"org.junit.jupiter.engine.extension.TimeoutExtension",
				"methodName":"interceptTestableMethod"
			},
			{
				"fileName":"TimeoutExtension.java",
				"lineNumber":91,
				"className":"org.junit.jupiter.engine.extension.TimeoutExtension",
				"methodName":"interceptTestMethod"
			},
			{
				"fileName":"InterceptingExecutableInvoker.java",
				"lineNumber":112,
				"className":"org.junit.jupiter.engine.execution.InterceptingExecutableInvoker$ReflectiveInterceptorCall",
				"methodName":"lambda$ofVoidMethod$0"
			},
			{
				"fileName":"InterceptingExecutableInvoker.java",
				"lineNumber":94,
				"className":"org.junit.jupiter.engine.execution.InterceptingExecutableInvoker",
				"methodName":"lambda$invoke$0"
			},
			{
				"fileName":"InvocationInterceptorChain.java",
				"lineNumber":106,
				"className":"org.junit.jupiter.engine.execution.InvocationInterceptorChain$InterceptedInvocation",
				"methodName":"proceed"
			},
			{
				"fileName":"InvocationInterceptorChain.java",
				"lineNumber":64,
				"className":"org.junit.jupiter.engine.execution.InvocationInterceptorChain",
				"methodName":"proceed"
			},
			{
				"fileName":"InvocationInterceptorChain.java",
				"lineNumber":45,
				"className":"org.junit.jupiter.engine.execution.InvocationInterceptorChain",
				"methodName":"chainAndInvoke"
			},
			{
				"fileName":"InvocationInterceptorChain.java",
				"lineNumber":37,
				"className":"org.junit.jupiter.engine.execution.InvocationInterceptorChain",
				"methodName":"invoke"
			},
			{
				"fileName":"InterceptingExecutableInvoker.java",
				"lineNumber":93,
				"className":"org.junit.jupiter.engine.execution.InterceptingExecutableInvoker",
				"methodName":"invoke"
			},
			{
				"fileName":"InterceptingExecutableInvoker.java",
				"lineNumber":87,
				"className":"org.junit.jupiter.engine.execution.InterceptingExecutableInvoker",
				"methodName":"invoke"
			},
			{
				"fileName":"TestMethodTestDescriptor.java",
				"lineNumber":221,
				"className":"org.junit.jupiter.engine.descriptor.TestMethodTestDescriptor",
				"methodName":"lambda$invokeTestMethod$4"
			},
			{
				"fileName":"ThrowableCollector.java",
				"lineNumber":73,
				"className":"org.junit.platform.engine.support.hierarchical.ThrowableCollector",
				"methodName":"execute"
			},
			{
				"fileName":"TestMethodTestDescriptor.java",
				"lineNumber":217,
				"className":"org.junit.jupiter.engine.descriptor.TestMethodTestDescriptor",
				"methodName":"invokeTestMethod"
			},
			{
				"fileName":"TestMethodTestDescriptor.java",
				"lineNumber":159,
				"className":"org.junit.jupiter.engine.descriptor.TestMethodTestDescriptor",
				"methodName":"execute"
			},
			{
				"fileName":"TestMethodTestDescriptor.java",
				"lineNumber":70,
				"className":"org.junit.jupiter.engine.descriptor.TestMethodTestDescriptor",
				"methodName":"execute"
			},
			{
				"fileName":"NodeTestTask.java",
				"lineNumber":157,
				"className":"org.junit.platform.engine.support.hierarchical.NodeTestTask",
				"methodName":"lambda$executeRecursively$6"
			},
			{
				"fileName":"ThrowableCollector.java",
				"lineNumber":73,
				"className":"org.junit.platform.engine.support.hierarchical.ThrowableCollector",
				"methodName":"execute"
			},
			{
				"fileName":"NodeTestTask.java",
				"lineNumber":147,
				"className":"org.junit.platform.engine.support.hierarchical.NodeTestTask",
				"methodName":"lambda$executeRecursively$8"
			},
			{
				"fileName":"Node.java",
				"lineNumber":137,
				"className":"org.junit.platform.engine.support.hierarchical.Node",
				"methodName":"around"
			},
			{
				"fileName":"NodeTestTask.java",
				"lineNumber":145,
				"className":"org.junit.platform.engine.support.hierarchical.NodeTestTask",
				"methodName":"lambda$executeRecursively$9"
			},
			{
				"fileName":"ThrowableCollector.java",
				"lineNumber":73,
				"className":"org.junit.platform.engine.support.hierarchical.ThrowableCollector",
				"methodName":"execute"
			},
			{
				"fileName":"NodeTestTask.java",
				"lineNumber":144,
				"className":"org.junit.platform.engine.support.hierarchical.NodeTestTask",
				"methodName":"executeRecursively"
			},
			{
				"fileName":"NodeTestTask.java",
				"lineNumber":101,
				"className":"org.junit.platform.engine.support.hierarchical.NodeTestTask",
				"methodName":"execute"
			},
			{
				"fileName":"ArrayList.java",
				"lineNumber":1604,
				"className":"java.util.ArrayList",
				"methodName":"forEach"
			},
			{
				"fileName":"SameThreadHierarchicalTestExecutorService.java",
				"lineNumber":41,
				"className":"org.junit.platform.engine.support.hierarchical.SameThreadHierarchicalTestExecutorService",
				"methodName":"invokeAll"
			},
			{
				"fileName":"NodeTestTask.java",
				"lineNumber":161,
				"className":"org.junit.platform.engine.support.hierarchical.NodeTestTask",
				"methodName":"lambda$executeRecursively$6"
			},
			{
				"fileName":"ThrowableCollector.java",
				"lineNumber":73,
				"className":"org.junit.platform.engine.support.hierarchical.ThrowableCollector",
				"methodName":"execute"
			},
			{
				"fileName":"NodeTestTask.java",
				"lineNumber":147,
				"className":"org.junit.platform.engine.support.hierarchical.NodeTestTask",
				"methodName":"lambda$executeRecursively$8"
			},
			{
				"fileName":"Node.java",
				"lineNumber":137,
				"className":"org.junit.platform.engine.support.hierarchical.Node",
				"methodName":"around"
			},
			{
				"fileName":"NodeTestTask.java",
				"lineNumber":145,
				"className":"org.junit.platform.engine.support.hierarchical.NodeTestTask",
				"methodName":"lambda$executeRecursively$9"
			},
			{
				"fileName":"ThrowableCollector.java",
				"lineNumber":73,
				"className":"org.junit.platform.engine.support.hierarchical.ThrowableCollector",
				"methodName":"execute"
			},
			{
				"fileName":"NodeTestTask.java",
				"lineNumber":144,
				"className":"org.junit.platform.engine.support.hierarchical.NodeTestTask",
				"methodName":"executeRecursively"
			},
			{
				"fileName":"NodeTestTask.java",
				"lineNumber":101,
				"className":"org.junit.platform.engine.support.hierarchical.NodeTestTask",
				"methodName":"execute"
			},
			{
				"fileName":"ArrayList.java",
				"lineNumber":1604,
				"className":"java.util.ArrayList",
				"methodName":"forEach"
			},
			{
				"fileName":"SameThreadHierarchicalTestExecutorService.java",
				"lineNumber":41,
				"className":"org.junit.platform.engine.support.hierarchical.SameThreadHierarchicalTestExecutorService",
				"methodName":"invokeAll"
			},
			{
				"fileName":"NodeTestTask.java",
				"lineNumber":161,
				"className":"org.junit.platform.engine.support.hierarchical.NodeTestTask",
				"methodName":"lambda$executeRecursively$6"
			},
			{
				"fileName":"ThrowableCollector.java",
				"lineNumber":73,
				"className":"org.junit.platform.engine.support.hierarchical.ThrowableCollector",
				"methodName":"execute"
			},
			{
				"fileName":"NodeTestTask.java",
				"lineNumber":147,
				"className":"org.junit.platform.engine.support.hierarchical.NodeTestTask",
				"methodName":"lambda$executeRecursively$8"
			},
			{
				"fileName":"Node.java",
				"lineNumber":137,
				"className":"org.junit.platform.engine.support.hierarchical.Node",
				"methodName":"around"
			},
			{
				"fileName":"NodeTestTask.java",
				"lineNumber":145,
				"className":"org.junit.platform.engine.support.hierarchical.NodeTestTask",
				"methodName":"lambda$executeRecursively$9"
			},
			{
				"fileName":"ThrowableCollector.java",
				"lineNumber":73,
				"className":"org.junit.platform.engine.support.hierarchical.ThrowableCollector",
				"methodName":"execute"
			},
			{
				"fileName":"NodeTestTask.java",
				"lineNumber":144,
				"className":"org.junit.platform.engine.support.hierarchical.NodeTestTask",
				"methodName":"executeRecursively"
			},
			{
				"fileName":"NodeTestTask.java",
				"lineNumber":101,
				"className":"org.junit.platform.engine.support.hierarchical.NodeTestTask",
				"methodName":"execute"
			},
			{
				"fileName":"SameThreadHierarchicalTestExecutorService.java",
				"lineNumber":35,
				"className":"org.junit.platform.engine.support.hierarchical.SameThreadHierarchicalTestExecutorService",
				"methodName":"submit"
			},
			{
				"fileName":"HierarchicalTestExecutor.java",
				"lineNumber":57,
				"className":"org.junit.platform.engine.support.hierarchical.HierarchicalTestExecutor",
				"methodName":"execute"
			},
			{
				"fileName":"HierarchicalTestEngine.java",
				"lineNumber":54,
				"className":"org.junit.platform.engine.support.hierarchical.HierarchicalTestEngine",
				"methodName":"execute"
			},
			{
				"fileName":"EngineExecutionOrchestrator.java",
				"lineNumber":230,
				"className":"org.junit.platform.launcher.core.EngineExecutionOrchestrator",
				"methodName":"executeEngine"
			},
			{
				"fileName":"EngineExecutionOrchestrator.java",
				"lineNumber":204,
				"className":"org.junit.platform.launcher.core.EngineExecutionOrchestrator",
				"methodName":"failOrExecuteEngine"
			},
			{
				"fileName":"EngineExecutionOrchestrator.java",
				"lineNumber":172,
				"className":"org.junit.platform.launcher.core.EngineExecutionOrchestrator",
				"methodName":"execute"
			},
			{
				"fileName":"EngineExecutionOrchestrator.java",
				"lineNumber":101,
				"className":"org.junit.platform.launcher.core.EngineExecutionOrchestrator",
				"methodName":"execute"
			},
			{
				"fileName":"EngineExecutionOrchestrator.java",
				"lineNumber":64,
				"className":"org.junit.platform.launcher.core.EngineExecutionOrchestrator",
				"methodName":"lambda$execute$0"
			},
			{
				"fileName":"EngineExecutionOrchestrator.java",
				"lineNumber":150,
				"className":"org.junit.platform.launcher.core.EngineExecutionOrchestrator",
				"methodName":"withInterceptedStreams"
			},
			{
				"fileName":"EngineExecutionOrchestrator.java",
				"lineNumber":63,
				"className":"org.junit.platform.launcher.core.EngineExecutionOrchestrator",
				"methodName":"execute"
			},
			{
				"fileName":"DefaultLauncher.java",
				"lineNumber":109,
				"className":"org.junit.platform.launcher.core.DefaultLauncher",
				"methodName":"execute"
			},
			{
				"fileName":"DefaultLauncher.java",
				"lineNumber":91,
				"className":"org.junit.platform.launcher.core.DefaultLauncher",
				"methodName":"execute"
			},
			{
				"fileName":"DelegatingLauncher.java",
				"lineNumber":47,
				"className":"org.junit.platform.launcher.core.DelegatingLauncher",
				"methodName":"execute"
			},
			{
				"fileName":"InterceptingLauncher.java",
				"lineNumber":39,
				"className":"org.junit.platform.launcher.core.InterceptingLauncher",
				"methodName":"lambda$execute$1"
			},
			{
				"fileName":"ClasspathAlignmentCheckingLauncherInterceptor.java",
				"lineNumber":25,
				"className":"org.junit.platform.launcher.core.ClasspathAlignmentCheckingLauncherInterceptor",
				"methodName":"intercept"
			},
			{
				"fileName":"InterceptingLauncher.java",
				"lineNumber":38,
				"className":"org.junit.platform.launcher.core.InterceptingLauncher",
				"methodName":"execute"
			},
			{
				"fileName":"DelegatingLauncher.java",
				"lineNumber":47,
				"className":"org.junit.platform.launcher.core.DelegatingLauncher",
				"methodName":"execute"
			},
			{
				"fileName":"LazyLauncher.java",
				"lineNumber":56,
				"className":"org.apache.maven.surefire.junitplatform.LazyLauncher",
				"methodName":"execute"
			},
			{
				"fileName":"JUnitPlatformProvider.java",
				"lineNumber":194,
				"className":"org.apache.maven.surefire.junitplatform.JUnitPlatformProvider",
				"methodName":"execute"
			},
			{
				"fileName":"JUnitPlatformProvider.java",
				"lineNumber":150,
				"className":"org.apache.maven.surefire.junitplatform.JUnitPlatformProvider",
				"methodName":"invokeAllTests"
			},
			{
				"fileName":"JUnitPlatformProvider.java",
				"lineNumber":124,
				"className":"org.apache.maven.surefire.junitplatform.JUnitPlatformProvider",
				"methodName":"invoke"
			},
			{
				"fileName":"ForkedBooter.java",
				"lineNumber":385,
				"className":"org.apache.maven.surefire.booter.ForkedBooter",
				"methodName":"runSuitesInProcess"
			},
			{
				"fileName":"ForkedBooter.java",
				"lineNumber":162,
				"className":"org.apache.maven.surefire.booter.ForkedBooter",
				"methodName":"execute"
			},
			{
				"fileName":"ForkedBooter.java",
				"lineNumber":507,
				"className":"org.apache.maven.surefire.booter.ForkedBooter",
				"methodName":"run"
			},
			{
				"fileName":"ForkedBooter.java",
				"lineNumber":495,
				"className":"org.apache.maven.surefire.booter.ForkedBooter",
				"methodName":"main"
			}
		],
		"suppressedExceptions":{
			"@type":"java.util.Collections$EmptyList#1",
			"@value":[]
		}
	}
}
{
	"@type":"java.time.format.DateTimeParseException#0",
	"@value":{
		"detailMessage":"aaa",
		"errorIndex":1,
		"parsedString":"bbb",
		"stackTrace":[
			{
				"fileName":"ExceptionTest.java",
				"lineNumber":76,
				"className":"com.alibaba.fastjson2.codec.ExceptionTest",
				"methodName":"test_exception_jsonb_fieldBased_1"
			},
			{
				"fileName":"DirectMethodHandleAccessor.java",
				"lineNumber":104,
				"className":"jdk.internal.reflect.DirectMethodHandleAccessor",
				"methodName":"invoke"
			},
			{
				"fileName":"Method.java",
				"lineNumber":565,
				"className":"java.lang.reflect.Method",
				"methodName":"invoke"
			},
			{
				"fileName":"ReflectionUtils.java",
				"lineNumber":787,
				"className":"org.junit.platform.commons.util.ReflectionUtils",
				"methodName":"invokeMethod"
			},
			{
				"fileName":"ReflectionSupport.java",
				"lineNumber":478,
				"className":"org.junit.platform.commons.support.ReflectionSupport",
				"methodName":"invokeMethod"
			},
			{
				"fileName":"MethodInvocation.java",
				"lineNumber":60,
				"className":"org.junit.jupiter.engine.execution.MethodInvocation",
				"methodName":"proceed"
			},
			{
				"fileName":"InvocationInterceptorChain.java",
				"lineNumber":131,
				"className":"org.junit.jupiter.engine.execution.InvocationInterceptorChain$ValidatingInvocation",
				"methodName":"proceed"
			},
			{
				"fileName":"TimeoutExtension.java",
				"lineNumber":161,
				"className":"org.junit.jupiter.engine.extension.TimeoutExtension",
				"methodName":"intercept"
			},
			{
				"fileName":"TimeoutExtension.java",
				"lineNumber":152,
				"className":"org.junit.jupiter.engine.extension.TimeoutExtension",
				"methodName":"interceptTestableMethod"
			},
			{
				"fileName":"TimeoutExtension.java",
				"lineNumber":91,
				"className":"org.junit.jupiter.engine.extension.TimeoutExtension",
				"methodName":"interceptTestMethod"
			},
			{
				"fileName":"InterceptingExecutableInvoker.java",
				"lineNumber":112,
				"className":"org.junit.jupiter.engine.execution.InterceptingExecutableInvoker$ReflectiveInterceptorCall",
				"methodName":"lambda$ofVoidMethod$0"
			},
			{
				"fileName":"InterceptingExecutableInvoker.java",
				"lineNumber":94,
				"className":"org.junit.jupiter.engine.execution.InterceptingExecutableInvoker",
				"methodName":"lambda$invoke$0"
			},
			{
				"fileName":"InvocationInterceptorChain.java",
				"lineNumber":106,
				"className":"org.junit.jupiter.engine.execution.InvocationInterceptorChain$InterceptedInvocation",
				"methodName":"proceed"
			},
			{
				"fileName":"InvocationInterceptorChain.java",
				"lineNumber":64,
				"className":"org.junit.jupiter.engine.execution.InvocationInterceptorChain",
				"methodName":"proceed"
			},
			{
				"fileName":"InvocationInterceptorChain.java",
				"lineNumber":45,
				"className":"org.junit.jupiter.engine.execution.InvocationInterceptorChain",
				"methodName":"chainAndInvoke"
			},
			{
				"fileName":"InvocationInterceptorChain.java",
				"lineNumber":37,
				"className":"org.junit.jupiter.engine.execution.InvocationInterceptorChain",
				"methodName":"invoke"
			},
			{
				"fileName":"InterceptingExecutableInvoker.java",
				"lineNumber":93,
				"className":"org.junit.jupiter.engine.execution.InterceptingExecutableInvoker",
				"methodName":"invoke"
			},
			{
				"fileName":"InterceptingExecutableInvoker.java",
				"lineNumber":87,
				"className":"org.junit.jupiter.engine.execution.InterceptingExecutableInvoker",
				"methodName":"invoke"
			},
			{
				"fileName":"TestMethodTestDescriptor.java",
				"lineNumber":221,
				"className":"org.junit.jupiter.engine.descriptor.TestMethodTestDescriptor",
				"methodName":"lambda$invokeTestMethod$4"
			},
			{
				"fileName":"ThrowableCollector.java",
				"lineNumber":73,
				"className":"org.junit.platform.engine.support.hierarchical.ThrowableCollector",
				"methodName":"execute"
			},
			{
				"fileName":"TestMethodTestDescriptor.java",
				"lineNumber":217,
				"className":"org.junit.jupiter.engine.descriptor.TestMethodTestDescriptor",
				"methodName":"invokeTestMethod"
			},
			{
				"fileName":"TestMethodTestDescriptor.java",
				"lineNumber":159,
				"className":"org.junit.jupiter.engine.descriptor.TestMethodTestDescriptor",
				"methodName":"execute"
			},
			{
				"fileName":"TestMethodTestDescriptor.java",
				"lineNumber":70,
				"className":"org.junit.jupiter.engine.descriptor.TestMethodTestDescriptor",
				"methodName":"execute"
			},
			{
				"fileName":"NodeTestTask.java",
				"lineNumber":157,
				"className":"org.junit.platform.engine.support.hierarchical.NodeTestTask",
				"methodName":"lambda$executeRecursively$6"
			},
			{
				"fileName":"ThrowableCollector.java",
				"lineNumber":73,
				"className":"org.junit.platform.engine.support.hierarchical.ThrowableCollector",
				"methodName":"execute"
			},
			{
				"fileName":"NodeTestTask.java",
				"lineNumber":147,
				"className":"org.junit.platform.engine.support.hierarchical.NodeTestTask",
				"methodName":"lambda$executeRecursively$8"
			},
			{
				"fileName":"Node.java",
				"lineNumber":137,
				"className":"org.junit.platform.engine.support.hierarchical.Node",
				"methodName":"around"
			},
			{
				"fileName":"NodeTestTask.java",
				"lineNumber":145,
				"className":"org.junit.platform.engine.support.hierarchical.NodeTestTask",
				"methodName":"lambda$executeRecursively$9"
			},
			{
				"fileName":"ThrowableCollector.java",
				"lineNumber":73,
				"className":"org.junit.platform.engine.support.hierarchical.ThrowableCollector",
				"methodName":"execute"
			},
			{
				"fileName":"NodeTestTask.java",
				"lineNumber":144,
				"className":"org.junit.platform.engine.support.hierarchical.NodeTestTask",
				"methodName":"executeRecursively"
			},
			{
				"fileName":"NodeTestTask.java",
				"lineNumber":101,
				"className":"org.junit.platform.engine.support.hierarchical.NodeTestTask",
				"methodName":"execute"
			},
			{
				"fileName":"ArrayList.java",
				"lineNumber":1604,
				"className":"java.util.ArrayList",
				"methodName":"forEach"
			},
			{
				"fileName":"SameThreadHierarchicalTestExecutorService.java",
				"lineNumber":41,
				"className":"org.junit.platform.engine.support.hierarchical.SameThreadHierarchicalTestExecutorService",
				"methodName":"invokeAll"
			},
			{
				"fileName":"NodeTestTask.java",
				"lineNumber":161,
				"className":"org.junit.platform.engine.support.hierarchical.NodeTestTask",
				"methodName":"lambda$executeRecursively$6"
			},
			{
				"fileName":"ThrowableCollector.java",
				"lineNumber":73,
				"className":"org.junit.platform.engine.support.hierarchical.ThrowableCollector",
				"methodName":"execute"
			},
			{
				"fileName":"NodeTestTask.java",
				"lineNumber":147,
				"className":"org.junit.platform.engine.support.hierarchical.NodeTestTask",
				"methodName":"lambda$executeRecursively$8"
			},
			{
				"fileName":"Node.java",
				"lineNumber":137,
				"className":"org.junit.platform.engine.support.hierarchical.Node",
				"methodName":"around"
			},
			{
				"fileName":"NodeTestTask.java",
				"lineNumber":145,
				"className":"org.junit.platform.engine.support.hierarchical.NodeTestTask",
				"methodName":"lambda$executeRecursively$9"
			},
			{
				"fileName":"ThrowableCollector.java",
				"lineNumber":73,
				"className":"org.junit.platform.engine.support.hierarchical.ThrowableCollector",
				"methodName":"execute"
			},
			{
				"fileName":"NodeTestTask.java",
				"lineNumber":144,
				"className":"org.junit.platform.engine.support.hierarchical.NodeTestTask",
				"methodName":"executeRecursively"
			},
			{
				"fileName":"NodeTestTask.java",
				"lineNumber":101,
				"className":"org.junit.platform.engine.support.hierarchical.NodeTestTask",
				"methodName":"execute"
			},
			{
				"fileName":"ArrayList.java",
				"lineNumber":1604,
				"className":"java.util.ArrayList",
				"methodName":"forEach"
			},
			{
				"fileName":"SameThreadHierarchicalTestExecutorService.java",
				"lineNumber":41,
				"className":"org.junit.platform.engine.support.hierarchical.SameThreadHierarchicalTestExecutorService",
				"methodName":"invokeAll"
			},
			{
				"fileName":"NodeTestTask.java",
				"lineNumber":161,
				"className":"org.junit.platform.engine.support.hierarchical.NodeTestTask",
				"methodName":"lambda$executeRecursively$6"
			},
			{
				"fileName":"ThrowableCollector.java",
				"lineNumber":73,
				"className":"org.junit.platform.engine.support.hierarchical.ThrowableCollector",
				"methodName":"execute"
			},
			{
				"fileName":"NodeTestTask.java",
				"lineNumber":147,
				"className":"org.junit.platform.engine.support.hierarchical.NodeTestTask",
				"methodName":"lambda$executeRecursively$8"
			},
			{
				"fileName":"Node.java",
				"lineNumber":137,
				"className":"org.junit.platform.engine.support.hierarchical.Node",
				"methodName":"around"
			},
			{
				"fileName":"NodeTestTask.java",
				"lineNumber":145,
				"className":"org.junit.platform.engine.support.hierarchical.NodeTestTask",
				"methodName":"lambda$executeRecursively$9"
			},
			{
				"fileName":"ThrowableCollector.java",
				"lineNumber":73,
				"className":"org.junit.platform.engine.support.hierarchical.ThrowableCollector",
				"methodName":"execute"
			},
			{
				"fileName":"NodeTestTask.java",
				"lineNumber":144,
				"className":"org.junit.platform.engine.support.hierarchical.NodeTestTask",
				"methodName":"executeRecursively"
			},
			{
				"fileName":"NodeTestTask.java",
				"lineNumber":101,
				"className":"org.junit.platform.engine.support.hierarchical.NodeTestTask",
				"methodName":"execute"
			},
			{
				"fileName":"SameThreadHierarchicalTestExecutorService.java",
				"lineNumber":35,
				"className":"org.junit.platform.engine.support.hierarchical.SameThreadHierarchicalTestExecutorService",
				"methodName":"submit"
			},
			{
				"fileName":"HierarchicalTestExecutor.java",
				"lineNumber":57,
				"className":"org.junit.platform.engine.support.hierarchical.HierarchicalTestExecutor",
				"methodName":"execute"
			},
			{
				"fileName":"HierarchicalTestEngine.java",
				"lineNumber":54,
				"className":"org.junit.platform.engine.support.hierarchical.HierarchicalTestEngine",
				"methodName":"execute"
			},
			{
				"fileName":"EngineExecutionOrchestrator.java",
				"lineNumber":230,
				"className":"org.junit.platform.launcher.core.EngineExecutionOrchestrator",
				"methodName":"executeEngine"
			},
			{
				"fileName":"EngineExecutionOrchestrator.java",
				"lineNumber":204,
				"className":"org.junit.platform.launcher.core.EngineExecutionOrchestrator",
				"methodName":"failOrExecuteEngine"
			},
			{
				"fileName":"EngineExecutionOrchestrator.java",
				"lineNumber":172,
				"className":"org.junit.platform.launcher.core.EngineExecutionOrchestrator",
				"methodName":"execute"
			},
			{
				"fileName":"EngineExecutionOrchestrator.java",
				"lineNumber":101,
				"className":"org.junit.platform.launcher.core.EngineExecutionOrchestrator",
				"methodName":"execute"
			},
			{
				"fileName":"EngineExecutionOrchestrator.java",
				"lineNumber":64,
				"className":"org.junit.platform.launcher.core.EngineExecutionOrchestrator",
				"methodName":"lambda$execute$0"
			},
			{
				"fileName":"EngineExecutionOrchestrator.java",
				"lineNumber":150,
				"className":"org.junit.platform.launcher.core.EngineExecutionOrchestrator",
				"methodName":"withInterceptedStreams"
			},
			{
				"fileName":"EngineExecutionOrchestrator.java",
				"lineNumber":63,
				"className":"org.junit.platform.launcher.core.EngineExecutionOrchestrator",
				"methodName":"execute"
			},
			{
				"fileName":"DefaultLauncher.java",
				"lineNumber":109,
				"className":"org.junit.platform.launcher.core.DefaultLauncher",
				"methodName":"execute"
			},
			{
				"fileName":"DefaultLauncher.java",
				"lineNumber":91,
				"className":"org.junit.platform.launcher.core.DefaultLauncher",
				"methodName":"execute"
			},
			{
				"fileName":"DelegatingLauncher.java",
				"lineNumber":47,
				"className":"org.junit.platform.launcher.core.DelegatingLauncher",
				"methodName":"execute"
			},
			{
				"fileName":"InterceptingLauncher.java",
				"lineNumber":39,
				"className":"org.junit.platform.launcher.core.InterceptingLauncher",
				"methodName":"lambda$execute$1"
			},
			{
				"fileName":"ClasspathAlignmentCheckingLauncherInterceptor.java",
				"lineNumber":25,
				"className":"org.junit.platform.launcher.core.ClasspathAlignmentCheckingLauncherInterceptor",
				"methodName":"intercept"
			},
			{
				"fileName":"InterceptingLauncher.java",
				"lineNumber":38,
				"className":"org.junit.platform.launcher.core.InterceptingLauncher",
				"methodName":"execute"
			},
			{
				"fileName":"DelegatingLauncher.java",
				"lineNumber":47,
				"className":"org.junit.platform.launcher.core.DelegatingLauncher",
				"methodName":"execute"
			},
			{
				"fileName":"LazyLauncher.java",
				"lineNumber":56,
				"className":"org.apache.maven.surefire.junitplatform.LazyLauncher",
				"methodName":"execute"
			},
			{
				"fileName":"JUnitPlatformProvider.java",
				"lineNumber":194,
				"className":"org.apache.maven.surefire.junitplatform.JUnitPlatformProvider",
				"methodName":"execute"
			},
			{
				"fileName":"JUnitPlatformProvider.java",
				"lineNumber":150,
				"className":"org.apache.maven.surefire.junitplatform.JUnitPlatformProvider",
				"methodName":"invokeAllTests"
			},
			{
				"fileName":"JUnitPlatformProvider.java",
				"lineNumber":124,
				"className":"org.apache.maven.surefire.junitplatform.JUnitPlatformProvider",
				"methodName":"invoke"
			},
			{
				"fileName":"ForkedBooter.java",
				"lineNumber":385,
				"className":"org.apache.maven.surefire.booter.ForkedBooter",
				"methodName":"runSuitesInProcess"
			},
			{
				"fileName":"ForkedBooter.java",
				"lineNumber":162,
				"className":"org.apache.maven.surefire.booter.ForkedBooter",
				"methodName":"execute"
			},
			{
				"fileName":"ForkedBooter.java",
				"lineNumber":507,
				"className":"org.apache.maven.surefire.booter.ForkedBooter",
				"methodName":"run"
			},
			{
				"fileName":"ForkedBooter.java",
				"lineNumber":495,
				"className":"org.apache.maven.surefire.booter.ForkedBooter",
				"methodName":"main"
			}
		],
		"suppressedExceptions":{
			"@type":"java.util.Collections$EmptyList#1",
			"@value":[]
		}
	}
}
{
	"@type":"IllegalStateException#0",
	"@value":{
		"stackTrace":[
			{
				"fileName":"ExceptionTest.java",
				"lineNumber":46,
				"className":"com.alibaba.fastjson2.codec.ExceptionTest",
				"methodName":"test_exception_jsonb"
			},
			{
				"fileName":"DirectMethodHandleAccessor.java",
				"lineNumber":104,
				"className":"jdk.internal.reflect.DirectMethodHandleAccessor",
				"methodName":"invoke"
			},
			{
				"fileName":"Method.java",
				"lineNumber":565,
				"className":"java.lang.reflect.Method",
				"methodName":"invoke"
			},
			{
				"fileName":"ReflectionUtils.java",
				"lineNumber":787,
				"className":"org.junit.platform.commons.util.ReflectionUtils",
				"methodName":"invokeMethod"
			},
			{
				"fileName":"ReflectionSupport.java",
				"lineNumber":478,
				"className":"org.junit.platform.commons.support.ReflectionSupport",
				"methodName":"invokeMethod"
			},
			{
				"fileName":"MethodInvocation.java",
				"lineNumber":60,
				"className":"org.junit.jupiter.engine.execution.MethodInvocation",
				"methodName":"proceed"
			},
			{
				"fileName":"InvocationInterceptorChain.java",
				"lineNumber":131,
				"className":"org.junit.jupiter.engine.execution.InvocationInterceptorChain$ValidatingInvocation",
				"methodName":"proceed"
			},
			{
				"fileName":"TimeoutExtension.java",
				"lineNumber":161,
				"className":"org.junit.jupiter.engine.extension.TimeoutExtension",
				"methodName":"intercept"
			},
			{
				"fileName":"TimeoutExtension.java",
				"lineNumber":152,
				"className":"org.junit.jupiter.engine.extension.TimeoutExtension",
				"methodName":"interceptTestableMethod"
			},
			{
				"fileName":"TimeoutExtension.java",
				"lineNumber":91,
				"className":"org.junit.jupiter.engine.extension.TimeoutExtension",
				"methodName":"interceptTestMethod"
			},
			{
				"fileName":"InterceptingExecutableInvoker.java",
				"lineNumber":112,
				"className":"org.junit.jupiter.engine.execution.InterceptingExecutableInvoker$ReflectiveInterceptorCall",
				"methodName":"lambda$ofVoidMethod$0"
			},
			{
				"fileName":"InterceptingExecutableInvoker.java",
				"lineNumber":94,
				"className":"org.junit.jupiter.engine.execution.InterceptingExecutableInvoker",
				"methodName":"lambda$invoke$0"
			},
			{
				"fileName":"InvocationInterceptorChain.java",
				"lineNumber":106,
				"className":"org.junit.jupiter.engine.execution.InvocationInterceptorChain$InterceptedInvocation",
				"methodName":"proceed"
			},
			{
				"fileName":"InvocationInterceptorChain.java",
				"lineNumber":64,
				"className":"org.junit.jupiter.engine.execution.InvocationInterceptorChain",
				"methodName":"proceed"
			},
			{
				"fileName":"InvocationInterceptorChain.java",
				"lineNumber":45,
				"className":"org.junit.jupiter.engine.execution.InvocationInterceptorChain",
				"methodName":"chainAndInvoke"
			},
			{
				"fileName":"InvocationInterceptorChain.java",
				"lineNumber":37,
				"className":"org.junit.jupiter.engine.execution.InvocationInterceptorChain",
				"methodName":"invoke"
			},
			{
				"fileName":"InterceptingExecutableInvoker.java",
				"lineNumber":93,
				"className":"org.junit.jupiter.engine.execution.InterceptingExecutableInvoker",
				"methodName":"invoke"
			},
			{
				"fileName":"InterceptingExecutableInvoker.java",
				"lineNumber":87,
				"className":"org.junit.jupiter.engine.execution.InterceptingExecutableInvoker",
				"methodName":"invoke"
			},
			{
				"fileName":"TestMethodTestDescriptor.java",
				"lineNumber":221,
				"className":"org.junit.jupiter.engine.descriptor.TestMethodTestDescriptor",
				"methodName":"lambda$invokeTestMethod$4"
			},
			{
				"fileName":"ThrowableCollector.java",
				"lineNumber":73,
				"className":"org.junit.platform.engine.support.hierarchical.ThrowableCollector",
				"methodName":"execute"
			},
			{
				"fileName":"TestMethodTestDescriptor.java",
				"lineNumber":217,
				"className":"org.junit.jupiter.engine.descriptor.TestMethodTestDescriptor",
				"methodName":"invokeTestMethod"
			},
			{
				"fileName":"TestMethodTestDescriptor.java",
				"lineNumber":159,
				"className":"org.junit.jupiter.engine.descriptor.TestMethodTestDescriptor",
				"methodName":"execute"
			},
			{
				"fileName":"TestMethodTestDescriptor.java",
				"lineNumber":70,
				"className":"org.junit.jupiter.engine.descriptor.TestMethodTestDescriptor",
				"methodName":"execute"
			},
			{
				"fileName":"NodeTestTask.java",
				"lineNumber":157,
				"className":"org.junit.platform.engine.support.hierarchical.NodeTestTask",
				"methodName":"lambda$executeRecursively$6"
			},
			{
				"fileName":"ThrowableCollector.java",
				"lineNumber":73,
				"className":"org.junit.platform.engine.support.hierarchical.ThrowableCollector",
				"methodName":"execute"
			},
			{
				"fileName":"NodeTestTask.java",
				"lineNumber":147,
				"className":"org.junit.platform.engine.support.hierarchical.NodeTestTask",
				"methodName":"lambda$executeRecursively$8"
			},
			{
				"fileName":"Node.java",
				"lineNumber":137,
				"className":"org.junit.platform.engine.support.hierarchical.Node",
				"methodName":"around"
			},
			{
				"fileName":"NodeTestTask.java",
				"lineNumber":145,
				"className":"org.junit.platform.engine.support.hierarchical.NodeTestTask",
				"methodName":"lambda$executeRecursively$9"
			},
			{
				"fileName":"ThrowableCollector.java",
				"lineNumber":73,
				"className":"org.junit.platform.engine.support.hierarchical.ThrowableCollector",
				"methodName":"execute"
			},
			{
				"fileName":"NodeTestTask.java",
				"lineNumber":144,
				"className":"org.junit.platform.engine.support.hierarchical.NodeTestTask",
				"methodName":"executeRecursively"
			},
			{
				"fileName":"NodeTestTask.java",
				"lineNumber":101,
				"className":"org.junit.platform.engine.support.hierarchical.NodeTestTask",
				"methodName":"execute"
			},
			{
				"fileName":"ArrayList.java",
				"lineNumber":1604,
				"className":"java.util.ArrayList",
				"methodName":"forEach"
			},
			{
				"fileName":"SameThreadHierarchicalTestExecutorService.java",
				"lineNumber":41,
				"className":"org.junit.platform.engine.support.hierarchical.SameThreadHierarchicalTestExecutorService",
				"methodName":"invokeAll"
			},
			{
				"fileName":"NodeTestTask.java",
				"lineNumber":161,
				"className":"org.junit.platform.engine.support.hierarchical.NodeTestTask",
				"methodName":"lambda$executeRecursively$6"
			},
			{
				"fileName":"ThrowableCollector.java",
				"lineNumber":73,
				"className":"org.junit.platform.engine.support.hierarchical.ThrowableCollector",
				"methodName":"execute"
			},
			{
				"fileName":"NodeTestTask.java",
				"lineNumber":147,
				"className":"org.junit.platform.engine.support.hierarchical.NodeTestTask",
				"methodName":"lambda$executeRecursively$8"
			},
			{
				"fileName":"Node.java",
				"lineNumber":137,
				"className":"org.junit.platform.engine.support.hierarchical.Node",
				"methodName":"around"
			},
			{
				"fileName":"NodeTestTask.java",
				"lineNumber":145,
				"className":"org.junit.platform.engine.support.hierarchical.NodeTestTask",
				"methodName":"lambda$executeRecursively$9"
			},
			{
				"fileName":"ThrowableCollector.java",
				"lineNumber":73,
				"className":"org.junit.platform.engine.support.hierarchical.ThrowableCollector",
				"methodName":"execute"
			},
			{
				"fileName":"NodeTestTask.java",
				"lineNumber":144,
				"className":"org.junit.platform.engine.support.hierarchical.NodeTestTask",
				"methodName":"executeRecursively"
			},
			{
				"fileName":"NodeTestTask.java",
				"lineNumber":101,
				"className":"org.junit.platform.engine.support.hierarchical.NodeTestTask",
				"methodName":"execute"
			},
			{
				"fileName":"ArrayList.java",
				"lineNumber":1604,
				"className":"java.util.ArrayList",
				"methodName":"forEach"
			},
			{
				"fileName":"SameThreadHierarchicalTestExecutorService.java",
				"lineNumber":41,
				"className":"org.junit.platform.engine.support.hierarchical.SameThreadHierarchicalTestExecutorService",
				"methodName":"invokeAll"
			},
			{
				"fileName":"NodeTestTask.java",
				"lineNumber":161,
				"className":"org.junit.platform.engine.support.hierarchical.NodeTestTask",
				"methodName":"lambda$executeRecursively$6"
			},
			{
				"fileName":"ThrowableCollector.java",
				"lineNumber":73,
				"className":"org.junit.platform.engine.support.hierarchical.ThrowableCollector",
				"methodName":"execute"
			},
			{
				"fileName":"NodeTestTask.java",
				"lineNumber":147,
				"className":"org.junit.platform.engine.support.hierarchical.NodeTestTask",
				"methodName":"lambda$executeRecursively$8"
			},
			{
				"fileName":"Node.java",
				"lineNumber":137,
				"className":"org.junit.platform.engine.support.hierarchical.Node",
				"methodName":"around"
			},
			{
				"fileName":"NodeTestTask.java",
				"lineNumber":145,
				"className":"org.junit.platform.engine.support.hierarchical.NodeTestTask",
				"methodName":"lambda$executeRecursively$9"
			},
			{
				"fileName":"ThrowableCollector.java",
				"lineNumber":73,
				"className":"org.junit.platform.engine.support.hierarchical.ThrowableCollector",
				"methodName":"execute"
			},
			{
				"fileName":"NodeTestTask.java",
				"lineNumber":144,
				"className":"org.junit.platform.engine.support.hierarchical.NodeTestTask",
				"methodName":"executeRecursively"
			},
			{
				"fileName":"NodeTestTask.java",
				"lineNumber":101,
				"className":"org.junit.platform.engine.support.hierarchical.NodeTestTask",
				"methodName":"execute"
			},
			{
				"fileName":"SameThreadHierarchicalTestExecutorService.java",
				"lineNumber":35,
				"className":"org.junit.platform.engine.support.hierarchical.SameThreadHierarchicalTestExecutorService",
				"methodName":"submit"
			},
			{
				"fileName":"HierarchicalTestExecutor.java",
				"lineNumber":57,
				"className":"org.junit.platform.engine.support.hierarchical.HierarchicalTestExecutor",
				"methodName":"execute"
			},
			{
				"fileName":"HierarchicalTestEngine.java",
				"lineNumber":54,
				"className":"org.junit.platform.engine.support.hierarchical.HierarchicalTestEngine",
				"methodName":"execute"
			},
			{
				"fileName":"EngineExecutionOrchestrator.java",
				"lineNumber":230,
				"className":"org.junit.platform.launcher.core.EngineExecutionOrchestrator",
				"methodName":"executeEngine"
			},
			{
				"fileName":"EngineExecutionOrchestrator.java",
				"lineNumber":204,
				"className":"org.junit.platform.launcher.core.EngineExecutionOrchestrator",
				"methodName":"failOrExecuteEngine"
			},
			{
				"fileName":"EngineExecutionOrchestrator.java",
				"lineNumber":172,
				"className":"org.junit.platform.launcher.core.EngineExecutionOrchestrator",
				"methodName":"execute"
			},
			{
				"fileName":"EngineExecutionOrchestrator.java",
				"lineNumber":101,
				"className":"org.junit.platform.launcher.core.EngineExecutionOrchestrator",
				"methodName":"execute"
			},
			{
				"fileName":"EngineExecutionOrchestrator.java",
				"lineNumber":64,
				"className":"org.junit.platform.launcher.core.EngineExecutionOrchestrator",
				"methodName":"lambda$execute$0"
			},
			{
				"fileName":"EngineExecutionOrchestrator.java",
				"lineNumber":150,
				"className":"org.junit.platform.launcher.core.EngineExecutionOrchestrator",
				"methodName":"withInterceptedStreams"
			},
			{
				"fileName":"EngineExecutionOrchestrator.java",
				"lineNumber":63,
				"className":"org.junit.platform.launcher.core.EngineExecutionOrchestrator",
				"methodName":"execute"
			},
			{
				"fileName":"DefaultLauncher.java",
				"lineNumber":109,
				"className":"org.junit.platform.launcher.core.DefaultLauncher",
				"methodName":"execute"
			},
			{
				"fileName":"DefaultLauncher.java",
				"lineNumber":91,
				"className":"org.junit.platform.launcher.core.DefaultLauncher",
				"methodName":"execute"
			},
			{
				"fileName":"DelegatingLauncher.java",
				"lineNumber":47,
				"className":"org.junit.platform.launcher.core.DelegatingLauncher",
				"methodName":"execute"
			},
			{
				"fileName":"InterceptingLauncher.java",
				"lineNumber":39,
				"className":"org.junit.platform.launcher.core.InterceptingLauncher",
				"methodName":"lambda$execute$1"
			},
			{
				"fileName":"ClasspathAlignmentCheckingLauncherInterceptor.java",
				"lineNumber":25,
				"className":"org.junit.platform.launcher.core.ClasspathAlignmentCheckingLauncherInterceptor",
				"methodName":"intercept"
			},
			{
				"fileName":"InterceptingLauncher.java",
				"lineNumber":38,
				"className":"org.junit.platform.launcher.core.InterceptingLauncher",
				"methodName":"execute"
			},
			{
				"fileName":"DelegatingLauncher.java",
				"lineNumber":47,
				"className":"org.junit.platform.launcher.core.DelegatingLauncher",
				"methodName":"execute"
			},
			{
				"fileName":"LazyLauncher.java",
				"lineNumber":56,
				"className":"org.apache.maven.surefire.junitplatform.LazyLauncher",
				"methodName":"execute"
			},
			{
				"fileName":"JUnitPlatformProvider.java",
				"lineNumber":194,
				"className":"org.apache.maven.surefire.junitplatform.JUnitPlatformProvider",
				"methodName":"execute"
			},
			{
				"fileName":"JUnitPlatformProvider.java",
				"lineNumber":150,
				"className":"org.apache.maven.surefire.junitplatform.JUnitPlatformProvider",
				"methodName":"invokeAllTests"
			},
			{
				"fileName":"JUnitPlatformProvider.java",
				"lineNumber":124,
				"className":"org.apache.maven.surefire.junitplatform.JUnitPlatformProvider",
				"methodName":"invoke"
			},
			{
				"fileName":"ForkedBooter.java",
				"lineNumber":385,
				"className":"org.apache.maven.surefire.booter.ForkedBooter",
				"methodName":"runSuitesInProcess"
			},
			{
				"fileName":"ForkedBooter.java",
				"lineNumber":162,
				"className":"org.apache.maven.surefire.booter.ForkedBooter",
				"methodName":"execute"
			},
			{
				"fileName":"ForkedBooter.java",
				"lineNumber":507,
				"className":"org.apache.maven.surefire.booter.ForkedBooter",
				"methodName":"run"
			},
			{
				"fileName":"ForkedBooter.java",
				"lineNumber":495,
				"className":"org.apache.maven.surefire.booter.ForkedBooter",
				"methodName":"main"
			}
		],
		"suppressed":[]
	}
}
{
	"ref":{"$ref":".."}
}
{
	"@type":"com.alibaba.fastjson2.codec.JSONBTableTest6$A#0",
	"@value":{
		"a":{
			"id":1001
		},
		"b":{"$ref":"$.a"}
	}
}
{
	"@type":"Cat",
	"catId":1001
}
{
	"@type":"Cat",
	"catId":1001
}
{
	"c1":{},
	"c2":{"$ref":"$.c1"}
}
{
	"c":{},
	"values":[
		{"$ref":"$.c"}
	]
}
{
	"list0":[
		{
			"id":101
		},
		{
			"id":102
		}
	],
	"list1":[
		{
			"id":201
		},
		{
			"id":202
		}
	],
	"list2":[
		{
			"id":201
		},
		{
			"id":202
		}
	]
}
{
	"@type":"com.alibaba.fastjson2.codec.JSONBTableTest2$C#0",
	"@value":{
		"list1":{
			"@type":"A#1",
			"@value":[
				{
					"id":201
				},
				{
					"id":202
				}
			]
		},
		"list2":[
			{
				"@type":"com.alibaba.fastjson2.codec.JSONBTableTest2$Item#2",
				"@value":{
					"id":301
				}
			},
			{
				"@type":"#2",
				"@value":{
					"id":302
				}
			}
		]
	}
}
{
	"@type":"com.alibaba.fastjson2.codec.JSONBTableTest8$Bean",
	"values":{
		"@type":"A",
		"@value":[
			{
				"event":{}
			},
			{
				"event":{"$ref":"$.values[0].event"}
			}
		]
	}
}
{
	"@type":"com.alibaba.fastjson2.codec.JSONBTableTest8$Bean#0",
	"@value":{
		"values":{
			"@type":"A#1",
			"@value":[
				{
					"event":{}
				},
				{"$ref":"$.values[0]"}
			]
		}
	}
}
{
	"v0001":102,
	"v0000":101,
	"v0007":108,
	"x0001":"2026-10-07 00:31:57.422398868",
	"v0006":107,
	"v0009":110,
	"x0003":"中3",
	"v0008":109,
	"x0002":"中2",
	"v0003":"104",
	"x0005":"中华人民共和国",
	"v0002":103,
	"x0004":"中4",
	"v0005":106,
	"v0004":"105"
}
bytes.length=56
bytes.length=87003
bytes.length=81
bytes3.length=174003
bytes.length=81
bytes3.length=174003
{"id":0,"name":"jobs"}
{"@type":"com.alibaba.fastjson2.codec.JSONBTableTest5$B","values":[{"id":101,"name":"DataWorks"},{"id":102,"name":"MaxCompute"}]}
{
	"@type":"JSONObject#0",
	"@value":{
		"@type":"com.alibaba.fastjson2.codec.JSONBTableTest5$B",
		"values":{
			"@type":"JSONArray#1",
			"@value":[
				{
					"@type":"#0",
					"@value":{
						"id":101,
						"name":"DataWorks"
					}
				},
				{
					"@type":"#0",
					"@value":{
						"id":102,
						"name":"MaxCompute"
					}
				}
			]
		}
	}
}
{
	"values":[
		{
			"id":101,
			"name":"DataWorks"
		},
		{
			"id":102,
			"name":"MaxCompute"
		}
	]
}
com.alibaba.fastjson2.JSONException: not support type : OBJECT_END -91, offset 55/55
	at com.alibaba.fastjson2.JSONReaderJSONB.readAny(JSONReaderJSONB.java:1031)
	at com.alibaba.fastjson2.reader.ObjectReaderImplMap.readJSONBObject(ObjectReaderImplMap.java:409)
	at com.alibaba.fastjson2.reader.ORG_1891_1_A.readJSONBObject(Unknown Source)
	at com.alibaba.fastjson2.JSONB.parseObject(JSONB.java:734)
	at com.alibaba.fastjson2.codec.JSONBTableTest5.test_d(JSONBTableTest5.java:34)
	at java.base/jdk.internal.reflect.DirectMethodHandleAccessor.invoke(DirectMethodHandleAccessor.java:104)
	at java.base/java.lang.reflect.Method.invoke(Method.java:565)
	at org.junit.platform.commons.util.ReflectionUtils.invokeMethod(ReflectionUtils.java:787)
	at org.junit.platform.commons.support.ReflectionSupport.invokeMethod(ReflectionSupport.java:478)
	at org.junit.jupiter.engine.execution.MethodInvocation.proceed(MethodInvocation.java:60)
	at org.junit.jupiter.engine.execution.InvocationInterceptorChain$ValidatingInvocation.proceed(InvocationInterceptorChain.java:131)
	at org.junit.jupiter.engine.extension.TimeoutExtension.intercept(TimeoutExtension.java:161)
	at org.junit.jupiter.engine.extension.TimeoutExtension.interceptTestableMethod(TimeoutExtension.java:152)
	at org.junit.jupiter.engine.extension.TimeoutExtension.interceptTestMethod(TimeoutExtension.java:91)
	at org.junit.jupiter.engine.execution.InterceptingExecutableInvoker$ReflectiveInterceptorCall.lambda$ofVoidMethod$0(InterceptingExecutableInvoker.java:112)
	at org.junit.jupiter.engine.execution.InterceptingExecutableInvoker.lambda$invoke$0(InterceptingExecutableInvoker.java:94)
	at org.junit.jupiter.engine.execution.InvocationInterceptorChain$InterceptedInvocation.proceed(InvocationInterceptorChain.java:106)
	at org.junit.jupiter.engine.execution.InvocationInterceptorChain.proceed(InvocationInterceptorChain.java:64)
	at org.junit.jupiter.engine.execution.InvocationInterceptorChain.chainAndInvoke(InvocationInterceptorChain.java:45)
	at org.junit.jupiter.engine.execution.InvocationInterceptorChain.invoke(InvocationInterceptorChain.java:37)
	at org.junit.jupiter.engine.execution.InterceptingExecutableInvoker.invoke(InterceptingExecutableInvoker.java:93)
	at org.junit.jupiter.engine.execution.InterceptingExecutableInvoker.invoke(InterceptingExecutableInvoker.java:87)
	at org.junit.jupiter.engine.descriptor.TestMethodTestDescriptor.lambda$invokeTestMethod$4(TestMethodTestDescriptor.java:221)
	at org.junit.platform.engine.support.hierarchical.ThrowableCollector.execute(ThrowableCollector.java:73)
	at org.junit.jupiter.engine.descriptor.TestMethodTestDescriptor.invokeTestMethod(TestMethodTestDescriptor.java:217)
	at org.junit.jupiter.engine.descriptor.TestMethodTestDescriptor.execute(TestMethodTestDescriptor.java:159)
	at org.junit.jupiter.engine.descriptor.TestMethodTestDescriptor.execute(TestMethodTestDescriptor.java:70)
	at org.junit.platform.engine.support.hierarchical.NodeTestTask.lambda$executeRecursively$6(NodeTestTask.java:157)
	at org.junit.platform.engine.support.hierarchical.ThrowableCollector.execute(ThrowableCollector.java:73)
	at org.junit.platform.engine.support.hierarchical.NodeTestTask.lambda$executeRecursively$8(NodeTestTask.java:147)
	at org.junit.platform.engine.support.hierarchical.Node.around(Node.java:137)
	at org.junit.platform.engine.support.hierarchical.NodeTestTask.lambda$executeRecursively$9(NodeTestTask.java:145)
	at org.junit.platform.engine.support.hierarchical.ThrowableCollector.execute(ThrowableCollector.java:73)
	at org.junit.platform.engine.support.hierarchical.NodeTestTask.executeRecursively(NodeTestTask.java:144)
	at org.junit.platform.engine.support.hierarchical.NodeTestTask.execute(NodeTestTask.java:101)
	at java.base/java.util.ArrayList.forEach(ArrayList.java:1604)
	at org.junit.platform.engine.support.hierarchical.SameThreadHierarchicalTestExecutorService.invokeAll(SameThreadHierarchicalTestExecutorService.java:41)
	at org.junit.platform.engine.support.hierarchical.NodeTestTask.lambda$executeRecursively$6(NodeTestTask.java:161)
	at org.junit.platform.engine.support.hierarchical.ThrowableCollector.execute(ThrowableCollector.java:73)
	at org.junit.platform.engine.support.hierarchical.NodeTestTask.lambda$executeRecursively$8(NodeTestTask.java:147)
	at org.junit.platform.engine.support.hierarchical.Node.around(Node.java:137)
	at org.junit.platform.engine.support.hierarchical.NodeTestTask.lambda$executeRecursively$9(NodeTestTask.java:145)
	at org.junit.platform.engine.support.hierarchical.ThrowableCollector.execute(ThrowableCollector.java:73)
	at org.junit.platform.engine.support.hierarchical.NodeTestTask.executeRecursively(NodeTestTask.java:144)
	at org.junit.platform.engine.support.hierarchical.NodeTestTask.execute(NodeTestTask.java:101)
	at java.base/java.util.ArrayList.forEach(ArrayList.java:1604)
	at org.junit.platform.engine.support.hierarchical.SameThreadHierarchicalTestExecutorService.invokeAll(SameThreadHierarchicalTestExecutorService.java:41)
	at org.junit.platform.engine.support.hierarchical.NodeTestTask.lambda$executeRecursively$6(NodeTestTask.java:161)
	at org.junit.platform.engine.support.hierarchical.ThrowableCollector.execute(ThrowableCollector.java:73)
	at org.junit.platform.engine.support.hierarchical.NodeTestTask.lambda$executeRecursively$8(NodeTestTask.java:147)
	at org.junit.platform.engine.support.hierarchical.Node.around(Node.java:137)
	at org.junit.platform.engine.support.hierarchical.NodeTestTask.lambda$executeRecursively$9(NodeTestTask.java:145)
	at org.junit.platform.engine.support.hierarchical.ThrowableCollector.execute(ThrowableCollector.java:73)
	at org.junit.platform.engine.support.hierarchical.NodeTestTask.executeRecursively(NodeTestTask.java:144)
	at org.junit.platform.engine.support.hierarchical.NodeTestTask.execute(NodeTestTask.java:101)
	at org.junit.platform.engine.support.hierarchical.SameThreadHierarchicalTestExecutorService.submit(SameThreadHierarchicalTestExecutorService.java:35)
	at org.junit.platform.engine.support.hierarchical.HierarchicalTestExecutor.execute(HierarchicalTestExecutor.java:57)
	at org.junit.platform.engine.support.hierarchical.HierarchicalTestEngine.execute(HierarchicalTestEngine.java:54)
	at org.junit.platform.launcher.core.EngineExecutionOrchestrator.executeEngine(EngineExecutionOrchestrator.java:230)
	at org.junit.platform.launcher.core.EngineExecutionOrchestrator.failOrExecuteEngine(EngineExecutionOrchestrator.java:204)
	at org.junit.platform.launcher.core.EngineExecutionOrchestrator.execute(EngineExecutionOrchestrator.java:172)
	at org.junit.platform.launcher.core.EngineExecutionOrchestrator.execute(EngineExecutionOrchestrator.java:101)
	at org.junit.platform.launcher.core.EngineExecutionOrchestrator.lambda$execute$0(EngineExecutionOrchestrator.java:64)
	at org.junit.platform.launcher.core.EngineExecutionOrchestrator.withInterceptedStreams(EngineExecutionOrchestrator.java:150)
	at org.junit.platform.launcher.core.EngineExecutionOrchestrator.execute(EngineExecutionOrchestrator.java:63)
	at org.junit.platform.launcher.core.DefaultLauncher.execute(DefaultLauncher.java:109)
	at org.junit.platform.launcher.core.DefaultLauncher.execute(DefaultLauncher.java:91)
	at org.junit.platform.launcher.core.DelegatingLauncher.execute(DelegatingLauncher.java:47)
	at org.junit.platform.launcher.core.InterceptingLauncher.lambda$execute$1(InterceptingLauncher.java:39)
	at org.junit.platform.launcher.core.ClasspathAlignmentCheckingLauncherInterceptor.intercept(ClasspathAlignmentCheckingLauncherInterceptor.java:25)
	at org.junit.platform.launcher.core.InterceptingLauncher.execute(InterceptingLauncher.java:38)
	at org.junit.platform.launcher.core.DelegatingLauncher.execute(DelegatingLauncher.java:47)
	at org.apache.maven.surefire.junitplatform.LazyLauncher.execute(LazyLauncher.java:56)
	at org.apache.maven.surefire.junitplatform.JUnitPlatformProvider.execute(JUnitPlatformProvider.java:194)
	at org.apache.maven.surefire.junitplatform.JUnitPlatformProvider.invokeAllTests(JUnitPlatformProvider.java:150)
	at org.apache.maven.surefire.junitplatform.JUnitPlatformProvider.invoke(JUnitPlatformProvider.java:124)
	at org.apache.maven.surefire.booter.ForkedBooter.runSuitesInProcess(ForkedBooter.java:385)
	at org.apache.maven.surefire.booter.ForkedBooter.execute(ForkedBooter.java:162)
	at org.apache.maven.surefire.booter.ForkedBooter.run(ForkedBooter.java:507)
	at org.apache.maven.surefire.booter.ForkedBooter.main(ForkedBooter.java:495)
[
	{
		"employees":[
			{
				"id":1
			},
			{
				"id":2
			},
			{
				"id":3
			}
		]
	}
]
1900-01-01	+08:05:43
1900-02-01	+08:05:43
1900-03-01	+08:05:43
1900-04-01	+08:05:43
1900-05-01	+08:05:43
1900-06-01	+08:05:43
1900-07-01	+08:05:43
1900-08-01	+08:05:43
1900-09-01	+08:05:43
1900-10-01	+08:05:43
1900-11-01	+08:05:43
1900-12-01	+08:05:43
1901-01-01	+08:00
1901-02-01	+08:00
1901-03-01	+08:00
1901-04-01	+08:00
1901-05-01	+08:00
1901-06-01	+08:00
1901-07-01	+08:00
1901-08-01	+08:00
1901-09-01	+08:00
1901-10-01	+08:00
1901-11-01	+08:00
1901-12-01	+08:00
1902-01-01	+08:00
1902-02-01	+08:00
1902-03-01	+08:00
1902-04-01	+08:00
1902-05-01	+08:00
1902-06-01	+08:00
1902-07-01	+08:00
1902-08-01	+08:00
1902-09-01	+08:00
1902-10-01	+08:00
1902-11-01	+08:00
1902-12-01	+08:00
1903-01-01	+08:00
1903-02-01	+08:00
1903-03-01	+08:00
1903-04-01	+08:00
1903-05-01	+08:00
1903-06-01	+08:00
1903-07-01	+08:00
1903-08-01	+08:00
1903-09-01	+08:00
1903-10-01	+08:00
1903-11-01	+08:00
1903-12-01	+08:00
1904-01-01	+08:00
1904-02-01	+08:00
1904-03-01	+08:00
1904-04-01	+08:00
1904-05-01	+08:00
1904-06-01	+08:00
1904-07-01	+08:00
1904-08-01	+08:00
1904-09-01	+08:00
1904-10-01	+08:00
1904-11-01	+08:00
1904-12-01	+08:00
1905-01-01	+08:00
1905-02-01	+08:00
1905-03-01	+08:00
1905-04-01	+08:00
1905-05-01	+08:00
1905-06-01	+08:00
1905-07-01	+08:00
1905-08-01	+08:00
1905-09-01	+08:00
1905-10-01	+08:00
1905-11-01	+08:00
1905-12-01	+08:00
1906-01-01	+08:00
1906-02-01	+08:00
1906-03-01	+08:00
1906-04-01	+08:00
1906-05-01	+08:00
1906-06-01	+08:00
1906-07-01	+08:00
1906-08-01	+08:00
1906-09-01	+08:00
1906-10-01	+08:00
1906-11-01	+08:00
1906-12-01	+08:00
1907-01-01	+08:00
1907-02-01	+08:00
1907-03-01	+08:00
1907-04-01	+08:00
1907-05-01	+08:00
1907-06-01	+08:00
1907-07-01	+08:00
1907-08-01	+08:00
1907-09-01	+08:00
1907-10-01	+08:00
1907-11-01	+08:00
1907-12-01	+08:00
1908-01-01	+08:00
1908-02-01	+08:00
1908-03-01	+08:00
1908-04-01	+08:00
1908-05-01	+08:00
1908-06-01	+08:00
1908-07-01	+08:00
1908-08-01	+08:00
1908-09-01	+08:00
1908-10-01	+08:00
1908-11-01	+08:00
1908-12-01	+08:00
1909-01-01	+08:00
1909-02-01	+08:00
1909-03-01	+08:00
1909-04-01	+08:00
1909-05-01	+08:00
1909-06-01	+08:00
1909-07-01	+08:00
1909-08-01	+08:00
1909-09-01	+08:00
1909-10-01	+08:00
1909-11-01	+08:00
1909-12-01	+08:00
1910-01-01	+08:00
1910-02-01	+08:00
1910-03-01	+08:00
1910-04-01	+08:00
1910-05-01	+08:00
1910-06-01	+08:00
1910-07-01	+08:00
1910-08-01	+08:00
1910-09-01	+08:00
1910-10-01	+08:00
1910-11-01	+08:00
1910-12-01	+08:00
1911-01-01	+08:00
1911-02-01	+08:00
1911-03-01	+08:00
1911-04-01	+08:00
1911-05-01	+08:00
1911-06-01	+08:00
1911-07-01	+08:00
1911-08-01	+08:00
1911-09-01	+08:00
1911-10-01	+08:00
1911-11-01	+08:00
1911-12-01	+08:00
1912-01-01	+08:00
1912-02-01	+08:00
1912-03-01	+08:00
1912-04-01	+08:00
1912-05-01	+08:00
1912-06-01	+08:00
1912-07-01	+08:00
1912-08-01	+08:00
1912-09-01	+08:00
1912-10-01	+08:00
1912-11-01	+08:00
1912-12-01	+08:00
1913-01-01	+08:00
1913-02-01	+08:00
1913-03-01	+08:00
1913-04-01	+08:00
1913-05-01	+08:00
1913-06-01	+08:00
1913-07-01	+08:00
1913-08-01	+08:00
1913-09-01	+08:00
1913-10-01	+08:00
1913-11-01	+08:00
1913-12-01	+08:00
1914-01-01	+08:00
1914-02-01	+08:00
1914-03-01	+08:00
1914-04-01	+08:00
1914-05-01	+08:00
1914-06-01	+08:00
1914-07-01	+08:00
1914-08-01	+08:00
1914-09-01	+08:00
1914-10-01	+08:00
1914-11-01	+08:00
1914-12-01	+08:00
1915-01-01	+08:00
1915-02-01	+08:00
1915-03-01	+08:00
1915-04-01	+08:00
1915-05-01	+08:00
1915-06-01	+08:00
1915-07-01	+08:00
1915-08-01	+08:00
1915-09-01	+08:00
1915-10-01	+08:00
1915-11-01	+08:00
1915-12-01	+08:00
1916-01-01	+08:00
1916-02-01	+08:00
1916-03-01	+08:00
1916-04-01	+08:00
1916-05-01	+08:00
1916-06-01	+08:00
1916-07-01	+08:00
1916-08-01	+08:00
1916-09-01	+08:00
1916-10-01	+08:00
1916-11-01	+08:00
1916-12-01	+08:00
1917-01-01	+08:00
1917-02-01	+08:00
1917-03-01	+08:00
1917-04-01	+08:00
1917-05-01	+08:00
1917-06-01	+08:00
1917-07-01	+08:00
1917-08-01	+08:00
1917-09-01	+08:00
1917-10-01	+08:00
1917-11-01	+08:00
1917-12-01	+08:00
1918-01-01	+08:00
1918-02-01	+08:00
1918-03-01	+08:00
1918-04-01	+08:00
1918-05-01	+08:00
1918-06-01	+08:00
1918-07-01	+08:00
1918-08-01	+08:00
1918-09-01	+08:00
1918-10-01	+08:00
1918-11-01	+08:00
1918-12-01	+08:00
1919-01-01	+08:00
1919-02-01	+08:00
1919-03-01	+08:00
1919-04-01	+08:00
1919-05-01	+09:00
1919-06-01	+09:00
1919-07-01	+09:00
1919-08-01	+09:00
1919-09-01	+09:00
1919-10-01	+08:00
1919-11-01	+08:00
1919-12-01	+08:00
1920-01-01	+08:00
1920-02-01	+08:00
1920-03-01	+08:00
1920-04-01	+08:00
1920-05-01	+08:00
1920-06-01	+08:00
1920-07-01	+08:00
1920-08-01	+08:00
1920-09-01	+08:00
1920-10-01	+08:00
1920-11-01	+08:00
1920-12-01	+08:00
1921-01-01	+08:00
1921-02-01	+08:00
1921-03-01	+08:00
1921-04-01	+08:00
1921-05-01	+08:00
1921-06-01	+08:00
1921-07-01	+08:00
1921-08-01	+08:00
1921-09-01	+08:00
1921-10-01	+08:00
1921-11-01	+08:00
1921-12-01	+08:00
1922-01-01	+08:00
1922-02-01	+08:00
1922-03-01	+08:00
1922-04-01	+08:00
1922-05-01	+08:00
1922-06-01	+08:00
1922-07-01	+08:00
1922-08-01	+08:00
1922-09-01	+08:00
1922-10-01	+08:00
1922-11-01	+08:00
1922-12-01	+08:00
1923-01-01	+08:00
1923-02-01	+08:00
1923-03-01	+08:00
1923-04-01	+08:00
1923-05-01	+08:00
1923-06-01	+08:00
1923-07-01	+08:00
1923-08-01	+08:00
1923-09-01	+08:00
1923-10-01	+08:00
1923-11-01	+08:00
1923-12-01	+08:00
1924-01-01	+08:00
1924-02-01	+08:00
1924-03-01	+08:00
1924-04-01	+08:00
1924-05-01	+08:00
1924-06-01	+08:00
1924-07-01	+08:00
1924-08-01	+08:00
1924-09-01	+08:00
1924-10-01	+08:00
1924-11-01	+08:00
1924-12-01	+08:00
1925-01-01	+08:00
1925-02-01	+08:00
1925-03-01	+08:00
1925-04-01	+08:00
1925-05-01	+08:00
1925-06-01	+08:00
1925-07-01	+08:00
1925-08-01	+08:00
1925-09-01	+08:00
1925-10-01	+08:00
1925-11-01	+08:00
1925-12-01	+08:00
1926-01-01	+08:00
1926-02-01	+08:00
1926-03-01	+08:00
1926-04-01	+08:00
1926-05-01	+08:00
1926-06-01	+08:00
1926-07-01	+08:00
1926-08-01	+08:00
1926-09-01	+08:00
1926-10-01	+08:00
1926-11-01	+08:00
1926-12-01	+08:00
1927-01-01	+08:00
1927-02-01	+08:00
1927-03-01	+08:00
1927-04-01	+08:00
1927-05-01	+08:00
1927-06-01	+08:00
1927-07-01	+08:00
1927-08-01	+08:00
1927-09-01	+08:00
1927-10-01	+08:00
1927-11-01	+08:00
1927-12-01	+08:00
1928-01-01	+08:00
1928-02-01	+08:00
1928-03-01	+08:00
1928-04-01	+08:00
1928-05-01	+08:00
1928-06-01	+08:00
1928-07-01	+08:00
1928-08-01	+08:00
1928-09-01	+08:00
1928-10-01	+08:00
1928-11-01	+08:00
1928-12-01	+08:00
1929-01-01	+08:00
1929-02-01	+08:00
1929-03-01	+08:00
1929-04-01	+08:00
1929-05-01	+08:00
1929-06-01	+08:00
1929-07-01	+08:00
1929-08-01	+08:00
1929-09-01	+08:00
1929-10-01	+08:00
1929-11-01	+08:00
1929-12-01	+08:00
1930-01-01	+08:00
1930-02-01	+08:00
1930-03-01	+08:00
1930-04-01	+08:00
1930-05-01	+08:00
1930-06-01	+08:00
1930-07-01	+08:00
1930-08-01	+08:00
1930-09-01	+08:00
1930-10-01	+08:00
1930-11-01	+08:00
1930-12-01	+08:00
1931-01-01	+08:00
1931-02-01	+08:00
1931-03-01	+08:00
1931-04-01	+08:00
1931-05-01	+08:00
1931-06-01	+08:00
1931-07-01	+08:00
1931-08-01	+08:00
1931-09-01	+08:00
1931-10-01	+08:00
1931-11-01	+08:00
1931-12-01	+08:00
1932-01-01	+08:00
1932-02-01	+08:00
1932-03-01	+08:00
1932-04-01	+08:00
1932-05-01	+08:00
1932-06-01	+08:00
1932-07-01	+08:00
1932-08-01	+08:00
1932-09-01	+08:00
1932-10-01	+08:00
1932-11-01	+08:00
1932-12-01	+08:00
1933-01-01	+08:00
1933-02-01	+08:00
1933-03-01	+08:00
1933-04-01	+08:00
1933-05-01	+08:00
1933-06-01	+08:00
1933-07-01	+08:00
1933-08-01	+08:00
1933-09-01	+08:00
1933-10-01	+08:00
1933-11-01	+08:00
1933-12-01	+08:00
1934-01-01	+08:00
1934-02-01	+08:00
1934-03-01	+08:00
1934-04-01	+08:00
1934-05-01	+08:00
1934-06-01	+08:00
1934-07-01	+08:00
1934-08-01	+08:00
1934-09-01	+08:00
1934-10-01	+08:00
1934-11-01	+08:00
1934-12-01	+08:00
1935-01-01	+08:00
1935-02-01	+08:00
1935-03-01	+08:00
1935-04-01	+08:00
1935-05-01	+08:00
1935-06-01	+08:00
1935-07-01	+08:00
1935-08-01	+08:00
1935-09-01	+08:00
1935-10-01	+08:00
1935-11-01	+08:00
1935-12-01	+08:00
1936-01-01	+08:00
1936-02-01	+08:00
1936-03-01	+08:00
1936-04-01	+08:00
1936-05-01	+08:00
1936-06-01	+08:00
1936-07-01	+08:00
1936-08-01	+08:00
1936-09-01	+08:00
1936-10-01	+08:00
1936-11-01	+08:00
1936-12-01	+08:00
1937-01-01	+08:00
1937-02-01	+08:00
1937-03-01	+08:00
1937-04-01	+08:00
1937-05-01	+08:00
1937-06-01	+08:00
1937-07-01	+08:00
1937-08-01	+08:00
1937-09-01	+08:00
1937-10-01	+08:00
1937-11-01	+08:00
1937-12-01	+08:00
1938-01-01	+08:00
1938-02-01	+08:00
1938-03-01	+08:00
1938-04-01	+08:00
1938-05-01	+08:00
1938-06-01	+08:00
1938-07-01	+08:00
1938-08-01	+08:00
1938-09-01	+08:00
1938-10-01	+08:00
1938-11-01	+08:00
1938-12-01	+08:00
1939-01-01	+08:00
1939-02-01	+08:00
1939-03-01	+08:00
1939-04-01	+08:00
1939-05-01	+08:00
1939-06-01	+08:00
1939-07-01	+08:00
1939-08-01	+08:00
1939-09-01	+08:00
1939-10-01	+08:00
1939-11-01	+08:00
1939-12-01	+08:00
1940-01-01	+08:00
1940-02-01	+08:00
1940-03-01	+08:00
1940-04-01	+08:00
1940-05-01	+08:00
1940-06-01	+08:00
1940-07-01	+09:00
1940-08-01	+09:00
1940-09-01	+09:00
1940-10-01	+09:00
1940-11-01	+08:00
1940-12-01	+08:00
1941-01-01	+08:00
1941-02-01	+08:00
1941-03-01	+08:00
1941-04-01	+09:00
1941-05-01	+09:00
1941-06-01	+09:00
1941-07-01	+09:00
1941-08-01	+09:00
1941-09-01	+09:00
1941-10-01	+09:00
1941-11-01	+09:00
1941-12-01	+08:00
1942-01-01	+08:00
1942-02-01	+09:00
1942-03-01	+09:00
1942-04-01	+09:00
1942-05-01	+09:00
1942-06-01	+09:00
1942-07-01	+09:00
1942-08-01	+09:00
1942-09-01	+09:00
1942-10-01	+09:00
1942-11-01	+09:00
1942-12-01	+09:00
1943-01-01	+09:00
1943-02-01	+09:00
1943-03-01	+09:00
1943-04-01	+09:00
1943-05-01	+09:00
1943-06-01	+09:00
1943-07-01	+09:00
1943-08-01	+09:00
1943-09-01	+09:00
1943-10-01	+09:00
1943-11-01	+09:00
1943-12-01	+09:00
1944-01-01	+09:00
1944-02-01	+09:00
1944-03-01	+09:00
1944-04-01	+09:00
1944-05-01	+09:00
1944-06-01	+09:00
1944-07-01	+09:00
1944-08-01	+09:00
1944-09-01	+09:00
1944-10-01	+09:00
1944-11-01	+09:00
1944-12-01	+09:00
1945-01-01	+09:00
1945-02-01	+09:00
1945-03-01	+09:00
1945-04-01	+09:00
1945-05-01	+09:00
1945-06-01	+09:00
1945-07-01	+09:00
1945-08-01	+09:00
1945-09-01	+09:00
1945-10-01	+08:00
1945-11-01	+08:00
1945-12-01	+08:00
1946-01-01	+08:00
1946-02-01	+08:00
1946-03-01	+08:00
1946-04-01	+08:00
1946-05-01	+08:00
1946-06-01	+09:00
1946-07-01	+09:00
1946-08-01	+09:00
1946-09-01	+09:00
1946-10-01	+08:00
1946-11-01	+08:00
1946-12-01	+08:00
1947-01-01	+08:00
1947-02-01	+08:00
1947-03-01	+08:00
1947-04-01	+08:00
1947-05-01	+09:00
1947-06-01	+09:00
1947-07-01	+09:00
1947-08-01	+09:00
1947-09-01	+09:00
1947-10-01	+09:00
1947-11-01	+08:00
1947-12-01	+08:00
1948-01-01	+08:00
1948-02-01	+08:00
1948-03-01	+08:00
1948-04-01	+08:00
1948-05-01	+08:00
1948-06-01	+09:00
1948-07-01	+09:00
1948-08-01	+09:00
1948-09-01	+09:00
1948-10-01	+08:00
1948-11-01	+08:00
1948-12-01	+08:00
1949-01-01	+08:00
1949-02-01	+08:00
1949-03-01	+08:00
1949-04-01	+08:00
1949-05-01	+08:00
1949-06-01	+08:00
1949-07-01	+08:00
1949-08-01	+08:00
1949-09-01	+08:00
1949-10-01	+08:00
1949-11-01	+08:00
1949-12-01	+08:00
1950-01-01	+08:00
1950-02-01	+08:00
1950-03-01	+08:00
1950-04-01	+08:00
1950-05-01	+08:00
1950-06-01	+08:00
1950-07-01	+08:00
1950-08-01	+08:00
1950-09-01	+08:00
1950-10-01	+08:00
1950-11-01	+08:00
1950-12-01	+08:00
1951-01-01	+08:00
1951-02-01	+08:00
1951-03-01	+08:00
1951-04-01	+08:00
1951-05-01	+08:00
1951-06-01	+08:00
1951-07-01	+08:00
1951-08-01	+08:00
1951-09-01	+08:00
1951-10-01	+08:00
1951-11-01	+08:00
1951-12-01	+08:00
1952-01-01	+08:00
1952-02-01	+08:00
1952-03-01	+08:00
1952-04-01	+08:00
1952-05-01	+08:00
1952-06-01	+08:00
1952-07-01	+08:00
1952-08-01	+08:00
1952-09-01	+08:00
1952-10-01	+08:00
1952-11-01	+08:00
1952-12-01	+08:00
1953-01-01	+08:00
1953-02-01	+08:00
1953-03-01	+08:00
1953-04-01	+08:00
1953-05-01	+08:00
1953-06-01	+08:00
1953-07-01	+08:00
1953-08-01	+08:00
1953-09-01	+08:00
1953-10-01	+08:00
1953-11-01	+08:00
1953-12-01	+08:00
1954-01-01	+08:00
1954-02-01	+08:00
1954-03-01	+08:00
1954-04-01	+08:00
1954-05-01	+08:00
1954-06-01	+08:00
1954-07-01	+08:00
1954-08-01	+08:00
1954-09-01	+08:00
1954-10-01	+08:00
1954-11-01	+08:00
1954-12-01	+08:00
1955-01-01	+08:00
1955-02-01	+08:00
1955-03-01	+08:00
1955-04-01	+08:00
1955-05-01	+08:00
1955-06-01	+08:00
1955-07-01	+08:00
1955-08-01	+08:00
1955-09-01	+08:00
1955-10-01	+08:00
1955-11-01	+08:00
1955-12-01	+08:00
1956-01-01	+08:00
1956-02-01	+08:00
1956-03-01	+08:00
1956-04-01	+08:00
1956-05-01	+08:00
1956-06-01	+08:00
1956-07-01	+08:00
1956-08-01	+08:00
1956-09-01	+08:00
1956-10-01	+08:00
1956-11-01	+08:00
1956-12-01	+08:00
1957-01-01	+08:00
1957-02-01	+08:00
1957-03-01	+08:00
1957-04-01	+08:00
1957-05-01	+08:00
1957-06-01	+08:00
1957-07-01	+08:00
1957-08-01	+08:00
1957-09-01	+08:00
1957-10-01	+08:00
1957-11-01	+08:00
1957-12-01	+08:00
1958-01-01	+08:00
1958-02-01	+08:00
1958-03-01	+08:00
1958-04-01	+08:00
1958-05-01	+08:00
1958-06-01	+08:00
1958-07-01	+08:00
1958-08-01	+08:00
1958-09-01	+08:00
1958-10-01	+08:00
1958-11-01	+08:00
1958-12-01	+08:00
1959-01-01	+08:00
1959-02-01	+08:00
1959-03-01	+08:00
1959-04-01	+08:00
1959-05-01	+08:00
1959-06-01	+08:00
1959-07-01	+08:00
1959-08-01	+08:00
1959-09-01	+08:00
1959-10-01	+08:00
1959-11-01	+08:00
1959-12-01	+08:00
1960-01-01	+08:00
1960-02-01	+08:00
1960-03-01	+08:00
1960-04-01	+08:00
1960-05-01	+08:00
1960-06-01	+08:00
1960-07-01	+08:00
1960-08-01	+08:00
1960-09-01	+08:00
1960-10-01	+08:00
1960-11-01	+08:00
1960-12-01	+08:00
1961-01-01	+08:00
1961-02-01	+08:00
1961-03-01	+08:00
1961-04-01	+08:00
1961-05-01	+08:00
1961-06-01	+08:00
1961-07-01	+08:00
1961-08-01	+08:00
1961-09-01	+08:00
1961-10-01	+08:00
1961-11-01	+08:00
1961-12-01	+08:00
1962-01-01	+08:00
1962-02-01	+08:00
1962-03-01	+08:00
1962-04-01	+08:00
1962-05-01	+08:00
1962-06-01	+08:00
1962-07-01	+08:00
1962-08-01	+08:00
1962-09-01	+08:00
1962-10-01	+08:00
1962-11-01	+08:00
1962-12-01	+08:00
1963-01-01	+08:00
1963-02-01	+08:00
1963-03-01	+08:00
1963-04-01	+08:00
1963-05-01	+08:00
1963-06-01	+08:00
1963-07-01	+08:00
1963-08-01	+08:00
1963-09-01	+08:00
1963-10-01	+08:00
1963-11-01	+08:00
1963-12-01	+08:00
1964-01-01	+08:00
1964-02-01	+08:00
1964-03-01	+08:00
1964-04-01	+08:00
1964-05-01	+08:00
1964-06-01	+08:00
1964-07-01	+08:00
1964-08-01	+08:00
1964-09-01	+08:00
1964-10-01	+08:00
1964-11-01	+08:00
1964-12-01	+08:00
1965-01-01	+08:00
1965-02-01	+08:00
1965-03-01	+08:00
1965-04-01	+08:00
1965-05-01	+08:00
1965-06-01	+08:00
1965-07-01	+08:00
1965-08-01	+08:00
1965-09-01	+08:00
1965-10-01	+08:00
1965-11-01	+08:00
1965-12-01	+08:00
1966-01-01	+08:00
1966-02-01	+08:00
1966-03-01	+08:00
1966-04-01	+08:00
1966-05-01	+08:00
1966-06-01	+08:00
1966-07-01	+08:00
1966-08-01	+08:00
1966-09-01	+08:00
1966-10-01	+08:00
1966-11-01	+08:00
1966-12-01	+08:00
1967-01-01	+08:00
1967-02-01	+08:00
1967-03-01	+08:00
1967-04-01	+08:00
1967-05-01	+08:00
1967-06-01	+08:00
1967-07-01	+08:00
1967-08-01	+08:00
1967-09-01	+08:00
1967-10-01	+08:00
1967-11-01	+08:00
1967-12-01	+08:00
1968-01-01	+08:00
1968-02-01	+08:00
1968-03-01	+08:00
1968-04-01	+08:00
1968-05-01	+08:00
1968-06-01	+08:00
1968-07-01	+08:00
1968-08-01	+08:00
1968-09-01	+08:00
1968-10-01	+08:00
1968-11-01	+08:00
1968-12-01	+08:00
1969-01-01	+08:00
1969-02-01	+08:00
1969-03-01	+08:00
1969-04-01	+08:00
1969-05-01	+08:00
1969-06-01	+08:00
1969-07-01	+08:00
1969-08-01	+08:00
1969-09-01	+08:00
1969-10-01	+08:00
1969-11-01	+08:00
1969-12-01	+08:00
1970-01-01	+08:00
1970-02-01	+08:00
1970-03-01	+08:00
1970-04-01	+08:00
1970-05-01	+08:00
1970-06-01	+08:00
1970-07-01	+08:00
1970-08-01	+08:00
1970-09-01	+08:00
1970-10-01	+08:00
1970-11-01	+08:00
1970-12-01	+08:00
1971-01-01	+08:00
1971-02-01	+08:00
1971-03-01	+08:00
1971-04-01	+08:00
1971-05-01	+08:00
1971-06-01	+08:00
1971-07-01	+08:00
1971-08-01	+08:00
1971-09-01	+08:00
1971-10-01	+08:00
1971-11-01	+08:00
1971-12-01	+08:00
1972-01-01	+08:00
1972-02-01	+08:00
1972-03-01	+08:00
1972-04-01	+08:00
1972-05-01	+08:00
1972-06-01	+08:00
1972-07-01	+08:00
1972-08-01	+08:00
1972-09-01	+08:00
1972-10-01	+08:00
1972-11-01	+08:00
1972-12-01	+08:00
1973-01-01	+08:00
1973-02-01	+08:00
1973-03-01	+08:00
1973-04-01	+08:00
1973-05-01	+08:00
1973-06-01	+08:00
1973-07-01	+08:00
1973-08-01	+08:00
1973-09-01	+08:00
1973-10-01	+08:00
1973-11-01	+08:00
1973-12-01	+08:00
1974-01-01	+08:00
1974-02-01	+08:00
1974-03-01	+08:00
1974-04-01	+08:00
1974-05-01	+08:00
1974-06-01	+08:00
1974-07-01	+08:00
1974-08-01	+08:00
1974-09-01	+08:00
1974-10-01	+08:00
1974-11-01	+08:00
1974-12-01	+08:00
1975-01-01	+08:00
1975-02-01	+08:00
1975-03-01	+08:00
1975-04-01	+08:00
1975-05-01	+08:00
1975-06-01	+08:00
1975-07-01	+08:00
1975-08-01	+08:00
1975-09-01	+08:00
1975-10-01	+08:00
1975-11-01	+08:00
1975-12-01	+08:00
1976-01-01	+08:00
1976-02-01	+08:00
1976-03-01	+08:00
1976-04-01	+08:00
1976-05-01	+08:00
1976-06-01	+08:00
1976-07-01	+08:00
1976-08-01	+08:00
1976-09-01	+08:00
1976-10-01	+08:00
1976-11-01	+08:00
1976-12-01	+08:00
1977-01-01	+08:00
1977-02-01	+08:00
1977-03-01	+08:00
1977-04-01	+08:00
1977-05-01	+08:00
1977-06-01	+08:00
1977-07-01	+08:00
1977-08-01	+08:00
1977-09-01	+08:00
1977-10-01	+08:00
1977-11-01	+08:00
1977-12-01	+08:00
1978-01-01	+08:00
1978-02-01	+08:00
1978-03-01	+08:00
1978-04-01	+08:00
1978-05-01	+08:00
1978-06-01	+08:00
1978-07-01	+08:00
1978-08-01	+08:00
1978-09-01	+08:00
1978-10-01	+08:00
1978-11-01	+08:00
1978-12-01	+08:00
1979-01-01	+08:00
1979-02-01	+08:00
1979-03-01	+08:00
1979-04-01	+08:00
1979-05-01	+08:00
1979-06-01	+08:00
1979-07-01	+08:00
1979-08-01	+08:00
1979-09-01	+08:00
1979-10-01	+08:00
1979-11-01	+08:00
1979-12-01	+08:00
1980-01-01	+08:00
1980-02-01	+08:00
1980-03-01	+08:00
1980-04-01	+08:00
1980-05-01	+08:00
1980-06-01	+08:00
1980-07-01	+08:00
1980-08-01	+08:00
1980-09-01	+08:00
1980-10-01	+08:00
1980-11-01	+08:00
1980-12-01	+08:00
1981-01-01	+08:00
1981-02-01	+08:00
1981-03-01	+08:00
1981-04-01	+08:00
1981-05-01	+08:00
1981-06-01	+08:00
1981-07-01	+08:00
1981-08-01	+08:00
1981-09-01	+08:00
1981-10-01	+08:00
1981-11-01	+08:00
1981-12-01	+08:00
1982-01-01	+08:00
1982-02-01	+08:00
1982-03-01	+08:00
1982-04-01	+08:00
1982-05-01	+08:00
1982-06-01	+08:00
1982-07-01	+08:00
1982-08-01	+08:00
1982-09-01	+08:00
1982-10-01	+08:00
1982-11-01	+08:00
1982-12-01	+08:00
1983-01-01	+08:00
1983-02-01	+08:00
1983-03-01	+08:00
1983-04-01	+08:00
1983-05-01	+08:00
1983-06-01	+08:00
1983-07-01	+08:00
1983-08-01	+08:00
1983-09-01	+08:00
1983-10-01	+08:00
1983-11-01	+08:00
1983-12-01	+08:00
1984-01-01	+08:00
1984-02-01	+08:00
1984-03-01	+08:00
1984-04-01	+08:00
1984-05-01	+08:00
1984-06-01	+08:00
1984-07-01	+08:00
1984-08-01	+08:00
1984-09-01	+08:00
1984-10-01	+08:00
1984-11-01	+08:00
1984-12-01	+08:00
1985-01-01	+08:00
1985-02-01	+08:00
1985-03-01	+08:00
1985-04-01	+08:00
1985-05-01	+08:00
1985-06-01	+08:00
1985-07-01	+08:00
1985-08-01	+08:00
1985-09-01	+08:00
1985-10-01	+08:00
1985-11-01	+08:00
1985-12-01	+08:00
1986-01-01	+08:00
1986-02-01	+08:00
1986-03-01	+08:00
1986-04-01	+08:00
1986-05-01	+08:00
1986-06-01	+09:00
1986-07-01	+09:00
1986-08-01	+09:00
1986-09-01	+09:00
1986-10-01	+08:00
1986-11-01	+08:00
1986-12-01	+08:00
1987-01-01	+08:00
1987-02-01	+08:00
1987-03-01	+08:00
1987-04-01	+08:00
1987-05-01	+09:00
1987-06-01	+09:00
1987-07-01	+09:00
1987-08-01	+09:00
1987-09-01	+09:00
1987-10-01	+08:00
1987-11-01	+08:00
1987-12-01	+08:00
1988-01-01	+08:00
1988-02-01	+08:00
1988-03-01	+08:00
1988-04-01	+08:00
1988-05-01	+09:00
1988-06-01	+09:00
1988-07-01	+09:00
1988-08-01	+09:00
1988-09-01	+09:00
1988-10-01	+08:00
1988-11-01	+08:00
1988-12-01	+08:00
1989-01-01	+08:00
1989-02-01	+08:00
1989-03-01	+08:00
1989-04-01	+08:00
1989-05-01	+09:00
1989-06-01	+09:00
1989-07-01	+09:00
1989-08-01	+09:00
1989-09-01	+09:00
1989-10-01	+08:00
1989-11-01	+08:00
1989-12-01	+08:00
1990-01-01	+08:00
1990-02-01	+08:00
1990-03-01	+08:00
1990-04-01	+08:00
1990-05-01	+09:00
1990-06-01	+09:00
1990-07-01	+09:00
1990-08-01	+09:00
1990-09-01	+09:00
1990-10-01	+08:00
1990-11-01	+08:00
1990-12-01	+08:00
1991-01-01	+08:00
1991-02-01	+08:00
1991-03-01	+08:00
1991-04-01	+08:00
1991-05-01	+09:00
1991-06-01	+09:00
1991-07-01	+09:00
1991-08-01	+09:00
1991-09-01	+09:00
1991-10-01	+08:00
1991-11-01	+08:00
1991-12-01	+08:00
1992-01-01	+08:00
1992-02-01	+08:00
1992-03-01	+08:00
1992-04-01	+08:00
1992-05-01	+08:00
1992-06-01	+08:00
1992-07-01	+08:00
1992-08-01	+08:00
1992-09-01	+08:00
1992-10-01	+08:00
1992-11-01	+08:00
1992-12-01	+08:00
1993-01-01	+08:00
1993-02-01	+08:00
1993-03-01	+08:00
1993-04-01	+08:00
1993-05-01	+08:00
1993-06-01	+08:00
1993-07-01	+08:00
1993-08-01	+08:00
1993-09-01	+08:00
1993-10-01	+08:00
1993-11-01	+08:00
1993-12-01	+08:00
1994-01-01	+08:00
1994-02-01	+08:00
1994-03-01	+08:00
1994-04-01	+08:00
1994-05-01	+08:00
1994-06-01	+08:00
1994-07-01	+08:00
1994-08-01	+08:00
1994-09-01	+08:00
1994-10-01	+08:00
1994-11-01	+08:00
1994-12-01	+08:00
1995-01-01	+08:00
1995-02-01	+08:00
1995-03-01	+08:00
1995-04-01	+08:00
1995-05-01	+08:00
1995-06-01	+08:00
1995-07-01	+08:00
1995-08-01	+08:00
1995-09-01	+08:00
1995-10-01	+08:00
1995-11-01	+08:00
1995-12-01	+08:00
1996-01-01	+08:00
1996-02-01	+08:00
1996-03-01	+08:00
1996-04-01	+08:00
1996-05-01	+08:00
1996-06-01	+08:00
1996-07-01	+08:00
1996-08-01	+08:00
1996-09-01	+08:00
1996-10-01	+08:00
1996-11-01	+08:00
1996-12-01	+08:00
1997-01-01	+08:00
1997-02-01	+08:00
1997-03-01	+08:00
1997-04-01	+08:00
1997-05-01	+08:00
1997-06-01	+08:00
1997-07-01	+08:00
1997-08-01	+08:00
1997-09-01	+08:00
1997-10-01	+08:00
1997-11-01	+08:00
1997-12-01	+08:00
1998-01-01	+08:00
1998-02-01	+08:00
1998-03-01	+08:00
1998-04-01	+08:00
1998-05-01	+08:00
1998-06-01	+08:00
1998-07-01	+08:00
1998-08-01	+08:00
1998-09-01	+08:00
1998-10-01	+08:00
1998-11-01	+08:00
1998-12-01	+08:00
1999-01-01	+08:00
1999-02-01	+08:00
1999-03-01	+08:00
1999-04-01	+08:00
1999-05-01	+08:00
1999-06-01	+08:00
1999-07-01	+08:00
1999-08-01	+08:00
1999-09-01	+08:00
1999-10-01	+08:00
1999-11-01	+08:00
1999-12-01	+08:00
{
	"@type":"com.alibaba.fastjson2.issues_2300.Issue2392$Bean",
	"value":{
		"@type":"kotlin.collections.EmptyList",
		"@value":[]
	}
}
{"testField":"My Test"}
{"n0":null,"n1":"1","s0":"","s1":"noear"}
{"v":6.805646932770577E38}
599493000
[Value2{val=1, v_al=2}, Value2{val=2, v_al=2}, Value2{val=3, v_al=2}]  
{"data":{"key1":"value1","key2":"value2"},"success":false}
{"data":["key1","key2"],"success":false}
com.alibaba.fastjson2.JSONException: illegal number, offset 25, char }
	at com.alibaba.fastjson2.JSONReader.numberError(JSONReader.java:6770)
	at com.alibaba.fastjson2.JSONReader.getInt64Value(JSONReader.java:2050)
	at com.alibaba.fastjson2.JSONReader.readInt64ValueOverflow(JSONReader.java:1933)
	at com.alibaba.fastjson2.JSONReaderUTF8.readInt64Value(JSONReaderUTF8.java:3757)
	at com.alibaba.fastjson2.reader.ORG_2077_1_LongVal.readObject(Unknown Source)
	at com.alibaba.fastjson2.JSON.parseObject(JSON.java:992)
	at com.alibaba.fastjson2.v1issues.issue_1400.Issue1423.test_for_issue(Issue1423.java:17)
	at java.base/jdk.internal.reflect.DirectMethodHandleAccessor.invoke(DirectMethodHandleAccessor.java:104)
	at java.base/java.lang.reflect.Method.invoke(Method.java:565)
	at org.junit.platform.commons.util.ReflectionUtils.invokeMethod(ReflectionUtils.java:787)
	at org.junit.platform.commons.support.ReflectionSupport.invokeMethod(ReflectionSupport.java:478)
	at org.junit.jupiter.engine.execution.MethodInvocation.proceed(MethodInvocation.java:60)
	at org.junit.jupiter.engine.execution.InvocationInterceptorChain$ValidatingInvocation.proceed(InvocationInterceptorChain.java:131)
	at org.junit.jupiter.engine.extension.TimeoutExtension.intercept(TimeoutExtension.java:161)
	at org.junit.jupiter.engine.extension.TimeoutExtension.interceptTestableMethod(TimeoutExtension.java:152)
	at org.junit.jupiter.engine.extension.TimeoutExtension.interceptTestMethod(TimeoutExtension.java:91)
	at org.junit.jupiter.engine.execution.InterceptingExecutableInvoker$ReflectiveInterceptorCall.lambda$ofVoidMethod$0(InterceptingExecutableInvoker.java:112)
	at org.junit.jupiter.engine.execution.InterceptingExecutableInvoker.lambda$invoke$0(InterceptingExecutableInvoker.java:94)
	at org.junit.jupiter.engine.execution.InvocationInterceptorChain$InterceptedInvocation.proceed(InvocationInterceptorChain.java:106)
	at org.junit.jupiter.engine.execution.InvocationInterceptorChain.proceed(InvocationInterceptorChain.java:64)
	at org.junit.jupiter.engine.execution.InvocationInterceptorChain.chainAndInvoke(InvocationInterceptorChain.java:45)
	at org.junit.jupiter.engine.execution.InvocationInterceptorChain.invoke(InvocationInterceptorChain.java:37)
	at org.junit.jupiter.engine.execution.InterceptingExecutableInvoker.invoke(InterceptingExecutableInvoker.java:93)
	at org.junit.jupiter.engine.execution.InterceptingExecutableInvoker.invoke(InterceptingExecutableInvoker.java:87)
	at org.junit.jupiter.engine.descriptor.TestMethodTestDescriptor.lambda$invokeTestMethod$4(TestMethodTestDescriptor.java:221)
	at org.junit.platform.engine.support.hierarchical.ThrowableCollector.execute(ThrowableCollector.java:73)
	at org.junit.jupiter.engine.descriptor.TestMethodTestDescriptor.invokeTestMethod(TestMethodTestDescriptor.java:217)
	at org.junit.jupiter.engine.descriptor.TestMethodTestDescriptor.execute(TestMethodTestDescriptor.java:159)
	at org.junit.jupiter.engine.descriptor.TestMethodTestDescriptor.execute(TestMethodTestDescriptor.java:70)
	at org.junit.platform.engine.support.hierarchical.NodeTestTask.lambda$executeRecursively$6(NodeTestTask.java:157)
	at org.junit.platform.engine.support.hierarchical.ThrowableCollector.execute(ThrowableCollector.java:73)
	at org.junit.platform.engine.support.hierarchical.NodeTestTask.lambda$executeRecursively$8(NodeTestTask.java:147)
	at org.junit.platform.engine.support.hierarchical.Node.around(Node.java:137)
	at org.junit.platform.engine.support.hierarchical.NodeTestTask.lambda$executeRecursively$9(NodeTestTask.java:145)
	at org.junit.platform.engine.support.hierarchical.ThrowableCollector.execute(ThrowableCollector.java:73)
	at org.junit.platform.engine.support.hierarchical.NodeTestTask.executeRecursively(NodeTestTask.java:144)
	at org.junit.platform.engine.support.hierarchical.NodeTestTask.execute(NodeTestTask.java:101)
	at java.base/java.util.ArrayList.forEach(ArrayList.java:1604)
	at org.junit.platform.engine.support.hierarchical.SameThreadHierarchicalTestExecutorService.invokeAll(SameThreadHierarchicalTestExecutorService.java:41)
	at org.junit.platform.engine.support.hierarchical.NodeTestTask.lambda$executeRecursively$6(NodeTestTask.java:161)
	at org.junit.platform.engine.support.hierarchical.ThrowableCollector.execute(ThrowableCollector.java:73)
	at org.junit.platform.engine.support.hierarchical.NodeTestTask.lambda$executeRecursively$8(NodeTestTask.java:147)
	at org.junit.platform.engine.support.hierarchical.Node.around(Node.java:137)
	at org.junit.platform.engine.support.hierarchical.NodeTestTask.lambda$executeRecursively$9(NodeTestTask.java:145)
	at org.junit.platform.engine.support.hierarchical.ThrowableCollector.execute(ThrowableCollector.java:73)
	at org.junit.platform.engine.support.hierarchical.NodeTestTask.executeRecursively(NodeTestTask.java:144)
	at org.junit.platform.engine.support.hierarchical.NodeTestTask.execute(NodeTestTask.java:101)
	at java.base/java.util.ArrayList.forEach(ArrayList.java:1604)
	at org.junit.platform.engine.support.hierarchical.SameThreadHierarchicalTestExecutorService.invokeAll(SameThreadHierarchicalTestExecutorService.java:41)
	at org.junit.platform.engine.support.hierarchical.NodeTestTask.lambda$executeRecursively$6(NodeTestTask.java:161)
	at org.junit.platform.engine.support.hierarchical.ThrowableCollector.execute(ThrowableCollector.java:73)
	at org.junit.platform.engine.support.hierarchical.NodeTestTask.lambda$executeRecursively$8(NodeTestTask.java:147)
	at org.junit.platform.engine.support.hierarchical.Node.around(Node.java:137)
	at org.junit.platform.engine.support.hierarchical.NodeTestTask.lambda$executeRecursively$9(NodeTestTask.java:145)
	at org.junit.platform.engine.support.hierarchical.ThrowableCollector.execute(ThrowableCollector.java:73)
	at org.junit.platform.engine.support.hierarchical.NodeTestTask.executeRecursively(NodeTestTask.java:144)
	at org.junit.platform.engine.support.hierarchical.NodeTestTask.execute(NodeTestTask.java:101)
	at org.junit.platform.engine.support.hierarchical.SameThreadHierarchicalTestExecutorService.submit(SameThreadHierarchicalTestExecutorService.java:35)
	at org.junit.platform.engine.support.hierarchical.HierarchicalTestExecutor.execute(HierarchicalTestExecutor.java:57)
	at org.junit.platform.engine.support.hierarchical.HierarchicalTestEngine.execute(HierarchicalTestEngine.java:54)
	at org.junit.platform.launcher.core.EngineExecutionOrchestrator.executeEngine(EngineExecutionOrchestrator.java:230)
	at org.junit.platform.launcher.core.EngineExecutionOrchestrator.failOrExecuteEngine(EngineExecutionOrchestrator.java:204)
	at org.junit.platform.launcher.core.EngineExecutionOrchestrator.execute(EngineExecutionOrchestrator.java:172)
	at org.junit.platform.launcher.core.EngineExecutionOrchestrator.execute(EngineExecutionOrchestrator.java:101)
	at org.junit.platform.launcher.core.EngineExecutionOrchestrator.lambda$execute$0(EngineExecutionOrchestrator.java:64)
	at org.junit.platform.launcher.core.EngineExecutionOrchestrator.withInterceptedStreams(EngineExecutionOrchestrator.java:150)
	at org.junit.platform.launcher.core.EngineExecutionOrchestrator.execute(EngineExecutionOrchestrator.java:63)
	at org.junit.platform.launcher.core.DefaultLauncher.execute(DefaultLauncher.java:109)
	at org.junit.platform.launcher.core.DefaultLauncher.execute(DefaultLauncher.java:91)
	at org.junit.platform.launcher.core.DelegatingLauncher.execute(DelegatingLauncher.java:47)
	at org.junit.platform.launcher.core.InterceptingLauncher.lambda$execute$1(InterceptingLauncher.java:39)
	at org.junit.platform.launcher.core.ClasspathAlignmentCheckingLauncherInterceptor.intercept(ClasspathAlignmentCheckingLauncherInterceptor.java:25)
	at org.junit.platform.launcher.core.InterceptingLauncher.execute(InterceptingLauncher.java:38)
	at org.junit.platform.launcher.core.DelegatingLauncher.execute(DelegatingLauncher.java:47)
	at org.apache.maven.surefire.junitplatform.LazyLauncher.execute(LazyLauncher.java:56)
	at org.apache.maven.surefire.junitplatform.JUnitPlatformProvider.execute(JUnitPlatformProvider.java:194)
	at org.apache.maven.surefire.junitplatform.JUnitPlatformProvider.invokeAllTests(JUnitPlatformProvider.java:150)
	at org.apache.maven.surefire.junitplatform.JUnitPlatformProvider.invoke(JUnitPlatformProvider.java:124)
	at org.apache.maven.surefire.booter.ForkedBooter.runSuitesInProcess(ForkedBooter.java:385)
	at org.apache.maven.surefire.booter.ForkedBooter.execute(ForkedBooter.java:162)
	at org.apache.maven.surefire.booter.ForkedBooter.run(ForkedBooter.java:507)
	at org.apache.maven.surefire.booter.ForkedBooter.main(ForkedBooter.java:495)
com.alibaba.fastjson2.JSONException: illegal number, offset 25, char }
	at com.alibaba.fastjson2.JSONReader.numberError(JSONReader.java:6770)
	at com.alibaba.fastjson2.JSONReader.getInt64Value(JSONReader.java:2050)
	at com.alibaba.fastjson2.JSONReader.readInt64ValueOverflow(JSONReader.java:1933)
	at com.alibaba.fastjson2.JSONReaderUTF8.readInt64Value(JSONReaderUTF8.java:3757)
	at com.alibaba.fastjson2.reader.ORG_2077_1_LongVal.readObject(Unknown Source)
	at com.alibaba.fastjson2.JSON.parseObject(JSON.java:992)
	at com.alibaba.fastjson2.v1issues.issue_1400.Issue1423.test_for_issue(Issue1423.java:17)
	at java.base/jdk.internal.reflect.DirectMethodHandleAccessor.invoke(DirectMethodHandleAccessor.java:104)
	at java.base/java.lang.reflect.Method.invoke(Method.java:565)
	at org.junit.platform.commons.util.ReflectionUtils.invokeMethod(ReflectionUtils.java:787)
	at org.junit.platform.commons.support.ReflectionSupport.invokeMethod(ReflectionSupport.java:478)
	at org.junit.jupiter.engine.execution.MethodInvocation.proceed(MethodInvocation.java:60)
	at org.junit.jupiter.engine.execution.InvocationInterceptorChain$ValidatingInvocation.proceed(InvocationInterceptorChain.java:131)
	at org.junit.jupiter.engine.extension.TimeoutExtension.intercept(TimeoutExtension.java:161)
	at org.junit.jupiter.engine.extension.TimeoutExtension.interceptTestableMethod(TimeoutExtension.java:152)
	at org.junit.jupiter.engine.extension.TimeoutExtension.interceptTestMethod(TimeoutExtension.java:91)
	at org.junit.jupiter.engine.execution.InterceptingExecutableInvoker$ReflectiveInterceptorCall.lambda$ofVoidMethod$0(InterceptingExecutableInvoker.java:112)
	at org.junit.jupiter.engine.execution.InterceptingExecutableInvoker.lambda$invoke$0(InterceptingExecutableInvoker.java:94)
	at org.junit.jupiter.engine.execution.InvocationInterceptorChain$InterceptedInvocation.proceed(InvocationInterceptorChain.java:106)
	at org.junit.jupiter.engine.execution.InvocationInterceptorChain.proceed(InvocationInterceptorChain.java:64)
	at org.junit.jupiter.engine.execution.InvocationInterceptorChain.chainAndInvoke(InvocationInterceptorChain.java:45)
	at org.junit.jupiter.engine.execution.InvocationInterceptorChain.invoke(InvocationInterceptorChain.java:37)
	at org.junit.jupiter.engine.execution.InterceptingExecutableInvoker.invoke(InterceptingExecutableInvoker.java:93)
	at org.junit.jupiter.engine.execution.InterceptingExecutableInvoker.invoke(InterceptingExecutableInvoker.java:87)
	at org.junit.jupiter.engine.descriptor.TestMethodTestDescriptor.lambda$invokeTestMethod$4(TestMethodTestDescriptor.java:221)
	at org.junit.platform.engine.support.hierarchical.ThrowableCollector.execute(ThrowableCollector.java:73)
	at org.junit.jupiter.engine.descriptor.TestMethodTestDescriptor.invokeTestMethod(TestMethodTestDescriptor.java:217)
	at org.junit.jupiter.engine.descriptor.TestMethodTestDescriptor.execute(TestMethodTestDescriptor.java:159)
	at org.junit.jupiter.engine.descriptor.TestMethodTestDescriptor.execute(TestMethodTestDescriptor.java:70)
	at org.junit.platform.engine.support.hierarchical.NodeTestTask.lambda$executeRecursively$6(NodeTestTask.java:157)
	at org.junit.platform.engine.support.hierarchical.ThrowableCollector.execute(ThrowableCollector.java:73)
	at org.junit.platform.engine.support.hierarchical.NodeTestTask.lambda$executeRecursively$8(NodeTestTask.java:147)
	at org.junit.platform.engine.support.hierarchical.Node.around(Node.java:137)
	at org.junit.platform.engine.support.hierarchical.NodeTestTask.lambda$executeRecursively$9(NodeTestTask.java:145)
	at org.junit.platform.engine.support.hierarchical.ThrowableCollector.execute(ThrowableCollector.java:73)
	at org.junit.platform.engine.support.hierarchical.NodeTestTask.executeRecursively(NodeTestTask.java:144)
	at org.junit.platform.engine.support.hierarchical.NodeTestTask.execute(NodeTestTask.java:101)
	at java.base/java.util.ArrayList.forEach(ArrayList.java:1604)
	at org.junit.platform.engine.support.hierarchical.SameThreadHierarchicalTestExecutorService.invokeAll(SameThreadHierarchicalTestExecutorService.java:41)
	at org.junit.platform.engine.support.hierarchical.NodeTestTask.lambda$executeRecursively$6(NodeTestTask.java:161)
	at org.junit.platform.engine.support.hierarchical.ThrowableCollector.execute(ThrowableCollector.java:73)
	at org.junit.platform.engine.support.hierarchical.NodeTestTask.lambda$executeRecursively$8(NodeTestTask.java:147)
	at org.junit.platform.engine.support.hierarchical.Node.around(Node.java:137)
	at org.junit.platform.engine.support.hierarchical.NodeTestTask.lambda$executeRecursively$9(NodeTestTask.java:145)
	at org.junit.platform.engine.support.hierarchical.ThrowableCollector.execute(ThrowableCollector.java:73)
	at org.junit.platform.engine.support.hierarchical.NodeTestTask.executeRecursively(NodeTestTask.java:144)
	at org.junit.platform.engine.support.hierarchical.NodeTestTask.execute(NodeTestTask.java:101)
	at java.base/java.util.ArrayList.forEach(ArrayList.java:1604)
	at org.junit.platform.engine.support.hierarchical.SameThreadHierarchicalTestExecutorService.invokeAll(SameThreadHierarchicalTestExecutorService.java:41)
	at org.junit.platform.engine.support.hierarchical.NodeTestTask.lambda$executeRecursively$6(NodeTestTask.java:161)
	at org.junit.platform.engine.support.hierarchical.ThrowableCollector.execute(ThrowableCollector.java:73)
	at org.junit.platform.engine.support.hierarchical.NodeTestTask.lambda$executeRecursively$8(NodeTestTask.java:147)
	at org.junit.platform.engine.support.hierarchical.Node.around(Node.java:137)
	at org.junit.platform.engine.support.hierarchical.NodeTestTask.lambda$executeRecursively$9(NodeTestTask.java:145)
	at org.junit.platform.engine.support.hierarchical.ThrowableCollector.execute(ThrowableCollector.java:73)
	at org.junit.platform.engine.support.hierarchical.NodeTestTask.executeRecursively(NodeTestTask.java:144)
	at org.junit.platform.engine.support.hierarchical.NodeTestTask.execute(NodeTestTask.java:101)
	at org.junit.platform.engine.support.hierarchical.SameThreadHierarchicalTestExecutorService.submit(SameThreadHierarchicalTestExecutorService.java:35)
	at org.junit.platform.engine.support.hierarchical.HierarchicalTestExecutor.execute(HierarchicalTestExecutor.java:57)
	at org.junit.platform.engine.support.hierarchical.HierarchicalTestEngine.execute(HierarchicalTestEngine.java:54)
	at org.junit.platform.launcher.core.EngineExecutionOrchestrator.executeEngine(EngineExecutionOrchestrator.java:230)
	at org.junit.platform.launcher.core.EngineExecutionOrchestrator.failOrExecuteEngine(EngineExecutionOrchestrator.java:204)
	at org.junit.platform.launcher.core.EngineExecutionOrchestrator.execute(EngineExecutionOrchestrator.java:172)
	at org.junit.platform.launcher.core.EngineExecutionOrchestrator.execute(EngineExecutionOrchestrator.java:101)
	at org.junit.platform.launcher.core.EngineExecutionOrchestrator.lambda$execute$0(EngineExecutionOrchestrator.java:64)
	at org.junit.platform.launcher.core.EngineExecutionOrchestrator.withInterceptedStreams(EngineExecutionOrchestrator.java:150)
	at org.junit.platform.launcher.core.EngineExecutionOrchestrator.execute(EngineExecutionOrchestrator.java:63)
	at org.junit.platform.launcher.core.DefaultLauncher.execute(DefaultLauncher.java:109)
	at org.junit.platform.launcher.core.DefaultLauncher.execute(DefaultLauncher.java:91)
	at org.junit.platform.launcher.core.DelegatingLauncher.execute(DelegatingLauncher.java:47)
	at org.junit.platform.launcher.core.InterceptingLauncher.lambda$execute$1(InterceptingLauncher.java:39)
	at org.junit.platform.launcher.core.ClasspathAlignmentCheckingLauncherInterceptor.intercept(ClasspathAlignmentCheckingLauncherInterceptor.java:25)
	at org.junit.platform.launcher.core.InterceptingLauncher.execute(InterceptingLauncher.java:38)
	at org.junit.platform.launcher.core.DelegatingLauncher.execute(DelegatingLauncher.java:47)
	at org.apache.maven.surefire.junitplatform.LazyLauncher.execute(LazyLauncher.java:56)
	at org.apache.maven.surefire.junitplatform.JUnitPlatformProvider.execute(JUnitPlatformProvider.java:194)
	at org.apache.maven.surefire.junitplatform.JUnitPlatformProvider.invokeAllTests(JUnitPlatformProvider.java:150)
	at org.apache.maven.surefire.junitplatform.JUnitPlatformProvider.invoke(JUnitPlatformProvider.java:124)
	at org.apache.maven.surefire.booter.ForkedBooter.runSuitesInProcess(ForkedBooter.java:385)
	at org.apache.maven.surefire.booter.ForkedBooter.execute(ForkedBooter.java:162)
	at org.apache.maven.surefire.booter.ForkedBooter.run(ForkedBooter.java:507)
	at org.apache.maven.surefire.booter.ForkedBooter.main(ForkedBooter.java:495)
{"code":"A001","name":"测试"}
{"model":{"age":30,"rowIndex":1},"sampleNum":"22B00123"}
{"test":"2017-11-17T00:00:00+08:00"}
{"test":"2017-11-17T00:00:00+08:00"}
[{"map3":["list0","list1"]},{"map2":["list0","list1"]},{"map1":["list0","list1"]},{"map0":["list0","list1"]},{"map7":["list0","list1"]},{"map6":["list0","list1"]},{"map5":["list0","list1"]},{"map4":["list0","list1"]},{"map9":["list0","list1"]},{"map8":["list0","list1"]}]
[map3=[list0, list1], map2=[list0, list1], map1=[list0, list1], map0=[list0, list1], map7=[list0, list1], map6=[list0, list1], map5=[list0, list1], map4=[list0, list1], map9=[list0, list1], map8=[list0, list1]]
{"@type":"com.alibaba.fastjson2.v1issues.issue_1500.Issue1556$ApiResult","code":0,"data":{"@type":"com.alibaba.fastjson2.v1issues.issue_1500.Issue1556$ClassForData","dataName":"dataname","first":{"addr":"It is addr","commonInfo":{"demoDate":"2026-10-07 00:31:58.757"}},"second":{"commonInfo":{"demoDate":"2026-10-07 00:31:58.757"},"name":"It is name"}},"msg":"Success"}
{"@type":"com.alibaba.fastjson2.v1issues.issue_1500.Issue1556$ApiResult","code":0,"data":{"@type":"com.alibaba.fastjson2.v1issues.issue_1500.Issue1556$ClassForData","dataName":"dataname","first":{"addr":"It is addr","commonInfo":{"demoDate":"2026-10-07 00:31:58.757"}},"second":{"commonInfo":{"demoDate":"2026-10-07 00:31:58.757"},"name":"It is name"}},"msg":"Success"}
WARNING: Use of the three-letter time zone ID "IET" is deprecated and it will be removed in a future release
WARNING: Use of the three-letter time zone ID "VST" is deprecated and it will be removed in a future release
WARNING: Use of the three-letter time zone ID "JST" is deprecated and it will be removed in a future release
WARNING: Use of the three-letter time zone ID "ART" is deprecated and it will be removed in a future release
WARNING: Use of the three-letter time zone ID "PST" is deprecated and it will be removed in a future release
WARNING: Use of the three-letter time zone ID "BET" is deprecated and it will be removed in a future release
WARNING: Use of the three-letter time zone ID "MIT" is deprecated and it will be removed in a future release
WARNING: Use of the three-letter time zone ID "CAT" is deprecated and it will be removed in a future release
WARNING: Use of the three-letter time zone ID "AGT" is deprecated and it will be removed in a future release
WARNING: Use of the three-letter time zone ID "NET" is deprecated and it will be removed in a future release
WARNING: Use of the three-letter time zone ID "CST" is deprecated and it will be removed in a future release
WARNING: Use of the three-letter time zone ID "IST" is deprecated and it will be removed in a future release
WARNING: Use of the three-letter time zone ID "AET" is deprecated and it will be removed in a future release
WARNING: Use of the three-letter time zone ID "BST" is deprecated and it will be removed in a future release
WARNING: Use of the three-letter time zone ID "ACT" is deprecated and it will be removed in a future release
WARNING: Use of the three-letter time zone ID "HST" is deprecated and it will be removed in a future release
WARNING: Use of the three-letter time zone ID "NST" is deprecated and it will be removed in a future release
WARNING: Use of the three-letter time zone ID "AST" is deprecated and it will be removed in a future release
WARNING: Use of the three-letter time zone ID "MST" is deprecated and it will be removed in a future release
WARNING: Use of the three-letter time zone ID "SST" is deprecated and it will be removed in a future release
WARNING: Use of the three-letter time zone ID "CTT" is deprecated and it will be removed in a future release
WARNING: Use of the three-letter time zone ID "PRT" is deprecated and it will be removed in a future release
WARNING: Use of the three-letter time zone ID "ECT" is deprecated and it will be removed in a future release
WARNING: Use of the three-letter time zone ID "EAT" is deprecated and it will be removed in a future release
WARNING: Use of the three-letter time zone ID "EST" is deprecated and it will be removed in a future release
WARNING: Use of the three-letter time zone ID "PNT" is deprecated and it will be removed in a future release
WARNING: Use of the three-letter time zone ID "PLT" is deprecated and it will be removed in a future release
WARNING: Use of the three-letter time zone ID "CNT" is deprecated and it will be removed in a future release
WARNING: Use of the three-letter time zone ID "IET" is deprecated and it will be removed in a future release
WARNING: Use of the three-letter time zone ID "VST" is deprecated and it will be removed in a future release
WARNING: Use of the three-letter time zone ID "JST" is deprecated and it will be removed in a future release
WARNING: Use of the three-letter time zone ID "ART" is deprecated and it will be removed in a future release
WARNING: Use of the three-letter time zone ID "PST" is deprecated and it will be removed in a future release
WARNING: Use of the three-letter time zone ID "BET" is deprecated and it will be removed in a future release
WARNING: Use of the three-letter time zone ID "MIT" is deprecated and it will be removed in a future release
WARNING: Use of the three-letter time zone ID "CAT" is deprecated and it will be removed in a future release
WARNING: Use of the three-letter time zone ID "AGT" is deprecated and it will be removed in a future release
WARNING: Use of the three-letter time zone ID "NET" is deprecated and it will be removed in a future release
WARNING: Use of the three-letter time zone ID "CST" is deprecated and it will be removed in a future release
WARNING: Use of the three-letter time zone ID "IST" is deprecated and it will be removed in a future release
WARNING: Use of the three-letter time zone ID "AET" is deprecated and it will be removed in a future release
WARNING: Use of the three-letter time zone ID "BST" is deprecated and it will be removed in a future release
WARNING: Use of the three-letter time zone ID "ACT" is deprecated and it will be removed in a future release
WARNING: Use of the three-letter time zone ID "HST" is deprecated and it will be removed in a future release
WARNING: Use of the three-letter time zone ID "NST" is deprecated and it will be removed in a future release
WARNING: Use of the three-letter time zone ID "AST" is deprecated and it will be removed in a future release
WARNING: Use of the three-letter time zone ID "MST" is deprecated and it will be removed in a future release
WARNING: Use of the three-letter time zone ID "SST" is deprecated and it will be removed in a future release
WARNING: Use of the three-letter time zone ID "CTT" is deprecated and it will be removed in a future release
WARNING: Use of the three-letter time zone ID "PRT" is deprecated and it will be removed in a future release
WARNING: Use of the three-letter time zone ID "ECT" is deprecated and it will be removed in a future release
WARNING: Use of the three-letter time zone ID "EAT" is deprecated and it will be removed in a future release
WARNING: Use of the three-letter time zone ID "EST" is deprecated and it will be removed in a future release
WARNING: Use of the three-letter time zone ID "PNT" is deprecated and it will be removed in a future release
WARNING: Use of the three-letter time zone ID "PLT" is deprecated and it will be removed in a future release
WARNING: Use of the three-letter time zone ID "CNT" is deprecated and it will be removed in a future release
您的预约已经超时
[{"x":"y"},{"x":"y"}]
{"models":[{"x":"y"},{"x":"y"}]}
{"a":{"x":"y"},"b":{"x":"y"}}
{"a":{"x":"y"},"b":{"x":"y"}}
com.alibaba.fastjson2.JSONException: parse enum error, class com.alibaba.fastjson2.v1issues.issue_2000.Issue2065$EnumClass, getCode 0, offset 10, character }, line 1, column 10, fastjson-version 2.0.64 {"code":0}
	at com.alibaba.fastjson2.reader.ObjectReaderImplEnum.readObject(ObjectReaderImplEnum.java:254)
	at com.alibaba.fastjson2.reader.ORG_2176_1_Model.readObject(Unknown Source)
	at com.alibaba.fastjson2.JSON.parseObject(JSON.java:1299)
	at com.alibaba.fastjson2.v1issues.issue_2000.Issue2065.test_for_issue(Issue2065.java:20)
	at java.base/jdk.internal.reflect.DirectMethodHandleAccessor.invoke(DirectMethodHandleAccessor.java:104)
	at java.base/java.lang.reflect.Method.invoke(Method.java:565)
	at org.junit.platform.commons.util.ReflectionUtils.invokeMethod(ReflectionUtils.java:787)
	at org.junit.platform.commons.support.ReflectionSupport.invokeMethod(ReflectionSupport.java:478)
	at org.junit.jupiter.engine.execution.MethodInvocation.proceed(MethodInvocation.java:60)
	at org.junit.jupiter.engine.execution.InvocationInterceptorChain$ValidatingInvocation.proceed(InvocationInterceptorChain.java:131)
	at org.junit.jupiter.engine.extension.TimeoutExtension.intercept(TimeoutExtension.java:161)
	at org.junit.jupiter.engine.extension.TimeoutExtension.interceptTestableMethod(TimeoutExtension.java:152)
	at org.junit.jupiter.engine.extension.TimeoutExtension.interceptTestMethod(TimeoutExtension.java:91)
	at org.junit.jupiter.engine.execution.InterceptingExecutableInvoker$ReflectiveInterceptorCall.lambda$ofVoidMethod$0(InterceptingExecutableInvoker.java:112)
	at org.junit.jupiter.engine.execution.InterceptingExecutableInvoker.lambda$invoke$0(InterceptingExecutableInvoker.java:94)
	at org.junit.jupiter.engine.execution.InvocationInterceptorChain$InterceptedInvocation.proceed(InvocationInterceptorChain.java:106)
	at org.junit.jupiter.engine.execution.InvocationInterceptorChain.proceed(InvocationInterceptorChain.java:64)
	at org.junit.jupiter.engine.execution.InvocationInterceptorChain.chainAndInvoke(InvocationInterceptorChain.java:45)
	at org.junit.jupiter.engine.execution.InvocationInterceptorChain.invoke(InvocationInterceptorChain.java:37)
	at org.junit.jupiter.engine.execution.InterceptingExecutableInvoker.invoke(InterceptingExecutableInvoker.java:93)
	at org.junit.jupiter.engine.execution.InterceptingExecutableInvoker.invoke(InterceptingExecutableInvoker.java:87)
	at org.junit.jupiter.engine.descriptor.TestMethodTestDescriptor.lambda$invokeTestMethod$4(TestMethodTestDescriptor.java:221)
	at org.junit.platform.engine.support.hierarchical.ThrowableCollector.execute(ThrowableCollector.java:73)
	at org.junit.jupiter.engine.descriptor.TestMethodTestDescriptor.invokeTestMethod(TestMethodTestDescriptor.java:217)
	at org.junit.jupiter.engine.descriptor.TestMethodTestDescriptor.execute(TestMethodTestDescriptor.java:159)
	at org.junit.jupiter.engine.descriptor.TestMethodTestDescriptor.execute(TestMethodTestDescriptor.java:70)
	at org.junit.platform.engine.support.hierarchical.NodeTestTask.lambda$executeRecursively$6(NodeTestTask.java:157)
	at org.junit.platform.engine.support.hierarchical.ThrowableCollector.execute(ThrowableCollector.java:73)
	at org.junit.platform.engine.support.hierarchical.NodeTestTask.lambda$executeRecursively$8(NodeTestTask.java:147)
	at org.junit.platform.engine.support.hierarchical.Node.around(Node.java:137)
	at org.junit.platform.engine.support.hierarchical.NodeTestTask.lambda$executeRecursively$9(NodeTestTask.java:145)
	at org.junit.platform.engine.support.hierarchical.ThrowableCollector.execute(ThrowableCollector.java:73)
	at org.junit.platform.engine.support.hierarchical.NodeTestTask.executeRecursively(NodeTestTask.java:144)
	at org.junit.platform.engine.support.hierarchical.NodeTestTask.execute(NodeTestTask.java:101)
	at java.base/java.util.ArrayList.forEach(ArrayList.java:1604)
	at org.junit.platform.engine.support.hierarchical.SameThreadHierarchicalTestExecutorService.invokeAll(SameThreadHierarchicalTestExecutorService.java:41)
	at org.junit.platform.engine.support.hierarchical.NodeTestTask.lambda$executeRecursively$6(NodeTestTask.java:161)
	at org.junit.platform.engine.support.hierarchical.ThrowableCollector.execute(ThrowableCollector.java:73)
	at org.junit.platform.engine.support.hierarchical.NodeTestTask.lambda$executeRecursively$8(NodeTestTask.java:147)
	at org.junit.platform.engine.support.hierarchical.Node.around(Node.java:137)
	at org.junit.platform.engine.support.hierarchical.NodeTestTask.lambda$executeRecursively$9(NodeTestTask.java:145)
	at org.junit.platform.engine.support.hierarchical.ThrowableCollector.execute(ThrowableCollector.java:73)
	at org.junit.platform.engine.support.hierarchical.NodeTestTask.executeRecursively(NodeTestTask.java:144)
	at org.junit.platform.engine.support.hierarchical.NodeTestTask.execute(NodeTestTask.java:101)
	at java.base/java.util.ArrayList.forEach(ArrayList.java:1604)
	at org.junit.platform.engine.support.hierarchical.SameThreadHierarchicalTestExecutorService.invokeAll(SameThreadHierarchicalTestExecutorService.java:41)
	at org.junit.platform.engine.support.hierarchical.NodeTestTask.lambda$executeRecursively$6(NodeTestTask.java:161)
	at org.junit.platform.engine.support.hierarchical.ThrowableCollector.execute(ThrowableCollector.java:73)
	at org.junit.platform.engine.support.hierarchical.NodeTestTask.lambda$executeRecursively$8(NodeTestTask.java:147)
	at org.junit.platform.engine.support.hierarchical.Node.around(Node.java:137)
	at org.junit.platform.engine.support.hierarchical.NodeTestTask.lambda$executeRecursively$9(NodeTestTask.java:145)
	at org.junit.platform.engine.support.hierarchical.ThrowableCollector.execute(ThrowableCollector.java:73)
	at org.junit.platform.engine.support.hierarchical.NodeTestTask.executeRecursively(NodeTestTask.java:144)
	at org.junit.platform.engine.support.hierarchical.NodeTestTask.execute(NodeTestTask.java:101)
	at org.junit.platform.engine.support.hierarchical.SameThreadHierarchicalTestExecutorService.submit(SameThreadHierarchicalTestExecutorService.java:35)
	at org.junit.platform.engine.support.hierarchical.HierarchicalTestExecutor.execute(HierarchicalTestExecutor.java:57)
	at org.junit.platform.engine.support.hierarchical.HierarchicalTestEngine.execute(HierarchicalTestEngine.java:54)
	at org.junit.platform.launcher.core.EngineExecutionOrchestrator.executeEngine(EngineExecutionOrchestrator.java:230)
	at org.junit.platform.launcher.core.EngineExecutionOrchestrator.failOrExecuteEngine(EngineExecutionOrchestrator.java:204)
	at org.junit.platform.launcher.core.EngineExecutionOrchestrator.execute(EngineExecutionOrchestrator.java:172)
	at org.junit.platform.launcher.core.EngineExecutionOrchestrator.execute(EngineExecutionOrchestrator.java:101)
	at org.junit.platform.launcher.core.EngineExecutionOrchestrator.lambda$execute$0(EngineExecutionOrchestrator.java:64)
	at org.junit.platform.launcher.core.EngineExecutionOrchestrator.withInterceptedStreams(EngineExecutionOrchestrator.java:150)
	at org.junit.platform.launcher.core.EngineExecutionOrchestrator.execute(EngineExecutionOrchestrator.java:63)
	at org.junit.platform.launcher.core.DefaultLauncher.execute(DefaultLauncher.java:109)
	at org.junit.platform.launcher.core.DefaultLauncher.execute(DefaultLauncher.java:91)
	at org.junit.platform.launcher.core.DelegatingLauncher.execute(DelegatingLauncher.java:47)
	at org.junit.platform.launcher.core.InterceptingLauncher.lambda$execute$1(InterceptingLauncher.java:39)
	at org.junit.platform.launcher.core.ClasspathAlignmentCheckingLauncherInterceptor.intercept(ClasspathAlignmentCheckingLauncherInterceptor.java:25)
	at org.junit.platform.launcher.core.InterceptingLauncher.execute(InterceptingLauncher.java:38)
	at org.junit.platform.launcher.core.DelegatingLauncher.execute(DelegatingLauncher.java:47)
	at org.apache.maven.surefire.junitplatform.LazyLauncher.execute(LazyLauncher.java:56)
	at org.apache.maven.surefire.junitplatform.JUnitPlatformProvider.execute(JUnitPlatformProvider.java:194)
	at org.apache.maven.surefire.junitplatform.JUnitPlatformProvider.invokeAllTests(JUnitPlatformProvider.java:150)
	at org.apache.maven.surefire.junitplatform.JUnitPlatformProvider.invoke(JUnitPlatformProvider.java:124)
	at org.apache.maven.surefire.booter.ForkedBooter.runSuitesInProcess(ForkedBooter.java:385)
	at org.apache.maven.surefire.booter.ForkedBooter.execute(ForkedBooter.java:162)
	at org.apache.maven.surefire.booter.ForkedBooter.run(ForkedBooter.java:507)
	at org.apache.maven.surefire.booter.ForkedBooter.main(ForkedBooter.java:495)
{"value":10}
fastjson eval: [{"name":"level3","field":"leve3Field","body":{"name":"level4","field":"leve4Field"}}]
com.alibaba.fastjson2.v1issues.issue_1600.issue_1699.obj.RatingDetailBO@76c944ce
{"data":"","data2":"","data3":"","data4":"","data5":"","data6":"","data7":"","data8":"","data9":""}
{"data":"","data2":"","data3":"","data4":"","data5":"","data6":"","data7":"","data8":"","data9":""}
setter not found, class com.alibaba.fastjson2.v1issues.issue_1200.Issue1271$A, property b
setter not found, class com.alibaba.fastjson2.v1issues.issue_1200.Issue1271$B, property b
setter not found, class com.alibaba.fastjson2.v1issues.issue_1200.Issue1271$A, property b
setter not found, class com.alibaba.fastjson2.v1issues.issue_1200.Issue1271$B, property b
name=id,value=1
name=name,value=name
{"id":1,"nt":"name"}
{}
{"ab":{}}
{"ab":{}}
{"_parentId":"001"}
{"_parentId":"001"}
{"name":"b","value":{"name":"a","value":1},"value1":{"a":{"name":"a","value":1}}}
{"name":"b","value":{"a":{"name":"a","value":1}},"value1":{"name":"a","value":1}}
DataSimpleVO [name=b, value={"a":{"name":"a","value":1}}, value1={"name":"a","value":1}]
{"a":1,"b":"b","bars":{"c":3}}
{"@type":"com.alibaba.fastjson2.v1issues.issue_1300.Issue1319$MyTest","myEnum":"Test1","value":1}
{"myEnum":"Test1","value":1}
com.alibaba.fastjson2.v1issues.issue_1300.Issue1357$Test2Bean@3c5c64d6
{"@type":"com.alibaba.fastjson2.v1issues.issue_1300.Issue1319C$MyTest","myEnum":"Test1","value":1}
{"myEnum":"Test1","value":1}
before：Data : aaa
{"stackTrace":[{"fileName":"Issue1344.java","lineNumber":16,"className":"com.alibaba.fastjson2.v1issues.issue_1300.Issue1344","methodName":"test_for_issue"},{"fileName":"DirectMethodHandleAccessor.java","lineNumber":104,"className":"jdk.internal.reflect.DirectMethodHandleAccessor","methodName":"invoke"},{"fileName":"Method.java","lineNumber":565,"className":"java.lang.reflect.Method","methodName":"invoke"},{"fileName":"ReflectionUtils.java","lineNumber":787,"className":"org.junit.platform.commons.util.ReflectionUtils","methodName":"invokeMethod"},{"fileName":"ReflectionSupport.java","lineNumber":478,"className":"org.junit.platform.commons.support.ReflectionSupport","methodName":"invokeMethod"},{"fileName":"MethodInvocation.java","lineNumber":60,"className":"org.junit.jupiter.engine.execution.MethodInvocation","methodName":"proceed"},{"fileName":"InvocationInterceptorChain.java","lineNumber":131,"className":"org.junit.jupiter.engine.execution.InvocationInterceptorChain$ValidatingInvocation","methodName":"proceed"},{"fileName":"TimeoutExtension.java","lineNumber":161,"className":"org.junit.jupiter.engine.extension.TimeoutExtension","methodName":"intercept"},{"fileName":"TimeoutExtension.java","lineNumber":152,"className":"org.junit.jupiter.engine.extension.TimeoutExtension","methodName":"interceptTestableMethod"},{"fileName":"TimeoutExtension.java","lineNumber":91,"className":"org.junit.jupiter.engine.extension.TimeoutExtension","methodName":"interceptTestMethod"},{"fileName":"InterceptingExecutableInvoker.java","lineNumber":112,"className":"org.junit.jupiter.engine.execution.InterceptingExecutableInvoker$ReflectiveInterceptorCall","methodName":"lambda$ofVoidMethod$0"},{"fileName":"InterceptingExecutableInvoker.java","lineNumber":94,"className":"org.junit.jupiter.engine.execution.InterceptingExecutableInvoker","methodName":"lambda$invoke$0"},{"fileName":"InvocationInterceptorChain.java","lineNumber":106,"className":"org.junit.jupiter.engine.execution.InvocationInterceptorChain$InterceptedInvocation","methodName":"proceed"},{"fileName":"InvocationInterceptorChain.java","lineNumber":64,"className":"org.junit.jupiter.engine.execution.InvocationInterceptorChain","methodName":"proceed"},{"fileName":"InvocationInterceptorChain.java","lineNumber":45,"className":"org.junit.jupiter.engine.execution.InvocationInterceptorChain","methodName":"chainAndInvoke"},{"fileName":"InvocationInterceptorChain.java","lineNumber":37,"className":"org.junit.jupiter.engine.execution.InvocationInterceptorChain","methodName":"invoke"},{"fileName":"InterceptingExecutableInvoker.java","lineNumber":93,"className":"org.junit.jupiter.engine.execution.InterceptingExecutableInvoker","methodName":"invoke"},{"fileName":"InterceptingExecutableInvoker.java","lineNumber":87,"className":"org.junit.jupiter.engine.execution.InterceptingExecutableInvoker","methodName":"invoke"},{"fileName":"TestMethodTestDescriptor.java","lineNumber":221,"className":"org.junit.jupiter.engine.descriptor.TestMethodTestDescriptor","methodName":"lambda$invokeTestMethod$4"},{"fileName":"ThrowableCollector.java","lineNumber":73,"className":"org.junit.platform.engine.support.hierarchical.ThrowableCollector","methodName":"execute"},{"fileName":"TestMethodTestDescriptor.java","lineNumber":217,"className":"org.junit.jupiter.engine.descriptor.TestMethodTestDescriptor","methodName":"invokeTestMethod"},{"fileName":"TestMethodTestDescriptor.java","lineNumber":159,"className":"org.junit.jupiter.engine.descriptor.TestMethodTestDescriptor","methodName":"execute"},{"fileName":"TestMethodTestDescriptor.java","lineNumber":70,"className":"org.junit.jupiter.engine.descriptor.TestMethodTestDescriptor","methodName":"execute"},{"fileName":"NodeTestTask.java","lineNumber":157,"className":"org.junit.platform.engine.support.hierarchical.NodeTestTask","methodName":"lambda$executeRecursively$6"},{"fileName":"ThrowableCollector.java","lineNumber":73,"className":"org.junit.platform.engine.support.hierarchical.ThrowableCollector","methodName":"execute"},{"fileName":"NodeTestTask.java","lineNumber":147,"className":"org.junit.platform.engine.support.hierarchical.NodeTestTask","methodName":"lambda$executeRecursively$8"},{"fileName":"Node.java","lineNumber":137,"className":"org.junit.platform.engine.support.hierarchical.Node","methodName":"around"},{"fileName":"NodeTestTask.java","lineNumber":145,"className":"org.junit.platform.engine.support.hierarchical.NodeTestTask","methodName":"lambda$executeRecursively$9"},{"fileName":"ThrowableCollector.java","lineNumber":73,"className":"org.junit.platform.engine.support.hierarchical.ThrowableCollector","methodName":"execute"},{"fileName":"NodeTestTask.java","lineNumber":144,"className":"org.junit.platform.engine.support.hierarchical.NodeTestTask","methodName":"executeRecursively"},{"fileName":"NodeTestTask.java","lineNumber":101,"className":"org.junit.platform.engine.support.hierarchical.NodeTestTask","methodName":"execute"},{"fileName":"ArrayList.java","lineNumber":1604,"className":"java.util.ArrayList","methodName":"forEach"},{"fileName":"SameThreadHierarchicalTestExecutorService.java","lineNumber":41,"className":"org.junit.platform.engine.support.hierarchical.SameThreadHierarchicalTestExecutorService","methodName":"invokeAll"},{"fileName":"NodeTestTask.java","lineNumber":161,"className":"org.junit.platform.engine.support.hierarchical.NodeTestTask","methodName":"lambda$executeRecursively$6"},{"fileName":"ThrowableCollector.java","lineNumber":73,"className":"org.junit.platform.engine.support.hierarchical.ThrowableCollector","methodName":"execute"},{"fileName":"NodeTestTask.java","lineNumber":147,"className":"org.junit.platform.engine.support.hierarchical.NodeTestTask","methodName":"lambda$executeRecursively$8"},{"fileName":"Node.java","lineNumber":137,"className":"org.junit.platform.engine.support.hierarchical.Node","methodName":"around"},{"fileName":"NodeTestTask.java","lineNumber":145,"className":"org.junit.platform.engine.support.hierarchical.NodeTestTask","methodName":"lambda$executeRecursively$9"},{"fileName":"ThrowableCollector.java","lineNumber":73,"className":"org.junit.platform.engine.support.hierarchical.ThrowableCollector","methodName":"execute"},{"fileName":"NodeTestTask.java","lineNumber":144,"className":"org.junit.platform.engine.support.hierarchical.NodeTestTask","methodName":"executeRecursively"},{"fileName":"NodeTestTask.java","lineNumber":101,"className":"org.junit.platform.engine.support.hierarchical.NodeTestTask","methodName":"execute"},{"fileName":"ArrayList.java","lineNumber":1604,"className":"java.util.ArrayList","methodName":"forEach"},{"fileName":"SameThreadHierarchicalTestExecutorService.java","lineNumber":41,"className":"org.junit.platform.engine.support.hierarchical.SameThreadHierarchicalTestExecutorService","methodName":"invokeAll"},{"fileName":"NodeTestTask.java","lineNumber":161,"className":"org.junit.platform.engine.support.hierarchical.NodeTestTask","methodName":"lambda$executeRecursively$6"},{"fileName":"ThrowableCollector.java","lineNumber":73,"className":"org.junit.platform.engine.support.hierarchical.ThrowableCollector","methodName":"execute"},{"fileName":"NodeTestTask.java","lineNumber":147,"className":"org.junit.platform.engine.support.hierarchical.NodeTestTask","methodName":"lambda$executeRecursively$8"},{"fileName":"Node.java","lineNumber":137,"className":"org.junit.platform.engine.support.hierarchical.Node","methodName":"around"},{"fileName":"NodeTestTask.java","lineNumber":145,"className":"org.junit.platform.engine.support.hierarchical.NodeTestTask","methodName":"lambda$executeRecursively$9"},{"fileName":"ThrowableCollector.java","lineNumber":73,"className":"org.junit.platform.engine.support.hierarchical.ThrowableCollector","methodName":"execute"},{"fileName":"NodeTestTask.java","lineNumber":144,"className":"org.junit.platform.engine.support.hierarchical.NodeTestTask","methodName":"executeRecursively"},{"fileName":"NodeTestTask.java","lineNumber":101,"className":"org.junit.platform.engine.support.hierarchical.NodeTestTask","methodName":"execute"},{"fileName":"SameThreadHierarchicalTestExecutorService.java","lineNumber":35,"className":"org.junit.platform.engine.support.hierarchical.SameThreadHierarchicalTestExecutorService","methodName":"submit"},{"fileName":"HierarchicalTestExecutor.java","lineNumber":57,"className":"org.junit.platform.engine.support.hierarchical.HierarchicalTestExecutor","methodName":"execute"},{"fileName":"HierarchicalTestEngine.java","lineNumber":54,"className":"org.junit.platform.engine.support.hierarchical.HierarchicalTestEngine","methodName":"execute"},{"fileName":"EngineExecutionOrchestrator.java","lineNumber":230,"className":"org.junit.platform.launcher.core.EngineExecutionOrchestrator","methodName":"executeEngine"},{"fileName":"EngineExecutionOrchestrator.java","lineNumber":204,"className":"org.junit.platform.launcher.core.EngineExecutionOrchestrator","methodName":"failOrExecuteEngine"},{"fileName":"EngineExecutionOrchestrator.java","lineNumber":172,"className":"org.junit.platform.launcher.core.EngineExecutionOrchestrator","methodName":"execute"},{"fileName":"EngineExecutionOrchestrator.java","lineNumber":101,"className":"org.junit.platform.launcher.core.EngineExecutionOrchestrator","methodName":"execute"},{"fileName":"EngineExecutionOrchestrator.java","lineNumber":64,"className":"org.junit.platform.launcher.core.EngineExecutionOrchestrator","methodName":"lambda$execute$0"},{"fileName":"EngineExecutionOrchestrator.java","lineNumber":150,"className":"org.junit.platform.launcher.core.EngineExecutionOrchestrator","methodName":"withInterceptedStreams"},{"fileName":"EngineExecutionOrchestrator.java","lineNumber":63,"className":"org.junit.platform.launcher.core.EngineExecutionOrchestrator","methodName":"execute"},{"fileName":"DefaultLauncher.java","lineNumber":109,"className":"org.junit.platform.launcher.core.DefaultLauncher","methodName":"execute"},{"fileName":"DefaultLauncher.java","lineNumber":91,"className":"org.junit.platform.launcher.core.DefaultLauncher","methodName":"execute"},{"fileName":"DelegatingLauncher.java","lineNumber":47,"className":"org.junit.platform.launcher.core.DelegatingLauncher","methodName":"execute"},{"fileName":"InterceptingLauncher.java","lineNumber":39,"className":"org.junit.platform.launcher.core.InterceptingLauncher","methodName":"lambda$execute$1"},{"fileName":"ClasspathAlignmentCheckingLauncherInterceptor.java","lineNumber":25,"className":"org.junit.platform.launcher.core.ClasspathAlignmentCheckingLauncherInterceptor","methodName":"intercept"},{"fileName":"InterceptingLauncher.java","lineNumber":38,"className":"org.junit.platform.launcher.core.InterceptingLauncher","methodName":"execute"},{"fileName":"DelegatingLauncher.java","lineNumber":47,"className":"org.junit.platform.launcher.core.DelegatingLauncher","methodName":"execute"},{"fileName":"LazyLauncher.java","lineNumber":56,"className":"org.apache.maven.surefire.junitplatform.LazyLauncher","methodName":"execute"},{"fileName":"JUnitPlatformProvider.java","lineNumber":194,"className":"org.apache.maven.surefire.junitplatform.JUnitPlatformProvider","methodName":"execute"},{"fileName":"JUnitPlatformProvider.java","lineNumber":150,"className":"org.apache.maven.surefire.junitplatform.JUnitPlatformProvider","methodName":"invokeAllTests"},{"fileName":"JUnitPlatformProvider.java","lineNumber":124,"className":"org.apache.maven.surefire.junitplatform.JUnitPlatformProvider","methodName":"invoke"},{"fileName":"ForkedBooter.java","lineNumber":385,"className":"org.apache.maven.surefire.booter.ForkedBooter","methodName":"runSuitesInProcess"},{"fileName":"ForkedBooter.java","lineNumber":162,"className":"org.apache.maven.surefire.booter.ForkedBooter","methodName":"execute"},{"fileName":"ForkedBooter.java","lineNumber":507,"className":"org.apache.maven.surefire.booter.ForkedBooter","methodName":"run"},{"fileName":"ForkedBooter.java","lineNumber":495,"className":"org.apache.maven.surefire.booter.ForkedBooter","methodName":"main"}],"message":"Data : aaa","suppressed":[],"localizedMessage":"Data : aaa"}
after：null
{"aBoolean":false,"aByte":0,"aChar":"\u0000","aDouble":0.0,"aFloat":0.0,"aLong":0,"aShort":0,"anInt":0}
{"aBoolean":true,"aBoolean2":false,"aByte":8,"aByte2":9,"aChar":"J","aDouble":88.88,"aDouble2":99.99,"aFloat":8.8,"aFloat2":9.9,"aLong":8888,"aLong2":9999,"aShort":88,"aShort2":99,"anInt":888,"character":"C","integer":999,"string":"test"}
{"is_judge":true}
{
	"@type":"com.alibaba.fastjson2.hsf.VeryComplexDO#0",
	"@value":{
		"fshort":4,
		"pBaseDO":{},
		"pbyte":5,
		"pdouble":6.6,
		"pfloat":7.7,
		"pint":8,
		"plong":9
	}
}
{
	"@type":"com.alibaba.fastjson2.hsf.VeryComplexDO#0",
	"@value":{
		"fshort":2,
		"pBaseDO":{},
		"pbyte":3,
		"pdouble":9999.9999,
		"pfloat":1.2,
		"pint":69,
		"plist":{
			"@type":"A#1",
			"@value":[
				"taobao",
				"java",
				"linux"
			]
		},
		"plong":56,
		"plongArray":[
			1,
			2,
			3,
			4,
			5,
			6
		]
	}
}
123456789012345678901234567890123456789012345678901234567890
Issue1168.Wrapper(inner=Issue1168.Inner(id=1))
com.alibaba.fastjson2.issues_1000.Issue1457$Test2@2ccb0929
{
	"@type":"java.util.Collections$SynchronizedMap"
}
{
	"@type":"java.util.Collections$SynchronizedSet",
	"@value":[
		1,
		2,
		3
	]
}
{
	"@type":"java.util.Collections$SynchronizedRandomAccessList",
	"@value":[
		1,
		2,
		3
	]
}
{
	"@type":"java.util.Collections$SynchronizedNavigableMap"
}
{
	"@type":"java.util.Collections$SynchronizedSortedMap"
}
{
	"@type":"java.util.Collections$SynchronizedSortedSet",
	"@value":[
		1,
		2,
		3
	]
}
{
	"@type":"java.util.Collections$SynchronizedNavigableSet",
	"@value":[
		1,
		2,
		3
	]
}
{
	"@type":"java.util.Collections$SynchronizedCollection",
	"@value":[
		1,
		2,
		3
	]
}
{"testEnum":"E1"}
{"testEnum":"E1"}
"E1"
{"testEnum":3}
false
false
{"name":"{\"paternalSurname\": \"Rodríguez\"}"}
strJson={"@type":"com.alibaba.fastjson2.issues_1000.Issue1069$UserAttrActionInfo","tagInfos":{"@type":"java.util.LinkedHashMap",1234:[1L,2L,3L,4L]}}
fastjson2 data:{"values":[[123,456]]}
{"accountType":2}
