Picked up JAVA_TOOL_OPTIONS: 
WARNING: A restricted method in java.lang.System has been called
WARNING: java.lang.System::load has been called by org.fusesource.jansi.internal.JansiLoader in an unnamed module (file:<maven>/lib/jansi-2.4.1.jar)
WARNING: Use --enable-native-access=ALL-UNNAMED to avoid a warning for callers in this module
WARNING: Restricted methods will be blocked in a future release unless native access is enabled

WARNING: A terminally deprecated method in sun.misc.Unsafe has been called
WARNING: sun.misc.Unsafe::objectFieldOffset has been called by com.google.common.util.concurrent.AbstractFuture$UnsafeAtomicHelper (file:<maven>/lib/guava-33.2.1-jre.jar)
WARNING: Please consider reporting this to the maintainers of class com.google.common.util.concurrent.AbstractFuture$UnsafeAtomicHelper
WARNING: sun.misc.Unsafe::objectFieldOffset will be removed in a future release
Picked up JAVA_TOOL_OPTIONS: 
WARNING: A terminally deprecated method in sun.misc.Unsafe has been called
WARNING: sun.misc.Unsafe::invokeCleaner has been called by nonapi.io.github.classgraph.utils.FileUtils (file:<m2>/repository/io/github/classgraph/classgraph/4.8.83/classgraph-4.8.83.jar)
WARNING: Please consider reporting this to the maintainers of class nonapi.io.github.classgraph.utils.FileUtils
WARNING: sun.misc.Unsafe::invokeCleaner will be removed in a future release
{
	"@type":"com.alibaba.fastjson2.issues_1500.Issue1509$LoginUser#0",
	"@value":{
		"authorities#1":{
			"@type":"java.util.Collections$UnmodifiableSet#2",
			"@value":[]
		},
		"name#3":"张三",
		"realName#4":"zhangsan"
	}
}
Wed, 7 Oct 2026 00:46:36 GMT
{
	"date":1642003200
}
[{"@type":"[O","@value":[{"@type":"com.alibaba.fastjson2.issues_2100.Issue2175.Index$TestER","name":"ER"},0]},{"@type":"[O","@value":[{"@type":"com.alibaba.fastjson2.issues_2100.Issue2175.Index$TestER","name":"ER"},false]}]
1
[{"@type":"[com.alibaba.fastjson2.issues_2100.Issue2175.Index$TestER","@value":[{"name":"ER"},{"name":"ER"}]},{"@type":"[com.alibaba.fastjson2.issues_2100.Issue2175.Index$TestER","@value":[{"name":"ER"},{"name":"ER"}]}]
[{"@type":"[O","@value":[{"@type":"[com.alibaba.fastjson2.issues_2100.Issue2175.Index$TestER","@value":[{"name":"parent"},{"@type":"com.alibaba.fastjson2.issues_2100.Issue2175.Index$Children","age":1,"name":"child"}]},{"@type":"[com.alibaba.fastjson2.issues_2100.Issue2175.Index$TestER","@value":[{"@type":"com.alibaba.fastjson2.issues_2100.Issue2175.Index$Children","age":1,"name":"child"},{"name":"parent"}]}]},{"@type":"[com.alibaba.fastjson2.issues_2100.Issue2175.Index$TestER","@value":[{"@type":"com.alibaba.fastjson2.issues_2100.Issue2175.Index$Children","age":1,"name":"child"},{"name":"parent"}]},{"@type":"[O","@value":[1,false]}]
[{"@type":"[com.alibaba.fastjson2.issues_2100.Issue2175.Index$TestER","@value":[{"name":"parent"},{"@type":"com.alibaba.fastjson2.issues_2100.Issue2175.Index$Children","age":1,"name":"child"}]},{"@type":"[com.alibaba.fastjson2.issues_2100.Issue2175.Index$TestER","@value":[{"@type":"com.alibaba.fastjson2.issues_2100.Issue2175.Index$Children","age":1,"name":"child"},{"name":"parent"}]}]
[[{"name":"parent"},{"@type":"com.alibaba.fastjson2.issues_2100.Issue2175.Index$Children","age":1,"name":"child"}],[{"@type":"com.alibaba.fastjson2.issues_2100.Issue2175.Index$Children","age":1,"name":"child"},{"name":"parent"}]]
{}
{"hash":2138216064,"resolved":"java.util.HashMap","type":{"actualTypeArguments":["java.lang.Integer",{"actualTypeArguments":["java.lang.String"],"rawType":"java.util.List"}],"rawType":"java.util.HashMap"},"typeProvider":{"source":{"declaringClass":"com.alibaba.fastjson2.issues_2100.Issue2103$Bean","name":"myMap"},"type":{"actualTypeArguments":["java.lang.Integer",{"actualTypeArguments":["java.lang.String"],"rawType":"java.util.List"}],"rawType":"java.util.HashMap"}}}"\"\"\"\""
{
	"@type":"org.joda.time.LocalDateTime#0",
	"@value":"2026-10-07 00:46:37.343"
}
{
	"@type":"org.joda.time.LocalDateTime#0",
	"@value":"2026-10-07 00:46:37.347"
}
{
	"@type":"org.joda.time.LocalDateTime#0",
	"@value":{
		"year":2026,
		"month":10,
		"day":6,
		"hour":16,
		"minute":46,
		"second":37,
		"millis":348,
		"chronology":{
			"zoneId":"UTC"
		}
	}
}
{
	"@type":"org.joda.time.LocalDate#0",
	"@value":"2026-10-07"
}
{
	"@type":"org.joda.time.LocalDate#0",
	"@value":"2026-10-07"
}
{
	"@type":"org.joda.time.LocalDate#0",
	"@value":{
		"year":2026,
		"month":10,
		"day":6,
		"chronology":{
			"zoneId":"UTC"
		}
	}
}
{"type":"directory","items":[{"type":"file","data":"Some content ...","name":"my_file.txt"}],"name":"My directory"}
{"type":"object","properties":{"longitude":{"type":["string","number"]},"latitude":{"type":"number","minimum":-90,"maximum":90}},"required":["longitude","latitude"]}
66060288
Serialized JSON with circular reference: {"parent😀":{"child👍":{"$ref":"$"}}}
Test passed - no exception thrown during serialization with circular reference
Serialized JSON: {"key👍":"value3","key😀":"value1","nested":{"nested😀":{"deepValue":"deepValue"}},"key🌍":"value2"}
Test passed - no exception thrown during serialization
Generated JSON: {
	"key👍":"value3",
	"key😀":"value1",
	"key🌍":"value2"
}
Generated JSON with circular reference: {"parent😀":{"child😀":{"parent😀":{"$ref":"parent😀"}}}}
Generated JSON: {"key😀":"value","nested":{"nestedKey":"nestedValue"}}
UrlEntity [name=rose, url=https://www.baidu.com/web/user?name=rose]
[1,2,3]
[1,2,3]
{
	"@type":"com.alibaba.fastjson2.issues_3800.Issue3842$UserData",
	"errorCode":0
}
{
	"@type":"com.alibaba.fastjson2.issues_3800.Issue3828$Data",
	"list":{
		"@type":"java.util.Collections$EmptyList",
		"@value":[]
	}
}
{"AI":[]}
SLF4J(W): No SLF4J providers were found.
SLF4J(W): Defaulting to no-operation (NOP) logger implementation
SLF4J(W): See https://www.slf4j.org/codes.html#noProviders for further details.
{"age1":0,"age2":null,"age3":0,"age5":10,"age6":10}
[
	{
		"id":101,
		"name":"DataWorks"
	},
	{
		"id":102,
		"name":"MaxCompute"
	},
	{
		"id":103,
		"name":"Flink"
	}
]
{"images": [{
      "height":768,
      "size":"LARGE",
      "title":"Javaone Keynote",
      "uri":"http://javaone.com/keynote_large.jpg",
      "width":1024
    }, {
      "height":240,
      "size":"SMALL",
      "title":"Javaone Keynote",
      "uri":"http://javaone.com/keynote_small.jpg",
      "width":320
    }
  ],
  "media": {
    "bitrate":262144,
    "duration":18000000,
    "format":"video/mpg4",
    "height":480,
    "persons": [
      "Bill Gates",
      "Steve Jobs"
    ],
    "player":"JAVA",
    "size":58982400,
    "title":"Javaone Keynote",
    "uri":"http://javaone.com/keynote.mpg",
    "width":640
  }
}

--------------jsonpath/jsonpath_compliance.json--------------
  [00/00]	"$[?@.a]"
  [00/01]	"$[?@.a]"
  [00/02]	"$[?@.a=='b']"
  [00/03]	"$[?@.a=='1']"
  [00/04]	"$[?@.a==\"b\"]"
  [00/05]	"$[?@.a==\"1\"]"
  [00/06]	"$[?@.a==1]"
  [00/07]	"$[?@.a==null]"
  [00/08]	"$[?@.a==null]"
  [00/09]	"$[?@.a==true]"
  [00/10]	"$[?@.a==false]"
  [00/11]	"$[?@.a==@.b]"
  [00/12]	"$[?@.a==@.b]"
  [00/13]	"$[?@.a!='b']"
  [00/14]	"$[?@.a!='1']"
  [00/15]	"$[?@.a!='b']"
  [00/16]	"$[?@.a!=\"b\"]"
  [00/17]	"$[?@.a!=\"1\"]"
  [00/18]	"$[?@.a!=\"b\"]"
  [00/19]	"$[?@.a!=1]"
  [00/20]	"$[?@.a!=1]"
  [00/21]	"$[?@.a!=null]"
  [00/22]	"$[?@.a!=null]"
  [00/23]	"$[?@.a!=true]"
  [00/24]	"$[?@.a!=false]"
  [00/25]	"$[?@.a<'c']"
  [00/26]	"$[?@.a<\"c\"]"
  [00/27]	"$[?@.a<10]"
  [00/28]	"$[?@.a<null]"
  [00/29]	"$[?@.a<true]"
  [00/30]	"$[?@.a<false]"
  [00/31]	"$[?@.a<='c']"
  [00/32]	"$[?@.a<=\"c\"]"
  [00/33]	"$[?@.a<=10]"
  [00/34]	"$[?@.a<=null]"
  [00/35]	"$[?@.a<=true]"
  [00/36]	"$[?@.a<=false]"
  [00/37]	"$[?@.a>'c']"
  [00/38]	"$[?@.a>\"c\"]"
  [00/39]	"$[?@.a>10]"
  [00/40]	"$[?@.a>null]"
  [00/41]	"$[?@.a>true]"
  [00/42]	"$[?@.a>false]"
  [00/43]	"$[?@.a>='c']"
  [00/44]	"$[?@.a>=\"c\"]"
  [00/45]	"$[?@.a>=10]"
  [00/46]	"$[?@.a>=null]"
  [00/47]	"$[?@.a>=true]"
  [00/48]	"$[?@.a>=false]"
  [00/49]	"$[?@.a&&@.a!=null]"
  [00/50]	"$[?@.a&&@.b]"
  [00/51]	"$[?@.a||@.b]"
  [00/52]	"$[?@.a>0&&@.a<10]"
  [00/53]	"$[?@.a=='b'||@.a=='d']"
- [01/54]	"$[?@[0:0]==0]"
- [02/55]	"$[?@[*]==0]"
- [03/56]	"$[?@..a==0]"
  [03/57]	"$[?@.a[*].a==0]"
  [03/58]	"$[?@.a == 1]"
  [03/59]	"$[?@['0'] == 5]"
  [03/60]	"$[?@[0] == 5]"
- [04/61]	"$[?(@[0, 0]==42)]"
- [05/62]	"$[?(@[0, 0]!=42)]"
- [06/63]	"$[?(@[0, 0]<=42)]"
- [07/64]	"$[?(@['a', 'a']==42)]"
- [08/65]	"$[?(@['a', 'a']!=42)]"
- [09/66]	"$[?(@['a', 'a']<=42)]"
  [09/67]	"$[?(@[0, '0']==42)]"
  [09/68]	"$[?(@[0, '0']!=42)]"
  [09/69]	"$[?(@[0, '0']<=42)]"
  [09/70]	"$[?(@.*==42)]"
  [09/71]	"$[?(@.*!=42)]"
  [09/72]	"$[?(@.*<=42)]"
- [10/73]	"$[?(@[0:0]==42)]"
- [11/74]	"$[?(@[0:0]!=42)]"
- [12/75]	"$[?(@[0:0]<=42)]"
  [12/76]	"$[?($[0, 0]==42)]"
  [12/77]	"$[?($[0, 0]!=42)]"
  [12/78]	"$[?($[0, 0]<=42)]"
  [12/79]	"$[?($['a', 'a']==42)]"
  [12/80]	"$[?($['a', 'a']!=42)]"
  [12/81]	"$[?($['a', 'a']<=42)]"
  [12/82]	"$[?($[0, '0']==42)]"
  [12/83]	"$[?($[0, '0']!=42)]"
  [12/84]	"$[?($[0, '0']<=42)]"
  [12/85]	"$[?($.*==42)]"
  [12/86]	"$[?($.*!=42)]"
  [12/87]	"$[?($.*<=42)]"
  [12/88]	"$[?($[0:0]==42)]"
  [12/89]	"$[?($[0:0]!=42)]"
  [12/90]	"$[?($[0:0]<=42)]"
  [12/91]	"$[?@.a==-0]"
  [12/92]	"$[?@.a==1.0]"
  [12/93]	"$[?@.a==1e2]"
  [12/94]	"$[?@.a==1e+2]"
  [12/95]	"$[?@.a==1e-2]"
  [12/96]	"$[?@.a==1.1]"
- [13/97]	"$[?@.a==1.]"
  [13/98]	"$[?@.a==1.1e2]"
  [13/99]	"$[?@.a==1.1e+2]"
  [13/100]	"$[?@.a==1.1e-2]"
  [13/101]	"$[?@<3]"
  [13/102]	"$[?@.a || @.b && @.b]"
  [13/103]	"$[?@.b && @.b || @.a]"
  [13/104]	"$[?@ == \"quoted' literal\"]"
  [13/105]	"$[?@ == 'quoted\" literal']"
  [13/106]	"$[?@ == 'quoted\\' literal']"
  [13/107]	"$[?@ == \"quoted\\\" literal\"]"
b
a
a
b
b
a
b
b
b
a
b
a
b
a
b
b
b
a
a
a
a
a
b
b
a
a
b
a
a
a
b
b
b
a
b
b
a
a
a
b
b
a
b
b
b
a
a
b
b
b
{"id":2,"name":"b"}
{"id":2,"name":"b"}
{"id":2,"name":"b"}
{"id":1,"name":"a"}
{"id":2,"name":"b"}
{"id":2,"name":"b"}
{"id":1,"name":"a"}
{"id":2,"name":"b"}
{"id":2,"name":"b"}
{"id":1,"name":"a"}
{"id":2,"name":"b"}
{"id":1,"name":"a"}
{"id":1,"name":"a"}
{"id":1,"name":"a"}
{"id":1,"name":"a"}
{"id":2,"name":"b"}
{"id":2,"name":"b"}
{"id":2,"name":"b"}
{"id":2,"name":"b"}
{"id":2,"name":"b"}
{"id":2,"name":"b"}
{"id":1,"name":"a"}
{"id":2,"name":"b"}
{"id":2,"name":"b"}
{"id":2,"name":"b"}
{"id":2,"name":"b"}
{"id":2,"name":"b"}
{"id":1,"name":"a"}
{"id":1,"name":"a"}
{"id":2,"name":"b"}
{"id":1,"name":"a"}
{"id":1,"name":"a"}
{"id":2,"name":"b"}
{"id":2,"name":"b"}
{"id":1,"name":"a"}
{"id":2,"name":"b"}
{"id":1,"name":"a"}
{"id":2,"name":"b"}
{"id":2,"name":"b"}
{"id":1,"name":"a"}
{"id":1,"name":"a"}
{"id":2,"name":"b"}
{"id":2,"name":"b"}
{"id":1,"name":"a"}
{"id":1,"name":"a"}
{"id":2,"name":"b"}
{"id":1,"name":"a"}
{"id":2,"name":"b"}
{"id":1,"name":"a"}
{"id":1,"name":"a"}

--------------jsonpath/name_selector.json--------------
  [00/00]	"$[\"a\"]"
  [00/01]	"$[\"c\"]"
  [00/02]	"$[\"a\"]"
- [01/03]	"$[\"\u0000\"]"
- [02/04]	"$[\"\u0001\"]"
- [03/05]	"$[\"\u0002\"]"
- [04/06]	"$[\"\u0003\"]"
- [05/07]	"$[\"\u0004\"]"
- [06/08]	"$[\"\u0005\"]"
- [07/09]	"$[\"\u0006\"]"
- [08/10]	"$[\"\u0007\"]"
- [09/11]	"$[\"\b\"]"
- [10/12]	"$[\"\t\"]"
- [11/13]	"$[\"\n\"]"
- [12/14]	"$[\"\u000b\"]"
- [13/15]	"$[\"\f\"]"
- [14/16]	"$[\"\r\"]"
- [15/17]	"$[\"\u000e\"]"
- [16/18]	"$[\"\u000f\"]"
- [17/19]	"$[\"\u0010\"]"
- [18/20]	"$[\"\u0011\"]"
- [19/21]	"$[\"\u0012\"]"
- [20/22]	"$[\"\u0013\"]"
- [21/23]	"$[\"\u0014\"]"
- [22/24]	"$[\"\u0015\"]"
- [23/25]	"$[\"\u0016\"]"
- [24/26]	"$[\"\u0017\"]"
- [25/27]	"$[\"\u0018\"]"
- [26/28]	"$[\"\u0019\"]"
- [27/29]	"$[\"\u001a\"]"
- [28/30]	"$[\"\u001b\"]"
- [29/31]	"$[\"\u001c\"]"
- [30/32]	"$[\"\u001d\"]"
- [31/33]	"$[\"\u001e\"]"
- [32/34]	"$[\"\u001f\"]"
  [32/35]	"$[\" \"]"
  [32/36]	"$[\"\\\"\"]"
  [32/37]	"$[\"\\\\\"]"
  [32/38]	"$[\"\\/\"]"
  [32/39]	"$[\"\\b\"]"
  [32/40]	"$[\"\\f\"]"
  [32/41]	"$[\"\\n\"]"
  [32/42]	"$[\"\\r\"]"
  [32/43]	"$[\"\\t\"]"
  [32/44]	"$[\"\\u263A\"]"
  [32/45]	"$[\"\\u263a\"]"
  [32/46]	"$[\"\\uD834\\uDD1E\"]"
  [32/47]	"$[\"\\uD83D\\uDE00\"]"
- [33/48]	"$[\"\\'\"]"
  [33/49]	"$[\"\"\"]"
  [33/50]	"$[\"\\\"]"
  [33/51]	"$['a']"
  [33/52]	"$['c']"
  [33/53]	"$['a']"
- [34/54]	"$['\u0000']"
- [35/55]	"$['\u0001']"
- [36/56]	"$['\u0002']"
- [37/57]	"$['\u0003']"
- [38/58]	"$['\u0004']"
- [39/59]	"$['\u0005']"
- [40/60]	"$['\u0006']"
- [41/61]	"$['\u0007']"
- [42/62]	"$['\b']"
- [43/63]	"$['\t']"
- [44/64]	"$['\n']"
- [45/65]	"$['\u000b']"
- [46/66]	"$['\f']"
- [47/67]	"$['\r']"
- [48/68]	"$['\u000e']"
- [49/69]	"$['\u000f']"
- [50/70]	"$['\u0010']"
- [51/71]	"$['\u0011']"
- [52/72]	"$['\u0012']"
- [53/73]	"$['\u0013']"
- [54/74]	"$['\u0014']"
- [55/75]	"$['\u0015']"
- [56/76]	"$['\u0016']"
- [57/77]	"$['\u0017']"
- [58/78]	"$['\u0018']"
- [59/79]	"$['\u0019']"
- [60/80]	"$['\u001a']"
- [61/81]	"$['\u001b']"
- [62/82]	"$['\u001c']"
- [63/83]	"$['\u001d']"
- [64/84]	"$['\u001e']"
- [65/85]	"$['\u001f']"
  [65/86]	"$[' ']"
  [65/87]	"$['\\'']"
  [65/88]	"$['\\\\']"
  [65/89]	"$['\\/']"
  [65/90]	"$['\\b']"
  [65/91]	"$['\\f']"
  [65/92]	"$['\\n']"
  [65/93]	"$['\\r']"
  [65/94]	"$['\\t']"
  [65/95]	"$['\\u263A']"
  [65/96]	"$['\\u263a']"
  [65/97]	"$['\\uD834\\uDD1E']"
  [65/98]	"$['\\uD83D\\uDE00']"
- [66/99]	"$['\\\"']"
  [66/100]	"$[''']"
  [66/101]	"$['\\']"
  [66/102]	"$[\"\"]"
  [66/103]	"$['']"

--------------jsonpath/filter.json--------------
* [01/00]	"$[?@]"
  [01/01]	"$[?@.a]"
  [01/02]	"$[?@.a]"
  [01/03]	"$[?@.a=='b']"
  [01/04]	"$[?@.a=='1']"
  [01/05]	"$[?@.a==\"b\"]"
  [01/06]	"$[?@.a==\"1\"]"
  [01/07]	"$[?@.a==1]"
  [01/08]	"$[?@.a==null]"
  [01/09]	"$[?@.a==null]"
  [01/10]	"$[?@.a==true]"
  [01/11]	"$[?@.a==false]"
* [02/12]	"$[?@==@]"
  [02/13]	"$[?@.a==@.b]"
  [02/14]	"$[?@.a==@.b]"
  [02/15]	"$[?@.a!='b']"
  [02/16]	"$[?@.a!='1']"
  [02/17]	"$[?@.a!='b']"
  [02/18]	"$[?@.a!=\"b\"]"
  [02/19]	"$[?@.a!=\"1\"]"
  [02/20]	"$[?@.a!=\"b\"]"
  [02/21]	"$[?@.a!=1]"
  [02/22]	"$[?@.a!=1]"
  [02/23]	"$[?@.a!=null]"
  [02/24]	"$[?@.a!=null]"
  [02/25]	"$[?@.a!=true]"
  [02/26]	"$[?@.a!=false]"
  [02/27]	"$[?@.a<'c']"
  [02/28]	"$[?@.a<\"c\"]"
  [02/29]	"$[?@.a<10]"
  [02/30]	"$[?@.a<null]"
  [02/31]	"$[?@.a<true]"
  [02/32]	"$[?@.a<false]"
  [02/33]	"$[?@.a<='c']"
  [02/34]	"$[?@.a<=\"c\"]"
  [02/35]	"$[?@.a<=10]"
  [02/36]	"$[?@.a<=null]"
  [02/37]	"$[?@.a<=true]"
  [02/38]	"$[?@.a<=false]"
  [02/39]	"$[?@.a>'c']"
  [02/40]	"$[?@.a>\"c\"]"
  [02/41]	"$[?@.a>10]"
  [02/42]	"$[?@.a>null]"
  [02/43]	"$[?@.a>true]"
  [02/44]	"$[?@.a>false]"
  [02/45]	"$[?@.a>='c']"
  [02/46]	"$[?@.a>=\"c\"]"
  [02/47]	"$[?@.a>=10]"
  [02/48]	"$[?@.a>=null]"
  [02/49]	"$[?@.a>=true]"
  [02/50]	"$[?@.a>=false]"
  [02/51]	"$[?@.a&&@.a!=null]"
  [02/52]	"$[?@.a&&@.b]"
  [02/53]	"$[?@.a||@.b]"
  [02/54]	"$[?@.a>0&&@.a<10]"
  [02/55]	"$[?@.a=='b'||@.a=='d']"
* [03/56]	"$[?!(@.a=='b')]"
* [04/57]	"$[?!@.a]"
* [05/58]	"$[?!@.a]"
* [06/59]	"$[?@.*]"
* [07/60]	"$[?@[0, 0, 'a']]"
* [08/61]	"$[?@[0:2]]"
* [09/62]	"$[?!@.*]"
- [10/63]	"$[?@[0:0]==0]"
- [11/64]	"$[?@[*]==0]"
- [12/65]	"$[?@..a==0]"
  [12/66]	"$[?@.a[*].a==0]"
* [13/67]	"$[?@[?@>1]]"
  [13/68]	"$[?@.a == 1]"
  [13/69]	"$[?@['0'] == 5]"
  [13/70]	"$[?@[0] == 5]"
- [14/71]	"$[?(@[0, 0]==42)]"
- [15/72]	"$[?(@[0, 0]!=42)]"
- [16/73]	"$[?(@[0, 0]<=42)]"
- [17/74]	"$[?(@['a', 'a']==42)]"
- [18/75]	"$[?(@['a', 'a']!=42)]"
- [19/76]	"$[?(@['a', 'a']<=42)]"
  [19/77]	"$[?(@[0, '0']==42)]"
  [19/78]	"$[?(@[0, '0']!=42)]"
  [19/79]	"$[?(@[0, '0']<=42)]"
  [19/80]	"$[?(@.*==42)]"
  [19/81]	"$[?(@.*!=42)]"
  [19/82]	"$[?(@.*<=42)]"
- [20/83]	"$[?(@[0:0]==42)]"
- [21/84]	"$[?(@[0:0]!=42)]"
- [22/85]	"$[?(@[0:0]<=42)]"
  [22/86]	"$[?($[0, 0]==42)]"
  [22/87]	"$[?($[0, 0]!=42)]"
  [22/88]	"$[?($[0, 0]<=42)]"
  [22/89]	"$[?($['a', 'a']==42)]"
  [22/90]	"$[?($['a', 'a']!=42)]"
  [22/91]	"$[?($['a', 'a']<=42)]"
  [22/92]	"$[?($[0, '0']==42)]"
  [22/93]	"$[?($[0, '0']!=42)]"
  [22/94]	"$[?($[0, '0']<=42)]"
  [22/95]	"$[?($.*==42)]"
  [22/96]	"$[?($.*!=42)]"
  [22/97]	"$[?($.*<=42)]"
  [22/98]	"$[?($[0:0]==42)]"
  [22/99]	"$[?($[0:0]!=42)]"
  [22/100]	"$[?($[0:0]<=42)]"
* [23/101]	"$[?@.a,?@.b]"
* [24/102]	"$[?@.a=='b',?@.b=='x']"
* [25/103]	"$[?@.a,?@.d]"
* [26/104]	"$[?@.a,1]"
* [27/105]	"$[?@.a,*]"
* [28/106]	"$[?@.a,1:]"
* [29/107]	"$[1, ?@.a=='b', 1:]"
  [29/108]	"$[?@.a==-0]"
  [29/109]	"$[?@.a==1.0]"
  [29/110]	"$[?@.a==1e2]"
  [29/111]	"$[?@.a==1e+2]"
  [29/112]	"$[?@.a==1e-2]"
  [29/113]	"$[?@.a==1.1]"
- [30/114]	"$[?@.a==1.]"
  [30/115]	"$[?@.a==1.1e2]"
  [30/116]	"$[?@.a==1.1e+2]"
  [30/117]	"$[?@.a==1.1e-2]"
* [31/118]	"$.values[?length(@.a) == value($..c)]"
  [31/119]	"$[?@<3]"
  [31/120]	"$[?@.a || @.b && @.b]"
  [31/121]	"$[?@.b && @.b || @.a]"
* [32/122]	"$[?(@.a || @.b) && @.a]"
* [33/123]	"$[?@.a && (@.b || @.a)]"
* [34/124]	"$[?(@.a || @.b) && @.b]"
  [34/125]	"$[?@ == \"quoted' literal\"]"
  [34/126]	"$[?@ == 'quoted\" literal']"
  [34/127]	"$[?@ == 'quoted\\' literal']"
  [34/128]	"$[?@ == \"quoted\\\" literal\"]"
- [35/129]	"$[?true]"
- [36/130]	"$[?false]"
  [36/131]	"$[?'abc']"
- [37/132]	"$[?2]"
  [37/133]	"$[?2.2]"
- [38/134]	"$[?null]"
- [39/135]	"$[?true && false]"
- [40/136]	"$[?true || false]"
- [41/137]	"$[?true == false && false]"
- [42/138]	"$[?true == false || false]"
- [43/139]	"$[?false && true == false]"
- [44/140]	"$[?false || true == false]"

--------------jsonpath/basic.json--------------
  [00/00]	"$"
- [01/01]	" $"
- [02/02]	"$ "
  [02/03]	"$.a"
  [02/04]	"$.☺"
  [02/05]	"$._"
- [03/06]	"$.&"
- [04/07]	"$.1"
  [04/08]	"$.c"
  [04/09]	"$.a"
  [04/10]	"$.*"
  [04/11]	"$.*"
  [04/12]	"$[*]"
  [04/13]	"$.*.a"
  [04/14]	"$[0,2]"
- [05/15]	"$[0 2]"
* [06/16]	"$['a',1]"
* [07/17]	"$['a',1]"
* [08/18]	"$[1,5:7]"
* [09/19]	"$[1,0:3]"
  [09/20]	"$[1,1]"
* [10/21]	"$[*,1]"
* [11/22]	"$[*,'a']"
* [12/23]	"$[*,0:2]"
* [13/24]	"$[*,*]"
  [13/25]	"$[]"
  [13/26]	"$..[1]"
  [13/27]	"$..a"
  [13/28]	"$..*"
  [13/29]	"$..[*]"
  [13/30]	"$..[*]"
  [13/31]	"$..[*]"
  [13/32]	"$..*"
  [13/33]	"$..*"
  [13/34]	"$..['a','d']"
  [13/35]	"$..['a','d']"
- [14/36]	"$.."

--------------jsonpath/index_selector.json--------------
  [00/00]	"$[0]"
  [00/01]	"$[1]"
  [00/02]	"$[2]"
  [00/03]	"$[231584178474632390847141970017375815706539969331281128078915168015826259279872]"
  [00/04]	"$[231584178474632390847141970017375815706539969331281128078915168SomeRandomText]"
  [00/05]	"$[-1]"
  [00/06]	"$[-2]"
  [00/07]	"$[-3]"
  [00/08]	"$[0]"
- [01/09]	"$[01]"
- [02/10]	"$[-01]"
{
    "code":"success",
    "data":{
        "data2":{
            "id":null,
            "type":null,
            "serveCategoryInfoList":[
                {
                    "id":0,
                    "infoList":[

                    ],
                    "idList":[
                        200226
                    ]
                },
                {
                    "id":1,
                    "idList":[
                        1,
                        2,
                        3,
                        4,
                        5,
                        6,
                        7
                    ]
                }
            ]
        }
    },
    "msg":"",
    "status":"1"
}

[{"id":1001,"salary":4000,"name":"jobs","valid":false},{"id":1001,"salary":5000}]
{
	"@type":"com.alibaba.fastjson2_vo.IntField1",
	"v0000":123
}
{
	"@type":"A#0",
	"@value":[
		{
			"@type":"com.alibaba.fastjson2.autoType.AutoTypeTest10$Bean4#1",
			"@value":{
				"params":{
					"@type":"LinkedList#2",
					"@value":[
						{}
					]
				}
			}
		},
		{
			"@type":"#1",
			"@value":{}
		}
	]
}
{}
{
	"@type":"JO1#0",
	"@value":{
		"data":{
			"@type":"A#1",
			"@value":[
				{
					"@type":"#0",
					"@value":{}
				}
			]
		}
	}
}
{
	"@type":"com.alibaba.fastjson2.autoType.AutoTypeTest10$Bean3#0",
	"@value":{
		"params":{
			"@type":"JO10#1",
			"@value":{}
		}
	}
}
{}
{
	"@type":"com.alibaba.fastjson2.autoType.AutoTypeTest20$Bean2#0",
	"@value":{
		"values":{
			"@type":"LinkedHashSet#1",
			"@value":[
				{
					"@type":"com.alibaba.fastjson2.autoType.AutoTypeTest20$XItem#2",
					"@value":"A"
				},
				{
					"@type":"#2",
					"@value":"B"
				},
				{
					"@type":"#2",
					"@value":"C"
				},
				{
					"@type":"#2",
					"@value":"D"
				}
			]
		}
	}
}
{
	"@type":"com.alibaba.fastjson2.autoType.AutoTypeTest20$Bean1#0",
	"@value":{
		"values":{
			"@type":"LinkedList#1",
			"@value":[
				{
					"@type":"com.alibaba.fastjson2.autoType.AutoTypeTest20$XItem#2",
					"@value":"A"
				},
				{
					"@type":"#2",
					"@value":"B"
				},
				{
					"@type":"#2",
					"@value":"C"
				},
				{
					"@type":"#2",
					"@value":"D"
				}
			]
		}
	}
}
{
	"@type":"com.alibaba.fastjson2.autoType.AutoTypeTest20$Bean2#0",
	"@value":{
		"values":{
			"@type":"LinkedHashSet#1",
			"@value":[
				{
					"@type":"com.alibaba.fastjson2.autoType.AutoTypeTest20$XItem#2",
					"@value":"A"
				},
				{
					"@type":"#2",
					"@value":"B"
				},
				{
					"@type":"#2",
					"@value":"C"
				},
				{
					"@type":"#2",
					"@value":"D"
				}
			]
		}
	}
}
{
	"@type":"com.alibaba.fastjson2.autoType.AutoTypeTest20$Bean3#0",
	"@value":{
		"values":[
			{
				"@type":"com.alibaba.fastjson2.autoType.AutoTypeTest20$XItem#1",
				"@value":"A"
			},
			{
				"@type":"#1",
				"@value":"D"
			},
			{
				"@type":"#1",
				"@value":"C"
			},
			{
				"@type":"#1",
				"@value":"B"
			}
		]
	}
}
{
	"@type":"com.alibaba.fastjson2.autoType.AutoTypeTest21$Bean1#0",
	"@value":{
		"item#1":{
			"id#2":101
		},
		"values#3":{
			"@type":"M#4",
			"@value":{
				{
					"@type":"com.alibaba.fastjson2.autoType.AutoTypeTest21$Item#5",
					"@value":{
						"#2":101
					}
				}:"101"
			}
		},
		"values2#6":{
			"@type":"#4",
			"@value":{
				{"$ref":"$.item"}:null
			}
		}
	}
}
{
	"@type":"com.alibaba.fastjson2.autoType.AutoTypeTest21$Bean1#0",
	"@value":{
		"item":{
			"id":101
		},
		"values":{
			"@type":"LM#1",
			"@value":{
				{
					"@type":"com.alibaba.fastjson2.autoType.AutoTypeTest21$Item#2",
					"@value":{
						"id":101
					}
				}:"101"
			}
		},
		"values2":{
			"@type":"#1",
			"@value":{
				{
					"@type":"#2",
					"@value":{
						"id":101
					}
				}:"101"
			}
		}
	}
}
{
	"@type":"com.alibaba.fastjson2.autoType.AutoTypeTest21$Bean2#0",
	"@value":{
		"item":{
			"id":101
		},
		"values":{
			"@type":"M#1",
			"@value":{
				{
					"@type":"com.alibaba.fastjson2.autoType.AutoTypeTest21$Item#2",
					"@value":{
						"id":101
					}
				}:"101"
			}
		},
		"values2":{
			"@type":"#1",
			"@value":{
				{"$ref":"$.item"}:null
			}
		}
	}
}
{
	"@type":"com.alibaba.fastjson2.autoType.AutoTypeTest16_pairKey$Bean#0",
	"@value":{
		"map":{
			"@type":"M#1",
			"@value":{
				{
					"@type":"org.apache.commons.lang3.tuple.MutablePair#2",
					"@value":{
						"left":1,
						"right":2
					}
				}:"12"
			}
		}
	}
}
{
	"@type":"com.alibaba.fastjson2.autoType.AutoTypeTest16_pairKey$Bean#0",
	"@value":{
		"map":{
			"@type":"M#1",
			"@value":{
				{
					"@type":"org.apache.commons.lang3.tuple.ImmutablePair#2",
					"@value":{
						"left":1,
						"right":2
					}
				}:"12"
			}
		}
	}
}
{
	"@type":"com.alibaba.fastjson2.autoType.AutoTypeTest43_dynamic$Model#0",
	"@value":{
		"id":102
	}
}
{
	"@type":"com.alibaba.fastjson2.autoType.AutoTypeTest29_Byte$Bean1#0",
	"@value":{
		"value":1
	}
}
{
	"@type":"com.alibaba.fastjson2.autoType.AutoTypeTest29_Byte$Bean2#0",
	"@value":{
		"value":1
	}
}
{
	"@type":"com.alibaba.fastjson2.autoType.AutoTypeTest29_Byte$Bean3#0",
	"@value":{
		"value":1
	}
}
{
	"@type":"LinkedList#0",
	"@value":[
		{
			"@type":"com.alibaba.fastjson2.autoType.AutoTypeTest32$Bean#1",
			"@value":{
				"items":{
					"@type":"#0",
					"@value":[
						{},
						{},
						{}
					]
				}
			}
		},
		{
			"@type":"#1",
			"@value":{
				"items":null
			}
		},
		{
			"@type":"#1",
			"@value":{
				"items":null
			}
		}
	]
}
{
	"@type":"LinkedList#0",
	"@value":[
		{
			"@type":"com.alibaba.fastjson2.autoType.AutoTypeTest32$Bean#1",
			"@value":{
				"items":{
					"@type":"#0",
					"@value":[
						{},
						{},
						{}
					]
				}
			}
		},
		{
			"@type":"#1",
			"@value":{
				"items":{
					"@type":"java.util.Collections$SingletonList#2",
					"@value":[
						{}
					]
				}
			}
		},
		{
			"@type":"#1",
			"@value":{
				"items":null
			}
		}
	]
}
{
	"@type":"com.alibaba.fastjson2.autoType.AutoTypeTest22$Bean1#0",
	"@value":{
		"item":{
			"@type":"com.alibaba.fastjson2.autoType.AutoTypeTest22$XItem#1",
			"@value":{
				"id":101
			}
		},
		"item1":{"$ref":"$.item"}
	}
}
{
	"@type":"com.alibaba.fastjson2.autoType.AutoTypeTest9$Bean4#0",
	"@value":{
		"values":[
			{
				"@type":"LM#1",
				"@value":{}
			}
		]
	}
}
{
	"@type":"com.alibaba.fastjson2.autoType.AutoTypeTest9$Bean#0",
	"@value":{
		"values":[]
	}
}
{
	"@type":"com.alibaba.fastjson2.autoType.AutoTypeTest9$Bean2#0",
	"@value":{
		"values":[1]
	}
}
{
	"@type":"com.alibaba.fastjson2.autoType.AutoTypeTest9$Bean3#0",
	"@value":{
		"values":{
			"@type":"JO1#1",
			"@value":{
				"set":{
					"@type":"HashSet#2",
					"@value":[]
				}
			}
		}
	}
}
{
	"@type":"com.alibaba.fastjson2.autoType.AutoTypeTest9$Bean4#0",
	"@value":{
		"values":[
			{
				"@type":"JO1#1",
				"@value":{}
			}
		]
	}
}
{
	"@type":"com.alibaba.fastjson2.autoType.AutoTypeTest9$Bean5#0",
	"@value":{
		"values":{
			"data":{
				"@type":"A#1",
				"@value":[
					{
						"@type":"JO1#2",
						"@value":{}
					}
				]
			}
		}
	}
}
{
	"@type":"com.alibaba.fastjson2.autoType.AutoTypeTest39_ListStr$Bean#0",
	"@value":{
		"items":{
			"@type":"LinkedList#1",
			"@value":[
				"abcde",
				"abcde"
			]
		}
	}
}
{
	"@type":"com.alibaba.fastjson2.autoType.AutoTypeTest39_ListStr$Bean#0",
	"@value":{
		"items":{
			"@type":"java.util.Collections$SingletonList#1",
			"@value":["abc"]
		}
	}
}
{
	"@type":"com.alibaba.fastjson2.autoType.AutoTypeTest39_ListStr$Bean#0",
	"@value":{
		"items":{
			"@type":"java.util.Collections$SingletonList#1",
			"@value":["abc"]
		}
	}
}
{
	"@type":"com.alibaba.fastjson2.autoType.AutoTypeTest39_ListStr$Bean#0",
	"@value":{
		"items":{
			"@type":"java.util.Arrays$ArrayList#1",
			"@value":["abc"]
		}
	}
}
{
	"@type":"com.alibaba.fastjson2.autoType.AutoTypeTest39_ListStr$Bean#0",
	"@value":{
		"items":{
			"@type":"LinkedList#1",
			"@value":["abc"]
		}
	}
}
{
	"@type":"[Long#0",
	"@value":[101]
}
{
	"@type":"[UUID#0",
	"@value":[
		[
			-66,
			72,
			89,
			-22,
			-88,
			119,
			76,
			-123,
			-105,
			-98,
			31,
			35,
			-59,
			-33,
			23,
			-38
		]
	]
}
{
	"@type":"[String#0",
	"@value":["101"]
}
{
	"@type":"[BigDecimal#0",
	"@value":[
		101
	]
}
{
	"@type":"[BigInteger#0",
	"@value":[101]
}
{
	"@type":"com.alibaba.fastjson2.autoType.AutoTypeTest31_array$BeanLong64Array#0",
	"@value":{
		"values":[101]
	}
}
{
	"@type":"[J#0",
	"@value":[101]
}
{
	"@type":"com.alibaba.fastjson2.autoType.AutoTypeTest31_array$BeanInteger64Array#0",
	"@value":{
		"values":[101]
	}
}
{
	"@type":"List#0",
	"@value":[101]
}
{
	"@type":"Set#0",
	"@value":["a"]
}
{
	"@type":"List#0",
	"@value":[101]
}
{
	"@type":"Set#0",
	"@value":["a"]
}
{
	"@type":"Set#0",
	"@value":["a"]
}
{
	"@type":"List#0",
	"@value":[101]
}
{
	"@type":"List#0",
	"@value":[101]
}
{
	"@type":"List#0",
	"@value":[101]
}
{
	"@type":"Set#0",
	"@value":["a"]
}
{
	"@type":"Set#0",
	"@value":["a"]
}
{
	"@type":"com.alibaba.fastjson2.autoType.AutoTypeTest18$Bean1#0",
	"@value":{
		"values":{
			"@type":"LinkedList#1",
			"@value":[
				{
					"@type":"com.alibaba.fastjson2.autoType.AutoTypeTest18$XItem#2",
					"@value":{}
				},
				{
					"@type":"com.alibaba.fastjson2.autoType.AutoTypeTest18$YItem#3",
					"@value":{}
				}
			]
		}
	}
}
{
	"@type":"com.alibaba.fastjson2.autoType.AutoTypeTest18$Bean2#0",
	"@value":{
		"values":{
			"@type":"LinkedHashSet#1",
			"@value":[
				{
					"@type":"com.alibaba.fastjson2.autoType.AutoTypeTest18$XItem#2",
					"@value":{}
				},
				{
					"@type":"com.alibaba.fastjson2.autoType.AutoTypeTest18$YItem#3",
					"@value":{}
				},
				{
					"@type":"com.alibaba.fastjson2.autoType.AutoTypeTest18$ZEnum#4",
					"@value":"A"
				}
			]
		}
	}
}
{
	"@type":"LinkedList#0",
	"@value":[
		{
			"@type":"com.alibaba.fastjson2.autoType.AutoTypeTest33$Bean#1",
			"@value":{
				"items":{
					"@type":"#0",
					"@value":[
						{
							"@type":"com.alibaba.fastjson2.autoType.AutoTypeTest33$Item#2",
							"@value":{}
						},
						{
							"@type":"#2",
							"@value":{}
						},
						{
							"@type":"#2",
							"@value":{}
						}
					]
				}
			}
		},
		{
			"@type":"#1",
			"@value":{
				"items":null
			}
		},
		{
			"@type":"#1",
			"@value":{
				"items":null
			}
		}
	]
}
{
	"@type":"LinkedList#0",
	"@value":[
		{
			"@type":"com.alibaba.fastjson2.autoType.AutoTypeTest33$Bean#1",
			"@value":{
				"items":{
					"@type":"#0",
					"@value":[
						{
							"@type":"com.alibaba.fastjson2.autoType.AutoTypeTest33$Item#2",
							"@value":{}
						},
						{
							"@type":"#2",
							"@value":{}
						},
						{
							"@type":"#2",
							"@value":{}
						}
					]
				}
			}
		},
		{
			"@type":"#1",
			"@value":{
				"items":{
					"@type":"java.util.Collections$SingletonList#3",
					"@value":[
						{
							"@type":"#2",
							"@value":{}
						}
					]
				}
			}
		},
		{
			"@type":"#1",
			"@value":{
				"items":null
			}
		}
	]
}
{
	"@type":"LinkedList#0",
	"@value":[
		{
			"@type":"com.alibaba.fastjson2.autoType.AutoTypeTest33$Bean#1",
			"@value":{
				"items":{
					"@type":"#0",
					"@value":[
						{
							"@type":"com.alibaba.fastjson2.autoType.AutoTypeTest33$Item#2",
							"@value":{}
						},
						{
							"@type":"#2",
							"@value":{}
						},
						{
							"@type":"#2",
							"@value":{}
						}
					]
				}
			}
		},
		{
			"@type":"#1",
			"@value":{
				"items":{
					"@type":"java.util.Collections$SingletonSet#3",
					"@value":[
						{}
					]
				}
			}
		},
		{
			"@type":"#1",
			"@value":{
				"items":null
			}
		}
	]
}
{
	"@type":"com.alibaba.fastjson2.autoType.AutoTypeTest26$Bean1#0",
	"@value":{
		"items":{
			"@type":"java.util.Collections$UnmodifiableMap#1",
			"@value":{}
		}
	}
}
{
	"@type":"com.alibaba.fastjson2.autoType.AutoTypeTest26$Bean1#0",
	"@value":{
		"items":{
			"@type":"java.util.Collections$UnmodifiableSortedMap#1",
			"@value":{}
		}
	}
}
{
	"@type":"com.alibaba.fastjson2.autoType.AutoTypeTest26$Bean1#0",
	"@value":{
		"items":{
			"@type":"java.util.Collections$UnmodifiableNavigableMap#1",
			"@value":{}
		}
	}
}
{
	"@type":"com.alibaba.fastjson2.autoType.AutoTypeTest26$Bean1#0",
	"@value":{
		"items":{
			"@type":"com.google.common.collect.RegularImmutableMap#1",
			"@value":{}
		}
	}
}
{
	"@type":"com.alibaba.fastjson2.autoType.AutoTypeTest26$Bean1#0",
	"@value":{
		"items":{
			"@type":"java.util.Collections$UnmodifiableNavigableMap$EmptyNavigableMap#1",
			"@value":{}
		}
	}
}
{
	"@type":"com.alibaba.fastjson2.autoType.AutoTypeTest26$Bean1#0",
	"@value":{
		"items":{
			"@type":"EmptyMap#1",
			"@value":{}
		}
	}
}
{
	"@type":"com.alibaba.fastjson2.autoType.AutoTypeTest26$Bean1#0",
	"@value":{
		"items":{
			"@type":"java.util.Collections$UnmodifiableNavigableMap$EmptyNavigableMap#1",
			"@value":{}
		}
	}
}
{
	"@type":"com.alibaba.fastjson2.autoType.AutoTypeTest26$Bean1#0",
	"@value":{
		"items":{
			"@type":"com.google.common.collect.SingletonImmutableBiMap#1",
			"@value":{
				"a":0
			}
		}
	}
}
{
	"@type":"com.alibaba.fastjson2.autoType.AutoTypeTest26$Bean1#0",
	"@value":{
		"items":{
			"@type":"java.util.Collections$SingletonMap#1",
			"@value":{
				"a":1
			}
		}
	}
}
{
	"@type":"com.alibaba.fastjson2.autoType.AutoTypeTest23$Bean1#0",
	"@value":{
		"items":{
			"@type":"[com.alibaba.fastjson2.autoType.AutoTypeTest23$XItem#1",
			"@value":[]
		},
		"items1":{"$ref":"$.items"}
	}
}
{
	"@type":"com.alibaba.fastjson2.autoType.AutoTypeTest23$Bean2#0",
	"@value":{
		"items":[
			"a",
			"b"
		],
		"items1":{"$ref":"$.items"}
	}
}
{
	"@type":"com.alibaba.fastjson2.autoType.AutoTypeFilterTest1$RpcException#0",
	"@value":{
		"stackTrace#1":[],
		"suppressedExceptions#2":{
			"@type":"java.util.Collections$EmptyList#3",
			"@value":[]
		}
	}
}
{
	"@type":"com.alibaba.fastjson2.autoType.AutoTypeTest28_Short$Bean1#0",
	"@value":{
		"value":1
	}
}
{
	"@type":"com.alibaba.fastjson2.autoType.AutoTypeTest28_Short$Bean2#0",
	"@value":{
		"value":1
	}
}
{
	"@type":"com.alibaba.fastjson2.autoType.AutoTypeTest28_Short$Bean3#0",
	"@value":{
		"value":1
	}
}
{
	"@type":"com.alibaba.fastjson2.autoType.AutoTypeTest17$Bean2#0",
	"@value":{
		"values":[
			{
				"@type":"com.alibaba.fastjson2.autoType.AutoTypeTest17$XItem#1",
				"@value":{}
			},
			{
				"@type":"com.alibaba.fastjson2.autoType.AutoTypeTest17$Item#2",
				"@value":{}
			}
		]
	}
}
{
	"@type":"com.alibaba.fastjson2.autoType.AutoTypeTest17$Bean3#0",
	"@value":{
		"values":[
			{
				"@type":"com.alibaba.fastjson2.autoType.AutoTypeTest17$XItem#1",
				"@value":{}
			},
			{}
		]
	}
}
{
	"@type":"com.alibaba.fastjson2.autoType.AutoTypeTest17$Bean4#0",
	"@value":{
		"values":{
			"@type":"LM#1",
			"@value":{
				"0":{
					"@type":"com.alibaba.fastjson2.autoType.AutoTypeTest17$XItem#2",
					"@value":{}
				},
				"1":{}
			}
		}
	}
}
{
	"@type":"com.alibaba.fastjson2.autoType.AutoTypeTest17$Bean5#0",
	"@value":{
		"item":{}
	}
}
{
	"@type":"com.alibaba.fastjson2.autoType.AutoTypeTest17$Bean5#0",
	"@value":{
		"item":{
			"@type":"com.alibaba.fastjson2.autoType.AutoTypeTest17$XItem#1",
			"@value":{}
		}
	}
}
{
	"@type":"com.alibaba.fastjson2.autoType.AutoTypeTest17$Bean6#0",
	"@value":{
		"values":{
			"0":{
				"@type":"com.alibaba.fastjson2.autoType.AutoTypeTest17$XItem#1",
				"@value":{}
			},
			"1":{}
		}
	}
}
{
	"@type":"com.alibaba.fastjson2.autoType.AutoTypeTest17$Bean8#0",
	"@value":{
		"values":{
			"@type":"LM#1",
			"@value":{
				0:{
					"@type":"com.alibaba.fastjson2.autoType.AutoTypeTest17$XItem#2",
					"@value":{}
				},
				1:{}
			}
		}
	}
}
{
	"@type":"LM#0",
	"@value":{
		{
			"@type":"java.lang.Class#1",
			"@value":"java.lang.String"
		}:"S"
	}
}
{
	{
		"@type":"HashSet#0",
		"@value":[]
	}:"A",
	{
		"@type":"EmptyMap#1",
		"@value":{}
	}:"C",
	{
		{}:"D"
	}:"E"
}
{
	"@type":"com.alibaba.fastjson2.autoType.AutoTypeTest34_ListStr$Bean#0",
	"@value":{
		"items":{
			"@type":"LinkedList#1",
			"@value":[
				"abcde",
				"abcde"
			]
		}
	}
}
{
	"@type":"com.alibaba.fastjson2.autoType.AutoTypeTest34_ListStr$Bean#0",
	"@value":{
		"items":{
			"@type":"java.util.Collections$SingletonList#1",
			"@value":["abc"]
		}
	}
}
{
	"@type":"com.alibaba.fastjson2.autoType.AutoTypeTest34_ListStr$Bean#0",
	"@value":{
		"items":{
			"@type":"java.util.Collections$SingletonSet#1",
			"@value":["abc"]
		}
	}
}
{
	"@type":"com.alibaba.fastjson2.autoType.AutoTypeTest34_ListStr$Bean#0",
	"@value":{
		"items":{
			"@type":"java.util.Arrays$ArrayList#1",
			"@value":["abc"]
		}
	}
}
{
	"@type":"com.alibaba.fastjson2.autoType.AutoTypeTest34_ListStr$Bean#0",
	"@value":{
		"items":{
			"@type":"java.util.Collections$UnmodifiableCollection#1",
			"@value":["abc"]
		}
	}
}
{
	"@type":"com.alibaba.fastjson2.autoType.AutoTypeTest38_DupType$Bean#0",
	"@value":{
		"first":{
			"@type":"com.alibaba.fastjson2.autoType.AutoTypeTest38_DupType$Item#1",
			"@value":{
				"id":101,
				"name":"DataWorks"
			}
		},
		"second":{
			"@type":"#1",
			"@value":{
				"id":102,
				"name":"MaxCompute"
			}
		},
		"third":{
			"@type":"#1",
			"@value":{
				"id":102,
				"name":"EMR"
			}
		}
	}
}
{
	"@type":"com.alibaba.fastjson2.autoType.AutoTypeTest46_Pair$Bean#0",
	"@value":{
		"pair1#1":{
			"@type":"org.apache.commons.lang3.tuple.ImmutablePair#2",
			"@value":{
				"left#3":"101",
				"right#4":true
			}
		},
		"pair2#5":{
			"@type":"#2",
			"@value":{
				"#3":"102",
				"#4":true
			}
		}
	}
}
{
	"@type":"com.alibaba.fastjson2.autoType.AutoTypeTest36_SetLong$Bean#0",
	"@value":{
		"values":[100],
		"values1":[100]
	}
}
[
	{
		"@type":"com.alibaba.fastjson2.autoType.AutoTypeTest36_SetLong$Bean2#0",
		"@value":{
			"values":[100]
		}
	},
	{
		"@type":"#0",
		"@value":{
			"values":[200]
		}
	},
	{
		"@type":"#0",
		"@value":{
			"values":[300]
		}
	}
]
{
	"@type":"com.alibaba.fastjson2.autoType.AutoTypeTest36_SetLong$Bean2#0",
	"@value":{
		"values":[100]
	}
}
{
	"@type":"com.alibaba.fastjson2.autoType.AutoTypeTest36_MapAtomicLong$Bean#0",
	"@value":{
		"map":{
			"123":{
				"@type":"AtomicLong#1",
				"@value":123
			}
		}
	}
}
{
	"@type":"com.alibaba.fastjson2.autoType.AutoTypeTest36_MapAtomicLong$Bean#0",
	"@value":{
		"map":{
			"123":{
				"@type":"AtomicInteger#1",
				"@value":123
			}
		}
	}
}
{
	"@type":"com.google.common.collect.AbstractMapBasedMultimap$RandomAccessWrappedList#0",
	"@value":[
		101,
		102,
		101
	]
}
{
	"@type":"com.google.common.collect.AbstractMapBasedMultimap$WrappedSet#0",
	"@value":{
		"ancestor":null,
		"ancestorDelegate":null,
		"delegate":{
			"@type":"HashSet#1",
			"@value":[
				101,
				102
			]
		},
		"key":"a",
		"this$0":{
			"@type":"com.google.common.collect.HashMultimap#2",
			"@value":{
				"a":{
					"@type":"#0",
					"@value":{
						"ancestor":null,
						"ancestorDelegate":null,
						"delegate":{"$ref":"$.delegate"},
						"key":"a",
						"this$0":{"$ref":"$.this$0"}
					}
				}
			}
		}
	}
}
{
	"@type":"com.alibaba.fastjson2.autoType.AutoTypeTest27$Bean1#0",
	"@value":{
		"items":{
			"@type":"java.util.Arrays$ArrayList#1",
			"@value":[
				0,
				1,
				2,
				3
			]
		}
	}
}
{
	"@type":"com.alibaba.fastjson2.autoType.AutoTypeTest27$Bean1#0",
	"@value":{
		"items":{
			"@type":"java.util.Collections$EmptySet#1",
			"@value":[]
		}
	}
}
{
	"@type":"com.alibaba.fastjson2.autoType.AutoTypeTest27$Bean1#0",
	"@value":{
		"items":{
			"@type":"java.util.Collections$UnmodifiableCollection#1",
			"@value":[]
		}
	}
}
{
	"@type":"com.alibaba.fastjson2.autoType.AutoTypeTest27$Bean1#0",
	"@value":{
		"items":{
			"@type":"java.util.AbstractList$SubList#1",
			"@value":[0]
		}
	}
}
{
	"@type":"com.alibaba.fastjson2.autoType.AutoTypeTest27$Bean1#0",
	"@value":{
		"items":{
			"@type":"A#1",
			"@value":[0]
		}
	}
}
{
	"@type":"com.alibaba.fastjson2.autoType.AutoTypeTest27$Bean1#0",
	"@value":{
		"items":{
			"@type":"java.util.Collections$UnmodifiableSortedSet#1",
			"@value":["A"]
		}
	}
}
{
	"@type":"com.alibaba.fastjson2.autoType.AutoTypeTest27$Bean1#0",
	"@value":{
		"items":{
			"@type":"java.util.Collections$UnmodifiableNavigableSet#1",
			"@value":["A"]
		}
	}
}
{
	"@type":"com.alibaba.fastjson2.autoType.AutoTypeTest27$Bean1#0",
	"@value":{
		"items":{
			"@type":"java.util.Collections$SingletonSet#1",
			"@value":["1"]
		}
	}
}
{
	"@type":"com.alibaba.fastjson2.autoType.AutoTypeTest27$Bean1#0",
	"@value":{
		"items":{
			"@type":"java.util.Collections$UnmodifiableSet#1",
			"@value":[]
		}
	}
}
{
	"@type":"com.alibaba.fastjson2.autoType.AutoTypeTest45_ListNullItem$Bean#0",
	"@value":{
		"items":[
			null,
			{}
		]
	}
}
diff type $.sesameBlock_1.fields.map, left class java.util.HashMap, right class com.alibaba.fastjson.JSONObject
diff JSONObject1 $.sesameBlock_1.fields
diff map $.sesameBlock_1, com.alibaba.fastjson.JSONObject
diff map $, com.alibaba.fastjson.JSONObject
{
	"@type":"[O#0",
	"@value":[
		{
			"@type":"TimeUnit#1",
			"@value":"DAYS"
		}
	]
}
{
	"a":{
		"@type":"com.alibaba.fastjson2.autoType.AutoTypeTest37_MapBean$Item#0",
		"@value":{
			"child":null,
			"id":101
		}
	},
	"b":{
		"@type":"#0",
		"@value":{
			"child":null,
			"id":102
		}
	},
	"c":{
		"@type":"#0",
		"@value":{
			"child":{},
			"id":103
		}
	}
}
{
	"@type":"com.alibaba.fastjson2.autoType.AutoTypeTest19$Bean2#0",
	"@value":{
		"values":{
			"@type":"LinkedList#1",
			"@value":[
				{
					"@type":"com.alibaba.fastjson2.autoType.AutoTypeTest19$XItem2#2",
					"@value":{
						"id":0,
						"value":0
					}
				},
				{
					"@type":"#2",
					"@value":{
						"id":0,
						"value":0
					}
				},
				{
					"@type":"#2",
					"@value":{
						"id":0,
						"value":0
					}
				}
			]
		}
	}
}
{
	"@type":"com.alibaba.fastjson2.autoType.AutoTypeTest19$Bean1#0",
	"@value":{
		"f1":false,
		"id":123,
		"v1":0,
		"values":{
			"@type":"LinkedList#1",
			"@value":[
				{
					"key":"101",
					"value":1
				},
				{
					"gmtCreate":1791305200635,
					"key":"102",
					"value":2
				},
				{
					"gmtCreate":1791305200635,
					"key":"103",
					"value":"3"
				}
			]
		}
	}
}
{
	"@type":"com.alibaba.fastjson2.autoType.AutoTypeTest19$Bean2#0",
	"@value":{
		"values":{
			"@type":"LinkedList#1",
			"@value":[
				{
					"@type":"com.alibaba.fastjson2.autoType.AutoTypeTest19$XItem2#2",
					"@value":{
						"id":0,
						"value":0
					}
				}
			]
		}
	}
}
{
	"@type":"com.alibaba.fastjson2.autoType.AutoTypeTest25$Bean1#0",
	"@value":{
		"items":{
			"@type":"TreeMap#1",
			"@value":{
				"a":{
					"a1":null,
					"child":null,
					"chilren":null
				}
			}
		}
	}
}
{
	"@type":"com.alibaba.fastjson2.autoType.AutoTypeTest44_customList$1#0",
	"@value":[101]
}
{
	"@type":"com.alibaba.fastjson2.autoType.AutoTypeTest44_customList$2#0",
	"@value":[101]
}
{
	"@type":"M#0",
	"@value":{
		"a":101
	}
}
{
	"@type":"com.alibaba.fastjson2.autoType.AutoTypeTest24$Bean1#0",
	"@value":{
		"items":[
			"1",
			"2"
		]
	}
}
{
	"@type":"com.alibaba.fastjson2.autoType.AutoTypeTest16_enums$Bean1#0",
	"@value":{
		"values":{
			"@type":"LinkedList#1",
			"@value":[
				"DAYS",
				"SECONDS",
				"DAYS"
			]
		}
	}
}
{
	"@type":"com.alibaba.fastjson2.autoType.AutoTypeTest16_enums$Bean2#0",
	"@value":{
		"values":{
			"@type":"LinkedList#1",
			"@value":[
				{
					"children":{
						"@type":"A#2",
						"@value":[
							{
								"id":11
							},
							{
								"id":12
							}
						]
					}
				},
				{
					"children":{
						"@type":"#2",
						"@value":[
							{
								"id":21
							},
							{
								"id":22
							}
						]
					}
				}
			]
		}
	}
}
{
	"@type":"com.alibaba.fastjson2.autoType.AutoTypeTest36_MapLong$Bean#0",
	"@value":{
		"values":{
			"abc":100
		}
	}
}
{
	"@type":"com.alibaba.fastjson2.autoType.AutoTypeTest40_listBeanMap$Bean#0",
	"@value":{
		"items":[
			{
				"@type":"M#1",
				"@value":{}
			}
		]
	}
}
{
	"@type":"com.alibaba.fastjson2.autoType.AutoTypeTest40_listBeanMap$Bean2#0",
	"@value":{
		"items":{
			"a":{
				"@type":"M#1",
				"@value":{}
			}
		}
	}
}
{
	"@type":"com.alibaba.fastjson2.autoType.AutoTypeTest8$Bean#0",
	"@value":{
		"values":{
			"@type":"[com.alibaba.fastjson2.autoType.AutoTypeTest8$A1#1",
			"@value":[
				{}
			]
		}
	}
}
[{}]
[{}]
{
	"@type":"com.alibaba.fastjson2.autoType.AutoTypeTest8$ListBean#0",
	"@value":{
		"values":{
			"@type":"LinkedList#1",
			"@value":[
				{
					"@type":"com.alibaba.fastjson2.autoType.AutoTypeTest8$A#2",
					"@value":{}
				}
			]
		}
	}
}
{
	"@type":"com.alibaba.fastjson2.autoType.AutoTypeTest8$ListBean2#0",
	"@value":{
		"values":[
			{
				"@type":"com.alibaba.fastjson2.autoType.AutoTypeTest8$A#1",
				"@value":{}
			}
		]
	}
}
{
	"@type":"com.alibaba.fastjson2.autoType.AutoTypeTest30$Bean1#0",
	"@value":{
		"items":["101"]
	}
}
{
	"@type":"com.alibaba.fastjson2.autoType.AutoTypeTest30$Bean2#0",
	"@value":{
		"value":"1001"
	}
}
[
	{
		"@type":"com.alibaba.fastjson2.autoType.AutoTypeTest30$Bean1#0",
		"@value":{
			"items":["101"]
		}
	},
	{
		"@type":"#0",
		"@value":{
			"items":["102"]
		}
	},
	{
		"@type":"#0",
		"@value":{
			"items":["103"]
		}
	}
]
{"name":123456789,"id":"abc"}
[
	{
		"name":"id",
		"inferSQLType":"STRING",
		"inferType":"java.lang.String",
		"integers":7702,
		"numbers":7702,
		"precision":10,
		"values":15404
	},
	{
		"name":"type",
		"inferSQLType":"STRING",
		"inferType":"java.lang.String",
		"precision":29,
		"values":15404
	},
	{
		"name":"actor",
		"inferSQLType":"STRING",
		"inferType":"java.util.Map",
		"maps":7702,
		"values":7702
	},
	{
		"name":"actor.id",
		"inferSQLType":"INT",
		"inferType":"java.lang.Integer",
		"integers":7702,
		"numbers":7702,
		"values":7702
	},
	{
		"name":"actor.login",
		"inferSQLType":"STRING",
		"inferType":"java.lang.String",
		"integers":3,
		"numbers":3,
		"precision":27,
		"values":15404
	},
	{
		"name":"actor.gravatar_id",
		"inferSQLType":"STRING",
		"inferType":"java.lang.String",
		"nulls":7702,
		"values":15404
	},
	{
		"name":"actor.url",
		"inferSQLType":"STRING",
		"inferType":"java.lang.String",
		"precision":56,
		"values":15404
	},
	{
		"name":"actor.avatar_url",
		"inferSQLType":"STRING",
		"inferType":"java.lang.String",
		"precision":49,
		"values":15404
	},
	{
		"name":"repo",
		"inferSQLType":"STRING",
		"inferType":"java.util.Map",
		"maps":7702,
		"values":7702
	},
	{
		"name":"repo.id",
		"inferSQLType":"INT",
		"inferType":"java.lang.Integer",
		"integers":7702,
		"numbers":7702,
		"values":7702
	},
	{
		"name":"repo.name",
		"errors":64,
		"inferSQLType":"STRING",
		"inferType":"java.lang.String",
		"precision":54,
		"values":15404
	},
	{
		"name":"repo.url",
		"inferSQLType":"STRING",
		"inferType":"java.lang.String",
		"precision":83,
		"values":15404
	},
	{
		"name":"payload",
		"inferSQLType":"STRING",
		"inferType":"java.util.Map",
		"maps":7702,
		"values":7702
	},
	{
		"name":"payload.push_id",
		"inferSQLType":"INT",
		"inferType":"java.lang.Integer",
		"integers":4280,
		"numbers":4280,
		"values":4280
	},
	{
		"name":"payload.size",
		"inferSQLType":"INT",
		"inferType":"java.lang.Integer",
		"integers":4280,
		"numbers":4280,
		"values":4280
	},
	{
		"name":"payload.distinct_size",
		"inferSQLType":"INT",
		"inferType":"java.lang.Integer",
		"integers":4280,
		"numbers":4280,
		"values":4280
	},
	{
		"name":"payload.ref",
		"errors":192,
		"inferSQLType":"STRING",
		"inferType":"java.lang.String",
		"integers":1,
		"nulls":290,
		"numbers":10,
		"precision":250,
		"scale":4,
		"values":9892
	},
	{
		"name":"payload.head",
		"inferSQLType":"STRING",
		"inferType":"java.lang.String",
		"precision":40,
		"values":8560
	},
	{
		"name":"payload.before",
		"inferSQLType":"STRING",
		"inferType":"java.lang.String",
		"precision":40,
		"values":8560
	},
	{
		"name":"payload.commits",
		"arrays":4280,
		"inferSQLType":"STRING",
		"inferType":"java.util.Collection",
		"maps":5706,
		"values":9986
	},
	{
		"name":"payload.commits[0].sha",
		"inferSQLType":"STRING",
		"inferType":"java.lang.String",
		"precision":40,
		"values":8270
	},
	{
		"name":"payload.commits[0].author",
		"inferSQLType":"STRING",
		"inferType":"java.util.Map",
		"maps":4135,
		"values":4135
	},
	{
		"name":"payload.commits[0].author.email",
		"inferSQLType":"STRING",
		"inferType":"java.lang.String",
		"precision":77,
		"values":8270
	},
	{
		"name":"payload.commits[0].author.name",
		"inferSQLType":"STRING",
		"inferType":"java.lang.String",
		"integers":1,
		"nonAsciiStrings":83,
		"numbers":1,
		"precision":35,
		"values":8270
	},
	{
		"name":"payload.commits[0].message",
		"dates":2,
		"errors":26,
		"inferSQLType":"STRING",
		"inferType":"java.lang.String",
		"integers":19,
		"nonAsciiStrings":64,
		"nulls":6,
		"numbers":20,
		"precision":3949,
		"scale":2,
		"values":8270
	},
	{
		"name":"payload.commits[0].distinct",
		"booleans":4135,
		"inferSQLType":"STRING",
		"inferType":"java.lang.Boolean",
		"values":4135
	},
	{
		"name":"payload.commits[0].url",
		"inferSQLType":"STRING",
		"inferType":"java.lang.String",
		"precision":132,
		"values":8270
	},
	{
		"name":"public",
		"booleans":7702,
		"inferSQLType":"STRING",
		"inferType":"java.lang.Boolean",
		"values":7702
	},
	{
		"name":"created_at",
		"dates":7702,
		"inferSQLType":"STRING",
		"inferType":"java.lang.String",
		"values":15404
	},
	{
		"name":"payload.ref_type",
		"inferSQLType":"STRING",
		"inferType":"java.lang.String",
		"precision":10,
		"values":1912
	},
	{
		"name":"payload.master_branch",
		"inferSQLType":"STRING",
		"inferType":"java.lang.String",
		"precision":13,
		"values":1630
	},
	{
		"name":"payload.description",
		"inferSQLType":"STRING",
		"inferType":"java.lang.String",
		"integers":4,
		"nonAsciiStrings":20,
		"nulls":256,
		"numbers":4,
		"precision":469,
		"values":1576
	},
	{
		"name":"payload.pusher_type",
		"inferSQLType":"STRING",
		"inferType":"java.lang.String",
		"precision":4,
		"values":1912
	},
	{
		"name":"payload.commits[1].sha",
		"inferSQLType":"STRING",
		"inferType":"java.lang.String",
		"precision":40,
		"values":1462
	},
	{
		"name":"payload.commits[1].author",
		"inferSQLType":"STRING",
		"inferType":"java.util.Map",
		"maps":731,
		"values":731
	},
	{
		"name":"payload.commits[1].author.email",
		"inferSQLType":"STRING",
		"inferType":"java.lang.String",
		"precision":77,
		"values":1462
	},
	{
		"name":"payload.commits[1].author.name",
		"inferSQLType":"STRING",
		"inferType":"java.lang.String",
		"nonAsciiStrings":9,
		"precision":30,
		"values":1462
	},
	{
		"name":"payload.commits[1].message",
		"errors":3,
		"inferSQLType":"STRING",
		"inferType":"java.lang.String",
		"nonAsciiStrings":6,
		"numbers":2,
		"precision":2336,
		"scale":4,
		"values":1462
	},
	{
		"name":"payload.commits[1].distinct",
		"booleans":731,
		"inferSQLType":"STRING",
		"inferType":"java.lang.Boolean",
		"values":731
	},
	{
		"name":"payload.commits[1].url",
		"inferSQLType":"STRING",
		"inferType":"java.lang.String",
		"precision":132,
		"values":1462
	},
	{
		"name":"payload.commits[2].sha",
		"inferSQLType":"STRING",
		"inferType":"java.lang.String",
		"precision":40,
		"values":640
	},
	{
		"name":"payload.commits[2].author",
		"inferSQLType":"STRING",
		"inferType":"java.util.Map",
		"maps":320,
		"values":320
	},
	{
		"name":"payload.commits[2].author.email",
		"inferSQLType":"STRING",
		"inferType":"java.lang.String",
		"precision":77,
		"values":640
	},
	{
		"name":"payload.commits[2].author.name",
		"inferSQLType":"STRING",
		"inferType":"java.lang.String",
		"nonAsciiStrings":4,
		"precision":29,
		"values":640
	},
	{
		"name":"payload.commits[2].message",
		"inferSQLType":"STRING",
		"inferType":"java.lang.String",
		"nonAsciiStrings":3,
		"precision":1154,
		"values":640
	},
	{
		"name":"payload.commits[2].distinct",
		"booleans":320,
		"inferSQLType":"STRING",
		"inferType":"java.lang.Boolean",
		"values":320
	},
	{
		"name":"payload.commits[2].url",
		"inferSQLType":"STRING",
		"inferType":"java.lang.String",
		"precision":121,
		"values":640
	},
	{
		"name":"payload.commits[3].sha",
		"inferSQLType":"STRING",
		"inferType":"java.lang.String",
		"precision":40,
		"values":354
	},
	{
		"name":"payload.commits[3].author",
		"inferSQLType":"STRING",
		"inferType":"java.util.Map",
		"maps":177,
		"values":177
	},
	{
		"name":"payload.commits[3].author.email",
		"inferSQLType":"STRING",
		"inferType":"java.lang.String",
		"precision":75,
		"values":354
	},
	{
		"name":"payload.commits[3].author.name",
		"inferSQLType":"STRING",
		"inferType":"java.lang.String",
		"nonAsciiStrings":2,
		"precision":46,
		"values":354
	},
	{
		"name":"payload.commits[3].message",
		"inferSQLType":"STRING",
		"inferType":"java.lang.String",
		"nonAsciiStrings":3,
		"precision":492,
		"values":354
	},
	{
		"name":"payload.commits[3].distinct",
		"booleans":177,
		"inferSQLType":"STRING",
		"inferType":"java.lang.Boolean",
		"values":177
	},
	{
		"name":"payload.commits[3].url",
		"inferSQLType":"STRING",
		"inferType":"java.lang.String",
		"precision":121,
		"values":354
	},
	{
		"name":"payload.commits[4].sha",
		"inferSQLType":"STRING",
		"inferType":"java.lang.String",
		"precision":40,
		"values":238
	},
	{
		"name":"payload.commits[4].author",
		"inferSQLType":"STRING",
		"inferType":"java.util.Map",
		"maps":119,
		"values":119
	},
	{
		"name":"payload.commits[4].author.email",
		"inferSQLType":"STRING",
		"inferType":"java.lang.String",
		"precision":75,
		"values":238
	},
	{
		"name":"payload.commits[4].author.name",
		"inferSQLType":"STRING",
		"inferType":"java.lang.String",
		"nonAsciiStrings":2,
		"precision":29,
		"values":238
	},
	{
		"name":"payload.commits[4].message",
		"inferSQLType":"STRING",
		"inferType":"java.lang.String",
		"nonAsciiStrings":1,
		"precision":654,
		"values":238
	},
	{
		"name":"payload.commits[4].distinct",
		"booleans":119,
		"inferSQLType":"STRING",
		"inferType":"java.lang.Boolean",
		"values":119
	},
	{
		"name":"payload.commits[4].url",
		"inferSQLType":"STRING",
		"inferType":"java.lang.String",
		"precision":121,
		"values":238
	},
	{
		"name":"payload.commits[5].sha",
		"inferSQLType":"STRING",
		"inferType":"java.lang.String",
		"precision":40,
		"values":166
	},
	{
		"name":"payload.commits[5].author",
		"inferSQLType":"STRING",
		"inferType":"java.util.Map",
		"maps":83,
		"values":83
	},
	{
		"name":"payload.commits[5].author.email",
		"inferSQLType":"STRING",
		"inferType":"java.lang.String",
		"precision":75,
		"values":166
	},
	{
		"name":"payload.commits[5].author.name",
		"inferSQLType":"STRING",
		"inferType":"java.lang.String",
		"nonAsciiStrings":1,
		"precision":29,
		"values":166
	},
	{
		"name":"payload.commits[5].message",
		"inferSQLType":"STRING",
		"inferType":"java.lang.String",
		"nonAsciiStrings":1,
		"precision":1164,
		"values":166
	},
	{
		"name":"payload.commits[5].distinct",
		"booleans":83,
		"inferSQLType":"STRING",
		"inferType":"java.lang.Boolean",
		"values":83
	},
	{
		"name":"payload.commits[5].url",
		"inferSQLType":"STRING",
		"inferType":"java.lang.String",
		"precision":121,
		"values":166
	},
	{
		"name":"payload.commits[6].sha",
		"inferSQLType":"STRING",
		"inferType":"java.lang.String",
		"precision":40,
		"values":122
	},
	{
		"name":"payload.commits[6].author",
		"inferSQLType":"STRING",
		"inferType":"java.util.Map",
		"maps":61,
		"values":61
	},
	{
		"name":"payload.commits[6].author.email",
		"inferSQLType":"STRING",
		"inferType":"java.lang.String",
		"precision":75,
		"values":122
	},
	{
		"name":"payload.commits[6].author.name",
		"inferSQLType":"STRING",
		"inferType":"java.lang.String",
		"nonAsciiStrings":2,
		"precision":29,
		"values":122
	},
	{
		"name":"payload.commits[6].message",
		"inferSQLType":"STRING",
		"inferType":"java.lang.String",
		"nonAsciiStrings":1,
		"precision":525,
		"values":122
	},
	{
		"name":"payload.commits[6].distinct",
		"booleans":61,
		"inferSQLType":"STRING",
		"inferType":"java.lang.Boolean",
		"values":61
	},
	{
		"name":"payload.commits[6].url",
		"inferSQLType":"STRING",
		"inferType":"java.lang.String",
		"precision":121,
		"values":122
	},
	{
		"name":"payload.commits[7].sha",
		"inferSQLType":"STRING",
		"inferType":"java.lang.String",
		"precision":40,
		"values":82
	},
	{
		"name":"payload.commits[7].author",
		"inferSQLType":"STRING",
		"inferType":"java.util.Map",
		"maps":41,
		"values":41
	},
	{
		"name":"payload.commits[7].author.email",
		"inferSQLType":"STRING",
		"inferType":"java.lang.String",
		"precision":75,
		"values":82
	},
	{
		"name":"payload.commits[7].author.name",
		"inferSQLType":"STRING",
		"inferType":"java.lang.String",
		"precision":29,
		"values":82
	},
	{
		"name":"payload.commits[7].message",
		"inferSQLType":"STRING",
		"inferType":"java.lang.String",
		"nonAsciiStrings":1,
		"precision":458,
		"values":82
	},
	{
		"name":"payload.commits[7].distinct",
		"booleans":41,
		"inferSQLType":"STRING",
		"inferType":"java.lang.Boolean",
		"values":41
	},
	{
		"name":"payload.commits[7].url",
		"inferSQLType":"STRING",
		"inferType":"java.lang.String",
		"precision":121,
		"values":82
	},
	{
		"name":"org",
		"inferSQLType":"STRING",
		"inferType":"java.util.Map",
		"maps":2342,
		"values":2342
	},
	{
		"name":"org.id",
		"inferSQLType":"INT",
		"inferType":"java.lang.Integer",
		"integers":2342,
		"numbers":2342,
		"values":2342
	},
	{
		"name":"org.login",
		"errors":3,
		"inferSQLType":"STRING",
		"inferType":"java.lang.String",
		"precision":36,
		"values":4684
	},
	{
		"name":"org.gravatar_id",
		"inferSQLType":"STRING",
		"inferType":"java.lang.String",
		"nulls":2342,
		"values":4684
	},
	{
		"name":"org.url",
		"inferSQLType":"STRING",
		"inferType":"java.lang.String",
		"precision":64,
		"values":4684
	},
	{
		"name":"org.avatar_url",
		"inferSQLType":"STRING",
		"inferType":"java.lang.String",
		"precision":49,
		"values":4684
	},
	{
		"name":"payload.action",
		"inferSQLType":"STRING",
		"inferType":"java.lang.String",
		"precision":9,
		"values":4210
	},
	{
		"name":"payload.issue",
		"inferSQLType":"STRING",
		"inferType":"java.util.Map",
		"maps":1023,
		"values":1023
	},
	{
		"name":"payload.issue.url",
		"inferSQLType":"STRING",
		"inferType":"java.lang.String",
		"precision":82,
		"values":2046
	},
	{
		"name":"payload.issue.labels_url",
		"inferSQLType":"STRING",
		"inferType":"java.lang.String",
		"precision":96,
		"values":2046
	},
	{
		"name":"payload.issue.comments_url",
		"inferSQLType":"STRING",
		"inferType":"java.lang.String",
		"precision":91,
		"values":2046
	},
	{
		"name":"payload.issue.events_url",
		"inferSQLType":"STRING",
		"inferType":"java.lang.String",
		"precision":89,
		"values":2046
	},
	{
		"name":"payload.issue.html_url",
		"inferSQLType":"STRING",
		"inferType":"java.lang.String",
		"precision":71,
		"values":2046
	},
	{
		"name":"payload.issue.id",
		"inferSQLType":"INT",
		"inferType":"java.lang.Integer",
		"integers":1023,
		"numbers":1023,
		"values":1023
	},
	{
		"name":"payload.issue.number",
		"inferSQLType":"INT",
		"inferType":"java.lang.Integer",
		"integers":1023,
		"numbers":1023,
		"values":1023
	},
	{
		"name":"payload.issue.title",
		"inferSQLType":"STRING",
		"inferType":"java.lang.String",
		"nonAsciiStrings":16,
		"precision":135,
		"values":2046
	},
	{
		"name":"payload.issue.user",
		"inferSQLType":"STRING",
		"inferType":"java.util.Map",
		"maps":1023,
		"values":1023
	},
	{
		"name":"payload.issue.user.login",
		"inferSQLType":"STRING",
		"inferType":"java.lang.String",
		"precision":20,
		"values":2046
	},
	{
		"name":"payload.issue.user.id",
		"inferSQLType":"INT",
		"inferType":"java.lang.Integer",
		"integers":1023,
		"numbers":1023,
		"values":1023
	}
]
{"@type":"com.alibaba.fastjson2.issues_1900.Issue1945$B","aInstance":{"@type":"java.util.HashMap","test":"test"},"clazz":["java.lang.String"]}
{
	"id#0":"#0",
	"#0":"#0"
}
[
	{
		"@type":"vip.joinsun.dto.order.ThirdOrderResponseBO0#0",
		"@value":{}
	},
	{
		"@type":"vip.joinsun.dto.order.ThirdOrderResponseBO1#1",
		"@value":{}
	},
	{
		"@type":"vip.joinsun.dto.order.ThirdOrderResponseBO2#2",
		"@value":{}
	},
	{
		"@type":"vip.joinsun.dto.order.ThirdOrderResponseBO3#3",
		"@value":{}
	},
	{
		"@type":"vip.joinsun.dto.order.ThirdOrderResponseBO4#4",
		"@value":{}
	},
	{
		"@type":"vip.joinsun.dto.order.ThirdOrderResponseBO5#5",
		"@value":{}
	},
	{
		"@type":"vip.joinsun.dto.order.ThirdOrderResponseBO6#6",
		"@value":{}
	},
	{
		"@type":"vip.joinsun.dto.order.ThirdOrderResponseBO7#7",
		"@value":{}
	},
	{
		"@type":"vip.joinsun.dto.order.ThirdOrderResponseBO8#8",
		"@value":{}
	},
	{
		"@type":"vip.joinsun.dto.order.ThirdOrderResponseBO9#9",
		"@value":{}
	},
	{
		"@type":"vip.joinsun.dto.order.ThirdOrderResponseBO10#10",
		"@value":{}
	},
	{
		"@type":"vip.joinsun.dto.order.ThirdOrderResponseBO11#11",
		"@value":{}
	},
	{
		"@type":"vip.joinsun.dto.order.ThirdOrderResponseBO12#12",
		"@value":{}
	},
	{
		"@type":"vip.joinsun.dto.order.ThirdOrderResponseBO13#13",
		"@value":{}
	},
	{
		"@type":"vip.joinsun.dto.order.ThirdOrderResponseBO14#14",
		"@value":{}
	},
	{
		"@type":"vip.joinsun.dto.order.ThirdOrderResponseBO15#15",
		"@value":{}
	},
	{
		"@type":"vip.joinsun.dto.order.ThirdOrderResponseBO16#16",
		"@value":{}
	},
	{
		"@type":"vip.joinsun.dto.order.ThirdOrderResponseBO17#17",
		"@value":{}
	},
	{
		"@type":"vip.joinsun.dto.order.ThirdOrderResponseBO18#18",
		"@value":{}
	},
	{
		"@type":"vip.joinsun.dto.order.ThirdOrderResponseBO19#19",
		"@value":{}
	},
	{
		"@type":"vip.joinsun.dto.order.ThirdOrderResponseBO20#20",
		"@value":{}
	},
	{
		"@type":"vip.joinsun.dto.order.ThirdOrderResponseBO21#21",
		"@value":{}
	},
	{
		"@type":"vip.joinsun.dto.order.ThirdOrderResponseBO22#22",
		"@value":{}
	},
	{
		"@type":"vip.joinsun.dto.order.ThirdOrderResponseBO23#23",
		"@value":{}
	},
	{
		"@type":"vip.joinsun.dto.order.ThirdOrderResponseBO24#24",
		"@value":{}
	},
	{
		"@type":"vip.joinsun.dto.order.ThirdOrderResponseBO25#25",
		"@value":{}
	},
	{
		"@type":"vip.joinsun.dto.order.ThirdOrderResponseBO26#26",
		"@value":{}
	},
	{
		"@type":"vip.joinsun.dto.order.ThirdOrderResponseBO27#27",
		"@value":{}
	},
	{
		"@type":"vip.joinsun.dto.order.ThirdOrderResponseBO28#28",
		"@value":{}
	},
	{
		"@type":"vip.joinsun.dto.order.ThirdOrderResponseBO29#29",
		"@value":{}
	},
	{
		"@type":"vip.joinsun.dto.order.ThirdOrderResponseBO30#30",
		"@value":{}
	},
	{
		"@type":"vip.joinsun.dto.order.ThirdOrderResponseBO31#31",
		"@value":{}
	},
	{
		"@type":"vip.joinsun.dto.order.ThirdOrderResponseBO32#32",
		"@value":{}
	},
	{
		"@type":"vip.joinsun.dto.order.ThirdOrderResponseBO33#33",
		"@value":{}
	},
	{
		"@type":"vip.joinsun.dto.order.ThirdOrderResponseBO34#34",
		"@value":{}
	},
	{
		"@type":"vip.joinsun.dto.order.ThirdOrderResponseBO35#35",
		"@value":{}
	},
	{
		"@type":"vip.joinsun.dto.order.ThirdOrderResponseBO36#36",
		"@value":{}
	},
	{
		"@type":"vip.joinsun.dto.order.ThirdOrderResponseBO37#37",
		"@value":{}
	},
	{
		"@type":"vip.joinsun.dto.order.ThirdOrderResponseBO38#38",
		"@value":{}
	},
	{
		"@type":"vip.joinsun.dto.order.ThirdOrderResponseBO39#39",
		"@value":{}
	},
	{
		"@type":"vip.joinsun.dto.order.ThirdOrderResponseBO40#40",
		"@value":{}
	},
	{
		"@type":"vip.joinsun.dto.order.ThirdOrderResponseBO41#41",
		"@value":{}
	},
	{
		"@type":"vip.joinsun.dto.order.ThirdOrderResponseBO42#42",
		"@value":{}
	},
	{
		"@type":"vip.joinsun.dto.order.ThirdOrderResponseBO43#43",
		"@value":{}
	},
	{
		"@type":"vip.joinsun.dto.order.ThirdOrderResponseBO44#44",
		"@value":{}
	},
	{
		"@type":"vip.joinsun.dto.order.ThirdOrderResponseBO45#45",
		"@value":{}
	},
	{
		"@type":"vip.joinsun.dto.order.ThirdOrderResponseBO46#46",
		"@value":{}
	},
	{
		"@type":"vip.joinsun.dto.order.ThirdOrderResponseBO47#47",
		"@value":{}
	},
	{
		"@type":"vip.joinsun.dto.order.ThirdOrderResponseBO48#48",
		"@value":{}
	},
	{
		"@type":"vip.joinsun.dto.order.ThirdOrderResponseBO49#49",
		"@value":{}
	},
	{
		"@type":"vip.joinsun.dto.order.ThirdOrderResponseBO50#50",
		"@value":{}
	},
	{
		"@type":"vip.joinsun.dto.order.ThirdOrderResponseBO51#51",
		"@value":{}
	},
	{
		"@type":"vip.joinsun.dto.order.ThirdOrderResponseBO52#52",
		"@value":{}
	},
	{
		"@type":"vip.joinsun.dto.order.ThirdOrderResponseBO53#53",
		"@value":{}
	},
	{
		"@type":"vip.joinsun.dto.order.ThirdOrderResponseBO54#54",
		"@value":{}
	},
	{
		"@type":"vip.joinsun.dto.order.ThirdOrderResponseBO55#55",
		"@value":{}
	},
	{
		"@type":"vip.joinsun.dto.order.ThirdOrderResponseBO56#56",
		"@value":{}
	},
	{
		"@type":"vip.joinsun.dto.order.ThirdOrderResponseBO57#57",
		"@value":{}
	},
	{
		"@type":"vip.joinsun.dto.order.ThirdOrderResponseBO58#58",
		"@value":{}
	},
	{
		"@type":"vip.joinsun.dto.order.ThirdOrderResponseBO59#59",
		"@value":{}
	},
	{
		"@type":"vip.joinsun.dto.order.ThirdOrderResponseBO60#60",
		"@value":{}
	},
	{
		"@type":"vip.joinsun.dto.order.ThirdOrderResponseBO61#61",
		"@value":{}
	},
	{
		"@type":"vip.joinsun.dto.order.ThirdOrderResponseBO62#62",
		"@value":{}
	},
	{
		"@type":"vip.joinsun.dto.order.ThirdOrderResponseBO63#63",
		"@value":{}
	},
	{
		"@type":"vip.joinsun.dto.order.ThirdOrderResponseBO64#64",
		"@value":{}
	},
	{
		"@type":"vip.joinsun.dto.order.ThirdOrderResponseBO65#65",
		"@value":{}
	},
	{
		"@type":"vip.joinsun.dto.order.ThirdOrderResponseBO66#66",
		"@value":{}
	},
	{
		"@type":"vip.joinsun.dto.order.ThirdOrderResponseBO67#67",
		"@value":{}
	},
	{
		"@type":"vip.joinsun.dto.order.ThirdOrderResponseBO68#68",
		"@value":{}
	},
	{
		"@type":"vip.joinsun.dto.order.ThirdOrderResponseBO69#69",
		"@value":{}
	},
	{
		"@type":"vip.joinsun.dto.order.ThirdOrderResponseBO70#70",
		"@value":{}
	},
	{
		"@type":"vip.joinsun.dto.order.ThirdOrderResponseBO71#71",
		"@value":{}
	},
	{
		"@type":"vip.joinsun.dto.order.ThirdOrderResponseBO72#72",
		"@value":{}
	},
	{
		"@type":"vip.joinsun.dto.order.ThirdOrderResponseBO73#73",
		"@value":{}
	},
	{
		"@type":"vip.joinsun.dto.order.ThirdOrderResponseBO74#74",
		"@value":{}
	},
	{
		"@type":"vip.joinsun.dto.order.ThirdOrderResponseBO75#75",
		"@value":{}
	},
	{
		"@type":"vip.joinsun.dto.order.ThirdOrderResponseBO76#76",
		"@value":{}
	},
	{
		"@type":"vip.joinsun.dto.order.ThirdOrderResponseBO77#77",
		"@value":{}
	},
	{
		"@type":"vip.joinsun.dto.order.ThirdOrderResponseBO78#78",
		"@value":{}
	},
	{
		"@type":"vip.joinsun.dto.order.ThirdOrderResponseBO79#79",
		"@value":{}
	},
	{
		"@type":"vip.joinsun.dto.order.ThirdOrderResponseBO80#80",
		"@value":{}
	},
	{
		"@type":"vip.joinsun.dto.order.ThirdOrderResponseBO81#81",
		"@value":{}
	},
	{
		"@type":"vip.joinsun.dto.order.ThirdOrderResponseBO82#82",
		"@value":{}
	},
	{
		"@type":"vip.joinsun.dto.order.ThirdOrderResponseBO83#83",
		"@value":{}
	},
	{
		"@type":"vip.joinsun.dto.order.ThirdOrderResponseBO84#84",
		"@value":{}
	},
	{
		"@type":"vip.joinsun.dto.order.ThirdOrderResponseBO85#85",
		"@value":{}
	},
	{
		"@type":"vip.joinsun.dto.order.ThirdOrderResponseBO86#86",
		"@value":{}
	},
	{
		"@type":"vip.joinsun.dto.order.ThirdOrderResponseBO87#87",
		"@value":{}
	},
	{
		"@type":"vip.joinsun.dto.order.ThirdOrderResponseBO88#88",
		"@value":{}
	},
	{
		"@type":"vip.joinsun.dto.order.ThirdOrderResponseBO89#89",
		"@value":{}
	},
	{
		"@type":"vip.joinsun.dto.order.ThirdOrderResponseBO90#90",
		"@value":{}
	},
	{
		"@type":"vip.joinsun.dto.order.ThirdOrderResponseBO91#91",
		"@value":{}
	},
	{
		"@type":"vip.joinsun.dto.order.ThirdOrderResponseBO92#92",
		"@value":{}
	},
	{
		"@type":"vip.joinsun.dto.order.ThirdOrderResponseBO93#93",
		"@value":{}
	},
	{
		"@type":"vip.joinsun.dto.order.ThirdOrderResponseBO94#94",
		"@value":{}
	},
	{
		"@type":"vip.joinsun.dto.order.ThirdOrderResponseBO95#95",
		"@value":{}
	},
	{
		"@type":"vip.joinsun.dto.order.ThirdOrderResponseBO96#96",
		"@value":{}
	},
	{
		"@type":"vip.joinsun.dto.order.ThirdOrderResponseBO97#97",
		"@value":{}
	},
	{
		"@type":"vip.joinsun.dto.order.ThirdOrderResponseBO98#98",
		"@value":{}
	},
	{
		"@type":"vip.joinsun.dto.order.ThirdOrderResponseBO99#99",
		"@value":{}
	},
	{
		"@type":"vip.joinsun.dto.order.ThirdOrderResponseBO100#100",
		"@value":{}
	},
	{
		"@type":"vip.joinsun.dto.order.ThirdOrderResponseBO101#101",
		"@value":{}
	},
	{
		"@type":"vip.joinsun.dto.order.ThirdOrderResponseBO102#102",
		"@value":{}
	},
	{
		"@type":"vip.joinsun.dto.order.ThirdOrderResponseBO103#103",
		"@value":{}
	},
	{
		"@type":"vip.joinsun.dto.order.ThirdOrderResponseBO104#104",
		"@value":{}
	},
	{
		"@type":"vip.joinsun.dto.order.ThirdOrderResponseBO105#105",
		"@value":{}
	},
	{
		"@type":"vip.joinsun.dto.order.ThirdOrderResponseBO106#106",
		"@value":{}
	},
	{
		"@type":"vip.joinsun.dto.order.ThirdOrderResponseBO107#107",
		"@value":{}
	},
	{
		"@type":"vip.joinsun.dto.order.ThirdOrderResponseBO108#108",
		"@value":{}
	},
	{
		"@type":"vip.joinsun.dto.order.ThirdOrderResponseBO109#109",
		"@value":{}
	},
	{
		"@type":"vip.joinsun.dto.order.ThirdOrderResponseBO110#110",
		"@value":{}
	},
	{
		"@type":"vip.joinsun.dto.order.ThirdOrderResponseBO111#111",
		"@value":{}
	},
	{
		"@type":"vip.joinsun.dto.order.ThirdOrderResponseBO112#112",
		"@value":{}
	},
	{
		"@type":"vip.joinsun.dto.order.ThirdOrderResponseBO113#113",
		"@value":{}
	},
	{
		"@type":"vip.joinsun.dto.order.ThirdOrderResponseBO114#114",
		"@value":{}
	},
	{
		"@type":"vip.joinsun.dto.order.ThirdOrderResponseBO115#115",
		"@value":{}
	},
	{
		"@type":"vip.joinsun.dto.order.ThirdOrderResponseBO116#116",
		"@value":{}
	},
	{
		"@type":"vip.joinsun.dto.order.ThirdOrderResponseBO117#117",
		"@value":{}
	},
	{
		"@type":"vip.joinsun.dto.order.ThirdOrderResponseBO118#118",
		"@value":{}
	},
	{
		"@type":"vip.joinsun.dto.order.ThirdOrderResponseBO119#119",
		"@value":{}
	},
	{
		"@type":"vip.joinsun.dto.order.ThirdOrderResponseBO120#120",
		"@value":{}
	},
	{
		"@type":"vip.joinsun.dto.order.ThirdOrderResponseBO121#121",
		"@value":{}
	},
	{
		"@type":"vip.joinsun.dto.order.ThirdOrderResponseBO122#122",
		"@value":{}
	},
	{
		"@type":"vip.joinsun.dto.order.ThirdOrderResponseBO123#123",
		"@value":{}
	},
	{
		"@type":"vip.joinsun.dto.order.ThirdOrderResponseBO124#124",
		"@value":{}
	},
	{
		"@type":"vip.joinsun.dto.order.ThirdOrderResponseBO125#125",
		"@value":{}
	},
	{
		"@type":"vip.joinsun.dto.order.ThirdOrderResponseBO126#126",
		"@value":{}
	},
	{
		"@type":"vip.joinsun.dto.order.ThirdOrderResponseBO127#127",
		"@value":{}
	},
	{
		"@type":"vip.joinsun.dto.order.ThirdOrderResponseBO128#128",
		"@value":{}
	},
	{
		"@type":"vip.joinsun.dto.order.ThirdOrderResponseBO129#129",
		"@value":{}
	},
	{
		"@type":"vip.joinsun.dto.order.ThirdOrderResponseBO130#130",
		"@value":{}
	},
	{
		"@type":"vip.joinsun.dto.order.ThirdOrderResponseBO131#131",
		"@value":{}
	},
	{
		"@type":"vip.joinsun.dto.order.ThirdOrderResponseBO132#132",
		"@value":{}
	},
	{
		"@type":"vip.joinsun.dto.order.ThirdOrderResponseBO133#133",
		"@value":{}
	},
	{
		"@type":"vip.joinsun.dto.order.ThirdOrderResponseBO134#134",
		"@value":{}
	},
	{
		"@type":"vip.joinsun.dto.order.ThirdOrderResponseBO135#135",
		"@value":{}
	},
	{
		"@type":"vip.joinsun.dto.order.ThirdOrderResponseBO136#136",
		"@value":{}
	},
	{
		"@type":"vip.joinsun.dto.goods.ProjectGoodsSkuDTO#137",
		"@value":{}
	}
]
{
	"id":"id#0",
	"id":"#0"
}
{
	"value":""
}
{
	"value":""
}
123
Result1: "abc"
Result2: "hij"
Result: "cde"
Result: "de"

Oct 07, 2026 12:46:45 AM org.javamoney.moneta.DefaultMonetaryContextFactory createMonetaryContextNonNullConfig
INFO: Using custom MathContext: precision=256, roundingMode=HALF_EVEN
{"name2":["name2_0","name2_1"]}
{
	"color":{
		"name":"red"
	}
}
{
	"color":{
		"name":"red"
	}
}
{
	"@type":"java.time.format.DateTimeParseException#0",
	"@value":{
		"detailMessage#1":"msg",
		"parsedString#2":"input",
		"stackTrace#3":[
			{
				"fileName#4":"DubboTest4.java",
				"lineNumber#5":209,
				"className#6":"com.alibaba.fastjson2.dubbo.DubboTest4",
				"methodName#7":"testDateTimeParseException"
			},
			{
				"#4":"DirectMethodHandleAccessor.java",
				"#5":104,
				"#6":"jdk.internal.reflect.DirectMethodHandleAccessor",
				"#7":"invoke"
			},
			{
				"#4":"Method.java",
				"#5":565,
				"#6":"java.lang.reflect.Method",
				"#7":"invoke"
			},
			{
				"#4":"ReflectionUtils.java",
				"#5":787,
				"#6":"org.junit.platform.commons.util.ReflectionUtils",
				"#7":"invokeMethod"
			},
			{
				"#4":"ReflectionSupport.java",
				"#5":478,
				"#6":"org.junit.platform.commons.support.ReflectionSupport",
				"#7":"invokeMethod"
			},
			{
				"#4":"MethodInvocation.java",
				"#5":60,
				"#6":"org.junit.jupiter.engine.execution.MethodInvocation",
				"#7":"proceed"
			},
			{
				"#4":"InvocationInterceptorChain.java",
				"#5":131,
				"#6":"org.junit.jupiter.engine.execution.InvocationInterceptorChain$ValidatingInvocation",
				"#7":"proceed"
			},
			{
				"#4":"TimeoutExtension.java",
				"#5":161,
				"#6":"org.junit.jupiter.engine.extension.TimeoutExtension",
				"#7":"intercept"
			},
			{
				"#4":"TimeoutExtension.java",
				"#5":152,
				"#6":"org.junit.jupiter.engine.extension.TimeoutExtension",
				"#7":"interceptTestableMethod"
			},
			{
				"#4":"TimeoutExtension.java",
				"#5":91,
				"#6":"org.junit.jupiter.engine.extension.TimeoutExtension",
				"#7":"interceptTestMethod"
			},
			{
				"#4":"InterceptingExecutableInvoker.java",
				"#5":112,
				"#6":"org.junit.jupiter.engine.execution.InterceptingExecutableInvoker$ReflectiveInterceptorCall",
				"#7":"lambda$ofVoidMethod$0"
			},
			{
				"#4":"InterceptingExecutableInvoker.java",
				"#5":94,
				"#6":"org.junit.jupiter.engine.execution.InterceptingExecutableInvoker",
				"#7":"lambda$invoke$0"
			},
			{
				"#4":"InvocationInterceptorChain.java",
				"#5":106,
				"#6":"org.junit.jupiter.engine.execution.InvocationInterceptorChain$InterceptedInvocation",
				"#7":"proceed"
			},
			{
				"#4":"InvocationInterceptorChain.java",
				"#5":64,
				"#6":"org.junit.jupiter.engine.execution.InvocationInterceptorChain",
				"#7":"proceed"
			},
			{
				"#4":"InvocationInterceptorChain.java",
				"#5":45,
				"#6":"org.junit.jupiter.engine.execution.InvocationInterceptorChain",
				"#7":"chainAndInvoke"
			},
			{
				"#4":"InvocationInterceptorChain.java",
				"#5":37,
				"#6":"org.junit.jupiter.engine.execution.InvocationInterceptorChain",
				"#7":"invoke"
			},
			{
				"#4":"InterceptingExecutableInvoker.java",
				"#5":93,
				"#6":"org.junit.jupiter.engine.execution.InterceptingExecutableInvoker",
				"#7":"invoke"
			},
			{
				"#4":"InterceptingExecutableInvoker.java",
				"#5":87,
				"#6":"org.junit.jupiter.engine.execution.InterceptingExecutableInvoker",
				"#7":"invoke"
			},
			{
				"#4":"TestMethodTestDescriptor.java",
				"#5":221,
				"#6":"org.junit.jupiter.engine.descriptor.TestMethodTestDescriptor",
				"#7":"lambda$invokeTestMethod$4"
			},
			{
				"#4":"ThrowableCollector.java",
				"#5":73,
				"#6":"org.junit.platform.engine.support.hierarchical.ThrowableCollector",
				"#7":"execute"
			},
			{
				"#4":"TestMethodTestDescriptor.java",
				"#5":217,
				"#6":"org.junit.jupiter.engine.descriptor.TestMethodTestDescriptor",
				"#7":"invokeTestMethod"
			},
			{
				"#4":"TestMethodTestDescriptor.java",
				"#5":159,
				"#6":"org.junit.jupiter.engine.descriptor.TestMethodTestDescriptor",
				"#7":"execute"
			},
			{
				"#4":"TestMethodTestDescriptor.java",
				"#5":70,
				"#6":"org.junit.jupiter.engine.descriptor.TestMethodTestDescriptor",
				"#7":"execute"
			},
			{
				"#4":"NodeTestTask.java",
				"#5":157,
				"#6":"org.junit.platform.engine.support.hierarchical.NodeTestTask",
				"#7":"lambda$executeRecursively$6"
			},
			{
				"#4":"ThrowableCollector.java",
				"#5":73,
				"#6":"org.junit.platform.engine.support.hierarchical.ThrowableCollector",
				"#7":"execute"
			},
			{
				"#4":"NodeTestTask.java",
				"#5":147,
				"#6":"org.junit.platform.engine.support.hierarchical.NodeTestTask",
				"#7":"lambda$executeRecursively$8"
			},
			{
				"#4":"Node.java",
				"#5":137,
				"#6":"org.junit.platform.engine.support.hierarchical.Node",
				"#7":"around"
			},
			{
				"#4":"NodeTestTask.java",
				"#5":145,
				"#6":"org.junit.platform.engine.support.hierarchical.NodeTestTask",
				"#7":"lambda$executeRecursively$9"
			},
			{
				"#4":"ThrowableCollector.java",
				"#5":73,
				"#6":"org.junit.platform.engine.support.hierarchical.ThrowableCollector",
				"#7":"execute"
			},
			{
				"#4":"NodeTestTask.java",
				"#5":144,
				"#6":"org.junit.platform.engine.support.hierarchical.NodeTestTask",
				"#7":"executeRecursively"
			},
			{
				"#4":"NodeTestTask.java",
				"#5":101,
				"#6":"org.junit.platform.engine.support.hierarchical.NodeTestTask",
				"#7":"execute"
			},
			{
				"#4":"ArrayList.java",
				"#5":1604,
				"#6":"java.util.ArrayList",
				"#7":"forEach"
			},
			{
				"#4":"SameThreadHierarchicalTestExecutorService.java",
				"#5":41,
				"#6":"org.junit.platform.engine.support.hierarchical.SameThreadHierarchicalTestExecutorService",
				"#7":"invokeAll"
			},
			{
				"#4":"NodeTestTask.java",
				"#5":161,
				"#6":"org.junit.platform.engine.support.hierarchical.NodeTestTask",
				"#7":"lambda$executeRecursively$6"
			},
			{
				"#4":"ThrowableCollector.java",
				"#5":73,
				"#6":"org.junit.platform.engine.support.hierarchical.ThrowableCollector",
				"#7":"execute"
			},
			{
				"#4":"NodeTestTask.java",
				"#5":147,
				"#6":"org.junit.platform.engine.support.hierarchical.NodeTestTask",
				"#7":"lambda$executeRecursively$8"
			},
			{
				"#4":"Node.java",
				"#5":137,
				"#6":"org.junit.platform.engine.support.hierarchical.Node",
				"#7":"around"
			},
			{
				"#4":"NodeTestTask.java",
				"#5":145,
				"#6":"org.junit.platform.engine.support.hierarchical.NodeTestTask",
				"#7":"lambda$executeRecursively$9"
			},
			{
				"#4":"ThrowableCollector.java",
				"#5":73,
				"#6":"org.junit.platform.engine.support.hierarchical.ThrowableCollector",
				"#7":"execute"
			},
			{
				"#4":"NodeTestTask.java",
				"#5":144,
				"#6":"org.junit.platform.engine.support.hierarchical.NodeTestTask",
				"#7":"executeRecursively"
			},
			{
				"#4":"NodeTestTask.java",
				"#5":101,
				"#6":"org.junit.platform.engine.support.hierarchical.NodeTestTask",
				"#7":"execute"
			},
			{
				"#4":"ArrayList.java",
				"#5":1604,
				"#6":"java.util.ArrayList",
				"#7":"forEach"
			},
			{
				"#4":"SameThreadHierarchicalTestExecutorService.java",
				"#5":41,
				"#6":"org.junit.platform.engine.support.hierarchical.SameThreadHierarchicalTestExecutorService",
				"#7":"invokeAll"
			},
			{
				"#4":"NodeTestTask.java",
				"#5":161,
				"#6":"org.junit.platform.engine.support.hierarchical.NodeTestTask",
				"#7":"lambda$executeRecursively$6"
			},
			{
				"#4":"ThrowableCollector.java",
				"#5":73,
				"#6":"org.junit.platform.engine.support.hierarchical.ThrowableCollector",
				"#7":"execute"
			},
			{
				"#4":"NodeTestTask.java",
				"#5":147,
				"#6":"org.junit.platform.engine.support.hierarchical.NodeTestTask",
				"#7":"lambda$executeRecursively$8"
			},
			{
				"#4":"Node.java",
				"#5":137,
				"#6":"org.junit.platform.engine.support.hierarchical.Node",
				"#7":"around"
			},
			{
				"#4":"NodeTestTask.java",
				"#5":145,
				"#6":"org.junit.platform.engine.support.hierarchical.NodeTestTask",
				"#7":"lambda$executeRecursively$9"
			},
			{
				"#4":"ThrowableCollector.java",
				"#5":73,
				"#6":"org.junit.platform.engine.support.hierarchical.ThrowableCollector",
				"#7":"execute"
			},
			{
				"#4":"NodeTestTask.java",
				"#5":144,
				"#6":"org.junit.platform.engine.support.hierarchical.NodeTestTask",
				"#7":"executeRecursively"
			},
			{
				"#4":"NodeTestTask.java",
				"#5":101,
				"#6":"org.junit.platform.engine.support.hierarchical.NodeTestTask",
				"#7":"execute"
			},
			{
				"#4":"SameThreadHierarchicalTestExecutorService.java",
				"#5":35,
				"#6":"org.junit.platform.engine.support.hierarchical.SameThreadHierarchicalTestExecutorService",
				"#7":"submit"
			},
			{
				"#4":"HierarchicalTestExecutor.java",
				"#5":57,
				"#6":"org.junit.platform.engine.support.hierarchical.HierarchicalTestExecutor",
				"#7":"execute"
			},
			{
				"#4":"HierarchicalTestEngine.java",
				"#5":54,
				"#6":"org.junit.platform.engine.support.hierarchical.HierarchicalTestEngine",
				"#7":"execute"
			},
			{
				"#4":"EngineExecutionOrchestrator.java",
				"#5":230,
				"#6":"org.junit.platform.launcher.core.EngineExecutionOrchestrator",
				"#7":"executeEngine"
			},
			{
				"#4":"EngineExecutionOrchestrator.java",
				"#5":204,
				"#6":"org.junit.platform.launcher.core.EngineExecutionOrchestrator",
				"#7":"failOrExecuteEngine"
			},
			{
				"#4":"EngineExecutionOrchestrator.java",
				"#5":172,
				"#6":"org.junit.platform.launcher.core.EngineExecutionOrchestrator",
				"#7":"execute"
			},
			{
				"#4":"EngineExecutionOrchestrator.java",
				"#5":101,
				"#6":"org.junit.platform.launcher.core.EngineExecutionOrchestrator",
				"#7":"execute"
			},
			{
				"#4":"EngineExecutionOrchestrator.java",
				"#5":64,
				"#6":"org.junit.platform.launcher.core.EngineExecutionOrchestrator",
				"#7":"lambda$execute$0"
			},
			{
				"#4":"EngineExecutionOrchestrator.java",
				"#5":150,
				"#6":"org.junit.platform.launcher.core.EngineExecutionOrchestrator",
				"#7":"withInterceptedStreams"
			},
			{
				"#4":"EngineExecutionOrchestrator.java",
				"#5":63,
				"#6":"org.junit.platform.launcher.core.EngineExecutionOrchestrator",
				"#7":"execute"
			},
			{
				"#4":"DefaultLauncher.java",
				"#5":109,
				"#6":"org.junit.platform.launcher.core.DefaultLauncher",
				"#7":"execute"
			},
			{
				"#4":"DefaultLauncher.java",
				"#5":91,
				"#6":"org.junit.platform.launcher.core.DefaultLauncher",
				"#7":"execute"
			},
			{
				"#4":"DelegatingLauncher.java",
				"#5":47,
				"#6":"org.junit.platform.launcher.core.DelegatingLauncher",
				"#7":"execute"
			},
			{
				"#4":"InterceptingLauncher.java",
				"#5":39,
				"#6":"org.junit.platform.launcher.core.InterceptingLauncher",
				"#7":"lambda$execute$1"
			},
			{
				"#4":"ClasspathAlignmentCheckingLauncherInterceptor.java",
				"#5":25,
				"#6":"org.junit.platform.launcher.core.ClasspathAlignmentCheckingLauncherInterceptor",
				"#7":"intercept"
			},
			{
				"#4":"InterceptingLauncher.java",
				"#5":38,
				"#6":"org.junit.platform.launcher.core.InterceptingLauncher",
				"#7":"execute"
			},
			{
				"#4":"DelegatingLauncher.java",
				"#5":47,
				"#6":"org.junit.platform.launcher.core.DelegatingLauncher",
				"#7":"execute"
			},
			{
				"#4":"LazyLauncher.java",
				"#5":56,
				"#6":"org.apache.maven.surefire.junitplatform.LazyLauncher",
				"#7":"execute"
			},
			{
				"#4":"JUnitPlatformProvider.java",
				"#5":194,
				"#6":"org.apache.maven.surefire.junitplatform.JUnitPlatformProvider",
				"#7":"execute"
			},
			{
				"#4":"JUnitPlatformProvider.java",
				"#5":150,
				"#6":"org.apache.maven.surefire.junitplatform.JUnitPlatformProvider",
				"#7":"invokeAllTests"
			},
			{
				"#4":"JUnitPlatformProvider.java",
				"#5":124,
				"#6":"org.apache.maven.surefire.junitplatform.JUnitPlatformProvider",
				"#7":"invoke"
			},
			{
				"#4":"ForkedBooter.java",
				"#5":385,
				"#6":"org.apache.maven.surefire.booter.ForkedBooter",
				"#7":"runSuitesInProcess"
			},
			{
				"#4":"ForkedBooter.java",
				"#5":162,
				"#6":"org.apache.maven.surefire.booter.ForkedBooter",
				"#7":"execute"
			},
			{
				"#4":"ForkedBooter.java",
				"#5":507,
				"#6":"org.apache.maven.surefire.booter.ForkedBooter",
				"#7":"run"
			},
			{
				"#4":"ForkedBooter.java",
				"#5":495,
				"#6":"org.apache.maven.surefire.booter.ForkedBooter",
				"#7":"main"
			}
		],
		"suppressedExceptions#8":{
			"@type":"java.util.Collections$EmptyList#9",
			"@value":[]
		}
	}
}
{
	"@type":"org.apache.dubbo.springboot.demo.ServiceException",
	"cause":{
		"@type":"org.apache.dubbo.springboot.demo.BusinessException",
		"message":"报错啦。。",
		"stackTrace":[
			{
				"fileName":"DemoServiceImpl.java",
				"lineNumber":42,
				"className":"org.apache.dubbo.springboot.demo.provider.DemoServiceImpl",
				"methodName":"sayHello"
			},
			{
				"fileName":"DemoServiceImplDubboWrap0.java",
				"lineNumber":-1,
				"className":"org.apache.dubbo.springboot.demo.provider.DemoServiceImplDubboWrap0",
				"methodName":"invokeMethod"
			},
			{
				"fileName":"JavassistProxyFactory.java",
				"lineNumber":73,
				"className":"org.apache.dubbo.rpc.proxy.javassist.JavassistProxyFactory$1",
				"methodName":"doInvoke"
			},
			{
				"fileName":"AbstractProxyInvoker.java",
				"lineNumber":100,
				"className":"org.apache.dubbo.rpc.proxy.AbstractProxyInvoker",
				"methodName":"invoke"
			},
			{
				"fileName":"DelegateProviderMetaDataInvoker.java",
				"lineNumber":55,
				"className":"org.apache.dubbo.config.invoker.DelegateProviderMetaDataInvoker",
				"methodName":"invoke"
			},
			{
				"fileName":"InvokerWrapper.java",
				"lineNumber":56,
				"className":"org.apache.dubbo.rpc.protocol.InvokerWrapper",
				"methodName":"invoke"
			},
			{
				"fileName":"ClassLoaderCallbackFilter.java",
				"lineNumber":38,
				"className":"org.apache.dubbo.rpc.filter.ClassLoaderCallbackFilter",
				"methodName":"invoke"
			},
			{
				"fileName":"FilterChainBuilder.java",
				"lineNumber":327,
				"className":"org.apache.dubbo.rpc.cluster.filter.FilterChainBuilder$CopyOfFilterChainNode",
				"methodName":"invoke"
			},
			{
				"fileName":"TraceFilter.java",
				"lineNumber":79,
				"className":"org.apache.dubbo.rpc.protocol.dubbo.filter.TraceFilter",
				"methodName":"invoke"
			},
			{
				"fileName":"FilterChainBuilder.java",
				"lineNumber":327,
				"className":"org.apache.dubbo.rpc.cluster.filter.FilterChainBuilder$CopyOfFilterChainNode",
				"methodName":"invoke"
			},
			{
				"fileName":"TimeoutFilter.java",
				"lineNumber":44,
				"className":"org.apache.dubbo.rpc.filter.TimeoutFilter",
				"methodName":"invoke"
			},
			{
				"fileName":"FilterChainBuilder.java",
				"lineNumber":327,
				"className":"org.apache.dubbo.rpc.cluster.filter.FilterChainBuilder$CopyOfFilterChainNode",
				"methodName":"invoke"
			},
			{
				"fileName":"MonitorFilter.java",
				"lineNumber":100,
				"className":"org.apache.dubbo.monitor.support.MonitorFilter",
				"methodName":"invoke"
			},
			{
				"fileName":"FilterChainBuilder.java",
				"lineNumber":327,
				"className":"org.apache.dubbo.rpc.cluster.filter.FilterChainBuilder$CopyOfFilterChainNode",
				"methodName":"invoke"
			},
			{
				"fileName":"ExceptionFilter.java",
				"lineNumber":54,
				"className":"org.apache.dubbo.rpc.filter.ExceptionFilter",
				"methodName":"invoke"
			},
			{
				"fileName":"FilterChainBuilder.java",
				"lineNumber":327,
				"className":"org.apache.dubbo.rpc.cluster.filter.FilterChainBuilder$CopyOfFilterChainNode",
				"methodName":"invoke"
			},
			{
				"fileName":"DubboExceptionFilter.java",
				"lineNumber":32,
				"className":"org.apache.dubbo.springboot.demo.provider.DubboExceptionFilter",
				"methodName":"invoke"
			},
			{
				"fileName":"FilterChainBuilder.java",
				"lineNumber":327,
				"className":"org.apache.dubbo.rpc.cluster.filter.FilterChainBuilder$CopyOfFilterChainNode",
				"methodName":"invoke"
			},
			{
				"fileName":"GenericFilter.java",
				"lineNumber":192,
				"className":"org.apache.dubbo.rpc.filter.GenericFilter",
				"methodName":"invoke"
			},
			{
				"fileName":"FilterChainBuilder.java",
				"lineNumber":327,
				"className":"org.apache.dubbo.rpc.cluster.filter.FilterChainBuilder$CopyOfFilterChainNode",
				"methodName":"invoke"
			},
			{
				"fileName":"ClassLoaderFilter.java",
				"lineNumber":54,
				"className":"org.apache.dubbo.rpc.filter.ClassLoaderFilter",
				"methodName":"invoke"
			},
			{
				"fileName":"FilterChainBuilder.java",
				"lineNumber":327,
				"className":"org.apache.dubbo.rpc.cluster.filter.FilterChainBuilder$CopyOfFilterChainNode",
				"methodName":"invoke"
			},
			{
				"fileName":"EchoFilter.java",
				"lineNumber":41,
				"className":"org.apache.dubbo.rpc.filter.EchoFilter",
				"methodName":"invoke"
			},
			{
				"fileName":"FilterChainBuilder.java",
				"lineNumber":327,
				"className":"org.apache.dubbo.rpc.cluster.filter.FilterChainBuilder$CopyOfFilterChainNode",
				"methodName":"invoke"
			},
			{
				"fileName":"ProfilerServerFilter.java",
				"lineNumber":58,
				"className":"org.apache.dubbo.rpc.filter.ProfilerServerFilter",
				"methodName":"invoke"
			},
			{
				"fileName":"FilterChainBuilder.java",
				"lineNumber":327,
				"className":"org.apache.dubbo.rpc.cluster.filter.FilterChainBuilder$CopyOfFilterChainNode",
				"methodName":"invoke"
			},
			{
				"fileName":"ContextFilter.java",
				"lineNumber":133,
				"className":"org.apache.dubbo.rpc.filter.ContextFilter",
				"methodName":"invoke"
			},
			{
				"fileName":"FilterChainBuilder.java",
				"lineNumber":327,
				"className":"org.apache.dubbo.rpc.cluster.filter.FilterChainBuilder$CopyOfFilterChainNode",
				"methodName":"invoke"
			},
			{
				"fileName":"FilterChainBuilder.java",
				"lineNumber":194,
				"className":"org.apache.dubbo.rpc.cluster.filter.FilterChainBuilder$CallbackRegistrationInvoker",
				"methodName":"invoke"
			},
			{
				"fileName":"DubboProtocol.java",
				"lineNumber":156,
				"className":"org.apache.dubbo.rpc.protocol.dubbo.DubboProtocol$1",
				"methodName":"reply"
			},
			{
				"fileName":"HeaderExchangeHandler.java",
				"lineNumber":102,
				"className":"org.apache.dubbo.remoting.exchange.support.header.HeaderExchangeHandler",
				"methodName":"handleRequest"
			},
			{
				"fileName":"HeaderExchangeHandler.java",
				"lineNumber":177,
				"className":"org.apache.dubbo.remoting.exchange.support.header.HeaderExchangeHandler",
				"methodName":"received"
			},
			{
				"fileName":"DecodeHandler.java",
				"lineNumber":53,
				"className":"org.apache.dubbo.remoting.transport.DecodeHandler",
				"methodName":"received"
			},
			{
				"fileName":"ChannelEventRunnable.java",
				"lineNumber":62,
				"className":"org.apache.dubbo.remoting.transport.dispatcher.ChannelEventRunnable",
				"methodName":"run"
			},
			{
				"fileName":"ThreadPoolExecutor.java",
				"lineNumber":1149,
				"className":"java.util.concurrent.ThreadPoolExecutor",
				"methodName":"runWorker"
			},
			{
				"fileName":"ThreadPoolExecutor.java",
				"lineNumber":624,
				"className":"java.util.concurrent.ThreadPoolExecutor$Worker",
				"methodName":"run"
			},
			{
				"fileName":"InternalRunnable.java",
				"lineNumber":41,
				"className":"org.apache.dubbo.common.threadlocal.InternalRunnable",
				"methodName":"run"
			},
			{
				"fileName":"Thread.java",
				"lineNumber":748,
				"className":"java.lang.Thread",
				"methodName":"run"
			}
		],
		"suppressedExceptions":{
			"@type":"java.util.Collections$UnmodifiableRandomAccessList",
			"@value":[]
		}
	},
	"detailMessage":"org.apache.dubbo.springboot.demo.BusinessException: 报错啦。。",
	"stackTrace":[
		{
			"fileName":"DubboExceptionFilter.java",
			"lineNumber":41,
			"className":"org.apache.dubbo.springboot.demo.provider.DubboExceptionFilter",
			"methodName":"onResponse"
		},
		{
			"fileName":"FilterChainBuilder.java",
			"lineNumber":218,
			"className":"org.apache.dubbo.rpc.cluster.filter.FilterChainBuilder$CallbackRegistrationInvoker",
			"methodName":"lambda$invoke$1"
		},
		{
			"fileName":"AsyncRpcResult.java",
			"lineNumber":216,
			"className":"org.apache.dubbo.rpc.AsyncRpcResult",
			"methodName":"lambda$whenCompleteWithContext$0"
		},
		{
			"fileName":"CompletableFuture.java",
			"lineNumber":774,
			"className":"java.util.concurrent.CompletableFuture",
			"methodName":"uniWhenComplete"
		},
		{
			"fileName":"CompletableFuture.java",
			"lineNumber":792,
			"className":"java.util.concurrent.CompletableFuture",
			"methodName":"uniWhenCompleteStage"
		},
		{
			"fileName":"CompletableFuture.java",
			"lineNumber":2153,
			"className":"java.util.concurrent.CompletableFuture",
			"methodName":"whenComplete"
		},
		{
			"fileName":"AsyncRpcResult.java",
			"lineNumber":212,
			"className":"org.apache.dubbo.rpc.AsyncRpcResult",
			"methodName":"whenCompleteWithContext"
		},
		{
			"fileName":"FilterChainBuilder.java",
			"lineNumber":195,
			"className":"org.apache.dubbo.rpc.cluster.filter.FilterChainBuilder$CallbackRegistrationInvoker",
			"methodName":"invoke"
		},
		{
			"fileName":"DubboProtocol.java",
			"lineNumber":156,
			"className":"org.apache.dubbo.rpc.protocol.dubbo.DubboProtocol$1",
			"methodName":"reply"
		},
		{
			"fileName":"HeaderExchangeHandler.java",
			"lineNumber":102,
			"className":"org.apache.dubbo.remoting.exchange.support.header.HeaderExchangeHandler",
			"methodName":"handleRequest"
		},
		{
			"fileName":"HeaderExchangeHandler.java",
			"lineNumber":177,
			"className":"org.apache.dubbo.remoting.exchange.support.header.HeaderExchangeHandler",
			"methodName":"received"
		},
		{
			"fileName":"DecodeHandler.java",
			"lineNumber":53,
			"className":"org.apache.dubbo.remoting.transport.DecodeHandler",
			"methodName":"received"
		},
		{
			"fileName":"ChannelEventRunnable.java",
			"lineNumber":62,
			"className":"org.apache.dubbo.remoting.transport.dispatcher.ChannelEventRunnable",
			"methodName":"run"
		},
		{
			"fileName":"ThreadPoolExecutor.java",
			"lineNumber":1149,
			"className":"java.util.concurrent.ThreadPoolExecutor",
			"methodName":"runWorker"
		},
		{
			"fileName":"ThreadPoolExecutor.java",
			"lineNumber":624,
			"className":"java.util.concurrent.ThreadPoolExecutor$Worker",
			"methodName":"run"
		},
		{
			"fileName":"InternalRunnable.java",
			"lineNumber":41,
			"className":"org.apache.dubbo.common.threadlocal.InternalRunnable",
			"methodName":"run"
		},
		{
			"fileName":"Thread.java",
			"lineNumber":748,
			"className":"java.lang.Thread",
			"methodName":"run"
		}
	],
	"suppressedExceptions":{"$ref":"$.cause.suppressedExceptions"}
}
{
	"innerObject":{
		"innerB":234,
		"innerA":"v1",
		"class":"org.apache.dubbo.service.ComplexObject$InnerObject"
	}
}
{
	"@type":"com.alibaba.fastjson2.dubbo.DubboTest0$Pojo#0",
	"@value":{
		"parentClass#1":{
			"@type":"com.alibaba.fastjson2.dubbo.DubboTest0$ChildClass#2",
			"@value":{
				"param#3":"param"
			}
		}
	}
}
{
	"type":"java.lang.String"
}
{
	"bool":false,
	"card":{
		"id":"",
		"level":"C1",
		"levelValue":0,
		"years":0
	},
	"cardOrBuilder":{
		"id":"",
		"level":"C1",
		"levelValue":0,
		"years":0
	},
	"cardsCount":0,
	"cardsList":[
		
	],
	"cardsOrBuilderList":[
		
	],
	"cardsmap":{},
	"cardsmapCount":0,
	"cardsmapMap":{},
	"double":0.0,
	"fixed32":0,
	"fixed64":0,
	"float":0.0,
	"int32":0,
	"int64":0,
	"sfixed32":0,
	"sfixed64":0,
	"sint32":0,
	"sint64":0,
	"string":"some string from client",
	"uint32":0,
	"uint64":0
}
{
	"@type":"org.apache.dubbo.rpc.service.GenericException#0",
	"@value":{
		"exceptionClass#1":"",
		"exceptionMessage#2":"",
		"genericExceptionInfo#3":{
			"exClass#4":"",
			"exMsg#5":"",
			"msg#6":"",
			"stackTrace#7":[
				{
					"fileName#8":"FastJson2ObjectInput.java",
					"lineNumber#9":110,
					"className#10":"org.apache.dubbo.common.serialize.fastjson2.FastJson2ObjectInput",
					"methodName#11":"readObject"
				},
				{
					"#8":"FastJson2ObjectInput.java",
					"#9":98,
					"#10":"org.apache.dubbo.common.serialize.fastjson2.FastJson2ObjectInput",
					"#11":"readObject"
				},
				{
					"#8":"ObjectInput.java",
					"#9":74,
					"#10":"org.apache.dubbo.common.serialize.ObjectInput",
					"#11":"readThrowable"
				},
				{
					"#8":"DecodeableRpcResult.java",
					"#9":171,
					"#10":"org.apache.dubbo.rpc.protocol.dubbo.DecodeableRpcResult",
					"#11":"handleException"
				},
				{
					"#8":"DecodeableRpcResult.java",
					"#9":110,
					"#10":"org.apache.dubbo.rpc.protocol.dubbo.DecodeableRpcResult",
					"#11":"decode"
				},
				{
					"#8":"DecodeableRpcResult.java",
					"#9":138,
					"#10":"org.apache.dubbo.rpc.protocol.dubbo.DecodeableRpcResult",
					"#11":"decode"
				},
				{
					"#8":"DecodeHandler.java",
					"#9":62,
					"#10":"org.apache.dubbo.remoting.transport.DecodeHandler",
					"#11":"decode"
				},
				{
					"#8":"DecodeHandler.java",
					"#9":50,
					"#10":"org.apache.dubbo.remoting.transport.DecodeHandler",
					"#11":"received"
				},
				{
					"#8":"ChannelEventRunnable.java",
					"#9":61,
					"#10":"org.apache.dubbo.remoting.transport.dispatcher.ChannelEventRunnable",
					"#11":"run"
				},
				{
					"#8":"ThreadlessExecutor.java",
					"#9":184,
					"#10":"org.apache.dubbo.common.threadpool.ThreadlessExecutor$RunnableWrapper",
					"#11":"run"
				},
				{
					"#8":"ThreadlessExecutor.java",
					"#9":103,
					"#10":"org.apache.dubbo.common.threadpool.ThreadlessExecutor",
					"#11":"waitAndDrain"
				},
				{
					"#8":"AsyncRpcResult.java",
					"#9":194,
					"#10":"org.apache.dubbo.rpc.AsyncRpcResult",
					"#11":"get"
				},
				{
					"#8":"AbstractInvoker.java",
					"#9":277,
					"#10":"org.apache.dubbo.rpc.protocol.AbstractInvoker",
					"#11":"waitForResultIfSync"
				},
				{
					"#8":"AbstractInvoker.java",
					"#9":181,
					"#10":"org.apache.dubbo.rpc.protocol.AbstractInvoker",
					"#11":"invoke"
				},
				{
					"#8":"ListenerInvokerWrapper.java",
					"#9":70,
					"#10":"org.apache.dubbo.rpc.listener.ListenerInvokerWrapper",
					"#11":"invoke"
				},
				{
					"#8":"GenericImplFilter.java",
					"#9":102,
					"#10":"org.apache.dubbo.rpc.filter.GenericImplFilter",
					"#11":"invoke"
				},
				{
					"#8":"FilterChainBuilder.java",
					"#9":327,
					"#10":"org.apache.dubbo.rpc.cluster.filter.FilterChainBuilder$CopyOfFilterChainNode",
					"#11":"invoke"
				},
				{
					"#8":"CacheFilter.java",
					"#9":95,
					"#10":"org.apache.dubbo.cache.filter.CacheFilter",
					"#11":"invoke"
				},
				{
					"#8":"FilterChainBuilder.java",
					"#9":327,
					"#10":"org.apache.dubbo.rpc.cluster.filter.FilterChainBuilder$CopyOfFilterChainNode",
					"#11":"invoke"
				},
				{
					"#8":"FilterChainBuilder.java",
					"#9":194,
					"#10":"org.apache.dubbo.rpc.cluster.filter.FilterChainBuilder$CallbackRegistrationInvoker",
					"#11":"invoke"
				},
				{
					"#8":"AbstractClusterInvoker.java",
					"#9":379,
					"#10":"org.apache.dubbo.rpc.cluster.support.AbstractClusterInvoker",
					"#11":"invokeWithContext"
				},
				{
					"#8":"FailoverClusterInvoker.java",
					"#9":81,
					"#10":"org.apache.dubbo.rpc.cluster.support.FailoverClusterInvoker",
					"#11":"doInvoke"
				},
				{
					"#8":"AbstractClusterInvoker.java",
					"#9":341,
					"#10":"org.apache.dubbo.rpc.cluster.support.AbstractClusterInvoker",
					"#11":"invoke"
				},
				{
					"#8":"RouterSnapshotFilter.java",
					"#9":46,
					"#10":"org.apache.dubbo.rpc.cluster.router.RouterSnapshotFilter",
					"#11":"invoke"
				},
				{
					"#8":"FilterChainBuilder.java",
					"#9":327,
					"#10":"org.apache.dubbo.rpc.cluster.filter.FilterChainBuilder$CopyOfFilterChainNode",
					"#11":"invoke"
				},
				{
					"#8":"MonitorFilter.java",
					"#9":100,
					"#10":"org.apache.dubbo.monitor.support.MonitorFilter",
					"#11":"invoke"
				},
				{
					"#8":"FilterChainBuilder.java",
					"#9":327,
					"#10":"org.apache.dubbo.rpc.cluster.filter.FilterChainBuilder$CopyOfFilterChainNode",
					"#11":"invoke"
				},
				{
					"#8":"FutureFilter.java",
					"#9":52,
					"#10":"org.apache.dubbo.rpc.protocol.dubbo.filter.FutureFilter",
					"#11":"invoke"
				},
				{
					"#8":"FilterChainBuilder.java",
					"#9":327,
					"#10":"org.apache.dubbo.rpc.cluster.filter.FilterChainBuilder$CopyOfFilterChainNode",
					"#11":"invoke"
				},
				{
					"#8":"ConsumerContextFilter.java",
					"#9":108,
					"#10":"org.apache.dubbo.rpc.cluster.filter.support.ConsumerContextFilter",
					"#11":"invoke"
				},
				{
					"#8":"FilterChainBuilder.java",
					"#9":327,
					"#10":"org.apache.dubbo.rpc.cluster.filter.FilterChainBuilder$CopyOfFilterChainNode",
					"#11":"invoke"
				},
				{
					"#8":"FilterChainBuilder.java",
					"#9":194,
					"#10":"org.apache.dubbo.rpc.cluster.filter.FilterChainBuilder$CallbackRegistrationInvoker",
					"#11":"invoke"
				},
				{
					"#8":"AbstractCluster.java",
					"#9":92,
					"#10":"org.apache.dubbo.rpc.cluster.support.wrapper.AbstractCluster$ClusterFilterInvoker",
					"#11":"invoke"
				},
				{
					"#8":"MockClusterInvoker.java",
					"#9":103,
					"#10":"org.apache.dubbo.rpc.cluster.support.wrapper.MockClusterInvoker",
					"#11":"invoke"
				},
				{
					"#8":"MigrationInvoker.java",
					"#9":282,
					"#10":"org.apache.dubbo.registry.client.migration.MigrationInvoker",
					"#11":"invoke"
				},
				{
					"#8":"InvocationUtil.java",
					"#9":56,
					"#10":"org.apache.dubbo.rpc.proxy.InvocationUtil",
					"#11":"invoke"
				},
				{
					"#8":"InvokerInvocationHandler.java",
					"#9":75,
					"#10":"org.apache.dubbo.rpc.proxy.InvokerInvocationHandler",
					"#11":"invoke"
				},
				{
					"#8":"HelloServiceDubboProxy0.java",
					"#9":-1,
					"#10":"org.apache.dubbo.samples.generic.call.api.HelloServiceDubboProxy0",
					"#11":"notImplementedHello"
				},
				{
					"#8":"NativeMethodAccessorImpl.java",
					"#9":-2,
					"#10":"sun.reflect.NativeMethodAccessorImpl",
					"#11":"invoke0"
				},
				{
					"#8":"NativeMethodAccessorImpl.java",
					"#9":62,
					"#10":"sun.reflect.NativeMethodAccessorImpl",
					"#11":"invoke"
				},
				{
					"#8":"DelegatingMethodAccessorImpl.java",
					"#9":43,
					"#10":"sun.reflect.DelegatingMethodAccessorImpl",
					"#11":"invoke"
				},
				{
					"#8":"Method.java",
					"#9":498,
					"#10":"java.lang.reflect.Method",
					"#11":"invoke"
				},
				{
					"#8":"AopUtils.java",
					"#9":333,
					"#10":"org.springframework.aop.support.AopUtils",
					"#11":"invokeJoinpointUsingReflection"
				},
				{
					"#8":"JdkDynamicAopProxy.java",
					"#9":207,
					"#10":"org.springframework.aop.framework.JdkDynamicAopProxy",
					"#11":"invoke"
				},
				{
					"#8":null,
					"#9":-1,
					"#10":"com.sun.proxy.$Proxy23",
					"#11":"notImplementedHello"
				},
				{
					"#8":"HelloServiceIT.java",
					"#9":49,
					"#10":"org.apache.dubbo.samples.generic.call.HelloServiceIT",
					"#11":"testNotImplementedHello"
				},
				{
					"#8":"NativeMethodAccessorImpl.java",
					"#9":-2,
					"#10":"sun.reflect.NativeMethodAccessorImpl",
					"#11":"invoke0"
				},
				{
					"#8":"NativeMethodAccessorImpl.java",
					"#9":62,
					"#10":"sun.reflect.NativeMethodAccessorImpl",
					"#11":"invoke"
				},
				{
					"#8":"DelegatingMethodAccessorImpl.java",
					"#9":43,
					"#10":"sun.reflect.DelegatingMethodAccessorImpl",
					"#11":"invoke"
				},
				{
					"#8":"Method.java",
					"#9":498,
					"#10":"java.lang.reflect.Method",
					"#11":"invoke"
				},
				{
					"#8":"FrameworkMethod.java",
					"#9":50,
					"#10":"org.junit.runners.model.FrameworkMethod$1",
					"#11":"runReflectiveCall"
				},
				{
					"#8":"ReflectiveCallable.java",
					"#9":12,
					"#10":"org.junit.internal.runners.model.ReflectiveCallable",
					"#11":"run"
				},
				{
					"#8":"FrameworkMethod.java",
					"#9":47,
					"#10":"org.junit.runners.model.FrameworkMethod",
					"#11":"invokeExplosively"
				},
				{
					"#8":"InvokeMethod.java",
					"#9":17,
					"#10":"org.junit.internal.runners.statements.InvokeMethod",
					"#11":"evaluate"
				},
				{
					"#8":"RunBeforeTestMethodCallbacks.java",
					"#9":75,
					"#10":"org.springframework.test.context.junit4.statements.RunBeforeTestMethodCallbacks",
					"#11":"evaluate"
				},
				{
					"#8":"RunAfterTestMethodCallbacks.java",
					"#9":86,
					"#10":"org.springframework.test.context.junit4.statements.RunAfterTestMethodCallbacks",
					"#11":"evaluate"
				},
				{
					"#8":"SpringRepeat.java",
					"#9":84,
					"#10":"org.springframework.test.context.junit4.statements.SpringRepeat",
					"#11":"evaluate"
				},
				{
					"#8":"ParentRunner.java",
					"#9":325,
					"#10":"org.junit.runners.ParentRunner",
					"#11":"runLeaf"
				},
				{
					"#8":"SpringJUnit4ClassRunner.java",
					"#9":252,
					"#10":"org.springframework.test.context.junit4.SpringJUnit4ClassRunner",
					"#11":"runChild"
				},
				{
					"#8":"SpringJUnit4ClassRunner.java",
					"#9":94,
					"#10":"org.springframework.test.context.junit4.SpringJUnit4ClassRunner",
					"#11":"runChild"
				},
				{
					"#8":"ParentRunner.java",
					"#9":290,
					"#10":"org.junit.runners.ParentRunner$3",
					"#11":"run"
				},
				{
					"#8":"ParentRunner.java",
					"#9":71,
					"#10":"org.junit.runners.ParentRunner$1",
					"#11":"schedule"
				},
				{
					"#8":"ParentRunner.java",
					"#9":288,
					"#10":"org.junit.runners.ParentRunner",
					"#11":"runChildren"
				},
				{
					"#8":"ParentRunner.java",
					"#9":58,
					"#10":"org.junit.runners.ParentRunner",
					"#11":"access$000"
				},
				{
					"#8":"ParentRunner.java",
					"#9":268,
					"#10":"org.junit.runners.ParentRunner$2",
					"#11":"evaluate"
				},
				{
					"#8":"RunBeforeTestClassCallbacks.java",
					"#9":61,
					"#10":"org.springframework.test.context.junit4.statements.RunBeforeTestClassCallbacks",
					"#11":"evaluate"
				},
				{
					"#8":"RunAfterTestClassCallbacks.java",
					"#9":70,
					"#10":"org.springframework.test.context.junit4.statements.RunAfterTestClassCallbacks",
					"#11":"evaluate"
				},
				{
					"#8":"ParentRunner.java",
					"#9":363,
					"#10":"org.junit.runners.ParentRunner",
					"#11":"run"
				},
				{
					"#8":"SpringJUnit4ClassRunner.java",
					"#9":191,
					"#10":"org.springframework.test.context.junit4.SpringJUnit4ClassRunner",
					"#11":"run"
				},
				{
					"#8":"JUnit4Provider.java",
					"#9":365,
					"#10":"org.apache.maven.surefire.junit4.JUnit4Provider",
					"#11":"execute"
				},
				{
					"#8":"JUnit4Provider.java",
					"#9":273,
					"#10":"org.apache.maven.surefire.junit4.JUnit4Provider",
					"#11":"executeWithRerun"
				},
				{
					"#8":"JUnit4Provider.java",
					"#9":238,
					"#10":"org.apache.maven.surefire.junit4.JUnit4Provider",
					"#11":"executeTestSet"
				},
				{
					"#8":"JUnit4Provider.java",
					"#9":159,
					"#10":"org.apache.maven.surefire.junit4.JUnit4Provider",
					"#11":"invoke"
				},
				{
					"#8":"NativeMethodAccessorImpl.java",
					"#9":-2,
					"#10":"sun.reflect.NativeMethodAccessorImpl",
					"#11":"invoke0"
				},
				{
					"#8":"NativeMethodAccessorImpl.java",
					"#9":62,
					"#10":"sun.reflect.NativeMethodAccessorImpl",
					"#11":"invoke"
				},
				{
					"#8":"DelegatingMethodAccessorImpl.java",
					"#9":43,
					"#10":"sun.reflect.DelegatingMethodAccessorImpl",
					"#11":"invoke"
				},
				{
					"#8":"Method.java",
					"#9":498,
					"#10":"java.lang.reflect.Method",
					"#11":"invoke"
				},
				{
					"#8":"ReflectionUtils.java",
					"#9":206,
					"#10":"org.apache.maven.surefire.util.ReflectionUtils",
					"#11":"invokeMethodWithArray2"
				},
				{
					"#8":"ProviderFactory.java",
					"#9":161,
					"#10":"org.apache.maven.surefire.booter.ProviderFactory$ProviderProxy",
					"#11":"invoke"
				},
				{
					"#8":"ProviderFactory.java",
					"#9":84,
					"#10":"org.apache.maven.surefire.booter.ProviderFactory",
					"#11":"invokeProvider"
				},
				{
					"#8":"ClassloaderSurefireStarter.java",
					"#9":78,
					"#10":"org.apache.dubbo.test.runner.ClassloaderSurefireStarter",
					"#11":"runSuitesInProcess"
				},
				{
					"#8":"TestRunnerMain.java",
					"#9":185,
					"#10":"org.apache.dubbo.test.runner.TestRunnerMain",
					"#11":"main"
				}
			]
		},
		"message#12":"{\"exClass\":\"\",\"exMsg\":\"\",\"msg\":\"\"}",
		"#7":[
			{
				"#8":"FastJson2ObjectInput.java",
				"#9":110,
				"#10":"org.apache.dubbo.common.serialize.fastjson2.FastJson2ObjectInput",
				"#11":"readObject"
			},
			{
				"#8":"FastJson2ObjectInput.java",
				"#9":98,
				"#10":"org.apache.dubbo.common.serialize.fastjson2.FastJson2ObjectInput",
				"#11":"readObject"
			},
			{
				"#8":"ObjectInput.java",
				"#9":74,
				"#10":"org.apache.dubbo.common.serialize.ObjectInput",
				"#11":"readThrowable"
			},
			{
				"#8":"DecodeableRpcResult.java",
				"#9":171,
				"#10":"org.apache.dubbo.rpc.protocol.dubbo.DecodeableRpcResult",
				"#11":"handleException"
			},
			{
				"#8":"DecodeableRpcResult.java",
				"#9":110,
				"#10":"org.apache.dubbo.rpc.protocol.dubbo.DecodeableRpcResult",
				"#11":"decode"
			},
			{
				"#8":"DecodeableRpcResult.java",
				"#9":138,
				"#10":"org.apache.dubbo.rpc.protocol.dubbo.DecodeableRpcResult",
				"#11":"decode"
			},
			{
				"#8":"DecodeHandler.java",
				"#9":62,
				"#10":"org.apache.dubbo.remoting.transport.DecodeHandler",
				"#11":"decode"
			},
			{
				"#8":"DecodeHandler.java",
				"#9":50,
				"#10":"org.apache.dubbo.remoting.transport.DecodeHandler",
				"#11":"received"
			},
			{
				"#8":"ChannelEventRunnable.java",
				"#9":61,
				"#10":"org.apache.dubbo.remoting.transport.dispatcher.ChannelEventRunnable",
				"#11":"run"
			},
			{
				"#8":"ThreadlessExecutor.java",
				"#9":184,
				"#10":"org.apache.dubbo.common.threadpool.ThreadlessExecutor$RunnableWrapper",
				"#11":"run"
			},
			{
				"#8":"ThreadlessExecutor.java",
				"#9":103,
				"#10":"org.apache.dubbo.common.threadpool.ThreadlessExecutor",
				"#11":"waitAndDrain"
			},
			{
				"#8":"AsyncRpcResult.java",
				"#9":194,
				"#10":"org.apache.dubbo.rpc.AsyncRpcResult",
				"#11":"get"
			},
			{
				"#8":"AbstractInvoker.java",
				"#9":277,
				"#10":"org.apache.dubbo.rpc.protocol.AbstractInvoker",
				"#11":"waitForResultIfSync"
			},
			{
				"#8":"AbstractInvoker.java",
				"#9":181,
				"#10":"org.apache.dubbo.rpc.protocol.AbstractInvoker",
				"#11":"invoke"
			},
			{
				"#8":"ListenerInvokerWrapper.java",
				"#9":70,
				"#10":"org.apache.dubbo.rpc.listener.ListenerInvokerWrapper",
				"#11":"invoke"
			},
			{
				"#8":"GenericImplFilter.java",
				"#9":102,
				"#10":"org.apache.dubbo.rpc.filter.GenericImplFilter",
				"#11":"invoke"
			},
			{
				"#8":"FilterChainBuilder.java",
				"#9":327,
				"#10":"org.apache.dubbo.rpc.cluster.filter.FilterChainBuilder$CopyOfFilterChainNode",
				"#11":"invoke"
			},
			{
				"#8":"CacheFilter.java",
				"#9":95,
				"#10":"org.apache.dubbo.cache.filter.CacheFilter",
				"#11":"invoke"
			},
			{
				"#8":"FilterChainBuilder.java",
				"#9":327,
				"#10":"org.apache.dubbo.rpc.cluster.filter.FilterChainBuilder$CopyOfFilterChainNode",
				"#11":"invoke"
			},
			{
				"#8":"FilterChainBuilder.java",
				"#9":194,
				"#10":"org.apache.dubbo.rpc.cluster.filter.FilterChainBuilder$CallbackRegistrationInvoker",
				"#11":"invoke"
			},
			{
				"#8":"AbstractClusterInvoker.java",
				"#9":379,
				"#10":"org.apache.dubbo.rpc.cluster.support.AbstractClusterInvoker",
				"#11":"invokeWithContext"
			},
			{
				"#8":"FailoverClusterInvoker.java",
				"#9":81,
				"#10":"org.apache.dubbo.rpc.cluster.support.FailoverClusterInvoker",
				"#11":"doInvoke"
			},
			{
				"#8":"AbstractClusterInvoker.java",
				"#9":341,
				"#10":"org.apache.dubbo.rpc.cluster.support.AbstractClusterInvoker",
				"#11":"invoke"
			},
			{
				"#8":"RouterSnapshotFilter.java",
				"#9":46,
				"#10":"org.apache.dubbo.rpc.cluster.router.RouterSnapshotFilter",
				"#11":"invoke"
			},
			{
				"#8":"FilterChainBuilder.java",
				"#9":327,
				"#10":"org.apache.dubbo.rpc.cluster.filter.FilterChainBuilder$CopyOfFilterChainNode",
				"#11":"invoke"
			},
			{
				"#8":"MonitorFilter.java",
				"#9":100,
				"#10":"org.apache.dubbo.monitor.support.MonitorFilter",
				"#11":"invoke"
			},
			{
				"#8":"FilterChainBuilder.java",
				"#9":327,
				"#10":"org.apache.dubbo.rpc.cluster.filter.FilterChainBuilder$CopyOfFilterChainNode",
				"#11":"invoke"
			},
			{
				"#8":"FutureFilter.java",
				"#9":52,
				"#10":"org.apache.dubbo.rpc.protocol.dubbo.filter.FutureFilter",
				"#11":"invoke"
			},
			{
				"#8":"FilterChainBuilder.java",
				"#9":327,
				"#10":"org.apache.dubbo.rpc.cluster.filter.FilterChainBuilder$CopyOfFilterChainNode",
				"#11":"invoke"
			},
			{
				"#8":"ConsumerContextFilter.java",
				"#9":108,
				"#10":"org.apache.dubbo.rpc.cluster.filter.support.ConsumerContextFilter",
				"#11":"invoke"
			},
			{
				"#8":"FilterChainBuilder.java",
				"#9":327,
				"#10":"org.apache.dubbo.rpc.cluster.filter.FilterChainBuilder$CopyOfFilterChainNode",
				"#11":"invoke"
			},
			{
				"#8":"FilterChainBuilder.java",
				"#9":194,
				"#10":"org.apache.dubbo.rpc.cluster.filter.FilterChainBuilder$CallbackRegistrationInvoker",
				"#11":"invoke"
			},
			{
				"#8":"AbstractCluster.java",
				"#9":92,
				"#10":"org.apache.dubbo.rpc.cluster.support.wrapper.AbstractCluster$ClusterFilterInvoker",
				"#11":"invoke"
			},
			{
				"#8":"MockClusterInvoker.java",
				"#9":103,
				"#10":"org.apache.dubbo.rpc.cluster.support.wrapper.MockClusterInvoker",
				"#11":"invoke"
			},
			{
				"#8":"MigrationInvoker.java",
				"#9":282,
				"#10":"org.apache.dubbo.registry.client.migration.MigrationInvoker",
				"#11":"invoke"
			},
			{
				"#8":"InvocationUtil.java",
				"#9":56,
				"#10":"org.apache.dubbo.rpc.proxy.InvocationUtil",
				"#11":"invoke"
			},
			{
				"#8":"InvokerInvocationHandler.java",
				"#9":75,
				"#10":"org.apache.dubbo.rpc.proxy.InvokerInvocationHandler",
				"#11":"invoke"
			},
			{
				"#8":"HelloServiceDubboProxy0.java",
				"#9":-1,
				"#10":"org.apache.dubbo.samples.generic.call.api.HelloServiceDubboProxy0",
				"#11":"notImplementedHello"
			},
			{
				"#8":"NativeMethodAccessorImpl.java",
				"#9":-2,
				"#10":"sun.reflect.NativeMethodAccessorImpl",
				"#11":"invoke0"
			},
			{
				"#8":"NativeMethodAccessorImpl.java",
				"#9":62,
				"#10":"sun.reflect.NativeMethodAccessorImpl",
				"#11":"invoke"
			},
			{
				"#8":"DelegatingMethodAccessorImpl.java",
				"#9":43,
				"#10":"sun.reflect.DelegatingMethodAccessorImpl",
				"#11":"invoke"
			},
			{
				"#8":"Method.java",
				"#9":498,
				"#10":"java.lang.reflect.Method",
				"#11":"invoke"
			},
			{
				"#8":"AopUtils.java",
				"#9":333,
				"#10":"org.springframework.aop.support.AopUtils",
				"#11":"invokeJoinpointUsingReflection"
			},
			{
				"#8":"JdkDynamicAopProxy.java",
				"#9":207,
				"#10":"org.springframework.aop.framework.JdkDynamicAopProxy",
				"#11":"invoke"
			},
			{
				"#8":null,
				"#9":-1,
				"#10":"com.sun.proxy.$Proxy23",
				"#11":"notImplementedHello"
			},
			{
				"#8":"HelloServiceIT.java",
				"#9":49,
				"#10":"org.apache.dubbo.samples.generic.call.HelloServiceIT",
				"#11":"testNotImplementedHello"
			},
			{
				"#8":"NativeMethodAccessorImpl.java",
				"#9":-2,
				"#10":"sun.reflect.NativeMethodAccessorImpl",
				"#11":"invoke0"
			},
			{
				"#8":"NativeMethodAccessorImpl.java",
				"#9":62,
				"#10":"sun.reflect.NativeMethodAccessorImpl",
				"#11":"invoke"
			},
			{
				"#8":"DelegatingMethodAccessorImpl.java",
				"#9":43,
				"#10":"sun.reflect.DelegatingMethodAccessorImpl",
				"#11":"invoke"
			},
			{
				"#8":"Method.java",
				"#9":498,
				"#10":"java.lang.reflect.Method",
				"#11":"invoke"
			},
			{
				"#8":"FrameworkMethod.java",
				"#9":50,
				"#10":"org.junit.runners.model.FrameworkMethod$1",
				"#11":"runReflectiveCall"
			},
			{
				"#8":"ReflectiveCallable.java",
				"#9":12,
				"#10":"org.junit.internal.runners.model.ReflectiveCallable",
				"#11":"run"
			},
			{
				"#8":"FrameworkMethod.java",
				"#9":47,
				"#10":"org.junit.runners.model.FrameworkMethod",
				"#11":"invokeExplosively"
			},
			{
				"#8":"InvokeMethod.java",
				"#9":17,
				"#10":"org.junit.internal.runners.statements.InvokeMethod",
				"#11":"evaluate"
			},
			{
				"#8":"RunBeforeTestMethodCallbacks.java",
				"#9":75,
				"#10":"org.springframework.test.context.junit4.statements.RunBeforeTestMethodCallbacks",
				"#11":"evaluate"
			},
			{
				"#8":"RunAfterTestMethodCallbacks.java",
				"#9":86,
				"#10":"org.springframework.test.context.junit4.statements.RunAfterTestMethodCallbacks",
				"#11":"evaluate"
			},
			{
				"#8":"SpringRepeat.java",
				"#9":84,
				"#10":"org.springframework.test.context.junit4.statements.SpringRepeat",
				"#11":"evaluate"
			},
			{
				"#8":"ParentRunner.java",
				"#9":325,
				"#10":"org.junit.runners.ParentRunner",
				"#11":"runLeaf"
			},
			{
				"#8":"SpringJUnit4ClassRunner.java",
				"#9":252,
				"#10":"org.springframework.test.context.junit4.SpringJUnit4ClassRunner",
				"#11":"runChild"
			},
			{
				"#8":"SpringJUnit4ClassRunner.java",
				"#9":94,
				"#10":"org.springframework.test.context.junit4.SpringJUnit4ClassRunner",
				"#11":"runChild"
			},
			{
				"#8":"ParentRunner.java",
				"#9":290,
				"#10":"org.junit.runners.ParentRunner$3",
				"#11":"run"
			},
			{
				"#8":"ParentRunner.java",
				"#9":71,
				"#10":"org.junit.runners.ParentRunner$1",
				"#11":"schedule"
			},
			{
				"#8":"ParentRunner.java",
				"#9":288,
				"#10":"org.junit.runners.ParentRunner",
				"#11":"runChildren"
			},
			{
				"#8":"ParentRunner.java",
				"#9":58,
				"#10":"org.junit.runners.ParentRunner",
				"#11":"access$000"
			},
			{
				"#8":"ParentRunner.java",
				"#9":268,
				"#10":"org.junit.runners.ParentRunner$2",
				"#11":"evaluate"
			},
			{
				"#8":"RunBeforeTestClassCallbacks.java",
				"#9":61,
				"#10":"org.springframework.test.context.junit4.statements.RunBeforeTestClassCallbacks",
				"#11":"evaluate"
			},
			{
				"#8":"RunAfterTestClassCallbacks.java",
				"#9":70,
				"#10":"org.springframework.test.context.junit4.statements.RunAfterTestClassCallbacks",
				"#11":"evaluate"
			},
			{
				"#8":"ParentRunner.java",
				"#9":363,
				"#10":"org.junit.runners.ParentRunner",
				"#11":"run"
			},
			{
				"#8":"SpringJUnit4ClassRunner.java",
				"#9":191,
				"#10":"org.springframework.test.context.junit4.SpringJUnit4ClassRunner",
				"#11":"run"
			},
			{
				"#8":"JUnit4Provider.java",
				"#9":365,
				"#10":"org.apache.maven.surefire.junit4.JUnit4Provider",
				"#11":"execute"
			},
			{
				"#8":"JUnit4Provider.java",
				"#9":273,
				"#10":"org.apache.maven.surefire.junit4.JUnit4Provider",
				"#11":"executeWithRerun"
			},
			{
				"#8":"JUnit4Provider.java",
				"#9":238,
				"#10":"org.apache.maven.surefire.junit4.JUnit4Provider",
				"#11":"executeTestSet"
			},
			{
				"#8":"JUnit4Provider.java",
				"#9":159,
				"#10":"org.apache.maven.surefire.junit4.JUnit4Provider",
				"#11":"invoke"
			},
			{
				"#8":"NativeMethodAccessorImpl.java",
				"#9":-2,
				"#10":"sun.reflect.NativeMethodAccessorImpl",
				"#11":"invoke0"
			},
			{
				"#8":"NativeMethodAccessorImpl.java",
				"#9":62,
				"#10":"sun.reflect.NativeMethodAccessorImpl",
				"#11":"invoke"
			},
			{
				"#8":"DelegatingMethodAccessorImpl.java",
				"#9":43,
				"#10":"sun.reflect.DelegatingMethodAccessorImpl",
				"#11":"invoke"
			},
			{
				"#8":"Method.java",
				"#9":498,
				"#10":"java.lang.reflect.Method",
				"#11":"invoke"
			},
			{
				"#8":"ReflectionUtils.java",
				"#9":206,
				"#10":"org.apache.maven.surefire.util.ReflectionUtils",
				"#11":"invokeMethodWithArray2"
			},
			{
				"#8":"ProviderFactory.java",
				"#9":161,
				"#10":"org.apache.maven.surefire.booter.ProviderFactory$ProviderProxy",
				"#11":"invoke"
			},
			{
				"#8":"ProviderFactory.java",
				"#9":84,
				"#10":"org.apache.maven.surefire.booter.ProviderFactory",
				"#11":"invokeProvider"
			},
			{
				"#8":"ClassloaderSurefireStarter.java",
				"#9":78,
				"#10":"org.apache.dubbo.test.runner.ClassloaderSurefireStarter",
				"#11":"runSuitesInProcess"
			},
			{
				"#8":"TestRunnerMain.java",
				"#9":185,
				"#10":"org.apache.dubbo.test.runner.TestRunnerMain",
				"#11":"main"
			}
		],
		"suppressed#13":[]
	}
}
{"v0000":[0],"v0001":[],"v0002":[0,0]}
1
{
	"@type":"com.alibaba.fastjson2.aliyun.MapGhostTest$MapGhost#0",
	"@value":{
		"name":"abc",
		"$super$":{
			"@type":"M#1",
			"@value":{
				"name":123
			}
		}
	}
}
{
	"@type":"com.alibaba.fastjson2.eishay.vo.MediaContent#0",
	"@value":[
		[
			[
				768,
				1,
				"Javaone Keynote",
				"http://javaone.com/keynote_large.jpg",
				1024
			],
			[
				240,
				0,
				"Javaone Keynote",
				"http://javaone.com/keynote_small.jpg",
				320
			]
		],
		[
			262144,
			null,
			18000000,
			"video/mpg4",
			480,
			[
				"Bill Gates",
				"Steve Jobs"
			],
			0,
			58982400,
			"Javaone Keynote",
			"http://javaone.com/keynote.mpg",
			640
		]
	]
}
{
	"@type":"com.alibaba.fastjson2.arraymapping.EishayTest$Sample",
	"@value":[
		[
			true,
			false
		],
		false,
		"AB",
		"\u0000",
		[
			1.0,
			2.0,
			3.0
		],
		0.0,
		[
			1.0,
			2.0,
			3.0
		],
		0.0,
		[
			1,
			2
		],
		101,
		[
			1,
			2
		],
		1001,
		null,
		[
			1,
			2
		],
		0,
		null
	]
}
com.alibaba.fastjson2.issues_2400.Issue2440$Bean@7b48b933
{"first_name":"wenshao","id":123}
{"courseId":"6bad799a1c894893bedade17215244a1","userId":"4b99d48f87f84868a59aa3b3ce82fd56"}
{
	"@type":"com.alibaba.fastjson2.eishay.vo.MediaContent",
	"@value":[
		[
			[
				768,
				1,
				"Javaone Keynote",
				"http://javaone.com/keynote_large.jpg",
				1024
			],
			[
				240,
				0,
				"Javaone Keynote",
				"http://javaone.com/keynote_small.jpg",
				320
			]
		],
		[
			262144,
			null,
			18000000,
			"video/mpg4",
			480,
			[
				"Bill Gates",
				"Steve Jobs"
			],
			0,
			58982400,
			"Javaone Keynote",
			"http://javaone.com/keynote.mpg",
			640
		]
	]
}
[[[768,1,"Javaone Keynote","http://javaone.com/keynote_large.jpg",1024],[240,0,"Javaone Keynote","http://javaone.com/keynote_small.jpg",320]],[262144,null,18000000,"video/mpg4",480,["Bill Gates","Steve Jobs"],0,58982400,"Javaone Keynote","http://javaone.com/keynote.mpg",640]]
{
	"@type":"com.alibaba.fastjson2.eishay.vo.MediaContent#0",
	"@value":{
		"images#1":[
			{
				"height#2":768,
				"size#3":1,
				"title#4":"Javaone Keynote",
				"uri#5":"http://javaone.com/keynote_large.jpg",
				"width#6":1024
			},
			{
				"#2":240,
				"#3":0,
				"#4":"Javaone Keynote",
				"#5":"http://javaone.com/keynote_small.jpg",
				"#6":320
			}
		],
		"media#7":{
			"bitrate#8":262144,
			"duration#9":18000000,
			"format#10":"video/mpg4",
			"#2":480,
			"persons#11":[
				"Bill Gates",
				"Steve Jobs"
			],
			"player#12":0,
			"#3":58982400,
			"#4":"Javaone Keynote",
			"#5":"http://javaone.com/keynote.mpg",
			"#6":640
		}
	}
}
[
	[
		[
			768,
			1,
			"Javaone Keynote",
			"http://javaone.com/keynote_large.jpg",
			1024
		],
		[
			240,
			0,
			"Javaone Keynote",
			"http://javaone.com/keynote_small.jpg",
			320
		]
	],
	[
		262144,
		null,
		18000000,
		"video/mpg4",
		480,
		[
			"Bill Gates",
			"Steve Jobs"
		],
		0,
		58982400,
		"Javaone Keynote",
		"http://javaone.com/keynote.mpg",
		640
	]
]
{"values":{"100":[{"id":1001},{"id":1002}],"200":[{"id":2001},{"id":2002}]}}
millis : 302
millis : 229
[name, weight, age]
CSVReaderTest.Person(name=张三, weight=68.2, age=32)
CSVReaderTest.Person(name=李四, weight=75.6, age=28)
[name, weight, age]
CSVReaderTest.Person(name=张三, weight=68.2, age=32)
CSVReaderTest.Person(name=李四, weight=75.6, age=28)
{
	"@type":"com.alibaba.fastjson2.support.ApacheTripleTest$Bean#0",
	"@value":{
		"triple":{
			"@type":"org.apache.commons.lang3.tuple.MutableTriple#1",
			"@value":{
				"left":101,
				"middle":102,
				"right":103
			}
		}
	}
}
{
	"@type":"com.alibaba.fastjson2.support.ApacheTripleTest$Bean#0",
	"@value":{
		"triple":{
			"@type":"org.apache.commons.lang3.tuple.ImmutableTriple#1",
			"@value":{
				"left":101,
				"middle":102,
				"right":103
			}
		}
	}
}
{
	"high":{
		"value":"H"
	},
	"low":{
		"value":"L"
	},
	"mid":{
		"value":"M"
	}
}
Tue Oct 15 10:02:26 CST 2024
Enum Item: LOCKED
JVM_VERSION : 25
-9214723784238596577L,
-9030616758866828325L,
-8335274122997354104L,
-6963030519018899258L,
-4863137578837233966L,
-3653547262287832698L,
-2819277587813726773L,
-2669552864532011468L,
-2458634727370886912L,
-2291619803571459675L,
-1811306045128064037L,
-864440709753525476L,
-779604756358333743L,
8731803887940231L,
1616814008855344660L,
2164749833121980361L,
2688642392827789427L,
3724195282986200606L,
3742915795806478647L,
3977020351318456359L,
4775491097662790952L,
4882459834864833642L,
6033839080488254886L,
7981148566008458638L,
8344106065386396833L,
9215465129261900012L,
27545
27545
1	[1]
2	[2]
3	[3]
4	[4]
5	[5]
6	[6]
7	[7]
8	[8]
9	[9]
10	[10]
11	[11]
12	[12]
13	[13]
14	[14]
15	[15]
16	[16]
17	[17]
18	[18]
19	[19]
20	[20]
21	[21]
22	[22]
23	[23]
24	[24]
25	[25]
26	[26]
27	[27]
28	[28]
29	[29]
30	[30]
31	[31]
32	[32]
33	[33]
34	[34]
35	[35]
36	[36]
37	[37]
38	[38]
39	[39]
40	[40]
41	[41]
42	[42]
43	[43]
44	[44]
45	[45]
46	[46]
47	[47]
48	[48]
49	[49]
50	[50]
51	[51]
52	[52]
53	[53]
54	[54]
55	[55]
56	[56]
57	[57]
58	[58]
59	[59]
60	[60]
61	[61]
62	[62]
63	[63]
64	[64]
65	[65]
66	[66]
67	[67]
68	[68]
69	[69]
70	[70]
71	[71]
72	[72]
73	[73]
74	[74]
75	[75]
76	[76]
77	[77]
78	[78]
79	[79]
80	[80]
81	[81]
82	[82]
83	[83]
84	[84]
85	[85]
86	[86]
87	[87]
88	[88]
89	[89]
90	[90]
91	[91]
92	[92]
93	[93]
94	[94]
95	[95]
96	[96]
97	[97]
98	[98]
99	[99]
100	[100]
101	[101]
102	[102]
103	[103]
104	[104]
105	[105]
106	[106]
107	[107]
108	[108]
109	[109]
110	[110]
111	[111]
112	[112]
113	[113]
114	[114]
115	[115]
116	[116]
117	[117]
118	[118]
119	[119]
120	[120]
121	[121]
122	[122]
123	[123]
124	[124]
125	[125]
126	[126]
127	[127]
128	[-62, -128]
129	[-62, -127]
130	[-62, -126]
131	[-62, -125]
132	[-62, -124]
133	[-62, -123]
134	[-62, -122]
135	[-62, -121]
136	[-62, -120]
137	[-62, -119]
138	[-62, -118]
139	[-62, -117]
140	[-62, -116]
141	[-62, -115]
142	[-62, -114]
143	[-62, -113]
144	[-62, -112]
145	[-62, -111]
146	[-62, -110]
147	[-62, -109]
148	[-62, -108]
149	[-62, -107]
150	[-62, -106]
151	[-62, -105]
152	[-62, -104]
153	[-62, -103]
154	[-62, -102]
155	[-62, -101]
156	[-62, -100]
157	[-62, -99]
158	[-62, -98]
159	[-62, -97]
160	[-62, -96]
161	[-62, -95]
162	[-62, -94]
163	[-62, -93]
164	[-62, -92]
165	[-62, -91]
166	[-62, -90]
167	[-62, -89]
168	[-62, -88]
169	[-62, -87]
170	[-62, -86]
171	[-62, -85]
172	[-62, -84]
173	[-62, -83]
174	[-62, -82]
175	[-62, -81]
176	[-62, -80]
177	[-62, -79]
178	[-62, -78]
179	[-62, -77]
180	[-62, -76]
181	[-62, -75]
182	[-62, -74]
183	[-62, -73]
184	[-62, -72]
185	[-62, -71]
186	[-62, -70]
187	[-62, -69]
188	[-62, -68]
189	[-62, -67]
190	[-62, -66]
191	[-62, -65]
192	[-61, -128]
193	[-61, -127]
194	[-61, -126]
195	[-61, -125]
196	[-61, -124]
197	[-61, -123]
198	[-61, -122]
199	[-61, -121]
200	[-61, -120]
201	[-61, -119]
202	[-61, -118]
203	[-61, -117]
204	[-61, -116]
205	[-61, -115]
206	[-61, -114]
207	[-61, -113]
208	[-61, -112]
209	[-61, -111]
210	[-61, -110]
211	[-61, -109]
212	[-61, -108]
213	[-61, -107]
214	[-61, -106]
215	[-61, -105]
216	[-61, -104]
217	[-61, -103]
218	[-61, -102]
219	[-61, -101]
220	[-61, -100]
221	[-61, -99]
222	[-61, -98]
223	[-61, -97]
224	[-61, -96]
225	[-61, -95]
226	[-61, -94]
227	[-61, -93]
228	[-61, -92]
229	[-61, -91]
230	[-61, -90]
231	[-61, -89]
232	[-61, -88]
233	[-61, -87]
234	[-61, -86]
235	[-61, -85]
236	[-61, -84]
237	[-61, -83]
238	[-61, -82]
239	[-61, -81]
240	[-61, -80]
241	[-61, -79]
242	[-61, -78]
243	[-61, -77]
244	[-61, -76]
245	[-61, -75]
246	[-61, -74]
247	[-61, -73]
248	[-61, -72]
249	[-61, -71]
250	[-61, -70]
251	[-61, -69]
252	[-61, -68]
253	[-61, -67]
254	[-61, -66]
255	[-61, -65]
0.736360588777976 -> 0.7363605887779761
0.957976449339698 -> 0.9579764493396981
0.927193405007881 -> 0.9271934050078811
0.7258007279225 -> 0.7258007279225001
0.675500331753284 -> 0.6755003317532839
0.557428253825413 -> 0.5574282538254129
0.1958112548057621 -> 0.19581125480576211
0.01524723551826379 -> 0.015247235518263791
0.1987293085259524 -> 0.19872930852595239
0.851036331290212 -> 0.8510363312902119
0.05852524439826556 -> 0.058525244398265563
0.181468308953443 -> 0.18146830895344301
0.2510575716344218 -> 0.25105757163442177
0.320006208682762 -> 0.32000620868276197
0.227118301963409 -> 0.22711830196340899
0.0338197875330245 -> 0.033819787533024503
0.06083779461498506 -> 0.060837794614985063
0.300616203656455 -> 0.30061620365645503
0.1924274627167918 -> 0.19242746271679179
0.702839765751126 -> 0.7028397657511261
0.818458930832831 -> 0.8184589308328311
0.894972492467281 -> 0.8949724924672809
0.826265941415186 -> 0.8262659414151859
0.665185007964815 -> 0.6651850079648149
0.979064245196478 -> 0.9790642451964779
0.073536363718252 -> 0.07353636371825201
0.1772108365582966 -> 0.17721083655829661
0.923598908379271 -> 0.9235989083792711
0.966236774982211 -> 0.9662367749822111
0.53983399295758 -> 0.5398339929575799
0.2745590461602401 -> 0.27455904616024007
0.658926538352336 -> 0.6589265383523361
0.1713267587652718 -> 0.17132675876527181
0.547141909267227 -> 0.5471419092672269
0.880932244061365 -> 0.8809322440613651
0.05525253974741429 -> 0.055252539747414287
0.87591280199089 -> 0.8759128019908901
0.3586413409010413 -> 0.35864134090104127
0.859904425693995 -> 0.8599044256939949
0.1725999355759157 -> 0.17259993557591569
0.501367882089021 -> 0.5013678820890211
0.221128388674404 -> 0.22112838867440399
0.679762645232384 -> 0.6797626452323841
0.989659170405013 -> 0.9896591704050129
0.915655304607011 -> 0.9156553046070109
0.1819229204984011 -> 0.18192292049840109
0.828421191994896 -> 0.8284211919948959
0.546413376597431 -> 0.5464133765974311
0.0824711545587462 -> 0.08247115455874621
0.517144941603149 -> 0.5171449416031491
0.632849151667984 -> 0.6328491516679839
0.988902303399047 -> 0.9889023033990469
0.1769897839188007 -> 0.17698978391880071
0.007135226122626515 -> 0.0071352261226265146
0.1460784535958045 -> 0.14607845359580451
0.0972831852022863 -> 0.09728318520228629
0.509642398683191 -> 0.5096423986831909
0.2320097561083415 -> 0.23200975610834151
0.3718614615452909 -> 0.37186146154529087
0.04775519925946747 -> 0.047755199259467473
0.1849528589930549 -> 0.18495285899305491
0.2811620785714741 -> 0.28116207857147413
0.2651030014543099 -> 0.26510300145430987
0.1267064696594946 -> 0.12670646965949461
0.69578033935736 -> 0.6957803393573599
0.0426438545891944 -> 0.042643854589194397
0.1609502010295044 -> 0.16095020102950441
0.699362409009121 -> 0.6993624090091211
0.4789570394145721 -> 0.47895703941457213
0.3469944728697337 -> 0.34699447286973373
0.2320174077778311 -> 0.23201740777783109
0.841781346920286 -> 0.8417813469202861
0.1996221591103262 -> 0.19962215911032621
0.3376871699687021 -> 0.33768716996870207
0.508829251837634 -> 0.5088292518376339
0.627667045866869 -> 0.6276670458668689
0.656042156726309 -> 0.6560421567263089
0.776772909822322 -> 0.7767729098223221
0.1279617445837299 -> 0.12796174458372989
0.3395219999720894 -> 0.33952199997208943
0.3668426727182795 -> 0.36684267271827953
0.3054289900241903 -> 0.30542899002419033
0.930052861585349 -> 0.9300528615853491
0.91659024359947 -> 0.9165902435994699
0.850120215763358 -> 0.8501202157633579
0.777462346894015 -> 0.7774623468940151
0.851341236494845 -> 0.8513412364948451
0.3721480367210592 -> 0.37214803672105923
0.2198964078668285 -> 0.21989640786682851
0.2672811853798365 -> 0.26728118537983647
0.1750626484351092 -> 0.17506264843510921
0.794904605108327 -> 0.7949046051083269
0.2863777495533327 -> 0.28637774955333273
0.789211597707348 -> 0.7892115977073479
0.3632583155319071 -> 0.36325831553190713
0.04021271814509619 -> 0.040212718145096193
0.882718803063891 -> 0.8827188030638911
0.661512656600519 -> 0.6615126566005189
0.4422656096609692 -> 0.44226560966096917
0.898774950277966 -> 0.8987749502779659
0.975028678025814 -> 0.9750286780258141
0.4967801751460518 -> 0.49678017514605177
0.569923049737665 -> 0.5699230497376651
0.353446027507096 -> 0.35344602750709597
0.4431760933654251 -> 0.44317609336542507
0.871636359445149 -> 0.8716363594451489
0.747931268991122 -> 0.7479312689911219
0.783612176529422 -> 0.7836121765294221
0.04813807513419344 -> 0.048138075134193437
0.1683205371957711 -> 0.16832053719577111
0.4254278237308943 -> 0.42542782373089427
0.3927287356965872 -> 0.39272873569658717
0.2664761384777177 -> 0.26647613847771767
0.3973780850889784 -> 0.39737808508897843
0.1789524702662285 -> 0.17895247026622851
0.930829271538198 -> 0.9308292715381981
0.772095632453003 -> 0.7720956324530029
0.3059615814891746 -> 0.30596158148917463
0.837355406172479 -> 0.8373554061724791
0.1706163142967453 -> 0.17061631429674529
0.666307595814219 -> 0.6663075958142189
0.637656920401312 -> 0.6376569204013121
0.889479627401424 -> 0.8894796274014239
0.4984317702335819 -> 0.49843177023358187
0.03924603384686998 -> 0.039246033846869977
0.871150225777998 -> 0.8711502257779981
0.2368809378021174 -> 0.23688093780211739
0.856598350690777 -> 0.8565983506907771
0.542039337440613 -> 0.5420393374406129
0.240937934876696 -> 0.24093793487669601
0.578374279558241 -> 0.5783742795582409
0.619854750608617 -> 0.6198547506086169
0.805985635298823 -> 0.8059856352988231
0.649003826678827 -> 0.6490038266788269
0.2211265569944907 -> 0.22112655699449069
0.1894735684644029 -> 0.18947356846440289
0.642712371962119 -> 0.6427123719621189
0.1815041148323462 -> 0.18150411483234619
0.589474337222264 -> 0.5894743372222641
0.849840265485377 -> 0.8498402654853771
0.545402560320634 -> 0.5454025603206339
0.3426472006771418 -> 0.34264720067714183
0.3623429755688998 -> 0.36234297556889983
0.4343406696111137 -> 0.43434066961111373
0.2467130855410299 -> 0.24671308554102989
0.1725384712114406 -> 0.17253847121144061
0.4576209926135201 -> 0.45762099261352007
0.02243834121919497 -> 0.022438341219194968
0.2184113798131848 -> 0.21841137981318481
0.931659594059217 -> 0.9316595940592171
0.802605123805261 -> 0.8026051238052609
0.714163517910196 -> 0.7141635179101961
0.927930589135813 -> 0.9279305891358131
0.721813161848258 -> 0.7218131618482579
0.4777870140667623 -> 0.47778701406676227
0.671961064368854 -> 0.6719610643688541
0.980366815846827 -> 0.9803668158468271
0.2054596188722735 -> 0.20545961887227349
0.3655695823626606 -> 0.36556958236266057
0.2205374170676382 -> 0.22053741706763819
0.911486154239946 -> 0.9114861542399459
0.2006204830403472 -> 0.20062048304034719
0.58368977450442 -> 0.5836897745044199
0.788287889208032 -> 0.7882878892080321
0.05889311410283549 -> 0.058893114102835487
0.280846995536256 -> 0.28084699553625603
0.687978349612758 -> 0.6879783496127579
0.801138774075353 -> 0.8011387740753531
0.0494998296036997 -> 0.049499829603699697
0.599306772971891 -> 0.5993067729718911
0.544539354023236 -> 0.5445393540232361
0.1499504705833168 -> 0.14995047058331679
0.2358261101937872 -> 0.23582611019378719
0.06213990101240063 -> 0.062139901012400633
0.989198549701718 -> 0.9891985497017181
0.1881769780828597 -> 0.18817697808285971
0.984905701068091 -> 0.9849057010680911
0.632647563360137 -> 0.6326475633601371
0.1723395730187781 -> 0.17233957301877811
0.567432498084184 -> 0.5674324980841839
0.1777135706041474 -> 0.17771357060414739
0.2054779243638475 -> 0.20547792436384749
0.05395387607479862 -> 0.053953876074798623
0.32203164229049 -> 0.32203164229048997
0.791473369059915 -> 0.7914733690599151
0.128672285401896 -> 0.12867228540189601
0.559146929007797 -> 0.5591469290077969
0.2884540108627138 -> 0.28845401086271383
0.751661027623792 -> 0.7516610276237921
0.674797913159703 -> 0.6747979131597029
0.3104550575882912 -> 0.31045505758829117
0.2250302953829003 -> 0.22503029538290031
0.626394937374326 -> 0.6263949373743261
0.545465598049167 -> 0.5454655980491671
0.633171190989332 -> 0.6331711909893319
0.866590669710743 -> 0.8665906697107429
0.1387913591172555 -> 0.13879135911725549
0.1118481121443008 -> 0.11184811214430079
0.523409441127552 -> 0.5234094411275521
0.622200830608791 -> 0.6222008306087909
0.2064811427836898 -> 0.20648114278368979
0.3330873744853661 -> 0.33308737448536607
0.4931794830867057 -> 0.49317948308670567
0.4787577221288494 -> 0.47875772212884937
0.808274777628954 -> 0.8082747776289541
0.804125352173996 -> 0.8041253521739961
0.4674173533421839 -> 0.46741735334218393
0.67758190272669 -> 0.6775819027266901
0.3346665213441469 -> 0.33466652134414687
0.629434462012119 -> 0.6294344620121189
0.756534019594509 -> 0.7565340195945091
0.898394276725968 -> 0.8983942767259681
0.66276086624642 -> 0.6627608662464201
0.873059800681734 -> 0.8730598006817341
0.1707083635719817 -> 0.17070836357198171
0.1012757034846321 -> 0.10127570348463211
0.539751314971259 -> 0.5397513149712591
0.05562600011577035 -> 0.055626000115770347
0.978864275978164 -> 0.9788642759781639
0.685936068204756 -> 0.6859360682047561
0.885277367853538 -> 0.8852773678535381
0.001539019975047906 -> 0.0015390199750479061
0.2487263519219267 -> 0.24872635192192671
0.4174825731757906 -> 0.41748257317579063
0.1360779341038897 -> 0.13607793410388969
0.1464572795998519 -> 0.14645727959985189
0.3009837313638348 -> 0.30098373136383483
0.4241109869933192 -> 0.42411098699331917
0.62426393219088 -> 0.6242639321908801
0.537976766916825 -> 0.5379767669168251
0.795633414029635 -> 0.7956334140296351
0.883656455679315 -> 0.8836564556793149
0.800632590019488 -> 0.8006325900194881
0.4536723483990798 -> 0.45367234839907977
0.893813958942344 -> 0.8938139589423439
0.618240784280152 -> 0.6182407842801519
0.686638343894379 -> 0.6866383438943791
0.884399701757626 -> 0.8843997017576259
0.95241354347835 -> 0.9524135434783501
0.3585222624221234 -> 0.35852226242212337
0.01440329333081214 -> 0.014403293330812139
0.1415998709694717 -> 0.14159987096947169
0.2572892666448581 -> 0.25728926664485807
0.2614845715955951 -> 0.26148457159559513
0.2266528288905756 -> 0.22665282889057559
0.1887456624371079 -> 0.18874566243710789
0.532349988560678 -> 0.5323499885606779
0.743481441464588 -> 0.7434814414645881
0.70141469653381 -> 0.7014146965338099
0.58352209230016 -> 0.5835220923001599
0.2759423579503891 -> 0.27594235795038913
0.1301927769032276 -> 0.13019277690322761
0.740717794655604 -> 0.7407177946556039
0.121375304178573 -> 0.12137530417857301
0.655268390305143 -> 0.6552683903051429
0.1816437914147533 -> 0.18164379141475329
0.05217786128630841 -> 0.052177861286308413
0.854745005798558 -> 0.8547450057985581
0.3849958682808374 -> 0.38499586828083743
0.1705920314568279 -> 0.17059203145682789
0.4027008354424573 -> 0.40270083544245727
0.166905944905702 -> 0.16690594490570199
0.2609913929131846 -> 0.26099139291318463
0.2969482730889971 -> 0.29694827308899707
0.1507116639348519 -> 0.15071166393485191
0.2208982019215706 -> 0.22089820192157061
0.2296835934535605 -> 0.22968359345356049
0.3320275875159098 -> 0.33202758751590977
0.620424170742573 -> 0.6204241707425729
0.215156561026821 -> 0.21515656102682101
0.0717753521807677 -> 0.07177535218076769
0.179186623130573 -> 0.17918662313057299
0.780475418567321 -> 0.7804754185673211
0.552198359813522 -> 0.5521983598135221
0.150092588101728 -> 0.15009258810172799
0.563815342330031 -> 0.5638153423300311
0.575786289029317 -> 0.5757862890293171
0.642295573474921 -> 0.6422955734749211
0.04291212538518396 -> 0.042912125385183963
0.4046122263561234 -> 0.40461222635612337
0.802733401361373 -> 0.8027334013613729
0.149431821280662 -> 0.14943182128066201
0.818367201763676 -> 0.8183672017636761
0.4006191711827293 -> 0.40061917118272927
0.04081291163919731 -> 0.040812911639197313
0.3996149245148439 -> 0.39961492451484393
0.0759091878342446 -> 0.07590918783424461
0.0369820603930241 -> 0.036982060393024097
0.730803406740201 -> 0.7308034067402009
0.4231412202348592 -> 0.42314122023485923
0.4303237249483228 -> 0.43032372494832283
0.616875987966299 -> 0.6168759879662991
0.450250094347141 -> 0.45025009434714103
0.04845716608884321 -> 0.048457166088843207
0.3868184333704138 -> 0.38681843337041377
0.1293199179351361 -> 0.12931991793513609
0.04610732967024311 -> 0.046107329670243113
0.63793703627949 -> 0.6379370362794901
0.954291580747126 -> 0.9542915807471259
0.615738648733617 -> 0.6157386487336169
0.2980997419928684 -> 0.29809974199286837
0.608502697784919 -> 0.6085026977849191
0.618539459535628 -> 0.6185394595356279
0.718115256696158 -> 0.7181152566961581
0.583158327216937 -> 0.5831583272169369
0.2134235473417362 -> 0.21342354734173619
0.2199995912271797 -> 0.21999959122717971
0.2054784929027169 -> 0.20547849290271691
0.720461744570078 -> 0.7204617445700781
0.3789627091347679 -> 0.37896270913476793
0.732790574110394 -> 0.7327905741103941
0.542277206076967 -> 0.5422772060769671
0.536960923714561 -> 0.5369609237145609
0.05425098063821698 -> 0.054250980638216983
0.006643062543661427 -> 0.0066430625436614266
0.589431924190223 -> 0.5894319241902231
0.72948105557963 -> 0.7294810555796299
0.624329846804416 -> 0.6243298468044161
0.1837552345214193 -> 0.18375523452141929
0.2767166038812994 -> 0.27671660388129937
0.918725098953524 -> 0.9187250989535241
0.2306937414128475 -> 0.23069374141284749
0.591953027921927 -> 0.5919530279219271
0.643849698586273 -> 0.6438496985862729
0.94737641857339 -> 0.9473764185733899
0.544544128474236 -> 0.5445441284742361
0.01493874638511583 -> 0.014938746385115831
0.3865334815820268 -> 0.38653348158202683
0.870163162910985 -> 0.8701631629109851
0.1782598867853704 -> 0.17825988678537041
0.01432623093908414 -> 0.014326230939084139
0.3092593016147758 -> 0.30925930161477577
0.2540972604874078 -> 0.25409726048740777
0.3594511695601946 -> 0.35945116956019463
0.985273178482793 -> 0.9852731784827931
0.4012910983968139 -> 0.40129109839681387
4.816027196635764E-4 -> 4.8160271966357637E-4
0.3019651176240363 -> 0.30196511762403633
0.2087673001790291 -> 0.20876730017902911
0.813802100632184 -> 0.8138021006321839
0.1499535590845784 -> 0.14995355908457841
0.1860526662564813 -> 0.18605266625648131
0.02019490078396813 -> 0.020194900783968128
0.2647525668755146 -> 0.26475256687551463
0.2445642149751346 -> 0.24456421497513459
0.1845152020660802 -> 0.18451520206608019
0.642269769970297 -> 0.6422697699702971
0.537012295454596 -> 0.5370122954545959
0.928961175142827 -> 0.9289611751428269
0.3688157028806269 -> 0.36881570288062693
0.04978738146624739 -> 0.049787381466247393
0.4582709993351263 -> 0.45827099933512627
0.554743843799615 -> 0.5547438437996151
0.1889197275022063 -> 0.18891972750220631
0.67087135235084 -> 0.6708713523508399
0.05138080316195082 -> 0.051380803161950817
0.818362347635261 -> 0.8183623476352609
0.0901632591306799 -> 0.09016325913067991
0.0969364360496121 -> 0.09693643604961211
0.533648974806679 -> 0.5336489748066791
0.1250829817409881 -> 0.12508298174098809
0.0944794308473711 -> 0.09447943084737109
0.236058391726524 -> 0.23605839172652399
0.173240028248538 -> 0.17324002824853801
0.3577540676413761 -> 0.35775406764137607
0.2003331959164769 -> 0.20033319591647691
0.0709364833455065 -> 0.07093648334550651
0.3709461631261948 -> 0.37094616312619477
0.561202616357591 -> 0.5612026163575911
0.4195151018394567 -> 0.41951510183945673
0.05690132881292553 -> 0.056901328812925533
0.2388909476263157 -> 0.23889094762631569
0.574646824730424 -> 0.5746468247304241
0.926994651822103 -> 0.9269946518221031
0.973953212818434 -> 0.9739532128184341
0.3770232071837262 -> 0.37702320718372617
0.570462665008101 -> 0.5704626650081011
0.59271792943328 -> 0.5927179294332801
0.4251828183295773 -> 0.42518281832957727
0.4105447261878373 -> 0.41054472618783733
0.572262801578239 -> 0.5722628015782391
0.807624073966764 -> 0.8076240739667639
0.588282377956933 -> 0.5882823779569329
0.2510318698972481 -> 0.25103186989724813
0.1767355209111552 -> 0.17673552091115519
0.3023333017023698 -> 0.30233330170236983
0.4884509821916381 -> 0.48845098219163807
0.4750759199591644 -> 0.47507591995916443
0.256839814043372 -> 0.25683981404337197
0.588959583890798 -> 0.5889595838907981
0.0785215073317359 -> 0.07852150733173591
0.77942617304431 -> 0.7794261730443099
0.2233935664363529 -> 0.22339356643635289
0.534577192566491 -> 0.5345771925664911
0.623102770085252 -> 0.6231027700852519
0.04934871138525165 -> 0.049348711385251653
0.4156513739761796 -> 0.41565137397617957
0.79673255046982 -> 0.7967325504698199
0.988816544712043 -> 0.9888165447120431
0.928479471655068 -> 0.9284794716550679
0.2735684511031444 -> 0.27356845110314443
0.515574655996692 -> 0.5155746559966921
0.818165052219958 -> 0.8181650522199579
0.907410053060069 -> 0.9074100530600691
0.1993364532533798 -> 0.19933645325337979
0.00250751013238637 -> 0.0025075101323863702
0.933797874291106 -> 0.9337978742911059
0.618202407218229 -> 0.6182024072182291
0.2978057937784441 -> 0.29780579377844407
0.61557343240265 -> 0.6155734324026499
0.713991675642001 -> 0.7139916756420009
0.913782616663323 -> 0.9137826166633231
0.3791994342640366 -> 0.37919943426403657
0.05306289882074244 -> 0.053062898820742443
0.706921653081584 -> 0.7069216530815839
0.896686682005641 -> 0.8966866820056409
0.4301024880584359 -> 0.43010248805843587
0.496149633127313 -> 0.49614963312731297
0.3361620627554954 -> 0.33616206275549543
0.4303731290481492 -> 0.43037312904814917
0.850066443174121 -> 0.8500664431741209
0.530298951374714 -> 0.5302989513747139
0.950325303212674 -> 0.9503253032126741
0.1906766336372442 -> 0.19067663363724419
0.884260743880319 -> 0.8842607438803189
0.3348288038050172 -> 0.33482880380501723
0.505070378692207 -> 0.5050703786922069
0.2539744005825397 -> 0.25397440058253973
0.613714637990528 -> 0.6137146379905279
0.3640950133327783 -> 0.36409501333277827
0.1807719720788835 -> 0.18077197207888351
0.655863115423234 -> 0.6558631154232341
0.533434121421898 -> 0.5334341214218981
0.3897459852865717 -> 0.38974598528657167
0.681243067983549 -> 0.6812430679835491
0.3409558264654102 -> 0.34095582646541023
0.724893259038283 -> 0.7248932590382831
0.05594856759160605 -> 0.055948567591606047
0.915583936308418 -> 0.9155839363084179
0.197292982456287 -> 0.19729298245628701
0.704539314066777 -> 0.7045393140667769
0.602412381121814 -> 0.6024123811218139
0.866727471009688 -> 0.8667274710096881
0.2011356741168807 -> 0.20113567411688071
0.4999131980010664 -> 0.49991319800106637
0.686499894510538 -> 0.6864998945105379
0.4055768858361605 -> 0.40557688583616047
0.641512148830439 -> 0.6415121488304391
0.893267891959658 -> 0.8932678919596579
0.4952196811335908 -> 0.49521968113359083
0.2305227991687646 -> 0.23052279916876461
0.698358578269135 -> 0.6983585782691351
0.674997828738576 -> 0.6749978287385759
0.833505189336815 -> 0.8335051893368149
0.978151537665852 -> 0.9781515376658519
0.988506140393902 -> 0.9885061403939021
0.781359548817326 -> 0.7813595488173261
0.01389797011214322 -> 0.013897970112143221
0.3744323634785027 -> 0.37443236347850273
0.543657984434816 -> 0.5436579844348161
0.2202027488342264 -> 0.22020274883422641
0.782162484857092 -> 0.7821624848570921
0.953112025605447 -> 0.9531120256054471
0.612733062860291 -> 0.6127330628602909
0.4558428683469469 -> 0.45584286834694687
0.4453171338207704 -> 0.44531713382077043
0.3780243592792564 -> 0.37802435927925637
0.889072316779076 -> 0.8890723167790761
0.988759085197429 -> 0.9887590851974291
0.923949409188422 -> 0.9239494091884221
0.1659688677196932 -> 0.16596886771969321
0.911405664185511 -> 0.9114056641855111
0.506292683856504 -> 0.5062926838565041
0.3927674472708719 -> 0.39276744727087187
0.03179652752846596 -> 0.031796527528465957
0.611922776010212 -> 0.6119227760102121
0.628487770084107 -> 0.6284877700841069
0.4552122973895322 -> 0.45521229738953217
0.877343657915094 -> 0.8773436579150941
0.690550874744915 -> 0.6905508747449151
0.980739503034811 -> 0.9807395030348111
0.639033148429552 -> 0.6390331484295519
0.2320273375201478 -> 0.23202733752014781
0.512766716889204 -> 0.5127667168892041
0.670836494425676 -> 0.6708364944256761
0.2349209014487149 -> 0.23492090144871491
0.503269837153485 -> 0.5032698371534849
0.975103487021935 -> 0.9751034870219349
0.858539602003003 -> 0.8585396020030031
0.91374436785398 -> 0.9137443678539801
0.70284061273838 -> 0.7028406127383801
0.73345909454232 -> 0.7334590945423199
0.59127364456282 -> 0.5912736445628201
0.03833582824843507 -> 0.038335828248435067
0.725943521198191 -> 0.7259435211981911
0.4811857736370104 -> 0.48118577363701043
0.506086084565534 -> 0.5060860845655339
0.432530403796863 -> 0.43253040379686303
0.3277039187670234 -> 0.32770391876702343
0.504273288270983 -> 0.5042732882709829
0.889856672746068 -> 0.8898566727460679
0.04219804028066532 -> 0.042198040280665317
0.1854579599252799 -> 0.18545795992527991
0.679757636458796 -> 0.6797576364587961
0.3740413150046141 -> 0.37404131500461413
0.0814418189775915 -> 0.08144181897759151
0.176768847362216 -> 0.17676884736221599
0.4347399071379974 -> 0.43473990713799737
0.557548723740454 -> 0.5575487237404541
0.675014234462397 -> 0.6750142344623969
0.883774570024979 -> 0.8837745700249789
0.601895543248192 -> 0.6018955432481921
0.4566443428397505 -> 0.45664434283975053
0.3685887858668285 -> 0.36858878586682853
0.508331493349857 -> 0.5083314933498571
0.1345037205434889 -> 0.13450372054348891
0.935877908477525 -> 0.9358779084775249
0.2905565739479887 -> 0.29055657394798873
0.341201308065087 -> 0.34120130806508697
0.2090898742739805 -> 0.20908987427398051
0.649250912667447 -> 0.6492509126674471
0.4957959199962024 -> 0.49579591999620243
0.3507940861803929 -> 0.35079408618039287
0.1089260609634446 -> 0.10892606096344459
0.069292370686858 -> 0.06929237068685801
0.1370479698130911 -> 0.13704796981309109
0.556364948751985 -> 0.5563649487519849
0.1527578347355215 -> 0.15275783473552151
0.3308557056664648 -> 0.33085570566646483
0.55884900389455 -> 0.5588490038945499
0.2928370816063324 -> 0.29283708160633237
0.2852227636654803 -> 0.28522276366548027
0.3009315342616736 -> 0.30093153426167363
0.04833515662702614 -> 0.048335156627026143
0.872400033768228 -> 0.8724000337682279
0.4388912172732298 -> 0.43889121727322977
0.984237347500657 -> 0.9842373475006569
0.659889099304867 -> 0.6598890993048671
0.9896647931309 -> 0.9896647931308999
0.541002960780052 -> 0.5410029607800519
0.04638504488084794 -> 0.046385044880847937
0.4741540198861319 -> 0.47415401988613193
0.00790303339148657 -> 0.007903033391486569
0.2372662145423413 -> 0.23726621454234131
0.97635827513015 -> 0.9763582751301501
0.0818627604226232 -> 0.08186276042262319
0.03763104059600186 -> 0.037631040596001863
0.984613961248267 -> 0.9846139612482669
0.2784678882096773 -> 0.27846788820967727
0.2202563641805486 -> 0.22025636418054861
0.328065545951609 -> 0.32806554595160897
0.2393166496092375 -> 0.23931664960923749
0.333950863421659 -> 0.33395086342165903
0.522462567959391 -> 0.5224625679593911
0.4491305563556309 -> 0.44913055635563093
0.1374956330322087 -> 0.13749563303220869
0.1612804319043286 -> 0.16128043190432861
0.976352150184779 -> 0.9763521501847791
0.603370857912989 -> 0.6033708579129889
0.03757532892720283 -> 0.037575328927202833
0.2195263929225061 -> 0.21952639292250609
0.3600374194967427 -> 0.36003741949674273
0.2372648790727898 -> 0.23726487907278981
0.790218211337053 -> 0.7902182113370529
0.989801983996279 -> 0.9898019839962789
0.565715160107991 -> 0.5657151601079911
0.743629502499563 -> 0.7436295024995631
0.4596346274027098 -> 0.45963462740270977
0.742607644979907 -> 0.7426076449799069
0.500921873467779 -> 0.5009218734677791
0.623178520444091 -> 0.6231785204440911
0.00848992224357381 -> 0.008489922243573811
0.722718015771111 -> 0.7227180157711111
0.578175904734682 -> 0.5781759047346819
0.2328764613207953 -> 0.23287646132079531
0.885318391331332 -> 0.8853183913313321
0.998551602315289 -> 0.9985516023152891
0.956413450168696 -> 0.9564134501686961
0.594651216243476 -> 0.5946512162434761
0.3901288427126475 -> 0.39012884271264747
0.930188623306272 -> 0.9301886233062721
0.908163384420621 -> 0.9081633844206209
0.919680559875588 -> 0.9196805598755881
0.889756099456603 -> 0.8897560994566029
0.006621311079744729 -> 0.0066213110797447294
0.834059334965429 -> 0.8340593349654289
0.2678145911892372 -> 0.26781459118923723
0.0797682695080335 -> 0.07976826950803351
0.03397177654759043 -> 0.033971776547590427
0.780845864553322 -> 0.7808458645533221
0.1852827542532791 -> 0.18528275425327911
0.0917066741687056 -> 0.09170667416870559
0.631455434221251 -> 0.6314554342212511
0.3662874390099152 -> 0.36628743900991523
0.83058325307552 -> 0.8305832530755199
1.205952775205077E-4 -> 1.2059527752050769E-4
0.1886124333376724 -> 0.18861243333767241
0.874372074056255 -> 0.8743720740562551
0.4819397580788711 -> 0.48193975807887113
0.592982325504745 -> 0.5929823255047449
0.690594061152978 -> 0.6905940611529779
0.877456410288666 -> 0.8774564102886661
0.54086661646452 -> 0.5408666164645199
0.3469573387734253 -> 0.34695733877342527
0.1448809406929603 -> 0.14488094069296031
0.2329963280930024 -> 0.23299632809300241
0.62337763992445 -> 0.6233776399244501
0.987327628047382 -> 0.9873276280473821
0.04321561809403884 -> 0.043215618094038843
0.888759240009731 -> 0.8887592400097311
0.2685461044499243 -> 0.26854610444992433
0.953109753365251 -> 0.9531097533652509
0.814545291619375 -> 0.8145452916193749
0.3256054160577668 -> 0.32560541605776683
0.939151921568323 -> 0.9391519215683229
0.2630883364533321 -> 0.26308833645333207
0.890030202392948 -> 0.8900302023929481
0.659559956485887 -> 0.6595599564858869
0.717773422020828 -> 0.7177734220208279
0.04124707197784638 -> 0.041247071977846383
0.4238530909619109 -> 0.42385309096191093
0.602377962378637 -> 0.6023779623786371
0.2774423276463929 -> 0.27744232764639287
0.1794955592741556 -> 0.17949555927415561
0.88747742408461 -> 0.8874774240846099
0.702961746325032 -> 0.7029617463250321
0.3667083210010256 -> 0.36670832100102557
0.766383609800596 -> 0.7663836098005961
0.587085484193481 -> 0.5870854841934811
0.4597214927159122 -> 0.45972149271591223
0.152473212226391 -> 0.15247321222639099
0.4508874581755902 -> 0.45088745817559017
0.349260356367218 -> 0.34926035636721797
0.587098623278067 -> 0.5870986232780671
0.56074815897725 -> 0.5607481589772501
0.62853716239495 -> 0.6285371623949501
0.160279033659549 -> 0.16027903365954899
0.3638090950206814 -> 0.36380909502068137
0.76002250956695 -> 0.7600225095669501
0.605888906543326 -> 0.6058889065433259
0.86779942337082 -> 0.8677994233708199
0.4664991458211247 -> 0.46649914582112473
0.3838791589572286 -> 0.38387915895722857
0.4114053545163531 -> 0.41140535451635307
0.2857695250774481 -> 0.28576952507744813
0.0913932186733123 -> 0.09139321867331229
0.668331052805407 -> 0.6683310528054071
0.832063179863822 -> 0.8320631798638219
0.865724305502586 -> 0.8657243055025859
0.654322597741056 -> 0.6543225977410559
0.729506106748603 -> 0.7295061067486029
0.2861490289204561 -> 0.28614902892045613
0.06071046246145562 -> 0.060710462461455617
0.2111654553989014 -> 0.21116545539890141
0.533187114553135 -> 0.5331871145531351
0.806302468439205 -> 0.8063024684392049
0.652859909440413 -> 0.6528599094404131
0.3203406348704049 -> 0.32034063487040487
0.804501623816195 -> 0.8045016238161951
0.933174308479018 -> 0.9331743084790181
0.753320113602232 -> 0.7533201136022321
0.943634713048842 -> 0.9436347130488421
0.0396859677082857 -> 0.039685967708285697
0.749831569962014 -> 0.7498315699620141
0.945784605092927 -> 0.9457846050929271
0.1738614543851318 -> 0.17386145438513179
0.927067333242448 -> 0.9270673332424481
0.913107674453633 -> 0.9131076744536329
0.696833229485535 -> 0.6968332294855351
0.1674891257896335 -> 0.16748912578963349
0.70093779636004 -> 0.7009377963600401
0.517956167916582 -> 0.5179561679165821
0.3753356562907951 -> 0.37533565629079513
0.4916137319046818 -> 0.49161373190468183
0.772399751561823 -> 0.7723997515618229
0.666437173133201 -> 0.6664371731332011
0.2301344086882363 -> 0.23013440868823631
0.4363549401666659 -> 0.43635494016666587
0.4679602847938443 -> 0.46796028479384433
0.832849815974884 -> 0.8328498159748839
0.4537221239434511 -> 0.45372212394345113
0.2552329401357534 -> 0.25523294013575337
0.803542963386567 -> 0.8035429633865671
0.740309957121633 -> 0.7403099571216331
0.709463059273787 -> 0.7094630592737869
0.662888704241616 -> 0.6628887042416159
0.579426372435837 -> 0.5794263724358369
0.705725344878604 -> 0.7057253448786041
0.1379213078779883 -> 0.13792130787798829
0.4440952619567963 -> 0.44409526195679627
0.3790350171348357 -> 0.37903501713483567
0.694960231968552 -> 0.6949602319685519
0.529076288248644 -> 0.5290762882486441
0.567436315560852 -> 0.5674363155608519
0.1124689748801233 -> 0.11246897488012331
0.1888224547032855 -> 0.18882245470328551
0.84366367785752 -> 0.8436636778575199
0.3474543009871012 -> 0.34745430098710117
0.0925933871778074 -> 0.09259338717780741
0.817559087856291 -> 0.8175590878562909
0.564269726789351 -> 0.5642697267893509
0.1328101440131534 -> 0.13281014401315339
0.884512405665627 -> 0.8845124056656271
0.2653401163803287 -> 0.26534011638032873
0.892029426766139 -> 0.8920294267661391
0.3147046748304482 -> 0.31470467483044817
0.2748697727766721 -> 0.27486977277667213
0.514149579801709 -> 0.5141495798017089
0.4990702711868302 -> 0.49907027118683023
0.1839573487933127 -> 0.18395734879331271
0.2661975674089401 -> 0.26619756740894007
0.72237939229775 -> 0.7223793922977499
0.518179741320206 -> 0.5181797413202061
0.3052280852035337 -> 0.30522808520353373
0.649869821940184 -> 0.6498698219401839
0.863177730954027 -> 0.8631777309540269
0.755599615989272 -> 0.7555996159892721
0.1581473668412091 -> 0.15814736684120911
0.2722836010894851 -> 0.27228360108948513
0.4404406938240433 -> 0.44044069382404327
0.198103434086513 -> 0.19810343408651299
0.641150598099752 -> 0.6411505980997519
0.0697967236238538 -> 0.06979672362385381
0.3003153204389232 -> 0.30031532043892317
0.2353332536833075 -> 0.23533325368330749
0.979366657360699 -> 0.9793666573606989
0.4234248504094206 -> 0.42342485040942057
0.40167090307278 -> 0.40167090307277997
0.898375419104883 -> 0.8983754191048831
0.1741245403455043 -> 0.17412454034550429
0.2409104628128622 -> 0.24091046281286221
0.06167567548328989 -> 0.061675675483289893
0.890130646205539 -> 0.8901306462055389
0.2965125388114562 -> 0.29651253881145623
0.1454015117268911 -> 0.14540151172689109
0.207750792724385 -> 0.20775079272438501
0.1614609832903907 -> 0.16146098329039071
0.747064209063314 -> 0.7470642090633141
0.745066086691412 -> 0.7450660866914121
0.765259086524053 -> 0.7652590865240529
0.4435289388905648 -> 0.44352893889056477
0.316142484753031 -> 0.31614248475303097
0.710378428426858 -> 0.7103784284268581
0.868254655294805 -> 0.8682546552948049
0.466997611701748 -> 0.46699761170174803
0.955884253579873 -> 0.9558842535798729
0.2481408308209926 -> 0.24814083082099259
0.0146965896459067 -> 0.014696589645906699
0.814491113373289 -> 0.8144911133732891
0.2446047561947957 -> 0.24460475619479571
0.005614386387476467 -> 0.0056143863874764666
0.2707833331013694 -> 0.27078333310136937
0.005443548751425054 -> 0.0054435487514250536
0.788283376384251 -> 0.7882833763842511
0.3463374365413944 -> 0.34633743654139437
0.03464141231514151 -> 0.034641412315141507
0.3594027407517493 -> 0.35940274075174927
0.853350876421963 -> 0.8533508764219629
0.1455805508242244 -> 0.14558055082422439
0.769136218430231 -> 0.7691362184302309
0.626905718989965 -> 0.6269057189899651
0.806531077973554 -> 0.8065310779735539
0.2526216670219186 -> 0.25262166702191857
0.4705749606291664 -> 0.47057496062916637
0.2326584347531475 -> 0.23265843475314751
0.986219824421739 -> 0.9862198244217391
0.863049886424543 -> 0.8630498864245429
0.663741163650513 -> 0.6637411636505131
0.3738424849521019 -> 0.37384248495210193
0.82123727524897 -> 0.8212372752489699
0.0325714044193216 -> 0.032571404419321603
0.532343060037547 -> 0.5323430600375469
0.0661399067232099 -> 0.06613990672320991
0.962292426949863 -> 0.9622924269498629
0.739660834801875 -> 0.7396608348018749
0.04734139724340913 -> 0.047341397243409133
0.2568672293540675 -> 0.25686722935406747
0.2605577007468938 -> 0.26055770074689377
0.1983513711353838 -> 0.19835137113538381
0.712030152499669 -> 0.7120301524996689
0.804667386036581 -> 0.8046673860365809
0.2423219517997348 -> 0.24232195179973481
0.4052931251773568 -> 0.40529312517735683
0.990652177179075 -> 0.9906521771790751
0.2474151130226626 -> 0.24741511302266261
0.544884136920119 -> 0.5448841369201191
0.82444090520801 -> 0.8244409052080101
0.2748938728254329 -> 0.27489387282543287
0.645215806295868 -> 0.6452158062958681
0.1325937477821061 -> 0.13259374778210609
0.852103659421727 -> 0.8521036594217271
0.562618550975234 -> 0.5626185509752341
0.612810707633412 -> 0.6128107076334121
0.06093417408263491 -> 0.060934174082634907
0.3488176657097041 -> 0.34881766570970407
0.1414470203102106 -> 0.14144702031021061
0.3496379508497999 -> 0.34963795084979987
0.2059278699652103 -> 0.20592786996521029
0.4454326429578572 -> 0.44543264295785723
0.674978745342733 -> 0.6749787453427331
0.01052036023805314 -> 0.010520360238053139
0.54489569456268 -> 0.5448956945626801
0.652514818103965 -> 0.6525148181039651
0.1389618297138593 -> 0.13896182971385929
0.503496529976662 -> 0.5034965299766621
0.726713954919951 -> 0.7267139549199511
0.781300850034993 -> 0.7813008500349931
0.4596306334880986 -> 0.45963063348809863
0.2301514684483459 -> 0.23015146844834589
0.0782735909094655 -> 0.07827359090946551
0.4026370227723646 -> 0.40263702277236457
0.4453216831255635 -> 0.44532168312556353
0.3104001314300531 -> 0.31040013143005307
0.0995057085610681 -> 0.09950570856106811
0.535953413137154 -> 0.5359534131371539
0.73000476840056 -> 0.7300047684005599
0.2814912593970679 -> 0.28149125939706787
0.950415757763516 -> 0.9504157577635159
0.3751672913444071 -> 0.37516729134440707
0.4003470234101211 -> 0.40034702341012107
0.4740785644019542 -> 0.47407856440195417
0.2835186367690192 -> 0.28351863676901923
0.97697980747648 -> 0.9769798074764801
0.3817424948705401 -> 0.38174249487054013
0.4397101687430576 -> 0.43971016874305757
0.2088339696631588 -> 0.20883396966315881
0.4221014059949941 -> 0.42210140599499413
0.682467800487151 -> 0.6824678004871511
0.03923976465136381 -> 0.039239764651363807
0.772588048343889 -> 0.7725880483438889
0.279976523372128 -> 0.27997652337212797
0.692656303526827 -> 0.6926563035268271
0.981441211745886 -> 0.9814412117458861
0.774408596284827 -> 0.7744085962848271
0.510191207411476 -> 0.5101912074114761
0.678779362060767 -> 0.6787793620607671
0.555475334343909 -> 0.5554753343439091
0.3789425298172098 -> 0.37894252981720977
0.03102681706947308 -> 0.031026817069473078
0.866204596792365 -> 0.8662045967923649
0.314172201628344 -> 0.31417220162834403
0.0692278874781369 -> 0.06922788747813691
0.801404681994974 -> 0.8014046819949741
0.4009016933973579 -> 0.40090169339735793
0.699583687317406 -> 0.6995836873174061
0.1392052605895472 -> 0.13920526058954719
0.967869616442739 -> 0.9678696164427389
0.831459706652455 -> 0.8314597066524551
0.830022898052933 -> 0.8300228980529329
0.2514346540494449 -> 0.25143465404944487
0.2662684856503649 -> 0.26626848565036487
0.1167742418041312 -> 0.11677424180413121
0.2506367545290831 -> 0.25063675452908307
0.4263202398126337 -> 0.42632023981263367
0.648285067408575 -> 0.6482850674085751
0.4958128611962693 -> 0.49581286119626933
0.1226737487966525 -> 0.12267374879665249
0.931284710161356 -> 0.9312847101613561
0.896981704521918 -> 0.8969817045219181
0.65034447336383 -> 0.6503444733638299
0.636571575468521 -> 0.6365715754685209
0.618423926744537 -> 0.6184239267445369
0.4214845495205157 -> 0.42148454952051573
0.1042463376678383 -> 0.10424633766783831
0.65872365618084 -> 0.6587236561808399
0.944860215394212 -> 0.9448602153942121
0.552265013494668 -> 0.5522650134946679
0.2540116192622697 -> 0.25401161926226967
0.2271219028983852 -> 0.22712190289838519
0.892950967765824 -> 0.8929509677658241
0.03892377662901347 -> 0.038923776629013473
0.865022891783295 -> 0.8650228917832949
0.4957435380847591 -> 0.49574353808475913
0.3863204628030317 -> 0.38632046280303167
0.05773720970418195 -> 0.057737209704181947
0.4871121876030928 -> 0.48711218760309283
0.768627864067499 -> 0.7686278640674989
0.786322644740096 -> 0.7863226447400961
0.2055680652919918 -> 0.20556806529199179
0.946474105267818 -> 0.9464741052678181
0.1677277861858988 -> 0.16772778618589879
0.3954457556473919 -> 0.39544575564739193
0.3425019481549125 -> 0.34250194815491253
0.777527526877066 -> 0.7775275268770661
0.1011985561269323 -> 0.10119855612693229
0.93199357214438 -> 0.9319935721443799
0.665346476357007 -> 0.6653464763570071
0.518858592927605 -> 0.5188585929276049
0.654267283298892 -> 0.6542672832988921
0.2965720151575649 -> 0.29657201515756493
0.2514425870285594 -> 0.25144258702855937
0.765396077830026 -> 0.7653960778300259
0.857806379542635 -> 0.8578063795426349
0.776249917085232 -> 0.7762499170852321
0.53922861712997 -> 0.5392286171299699
0.60736580814933 -> 0.6073658081493301
0.1743682611703503 -> 0.17436826117035031
0.1503867071928464 -> 0.15038670719284641
0.898737947572606 -> 0.8987379475726061
0.59889321760177 -> 0.5988932176017699
0.600159955885259 -> 0.6001599558852591
0.990532539043603 -> 0.9905325390436031
0.3220034296971859 -> 0.32200342969718587
0.572983978051747 -> 0.5729839780517469
0.902349467182817 -> 0.9023494671828171
0.965955578406061 -> 0.9659555784060611
0.970967741301136 -> 0.9709677413011359
0.744985528388384 -> 0.7449855283883841
0.728558648597253 -> 0.7285586485972529
0.557811154624757 -> 0.5578111546247571
0.0963887628246115 -> 0.09638876282461151
0.97042877806333 -> 0.9704287780633301
0.3122889395117667 -> 0.31228893951176673
0.707354505662458 -> 0.7073545056624581
0.01185539344999642 -> 0.011855393449996421
0.04992403714313998 -> 0.049924037143139977
0.297646983482902 -> 0.29764698348290197
0.2288412542525846 -> 0.22884125425258461
0.2380714364996699 -> 0.23807143649966989
0.533901478314528 -> 0.5339014783145281
0.961112161883173 -> 0.9611121618831731
0.552647150201449 -> 0.5526471502014489
0.3035201826707076 -> 0.30352018267070757
0.1450081514283834 -> 0.14500815142838341
0.891741901701188 -> 0.8917419017011879
0.638441095977827 -> 0.6384410959778269
0.4560071348267489 -> 0.45600713482674893
0.005475204633290653 -> 0.0054752046332906534
0.1715559903559951 -> 0.17155599035599511
0.645780035987153 -> 0.6457800359871529
0.25412605309729 -> 0.25412605309728997
0.698556866314683 -> 0.6985568663146829
0.515800152359496 -> 0.5158001523594959
0.6780821637535 -> 0.6780821637534999
0.0377316938313953 -> 0.037731693831395297
0.629601377039609 -> 0.6296013770396089
0.3285143709531195 -> 0.32851437095311953
0.05997623986750256 -> 0.059976239867502557
0.682581243164675 -> 0.6825812431646749
0.3294850706563692 -> 0.32948507065636923
0.0909539457721441 -> 0.09095394577214411
0.4114979943937703 -> 0.41149799439377033
0.03211237202539741 -> 0.032112372025397407
0.870529921676995 -> 0.8705299216769951
0.83596847476135 -> 0.8359684747613501
0.649101003978169 -> 0.6491010039781691
0.679557588508304 -> 0.6795575885083039
0.2904786235094238 -> 0.29047862350942377
0.622672534950307 -> 0.6226725349503071
0.1302743287015279 -> 0.13027432870152789
0.1922959667058146 -> 0.19229596670581461
0.003367589953683914 -> 0.0033675899536839138
0.4838205963173349 -> 0.48382059631733487
0.575375297089533 -> 0.5753752970895331
0.4391759119319881 -> 0.43917591193198813
0.01648708658178266 -> 0.016487086581782662
0.309846296293008 -> 0.30984629629300797
0.579751558816126 -> 0.5797515588161259
0.1725297458350704 -> 0.17252974583507041
0.1461408934473616 -> 0.14614089344736159
0.733882683742135 -> 0.7338826837421349
0.949949658304514 -> 0.9499496583045141
0.823263142635486 -> 0.8232631426354859
0.803138036829182 -> 0.8031380368291819
0.1715502533022948 -> 0.17155025330229479
0.522805462615409 -> 0.5228054626154089
0.02534952769017851 -> 0.025349527690178508
0.82671761111448 -> 0.8267176111144801
0.899092805055624 -> 0.8990928050556239
0.71048069466239 -> 0.7104806946623901
0.1939181236691533 -> 0.19391812366915329
0.1455445370234454 -> 0.14554453702344539
0.689322236668166 -> 0.6893222366681661
0.835112510361881 -> 0.8351125103618811
0.628479854640072 -> 0.6284798546400721
0.807845476731682 -> 0.8078454767316821
0.2257885926711065 -> 0.22578859267110651
0.2089942614840926 -> 0.20899426148409261
0.994440404811126 -> 0.9944404048111261
0.0830411394221321 -> 0.08304113942213209
0.3047327350250916 -> 0.30473273502509157
0.586221406566448 -> 0.5862214065664479
0.4868593864343638 -> 0.48685938643436377
0.2948449933880328 -> 0.29484499338803283
0.898729372316107 -> 0.8987293723161069
0.2275439543303618 -> 0.22754395433036179
0.781286577545589 -> 0.7812865775455889
0.01429161107857957 -> 0.014291611078579569
0.785123527365509 -> 0.7851235273655091
0.873159541521005 -> 0.8731595415210049
0.950897399517247 -> 0.9508973995172471
0.666618442932916 -> 0.6666184429329161
0.157827109927709 -> 0.15782710992770899
0.3451179288368664 -> 0.34511792883686643
0.642998309517888 -> 0.6429983095178879
0.601035968794636 -> 0.6010359687946361
0.684134472644573 -> 0.6841344726445731
0.63679854619199 -> 0.6367985461919899
0.4946431742659608 -> 0.49464317426596083
0.279505038745994 -> 0.27950503874599397
0.1728221217907321 -> 0.17282212179073209
0.241511513856717 -> 0.24151151385671699
0.547144095867308 -> 0.5471440958673079
0.586881045692143 -> 0.5868810456921431
0.617556299316877 -> 0.6175562993168771
0.1202225277781429 -> 0.12022252777814291
0.3222453906921042 -> 0.32224539069210423
0.226223166138126 -> 0.22622316613812599
0.0757603208133052 -> 0.07576032081330519
0.1969938072566393 -> 0.19699380725663929
0.575160774693873 -> 0.5751607746938729
0.1281636845327878 -> 0.12816368453278781
0.921571635935514 -> 0.9215716359355141
0.522019848346505 -> 0.5220198483465051
0.689039323302369 -> 0.6890393233023689
0.620916060988356 -> 0.6209160609883559
0.01956775910801767 -> 0.019567759108017668
0.943979038179731 -> 0.9439790381797309
0.06147712861444787 -> 0.061477128614447873
0.674394330942581 -> 0.6743943309425811
0.1703953027467595 -> 0.17039530274675951
0.2066934410862694 -> 0.20669344108626941
0.470448270279163 -> 0.47044827027916303
0.4301910035161223 -> 0.43019100351612227
0.506313894486006 -> 0.5063138944860061
0.04014108486806078 -> 0.040141084868060783
0.658029804778895 -> 0.6580298047788951
0.614460010275724 -> 0.6144600102757239
0.546123107878767 -> 0.5461231078787669
0.3364029030739005 -> 0.33640290307390053
0.816179034194982 -> 0.8161790341949819
0.3659463548003625 -> 0.36594635480036253
0.831423471927836 -> 0.8314234719278361
0.01862123172885022 -> 0.018621231728850218
0.2539274660014397 -> 0.25392746600143967
0.2172776494789148 -> 0.21727764947891481
0.05315005201269574 -> 0.053150052012695737
0.692161475643641 -> 0.6921614756436411
0.1677912177107065 -> 0.16779121771070649
0.3252365107685182 -> 0.32523651076851823
0.95168367672602 -> 0.9516836767260199
0.623218862939036 -> 0.6232188629390359
0.1429453031401655 -> 0.14294530314016551
0.05669592147913061 -> 0.056695921479130607
0.583285220968981 -> 0.5832852209689811
0.747575928896621 -> 0.7475759288966209
0.3892663815821161 -> 0.38926638158211613
0.794640968453523 -> 0.7946409684535229
0.3253341000386685 -> 0.32533410003866847
0.182589360952068 -> 0.18258936095206801
0.4842594835702764 -> 0.48425948357027637
0.584186684529236 -> 0.5841866845292361
0.07630773638597 -> 0.07630773638596999
0.3040326944106925 -> 0.30403269441069247
0.597980110934969 -> 0.5979801109349689
0.01759374257993007 -> 0.017593742579930072
0.3488741542000591 -> 0.34887415420005907
0.399214712616938 -> 0.39921471261693797
0.773440897663283 -> 0.7734408976632829
0.4124595823670201 -> 0.41245958236702007
0.913389082496117 -> 0.9133890824961171
0.672371265460389 -> 0.6723712654603889
0.579738218578775 -> 0.5797382185787751
0.02278441866734837 -> 0.022784418667348372
0.05486756051053698 -> 0.054867560510536983
0.4134399412257799 -> 0.41343994122577987
0.556634642363457 -> 0.5566346423634571
0.511474651741677 -> 0.5114746517416771
0.4116434885075895 -> 0.41164348850758947
0.2752459400524708 -> 0.27524594005247083
0.676773734239767 -> 0.6767737342397671
0.1528761741935558 -> 0.15287617419355581
0.1882582701677913 -> 0.18825827016779129
0.541392074721534 -> 0.5413920747215339
0.684885007982936 -> 0.6848850079829359
0.861736345421867 -> 0.8617363454218669
0.1137979166953259 -> 0.11379791669532591
0.880506723316619 -> 0.8805067233166191
0.847821045404272 -> 0.8478210454042719
0.600743709862746 -> 0.6007437098627459
0.4601913369925065 -> 0.46019133699250647
0.05210625266334468 -> 0.052106252663344677
0.75630352059389 -> 0.7563035205938901
0.650064491908455 -> 0.6500644919084551
0.03360309588041566 -> 0.033603095880415657
0.737467396814734 -> 0.7374673968147341
0.949027602183454 -> 0.9490276021834541
0.1033516775647687 -> 0.10335167756476871
0.600674609505293 -> 0.6006746095052929
0.03855122203877814 -> 0.038551222038778143
0.709364150924435 -> 0.7093641509244351
0.963825686942616 -> 0.9638256869426159
0.767457356819851 -> 0.7674573568198511
0.585226905887199 -> 0.5852269058871989
0.501680531642339 -> 0.5016805316423389
0.3048781791754476 -> 0.30487817917544757
0.2491826322588684 -> 0.24918263225886839
0.0886812756998464 -> 0.08868127569984641
0.06215696243848556 -> 0.062156962438485563
0.523469572077292 -> 0.5234695720772919
0.54283937689417 -> 0.5428393768941699
0.69135134219944 -> 0.6913513421994401
0.2076107760953705 -> 0.20761077609537049
0.03768975461044222 -> 0.037689754610442217
0.929327221160896 -> 0.9293272211608961
0.77748758467661 -> 0.7774875846766101
0.622401718890013 -> 0.6224017188900129
0.05693014924002349 -> 0.056930149240023487
0.01204554428756588 -> 0.012045544287565879
0.1834048781377665 -> 0.18340487813776651
0.2135187272514424 -> 0.21351872725144239
0.1958460742753 -> 0.19584607427529999
0.915112785540453 -> 0.9151127855404531
0.568176212248307 -> 0.5681762122483071
0.1426302082727018 -> 0.14263020827270179
diff type $, left class java.util.Collections$SingletonMap, right class java.util.Collections$EmptyMap
diff map size $, left 1, right 0, com.alibaba.fastjson2.JSONObject
diff collection size $, left 1, right 0
diff collection size $, left 0, right 1
diff value $, left abc, right aac
diff type $.a, right is null, left class class java.lang.String
diff map $, java.util.Collections$SingletonMap
diff value $, left 1, right 2
diff value $.id, left 1, right 2
diff object $, class null
diff value $.value, left a, right b
diff object $, class null
diff value $.value, left ab, right b
diff object $, class null
diff value $.value, left ab, right ac
diff object $, class null
diff type $.value, right is null, left class class java.lang.String
diff object $, class null
diff type $.value, left is null, right class class java.lang.String
diff object $, class null
diff compare $, class jrt:/java.base/java/lang/String.class
diff array compare $, class null
diff sortedMap compare map $, class jrt:/java.base/java/util/LinkedHashMap.class
diff compare $, class null
d00000c00004e
78
12
13
{1},
{10},
{100},
{1000},
{10000},
{100000},
{1000000},
{10000000},
{100000000},
{1000000000},
{2, 1410065408},
{23, 1215752192},
{232, -727379968},
{2328, 1316134912},
{23283, 276447232},
{232830, -1530494976},
{2328306, 1874919424},
{23283064, 1569325056},
{232830643, -1486618624},
{-1966660860, -1981284352},
{5, 1808227885, 1661992960},
{54, 902409669, -559939584},
{542, 434162106, -1304428544},
{5421, 46653770, -159383552},
{54210, 466537709, -1593835520},
{542101, 370409800, 1241513984},
{5421010, -590869294, -469762048},
{54210108, -1613725636, -402653184},
{542101086, 1042612833, 268435456},
{1, 1126043566, 1836193738, -1610612736},
{12, -1624466224, 1182068202, 1073741824},
{126, 935206946, -1064219866, -2147483648},
{1262, 762134875, -2052264063, 0},
{12621, -968585837, 952195850, 0},
{126217, -1095923776, 932023908, 0},
{1262177, 1925664130, 730304488, 0},
{12621774, 2076772117, -1286889712, 0},
{126217744, -707115303, 16004768, 0},
{1262177448, 1518781562, 160047680, 0},
{2, -263127405, -1992053564, 1600476800, 0},
{29, 1663693251, 1554300843, -1175101184, 0},
{293, -542936671, -1636860747, 1133890048, 0},
{2938, -1134399408, 811261716, -1546001408, 0},
{29387, 1540907809, -477317426, 1719855104, 0},
{293873, -1770791086, -478206960, 18681856, 0},
{2938735, -528041668, -487102304, 186818560, 0},
{29387358, -985449376, -576055744, 1868185600, 0},
{293873587, -1264559160, -1465590140, 1501986816, 0},
{-1356231419, 239310294, -1770999509, 2134966272, 0},
{6, -677412302, -1901864351, -530125902, -125173760, 0},
{68, 1815811577, -1838774318, -1006291715, -1251737600, 0},
{684, 978246591, -1207873989, -1472982551, 367525888, 0},
{6842, 1192531325, 806162004, -1844923622, -619708416, 0},
{68422, -959588637, -528314547, -1269367028, -1902116864, 0},
{684227, -1005951770, -988178167, 191231613, -1841299456, 0},
{6842277, -1469583101, -1291847078, 1912316135, -1233125376, 0},
{68422776, -1810929116, -33568888, 1943292173, 553648128, 0},
{684227765, -929421967, -335688876, -2041914749, 1241513984, 0},
{1, -1747656935, -704285069, 938078541, 1055688992, -469762048, 0},
{15, -296700158, 1547083904, 790850820, 1966955336, -402653184, 0},
{159, 1327965719, -1709030143, -681426388, -1805283111, 268435456, 0},
{1593, 394755308, 89567762, 1775670717, -872961926, -1610612736, 0},
{15930, -347414216, 895677624, 576837993, -139684662, 1073741824, 0},
{159309, 820825138, 366841649, 1473412643, -1396846618, -2147483648, 0},
{
	"@type":"com.google.common.collect.SingletonImmutableBiMap",
	"k1":1
}
{
	"@type":"com.google.common.collect.SingletonImmutableBiMap",
	"k1":1
}
0xF 1111
0xF0 11110000
0x601100000

0	48	110000	3	0	18	0	0
1	49	110001	3	1	18	0	1
2	50	110010	3	2	18	0	2
3	51	110011	3	3	18	0	3
4	52	110100	3	4	18	0	4
5	53	110101	3	5	18	0	5
6	54	110110	3	6	18	0	6
7	55	110111	3	7	18	0	7
8	56	111000	3	8	18	0	8
9	57	111001	3	9	18	0	9
a	97	1100001	6	1	30	a	b
b	98	1100010	6	2	30	a	c
c	99	1100011	6	3	30	a	d
d	100	1100100	6	4	30	a	e
e	101	1100101	6	5	30	a	f
f	102	1100110	6	6	30	a	10
A	65	1000001	4	1	20	a	b
B	66	1000010	4	2	20	a	c
C	67	1000011	4	3	20	a	d
D	68	1000100	4	4	20	a	e
E	69	1000101	4	5	20	a	f
F	70	1000110	4	6	20	a	10
0xF 1111
0xF0 11110000
0x601100000

0 110000 & 11110000 = 110000
1 110001 & 11110000 = 110000
2 110010 & 11110000 = 110000
3 110011 & 11110000 = 110000
4 110100 & 11110000 = 110000
5 110101 & 11110000 = 110000
6 110110 & 11110000 = 110000
7 110111 & 11110000 = 110000
8 111000 & 11110000 = 110000
9 111001 & 11110000 = 110000

0 ((110000) & 1111 + 1100000) & 11110000 = 1100000
1 ((110001) & 1111 + 1100000) & 11110000 = 1100000
2 ((110010) & 1111 + 1100000) & 11110000 = 1100000
3 ((110011) & 1111 + 1100000) & 11110000 = 1100000
4 ((110100) & 1111 + 1100000) & 11110000 = 1100000
5 ((110101) & 1111 + 1100000) & 11110000 = 1100000
6 ((110110) & 1111 + 1100000) & 11110000 = 1100000
7 ((110111) & 1111 + 1100000) & 11110000 = 1100000
8 ((111000) & 1111 + 1100000) & 11110000 = 1100000
9 ((111001) & 1111 + 1100000) & 11110000 = 1100000
0.036132812 -> 0.036132813
0.051757812 -> 0.051757813
{"id":1001,"org":{"id":2001}}
{
	"@type":"java.nio.HeapByteBuffer",
	"@value":[
		1,
		2,
		3
	]
}
{
	"v0000":100.0
}
{
	"v0000":100
}
{
	"id":100
}
{
	"v0000":100
}
{
	"v0000":1234567890
}
{
	"id":"7e279b51-f205-4ee6-926b-5ea063dfb42a"
}
{
	"id":100
}
{
	"v0000":100.0
}
{
	"v0000":100
}
{
	"v0000":1234567890
}
{
	"@type":"com.alibaba.fastjson2.issues_1600.Issue1624$Bean1#0",
	"@value":{
		"id":123
	}
}
[34,0,0,0,0,0,0,0,0,0,0,0,16]
{
	"@type":"com.alibaba.fastjson2_vo.Int1#0",
	"@value":{}
}
{}
17
{
	"id":"01234567890ABCDE01234567890ABCDE01234567890ABCDE01234567890ABCDE01234567890ABCDE",
	"v0":1,
	"v1":{},
	"v2":{},
	"v3":[
		1,
		2,
		3,
		4,
		5,
		6,
		7,
		8,
		9,
		0,
		1,
		2,
		3,
		4,
		5,
		6,
		7,
		8,
		9,
		0,
		"A",
		"B",
		"C",
		"D",
		"E",
		"F"
	]
}
[
	{
		"n234#0":13
	},
	{
		"#0":14
	},
	{
		"#0":15
	}
]
{
	"#-1":1,
	"#-2":"DataWorks"
}
jsonb size : 131
{"id":123456789,"v0":"123","v1":123456789012345678,"v2":123456789012345678901234567890,"v3":123.45,"v4":1230000.0,"v5":"abcdefg","v7":"null","v8":true,"v9":false,"v10":{"val":123},"v11":{},"v12":[1234],"v13":[12.34],"v14":[null]}
jsonb size : 131
{"id":123456789,"v0":"123","v1":123456789012345678,"v2":123456789012345678901234567890,"v3":123.45,"v4":1230000.0,"v5":"abcdefg","v7":"null","v8":true,"v9":false,"v10":{"val":123},"v11":{},"v12":[1234],"v13":[12.34],"v14":[null]}
jsonb size : 131
{"id":123456789,"v0":"123","v1":123456789012345678,"v2":123456789012345678901234567890,"v3":123.45,"v4":1230000.0,"v5":"abcdefg","v7":"null","v8":true,"v9":false,"v10":{"val":123},"v11":{},"v12":[1234],"v13":[12.34],"v14":[null]}
jsonb size : 131
{"id":123456789,"v0":"123","v1":123456789012345678,"v2":123456789012345678901234567890,"v3":123.45,"v4":1230000.0,"v5":"abcdefg","v7":"null","v8":true,"v9":false,"v10":{"val":123},"v11":{},"v12":[1234],"v13":[12.34],"v14":[null]}
jsonb size : 131
{"id":123456789,"v0":"123","v1":123456789012345678,"v2":123456789012345678901234567890,"v3":123.45,"v4":1230000.0,"v5":"abcdefg","v7":"null","v8":true,"v9":false,"v10":{"val":123},"v11":{},"v12":[1234],"v13":[12.34],"v14":[null]}
jsonb size : 131
{"id":123456789,"v0":"123","v1":123456789012345678,"v2":123456789012345678901234567890,"v3":123.45,"v4":1230000.0,"v5":"abcdefg","v7":"null","v8":true,"v9":false,"v10":{"val":123},"v11":{},"v12":[1234],"v13":[12.34],"v14":[null]}
jsonb size : 131
{"id":123456789,"v0":"123","v1":123456789012345678,"v2":123456789012345678901234567890,"v3":123.45,"v4":1230000.0,"v5":"abcdefg","v7":"null","v8":true,"v9":false,"v10":{"val":123},"v11":{},"v12":[1234],"v13":[12.34],"v14":[null]}
jsonb size : 131
{"id":123456789,"v0":"123","v1":123456789012345678,"v2":123456789012345678901234567890,"v3":123.45,"v4":1230000.0,"v5":"abcdefg","v7":"null","v8":true,"v9":false,"v10":{"val":123},"v11":{},"v12":[1234],"v13":[12.34],"v14":[null]}
{"value":["a","b","c"]}
{"value":["a","b","c"]}
{"value":["a","b","c"]}
{"value":["a","b","c"]}
{"value":["a","b","c"]}
{"value":["a","b","c"]}
{"value":["a","b","c"]}
{"value":["a","b","c"]}
{"value":["a","b","c"]}
{"value":["a","b","c"]}
{
	"value":"http://a.b.com"
}
{}
{
	"id":101,
	"name":"true",
	"type":"false"
}
"name"
"true"
"0"
"1"
"false"
{"id":"\"'\\\r\n\f\b\t中国😀😉®"}
{"id":"\"'\\\r\n\f\b\t中国😀😉®"}
{
	"value":-9223372036854775808
}
{
	"value":-2147483648
}
{
	"value":32767
}
{
	"value":8388607
}
{
	"value":0
}
{}
{
	"value":0
}
{
	"value":32767
}
{
	"value":8388607
}
{
	"value":2147483647
}
{
	"value":9223372036854775807
}
{
	"value":12345678901234567890123456789012345678901234567890123456789012345678901234567890
}
{
	"value":10
}
Sun Jan 01 08:00:00 CST 1899
Sun Jan 01 08:00:00 CST 1899
{
	"id":[
		-114,
		81,
		-44,
		102,
		-121,
		72,
		68,
		-124,
		-111,
		-90,
		-25,
		15,
		32,
		62,
		-77,
		111
	]
}
{}
{
	"v0000":[1]
}
{
	"v0000":[1]
}
{"v0000":0,"v0001":1,"v0002":2,"v0003":3,"v0004":4,"v0005":5,"v0006":6,"v0007":7,"v0008":8,"v0009":9}
{"v0000":0,"v0001":-1,"v0002":-2,"v0003":-3,"v0004":-4,"v0005":-5,"v0006":-6,"v0007":-7,"v0008":-8,"v0009":-9}
Serialized JSON with context feature: {"booleanField":false,"otherField":""}
{"checkSqlInjection":false,"expression":{"cacheSqlSegment":false,"groupBy":[{}],"having":[{}],"normal":[{},"EQ",{},"AND",{},"NE",{},"AND",{},"IN",{}],"orderBy":[{}],"sqlSegment":""},"lastSql":{"stringValue":""},"paramNameSeq":0,"paramNameValuePairs":{},"sqlComment":{"stringValue":""},"sqlFirst":{"stringValue":""},"sqlSelect":{"stringValue":"*"},"typedThis":{"$ref":".."}}
A
A
[{"a":"1","a2":"1"},{"a":"2","a2":"2"}]
{"@type":"com.alibaba.fastjson2.issues_2500.Issue2583$Bean","enumMap":{"@type":"java.util.EnumMap"}}
{
	"date":"2023-03-26T10:25:19Z"
}
{"configs":{"FROM":[{"defaultFromId":"birtney"}]}}
1036864783
[{"ActionType":2,"AlgInfo":"","AuthorName":"瓜不瓜","AuthorTags":["日常文"],"BookId":1036864783,"BookIntro":"陆离凭借自己的努力和系统的帮助走上了人生巅峰。至于青梅？啥，我还有青梅竹马啊？","BookName":"被青梅拒绝后，我获得了模拟器","BookStatus":"连载","CategoryId":4,"CategoryName":"都市","Description":"所有人都认为陆离会和徐清在一起。毕竟这俩人郎才女貌，还从小认识。\n可在散伙饭那天，徐清拒绝了陆离的表白。正在陆离怅然之际，突然听到耳边传来的提示音。\n【恭喜您获","Did":"1036864783","Dt":1,"Ex2":"","LastChapterId":0,"LastChapterName":"","LastChapterTime":0,"Pos":0,"RankName":"","ShowTime":1692079200000,"SubCategoryName":"都市生活","Type":0,"WordCount":"58万","day":"15","fbAlg":"","fbAppId":0,"fbId":1036864783,"fbType":1,"isReal":true,"isVip":1,"lastUpdateTimes":"","month":"08","recommendCol":"rengongtuijian","recommendStyle":0,"sp":"{\"exposetime\":1692084881634,\"scene\":\"preface_with_editor\"}","stability":0,"year":"2023"}]
Issue1790.Bean(op=yyy, test={"erw":{"qqq":12313}})
WARNING: Use of the three-letter time zone ID "ACT" is deprecated and it will be removed in a future release
WARNING: Use of the three-letter time zone ID "AET" is deprecated and it will be removed in a future release
WARNING: Use of the three-letter time zone ID "AGT" is deprecated and it will be removed in a future release
WARNING: Use of the three-letter time zone ID "ART" is deprecated and it will be removed in a future release
WARNING: Use of the three-letter time zone ID "AST" is deprecated and it will be removed in a future release
WARNING: Use of the three-letter time zone ID "BET" is deprecated and it will be removed in a future release
WARNING: Use of the three-letter time zone ID "BST" is deprecated and it will be removed in a future release
WARNING: Use of the three-letter time zone ID "CAT" is deprecated and it will be removed in a future release
WARNING: Use of the three-letter time zone ID "CNT" is deprecated and it will be removed in a future release
WARNING: Use of the three-letter time zone ID "CST" is deprecated and it will be removed in a future release
WARNING: Use of the three-letter time zone ID "CTT" is deprecated and it will be removed in a future release
WARNING: Use of the three-letter time zone ID "EAT" is deprecated and it will be removed in a future release
WARNING: Use of the three-letter time zone ID "ECT" is deprecated and it will be removed in a future release
WARNING: Use of the three-letter time zone ID "EST" is deprecated and it will be removed in a future release
WARNING: Use of the three-letter time zone ID "HST" is deprecated and it will be removed in a future release
WARNING: Use of the three-letter time zone ID "IET" is deprecated and it will be removed in a future release
WARNING: Use of the three-letter time zone ID "IST" is deprecated and it will be removed in a future release
WARNING: Use of the three-letter time zone ID "JST" is deprecated and it will be removed in a future release
WARNING: Use of the three-letter time zone ID "MIT" is deprecated and it will be removed in a future release
WARNING: Use of the three-letter time zone ID "MST" is deprecated and it will be removed in a future release
WARNING: Use of the three-letter time zone ID "NET" is deprecated and it will be removed in a future release
WARNING: Use of the three-letter time zone ID "NST" is deprecated and it will be removed in a future release
WARNING: Use of the three-letter time zone ID "PLT" is deprecated and it will be removed in a future release
WARNING: Use of the three-letter time zone ID "PNT" is deprecated and it will be removed in a future release
WARNING: Use of the three-letter time zone ID "PRT" is deprecated and it will be removed in a future release
WARNING: Use of the three-letter time zone ID "PST" is deprecated and it will be removed in a future release
WARNING: Use of the three-letter time zone ID "SST" is deprecated and it will be removed in a future release
WARNING: Use of the three-letter time zone ID "VST" is deprecated and it will be removed in a future release
{"appResp":{"message":"成功","status":"200","timestamp":"2017-03-15 12:13:14"}}
Issue474.Result(items=[Issue474.Item(name=item1), Issue474.Item(name=item2)])
Issue474.Result(items=[Issue474.Item(name=item1), Issue474.Item(name=item2)])
{
	"@type":"com.alibaba.fastjson2.issues.Issue385$Bean#0",
	"@value":{
		"items":{
			"@type":"java.util.Arrays$ArrayList#1",
			"@value":[
				"CamelCase",
				"PascalCase"
			]
		}
	}
}
{"data":{"pageNum":1,"pageSize":100,"records":[{"calledTimes":1,"callerPhone":"大屏演示专用线路","channelCode":"0","chatRound":0,"customerPhone":"xxxx","duration":0,"endTime":"2022-06-27 20:29:51","finishStatusDesc":"占线","finishStatusId":6,"finishStatusName":"BUSY","intentionResult":"D","startTime":"2022-06-27 20:29:07"}],"total":1}}
{"reservationId":"1520799011718696960","mealsAvailable":true,"handBaggageNum":1,"checkedBaggageNum":0}
str = {"test":[{"demo":""}]}
list = Issue464.TestParam(test=[Issue464.Demo(demo=null)])
{"a":"a value","c":"c value"}
{"c":"c value"}
{"a":null,"b":null,"c":"c value"}
{"a":null,"b":"b value","c":null}
Issue448.BasicStaff(boyList=[Issue448.BasicStaff(boyList=null, localDate=2026-10-07, localDateTime=2026-10-07T00:46:59)], localDate=2026-10-07, localDateTime=2026-10-07T00:46:59)
required latitude
2147483650
[{"var1":"d0"}]
{"availableBeginTime":"2026-10-07 00:47:09.871","availableEndTime":"2026-10-07 17:27:09.871"}
{"availableBeginTime":"2026-10-07 00:47:09.872","availableEndTime":"2026-10-07 17:27:09.872"}
{"availableBeginTime":"2026-10-07 00:47:09.872","availableEndTime":"2026-10-07 17:27:09.872"}
{"availableBeginTime":"2026-10-07 00:47:09.872","availableEndTime":"2026-10-07 17:27:09.872"}
{"availableBeginTime":"2026-10-07 00:47:09.872","availableEndTime":"2026-10-07 17:27:09.872"}
{"availableBeginTime":"2026-10-07 00:47:09.872","availableEndTime":"2026-10-07 17:27:09.872"}
{"availableBeginTime":"2026-10-07 00:47:09.872","availableEndTime":"2026-10-07 17:27:09.872"}
{"availableBeginTime":"2026-10-07 00:47:09.872","availableEndTime":"2026-10-07 17:27:09.872"}
{"availableBeginTime":"2026-10-07 00:47:09.872","availableEndTime":"2026-10-07 17:27:09.872"}
{"availableBeginTime":"2026-10-07 00:47:09.872","availableEndTime":"2026-10-07 17:27:09.872"}
{"availableBeginTime":"2026-10-07 00:47:09.872","availableEndTime":"2026-10-07 17:27:09.872"}
{"availableBeginTime":"2026-10-07 00:47:09.872","availableEndTime":"2026-10-07 17:27:09.872"}
{"availableBeginTime":"2026-10-07 00:47:09.872","availableEndTime":"2026-10-07 17:27:09.872"}
{"availableBeginTime":"2026-10-07 00:47:09.872","availableEndTime":"2026-10-07 17:27:09.872"}
{"availableBeginTime":"2026-10-07 00:47:09.872","availableEndTime":"2026-10-07 17:27:09.872"}
{"availableBeginTime":"2026-10-07 00:47:09.872","availableEndTime":"2026-10-07 17:27:09.872"}
{"availableBeginTime":"2026-10-07 00:47:09.872","availableEndTime":"2026-10-07 17:27:09.872"}
{"availableBeginTime":"2026-10-07 00:47:09.872","availableEndTime":"2026-10-07 17:27:09.872"}
{"availableBeginTime":"2026-10-07 00:47:09.872","availableEndTime":"2026-10-07 17:27:09.872"}
{"availableBeginTime":"2026-10-07 00:47:09.872","availableEndTime":"2026-10-07 17:27:09.872"}
{"availableBeginTime":"2026-10-07 00:47:09.872","availableEndTime":"2026-10-07 17:27:09.872"}
{"availableBeginTime":"2026-10-07 00:47:09.872","availableEndTime":"2026-10-07 17:27:09.872"}
{"availableBeginTime":"2026-10-07 00:47:09.872","availableEndTime":"2026-10-07 17:27:09.872"}
{"availableBeginTime":"2026-10-07 00:47:09.872","availableEndTime":"2026-10-07 17:27:09.872"}
{"availableBeginTime":"2026-10-07 00:47:09.872","availableEndTime":"2026-10-07 17:27:09.872"}
{"availableBeginTime":"2026-10-07 00:47:09.872","availableEndTime":"2026-10-07 17:27:09.872"}
{"availableBeginTime":"2026-10-07 00:47:09.872","availableEndTime":"2026-10-07 17:27:09.872"}
{"availableBeginTime":"2026-10-07 00:47:09.872","availableEndTime":"2026-10-07 17:27:09.872"}
{"availableBeginTime":"2026-10-07 00:47:09.872","availableEndTime":"2026-10-07 17:27:09.872"}
{"availableBeginTime":"2026-10-07 00:47:09.872","availableEndTime":"2026-10-07 17:27:09.872"}
{"availableBeginTime":"2026-10-07 00:47:09.872","availableEndTime":"2026-10-07 17:27:09.872"}
{"availableBeginTime":"2026-10-07 00:47:09.872","availableEndTime":"2026-10-07 17:27:09.872"}
{"availableBeginTime":"2026-10-07 00:47:09.872","availableEndTime":"2026-10-07 17:27:09.872"}
{"availableBeginTime":"2026-10-07 00:47:09.872","availableEndTime":"2026-10-07 17:27:09.872"}
{"availableBeginTime":"2026-10-07 00:47:09.872","availableEndTime":"2026-10-07 17:27:09.872"}
{"availableBeginTime":"2026-10-07 00:47:09.872","availableEndTime":"2026-10-07 17:27:09.872"}
{"availableBeginTime":"2026-10-07 00:47:09.872","availableEndTime":"2026-10-07 17:27:09.872"}
{"availableBeginTime":"2026-10-07 00:47:09.872","availableEndTime":"2026-10-07 17:27:09.872"}
{"availableBeginTime":"2026-10-07 00:47:09.872","availableEndTime":"2026-10-07 17:27:09.872"}
{"availableBeginTime":"2026-10-07 00:47:09.872","availableEndTime":"2026-10-07 17:27:09.872"}
{"availableBeginTime":"2026-10-07 00:47:09.872","availableEndTime":"2026-10-07 17:27:09.872"}
{"availableBeginTime":"2026-10-07 00:47:09.872","availableEndTime":"2026-10-07 17:27:09.872"}
{"availableBeginTime":"2026-10-07 00:47:09.872","availableEndTime":"2026-10-07 17:27:09.872"}
{"availableBeginTime":"2026-10-07 00:47:09.872","availableEndTime":"2026-10-07 17:27:09.872"}
{"availableBeginTime":"2026-10-07 00:47:09.872","availableEndTime":"2026-10-07 17:27:09.872"}
{"availableBeginTime":"2026-10-07 00:47:09.872","availableEndTime":"2026-10-07 17:27:09.872"}
{"availableBeginTime":"2026-10-07 00:47:09.872","availableEndTime":"2026-10-07 17:27:09.872"}
{"availableBeginTime":"2026-10-07 00:47:09.872","availableEndTime":"2026-10-07 17:27:09.872"}
{"availableBeginTime":"2026-10-07 00:47:09.872","availableEndTime":"2026-10-07 17:27:09.872"}
{"availableBeginTime":"2026-10-07 00:47:09.872","availableEndTime":"2026-10-07 17:27:09.872"}
{"availableBeginTime":"2026-10-07 00:47:09.872","availableEndTime":"2026-10-07 17:27:09.872"}
{"availableBeginTime":"2026-10-07 00:47:09.872","availableEndTime":"2026-10-07 17:27:09.872"}
{"availableBeginTime":"2026-10-07 00:47:09.872","availableEndTime":"2026-10-07 17:27:09.872"}
{"availableBeginTime":"2026-10-07 00:47:09.872","availableEndTime":"2026-10-07 17:27:09.872"}
{"availableBeginTime":"2026-10-07 00:47:09.872","availableEndTime":"2026-10-07 17:27:09.872"}
{"availableBeginTime":"2026-10-07 00:47:09.872","availableEndTime":"2026-10-07 17:27:09.872"}
{"availableBeginTime":"2026-10-07 00:47:09.872","availableEndTime":"2026-10-07 17:27:09.872"}
{"availableBeginTime":"2026-10-07 00:47:09.872","availableEndTime":"2026-10-07 17:27:09.872"}
{"availableBeginTime":"2026-10-07 00:47:09.872","availableEndTime":"2026-10-07 17:27:09.872"}
{"availableBeginTime":"2026-10-07 00:47:09.872","availableEndTime":"2026-10-07 17:27:09.872"}
{"availableBeginTime":"2026-10-07 00:47:09.872","availableEndTime":"2026-10-07 17:27:09.872"}
{"availableBeginTime":"2026-10-07 00:47:09.872","availableEndTime":"2026-10-07 17:27:09.872"}
{"availableBeginTime":"2026-10-07 00:47:09.872","availableEndTime":"2026-10-07 17:27:09.872"}
{"availableBeginTime":"2026-10-07 00:47:09.872","availableEndTime":"2026-10-07 17:27:09.872"}
{"availableBeginTime":"2026-10-07 00:47:09.872","availableEndTime":"2026-10-07 17:27:09.872"}
{"availableBeginTime":"2026-10-07 00:47:09.872","availableEndTime":"2026-10-07 17:27:09.872"}
{"availableBeginTime":"2026-10-07 00:47:09.872","availableEndTime":"2026-10-07 17:27:09.872"}
{"availableBeginTime":"2026-10-07 00:47:09.872","availableEndTime":"2026-10-07 17:27:09.872"}
{"availableBeginTime":"2026-10-07 00:47:09.872","availableEndTime":"2026-10-07 17:27:09.872"}
{"availableBeginTime":"2026-10-07 00:47:09.872","availableEndTime":"2026-10-07 17:27:09.872"}
{"availableBeginTime":"2026-10-07 00:47:09.872","availableEndTime":"2026-10-07 17:27:09.872"}
{"availableBeginTime":"2026-10-07 00:47:09.872","availableEndTime":"2026-10-07 17:27:09.872"}
{"availableBeginTime":"2026-10-07 00:47:09.872","availableEndTime":"2026-10-07 17:27:09.872"}
{"availableBeginTime":"2026-10-07 00:47:09.872","availableEndTime":"2026-10-07 17:27:09.872"}
{"availableBeginTime":"2026-10-07 00:47:09.872","availableEndTime":"2026-10-07 17:27:09.872"}
{"availableBeginTime":"2026-10-07 00:47:09.872","availableEndTime":"2026-10-07 17:27:09.872"}
{"availableBeginTime":"2026-10-07 00:47:09.872","availableEndTime":"2026-10-07 17:27:09.872"}
{"availableBeginTime":"2026-10-07 00:47:09.872","availableEndTime":"2026-10-07 17:27:09.872"}
{"availableBeginTime":"2026-10-07 00:47:09.872","availableEndTime":"2026-10-07 17:27:09.872"}
{"availableBeginTime":"2026-10-07 00:47:09.872","availableEndTime":"2026-10-07 17:27:09.872"}
{"availableBeginTime":"2026-10-07 00:47:09.872","availableEndTime":"2026-10-07 17:27:09.872"}
{"availableBeginTime":"2026-10-07 00:47:09.872","availableEndTime":"2026-10-07 17:27:09.872"}
{"availableBeginTime":"2026-10-07 00:47:09.872","availableEndTime":"2026-10-07 17:27:09.872"}
{"availableBeginTime":"2026-10-07 00:47:09.872","availableEndTime":"2026-10-07 17:27:09.872"}
{"availableBeginTime":"2026-10-07 00:47:09.872","availableEndTime":"2026-10-07 17:27:09.872"}
{"availableBeginTime":"2026-10-07 00:47:09.872","availableEndTime":"2026-10-07 17:27:09.872"}
{"availableBeginTime":"2026-10-07 00:47:09.872","availableEndTime":"2026-10-07 17:27:09.872"}
{"availableBeginTime":"2026-10-07 00:47:09.872","availableEndTime":"2026-10-07 17:27:09.872"}
{"availableBeginTime":"2026-10-07 00:47:09.872","availableEndTime":"2026-10-07 17:27:09.872"}
{"availableBeginTime":"2026-10-07 00:47:09.872","availableEndTime":"2026-10-07 17:27:09.872"}
{"availableBeginTime":"2026-10-07 00:47:09.872","availableEndTime":"2026-10-07 17:27:09.872"}
{"availableBeginTime":"2026-10-07 00:47:09.872","availableEndTime":"2026-10-07 17:27:09.872"}
{"availableBeginTime":"2026-10-07 00:47:09.872","availableEndTime":"2026-10-07 17:27:09.872"}
{"availableBeginTime":"2026-10-07 00:47:09.872","availableEndTime":"2026-10-07 17:27:09.872"}
{"availableBeginTime":"2026-10-07 00:47:09.872","availableEndTime":"2026-10-07 17:27:09.872"}
{"availableBeginTime":"2026-10-07 00:47:09.872","availableEndTime":"2026-10-07 17:27:09.872"}
{"availableBeginTime":"2026-10-07 00:47:09.872","availableEndTime":"2026-10-07 17:27:09.872"}
{"availableBeginTime":"2026-10-07 00:47:09.872","availableEndTime":"2026-10-07 17:27:09.872"}
{"availableBeginTime":"2026-10-07 00:47:09.872","availableEndTime":"2026-10-07 17:27:09.872"}
{"availableBeginTime":"2026-10-07 00:47:09.872","availableEndTime":"2026-10-07 17:27:09.872"}
{"availableBeginTime":"2026-10-07 00:47:09.872","availableEndTime":"2026-10-07 17:27:09.872"}
{"availableBeginTime":"2026-10-07 00:47:09.872","availableEndTime":"2026-10-07 17:27:09.872"}
{"availableBeginTime":"2026-10-07 00:47:09.872","availableEndTime":"2026-10-07 17:27:09.872"}
{"availableBeginTime":"2026-10-07 00:47:09.872","availableEndTime":"2026-10-07 17:27:09.872"}
{"availableBeginTime":"2026-10-07 00:47:09.872","availableEndTime":"2026-10-07 17:27:09.872"}
{"availableBeginTime":"2026-10-07 00:47:09.872","availableEndTime":"2026-10-07 17:27:09.872"}
{"availableBeginTime":"2026-10-07 00:47:09.872","availableEndTime":"2026-10-07 17:27:09.872"}
{"availableBeginTime":"2026-10-07 00:47:09.872","availableEndTime":"2026-10-07 17:27:09.872"}
{"availableBeginTime":"2026-10-07 00:47:09.872","availableEndTime":"2026-10-07 17:27:09.872"}
{"availableBeginTime":"2026-10-07 00:47:09.872","availableEndTime":"2026-10-07 17:27:09.872"}
{"availableBeginTime":"2026-10-07 00:47:09.872","availableEndTime":"2026-10-07 17:27:09.872"}
{"availableBeginTime":"2026-10-07 00:47:09.872","availableEndTime":"2026-10-07 17:27:09.872"}
{"availableBeginTime":"2026-10-07 00:47:09.872","availableEndTime":"2026-10-07 17:27:09.872"}
{"availableBeginTime":"2026-10-07 00:47:09.872","availableEndTime":"2026-10-07 17:27:09.872"}
{"availableBeginTime":"2026-10-07 00:47:09.872","availableEndTime":"2026-10-07 17:27:09.872"}
{"availableBeginTime":"2026-10-07 00:47:09.872","availableEndTime":"2026-10-07 17:27:09.872"}
{"availableBeginTime":"2026-10-07 00:47:09.872","availableEndTime":"2026-10-07 17:27:09.872"}
{"availableBeginTime":"2026-10-07 00:47:09.872","availableEndTime":"2026-10-07 17:27:09.872"}
{"availableBeginTime":"2026-10-07 00:47:09.872","availableEndTime":"2026-10-07 17:27:09.872"}
{"availableBeginTime":"2026-10-07 00:47:09.872","availableEndTime":"2026-10-07 17:27:09.872"}
{"availableBeginTime":"2026-10-07 00:47:09.872","availableEndTime":"2026-10-07 17:27:09.872"}
{"availableBeginTime":"2026-10-07 00:47:09.872","availableEndTime":"2026-10-07 17:27:09.872"}
{"availableBeginTime":"2026-10-07 00:47:09.872","availableEndTime":"2026-10-07 17:27:09.872"}
{"availableBeginTime":"2026-10-07 00:47:09.872","availableEndTime":"2026-10-07 17:27:09.872"}
{"availableBeginTime":"2026-10-07 00:47:09.872","availableEndTime":"2026-10-07 17:27:09.872"}
{"availableBeginTime":"2026-10-07 00:47:09.872","availableEndTime":"2026-10-07 17:27:09.872"}
{"availableBeginTime":"2026-10-07 00:47:09.872","availableEndTime":"2026-10-07 17:27:09.872"}
{"availableBeginTime":"2026-10-07 00:47:09.872","availableEndTime":"2026-10-07 17:27:09.872"}
{"availableBeginTime":"2026-10-07 00:47:09.872","availableEndTime":"2026-10-07 17:27:09.872"}
{"availableBeginTime":"2026-10-07 00:47:09.872","availableEndTime":"2026-10-07 17:27:09.872"}
{"availableBeginTime":"2026-10-07 00:47:09.872","availableEndTime":"2026-10-07 17:27:09.872"}
{"availableBeginTime":"2026-10-07 00:47:09.872","availableEndTime":"2026-10-07 17:27:09.872"}
{"availableBeginTime":"2026-10-07 00:47:09.872","availableEndTime":"2026-10-07 17:27:09.872"}
{"availableBeginTime":"2026-10-07 00:47:09.872","availableEndTime":"2026-10-07 17:27:09.872"}
{"availableBeginTime":"2026-10-07 00:47:09.872","availableEndTime":"2026-10-07 17:27:09.872"}
{"availableBeginTime":"2026-10-07 00:47:09.872","availableEndTime":"2026-10-07 17:27:09.872"}
{"availableBeginTime":"2026-10-07 00:47:09.872","availableEndTime":"2026-10-07 17:27:09.872"}
{"availableBeginTime":"2026-10-07 00:47:09.872","availableEndTime":"2026-10-07 17:27:09.872"}
{"availableBeginTime":"2026-10-07 00:47:09.872","availableEndTime":"2026-10-07 17:27:09.872"}
{"availableBeginTime":"2026-10-07 00:47:09.872","availableEndTime":"2026-10-07 17:27:09.872"}
{"availableBeginTime":"2026-10-07 00:47:09.872","availableEndTime":"2026-10-07 17:27:09.872"}
{"availableBeginTime":"2026-10-07 00:47:09.872","availableEndTime":"2026-10-07 17:27:09.872"}
{"availableBeginTime":"2026-10-07 00:47:09.872","availableEndTime":"2026-10-07 17:27:09.872"}
{"availableBeginTime":"2026-10-07 00:47:09.872","availableEndTime":"2026-10-07 17:27:09.872"}
{"availableBeginTime":"2026-10-07 00:47:09.872","availableEndTime":"2026-10-07 17:27:09.872"}
{"availableBeginTime":"2026-10-07 00:47:09.872","availableEndTime":"2026-10-07 17:27:09.872"}
{"availableBeginTime":"2026-10-07 00:47:09.872","availableEndTime":"2026-10-07 17:27:09.872"}
{"availableBeginTime":"2026-10-07 00:47:09.872","availableEndTime":"2026-10-07 17:27:09.872"}
{"availableBeginTime":"2026-10-07 00:47:09.872","availableEndTime":"2026-10-07 17:27:09.872"}
{"availableBeginTime":"2026-10-07 00:47:09.872","availableEndTime":"2026-10-07 17:27:09.872"}
{"availableBeginTime":"2026-10-07 00:47:09.872","availableEndTime":"2026-10-07 17:27:09.872"}
{"availableBeginTime":"2026-10-07 00:47:09.872","availableEndTime":"2026-10-07 17:27:09.872"}
{"availableBeginTime":"2026-10-07 00:47:09.872","availableEndTime":"2026-10-07 17:27:09.872"}
{"availableBeginTime":"2026-10-07 00:47:09.872","availableEndTime":"2026-10-07 17:27:09.872"}
{"availableBeginTime":"2026-10-07 00:47:09.872","availableEndTime":"2026-10-07 17:27:09.872"}
{"availableBeginTime":"2026-10-07 00:47:09.872","availableEndTime":"2026-10-07 17:27:09.872"}
{"availableBeginTime":"2026-10-07 00:47:09.872","availableEndTime":"2026-10-07 17:27:09.872"}
{"availableBeginTime":"2026-10-07 00:47:09.872","availableEndTime":"2026-10-07 17:27:09.872"}
{"availableBeginTime":"2026-10-07 00:47:09.872","availableEndTime":"2026-10-07 17:27:09.872"}
{"availableBeginTime":"2026-10-07 00:47:09.872","availableEndTime":"2026-10-07 17:27:09.872"}
{"availableBeginTime":"2026-10-07 00:47:09.872","availableEndTime":"2026-10-07 17:27:09.872"}
{"availableBeginTime":"2026-10-07 00:47:09.872","availableEndTime":"2026-10-07 17:27:09.872"}
{"availableBeginTime":"2026-10-07 00:47:09.872","availableEndTime":"2026-10-07 17:27:09.872"}
{"availableBeginTime":"2026-10-07 00:47:09.872","availableEndTime":"2026-10-07 17:27:09.872"}
{"availableBeginTime":"2026-10-07 00:47:09.872","availableEndTime":"2026-10-07 17:27:09.872"}
{"availableBeginTime":"2026-10-07 00:47:09.872","availableEndTime":"2026-10-07 17:27:09.872"}
{"availableBeginTime":"2026-10-07 00:47:09.872","availableEndTime":"2026-10-07 17:27:09.872"}
{"availableBeginTime":"2026-10-07 00:47:09.872","availableEndTime":"2026-10-07 17:27:09.872"}
{"availableBeginTime":"2026-10-07 00:47:09.872","availableEndTime":"2026-10-07 17:27:09.872"}
{"availableBeginTime":"2026-10-07 00:47:09.872","availableEndTime":"2026-10-07 17:27:09.872"}
{"availableBeginTime":"2026-10-07 00:47:09.872","availableEndTime":"2026-10-07 17:27:09.872"}
{"availableBeginTime":"2026-10-07 00:47:09.872","availableEndTime":"2026-10-07 17:27:09.872"}
{"availableBeginTime":"2026-10-07 00:47:09.872","availableEndTime":"2026-10-07 17:27:09.872"}
{"availableBeginTime":"2026-10-07 00:47:09.872","availableEndTime":"2026-10-07 17:27:09.872"}
{"availableBeginTime":"2026-10-07 00:47:09.872","availableEndTime":"2026-10-07 17:27:09.872"}
{"availableBeginTime":"2026-10-07 00:47:09.872","availableEndTime":"2026-10-07 17:27:09.872"}
{"availableBeginTime":"2026-10-07 00:47:09.872","availableEndTime":"2026-10-07 17:27:09.872"}
{"availableBeginTime":"2026-10-07 00:47:09.872","availableEndTime":"2026-10-07 17:27:09.872"}
{"availableBeginTime":"2026-10-07 00:47:09.872","availableEndTime":"2026-10-07 17:27:09.872"}
{"availableBeginTime":"2026-10-07 00:47:09.872","availableEndTime":"2026-10-07 17:27:09.872"}
{"availableBeginTime":"2026-10-07 00:47:09.872","availableEndTime":"2026-10-07 17:27:09.872"}
{"availableBeginTime":"2026-10-07 00:47:09.872","availableEndTime":"2026-10-07 17:27:09.872"}
{"availableBeginTime":"2026-10-07 00:47:09.872","availableEndTime":"2026-10-07 17:27:09.872"}
{"availableBeginTime":"2026-10-07 00:47:09.872","availableEndTime":"2026-10-07 17:27:09.872"}
{"availableBeginTime":"2026-10-07 00:47:09.872","availableEndTime":"2026-10-07 17:27:09.872"}
{"availableBeginTime":"2026-10-07 00:47:09.872","availableEndTime":"2026-10-07 17:27:09.872"}
{"availableBeginTime":"2026-10-07 00:47:09.872","availableEndTime":"2026-10-07 17:27:09.872"}
{"availableBeginTime":"2026-10-07 00:47:09.872","availableEndTime":"2026-10-07 17:27:09.872"}
{"availableBeginTime":"2026-10-07 00:47:09.872","availableEndTime":"2026-10-07 17:27:09.872"}
{"availableBeginTime":"2026-10-07 00:47:09.872","availableEndTime":"2026-10-07 17:27:09.872"}
{"availableBeginTime":"2026-10-07 00:47:09.872","availableEndTime":"2026-10-07 17:27:09.872"}
{"availableBeginTime":"2026-10-07 00:47:09.872","availableEndTime":"2026-10-07 17:27:09.872"}
{"availableBeginTime":"2026-10-07 00:47:09.873","availableEndTime":"2026-10-07 17:27:09.873"}
{"availableBeginTime":"2026-10-07 00:47:09.873","availableEndTime":"2026-10-07 17:27:09.873"}
{"availableBeginTime":"2026-10-07 00:47:09.873","availableEndTime":"2026-10-07 17:27:09.873"}
{"availableBeginTime":"2026-10-07 00:47:09.873","availableEndTime":"2026-10-07 17:27:09.873"}
{"availableBeginTime":"2026-10-07 00:47:09.873","availableEndTime":"2026-10-07 17:27:09.873"}
{"availableBeginTime":"2026-10-07 00:47:09.873","availableEndTime":"2026-10-07 17:27:09.873"}
{"availableBeginTime":"2026-10-07 00:47:09.873","availableEndTime":"2026-10-07 17:27:09.873"}
{"availableBeginTime":"2026-10-07 00:47:09.873","availableEndTime":"2026-10-07 17:27:09.873"}
{"availableBeginTime":"2026-10-07 00:47:09.873","availableEndTime":"2026-10-07 17:27:09.873"}
{"availableBeginTime":"2026-10-07 00:47:09.873","availableEndTime":"2026-10-07 17:27:09.873"}
{"availableBeginTime":"2026-10-07 00:47:09.873","availableEndTime":"2026-10-07 17:27:09.873"}
{"availableBeginTime":"2026-10-07 00:47:09.873","availableEndTime":"2026-10-07 17:27:09.873"}
{"availableBeginTime":"2026-10-07 00:47:09.873","availableEndTime":"2026-10-07 17:27:09.873"}
{"availableBeginTime":"2026-10-07 00:47:09.873","availableEndTime":"2026-10-07 17:27:09.873"}
{"availableBeginTime":"2026-10-07 00:47:09.873","availableEndTime":"2026-10-07 17:27:09.873"}
{"availableBeginTime":"2026-10-07 00:47:09.873","availableEndTime":"2026-10-07 17:27:09.873"}
{"availableBeginTime":"2026-10-07 00:47:09.873","availableEndTime":"2026-10-07 17:27:09.873"}
{"availableBeginTime":"2026-10-07 00:47:09.873","availableEndTime":"2026-10-07 17:27:09.873"}
{"availableBeginTime":"2026-10-07 00:47:09.873","availableEndTime":"2026-10-07 17:27:09.873"}
{"availableBeginTime":"2026-10-07 00:47:09.873","availableEndTime":"2026-10-07 17:27:09.873"}
{"availableBeginTime":"2026-10-07 00:47:09.873","availableEndTime":"2026-10-07 17:27:09.873"}
{"availableBeginTime":"2026-10-07 00:47:09.873","availableEndTime":"2026-10-07 17:27:09.873"}
{"availableBeginTime":"2026-10-07 00:47:09.873","availableEndTime":"2026-10-07 17:27:09.873"}
{"availableBeginTime":"2026-10-07 00:47:09.873","availableEndTime":"2026-10-07 17:27:09.873"}
{"availableBeginTime":"2026-10-07 00:47:09.873","availableEndTime":"2026-10-07 17:27:09.873"}
{"availableBeginTime":"2026-10-07 00:47:09.873","availableEndTime":"2026-10-07 17:27:09.873"}
{"availableBeginTime":"2026-10-07 00:47:09.873","availableEndTime":"2026-10-07 17:27:09.873"}
{"availableBeginTime":"2026-10-07 00:47:09.873","availableEndTime":"2026-10-07 17:27:09.873"}
{"availableBeginTime":"2026-10-07 00:47:09.873","availableEndTime":"2026-10-07 17:27:09.873"}
{"availableBeginTime":"2026-10-07 00:47:09.873","availableEndTime":"2026-10-07 17:27:09.873"}
{"availableBeginTime":"2026-10-07 00:47:09.873","availableEndTime":"2026-10-07 17:27:09.873"}
{"availableBeginTime":"2026-10-07 00:47:09.873","availableEndTime":"2026-10-07 17:27:09.873"}
{"availableBeginTime":"2026-10-07 00:47:09.873","availableEndTime":"2026-10-07 17:27:09.873"}
{"availableBeginTime":"2026-10-07 00:47:09.873","availableEndTime":"2026-10-07 17:27:09.873"}
{"availableBeginTime":"2026-10-07 00:47:09.873","availableEndTime":"2026-10-07 17:27:09.873"}
{"availableBeginTime":"2026-10-07 00:47:09.873","availableEndTime":"2026-10-07 17:27:09.873"}
{"availableBeginTime":"2026-10-07 00:47:09.873","availableEndTime":"2026-10-07 17:27:09.873"}
{"availableBeginTime":"2026-10-07 00:47:09.873","availableEndTime":"2026-10-07 17:27:09.873"}
{"availableBeginTime":"2026-10-07 00:47:09.873","availableEndTime":"2026-10-07 17:27:09.873"}
{"availableBeginTime":"2026-10-07 00:47:09.873","availableEndTime":"2026-10-07 17:27:09.873"}
{"availableBeginTime":"2026-10-07 00:47:09.873","availableEndTime":"2026-10-07 17:27:09.873"}
{"availableBeginTime":"2026-10-07 00:47:09.873","availableEndTime":"2026-10-07 17:27:09.873"}
{"availableBeginTime":"2026-10-07 00:47:09.873","availableEndTime":"2026-10-07 17:27:09.873"}
{"availableBeginTime":"2026-10-07 00:47:09.873","availableEndTime":"2026-10-07 17:27:09.873"}
{"availableBeginTime":"2026-10-07 00:47:09.873","availableEndTime":"2026-10-07 17:27:09.873"}
{"availableBeginTime":"2026-10-07 00:47:09.873","availableEndTime":"2026-10-07 17:27:09.873"}
{"availableBeginTime":"2026-10-07 00:47:09.873","availableEndTime":"2026-10-07 17:27:09.873"}
{"availableBeginTime":"2026-10-07 00:47:09.873","availableEndTime":"2026-10-07 17:27:09.873"}
{"availableBeginTime":"2026-10-07 00:47:09.873","availableEndTime":"2026-10-07 17:27:09.873"}
{"availableBeginTime":"2026-10-07 00:47:09.873","availableEndTime":"2026-10-07 17:27:09.873"}
{"availableBeginTime":"2026-10-07 00:47:09.873","availableEndTime":"2026-10-07 17:27:09.873"}
{"availableBeginTime":"2026-10-07 00:47:09.873","availableEndTime":"2026-10-07 17:27:09.873"}
{"availableBeginTime":"2026-10-07 00:47:09.873","availableEndTime":"2026-10-07 17:27:09.873"}
{"availableBeginTime":"2026-10-07 00:47:09.873","availableEndTime":"2026-10-07 17:27:09.873"}
{"availableBeginTime":"2026-10-07 00:47:09.873","availableEndTime":"2026-10-07 17:27:09.873"}
{"availableBeginTime":"2026-10-07 00:47:09.873","availableEndTime":"2026-10-07 17:27:09.873"}
{"availableBeginTime":"2026-10-07 00:47:09.873","availableEndTime":"2026-10-07 17:27:09.873"}
{"availableBeginTime":"2026-10-07 00:47:09.873","availableEndTime":"2026-10-07 17:27:09.873"}
{"availableBeginTime":"2026-10-07 00:47:09.873","availableEndTime":"2026-10-07 17:27:09.873"}
{"availableBeginTime":"2026-10-07 00:47:09.873","availableEndTime":"2026-10-07 17:27:09.873"}
{"availableBeginTime":"2026-10-07 00:47:09.873","availableEndTime":"2026-10-07 17:27:09.873"}
{"availableBeginTime":"2026-10-07 00:47:09.873","availableEndTime":"2026-10-07 17:27:09.873"}
{"availableBeginTime":"2026-10-07 00:47:09.873","availableEndTime":"2026-10-07 17:27:09.873"}
{"availableBeginTime":"2026-10-07 00:47:09.873","availableEndTime":"2026-10-07 17:27:09.873"}
{"availableBeginTime":"2026-10-07 00:47:09.873","availableEndTime":"2026-10-07 17:27:09.873"}
{"availableBeginTime":"2026-10-07 00:47:09.873","availableEndTime":"2026-10-07 17:27:09.873"}
{"availableBeginTime":"2026-10-07 00:47:09.873","availableEndTime":"2026-10-07 17:27:09.873"}
{"availableBeginTime":"2026-10-07 00:47:09.873","availableEndTime":"2026-10-07 17:27:09.873"}
{"availableBeginTime":"2026-10-07 00:47:09.873","availableEndTime":"2026-10-07 17:27:09.873"}
{"availableBeginTime":"2026-10-07 00:47:09.873","availableEndTime":"2026-10-07 17:27:09.873"}
{"availableBeginTime":"2026-10-07 00:47:09.873","availableEndTime":"2026-10-07 17:27:09.873"}
{"availableBeginTime":"2026-10-07 00:47:09.873","availableEndTime":"2026-10-07 17:27:09.873"}
{"availableBeginTime":"2026-10-07 00:47:09.873","availableEndTime":"2026-10-07 17:27:09.873"}
{"availableBeginTime":"2026-10-07 00:47:09.873","availableEndTime":"2026-10-07 17:27:09.873"}
{"availableBeginTime":"2026-10-07 00:47:09.873","availableEndTime":"2026-10-07 17:27:09.873"}
{"availableBeginTime":"2026-10-07 00:47:09.873","availableEndTime":"2026-10-07 17:27:09.873"}
{"availableBeginTime":"2026-10-07 00:47:09.873","availableEndTime":"2026-10-07 17:27:09.873"}
{"availableBeginTime":"2026-10-07 00:47:09.873","availableEndTime":"2026-10-07 17:27:09.873"}
{"availableBeginTime":"2026-10-07 00:47:09.873","availableEndTime":"2026-10-07 17:27:09.873"}
{"availableBeginTime":"2026-10-07 00:47:09.873","availableEndTime":"2026-10-07 17:27:09.873"}
{"availableBeginTime":"2026-10-07 00:47:09.873","availableEndTime":"2026-10-07 17:27:09.873"}
{"availableBeginTime":"2026-10-07 00:47:09.873","availableEndTime":"2026-10-07 17:27:09.873"}
{"availableBeginTime":"2026-10-07 00:47:09.873","availableEndTime":"2026-10-07 17:27:09.873"}
{"availableBeginTime":"2026-10-07 00:47:09.873","availableEndTime":"2026-10-07 17:27:09.873"}
{"availableBeginTime":"2026-10-07 00:47:09.873","availableEndTime":"2026-10-07 17:27:09.873"}
{"availableBeginTime":"2026-10-07 00:47:09.873","availableEndTime":"2026-10-07 17:27:09.873"}
{"availableBeginTime":"2026-10-07 00:47:09.873","availableEndTime":"2026-10-07 17:27:09.873"}
{"availableBeginTime":"2026-10-07 00:47:09.873","availableEndTime":"2026-10-07 17:27:09.873"}
{"availableBeginTime":"2026-10-07 00:47:09.873","availableEndTime":"2026-10-07 17:27:09.873"}
{"availableBeginTime":"2026-10-07 00:47:09.873","availableEndTime":"2026-10-07 17:27:09.873"}
{"availableBeginTime":"2026-10-07 00:47:09.873","availableEndTime":"2026-10-07 17:27:09.873"}
{"availableBeginTime":"2026-10-07 00:47:09.873","availableEndTime":"2026-10-07 17:27:09.873"}
{"availableBeginTime":"2026-10-07 00:47:09.873","availableEndTime":"2026-10-07 17:27:09.873"}
{"availableBeginTime":"2026-10-07 00:47:09.873","availableEndTime":"2026-10-07 17:27:09.873"}
{"availableBeginTime":"2026-10-07 00:47:09.873","availableEndTime":"2026-10-07 17:27:09.873"}
{"availableBeginTime":"2026-10-07 00:47:09.873","availableEndTime":"2026-10-07 17:27:09.873"}
{"availableBeginTime":"2026-10-07 00:47:09.873","availableEndTime":"2026-10-07 17:27:09.873"}
{"availableBeginTime":"2026-10-07 00:47:09.873","availableEndTime":"2026-10-07 17:27:09.873"}
{"availableBeginTime":"2026-10-07 00:47:09.873","availableEndTime":"2026-10-07 17:27:09.873"}
{"availableBeginTime":"2026-10-07 00:47:09.873","availableEndTime":"2026-10-07 17:27:09.873"}
{"availableBeginTime":"2026-10-07 00:47:09.873","availableEndTime":"2026-10-07 17:27:09.873"}
{"availableBeginTime":"2026-10-07 00:47:09.873","availableEndTime":"2026-10-07 17:27:09.873"}
{"availableBeginTime":"2026-10-07 00:47:09.873","availableEndTime":"2026-10-07 17:27:09.873"}
{"availableBeginTime":"2026-10-07 00:47:09.873","availableEndTime":"2026-10-07 17:27:09.873"}
{"availableBeginTime":"2026-10-07 00:47:09.873","availableEndTime":"2026-10-07 17:27:09.873"}
{"availableBeginTime":"2026-10-07 00:47:09.873","availableEndTime":"2026-10-07 17:27:09.873"}
{"availableBeginTime":"2026-10-07 00:47:09.873","availableEndTime":"2026-10-07 17:27:09.873"}
{"availableBeginTime":"2026-10-07 00:47:09.873","availableEndTime":"2026-10-07 17:27:09.873"}
{"availableBeginTime":"2026-10-07 00:47:09.873","availableEndTime":"2026-10-07 17:27:09.873"}
{"availableBeginTime":"2026-10-07 00:47:09.873","availableEndTime":"2026-10-07 17:27:09.873"}
{"availableBeginTime":"2026-10-07 00:47:09.873","availableEndTime":"2026-10-07 17:27:09.873"}
{"availableBeginTime":"2026-10-07 00:47:09.873","availableEndTime":"2026-10-07 17:27:09.873"}
{"availableBeginTime":"2026-10-07 00:47:09.873","availableEndTime":"2026-10-07 17:27:09.873"}
{"availableBeginTime":"2026-10-07 00:47:09.873","availableEndTime":"2026-10-07 17:27:09.873"}
{"availableBeginTime":"2026-10-07 00:47:09.873","availableEndTime":"2026-10-07 17:27:09.873"}
{"availableBeginTime":"2026-10-07 00:47:09.873","availableEndTime":"2026-10-07 17:27:09.873"}
{"availableBeginTime":"2026-10-07 00:47:09.873","availableEndTime":"2026-10-07 17:27:09.873"}
{"availableBeginTime":"2026-10-07 00:47:09.873","availableEndTime":"2026-10-07 17:27:09.873"}
{"availableBeginTime":"2026-10-07 00:47:09.873","availableEndTime":"2026-10-07 17:27:09.873"}
{"availableBeginTime":"2026-10-07 00:47:09.873","availableEndTime":"2026-10-07 17:27:09.873"}
{"availableBeginTime":"2026-10-07 00:47:09.873","availableEndTime":"2026-10-07 17:27:09.873"}
{"availableBeginTime":"2026-10-07 00:47:09.873","availableEndTime":"2026-10-07 17:27:09.873"}
{"availableBeginTime":"2026-10-07 00:47:09.873","availableEndTime":"2026-10-07 17:27:09.873"}
{"availableBeginTime":"2026-10-07 00:47:09.873","availableEndTime":"2026-10-07 17:27:09.873"}
{"availableBeginTime":"2026-10-07 00:47:09.873","availableEndTime":"2026-10-07 17:27:09.873"}
{"availableBeginTime":"2026-10-07 00:47:09.873","availableEndTime":"2026-10-07 17:27:09.873"}
{"availableBeginTime":"2026-10-07 00:47:09.873","availableEndTime":"2026-10-07 17:27:09.873"}
{"availableBeginTime":"2026-10-07 00:47:09.873","availableEndTime":"2026-10-07 17:27:09.873"}
{"availableBeginTime":"2026-10-07 00:47:09.873","availableEndTime":"2026-10-07 17:27:09.873"}
{"availableBeginTime":"2026-10-07 00:47:09.873","availableEndTime":"2026-10-07 17:27:09.873"}
{"availableBeginTime":"2026-10-07 00:47:09.873","availableEndTime":"2026-10-07 17:27:09.873"}
{"availableBeginTime":"2026-10-07 00:47:09.873","availableEndTime":"2026-10-07 17:27:09.873"}
{"availableBeginTime":"2026-10-07 00:47:09.873","availableEndTime":"2026-10-07 17:27:09.873"}
{"availableBeginTime":"2026-10-07 00:47:09.873","availableEndTime":"2026-10-07 17:27:09.873"}
{"availableBeginTime":"2026-10-07 00:47:09.873","availableEndTime":"2026-10-07 17:27:09.873"}
{"availableBeginTime":"2026-10-07 00:47:09.873","availableEndTime":"2026-10-07 17:27:09.873"}
{"availableBeginTime":"2026-10-07 00:47:09.873","availableEndTime":"2026-10-07 17:27:09.873"}
{"availableBeginTime":"2026-10-07 00:47:09.873","availableEndTime":"2026-10-07 17:27:09.873"}
{"availableBeginTime":"2026-10-07 00:47:09.873","availableEndTime":"2026-10-07 17:27:09.873"}
{"availableBeginTime":"2026-10-07 00:47:09.873","availableEndTime":"2026-10-07 17:27:09.873"}
{"availableBeginTime":"2026-10-07 00:47:09.873","availableEndTime":"2026-10-07 17:27:09.873"}
{"availableBeginTime":"2026-10-07 00:47:09.873","availableEndTime":"2026-10-07 17:27:09.873"}
{"availableBeginTime":"2026-10-07 00:47:09.873","availableEndTime":"2026-10-07 17:27:09.873"}
{"availableBeginTime":"2026-10-07 00:47:09.873","availableEndTime":"2026-10-07 17:27:09.873"}
{"availableBeginTime":"2026-10-07 00:47:09.873","availableEndTime":"2026-10-07 17:27:09.873"}
{"availableBeginTime":"2026-10-07 00:47:09.873","availableEndTime":"2026-10-07 17:27:09.873"}
{"availableBeginTime":"2026-10-07 00:47:09.873","availableEndTime":"2026-10-07 17:27:09.873"}
{"availableBeginTime":"2026-10-07 00:47:09.873","availableEndTime":"2026-10-07 17:27:09.873"}
{"availableBeginTime":"2026-10-07 00:47:09.873","availableEndTime":"2026-10-07 17:27:09.873"}
{"availableBeginTime":"2026-10-07 00:47:09.873","availableEndTime":"2026-10-07 17:27:09.873"}
{"availableBeginTime":"2026-10-07 00:47:09.873","availableEndTime":"2026-10-07 17:27:09.873"}
{"availableBeginTime":"2026-10-07 00:47:09.873","availableEndTime":"2026-10-07 17:27:09.873"}
{"availableBeginTime":"2026-10-07 00:47:09.873","availableEndTime":"2026-10-07 17:27:09.873"}
{"availableBeginTime":"2026-10-07 00:47:09.873","availableEndTime":"2026-10-07 17:27:09.873"}
{"availableBeginTime":"2026-10-07 00:47:09.873","availableEndTime":"2026-10-07 17:27:09.873"}
{"availableBeginTime":"2026-10-07 00:47:09.873","availableEndTime":"2026-10-07 17:27:09.873"}
{"availableBeginTime":"2026-10-07 00:47:09.873","availableEndTime":"2026-10-07 17:27:09.873"}
{"availableBeginTime":"2026-10-07 00:47:09.873","availableEndTime":"2026-10-07 17:27:09.873"}
{"availableBeginTime":"2026-10-07 00:47:09.873","availableEndTime":"2026-10-07 17:27:09.873"}
{"availableBeginTime":"2026-10-07 00:47:09.873","availableEndTime":"2026-10-07 17:27:09.873"}
{"availableBeginTime":"2026-10-07 00:47:09.873","availableEndTime":"2026-10-07 17:27:09.873"}
{"availableBeginTime":"2026-10-07 00:47:09.873","availableEndTime":"2026-10-07 17:27:09.873"}
{"availableBeginTime":"2026-10-07 00:47:09.873","availableEndTime":"2026-10-07 17:27:09.873"}
{"availableBeginTime":"2026-10-07 00:47:09.873","availableEndTime":"2026-10-07 17:27:09.873"}
{"availableBeginTime":"2026-10-07 00:47:09.873","availableEndTime":"2026-10-07 17:27:09.873"}
{"availableBeginTime":"2026-10-07 00:47:09.873","availableEndTime":"2026-10-07 17:27:09.873"}
{"availableBeginTime":"2026-10-07 00:47:09.873","availableEndTime":"2026-10-07 17:27:09.873"}
{"availableBeginTime":"2026-10-07 00:47:09.873","availableEndTime":"2026-10-07 17:27:09.873"}
{"availableBeginTime":"2026-10-07 00:47:09.873","availableEndTime":"2026-10-07 17:27:09.873"}
{"availableBeginTime":"2026-10-07 00:47:09.873","availableEndTime":"2026-10-07 17:27:09.873"}
{"availableBeginTime":"2026-10-07 00:47:09.873","availableEndTime":"2026-10-07 17:27:09.873"}
{"availableBeginTime":"2026-10-07 00:47:09.873","availableEndTime":"2026-10-07 17:27:09.873"}
{"availableBeginTime":"2026-10-07 00:47:09.873","availableEndTime":"2026-10-07 17:27:09.873"}
{"availableBeginTime":"2026-10-07 00:47:09.873","availableEndTime":"2026-10-07 17:27:09.873"}
{"availableBeginTime":"2026-10-07 00:47:09.873","availableEndTime":"2026-10-07 17:27:09.873"}
{"availableBeginTime":"2026-10-07 00:47:09.873","availableEndTime":"2026-10-07 17:27:09.873"}
{"availableBeginTime":"2026-10-07 00:47:09.873","availableEndTime":"2026-10-07 17:27:09.873"}
{"availableBeginTime":"2026-10-07 00:47:09.873","availableEndTime":"2026-10-07 17:27:09.873"}
{"availableBeginTime":"2026-10-07 00:47:09.873","availableEndTime":"2026-10-07 17:27:09.873"}
{"availableBeginTime":"2026-10-07 00:47:09.873","availableEndTime":"2026-10-07 17:27:09.873"}
{"availableBeginTime":"2026-10-07 00:47:09.873","availableEndTime":"2026-10-07 17:27:09.873"}
{"availableBeginTime":"2026-10-07 00:47:09.873","availableEndTime":"2026-10-07 17:27:09.873"}
{"availableBeginTime":"2026-10-07 00:47:09.873","availableEndTime":"2026-10-07 17:27:09.873"}
{"availableBeginTime":"2026-10-07 00:47:09.873","availableEndTime":"2026-10-07 17:27:09.873"}
{"availableBeginTime":"2026-10-07 00:47:09.873","availableEndTime":"2026-10-07 17:27:09.873"}
{"availableBeginTime":"2026-10-07 00:47:09.873","availableEndTime":"2026-10-07 17:27:09.873"}
{"availableBeginTime":"2026-10-07 00:47:09.873","availableEndTime":"2026-10-07 17:27:09.873"}
{"availableBeginTime":"2026-10-07 00:47:09.873","availableEndTime":"2026-10-07 17:27:09.873"}
{"availableBeginTime":"2026-10-07 00:47:09.873","availableEndTime":"2026-10-07 17:27:09.873"}
{"availableBeginTime":"2026-10-07 00:47:09.873","availableEndTime":"2026-10-07 17:27:09.873"}
{"availableBeginTime":"2026-10-07 00:47:09.873","availableEndTime":"2026-10-07 17:27:09.873"}
{"availableBeginTime":"2026-10-07 00:47:09.873","availableEndTime":"2026-10-07 17:27:09.873"}
{"availableBeginTime":"2026-10-07 00:47:09.873","availableEndTime":"2026-10-07 17:27:09.873"}
{"availableBeginTime":"2026-10-07 00:47:09.873","availableEndTime":"2026-10-07 17:27:09.873"}
{"availableBeginTime":"2026-10-07 00:47:09.873","availableEndTime":"2026-10-07 17:27:09.873"}
{"availableBeginTime":"2026-10-07 00:47:09.873","availableEndTime":"2026-10-07 17:27:09.873"}
{"availableBeginTime":"2026-10-07 00:47:09.873","availableEndTime":"2026-10-07 17:27:09.873"}
{"availableBeginTime":"2026-10-07 00:47:09.873","availableEndTime":"2026-10-07 17:27:09.873"}
{"availableBeginTime":"2026-10-07 00:47:09.873","availableEndTime":"2026-10-07 17:27:09.873"}
{"availableBeginTime":"2026-10-07 00:47:09.873","availableEndTime":"2026-10-07 17:27:09.873"}
{"availableBeginTime":"2026-10-07 00:47:09.873","availableEndTime":"2026-10-07 17:27:09.873"}
{"availableBeginTime":"2026-10-07 00:47:09.873","availableEndTime":"2026-10-07 17:27:09.873"}
{"availableBeginTime":"2026-10-07 00:47:09.873","availableEndTime":"2026-10-07 17:27:09.873"}
{"availableBeginTime":"2026-10-07 00:47:09.873","availableEndTime":"2026-10-07 17:27:09.873"}
{"availableBeginTime":"2026-10-07 00:47:09.873","availableEndTime":"2026-10-07 17:27:09.873"}
{"availableBeginTime":"2026-10-07 00:47:09.873","availableEndTime":"2026-10-07 17:27:09.873"}
{"availableBeginTime":"2026-10-07 00:47:09.873","availableEndTime":"2026-10-07 17:27:09.873"}
{"availableBeginTime":"2026-10-07 00:47:09.873","availableEndTime":"2026-10-07 17:27:09.873"}
{"availableBeginTime":"2026-10-07 00:47:09.873","availableEndTime":"2026-10-07 17:27:09.873"}
{"availableBeginTime":"2026-10-07 00:47:09.873","availableEndTime":"2026-10-07 17:27:09.873"}
{"availableBeginTime":"2026-10-07 00:47:09.873","availableEndTime":"2026-10-07 17:27:09.873"}
{"availableBeginTime":"2026-10-07 00:47:09.873","availableEndTime":"2026-10-07 17:27:09.873"}
{"availableBeginTime":"2026-10-07 00:47:09.873","availableEndTime":"2026-10-07 17:27:09.873"}
{"availableBeginTime":"2026-10-07 00:47:09.873","availableEndTime":"2026-10-07 17:27:09.873"}
{"availableBeginTime":"2026-10-07 00:47:09.873","availableEndTime":"2026-10-07 17:27:09.873"}
{"availableBeginTime":"2026-10-07 00:47:09.873","availableEndTime":"2026-10-07 17:27:09.873"}
{"availableBeginTime":"2026-10-07 00:47:09.873","availableEndTime":"2026-10-07 17:27:09.873"}
{"availableBeginTime":"2026-10-07 00:47:09.873","availableEndTime":"2026-10-07 17:27:09.873"}
{"availableBeginTime":"2026-10-07 00:47:09.873","availableEndTime":"2026-10-07 17:27:09.873"}
{"availableBeginTime":"2026-10-07 00:47:09.873","availableEndTime":"2026-10-07 17:27:09.873"}
{"availableBeginTime":"2026-10-07 00:47:09.873","availableEndTime":"2026-10-07 17:27:09.873"}
{"availableBeginTime":"2026-10-07 00:47:09.873","availableEndTime":"2026-10-07 17:27:09.873"}
{"availableBeginTime":"2026-10-07 00:47:09.873","availableEndTime":"2026-10-07 17:27:09.873"}
{"availableBeginTime":"2026-10-07 00:47:09.873","availableEndTime":"2026-10-07 17:27:09.873"}
{"availableBeginTime":"2026-10-07 00:47:09.873","availableEndTime":"2026-10-07 17:27:09.873"}
{"availableBeginTime":"2026-10-07 00:47:09.873","availableEndTime":"2026-10-07 17:27:09.873"}
{"availableBeginTime":"2026-10-07 00:47:09.873","availableEndTime":"2026-10-07 17:27:09.873"}
{"availableBeginTime":"2026-10-07 00:47:09.873","availableEndTime":"2026-10-07 17:27:09.873"}
{"availableBeginTime":"2026-10-07 00:47:09.873","availableEndTime":"2026-10-07 17:27:09.873"}
{"availableBeginTime":"2026-10-07 00:47:09.873","availableEndTime":"2026-10-07 17:27:09.873"}
{"availableBeginTime":"2026-10-07 00:47:09.873","availableEndTime":"2026-10-07 17:27:09.873"}
{"availableBeginTime":"2026-10-07 00:47:09.873","availableEndTime":"2026-10-07 17:27:09.873"}
{"availableBeginTime":"2026-10-07 00:47:09.873","availableEndTime":"2026-10-07 17:27:09.873"}
{"availableBeginTime":"2026-10-07 00:47:09.873","availableEndTime":"2026-10-07 17:27:09.873"}
{"availableBeginTime":"2026-10-07 00:47:09.873","availableEndTime":"2026-10-07 17:27:09.873"}
{"availableBeginTime":"2026-10-07 00:47:09.873","availableEndTime":"2026-10-07 17:27:09.873"}
{"availableBeginTime":"2026-10-07 00:47:09.873","availableEndTime":"2026-10-07 17:27:09.873"}
{"availableBeginTime":"2026-10-07 00:47:09.873","availableEndTime":"2026-10-07 17:27:09.873"}
{"availableBeginTime":"2026-10-07 00:47:09.873","availableEndTime":"2026-10-07 17:27:09.873"}
{"availableBeginTime":"2026-10-07 00:47:09.873","availableEndTime":"2026-10-07 17:27:09.873"}
{"availableBeginTime":"2026-10-07 00:47:09.873","availableEndTime":"2026-10-07 17:27:09.873"}
{"availableBeginTime":"2026-10-07 00:47:09.873","availableEndTime":"2026-10-07 17:27:09.873"}
{"availableBeginTime":"2026-10-07 00:47:09.873","availableEndTime":"2026-10-07 17:27:09.873"}
{"availableBeginTime":"2026-10-07 00:47:09.873","availableEndTime":"2026-10-07 17:27:09.873"}
{"availableBeginTime":"2026-10-07 00:47:09.873","availableEndTime":"2026-10-07 17:27:09.873"}
{"availableBeginTime":"2026-10-07 00:47:09.873","availableEndTime":"2026-10-07 17:27:09.873"}
{"availableBeginTime":"2026-10-07 00:47:09.873","availableEndTime":"2026-10-07 17:27:09.873"}
{"availableBeginTime":"2026-10-07 00:47:09.873","availableEndTime":"2026-10-07 17:27:09.873"}
{"availableBeginTime":"2026-10-07 00:47:09.873","availableEndTime":"2026-10-07 17:27:09.873"}
{"availableBeginTime":"2026-10-07 00:47:09.873","availableEndTime":"2026-10-07 17:27:09.873"}
{"availableBeginTime":"2026-10-07 00:47:09.873","availableEndTime":"2026-10-07 17:27:09.873"}
{"availableBeginTime":"2026-10-07 00:47:09.873","availableEndTime":"2026-10-07 17:27:09.873"}
{"availableBeginTime":"2026-10-07 00:47:09.873","availableEndTime":"2026-10-07 17:27:09.873"}
{"availableBeginTime":"2026-10-07 00:47:09.873","availableEndTime":"2026-10-07 17:27:09.873"}
{"availableBeginTime":"2026-10-07 00:47:09.873","availableEndTime":"2026-10-07 17:27:09.873"}
{"availableBeginTime":"2026-10-07 00:47:09.873","availableEndTime":"2026-10-07 17:27:09.873"}
{"availableBeginTime":"2026-10-07 00:47:09.873","availableEndTime":"2026-10-07 17:27:09.873"}
{"availableBeginTime":"2026-10-07 00:47:09.873","availableEndTime":"2026-10-07 17:27:09.873"}
{"availableBeginTime":"2026-10-07 00:47:09.873","availableEndTime":"2026-10-07 17:27:09.873"}
{"availableBeginTime":"2026-10-07 00:47:09.873","availableEndTime":"2026-10-07 17:27:09.873"}
{"availableBeginTime":"2026-10-07 00:47:09.873","availableEndTime":"2026-10-07 17:27:09.873"}
{"availableBeginTime":"2026-10-07 00:47:09.873","availableEndTime":"2026-10-07 17:27:09.873"}
{"availableBeginTime":"2026-10-07 00:47:09.873","availableEndTime":"2026-10-07 17:27:09.873"}
{"availableBeginTime":"2026-10-07 00:47:09.873","availableEndTime":"2026-10-07 17:27:09.873"}
{"availableBeginTime":"2026-10-07 00:47:09.873","availableEndTime":"2026-10-07 17:27:09.873"}
{"availableBeginTime":"2026-10-07 00:47:09.873","availableEndTime":"2026-10-07 17:27:09.873"}
{"availableBeginTime":"2026-10-07 00:47:09.873","availableEndTime":"2026-10-07 17:27:09.873"}
{"availableBeginTime":"2026-10-07 00:47:09.873","availableEndTime":"2026-10-07 17:27:09.873"}
{"availableBeginTime":"2026-10-07 00:47:09.873","availableEndTime":"2026-10-07 17:27:09.873"}
{"availableBeginTime":"2026-10-07 00:47:09.873","availableEndTime":"2026-10-07 17:27:09.873"}
{"availableBeginTime":"2026-10-07 00:47:09.873","availableEndTime":"2026-10-07 17:27:09.873"}
{"availableBeginTime":"2026-10-07 00:47:09.873","availableEndTime":"2026-10-07 17:27:09.873"}
{"availableBeginTime":"2026-10-07 00:47:09.873","availableEndTime":"2026-10-07 17:27:09.873"}
{"availableBeginTime":"2026-10-07 00:47:09.873","availableEndTime":"2026-10-07 17:27:09.873"}
{"availableBeginTime":"2026-10-07 00:47:09.873","availableEndTime":"2026-10-07 17:27:09.873"}
{"availableBeginTime":"2026-10-07 00:47:09.873","availableEndTime":"2026-10-07 17:27:09.873"}
{"availableBeginTime":"2026-10-07 00:47:09.873","availableEndTime":"2026-10-07 17:27:09.873"}
{"availableBeginTime":"2026-10-07 00:47:09.873","availableEndTime":"2026-10-07 17:27:09.873"}
{"availableBeginTime":"2026-10-07 00:47:09.873","availableEndTime":"2026-10-07 17:27:09.873"}
{"availableBeginTime":"2026-10-07 00:47:09.873","availableEndTime":"2026-10-07 17:27:09.873"}
{"availableBeginTime":"2026-10-07 00:47:09.873","availableEndTime":"2026-10-07 17:27:09.873"}
{"availableBeginTime":"2026-10-07 00:47:09.873","availableEndTime":"2026-10-07 17:27:09.873"}
{"availableBeginTime":"2026-10-07 00:47:09.873","availableEndTime":"2026-10-07 17:27:09.873"}
{"availableBeginTime":"2026-10-07 00:47:09.873","availableEndTime":"2026-10-07 17:27:09.873"}
{"availableBeginTime":"2026-10-07 00:47:09.873","availableEndTime":"2026-10-07 17:27:09.873"}
{"availableBeginTime":"2026-10-07 00:47:09.873","availableEndTime":"2026-10-07 17:27:09.873"}
{"availableBeginTime":"2026-10-07 00:47:09.873","availableEndTime":"2026-10-07 17:27:09.873"}
{"availableBeginTime":"2026-10-07 00:47:09.873","availableEndTime":"2026-10-07 17:27:09.873"}
{"availableBeginTime":"2026-10-07 00:47:09.873","availableEndTime":"2026-10-07 17:27:09.873"}
{"availableBeginTime":"2026-10-07 00:47:09.873","availableEndTime":"2026-10-07 17:27:09.873"}
{"availableBeginTime":"2026-10-07 00:47:09.873","availableEndTime":"2026-10-07 17:27:09.873"}
{"availableBeginTime":"2026-10-07 00:47:09.873","availableEndTime":"2026-10-07 17:27:09.873"}
{"availableBeginTime":"2026-10-07 00:47:09.873","availableEndTime":"2026-10-07 17:27:09.873"}
{"availableBeginTime":"2026-10-07 00:47:09.873","availableEndTime":"2026-10-07 17:27:09.873"}
{"availableBeginTime":"2026-10-07 00:47:09.873","availableEndTime":"2026-10-07 17:27:09.873"}
{"availableBeginTime":"2026-10-07 00:47:09.874","availableEndTime":"2026-10-07 17:27:09.874"}
{"availableBeginTime":"2026-10-07 00:47:09.874","availableEndTime":"2026-10-07 17:27:09.874"}
{"availableBeginTime":"2026-10-07 00:47:09.874","availableEndTime":"2026-10-07 17:27:09.874"}
{"availableBeginTime":"2026-10-07 00:47:09.874","availableEndTime":"2026-10-07 17:27:09.874"}
{"availableBeginTime":"2026-10-07 00:47:09.874","availableEndTime":"2026-10-07 17:27:09.874"}
{"availableBeginTime":"2026-10-07 00:47:09.874","availableEndTime":"2026-10-07 17:27:09.874"}
{"availableBeginTime":"2026-10-07 00:47:09.874","availableEndTime":"2026-10-07 17:27:09.874"}
{"availableBeginTime":"2026-10-07 00:47:09.874","availableEndTime":"2026-10-07 17:27:09.874"}
{"availableBeginTime":"2026-10-07 00:47:09.874","availableEndTime":"2026-10-07 17:27:09.874"}
{"availableBeginTime":"2026-10-07 00:47:09.874","availableEndTime":"2026-10-07 17:27:09.874"}
{"availableBeginTime":"2026-10-07 00:47:09.874","availableEndTime":"2026-10-07 17:27:09.874"}
{"availableBeginTime":"2026-10-07 00:47:09.874","availableEndTime":"2026-10-07 17:27:09.874"}
{"availableBeginTime":"2026-10-07 00:47:09.874","availableEndTime":"2026-10-07 17:27:09.874"}
{"availableBeginTime":"2026-10-07 00:47:09.874","availableEndTime":"2026-10-07 17:27:09.874"}
{"availableBeginTime":"2026-10-07 00:47:09.874","availableEndTime":"2026-10-07 17:27:09.874"}
{"availableBeginTime":"2026-10-07 00:47:09.874","availableEndTime":"2026-10-07 17:27:09.874"}
{"availableBeginTime":"2026-10-07 00:47:09.874","availableEndTime":"2026-10-07 17:27:09.874"}
{"availableBeginTime":"2026-10-07 00:47:09.874","availableEndTime":"2026-10-07 17:27:09.874"}
{"availableBeginTime":"2026-10-07 00:47:09.874","availableEndTime":"2026-10-07 17:27:09.874"}
{"availableBeginTime":"2026-10-07 00:47:09.874","availableEndTime":"2026-10-07 17:27:09.874"}
{"availableBeginTime":"2026-10-07 00:47:09.874","availableEndTime":"2026-10-07 17:27:09.874"}
{"availableBeginTime":"2026-10-07 00:47:09.874","availableEndTime":"2026-10-07 17:27:09.874"}
{"availableBeginTime":"2026-10-07 00:47:09.874","availableEndTime":"2026-10-07 17:27:09.874"}
{"availableBeginTime":"2026-10-07 00:47:09.874","availableEndTime":"2026-10-07 17:27:09.874"}
{"availableBeginTime":"2026-10-07 00:47:09.874","availableEndTime":"2026-10-07 17:27:09.874"}
{"availableBeginTime":"2026-10-07 00:47:09.874","availableEndTime":"2026-10-07 17:27:09.874"}
{"availableBeginTime":"2026-10-07 00:47:09.874","availableEndTime":"2026-10-07 17:27:09.874"}
{"availableBeginTime":"2026-10-07 00:47:09.874","availableEndTime":"2026-10-07 17:27:09.874"}
{"availableBeginTime":"2026-10-07 00:47:09.874","availableEndTime":"2026-10-07 17:27:09.874"}
{"availableBeginTime":"2026-10-07 00:47:09.874","availableEndTime":"2026-10-07 17:27:09.874"}
{"availableBeginTime":"2026-10-07 00:47:09.874","availableEndTime":"2026-10-07 17:27:09.874"}
{"availableBeginTime":"2026-10-07 00:47:09.874","availableEndTime":"2026-10-07 17:27:09.874"}
{"availableBeginTime":"2026-10-07 00:47:09.874","availableEndTime":"2026-10-07 17:27:09.874"}
{"availableBeginTime":"2026-10-07 00:47:09.874","availableEndTime":"2026-10-07 17:27:09.874"}
{"availableBeginTime":"2026-10-07 00:47:09.874","availableEndTime":"2026-10-07 17:27:09.874"}
{"availableBeginTime":"2026-10-07 00:47:09.874","availableEndTime":"2026-10-07 17:27:09.874"}
{"availableBeginTime":"2026-10-07 00:47:09.874","availableEndTime":"2026-10-07 17:27:09.874"}
{"availableBeginTime":"2026-10-07 00:47:09.874","availableEndTime":"2026-10-07 17:27:09.874"}
{"availableBeginTime":"2026-10-07 00:47:09.874","availableEndTime":"2026-10-07 17:27:09.874"}
{"availableBeginTime":"2026-10-07 00:47:09.874","availableEndTime":"2026-10-07 17:27:09.874"}
{"availableBeginTime":"2026-10-07 00:47:09.874","availableEndTime":"2026-10-07 17:27:09.874"}
{"availableBeginTime":"2026-10-07 00:47:09.874","availableEndTime":"2026-10-07 17:27:09.874"}
{"availableBeginTime":"2026-10-07 00:47:09.874","availableEndTime":"2026-10-07 17:27:09.874"}
{"availableBeginTime":"2026-10-07 00:47:09.874","availableEndTime":"2026-10-07 17:27:09.874"}
{"availableBeginTime":"2026-10-07 00:47:09.874","availableEndTime":"2026-10-07 17:27:09.874"}
{"availableBeginTime":"2026-10-07 00:47:09.874","availableEndTime":"2026-10-07 17:27:09.874"}
{"availableBeginTime":"2026-10-07 00:47:09.874","availableEndTime":"2026-10-07 17:27:09.874"}
{"availableBeginTime":"2026-10-07 00:47:09.874","availableEndTime":"2026-10-07 17:27:09.874"}
{"availableBeginTime":"2026-10-07 00:47:09.874","availableEndTime":"2026-10-07 17:27:09.874"}
{"availableBeginTime":"2026-10-07 00:47:09.874","availableEndTime":"2026-10-07 17:27:09.874"}
{"availableBeginTime":"2026-10-07 00:47:09.874","availableEndTime":"2026-10-07 17:27:09.874"}
{"availableBeginTime":"2026-10-07 00:47:09.874","availableEndTime":"2026-10-07 17:27:09.874"}
{"availableBeginTime":"2026-10-07 00:47:09.874","availableEndTime":"2026-10-07 17:27:09.874"}
{"availableBeginTime":"2026-10-07 00:47:09.874","availableEndTime":"2026-10-07 17:27:09.874"}
{"availableBeginTime":"2026-10-07 00:47:09.874","availableEndTime":"2026-10-07 17:27:09.874"}
{"availableBeginTime":"2026-10-07 00:47:09.874","availableEndTime":"2026-10-07 17:27:09.874"}
{"availableBeginTime":"2026-10-07 00:47:09.874","availableEndTime":"2026-10-07 17:27:09.874"}
{"availableBeginTime":"2026-10-07 00:47:09.874","availableEndTime":"2026-10-07 17:27:09.874"}
{"availableBeginTime":"2026-10-07 00:47:09.874","availableEndTime":"2026-10-07 17:27:09.874"}
{"availableBeginTime":"2026-10-07 00:47:09.874","availableEndTime":"2026-10-07 17:27:09.874"}
{"availableBeginTime":"2026-10-07 00:47:09.874","availableEndTime":"2026-10-07 17:27:09.874"}
{"availableBeginTime":"2026-10-07 00:47:09.874","availableEndTime":"2026-10-07 17:27:09.874"}
{"availableBeginTime":"2026-10-07 00:47:09.874","availableEndTime":"2026-10-07 17:27:09.874"}
{"availableBeginTime":"2026-10-07 00:47:09.874","availableEndTime":"2026-10-07 17:27:09.874"}
{"availableBeginTime":"2026-10-07 00:47:09.874","availableEndTime":"2026-10-07 17:27:09.874"}
{"availableBeginTime":"2026-10-07 00:47:09.874","availableEndTime":"2026-10-07 17:27:09.874"}
{"availableBeginTime":"2026-10-07 00:47:09.874","availableEndTime":"2026-10-07 17:27:09.874"}
{"availableBeginTime":"2026-10-07 00:47:09.874","availableEndTime":"2026-10-07 17:27:09.874"}
{"availableBeginTime":"2026-10-07 00:47:09.874","availableEndTime":"2026-10-07 17:27:09.874"}
{"availableBeginTime":"2026-10-07 00:47:09.874","availableEndTime":"2026-10-07 17:27:09.874"}
{"availableBeginTime":"2026-10-07 00:47:09.874","availableEndTime":"2026-10-07 17:27:09.874"}
{"availableBeginTime":"2026-10-07 00:47:09.874","availableEndTime":"2026-10-07 17:27:09.874"}
{"availableBeginTime":"2026-10-07 00:47:09.874","availableEndTime":"2026-10-07 17:27:09.874"}
{"availableBeginTime":"2026-10-07 00:47:09.874","availableEndTime":"2026-10-07 17:27:09.874"}
{"availableBeginTime":"2026-10-07 00:47:09.874","availableEndTime":"2026-10-07 17:27:09.874"}
{"availableBeginTime":"2026-10-07 00:47:09.874","availableEndTime":"2026-10-07 17:27:09.874"}
{"availableBeginTime":"2026-10-07 00:47:09.874","availableEndTime":"2026-10-07 17:27:09.874"}
{"availableBeginTime":"2026-10-07 00:47:09.874","availableEndTime":"2026-10-07 17:27:09.874"}
{"availableBeginTime":"2026-10-07 00:47:09.874","availableEndTime":"2026-10-07 17:27:09.874"}
{"availableBeginTime":"2026-10-07 00:47:09.874","availableEndTime":"2026-10-07 17:27:09.874"}
{"availableBeginTime":"2026-10-07 00:47:09.874","availableEndTime":"2026-10-07 17:27:09.874"}
{"availableBeginTime":"2026-10-07 00:47:09.874","availableEndTime":"2026-10-07 17:27:09.874"}
{"availableBeginTime":"2026-10-07 00:47:09.874","availableEndTime":"2026-10-07 17:27:09.874"}
{"availableBeginTime":"2026-10-07 00:47:09.874","availableEndTime":"2026-10-07 17:27:09.874"}
{"availableBeginTime":"2026-10-07 00:47:09.874","availableEndTime":"2026-10-07 17:27:09.874"}
{"availableBeginTime":"2026-10-07 00:47:09.874","availableEndTime":"2026-10-07 17:27:09.874"}
{"availableBeginTime":"2026-10-07 00:47:09.874","availableEndTime":"2026-10-07 17:27:09.874"}
{"availableBeginTime":"2026-10-07 00:47:09.874","availableEndTime":"2026-10-07 17:27:09.874"}
{"availableBeginTime":"2026-10-07 00:47:09.874","availableEndTime":"2026-10-07 17:27:09.874"}
{"availableBeginTime":"2026-10-07 00:47:09.874","availableEndTime":"2026-10-07 17:27:09.874"}
{"availableBeginTime":"2026-10-07 00:47:09.874","availableEndTime":"2026-10-07 17:27:09.874"}
{"availableBeginTime":"2026-10-07 00:47:09.874","availableEndTime":"2026-10-07 17:27:09.874"}
{"availableBeginTime":"2026-10-07 00:47:09.874","availableEndTime":"2026-10-07 17:27:09.874"}
{"availableBeginTime":"2026-10-07 00:47:09.874","availableEndTime":"2026-10-07 17:27:09.874"}
{"availableBeginTime":"2026-10-07 00:47:09.874","availableEndTime":"2026-10-07 17:27:09.874"}
{"availableBeginTime":"2026-10-07 00:47:09.874","availableEndTime":"2026-10-07 17:27:09.874"}
{"availableBeginTime":"2026-10-07 00:47:09.874","availableEndTime":"2026-10-07 17:27:09.874"}
{"availableBeginTime":"2026-10-07 00:47:09.874","availableEndTime":"2026-10-07 17:27:09.874"}
{"availableBeginTime":"2026-10-07 00:47:09.874","availableEndTime":"2026-10-07 17:27:09.874"}
{"availableBeginTime":"2026-10-07 00:47:09.874","availableEndTime":"2026-10-07 17:27:09.874"}
{"availableBeginTime":"2026-10-07 00:47:09.874","availableEndTime":"2026-10-07 17:27:09.874"}
{"availableBeginTime":"2026-10-07 00:47:09.874","availableEndTime":"2026-10-07 17:27:09.874"}
{"availableBeginTime":"2026-10-07 00:47:09.874","availableEndTime":"2026-10-07 17:27:09.874"}
{"availableBeginTime":"2026-10-07 00:47:09.874","availableEndTime":"2026-10-07 17:27:09.874"}
{"availableBeginTime":"2026-10-07 00:47:09.874","availableEndTime":"2026-10-07 17:27:09.874"}
{"availableBeginTime":"2026-10-07 00:47:09.874","availableEndTime":"2026-10-07 17:27:09.874"}
{"availableBeginTime":"2026-10-07 00:47:09.874","availableEndTime":"2026-10-07 17:27:09.874"}
{"availableBeginTime":"2026-10-07 00:47:09.874","availableEndTime":"2026-10-07 17:27:09.874"}
{"availableBeginTime":"2026-10-07 00:47:09.874","availableEndTime":"2026-10-07 17:27:09.874"}
{"availableBeginTime":"2026-10-07 00:47:09.874","availableEndTime":"2026-10-07 17:27:09.874"}
{"availableBeginTime":"2026-10-07 00:47:09.874","availableEndTime":"2026-10-07 17:27:09.874"}
{"availableBeginTime":"2026-10-07 00:47:09.874","availableEndTime":"2026-10-07 17:27:09.874"}
{"availableBeginTime":"2026-10-07 00:47:09.874","availableEndTime":"2026-10-07 17:27:09.874"}
{"availableBeginTime":"2026-10-07 00:47:09.874","availableEndTime":"2026-10-07 17:27:09.874"}
{"availableBeginTime":"2026-10-07 00:47:09.874","availableEndTime":"2026-10-07 17:27:09.874"}
{"availableBeginTime":"2026-10-07 00:47:09.874","availableEndTime":"2026-10-07 17:27:09.874"}
{"availableBeginTime":"2026-10-07 00:47:09.874","availableEndTime":"2026-10-07 17:27:09.874"}
{"availableBeginTime":"2026-10-07 00:47:09.874","availableEndTime":"2026-10-07 17:27:09.874"}
{"availableBeginTime":"2026-10-07 00:47:09.874","availableEndTime":"2026-10-07 17:27:09.874"}
{"availableBeginTime":"2026-10-07 00:47:09.874","availableEndTime":"2026-10-07 17:27:09.874"}
{"availableBeginTime":"2026-10-07 00:47:09.874","availableEndTime":"2026-10-07 17:27:09.874"}
{"availableBeginTime":"2026-10-07 00:47:09.874","availableEndTime":"2026-10-07 17:27:09.874"}
{"availableBeginTime":"2026-10-07 00:47:09.874","availableEndTime":"2026-10-07 17:27:09.874"}
{"availableBeginTime":"2026-10-07 00:47:09.874","availableEndTime":"2026-10-07 17:27:09.874"}
{"availableBeginTime":"2026-10-07 00:47:09.874","availableEndTime":"2026-10-07 17:27:09.874"}
{"availableBeginTime":"2026-10-07 00:47:09.874","availableEndTime":"2026-10-07 17:27:09.874"}
{"availableBeginTime":"2026-10-07 00:47:09.874","availableEndTime":"2026-10-07 17:27:09.874"}
{"availableBeginTime":"2026-10-07 00:47:09.874","availableEndTime":"2026-10-07 17:27:09.874"}
{"availableBeginTime":"2026-10-07 00:47:09.874","availableEndTime":"2026-10-07 17:27:09.874"}
{"availableBeginTime":"2026-10-07 00:47:09.874","availableEndTime":"2026-10-07 17:27:09.874"}
{"availableBeginTime":"2026-10-07 00:47:09.874","availableEndTime":"2026-10-07 17:27:09.874"}
{"availableBeginTime":"2026-10-07 00:47:09.874","availableEndTime":"2026-10-07 17:27:09.874"}
{"availableBeginTime":"2026-10-07 00:47:09.874","availableEndTime":"2026-10-07 17:27:09.874"}
{"availableBeginTime":"2026-10-07 00:47:09.874","availableEndTime":"2026-10-07 17:27:09.874"}
{"availableBeginTime":"2026-10-07 00:47:09.874","availableEndTime":"2026-10-07 17:27:09.874"}
{"availableBeginTime":"2026-10-07 00:47:09.874","availableEndTime":"2026-10-07 17:27:09.874"}
{"availableBeginTime":"2026-10-07 00:47:09.874","availableEndTime":"2026-10-07 17:27:09.874"}
{"availableBeginTime":"2026-10-07 00:47:09.874","availableEndTime":"2026-10-07 17:27:09.874"}
{"availableBeginTime":"2026-10-07 00:47:09.874","availableEndTime":"2026-10-07 17:27:09.874"}
{"availableBeginTime":"2026-10-07 00:47:09.874","availableEndTime":"2026-10-07 17:27:09.874"}
{"availableBeginTime":"2026-10-07 00:47:09.874","availableEndTime":"2026-10-07 17:27:09.874"}
{"availableBeginTime":"2026-10-07 00:47:09.874","availableEndTime":"2026-10-07 17:27:09.874"}
{"availableBeginTime":"2026-10-07 00:47:09.874","availableEndTime":"2026-10-07 17:27:09.874"}
{"availableBeginTime":"2026-10-07 00:47:09.874","availableEndTime":"2026-10-07 17:27:09.874"}
{"availableBeginTime":"2026-10-07 00:47:09.874","availableEndTime":"2026-10-07 17:27:09.874"}
{"availableBeginTime":"2026-10-07 00:47:09.874","availableEndTime":"2026-10-07 17:27:09.874"}
{"availableBeginTime":"2026-10-07 00:47:09.874","availableEndTime":"2026-10-07 17:27:09.874"}
{"availableBeginTime":"2026-10-07 00:47:09.874","availableEndTime":"2026-10-07 17:27:09.874"}
{"availableBeginTime":"2026-10-07 00:47:09.874","availableEndTime":"2026-10-07 17:27:09.874"}
{"availableBeginTime":"2026-10-07 00:47:09.874","availableEndTime":"2026-10-07 17:27:09.874"}
{"availableBeginTime":"2026-10-07 00:47:09.874","availableEndTime":"2026-10-07 17:27:09.874"}
{"availableBeginTime":"2026-10-07 00:47:09.874","availableEndTime":"2026-10-07 17:27:09.874"}
{"availableBeginTime":"2026-10-07 00:47:09.874","availableEndTime":"2026-10-07 17:27:09.874"}
{"availableBeginTime":"2026-10-07 00:47:09.874","availableEndTime":"2026-10-07 17:27:09.874"}
{"availableBeginTime":"2026-10-07 00:47:09.874","availableEndTime":"2026-10-07 17:27:09.874"}
{"availableBeginTime":"2026-10-07 00:47:09.874","availableEndTime":"2026-10-07 17:27:09.874"}
{"availableBeginTime":"2026-10-07 00:47:09.874","availableEndTime":"2026-10-07 17:27:09.874"}
{"availableBeginTime":"2026-10-07 00:47:09.874","availableEndTime":"2026-10-07 17:27:09.874"}
{"availableBeginTime":"2026-10-07 00:47:09.874","availableEndTime":"2026-10-07 17:27:09.874"}
{"availableBeginTime":"2026-10-07 00:47:09.874","availableEndTime":"2026-10-07 17:27:09.874"}
{"availableBeginTime":"2026-10-07 00:47:09.874","availableEndTime":"2026-10-07 17:27:09.874"}
{"availableBeginTime":"2026-10-07 00:47:09.874","availableEndTime":"2026-10-07 17:27:09.874"}
{"availableBeginTime":"2026-10-07 00:47:09.874","availableEndTime":"2026-10-07 17:27:09.874"}
{"availableBeginTime":"2026-10-07 00:47:09.874","availableEndTime":"2026-10-07 17:27:09.874"}
{"availableBeginTime":"2026-10-07 00:47:09.874","availableEndTime":"2026-10-07 17:27:09.874"}
{"availableBeginTime":"2026-10-07 00:47:09.874","availableEndTime":"2026-10-07 17:27:09.874"}
{"availableBeginTime":"2026-10-07 00:47:09.874","availableEndTime":"2026-10-07 17:27:09.874"}
{"availableBeginTime":"2026-10-07 00:47:09.874","availableEndTime":"2026-10-07 17:27:09.874"}
{"availableBeginTime":"2026-10-07 00:47:09.874","availableEndTime":"2026-10-07 17:27:09.874"}
{"availableBeginTime":"2026-10-07 00:47:09.874","availableEndTime":"2026-10-07 17:27:09.874"}
{"availableBeginTime":"2026-10-07 00:47:09.874","availableEndTime":"2026-10-07 17:27:09.874"}
{"availableBeginTime":"2026-10-07 00:47:09.874","availableEndTime":"2026-10-07 17:27:09.874"}
{"availableBeginTime":"2026-10-07 00:47:09.874","availableEndTime":"2026-10-07 17:27:09.874"}
{"availableBeginTime":"2026-10-07 00:47:09.874","availableEndTime":"2026-10-07 17:27:09.874"}
{"availableBeginTime":"2026-10-07 00:47:09.874","availableEndTime":"2026-10-07 17:27:09.874"}
{"availableBeginTime":"2026-10-07 00:47:09.874","availableEndTime":"2026-10-07 17:27:09.874"}
{"availableBeginTime":"2026-10-07 00:47:09.874","availableEndTime":"2026-10-07 17:27:09.874"}
{"availableBeginTime":"2026-10-07 00:47:09.874","availableEndTime":"2026-10-07 17:27:09.874"}
{"availableBeginTime":"2026-10-07 00:47:09.874","availableEndTime":"2026-10-07 17:27:09.874"}
{"availableBeginTime":"2026-10-07 00:47:09.874","availableEndTime":"2026-10-07 17:27:09.874"}
{"availableBeginTime":"2026-10-07 00:47:09.874","availableEndTime":"2026-10-07 17:27:09.874"}
{"availableBeginTime":"2026-10-07 00:47:09.874","availableEndTime":"2026-10-07 17:27:09.874"}
{"availableBeginTime":"2026-10-07 00:47:09.874","availableEndTime":"2026-10-07 17:27:09.874"}
{"availableBeginTime":"2026-10-07 00:47:09.874","availableEndTime":"2026-10-07 17:27:09.874"}
{"availableBeginTime":"2026-10-07 00:47:09.874","availableEndTime":"2026-10-07 17:27:09.874"}
{"availableBeginTime":"2026-10-07 00:47:09.874","availableEndTime":"2026-10-07 17:27:09.874"}
{"availableBeginTime":"2026-10-07 00:47:09.874","availableEndTime":"2026-10-07 17:27:09.874"}
{"availableBeginTime":"2026-10-07 00:47:09.874","availableEndTime":"2026-10-07 17:27:09.874"}
{"availableBeginTime":"2026-10-07 00:47:09.874","availableEndTime":"2026-10-07 17:27:09.874"}
{"availableBeginTime":"2026-10-07 00:47:09.874","availableEndTime":"2026-10-07 17:27:09.874"}
{"availableBeginTime":"2026-10-07 00:47:09.874","availableEndTime":"2026-10-07 17:27:09.874"}
{"availableBeginTime":"2026-10-07 00:47:09.874","availableEndTime":"2026-10-07 17:27:09.874"}
{"availableBeginTime":"2026-10-07 00:47:09.874","availableEndTime":"2026-10-07 17:27:09.874"}
{"availableBeginTime":"2026-10-07 00:47:09.874","availableEndTime":"2026-10-07 17:27:09.874"}
{"availableBeginTime":"2026-10-07 00:47:09.874","availableEndTime":"2026-10-07 17:27:09.874"}
{"availableBeginTime":"2026-10-07 00:47:09.874","availableEndTime":"2026-10-07 17:27:09.874"}
{"availableBeginTime":"2026-10-07 00:47:09.874","availableEndTime":"2026-10-07 17:27:09.874"}
{"availableBeginTime":"2026-10-07 00:47:09.874","availableEndTime":"2026-10-07 17:27:09.874"}
{"availableBeginTime":"2026-10-07 00:47:09.874","availableEndTime":"2026-10-07 17:27:09.874"}
{"availableBeginTime":"2026-10-07 00:47:09.874","availableEndTime":"2026-10-07 17:27:09.874"}
{"availableBeginTime":"2026-10-07 00:47:09.874","availableEndTime":"2026-10-07 17:27:09.874"}
{"availableBeginTime":"2026-10-07 00:47:09.874","availableEndTime":"2026-10-07 17:27:09.874"}
{"availableBeginTime":"2026-10-07 00:47:09.874","availableEndTime":"2026-10-07 17:27:09.874"}
{"availableBeginTime":"2026-10-07 00:47:09.874","availableEndTime":"2026-10-07 17:27:09.874"}
{"availableBeginTime":"2026-10-07 00:47:09.874","availableEndTime":"2026-10-07 17:27:09.874"}
{"availableBeginTime":"2026-10-07 00:47:09.874","availableEndTime":"2026-10-07 17:27:09.874"}
{"availableBeginTime":"2026-10-07 00:47:09.874","availableEndTime":"2026-10-07 17:27:09.874"}
{"availableBeginTime":"2026-10-07 00:47:09.874","availableEndTime":"2026-10-07 17:27:09.874"}
{"availableBeginTime":"2026-10-07 00:47:09.874","availableEndTime":"2026-10-07 17:27:09.874"}
{"availableBeginTime":"2026-10-07 00:47:09.874","availableEndTime":"2026-10-07 17:27:09.874"}
{"availableBeginTime":"2026-10-07 00:47:09.874","availableEndTime":"2026-10-07 17:27:09.874"}
{"availableBeginTime":"2026-10-07 00:47:09.874","availableEndTime":"2026-10-07 17:27:09.874"}
{"availableBeginTime":"2026-10-07 00:47:09.874","availableEndTime":"2026-10-07 17:27:09.874"}
{"availableBeginTime":"2026-10-07 00:47:09.874","availableEndTime":"2026-10-07 17:27:09.874"}
{"availableBeginTime":"2026-10-07 00:47:09.874","availableEndTime":"2026-10-07 17:27:09.874"}
{"availableBeginTime":"2026-10-07 00:47:09.874","availableEndTime":"2026-10-07 17:27:09.874"}
{"availableBeginTime":"2026-10-07 00:47:09.874","availableEndTime":"2026-10-07 17:27:09.874"}
{"availableBeginTime":"2026-10-07 00:47:09.874","availableEndTime":"2026-10-07 17:27:09.874"}
{"availableBeginTime":"2026-10-07 00:47:09.874","availableEndTime":"2026-10-07 17:27:09.874"}
{"availableBeginTime":"2026-10-07 00:47:09.874","availableEndTime":"2026-10-07 17:27:09.874"}
{"availableBeginTime":"2026-10-07 00:47:09.874","availableEndTime":"2026-10-07 17:27:09.874"}
{"availableBeginTime":"2026-10-07 00:47:09.874","availableEndTime":"2026-10-07 17:27:09.874"}
{"availableBeginTime":"2026-10-07 00:47:09.874","availableEndTime":"2026-10-07 17:27:09.874"}
{"availableBeginTime":"2026-10-07 00:47:09.874","availableEndTime":"2026-10-07 17:27:09.874"}
{"availableBeginTime":"2026-10-07 00:47:09.874","availableEndTime":"2026-10-07 17:27:09.874"}
{"availableBeginTime":"2026-10-07 00:47:09.874","availableEndTime":"2026-10-07 17:27:09.874"}
{"availableBeginTime":"2026-10-07 00:47:09.874","availableEndTime":"2026-10-07 17:27:09.874"}
{"availableBeginTime":"2026-10-07 00:47:09.874","availableEndTime":"2026-10-07 17:27:09.874"}
{"availableBeginTime":"2026-10-07 00:47:09.874","availableEndTime":"2026-10-07 17:27:09.874"}
{"availableBeginTime":"2026-10-07 00:47:09.874","availableEndTime":"2026-10-07 17:27:09.874"}
{"availableBeginTime":"2026-10-07 00:47:09.874","availableEndTime":"2026-10-07 17:27:09.874"}
{"availableBeginTime":"2026-10-07 00:47:09.874","availableEndTime":"2026-10-07 17:27:09.874"}
{"availableBeginTime":"2026-10-07 00:47:09.874","availableEndTime":"2026-10-07 17:27:09.874"}
{"availableBeginTime":"2026-10-07 00:47:09.874","availableEndTime":"2026-10-07 17:27:09.874"}
{"availableBeginTime":"2026-10-07 00:47:09.874","availableEndTime":"2026-10-07 17:27:09.874"}
{"availableBeginTime":"2026-10-07 00:47:09.874","availableEndTime":"2026-10-07 17:27:09.874"}
{"availableBeginTime":"2026-10-07 00:47:09.874","availableEndTime":"2026-10-07 17:27:09.874"}
{"availableBeginTime":"2026-10-07 00:47:09.874","availableEndTime":"2026-10-07 17:27:09.874"}
{"availableBeginTime":"2026-10-07 00:47:09.874","availableEndTime":"2026-10-07 17:27:09.874"}
{"availableBeginTime":"2026-10-07 00:47:09.874","availableEndTime":"2026-10-07 17:27:09.874"}
{"availableBeginTime":"2026-10-07 00:47:09.874","availableEndTime":"2026-10-07 17:27:09.874"}
{"availableBeginTime":"2026-10-07 00:47:09.874","availableEndTime":"2026-10-07 17:27:09.874"}
{"availableBeginTime":"2026-10-07 00:47:09.874","availableEndTime":"2026-10-07 17:27:09.874"}
{"availableBeginTime":"2026-10-07 00:47:09.874","availableEndTime":"2026-10-07 17:27:09.874"}
{"availableBeginTime":"2026-10-07 00:47:09.874","availableEndTime":"2026-10-07 17:27:09.874"}
{"availableBeginTime":"2026-10-07 00:47:09.874","availableEndTime":"2026-10-07 17:27:09.874"}
{"availableBeginTime":"2026-10-07 00:47:09.874","availableEndTime":"2026-10-07 17:27:09.874"}
{"availableBeginTime":"2026-10-07 00:47:09.874","availableEndTime":"2026-10-07 17:27:09.874"}
{"availableBeginTime":"2026-10-07 00:47:09.874","availableEndTime":"2026-10-07 17:27:09.874"}
{"availableBeginTime":"2026-10-07 00:47:09.874","availableEndTime":"2026-10-07 17:27:09.874"}
{"availableBeginTime":"2026-10-07 00:47:09.874","availableEndTime":"2026-10-07 17:27:09.874"}
{"availableBeginTime":"2026-10-07 00:47:09.874","availableEndTime":"2026-10-07 17:27:09.874"}
{"availableBeginTime":"2026-10-07 00:47:09.874","availableEndTime":"2026-10-07 17:27:09.874"}
{"availableBeginTime":"2026-10-07 00:47:09.874","availableEndTime":"2026-10-07 17:27:09.874"}
{"availableBeginTime":"2026-10-07 00:47:09.874","availableEndTime":"2026-10-07 17:27:09.874"}
{"availableBeginTime":"2026-10-07 00:47:09.874","availableEndTime":"2026-10-07 17:27:09.874"}
{"availableBeginTime":"2026-10-07 00:47:09.874","availableEndTime":"2026-10-07 17:27:09.874"}
{"availableBeginTime":"2026-10-07 00:47:09.874","availableEndTime":"2026-10-07 17:27:09.874"}
{"availableBeginTime":"2026-10-07 00:47:09.874","availableEndTime":"2026-10-07 17:27:09.874"}
{"availableBeginTime":"2026-10-07 00:47:09.874","availableEndTime":"2026-10-07 17:27:09.874"}
{"availableBeginTime":"2026-10-07 00:47:09.874","availableEndTime":"2026-10-07 17:27:09.874"}
{"availableBeginTime":"2026-10-07 00:47:09.874","availableEndTime":"2026-10-07 17:27:09.874"}
{"availableBeginTime":"2026-10-07 00:47:09.874","availableEndTime":"2026-10-07 17:27:09.874"}
{"availableBeginTime":"2026-10-07 00:47:09.874","availableEndTime":"2026-10-07 17:27:09.874"}
{"availableBeginTime":"2026-10-07 00:47:09.874","availableEndTime":"2026-10-07 17:27:09.874"}
{"availableBeginTime":"2026-10-07 00:47:09.874","availableEndTime":"2026-10-07 17:27:09.874"}
{"availableBeginTime":"2026-10-07 00:47:09.874","availableEndTime":"2026-10-07 17:27:09.874"}
{"availableBeginTime":"2026-10-07 00:47:09.874","availableEndTime":"2026-10-07 17:27:09.874"}
{"availableBeginTime":"2026-10-07 00:47:09.874","availableEndTime":"2026-10-07 17:27:09.874"}
{"availableBeginTime":"2026-10-07 00:47:09.874","availableEndTime":"2026-10-07 17:27:09.874"}
{"availableBeginTime":"2026-10-07 00:47:09.874","availableEndTime":"2026-10-07 17:27:09.874"}
{"availableBeginTime":"2026-10-07 00:47:09.874","availableEndTime":"2026-10-07 17:27:09.874"}
{"availableBeginTime":"2026-10-07 00:47:09.874","availableEndTime":"2026-10-07 17:27:09.874"}
{"availableBeginTime":"2026-10-07 00:47:09.874","availableEndTime":"2026-10-07 17:27:09.874"}
{"availableBeginTime":"2026-10-07 00:47:09.874","availableEndTime":"2026-10-07 17:27:09.874"}
{"availableBeginTime":"2026-10-07 00:47:09.874","availableEndTime":"2026-10-07 17:27:09.874"}
{"availableBeginTime":"2026-10-07 00:47:09.874","availableEndTime":"2026-10-07 17:27:09.874"}
{"availableBeginTime":"2026-10-07 00:47:09.874","availableEndTime":"2026-10-07 17:27:09.874"}
{"availableBeginTime":"2026-10-07 00:47:09.874","availableEndTime":"2026-10-07 17:27:09.874"}
{"availableBeginTime":"2026-10-07 00:47:09.874","availableEndTime":"2026-10-07 17:27:09.874"}
{"availableBeginTime":"2026-10-07 00:47:09.874","availableEndTime":"2026-10-07 17:27:09.874"}
{"availableBeginTime":"2026-10-07 00:47:09.874","availableEndTime":"2026-10-07 17:27:09.874"}
{"availableBeginTime":"2026-10-07 00:47:09.874","availableEndTime":"2026-10-07 17:27:09.874"}
{"availableBeginTime":"2026-10-07 00:47:09.874","availableEndTime":"2026-10-07 17:27:09.874"}
{"availableBeginTime":"2026-10-07 00:47:09.874","availableEndTime":"2026-10-07 17:27:09.874"}
{"availableBeginTime":"2026-10-07 00:47:09.874","availableEndTime":"2026-10-07 17:27:09.874"}
{"availableBeginTime":"2026-10-07 00:47:09.874","availableEndTime":"2026-10-07 17:27:09.874"}
{"availableBeginTime":"2026-10-07 00:47:09.874","availableEndTime":"2026-10-07 17:27:09.874"}
{"availableBeginTime":"2026-10-07 00:47:09.874","availableEndTime":"2026-10-07 17:27:09.874"}
{"availableBeginTime":"2026-10-07 00:47:09.874","availableEndTime":"2026-10-07 17:27:09.874"}
{"availableBeginTime":"2026-10-07 00:47:09.874","availableEndTime":"2026-10-07 17:27:09.874"}
{"availableBeginTime":"2026-10-07 00:47:09.874","availableEndTime":"2026-10-07 17:27:09.874"}
{"availableBeginTime":"2026-10-07 00:47:09.874","availableEndTime":"2026-10-07 17:27:09.874"}
{"availableBeginTime":"2026-10-07 00:47:09.874","availableEndTime":"2026-10-07 17:27:09.874"}
{"availableBeginTime":"2026-10-07 00:47:09.874","availableEndTime":"2026-10-07 17:27:09.874"}
{"availableBeginTime":"2026-10-07 00:47:09.874","availableEndTime":"2026-10-07 17:27:09.874"}
{"availableBeginTime":"2026-10-07 00:47:09.874","availableEndTime":"2026-10-07 17:27:09.874"}
{"availableBeginTime":"2026-10-07 00:47:09.874","availableEndTime":"2026-10-07 17:27:09.874"}
{"availableBeginTime":"2026-10-07 00:47:09.874","availableEndTime":"2026-10-07 17:27:09.874"}
{"availableBeginTime":"2026-10-07 00:47:09.874","availableEndTime":"2026-10-07 17:27:09.874"}
{"availableBeginTime":"2026-10-07 00:47:09.874","availableEndTime":"2026-10-07 17:27:09.874"}
{"availableBeginTime":"2026-10-07 00:47:09.874","availableEndTime":"2026-10-07 17:27:09.874"}
{"availableBeginTime":"2026-10-07 00:47:09.874","availableEndTime":"2026-10-07 17:27:09.874"}
{"availableBeginTime":"2026-10-07 00:47:09.874","availableEndTime":"2026-10-07 17:27:09.874"}
{"availableBeginTime":"2026-10-07 00:47:09.874","availableEndTime":"2026-10-07 17:27:09.874"}
{"availableBeginTime":"2026-10-07 00:47:09.874","availableEndTime":"2026-10-07 17:27:09.874"}
{"availableBeginTime":"2026-10-07 00:47:09.874","availableEndTime":"2026-10-07 17:27:09.874"}
{"availableBeginTime":"2026-10-07 00:47:09.874","availableEndTime":"2026-10-07 17:27:09.874"}
{"availableBeginTime":"2026-10-07 00:47:09.874","availableEndTime":"2026-10-07 17:27:09.874"}
{"availableBeginTime":"2026-10-07 00:47:09.874","availableEndTime":"2026-10-07 17:27:09.874"}
{"availableBeginTime":"2026-10-07 00:47:09.874","availableEndTime":"2026-10-07 17:27:09.874"}
{"availableBeginTime":"2026-10-07 00:47:09.874","availableEndTime":"2026-10-07 17:27:09.874"}
{"availableBeginTime":"2026-10-07 00:47:09.874","availableEndTime":"2026-10-07 17:27:09.874"}
{"availableBeginTime":"2026-10-07 00:47:09.874","availableEndTime":"2026-10-07 17:27:09.874"}
{"availableBeginTime":"2026-10-07 00:47:09.874","availableEndTime":"2026-10-07 17:27:09.874"}
{"availableBeginTime":"2026-10-07 00:47:09.874","availableEndTime":"2026-10-07 17:27:09.874"}
{"availableBeginTime":"2026-10-07 00:47:09.874","availableEndTime":"2026-10-07 17:27:09.874"}
{"availableBeginTime":"2026-10-07 00:47:09.874","availableEndTime":"2026-10-07 17:27:09.874"}
{"availableBeginTime":"2026-10-07 00:47:09.874","availableEndTime":"2026-10-07 17:27:09.874"}
{"availableBeginTime":"2026-10-07 00:47:09.874","availableEndTime":"2026-10-07 17:27:09.874"}
{"availableBeginTime":"2026-10-07 00:47:09.874","availableEndTime":"2026-10-07 17:27:09.874"}
{"availableBeginTime":"2026-10-07 00:47:09.874","availableEndTime":"2026-10-07 17:27:09.874"}
{"availableBeginTime":"2026-10-07 00:47:09.874","availableEndTime":"2026-10-07 17:27:09.874"}
{"availableBeginTime":"2026-10-07 00:47:09.874","availableEndTime":"2026-10-07 17:27:09.874"}
{"availableBeginTime":"2026-10-07 00:47:09.874","availableEndTime":"2026-10-07 17:27:09.874"}
{"availableBeginTime":"2026-10-07 00:47:09.874","availableEndTime":"2026-10-07 17:27:09.874"}
{"availableBeginTime":"2026-10-07 00:47:09.874","availableEndTime":"2026-10-07 17:27:09.874"}
{"availableBeginTime":"2026-10-07 00:47:09.874","availableEndTime":"2026-10-07 17:27:09.874"}
{"availableBeginTime":"2026-10-07 00:47:09.874","availableEndTime":"2026-10-07 17:27:09.874"}
{"availableBeginTime":"2026-10-07 00:47:09.874","availableEndTime":"2026-10-07 17:27:09.874"}
{"availableBeginTime":"2026-10-07 00:47:09.874","availableEndTime":"2026-10-07 17:27:09.874"}
{"availableBeginTime":"2026-10-07 00:47:09.874","availableEndTime":"2026-10-07 17:27:09.874"}
{"availableBeginTime":"2026-10-07 00:47:09.874","availableEndTime":"2026-10-07 17:27:09.874"}
{"availableBeginTime":"2026-10-07 00:47:09.874","availableEndTime":"2026-10-07 17:27:09.874"}
{"availableBeginTime":"2026-10-07 00:47:09.874","availableEndTime":"2026-10-07 17:27:09.874"}
{"availableBeginTime":"2026-10-07 00:47:09.874","availableEndTime":"2026-10-07 17:27:09.874"}
{"availableBeginTime":"2026-10-07 00:47:09.874","availableEndTime":"2026-10-07 17:27:09.874"}
{"availableBeginTime":"2026-10-07 00:47:09.874","availableEndTime":"2026-10-07 17:27:09.874"}
{"availableBeginTime":"2026-10-07 00:47:09.875","availableEndTime":"2026-10-07 17:27:09.875"}
{"availableBeginTime":"2026-10-07 00:47:09.875","availableEndTime":"2026-10-07 17:27:09.875"}
{"availableBeginTime":"2026-10-07 00:47:09.875","availableEndTime":"2026-10-07 17:27:09.875"}
{"availableBeginTime":"2026-10-07 00:47:09.875","availableEndTime":"2026-10-07 17:27:09.875"}
{"availableBeginTime":"2026-10-07 00:47:09.875","availableEndTime":"2026-10-07 17:27:09.875"}
{"availableBeginTime":"2026-10-07 00:47:09.875","availableEndTime":"2026-10-07 17:27:09.875"}
{"availableBeginTime":"2026-10-07 00:47:09.875","availableEndTime":"2026-10-07 17:27:09.875"}
{"availableBeginTime":"2026-10-07 00:47:09.875","availableEndTime":"2026-10-07 17:27:09.875"}
{"availableBeginTime":"2026-10-07 00:47:09.875","availableEndTime":"2026-10-07 17:27:09.875"}
{"availableBeginTime":"2026-10-07 00:47:09.875","availableEndTime":"2026-10-07 17:27:09.875"}
{"availableBeginTime":"2026-10-07 00:47:09.875","availableEndTime":"2026-10-07 17:27:09.875"}
{"availableBeginTime":"2026-10-07 00:47:09.875","availableEndTime":"2026-10-07 17:27:09.875"}
{"availableBeginTime":"2026-10-07 00:47:09.875","availableEndTime":"2026-10-07 17:27:09.875"}
{"availableBeginTime":"2026-10-07 00:47:09.875","availableEndTime":"2026-10-07 17:27:09.875"}
{"availableBeginTime":"2026-10-07 00:47:09.875","availableEndTime":"2026-10-07 17:27:09.875"}
{"availableBeginTime":"2026-10-07 00:47:09.875","availableEndTime":"2026-10-07 17:27:09.875"}
{"availableBeginTime":"2026-10-07 00:47:09.875","availableEndTime":"2026-10-07 17:27:09.875"}
{"availableBeginTime":"2026-10-07 00:47:09.875","availableEndTime":"2026-10-07 17:27:09.875"}
{"availableBeginTime":"2026-10-07 00:47:09.875","availableEndTime":"2026-10-07 17:27:09.875"}
{"availableBeginTime":"2026-10-07 00:47:09.875","availableEndTime":"2026-10-07 17:27:09.875"}
{"availableBeginTime":"2026-10-07 00:47:09.875","availableEndTime":"2026-10-07 17:27:09.875"}
{"availableBeginTime":"2026-10-07 00:47:09.875","availableEndTime":"2026-10-07 17:27:09.875"}
{"availableBeginTime":"2026-10-07 00:47:09.875","availableEndTime":"2026-10-07 17:27:09.875"}
{"availableBeginTime":"2026-10-07 00:47:09.875","availableEndTime":"2026-10-07 17:27:09.875"}
{"availableBeginTime":"2026-10-07 00:47:09.875","availableEndTime":"2026-10-07 17:27:09.875"}
{"availableBeginTime":"2026-10-07 00:47:09.875","availableEndTime":"2026-10-07 17:27:09.875"}
{"availableBeginTime":"2026-10-07 00:47:09.875","availableEndTime":"2026-10-07 17:27:09.875"}
{"availableBeginTime":"2026-10-07 00:47:09.875","availableEndTime":"2026-10-07 17:27:09.875"}
{"availableBeginTime":"2026-10-07 00:47:09.875","availableEndTime":"2026-10-07 17:27:09.875"}
{"availableBeginTime":"2026-10-07 00:47:09.875","availableEndTime":"2026-10-07 17:27:09.875"}
{"availableBeginTime":"2026-10-07 00:47:09.875","availableEndTime":"2026-10-07 17:27:09.875"}
{"availableBeginTime":"2026-10-07 00:47:09.875","availableEndTime":"2026-10-07 17:27:09.875"}
{"availableBeginTime":"2026-10-07 00:47:09.875","availableEndTime":"2026-10-07 17:27:09.875"}
{"availableBeginTime":"2026-10-07 00:47:09.875","availableEndTime":"2026-10-07 17:27:09.875"}
{"availableBeginTime":"2026-10-07 00:47:09.875","availableEndTime":"2026-10-07 17:27:09.875"}
{"availableBeginTime":"2026-10-07 00:47:09.875","availableEndTime":"2026-10-07 17:27:09.875"}
{"availableBeginTime":"2026-10-07 00:47:09.875","availableEndTime":"2026-10-07 17:27:09.875"}
{"availableBeginTime":"2026-10-07 00:47:09.875","availableEndTime":"2026-10-07 17:27:09.875"}
{"availableBeginTime":"2026-10-07 00:47:09.875","availableEndTime":"2026-10-07 17:27:09.875"}
{"availableBeginTime":"2026-10-07 00:47:09.875","availableEndTime":"2026-10-07 17:27:09.875"}
{"availableBeginTime":"2026-10-07 00:47:09.875","availableEndTime":"2026-10-07 17:27:09.875"}
{"availableBeginTime":"2026-10-07 00:47:09.875","availableEndTime":"2026-10-07 17:27:09.875"}
{"availableBeginTime":"2026-10-07 00:47:09.875","availableEndTime":"2026-10-07 17:27:09.875"}
{"availableBeginTime":"2026-10-07 00:47:09.875","availableEndTime":"2026-10-07 17:27:09.875"}
{"availableBeginTime":"2026-10-07 00:47:09.875","availableEndTime":"2026-10-07 17:27:09.875"}
{"availableBeginTime":"2026-10-07 00:47:09.875","availableEndTime":"2026-10-07 17:27:09.875"}
{"availableBeginTime":"2026-10-07 00:47:09.875","availableEndTime":"2026-10-07 17:27:09.875"}
{"availableBeginTime":"2026-10-07 00:47:09.875","availableEndTime":"2026-10-07 17:27:09.875"}
{"availableBeginTime":"2026-10-07 00:47:09.875","availableEndTime":"2026-10-07 17:27:09.875"}
{"availableBeginTime":"2026-10-07 00:47:09.875","availableEndTime":"2026-10-07 17:27:09.875"}
{"availableBeginTime":"2026-10-07 00:47:09.875","availableEndTime":"2026-10-07 17:27:09.875"}
{"availableBeginTime":"2026-10-07 00:47:09.875","availableEndTime":"2026-10-07 17:27:09.875"}
{"availableBeginTime":"2026-10-07 00:47:09.875","availableEndTime":"2026-10-07 17:27:09.875"}
{"availableBeginTime":"2026-10-07 00:47:09.875","availableEndTime":"2026-10-07 17:27:09.875"}
{"availableBeginTime":"2026-10-07 00:47:09.875","availableEndTime":"2026-10-07 17:27:09.875"}
{"availableBeginTime":"2026-10-07 00:47:09.875","availableEndTime":"2026-10-07 17:27:09.875"}
{"availableBeginTime":"2026-10-07 00:47:09.875","availableEndTime":"2026-10-07 17:27:09.875"}
{"availableBeginTime":"2026-10-07 00:47:09.875","availableEndTime":"2026-10-07 17:27:09.875"}
{"availableBeginTime":"2026-10-07 00:47:09.875","availableEndTime":"2026-10-07 17:27:09.875"}
{"availableBeginTime":"2026-10-07 00:47:09.875","availableEndTime":"2026-10-07 17:27:09.875"}
{"availableBeginTime":"2026-10-07 00:47:09.875","availableEndTime":"2026-10-07 17:27:09.875"}
{"availableBeginTime":"2026-10-07 00:47:09.875","availableEndTime":"2026-10-07 17:27:09.875"}
{"availableBeginTime":"2026-10-07 00:47:09.875","availableEndTime":"2026-10-07 17:27:09.875"}
{"availableBeginTime":"2026-10-07 00:47:09.875","availableEndTime":"2026-10-07 17:27:09.875"}
{"availableBeginTime":"2026-10-07 00:47:09.875","availableEndTime":"2026-10-07 17:27:09.875"}
{"availableBeginTime":"2026-10-07 00:47:09.875","availableEndTime":"2026-10-07 17:27:09.875"}
{"availableBeginTime":"2026-10-07 00:47:09.875","availableEndTime":"2026-10-07 17:27:09.875"}
{"availableBeginTime":"2026-10-07 00:47:09.875","availableEndTime":"2026-10-07 17:27:09.875"}
{"availableBeginTime":"2026-10-07 00:47:09.875","availableEndTime":"2026-10-07 17:27:09.875"}
{"availableBeginTime":"2026-10-07 00:47:09.875","availableEndTime":"2026-10-07 17:27:09.875"}
{"availableBeginTime":"2026-10-07 00:47:09.875","availableEndTime":"2026-10-07 17:27:09.875"}
{"availableBeginTime":"2026-10-07 00:47:09.875","availableEndTime":"2026-10-07 17:27:09.875"}
{"availableBeginTime":"2026-10-07 00:47:09.875","availableEndTime":"2026-10-07 17:27:09.875"}
{"availableBeginTime":"2026-10-07 00:47:09.875","availableEndTime":"2026-10-07 17:27:09.875"}
{"availableBeginTime":"2026-10-07 00:47:09.875","availableEndTime":"2026-10-07 17:27:09.875"}
{"availableBeginTime":"2026-10-07 00:47:09.875","availableEndTime":"2026-10-07 17:27:09.875"}
{"availableBeginTime":"2026-10-07 00:47:09.875","availableEndTime":"2026-10-07 17:27:09.875"}
{"availableBeginTime":"2026-10-07 00:47:09.875","availableEndTime":"2026-10-07 17:27:09.875"}
{"availableBeginTime":"2026-10-07 00:47:09.875","availableEndTime":"2026-10-07 17:27:09.875"}
{"availableBeginTime":"2026-10-07 00:47:09.875","availableEndTime":"2026-10-07 17:27:09.875"}
{"availableBeginTime":"2026-10-07 00:47:09.875","availableEndTime":"2026-10-07 17:27:09.875"}
{"availableBeginTime":"2026-10-07 00:47:09.875","availableEndTime":"2026-10-07 17:27:09.875"}
{"availableBeginTime":"2026-10-07 00:47:09.875","availableEndTime":"2026-10-07 17:27:09.875"}
{"availableBeginTime":"2026-10-07 00:47:09.875","availableEndTime":"2026-10-07 17:27:09.875"}
{"availableBeginTime":"2026-10-07 00:47:09.875","availableEndTime":"2026-10-07 17:27:09.875"}
{"availableBeginTime":"2026-10-07 00:47:09.875","availableEndTime":"2026-10-07 17:27:09.875"}
{"availableBeginTime":"2026-10-07 00:47:09.875","availableEndTime":"2026-10-07 17:27:09.875"}
{"availableBeginTime":"2026-10-07 00:47:09.875","availableEndTime":"2026-10-07 17:27:09.875"}
{"availableBeginTime":"2026-10-07 00:47:09.875","availableEndTime":"2026-10-07 17:27:09.875"}
{"availableBeginTime":"2026-10-07 00:47:09.875","availableEndTime":"2026-10-07 17:27:09.875"}
{"availableBeginTime":"2026-10-07 00:47:09.875","availableEndTime":"2026-10-07 17:27:09.875"}
{"availableBeginTime":"2026-10-07 00:47:09.875","availableEndTime":"2026-10-07 17:27:09.875"}
{"availableBeginTime":"2026-10-07 00:47:09.875","availableEndTime":"2026-10-07 17:27:09.875"}
{"availableBeginTime":"2026-10-07 00:47:09.875","availableEndTime":"2026-10-07 17:27:09.875"}
{"availableBeginTime":"2026-10-07 00:47:09.875","availableEndTime":"2026-10-07 17:27:09.875"}
{"availableBeginTime":"2026-10-07 00:47:09.875","availableEndTime":"2026-10-07 17:27:09.875"}
{"availableBeginTime":"2026-10-07 00:47:09.875","availableEndTime":"2026-10-07 17:27:09.875"}
{"availableBeginTime":"2026-10-07 00:47:09.875","availableEndTime":"2026-10-07 17:27:09.875"}
{"availableBeginTime":"2026-10-07 00:47:09.875","availableEndTime":"2026-10-07 17:27:09.875"}
{"availableBeginTime":"2026-10-07 00:47:09.875","availableEndTime":"2026-10-07 17:27:09.875"}
{"availableBeginTime":"2026-10-07 00:47:09.875","availableEndTime":"2026-10-07 17:27:09.875"}
{"availableBeginTime":"2026-10-07 00:47:09.875","availableEndTime":"2026-10-07 17:27:09.875"}
{"availableBeginTime":"2026-10-07 00:47:09.875","availableEndTime":"2026-10-07 17:27:09.875"}
{"availableBeginTime":"2026-10-07 00:47:09.875","availableEndTime":"2026-10-07 17:27:09.875"}
{"availableBeginTime":"2026-10-07 00:47:09.875","availableEndTime":"2026-10-07 17:27:09.875"}
{"availableBeginTime":"2026-10-07 00:47:09.875","availableEndTime":"2026-10-07 17:27:09.875"}
{"availableBeginTime":"2026-10-07 00:47:09.875","availableEndTime":"2026-10-07 17:27:09.875"}
{"availableBeginTime":"2026-10-07 00:47:09.875","availableEndTime":"2026-10-07 17:27:09.875"}
{"availableBeginTime":"2026-10-07 00:47:09.875","availableEndTime":"2026-10-07 17:27:09.875"}
{"availableBeginTime":"2026-10-07 00:47:09.875","availableEndTime":"2026-10-07 17:27:09.875"}
{"availableBeginTime":"2026-10-07 00:47:09.875","availableEndTime":"2026-10-07 17:27:09.875"}
{"availableBeginTime":"2026-10-07 00:47:09.875","availableEndTime":"2026-10-07 17:27:09.875"}
{"availableBeginTime":"2026-10-07 00:47:09.875","availableEndTime":"2026-10-07 17:27:09.875"}
{"availableBeginTime":"2026-10-07 00:47:09.875","availableEndTime":"2026-10-07 17:27:09.875"}
{"availableBeginTime":"2026-10-07 00:47:09.875","availableEndTime":"2026-10-07 17:27:09.875"}
{"availableBeginTime":"2026-10-07 00:47:09.875","availableEndTime":"2026-10-07 17:27:09.875"}
{"availableBeginTime":"2026-10-07 00:47:09.875","availableEndTime":"2026-10-07 17:27:09.875"}
{"availableBeginTime":"2026-10-07 00:47:09.875","availableEndTime":"2026-10-07 17:27:09.875"}
{"availableBeginTime":"2026-10-07 00:47:09.875","availableEndTime":"2026-10-07 17:27:09.875"}
{"availableBeginTime":"2026-10-07 00:47:09.875","availableEndTime":"2026-10-07 17:27:09.875"}
{"availableBeginTime":"2026-10-07 00:47:09.875","availableEndTime":"2026-10-07 17:27:09.875"}
{"availableBeginTime":"2026-10-07 00:47:09.875","availableEndTime":"2026-10-07 17:27:09.875"}
{"availableBeginTime":"2026-10-07 00:47:09.875","availableEndTime":"2026-10-07 17:27:09.875"}
{"availableBeginTime":"2026-10-07 00:47:09.875","availableEndTime":"2026-10-07 17:27:09.875"}
{"availableBeginTime":"2026-10-07 00:47:09.875","availableEndTime":"2026-10-07 17:27:09.875"}
{"availableBeginTime":"2026-10-07 00:47:09.875","availableEndTime":"2026-10-07 17:27:09.875"}
{"availableBeginTime":"2026-10-07 00:47:09.875","availableEndTime":"2026-10-07 17:27:09.875"}
{"availableBeginTime":"2026-10-07 00:47:09.875","availableEndTime":"2026-10-07 17:27:09.875"}
{"availableBeginTime":"2026-10-07 00:47:09.875","availableEndTime":"2026-10-07 17:27:09.875"}
{"availableBeginTime":"2026-10-07 00:47:09.875","availableEndTime":"2026-10-07 17:27:09.875"}
{"availableBeginTime":"2026-10-07 00:47:09.875","availableEndTime":"2026-10-07 17:27:09.875"}
{"availableBeginTime":"2026-10-07 00:47:09.875","availableEndTime":"2026-10-07 17:27:09.875"}
{"availableBeginTime":"2026-10-07 00:47:09.875","availableEndTime":"2026-10-07 17:27:09.875"}
{"availableBeginTime":"2026-10-07 00:47:09.875","availableEndTime":"2026-10-07 17:27:09.875"}
{"availableBeginTime":"2026-10-07 00:47:09.875","availableEndTime":"2026-10-07 17:27:09.875"}
{"availableBeginTime":"2026-10-07 00:47:09.875","availableEndTime":"2026-10-07 17:27:09.875"}
{"availableBeginTime":"2026-10-07 00:47:09.875","availableEndTime":"2026-10-07 17:27:09.875"}
{"availableBeginTime":"2026-10-07 00:47:09.875","availableEndTime":"2026-10-07 17:27:09.875"}
{"availableBeginTime":"2026-10-07 00:47:09.875","availableEndTime":"2026-10-07 17:27:09.875"}
{"availableBeginTime":"2026-10-07 00:47:09.875","availableEndTime":"2026-10-07 17:27:09.875"}
{"availableBeginTime":"2026-10-07 00:47:09.875","availableEndTime":"2026-10-07 17:27:09.875"}
{"availableBeginTime":"2026-10-07 00:47:09.875","availableEndTime":"2026-10-07 17:27:09.875"}
{"availableBeginTime":"2026-10-07 00:47:09.875","availableEndTime":"2026-10-07 17:27:09.875"}
{"availableBeginTime":"2026-10-07 00:47:09.875","availableEndTime":"2026-10-07 17:27:09.875"}
{"availableBeginTime":"2026-10-07 00:47:09.875","availableEndTime":"2026-10-07 17:27:09.875"}
{"availableBeginTime":"2026-10-07 00:47:09.875","availableEndTime":"2026-10-07 17:27:09.875"}
{"availableBeginTime":"2026-10-07 00:47:09.875","availableEndTime":"2026-10-07 17:27:09.875"}
{"availableBeginTime":"2026-10-07 00:47:09.875","availableEndTime":"2026-10-07 17:27:09.875"}
{"availableBeginTime":"2026-10-07 00:47:09.875","availableEndTime":"2026-10-07 17:27:09.875"}
{"availableBeginTime":"2026-10-07 00:47:09.875","availableEndTime":"2026-10-07 17:27:09.875"}
{"availableBeginTime":"2026-10-07 00:47:09.875","availableEndTime":"2026-10-07 17:27:09.875"}
{"availableBeginTime":"2026-10-07 00:47:09.875","availableEndTime":"2026-10-07 17:27:09.875"}
{"availableBeginTime":"2026-10-07 00:47:09.875","availableEndTime":"2026-10-07 17:27:09.875"}
{"availableBeginTime":"2026-10-07 00:47:09.875","availableEndTime":"2026-10-07 17:27:09.875"}
{"availableBeginTime":"2026-10-07 00:47:09.875","availableEndTime":"2026-10-07 17:27:09.875"}
{"availableBeginTime":"2026-10-07 00:47:09.875","availableEndTime":"2026-10-07 17:27:09.875"}
{"availableBeginTime":"2026-10-07 00:47:09.875","availableEndTime":"2026-10-07 17:27:09.875"}
{"availableBeginTime":"2026-10-07 00:47:09.875","availableEndTime":"2026-10-07 17:27:09.875"}
{"availableBeginTime":"2026-10-07 00:47:09.875","availableEndTime":"2026-10-07 17:27:09.875"}
{"availableBeginTime":"2026-10-07 00:47:09.875","availableEndTime":"2026-10-07 17:27:09.875"}
{"availableBeginTime":"2026-10-07 00:47:09.875","availableEndTime":"2026-10-07 17:27:09.875"}
{"availableBeginTime":"2026-10-07 00:47:09.875","availableEndTime":"2026-10-07 17:27:09.875"}
{"availableBeginTime":"2026-10-07 00:47:09.875","availableEndTime":"2026-10-07 17:27:09.875"}
{"availableBeginTime":"2026-10-07 00:47:09.875","availableEndTime":"2026-10-07 17:27:09.875"}
{"availableBeginTime":"2026-10-07 00:47:09.875","availableEndTime":"2026-10-07 17:27:09.875"}
{"availableBeginTime":"2026-10-07 00:47:09.875","availableEndTime":"2026-10-07 17:27:09.875"}
{"availableBeginTime":"2026-10-07 00:47:09.875","availableEndTime":"2026-10-07 17:27:09.875"}
{"availableBeginTime":"2026-10-07 00:47:09.875","availableEndTime":"2026-10-07 17:27:09.875"}
{"availableBeginTime":"2026-10-07 00:47:09.875","availableEndTime":"2026-10-07 17:27:09.875"}
{"availableBeginTime":"2026-10-07 00:47:09.875","availableEndTime":"2026-10-07 17:27:09.875"}
{"availableBeginTime":"2026-10-07 00:47:09.875","availableEndTime":"2026-10-07 17:27:09.875"}
{"availableBeginTime":"2026-10-07 00:47:09.875","availableEndTime":"2026-10-07 17:27:09.875"}
{"availableBeginTime":"2026-10-07 00:47:09.875","availableEndTime":"2026-10-07 17:27:09.875"}
{"availableBeginTime":"2026-10-07 00:47:09.875","availableEndTime":"2026-10-07 17:27:09.875"}
{"availableBeginTime":"2026-10-07 00:47:09.875","availableEndTime":"2026-10-07 17:27:09.875"}
{"@type":"com.alibaba.fastjson2.issues.Issue508$Xx","base":{"@type":"com.alibaba.fastjson2.issues.Issue508$Device","id":1,"name":"xxx"}}
Parsed date: Wed Oct 11 00:00:00 CST 2023
Formatted date: {"utilDate":"2023-10-11"}
Parsed time: Sun Jul 05 16:11:10 CST 169108099
Formatted time: {"utilTime":"16:11:10"}
Parsed time: Sun Jul 05 16:11:00 CST 169108099
Formatted time: {"utilTime":"16:11"}
Parsed date: Wed Oct 11 00:00:00 CST 2023
Formatted date: {"utilDate":"2023-10-11"}
{"@type":"com.alibaba.fastjson2.issues.Canal_Issue4186$1"}
{"code":"项目成员1","formatType":0,"id":"a368f1ff-8702-4d80-9cdf-5260b5fe0fdd","level":0}
[Issue255.TestBean(type=text, data={content=hello111}), Issue255.TestBean(type=text, data={content=hello222})]
[Issue255.TestBean(type=text, data={content=hello111}), Issue255.TestBean(type=text, data={content=hello222})]
{"child_count":8,"del_state":0,"display_level":2,"id":54,"item_index":46,"parent_id":1,"path":"/1/54/","phase_id":1,"title":"八年级上","update_time":1596423978669}
{
	"@type":"com.alibaba.fastjson2.issues.Issue752$Bean#0",
	"@value":{
		"param":[
			"int",
			"int"
		]
	}
}
{
	"@type":"com.alibaba.fastjson2.issues.Issue571$Sample",
	"@value":[
		[
			true,
			false,
			false,
			true
		],
		true,
		false,
		"asdfASDF",
		"!",
		"$",
		[
			-1.234,
			-1.23,
			-12.0,
			-1.0,
			0.0,
			1.0,
			12.0,
			1.23,
			1.234
		],
		1.234567,
		7.654321,
		[
			-12.34,
			-12.3,
			-12.0,
			-1.0,
			0.0,
			1.0,
			12.0,
			12.3,
			12.34
		],
		12.345,
		54.321,
		[
			-1234,
			-123,
			-12,
			-1,
			0,
			1,
			12,
			123,
			1234
		],
		123,
		321,
		[
			-123400,
			-12300,
			-1200,
			-100,
			0,
			100,
			1200,
			12300,
			123400
		],
		1230000,
		3210000,
		{"$ref":".."},
		[
			-1234,
			-123,
			-12,
			-1,
			0,
			1,
			12,
			123,
			1234
		],
		12345,
		32100,
		"ABCDEFGHIJKLMNOPQRSTUVWXYZ0123456789"
	]
}
[Ljava.lang.String;@7f8b5188
true
[[Ljava.lang.String;@18f9d638
true
[[Ljava.lang.String;@1f6158d9
true
[[Ljava.lang.String;@4d9fedfa
true
342
{
	"@type":"com.alibaba.fastjson2.codec.JSONBTableTest4$B10#0",
	"@value":{
		"items":{
			"@type":"A#1",
			"@value":[
				{
					"id":101,
					"name":"DataWorks"
				},
				{
					"id":102,
					"name":"MaxCompute"
				}
			]
		}
	}
}
[-110, 118, 99, 111, 109, 46, 97, 108, 105, 98, 97, 98, 97, 46, 102, 97, 115, 116, 106, 115, 111, 110, 50, 46, 99, 111, 100, 101, 99, 46, 74, 83, 79, 78, 66, 84, 97, 98, 108, 101, 84, 101, 115, 116, 52, 36, 66, 0, -90, 78, 105, 116, 101, 109, 115, -106, -110, 121, 56, 48, 99, 111, 109, 46, 97, 108, 105, 98, 97, 98, 97, 46, 102, 97, 115, 116, 106, 115, 111, 110, 50, 46, 99, 111, 100, 101, 99, 46, 74, 83, 79, 78, 66, 84, 97, 98, 108, 101, 84, 101, 115, 116, 52, 36, 73, 116, 101, 109, 1, -90, 75, 105, 100, 56, 101, 77, 110, 97, 109, 101, 82, 68, 97, 116, 97, 87, 111, 114, 107, 115, -91, -110, 1, -90, 75, 105, 100, 56, 102, 77, 110, 97, 109, 101, 83, 77, 97, 120, 67, 111, 109, 112, 117, 116, 101, -91, -91]
{
	"@type":"com.alibaba.fastjson2.codec.RefTest7$Bean#0",
	"@value":{
		"values":{
			{
				"@type":"com.alibaba.fastjson2.codec.RefTest7$Key#1",
				"@value":{}
			}:{}
		},
		"values1":{
			{
				"@type":"#1",
				"@value":{}
			}:{"$ref":"$.values[0]"}
		}
	}
}
[StackTest.Node()]
[{"name":"DataWorks","id":101},{"id":102}]
{
	"actualTypeArguments":[
		"java.lang.String",
		"java.lang.String"
	],
	"rawType":"java.util.Map"
}
{
	"@type":"IllegalStateException#0",
	"@value":{
		"stackTrace":[
			{
				"fileName":"ExceptionTest.java",
				"lineNumber":61,
				"className":"com.alibaba.fastjson2.codec.ExceptionTest",
				"methodName":"test_exception_jsonb_fieldBased"
			},
			{
				"fileName":"DirectMethodHandleAccessor.java",
				"lineNumber":104,
				"className":"jdk.internal.reflect.DirectMethodHandleAccessor",
				"methodName":"invoke"
			},
			{
				"fileName":"Method.java",
				"lineNumber":565,
				"className":"java.lang.reflect.Method",
				"methodName":"invoke"
			},
			{
				"fileName":"ReflectionUtils.java",
				"lineNumber":787,
				"className":"org.junit.platform.commons.util.ReflectionUtils",
				"methodName":"invokeMethod"
			},
			{
				"fileName":"ReflectionSupport.java",
				"lineNumber":478,
				"className":"org.junit.platform.commons.support.ReflectionSupport",
				"methodName":"invokeMethod"
			},
			{
				"fileName":"MethodInvocation.java",
				"lineNumber":60,
				"className":"org.junit.jupiter.engine.execution.MethodInvocation",
				"methodName":"proceed"
			},
			{
				"fileName":"InvocationInterceptorChain.java",
				"lineNumber":131,
				"className":"org.junit.jupiter.engine.execution.InvocationInterceptorChain$ValidatingInvocation",
				"methodName":"proceed"
			},
			{
				"fileName":"TimeoutExtension.java",
				"lineNumber":161,
				"className":"org.junit.jupiter.engine.extension.TimeoutExtension",
				"methodName":"intercept"
			},
			{
				"fileName":"TimeoutExtension.java",
				"lineNumber":152,
				"className":"org.junit.jupiter.engine.extension.TimeoutExtension",
				"methodName":"interceptTestableMethod"
			},
			{
				"fileName":"TimeoutExtension.java",
				"lineNumber":91,
				"className":"org.junit.jupiter.engine.extension.TimeoutExtension",
				"methodName":"interceptTestMethod"
			},
			{
				"fileName":"InterceptingExecutableInvoker.java",
				"lineNumber":112,
				"className":"org.junit.jupiter.engine.execution.InterceptingExecutableInvoker$ReflectiveInterceptorCall",
				"methodName":"lambda$ofVoidMethod$0"
			},
			{
				"fileName":"InterceptingExecutableInvoker.java",
				"lineNumber":94,
				"className":"org.junit.jupiter.engine.execution.InterceptingExecutableInvoker",
				"methodName":"lambda$invoke$0"
			},
			{
				"fileName":"InvocationInterceptorChain.java",
				"lineNumber":106,
				"className":"org.junit.jupiter.engine.execution.InvocationInterceptorChain$InterceptedInvocation",
				"methodName":"proceed"
			},
			{
				"fileName":"InvocationInterceptorChain.java",
				"lineNumber":64,
				"className":"org.junit.jupiter.engine.execution.InvocationInterceptorChain",
				"methodName":"proceed"
			},
			{
				"fileName":"InvocationInterceptorChain.java",
				"lineNumber":45,
				"className":"org.junit.jupiter.engine.execution.InvocationInterceptorChain",
				"methodName":"chainAndInvoke"
			},
			{
				"fileName":"InvocationInterceptorChain.java",
				"lineNumber":37,
				"className":"org.junit.jupiter.engine.execution.InvocationInterceptorChain",
				"methodName":"invoke"
			},
			{
				"fileName":"InterceptingExecutableInvoker.java",
				"lineNumber":93,
				"className":"org.junit.jupiter.engine.execution.InterceptingExecutableInvoker",
				"methodName":"invoke"
			},
			{
				"fileName":"InterceptingExecutableInvoker.java",
				"lineNumber":87,
				"className":"org.junit.jupiter.engine.execution.InterceptingExecutableInvoker",
				"methodName":"invoke"
			},
			{
				"fileName":"TestMethodTestDescriptor.java",
				"lineNumber":221,
				"className":"org.junit.jupiter.engine.descriptor.TestMethodTestDescriptor",
				"methodName":"lambda$invokeTestMethod$4"
			},
			{
				"fileName":"ThrowableCollector.java",
				"lineNumber":73,
				"className":"org.junit.platform.engine.support.hierarchical.ThrowableCollector",
				"methodName":"execute"
			},
			{
				"fileName":"TestMethodTestDescriptor.java",
				"lineNumber":217,
				"className":"org.junit.jupiter.engine.descriptor.TestMethodTestDescriptor",
				"methodName":"invokeTestMethod"
			},
			{
				"fileName":"TestMethodTestDescriptor.java",
				"lineNumber":159,
				"className":"org.junit.jupiter.engine.descriptor.TestMethodTestDescriptor",
				"methodName":"execute"
			},
			{
				"fileName":"TestMethodTestDescriptor.java",
				"lineNumber":70,
				"className":"org.junit.jupiter.engine.descriptor.TestMethodTestDescriptor",
				"methodName":"execute"
			},
			{
				"fileName":"NodeTestTask.java",
				"lineNumber":157,
				"className":"org.junit.platform.engine.support.hierarchical.NodeTestTask",
				"methodName":"lambda$executeRecursively$6"
			},
			{
				"fileName":"ThrowableCollector.java",
				"lineNumber":73,
				"className":"org.junit.platform.engine.support.hierarchical.ThrowableCollector",
				"methodName":"execute"
			},
			{
				"fileName":"NodeTestTask.java",
				"lineNumber":147,
				"className":"org.junit.platform.engine.support.hierarchical.NodeTestTask",
				"methodName":"lambda$executeRecursively$8"
			},
			{
				"fileName":"Node.java",
				"lineNumber":137,
				"className":"org.junit.platform.engine.support.hierarchical.Node",
				"methodName":"around"
			},
			{
				"fileName":"NodeTestTask.java",
				"lineNumber":145,
				"className":"org.junit.platform.engine.support.hierarchical.NodeTestTask",
				"methodName":"lambda$executeRecursively$9"
			},
			{
				"fileName":"ThrowableCollector.java",
				"lineNumber":73,
				"className":"org.junit.platform.engine.support.hierarchical.ThrowableCollector",
				"methodName":"execute"
			},
			{
				"fileName":"NodeTestTask.java",
				"lineNumber":144,
				"className":"org.junit.platform.engine.support.hierarchical.NodeTestTask",
				"methodName":"executeRecursively"
			},
			{
				"fileName":"NodeTestTask.java",
				"lineNumber":101,
				"className":"org.junit.platform.engine.support.hierarchical.NodeTestTask",
				"methodName":"execute"
			},
			{
				"fileName":"ArrayList.java",
				"lineNumber":1604,
				"className":"java.util.ArrayList",
				"methodName":"forEach"
			},
			{
				"fileName":"SameThreadHierarchicalTestExecutorService.java",
				"lineNumber":41,
				"className":"org.junit.platform.engine.support.hierarchical.SameThreadHierarchicalTestExecutorService",
				"methodName":"invokeAll"
			},
			{
				"fileName":"NodeTestTask.java",
				"lineNumber":161,
				"className":"org.junit.platform.engine.support.hierarchical.NodeTestTask",
				"methodName":"lambda$executeRecursively$6"
			},
			{
				"fileName":"ThrowableCollector.java",
				"lineNumber":73,
				"className":"org.junit.platform.engine.support.hierarchical.ThrowableCollector",
				"methodName":"execute"
			},
			{
				"fileName":"NodeTestTask.java",
				"lineNumber":147,
				"className":"org.junit.platform.engine.support.hierarchical.NodeTestTask",
				"methodName":"lambda$executeRecursively$8"
			},
			{
				"fileName":"Node.java",
				"lineNumber":137,
				"className":"org.junit.platform.engine.support.hierarchical.Node",
				"methodName":"around"
			},
			{
				"fileName":"NodeTestTask.java",
				"lineNumber":145,
				"className":"org.junit.platform.engine.support.hierarchical.NodeTestTask",
				"methodName":"lambda$executeRecursively$9"
			},
			{
				"fileName":"ThrowableCollector.java",
				"lineNumber":73,
				"className":"org.junit.platform.engine.support.hierarchical.ThrowableCollector",
				"methodName":"execute"
			},
			{
				"fileName":"NodeTestTask.java",
				"lineNumber":144,
				"className":"org.junit.platform.engine.support.hierarchical.NodeTestTask",
				"methodName":"executeRecursively"
			},
			{
				"fileName":"NodeTestTask.java",
				"lineNumber":101,
				"className":"org.junit.platform.engine.support.hierarchical.NodeTestTask",
				"methodName":"execute"
			},
			{
				"fileName":"ArrayList.java",
				"lineNumber":1604,
				"className":"java.util.ArrayList",
				"methodName":"forEach"
			},
			{
				"fileName":"SameThreadHierarchicalTestExecutorService.java",
				"lineNumber":41,
				"className":"org.junit.platform.engine.support.hierarchical.SameThreadHierarchicalTestExecutorService",
				"methodName":"invokeAll"
			},
			{
				"fileName":"NodeTestTask.java",
				"lineNumber":161,
				"className":"org.junit.platform.engine.support.hierarchical.NodeTestTask",
				"methodName":"lambda$executeRecursively$6"
			},
			{
				"fileName":"ThrowableCollector.java",
				"lineNumber":73,
				"className":"org.junit.platform.engine.support.hierarchical.ThrowableCollector",
				"methodName":"execute"
			},
			{
				"fileName":"NodeTestTask.java",
				"lineNumber":147,
				"className":"org.junit.platform.engine.support.hierarchical.NodeTestTask",
				"methodName":"lambda$executeRecursively$8"
			},
			{
				"fileName":"Node.java",
				"lineNumber":137,
				"className":"org.junit.platform.engine.support.hierarchical.Node",
				"methodName":"around"
			},
			{
				"fileName":"NodeTestTask.java",
				"lineNumber":145,
				"className":"org.junit.platform.engine.support.hierarchical.NodeTestTask",
				"methodName":"lambda$executeRecursively$9"
			},
			{
				"fileName":"ThrowableCollector.java",
				"lineNumber":73,
				"className":"org.junit.platform.engine.support.hierarchical.ThrowableCollector",
				"methodName":"execute"
			},
			{
				"fileName":"NodeTestTask.java",
				"lineNumber":144,
				"className":"org.junit.platform.engine.support.hierarchical.NodeTestTask",
				"methodName":"executeRecursively"
			},
			{
				"fileName":"NodeTestTask.java",
				"lineNumber":101,
				"className":"org.junit.platform.engine.support.hierarchical.NodeTestTask",
				"methodName":"execute"
			},
			{
				"fileName":"SameThreadHierarchicalTestExecutorService.java",
				"lineNumber":35,
				"className":"org.junit.platform.engine.support.hierarchical.SameThreadHierarchicalTestExecutorService",
				"methodName":"submit"
			},
			{
				"fileName":"HierarchicalTestExecutor.java",
				"lineNumber":57,
				"className":"org.junit.platform.engine.support.hierarchical.HierarchicalTestExecutor",
				"methodName":"execute"
			},
			{
				"fileName":"HierarchicalTestEngine.java",
				"lineNumber":54,
				"className":"org.junit.platform.engine.support.hierarchical.HierarchicalTestEngine",
				"methodName":"execute"
			},
			{
				"fileName":"EngineExecutionOrchestrator.java",
				"lineNumber":230,
				"className":"org.junit.platform.launcher.core.EngineExecutionOrchestrator",
				"methodName":"executeEngine"
			},
			{
				"fileName":"EngineExecutionOrchestrator.java",
				"lineNumber":204,
				"className":"org.junit.platform.launcher.core.EngineExecutionOrchestrator",
				"methodName":"failOrExecuteEngine"
			},
			{
				"fileName":"EngineExecutionOrchestrator.java",
				"lineNumber":172,
				"className":"org.junit.platform.launcher.core.EngineExecutionOrchestrator",
				"methodName":"execute"
			},
			{
				"fileName":"EngineExecutionOrchestrator.java",
				"lineNumber":101,
				"className":"org.junit.platform.launcher.core.EngineExecutionOrchestrator",
				"methodName":"execute"
			},
			{
				"fileName":"EngineExecutionOrchestrator.java",
				"lineNumber":64,
				"className":"org.junit.platform.launcher.core.EngineExecutionOrchestrator",
				"methodName":"lambda$execute$0"
			},
			{
				"fileName":"EngineExecutionOrchestrator.java",
				"lineNumber":150,
				"className":"org.junit.platform.launcher.core.EngineExecutionOrchestrator",
				"methodName":"withInterceptedStreams"
			},
			{
				"fileName":"EngineExecutionOrchestrator.java",
				"lineNumber":63,
				"className":"org.junit.platform.launcher.core.EngineExecutionOrchestrator",
				"methodName":"execute"
			},
			{
				"fileName":"DefaultLauncher.java",
				"lineNumber":109,
				"className":"org.junit.platform.launcher.core.DefaultLauncher",
				"methodName":"execute"
			},
			{
				"fileName":"DefaultLauncher.java",
				"lineNumber":91,
				"className":"org.junit.platform.launcher.core.DefaultLauncher",
				"methodName":"execute"
			},
			{
				"fileName":"DelegatingLauncher.java",
				"lineNumber":47,
				"className":"org.junit.platform.launcher.core.DelegatingLauncher",
				"methodName":"execute"
			},
			{
				"fileName":"InterceptingLauncher.java",
				"lineNumber":39,
				"className":"org.junit.platform.launcher.core.InterceptingLauncher",
				"methodName":"lambda$execute$1"
			},
			{
				"fileName":"ClasspathAlignmentCheckingLauncherInterceptor.java",
				"lineNumber":25,
				"className":"org.junit.platform.launcher.core.ClasspathAlignmentCheckingLauncherInterceptor",
				"methodName":"intercept"
			},
			{
				"fileName":"InterceptingLauncher.java",
				"lineNumber":38,
				"className":"org.junit.platform.launcher.core.InterceptingLauncher",
				"methodName":"execute"
			},
			{
				"fileName":"DelegatingLauncher.java",
				"lineNumber":47,
				"className":"org.junit.platform.launcher.core.DelegatingLauncher",
				"methodName":"execute"
			},
			{
				"fileName":"LazyLauncher.java",
				"lineNumber":56,
				"className":"org.apache.maven.surefire.junitplatform.LazyLauncher",
				"methodName":"execute"
			},
			{
				"fileName":"JUnitPlatformProvider.java",
				"lineNumber":194,
				"className":"org.apache.maven.surefire.junitplatform.JUnitPlatformProvider",
				"methodName":"execute"
			},
			{
				"fileName":"JUnitPlatformProvider.java",
				"lineNumber":150,
				"className":"org.apache.maven.surefire.junitplatform.JUnitPlatformProvider",
				"methodName":"invokeAllTests"
			},
			{
				"fileName":"JUnitPlatformProvider.java",
				"lineNumber":124,
				"className":"org.apache.maven.surefire.junitplatform.JUnitPlatformProvider",
				"methodName":"invoke"
			},
			{
				"fileName":"ForkedBooter.java",
				"lineNumber":385,
				"className":"org.apache.maven.surefire.booter.ForkedBooter",
				"methodName":"runSuitesInProcess"
			},
			{
				"fileName":"ForkedBooter.java",
				"lineNumber":162,
				"className":"org.apache.maven.surefire.booter.ForkedBooter",
				"methodName":"execute"
			},
			{
				"fileName":"ForkedBooter.java",
				"lineNumber":507,
				"className":"org.apache.maven.surefire.booter.ForkedBooter",
				"methodName":"run"
			},
			{
				"fileName":"ForkedBooter.java",
				"lineNumber":495,
				"className":"org.apache.maven.surefire.booter.ForkedBooter",
				"methodName":"main"
			}
		],
		"suppressedExceptions":{
			"@type":"java.util.Collections$EmptyList#1",
			"@value":[]
		}
	}
}
{
	"@type":"java.time.format.DateTimeParseException#0",
	"@value":{
		"detailMessage":"aaa",
		"errorIndex":1,
		"parsedString":"bbb",
		"stackTrace":[
			{
				"fileName":"ExceptionTest.java",
				"lineNumber":76,
				"className":"com.alibaba.fastjson2.codec.ExceptionTest",
				"methodName":"test_exception_jsonb_fieldBased_1"
			},
			{
				"fileName":"DirectMethodHandleAccessor.java",
				"lineNumber":104,
				"className":"jdk.internal.reflect.DirectMethodHandleAccessor",
				"methodName":"invoke"
			},
			{
				"fileName":"Method.java",
				"lineNumber":565,
				"className":"java.lang.reflect.Method",
				"methodName":"invoke"
			},
			{
				"fileName":"ReflectionUtils.java",
				"lineNumber":787,
				"className":"org.junit.platform.commons.util.ReflectionUtils",
				"methodName":"invokeMethod"
			},
			{
				"fileName":"ReflectionSupport.java",
				"lineNumber":478,
				"className":"org.junit.platform.commons.support.ReflectionSupport",
				"methodName":"invokeMethod"
			},
			{
				"fileName":"MethodInvocation.java",
				"lineNumber":60,
				"className":"org.junit.jupiter.engine.execution.MethodInvocation",
				"methodName":"proceed"
			},
			{
				"fileName":"InvocationInterceptorChain.java",
				"lineNumber":131,
				"className":"org.junit.jupiter.engine.execution.InvocationInterceptorChain$ValidatingInvocation",
				"methodName":"proceed"
			},
			{
				"fileName":"TimeoutExtension.java",
				"lineNumber":161,
				"className":"org.junit.jupiter.engine.extension.TimeoutExtension",
				"methodName":"intercept"
			},
			{
				"fileName":"TimeoutExtension.java",
				"lineNumber":152,
				"className":"org.junit.jupiter.engine.extension.TimeoutExtension",
				"methodName":"interceptTestableMethod"
			},
			{
				"fileName":"TimeoutExtension.java",
				"lineNumber":91,
				"className":"org.junit.jupiter.engine.extension.TimeoutExtension",
				"methodName":"interceptTestMethod"
			},
			{
				"fileName":"InterceptingExecutableInvoker.java",
				"lineNumber":112,
				"className":"org.junit.jupiter.engine.execution.InterceptingExecutableInvoker$ReflectiveInterceptorCall",
				"methodName":"lambda$ofVoidMethod$0"
			},
			{
				"fileName":"InterceptingExecutableInvoker.java",
				"lineNumber":94,
				"className":"org.junit.jupiter.engine.execution.InterceptingExecutableInvoker",
				"methodName":"lambda$invoke$0"
			},
			{
				"fileName":"InvocationInterceptorChain.java",
				"lineNumber":106,
				"className":"org.junit.jupiter.engine.execution.InvocationInterceptorChain$InterceptedInvocation",
				"methodName":"proceed"
			},
			{
				"fileName":"InvocationInterceptorChain.java",
				"lineNumber":64,
				"className":"org.junit.jupiter.engine.execution.InvocationInterceptorChain",
				"methodName":"proceed"
			},
			{
				"fileName":"InvocationInterceptorChain.java",
				"lineNumber":45,
				"className":"org.junit.jupiter.engine.execution.InvocationInterceptorChain",
				"methodName":"chainAndInvoke"
			},
			{
				"fileName":"InvocationInterceptorChain.java",
				"lineNumber":37,
				"className":"org.junit.jupiter.engine.execution.InvocationInterceptorChain",
				"methodName":"invoke"
			},
			{
				"fileName":"InterceptingExecutableInvoker.java",
				"lineNumber":93,
				"className":"org.junit.jupiter.engine.execution.InterceptingExecutableInvoker",
				"methodName":"invoke"
			},
			{
				"fileName":"InterceptingExecutableInvoker.java",
				"lineNumber":87,
				"className":"org.junit.jupiter.engine.execution.InterceptingExecutableInvoker",
				"methodName":"invoke"
			},
			{
				"fileName":"TestMethodTestDescriptor.java",
				"lineNumber":221,
				"className":"org.junit.jupiter.engine.descriptor.TestMethodTestDescriptor",
				"methodName":"lambda$invokeTestMethod$4"
			},
			{
				"fileName":"ThrowableCollector.java",
				"lineNumber":73,
				"className":"org.junit.platform.engine.support.hierarchical.ThrowableCollector",
				"methodName":"execute"
			},
			{
				"fileName":"TestMethodTestDescriptor.java",
				"lineNumber":217,
				"className":"org.junit.jupiter.engine.descriptor.TestMethodTestDescriptor",
				"methodName":"invokeTestMethod"
			},
			{
				"fileName":"TestMethodTestDescriptor.java",
				"lineNumber":159,
				"className":"org.junit.jupiter.engine.descriptor.TestMethodTestDescriptor",
				"methodName":"execute"
			},
			{
				"fileName":"TestMethodTestDescriptor.java",
				"lineNumber":70,
				"className":"org.junit.jupiter.engine.descriptor.TestMethodTestDescriptor",
				"methodName":"execute"
			},
			{
				"fileName":"NodeTestTask.java",
				"lineNumber":157,
				"className":"org.junit.platform.engine.support.hierarchical.NodeTestTask",
				"methodName":"lambda$executeRecursively$6"
			},
			{
				"fileName":"ThrowableCollector.java",
				"lineNumber":73,
				"className":"org.junit.platform.engine.support.hierarchical.ThrowableCollector",
				"methodName":"execute"
			},
			{
				"fileName":"NodeTestTask.java",
				"lineNumber":147,
				"className":"org.junit.platform.engine.support.hierarchical.NodeTestTask",
				"methodName":"lambda$executeRecursively$8"
			},
			{
				"fileName":"Node.java",
				"lineNumber":137,
				"className":"org.junit.platform.engine.support.hierarchical.Node",
				"methodName":"around"
			},
			{
				"fileName":"NodeTestTask.java",
				"lineNumber":145,
				"className":"org.junit.platform.engine.support.hierarchical.NodeTestTask",
				"methodName":"lambda$executeRecursively$9"
			},
			{
				"fileName":"ThrowableCollector.java",
				"lineNumber":73,
				"className":"org.junit.platform.engine.support.hierarchical.ThrowableCollector",
				"methodName":"execute"
			},
			{
				"fileName":"NodeTestTask.java",
				"lineNumber":144,
				"className":"org.junit.platform.engine.support.hierarchical.NodeTestTask",
				"methodName":"executeRecursively"
			},
			{
				"fileName":"NodeTestTask.java",
				"lineNumber":101,
				"className":"org.junit.platform.engine.support.hierarchical.NodeTestTask",
				"methodName":"execute"
			},
			{
				"fileName":"ArrayList.java",
				"lineNumber":1604,
				"className":"java.util.ArrayList",
				"methodName":"forEach"
			},
			{
				"fileName":"SameThreadHierarchicalTestExecutorService.java",
				"lineNumber":41,
				"className":"org.junit.platform.engine.support.hierarchical.SameThreadHierarchicalTestExecutorService",
				"methodName":"invokeAll"
			},
			{
				"fileName":"NodeTestTask.java",
				"lineNumber":161,
				"className":"org.junit.platform.engine.support.hierarchical.NodeTestTask",
				"methodName":"lambda$executeRecursively$6"
			},
			{
				"fileName":"ThrowableCollector.java",
				"lineNumber":73,
				"className":"org.junit.platform.engine.support.hierarchical.ThrowableCollector",
				"methodName":"execute"
			},
			{
				"fileName":"NodeTestTask.java",
				"lineNumber":147,
				"className":"org.junit.platform.engine.support.hierarchical.NodeTestTask",
				"methodName":"lambda$executeRecursively$8"
			},
			{
				"fileName":"Node.java",
				"lineNumber":137,
				"className":"org.junit.platform.engine.support.hierarchical.Node",
				"methodName":"around"
			},
			{
				"fileName":"NodeTestTask.java",
				"lineNumber":145,
				"className":"org.junit.platform.engine.support.hierarchical.NodeTestTask",
				"methodName":"lambda$executeRecursively$9"
			},
			{
				"fileName":"ThrowableCollector.java",
				"lineNumber":73,
				"className":"org.junit.platform.engine.support.hierarchical.ThrowableCollector",
				"methodName":"execute"
			},
			{
				"fileName":"NodeTestTask.java",
				"lineNumber":144,
				"className":"org.junit.platform.engine.support.hierarchical.NodeTestTask",
				"methodName":"executeRecursively"
			},
			{
				"fileName":"NodeTestTask.java",
				"lineNumber":101,
				"className":"org.junit.platform.engine.support.hierarchical.NodeTestTask",
				"methodName":"execute"
			},
			{
				"fileName":"ArrayList.java",
				"lineNumber":1604,
				"className":"java.util.ArrayList",
				"methodName":"forEach"
			},
			{
				"fileName":"SameThreadHierarchicalTestExecutorService.java",
				"lineNumber":41,
				"className":"org.junit.platform.engine.support.hierarchical.SameThreadHierarchicalTestExecutorService",
				"methodName":"invokeAll"
			},
			{
				"fileName":"NodeTestTask.java",
				"lineNumber":161,
				"className":"org.junit.platform.engine.support.hierarchical.NodeTestTask",
				"methodName":"lambda$executeRecursively$6"
			},
			{
				"fileName":"ThrowableCollector.java",
				"lineNumber":73,
				"className":"org.junit.platform.engine.support.hierarchical.ThrowableCollector",
				"methodName":"execute"
			},
			{
				"fileName":"NodeTestTask.java",
				"lineNumber":147,
				"className":"org.junit.platform.engine.support.hierarchical.NodeTestTask",
				"methodName":"lambda$executeRecursively$8"
			},
			{
				"fileName":"Node.java",
				"lineNumber":137,
				"className":"org.junit.platform.engine.support.hierarchical.Node",
				"methodName":"around"
			},
			{
				"fileName":"NodeTestTask.java",
				"lineNumber":145,
				"className":"org.junit.platform.engine.support.hierarchical.NodeTestTask",
				"methodName":"lambda$executeRecursively$9"
			},
			{
				"fileName":"ThrowableCollector.java",
				"lineNumber":73,
				"className":"org.junit.platform.engine.support.hierarchical.ThrowableCollector",
				"methodName":"execute"
			},
			{
				"fileName":"NodeTestTask.java",
				"lineNumber":144,
				"className":"org.junit.platform.engine.support.hierarchical.NodeTestTask",
				"methodName":"executeRecursively"
			},
			{
				"fileName":"NodeTestTask.java",
				"lineNumber":101,
				"className":"org.junit.platform.engine.support.hierarchical.NodeTestTask",
				"methodName":"execute"
			},
			{
				"fileName":"SameThreadHierarchicalTestExecutorService.java",
				"lineNumber":35,
				"className":"org.junit.platform.engine.support.hierarchical.SameThreadHierarchicalTestExecutorService",
				"methodName":"submit"
			},
			{
				"fileName":"HierarchicalTestExecutor.java",
				"lineNumber":57,
				"className":"org.junit.platform.engine.support.hierarchical.HierarchicalTestExecutor",
				"methodName":"execute"
			},
			{
				"fileName":"HierarchicalTestEngine.java",
				"lineNumber":54,
				"className":"org.junit.platform.engine.support.hierarchical.HierarchicalTestEngine",
				"methodName":"execute"
			},
			{
				"fileName":"EngineExecutionOrchestrator.java",
				"lineNumber":230,
				"className":"org.junit.platform.launcher.core.EngineExecutionOrchestrator",
				"methodName":"executeEngine"
			},
			{
				"fileName":"EngineExecutionOrchestrator.java",
				"lineNumber":204,
				"className":"org.junit.platform.launcher.core.EngineExecutionOrchestrator",
				"methodName":"failOrExecuteEngine"
			},
			{
				"fileName":"EngineExecutionOrchestrator.java",
				"lineNumber":172,
				"className":"org.junit.platform.launcher.core.EngineExecutionOrchestrator",
				"methodName":"execute"
			},
			{
				"fileName":"EngineExecutionOrchestrator.java",
				"lineNumber":101,
				"className":"org.junit.platform.launcher.core.EngineExecutionOrchestrator",
				"methodName":"execute"
			},
			{
				"fileName":"EngineExecutionOrchestrator.java",
				"lineNumber":64,
				"className":"org.junit.platform.launcher.core.EngineExecutionOrchestrator",
				"methodName":"lambda$execute$0"
			},
			{
				"fileName":"EngineExecutionOrchestrator.java",
				"lineNumber":150,
				"className":"org.junit.platform.launcher.core.EngineExecutionOrchestrator",
				"methodName":"withInterceptedStreams"
			},
			{
				"fileName":"EngineExecutionOrchestrator.java",
				"lineNumber":63,
				"className":"org.junit.platform.launcher.core.EngineExecutionOrchestrator",
				"methodName":"execute"
			},
			{
				"fileName":"DefaultLauncher.java",
				"lineNumber":109,
				"className":"org.junit.platform.launcher.core.DefaultLauncher",
				"methodName":"execute"
			},
			{
				"fileName":"DefaultLauncher.java",
				"lineNumber":91,
				"className":"org.junit.platform.launcher.core.DefaultLauncher",
				"methodName":"execute"
			},
			{
				"fileName":"DelegatingLauncher.java",
				"lineNumber":47,
				"className":"org.junit.platform.launcher.core.DelegatingLauncher",
				"methodName":"execute"
			},
			{
				"fileName":"InterceptingLauncher.java",
				"lineNumber":39,
				"className":"org.junit.platform.launcher.core.InterceptingLauncher",
				"methodName":"lambda$execute$1"
			},
			{
				"fileName":"ClasspathAlignmentCheckingLauncherInterceptor.java",
				"lineNumber":25,
				"className":"org.junit.platform.launcher.core.ClasspathAlignmentCheckingLauncherInterceptor",
				"methodName":"intercept"
			},
			{
				"fileName":"InterceptingLauncher.java",
				"lineNumber":38,
				"className":"org.junit.platform.launcher.core.InterceptingLauncher",
				"methodName":"execute"
			},
			{
				"fileName":"DelegatingLauncher.java",
				"lineNumber":47,
				"className":"org.junit.platform.launcher.core.DelegatingLauncher",
				"methodName":"execute"
			},
			{
				"fileName":"LazyLauncher.java",
				"lineNumber":56,
				"className":"org.apache.maven.surefire.junitplatform.LazyLauncher",
				"methodName":"execute"
			},
			{
				"fileName":"JUnitPlatformProvider.java",
				"lineNumber":194,
				"className":"org.apache.maven.surefire.junitplatform.JUnitPlatformProvider",
				"methodName":"execute"
			},
			{
				"fileName":"JUnitPlatformProvider.java",
				"lineNumber":150,
				"className":"org.apache.maven.surefire.junitplatform.JUnitPlatformProvider",
				"methodName":"invokeAllTests"
			},
			{
				"fileName":"JUnitPlatformProvider.java",
				"lineNumber":124,
				"className":"org.apache.maven.surefire.junitplatform.JUnitPlatformProvider",
				"methodName":"invoke"
			},
			{
				"fileName":"ForkedBooter.java",
				"lineNumber":385,
				"className":"org.apache.maven.surefire.booter.ForkedBooter",
				"methodName":"runSuitesInProcess"
			},
			{
				"fileName":"ForkedBooter.java",
				"lineNumber":162,
				"className":"org.apache.maven.surefire.booter.ForkedBooter",
				"methodName":"execute"
			},
			{
				"fileName":"ForkedBooter.java",
				"lineNumber":507,
				"className":"org.apache.maven.surefire.booter.ForkedBooter",
				"methodName":"run"
			},
			{
				"fileName":"ForkedBooter.java",
				"lineNumber":495,
				"className":"org.apache.maven.surefire.booter.ForkedBooter",
				"methodName":"main"
			}
		],
		"suppressedExceptions":{
			"@type":"java.util.Collections$EmptyList#1",
			"@value":[]
		}
	}
}
{
	"@type":"IllegalStateException#0",
	"@value":{
		"stackTrace":[
			{
				"fileName":"ExceptionTest.java",
				"lineNumber":46,
				"className":"com.alibaba.fastjson2.codec.ExceptionTest",
				"methodName":"test_exception_jsonb"
			},
			{
				"fileName":"DirectMethodHandleAccessor.java",
				"lineNumber":104,
				"className":"jdk.internal.reflect.DirectMethodHandleAccessor",
				"methodName":"invoke"
			},
			{
				"fileName":"Method.java",
				"lineNumber":565,
				"className":"java.lang.reflect.Method",
				"methodName":"invoke"
			},
			{
				"fileName":"ReflectionUtils.java",
				"lineNumber":787,
				"className":"org.junit.platform.commons.util.ReflectionUtils",
				"methodName":"invokeMethod"
			},
			{
				"fileName":"ReflectionSupport.java",
				"lineNumber":478,
				"className":"org.junit.platform.commons.support.ReflectionSupport",
				"methodName":"invokeMethod"
			},
			{
				"fileName":"MethodInvocation.java",
				"lineNumber":60,
				"className":"org.junit.jupiter.engine.execution.MethodInvocation",
				"methodName":"proceed"
			},
			{
				"fileName":"InvocationInterceptorChain.java",
				"lineNumber":131,
				"className":"org.junit.jupiter.engine.execution.InvocationInterceptorChain$ValidatingInvocation",
				"methodName":"proceed"
			},
			{
				"fileName":"TimeoutExtension.java",
				"lineNumber":161,
				"className":"org.junit.jupiter.engine.extension.TimeoutExtension",
				"methodName":"intercept"
			},
			{
				"fileName":"TimeoutExtension.java",
				"lineNumber":152,
				"className":"org.junit.jupiter.engine.extension.TimeoutExtension",
				"methodName":"interceptTestableMethod"
			},
			{
				"fileName":"TimeoutExtension.java",
				"lineNumber":91,
				"className":"org.junit.jupiter.engine.extension.TimeoutExtension",
				"methodName":"interceptTestMethod"
			},
			{
				"fileName":"InterceptingExecutableInvoker.java",
				"lineNumber":112,
				"className":"org.junit.jupiter.engine.execution.InterceptingExecutableInvoker$ReflectiveInterceptorCall",
				"methodName":"lambda$ofVoidMethod$0"
			},
			{
				"fileName":"InterceptingExecutableInvoker.java",
				"lineNumber":94,
				"className":"org.junit.jupiter.engine.execution.InterceptingExecutableInvoker",
				"methodName":"lambda$invoke$0"
			},
			{
				"fileName":"InvocationInterceptorChain.java",
				"lineNumber":106,
				"className":"org.junit.jupiter.engine.execution.InvocationInterceptorChain$InterceptedInvocation",
				"methodName":"proceed"
			},
			{
				"fileName":"InvocationInterceptorChain.java",
				"lineNumber":64,
				"className":"org.junit.jupiter.engine.execution.InvocationInterceptorChain",
				"methodName":"proceed"
			},
			{
				"fileName":"InvocationInterceptorChain.java",
				"lineNumber":45,
				"className":"org.junit.jupiter.engine.execution.InvocationInterceptorChain",
				"methodName":"chainAndInvoke"
			},
			{
				"fileName":"InvocationInterceptorChain.java",
				"lineNumber":37,
				"className":"org.junit.jupiter.engine.execution.InvocationInterceptorChain",
				"methodName":"invoke"
			},
			{
				"fileName":"InterceptingExecutableInvoker.java",
				"lineNumber":93,
				"className":"org.junit.jupiter.engine.execution.InterceptingExecutableInvoker",
				"methodName":"invoke"
			},
			{
				"fileName":"InterceptingExecutableInvoker.java",
				"lineNumber":87,
				"className":"org.junit.jupiter.engine.execution.InterceptingExecutableInvoker",
				"methodName":"invoke"
			},
			{
				"fileName":"TestMethodTestDescriptor.java",
				"lineNumber":221,
				"className":"org.junit.jupiter.engine.descriptor.TestMethodTestDescriptor",
				"methodName":"lambda$invokeTestMethod$4"
			},
			{
				"fileName":"ThrowableCollector.java",
				"lineNumber":73,
				"className":"org.junit.platform.engine.support.hierarchical.ThrowableCollector",
				"methodName":"execute"
			},
			{
				"fileName":"TestMethodTestDescriptor.java",
				"lineNumber":217,
				"className":"org.junit.jupiter.engine.descriptor.TestMethodTestDescriptor",
				"methodName":"invokeTestMethod"
			},
			{
				"fileName":"TestMethodTestDescriptor.java",
				"lineNumber":159,
				"className":"org.junit.jupiter.engine.descriptor.TestMethodTestDescriptor",
				"methodName":"execute"
			},
			{
				"fileName":"TestMethodTestDescriptor.java",
				"lineNumber":70,
				"className":"org.junit.jupiter.engine.descriptor.TestMethodTestDescriptor",
				"methodName":"execute"
			},
			{
				"fileName":"NodeTestTask.java",
				"lineNumber":157,
				"className":"org.junit.platform.engine.support.hierarchical.NodeTestTask",
				"methodName":"lambda$executeRecursively$6"
			},
			{
				"fileName":"ThrowableCollector.java",
				"lineNumber":73,
				"className":"org.junit.platform.engine.support.hierarchical.ThrowableCollector",
				"methodName":"execute"
			},
			{
				"fileName":"NodeTestTask.java",
				"lineNumber":147,
				"className":"org.junit.platform.engine.support.hierarchical.NodeTestTask",
				"methodName":"lambda$executeRecursively$8"
			},
			{
				"fileName":"Node.java",
				"lineNumber":137,
				"className":"org.junit.platform.engine.support.hierarchical.Node",
				"methodName":"around"
			},
			{
				"fileName":"NodeTestTask.java",
				"lineNumber":145,
				"className":"org.junit.platform.engine.support.hierarchical.NodeTestTask",
				"methodName":"lambda$executeRecursively$9"
			},
			{
				"fileName":"ThrowableCollector.java",
				"lineNumber":73,
				"className":"org.junit.platform.engine.support.hierarchical.ThrowableCollector",
				"methodName":"execute"
			},
			{
				"fileName":"NodeTestTask.java",
				"lineNumber":144,
				"className":"org.junit.platform.engine.support.hierarchical.NodeTestTask",
				"methodName":"executeRecursively"
			},
			{
				"fileName":"NodeTestTask.java",
				"lineNumber":101,
				"className":"org.junit.platform.engine.support.hierarchical.NodeTestTask",
				"methodName":"execute"
			},
			{
				"fileName":"ArrayList.java",
				"lineNumber":1604,
				"className":"java.util.ArrayList",
				"methodName":"forEach"
			},
			{
				"fileName":"SameThreadHierarchicalTestExecutorService.java",
				"lineNumber":41,
				"className":"org.junit.platform.engine.support.hierarchical.SameThreadHierarchicalTestExecutorService",
				"methodName":"invokeAll"
			},
			{
				"fileName":"NodeTestTask.java",
				"lineNumber":161,
				"className":"org.junit.platform.engine.support.hierarchical.NodeTestTask",
				"methodName":"lambda$executeRecursively$6"
			},
			{
				"fileName":"ThrowableCollector.java",
				"lineNumber":73,
				"className":"org.junit.platform.engine.support.hierarchical.ThrowableCollector",
				"methodName":"execute"
			},
			{
				"fileName":"NodeTestTask.java",
				"lineNumber":147,
				"className":"org.junit.platform.engine.support.hierarchical.NodeTestTask",
				"methodName":"lambda$executeRecursively$8"
			},
			{
				"fileName":"Node.java",
				"lineNumber":137,
				"className":"org.junit.platform.engine.support.hierarchical.Node",
				"methodName":"around"
			},
			{
				"fileName":"NodeTestTask.java",
				"lineNumber":145,
				"className":"org.junit.platform.engine.support.hierarchical.NodeTestTask",
				"methodName":"lambda$executeRecursively$9"
			},
			{
				"fileName":"ThrowableCollector.java",
				"lineNumber":73,
				"className":"org.junit.platform.engine.support.hierarchical.ThrowableCollector",
				"methodName":"execute"
			},
			{
				"fileName":"NodeTestTask.java",
				"lineNumber":144,
				"className":"org.junit.platform.engine.support.hierarchical.NodeTestTask",
				"methodName":"executeRecursively"
			},
			{
				"fileName":"NodeTestTask.java",
				"lineNumber":101,
				"className":"org.junit.platform.engine.support.hierarchical.NodeTestTask",
				"methodName":"execute"
			},
			{
				"fileName":"ArrayList.java",
				"lineNumber":1604,
				"className":"java.util.ArrayList",
				"methodName":"forEach"
			},
			{
				"fileName":"SameThreadHierarchicalTestExecutorService.java",
				"lineNumber":41,
				"className":"org.junit.platform.engine.support.hierarchical.SameThreadHierarchicalTestExecutorService",
				"methodName":"invokeAll"
			},
			{
				"fileName":"NodeTestTask.java",
				"lineNumber":161,
				"className":"org.junit.platform.engine.support.hierarchical.NodeTestTask",
				"methodName":"lambda$executeRecursively$6"
			},
			{
				"fileName":"ThrowableCollector.java",
				"lineNumber":73,
				"className":"org.junit.platform.engine.support.hierarchical.ThrowableCollector",
				"methodName":"execute"
			},
			{
				"fileName":"NodeTestTask.java",
				"lineNumber":147,
				"className":"org.junit.platform.engine.support.hierarchical.NodeTestTask",
				"methodName":"lambda$executeRecursively$8"
			},
			{
				"fileName":"Node.java",
				"lineNumber":137,
				"className":"org.junit.platform.engine.support.hierarchical.Node",
				"methodName":"around"
			},
			{
				"fileName":"NodeTestTask.java",
				"lineNumber":145,
				"className":"org.junit.platform.engine.support.hierarchical.NodeTestTask",
				"methodName":"lambda$executeRecursively$9"
			},
			{
				"fileName":"ThrowableCollector.java",
				"lineNumber":73,
				"className":"org.junit.platform.engine.support.hierarchical.ThrowableCollector",
				"methodName":"execute"
			},
			{
				"fileName":"NodeTestTask.java",
				"lineNumber":144,
				"className":"org.junit.platform.engine.support.hierarchical.NodeTestTask",
				"methodName":"executeRecursively"
			},
			{
				"fileName":"NodeTestTask.java",
				"lineNumber":101,
				"className":"org.junit.platform.engine.support.hierarchical.NodeTestTask",
				"methodName":"execute"
			},
			{
				"fileName":"SameThreadHierarchicalTestExecutorService.java",
				"lineNumber":35,
				"className":"org.junit.platform.engine.support.hierarchical.SameThreadHierarchicalTestExecutorService",
				"methodName":"submit"
			},
			{
				"fileName":"HierarchicalTestExecutor.java",
				"lineNumber":57,
				"className":"org.junit.platform.engine.support.hierarchical.HierarchicalTestExecutor",
				"methodName":"execute"
			},
			{
				"fileName":"HierarchicalTestEngine.java",
				"lineNumber":54,
				"className":"org.junit.platform.engine.support.hierarchical.HierarchicalTestEngine",
				"methodName":"execute"
			},
			{
				"fileName":"EngineExecutionOrchestrator.java",
				"lineNumber":230,
				"className":"org.junit.platform.launcher.core.EngineExecutionOrchestrator",
				"methodName":"executeEngine"
			},
			{
				"fileName":"EngineExecutionOrchestrator.java",
				"lineNumber":204,
				"className":"org.junit.platform.launcher.core.EngineExecutionOrchestrator",
				"methodName":"failOrExecuteEngine"
			},
			{
				"fileName":"EngineExecutionOrchestrator.java",
				"lineNumber":172,
				"className":"org.junit.platform.launcher.core.EngineExecutionOrchestrator",
				"methodName":"execute"
			},
			{
				"fileName":"EngineExecutionOrchestrator.java",
				"lineNumber":101,
				"className":"org.junit.platform.launcher.core.EngineExecutionOrchestrator",
				"methodName":"execute"
			},
			{
				"fileName":"EngineExecutionOrchestrator.java",
				"lineNumber":64,
				"className":"org.junit.platform.launcher.core.EngineExecutionOrchestrator",
				"methodName":"lambda$execute$0"
			},
			{
				"fileName":"EngineExecutionOrchestrator.java",
				"lineNumber":150,
				"className":"org.junit.platform.launcher.core.EngineExecutionOrchestrator",
				"methodName":"withInterceptedStreams"
			},
			{
				"fileName":"EngineExecutionOrchestrator.java",
				"lineNumber":63,
				"className":"org.junit.platform.launcher.core.EngineExecutionOrchestrator",
				"methodName":"execute"
			},
			{
				"fileName":"DefaultLauncher.java",
				"lineNumber":109,
				"className":"org.junit.platform.launcher.core.DefaultLauncher",
				"methodName":"execute"
			},
			{
				"fileName":"DefaultLauncher.java",
				"lineNumber":91,
				"className":"org.junit.platform.launcher.core.DefaultLauncher",
				"methodName":"execute"
			},
			{
				"fileName":"DelegatingLauncher.java",
				"lineNumber":47,
				"className":"org.junit.platform.launcher.core.DelegatingLauncher",
				"methodName":"execute"
			},
			{
				"fileName":"InterceptingLauncher.java",
				"lineNumber":39,
				"className":"org.junit.platform.launcher.core.InterceptingLauncher",
				"methodName":"lambda$execute$1"
			},
			{
				"fileName":"ClasspathAlignmentCheckingLauncherInterceptor.java",
				"lineNumber":25,
				"className":"org.junit.platform.launcher.core.ClasspathAlignmentCheckingLauncherInterceptor",
				"methodName":"intercept"
			},
			{
				"fileName":"InterceptingLauncher.java",
				"lineNumber":38,
				"className":"org.junit.platform.launcher.core.InterceptingLauncher",
				"methodName":"execute"
			},
			{
				"fileName":"DelegatingLauncher.java",
				"lineNumber":47,
				"className":"org.junit.platform.launcher.core.DelegatingLauncher",
				"methodName":"execute"
			},
			{
				"fileName":"LazyLauncher.java",
				"lineNumber":56,
				"className":"org.apache.maven.surefire.junitplatform.LazyLauncher",
				"methodName":"execute"
			},
			{
				"fileName":"JUnitPlatformProvider.java",
				"lineNumber":194,
				"className":"org.apache.maven.surefire.junitplatform.JUnitPlatformProvider",
				"methodName":"execute"
			},
			{
				"fileName":"JUnitPlatformProvider.java",
				"lineNumber":150,
				"className":"org.apache.maven.surefire.junitplatform.JUnitPlatformProvider",
				"methodName":"invokeAllTests"
			},
			{
				"fileName":"JUnitPlatformProvider.java",
				"lineNumber":124,
				"className":"org.apache.maven.surefire.junitplatform.JUnitPlatformProvider",
				"methodName":"invoke"
			},
			{
				"fileName":"ForkedBooter.java",
				"lineNumber":385,
				"className":"org.apache.maven.surefire.booter.ForkedBooter",
				"methodName":"runSuitesInProcess"
			},
			{
				"fileName":"ForkedBooter.java",
				"lineNumber":162,
				"className":"org.apache.maven.surefire.booter.ForkedBooter",
				"methodName":"execute"
			},
			{
				"fileName":"ForkedBooter.java",
				"lineNumber":507,
				"className":"org.apache.maven.surefire.booter.ForkedBooter",
				"methodName":"run"
			},
			{
				"fileName":"ForkedBooter.java",
				"lineNumber":495,
				"className":"org.apache.maven.surefire.booter.ForkedBooter",
				"methodName":"main"
			}
		],
		"suppressed":[]
	}
}
{
	"ref":{"$ref":".."}
}
{
	"@type":"com.alibaba.fastjson2.codec.JSONBTableTest6$A#0",
	"@value":{
		"a":{
			"id":1001
		},
		"b":{"$ref":"$.a"}
	}
}
{
	"@type":"Cat",
	"catId":1001
}
{
	"@type":"Cat",
	"catId":1001
}
{
	"c1":{},
	"c2":{"$ref":"$.c1"}
}
{
	"c":{},
	"values":[
		{"$ref":"$.c"}
	]
}
{
	"list0":[
		{
			"id":101
		},
		{
			"id":102
		}
	],
	"list1":[
		{
			"id":201
		},
		{
			"id":202
		}
	],
	"list2":[
		{
			"id":201
		},
		{
			"id":202
		}
	]
}
{
	"@type":"com.alibaba.fastjson2.codec.JSONBTableTest2$C#0",
	"@value":{
		"list1":{
			"@type":"A#1",
			"@value":[
				{
					"id":201
				},
				{
					"id":202
				}
			]
		},
		"list2":[
			{
				"@type":"com.alibaba.fastjson2.codec.JSONBTableTest2$Item#2",
				"@value":{
					"id":301
				}
			},
			{
				"@type":"#2",
				"@value":{
					"id":302
				}
			}
		]
	}
}
{
	"@type":"com.alibaba.fastjson2.codec.JSONBTableTest8$Bean",
	"values":{
		"@type":"A",
		"@value":[
			{
				"event":{}
			},
			{
				"event":{"$ref":"$.values[0].event"}
			}
		]
	}
}
{
	"@type":"com.alibaba.fastjson2.codec.JSONBTableTest8$Bean#0",
	"@value":{
		"values":{
			"@type":"A#1",
			"@value":[
				{
					"event":{}
				},
				{"$ref":"$.values[0]"}
			]
		}
	}
}
{
	"v0001":102,
	"v0000":101,
	"v0007":108,
	"x0001":"2026-10-07 00:47:01.396704731",
	"v0006":107,
	"v0009":110,
	"x0003":"中3",
	"v0008":109,
	"x0002":"中2",
	"v0003":"104",
	"x0005":"中华人民共和国",
	"v0002":103,
	"x0004":"中4",
	"v0005":106,
	"v0004":"105"
}
bytes.length=56
bytes.length=87003
bytes.length=81
bytes3.length=174003
bytes.length=81
bytes3.length=174003
{"id":0,"name":"jobs"}
{"@type":"com.alibaba.fastjson2.codec.JSONBTableTest5$B","values":[{"id":101,"name":"DataWorks"},{"id":102,"name":"MaxCompute"}]}
{
	"@type":"JSONObject#0",
	"@value":{
		"@type":"com.alibaba.fastjson2.codec.JSONBTableTest5$B",
		"values":{
			"@type":"JSONArray#1",
			"@value":[
				{
					"@type":"#0",
					"@value":{
						"id":101,
						"name":"DataWorks"
					}
				},
				{
					"@type":"#0",
					"@value":{
						"id":102,
						"name":"MaxCompute"
					}
				}
			]
		}
	}
}
{
	"values":[
		{
			"id":101,
			"name":"DataWorks"
		},
		{
			"id":102,
			"name":"MaxCompute"
		}
	]
}
com.alibaba.fastjson2.JSONException: not support type : OBJECT_END -91, offset 55/55
	at com.alibaba.fastjson2.JSONReaderJSONB.readAny(JSONReaderJSONB.java:1031)
	at com.alibaba.fastjson2.reader.ObjectReaderImplMap.readJSONBObject(ObjectReaderImplMap.java:409)
	at com.alibaba.fastjson2.reader.ORG_1891_1_A.readJSONBObject(Unknown Source)
	at com.alibaba.fastjson2.JSONB.parseObject(JSONB.java:734)
	at com.alibaba.fastjson2.codec.JSONBTableTest5.test_d(JSONBTableTest5.java:34)
	at java.base/jdk.internal.reflect.DirectMethodHandleAccessor.invoke(DirectMethodHandleAccessor.java:104)
	at java.base/java.lang.reflect.Method.invoke(Method.java:565)
	at org.junit.platform.commons.util.ReflectionUtils.invokeMethod(ReflectionUtils.java:787)
	at org.junit.platform.commons.support.ReflectionSupport.invokeMethod(ReflectionSupport.java:478)
	at org.junit.jupiter.engine.execution.MethodInvocation.proceed(MethodInvocation.java:60)
	at org.junit.jupiter.engine.execution.InvocationInterceptorChain$ValidatingInvocation.proceed(InvocationInterceptorChain.java:131)
	at org.junit.jupiter.engine.extension.TimeoutExtension.intercept(TimeoutExtension.java:161)
	at org.junit.jupiter.engine.extension.TimeoutExtension.interceptTestableMethod(TimeoutExtension.java:152)
	at org.junit.jupiter.engine.extension.TimeoutExtension.interceptTestMethod(TimeoutExtension.java:91)
	at org.junit.jupiter.engine.execution.InterceptingExecutableInvoker$ReflectiveInterceptorCall.lambda$ofVoidMethod$0(InterceptingExecutableInvoker.java:112)
	at org.junit.jupiter.engine.execution.InterceptingExecutableInvoker.lambda$invoke$0(InterceptingExecutableInvoker.java:94)
	at org.junit.jupiter.engine.execution.InvocationInterceptorChain$InterceptedInvocation.proceed(InvocationInterceptorChain.java:106)
	at org.junit.jupiter.engine.execution.InvocationInterceptorChain.proceed(InvocationInterceptorChain.java:64)
	at org.junit.jupiter.engine.execution.InvocationInterceptorChain.chainAndInvoke(InvocationInterceptorChain.java:45)
	at org.junit.jupiter.engine.execution.InvocationInterceptorChain.invoke(InvocationInterceptorChain.java:37)
	at org.junit.jupiter.engine.execution.InterceptingExecutableInvoker.invoke(InterceptingExecutableInvoker.java:93)
	at org.junit.jupiter.engine.execution.InterceptingExecutableInvoker.invoke(InterceptingExecutableInvoker.java:87)
	at org.junit.jupiter.engine.descriptor.TestMethodTestDescriptor.lambda$invokeTestMethod$4(TestMethodTestDescriptor.java:221)
	at org.junit.platform.engine.support.hierarchical.ThrowableCollector.execute(ThrowableCollector.java:73)
	at org.junit.jupiter.engine.descriptor.TestMethodTestDescriptor.invokeTestMethod(TestMethodTestDescriptor.java:217)
	at org.junit.jupiter.engine.descriptor.TestMethodTestDescriptor.execute(TestMethodTestDescriptor.java:159)
	at org.junit.jupiter.engine.descriptor.TestMethodTestDescriptor.execute(TestMethodTestDescriptor.java:70)
	at org.junit.platform.engine.support.hierarchical.NodeTestTask.lambda$executeRecursively$6(NodeTestTask.java:157)
	at org.junit.platform.engine.support.hierarchical.ThrowableCollector.execute(ThrowableCollector.java:73)
	at org.junit.platform.engine.support.hierarchical.NodeTestTask.lambda$executeRecursively$8(NodeTestTask.java:147)
	at org.junit.platform.engine.support.hierarchical.Node.around(Node.java:137)
	at org.junit.platform.engine.support.hierarchical.NodeTestTask.lambda$executeRecursively$9(NodeTestTask.java:145)
	at org.junit.platform.engine.support.hierarchical.ThrowableCollector.execute(ThrowableCollector.java:73)
	at org.junit.platform.engine.support.hierarchical.NodeTestTask.executeRecursively(NodeTestTask.java:144)
	at org.junit.platform.engine.support.hierarchical.NodeTestTask.execute(NodeTestTask.java:101)
	at java.base/java.util.ArrayList.forEach(ArrayList.java:1604)
	at org.junit.platform.engine.support.hierarchical.SameThreadHierarchicalTestExecutorService.invokeAll(SameThreadHierarchicalTestExecutorService.java:41)
	at org.junit.platform.engine.support.hierarchical.NodeTestTask.lambda$executeRecursively$6(NodeTestTask.java:161)
	at org.junit.platform.engine.support.hierarchical.ThrowableCollector.execute(ThrowableCollector.java:73)
	at org.junit.platform.engine.support.hierarchical.NodeTestTask.lambda$executeRecursively$8(NodeTestTask.java:147)
	at org.junit.platform.engine.support.hierarchical.Node.around(Node.java:137)
	at org.junit.platform.engine.support.hierarchical.NodeTestTask.lambda$executeRecursively$9(NodeTestTask.java:145)
	at org.junit.platform.engine.support.hierarchical.ThrowableCollector.execute(ThrowableCollector.java:73)
	at org.junit.platform.engine.support.hierarchical.NodeTestTask.executeRecursively(NodeTestTask.java:144)
	at org.junit.platform.engine.support.hierarchical.NodeTestTask.execute(NodeTestTask.java:101)
	at java.base/java.util.ArrayList.forEach(ArrayList.java:1604)
	at org.junit.platform.engine.support.hierarchical.SameThreadHierarchicalTestExecutorService.invokeAll(SameThreadHierarchicalTestExecutorService.java:41)
	at org.junit.platform.engine.support.hierarchical.NodeTestTask.lambda$executeRecursively$6(NodeTestTask.java:161)
	at org.junit.platform.engine.support.hierarchical.ThrowableCollector.execute(ThrowableCollector.java:73)
	at org.junit.platform.engine.support.hierarchical.NodeTestTask.lambda$executeRecursively$8(NodeTestTask.java:147)
	at org.junit.platform.engine.support.hierarchical.Node.around(Node.java:137)
	at org.junit.platform.engine.support.hierarchical.NodeTestTask.lambda$executeRecursively$9(NodeTestTask.java:145)
	at org.junit.platform.engine.support.hierarchical.ThrowableCollector.execute(ThrowableCollector.java:73)
	at org.junit.platform.engine.support.hierarchical.NodeTestTask.executeRecursively(NodeTestTask.java:144)
	at org.junit.platform.engine.support.hierarchical.NodeTestTask.execute(NodeTestTask.java:101)
	at org.junit.platform.engine.support.hierarchical.SameThreadHierarchicalTestExecutorService.submit(SameThreadHierarchicalTestExecutorService.java:35)
	at org.junit.platform.engine.support.hierarchical.HierarchicalTestExecutor.execute(HierarchicalTestExecutor.java:57)
	at org.junit.platform.engine.support.hierarchical.HierarchicalTestEngine.execute(HierarchicalTestEngine.java:54)
	at org.junit.platform.launcher.core.EngineExecutionOrchestrator.executeEngine(EngineExecutionOrchestrator.java:230)
	at org.junit.platform.launcher.core.EngineExecutionOrchestrator.failOrExecuteEngine(EngineExecutionOrchestrator.java:204)
	at org.junit.platform.launcher.core.EngineExecutionOrchestrator.execute(EngineExecutionOrchestrator.java:172)
	at org.junit.platform.launcher.core.EngineExecutionOrchestrator.execute(EngineExecutionOrchestrator.java:101)
	at org.junit.platform.launcher.core.EngineExecutionOrchestrator.lambda$execute$0(EngineExecutionOrchestrator.java:64)
	at org.junit.platform.launcher.core.EngineExecutionOrchestrator.withInterceptedStreams(EngineExecutionOrchestrator.java:150)
	at org.junit.platform.launcher.core.EngineExecutionOrchestrator.execute(EngineExecutionOrchestrator.java:63)
	at org.junit.platform.launcher.core.DefaultLauncher.execute(DefaultLauncher.java:109)
	at org.junit.platform.launcher.core.DefaultLauncher.execute(DefaultLauncher.java:91)
	at org.junit.platform.launcher.core.DelegatingLauncher.execute(DelegatingLauncher.java:47)
	at org.junit.platform.launcher.core.InterceptingLauncher.lambda$execute$1(InterceptingLauncher.java:39)
	at org.junit.platform.launcher.core.ClasspathAlignmentCheckingLauncherInterceptor.intercept(ClasspathAlignmentCheckingLauncherInterceptor.java:25)
	at org.junit.platform.launcher.core.InterceptingLauncher.execute(InterceptingLauncher.java:38)
	at org.junit.platform.launcher.core.DelegatingLauncher.execute(DelegatingLauncher.java:47)
	at org.apache.maven.surefire.junitplatform.LazyLauncher.execute(LazyLauncher.java:56)
	at org.apache.maven.surefire.junitplatform.JUnitPlatformProvider.execute(JUnitPlatformProvider.java:194)
	at org.apache.maven.surefire.junitplatform.JUnitPlatformProvider.invokeAllTests(JUnitPlatformProvider.java:150)
	at org.apache.maven.surefire.junitplatform.JUnitPlatformProvider.invoke(JUnitPlatformProvider.java:124)
	at org.apache.maven.surefire.booter.ForkedBooter.runSuitesInProcess(ForkedBooter.java:385)
	at org.apache.maven.surefire.booter.ForkedBooter.execute(ForkedBooter.java:162)
	at org.apache.maven.surefire.booter.ForkedBooter.run(ForkedBooter.java:507)
	at org.apache.maven.surefire.booter.ForkedBooter.main(ForkedBooter.java:495)
[
	{
		"employees":[
			{
				"id":1
			},
			{
				"id":2
			},
			{
				"id":3
			}
		]
	}
]
1900-01-01	+08:05:43
1900-02-01	+08:05:43
1900-03-01	+08:05:43
1900-04-01	+08:05:43
1900-05-01	+08:05:43
1900-06-01	+08:05:43
1900-07-01	+08:05:43
1900-08-01	+08:05:43
1900-09-01	+08:05:43
1900-10-01	+08:05:43
1900-11-01	+08:05:43
1900-12-01	+08:05:43
1901-01-01	+08:00
1901-02-01	+08:00
1901-03-01	+08:00
1901-04-01	+08:00
1901-05-01	+08:00
1901-06-01	+08:00
1901-07-01	+08:00
1901-08-01	+08:00
1901-09-01	+08:00
1901-10-01	+08:00
1901-11-01	+08:00
1901-12-01	+08:00
1902-01-01	+08:00
1902-02-01	+08:00
1902-03-01	+08:00
1902-04-01	+08:00
1902-05-01	+08:00
1902-06-01	+08:00
1902-07-01	+08:00
1902-08-01	+08:00
1902-09-01	+08:00
1902-10-01	+08:00
1902-11-01	+08:00
1902-12-01	+08:00
1903-01-01	+08:00
1903-02-01	+08:00
1903-03-01	+08:00
1903-04-01	+08:00
1903-05-01	+08:00
1903-06-01	+08:00
1903-07-01	+08:00
1903-08-01	+08:00
1903-09-01	+08:00
1903-10-01	+08:00
1903-11-01	+08:00
1903-12-01	+08:00
1904-01-01	+08:00
1904-02-01	+08:00
1904-03-01	+08:00
1904-04-01	+08:00
1904-05-01	+08:00
1904-06-01	+08:00
1904-07-01	+08:00
1904-08-01	+08:00
1904-09-01	+08:00
1904-10-01	+08:00
1904-11-01	+08:00
1904-12-01	+08:00
1905-01-01	+08:00
1905-02-01	+08:00
1905-03-01	+08:00
1905-04-01	+08:00
1905-05-01	+08:00
1905-06-01	+08:00
1905-07-01	+08:00
1905-08-01	+08:00
1905-09-01	+08:00
1905-10-01	+08:00
1905-11-01	+08:00
1905-12-01	+08:00
1906-01-01	+08:00
1906-02-01	+08:00
1906-03-01	+08:00
1906-04-01	+08:00
1906-05-01	+08:00
1906-06-01	+08:00
1906-07-01	+08:00
1906-08-01	+08:00
1906-09-01	+08:00
1906-10-01	+08:00
1906-11-01	+08:00
1906-12-01	+08:00
1907-01-01	+08:00
1907-02-01	+08:00
1907-03-01	+08:00
1907-04-01	+08:00
1907-05-01	+08:00
1907-06-01	+08:00
1907-07-01	+08:00
1907-08-01	+08:00
1907-09-01	+08:00
1907-10-01	+08:00
1907-11-01	+08:00
1907-12-01	+08:00
1908-01-01	+08:00
1908-02-01	+08:00
1908-03-01	+08:00
1908-04-01	+08:00
1908-05-01	+08:00
1908-06-01	+08:00
1908-07-01	+08:00
1908-08-01	+08:00
1908-09-01	+08:00
1908-10-01	+08:00
1908-11-01	+08:00
1908-12-01	+08:00
1909-01-01	+08:00
1909-02-01	+08:00
1909-03-01	+08:00
1909-04-01	+08:00
1909-05-01	+08:00
1909-06-01	+08:00
1909-07-01	+08:00
1909-08-01	+08:00
1909-09-01	+08:00
1909-10-01	+08:00
1909-11-01	+08:00
1909-12-01	+08:00
1910-01-01	+08:00
1910-02-01	+08:00
1910-03-01	+08:00
1910-04-01	+08:00
1910-05-01	+08:00
1910-06-01	+08:00
1910-07-01	+08:00
1910-08-01	+08:00
1910-09-01	+08:00
1910-10-01	+08:00
1910-11-01	+08:00
1910-12-01	+08:00
1911-01-01	+08:00
1911-02-01	+08:00
1911-03-01	+08:00
1911-04-01	+08:00
1911-05-01	+08:00
1911-06-01	+08:00
1911-07-01	+08:00
1911-08-01	+08:00
1911-09-01	+08:00
1911-10-01	+08:00
1911-11-01	+08:00
1911-12-01	+08:00
1912-01-01	+08:00
1912-02-01	+08:00
1912-03-01	+08:00
1912-04-01	+08:00
1912-05-01	+08:00
1912-06-01	+08:00
1912-07-01	+08:00
1912-08-01	+08:00
1912-09-01	+08:00
1912-10-01	+08:00
1912-11-01	+08:00
1912-12-01	+08:00
1913-01-01	+08:00
1913-02-01	+08:00
1913-03-01	+08:00
1913-04-01	+08:00
1913-05-01	+08:00
1913-06-01	+08:00
1913-07-01	+08:00
1913-08-01	+08:00
1913-09-01	+08:00
1913-10-01	+08:00
1913-11-01	+08:00
1913-12-01	+08:00
1914-01-01	+08:00
1914-02-01	+08:00
1914-03-01	+08:00
1914-04-01	+08:00
1914-05-01	+08:00
1914-06-01	+08:00
1914-07-01	+08:00
1914-08-01	+08:00
1914-09-01	+08:00
1914-10-01	+08:00
1914-11-01	+08:00
1914-12-01	+08:00
1915-01-01	+08:00
1915-02-01	+08:00
1915-03-01	+08:00
1915-04-01	+08:00
1915-05-01	+08:00
1915-06-01	+08:00
1915-07-01	+08:00
1915-08-01	+08:00
1915-09-01	+08:00
1915-10-01	+08:00
1915-11-01	+08:00
1915-12-01	+08:00
1916-01-01	+08:00
1916-02-01	+08:00
1916-03-01	+08:00
1916-04-01	+08:00
1916-05-01	+08:00
1916-06-01	+08:00
1916-07-01	+08:00
1916-08-01	+08:00
1916-09-01	+08:00
1916-10-01	+08:00
1916-11-01	+08:00
1916-12-01	+08:00
1917-01-01	+08:00
1917-02-01	+08:00
1917-03-01	+08:00
1917-04-01	+08:00
1917-05-01	+08:00
1917-06-01	+08:00
1917-07-01	+08:00
1917-08-01	+08:00
1917-09-01	+08:00
1917-10-01	+08:00
1917-11-01	+08:00
1917-12-01	+08:00
1918-01-01	+08:00
1918-02-01	+08:00
1918-03-01	+08:00
1918-04-01	+08:00
1918-05-01	+08:00
1918-06-01	+08:00
1918-07-01	+08:00
1918-08-01	+08:00
1918-09-01	+08:00
1918-10-01	+08:00
1918-11-01	+08:00
1918-12-01	+08:00
1919-01-01	+08:00
1919-02-01	+08:00
1919-03-01	+08:00
1919-04-01	+08:00
1919-05-01	+09:00
1919-06-01	+09:00
1919-07-01	+09:00
1919-08-01	+09:00
1919-09-01	+09:00
1919-10-01	+08:00
1919-11-01	+08:00
1919-12-01	+08:00
1920-01-01	+08:00
1920-02-01	+08:00
1920-03-01	+08:00
1920-04-01	+08:00
1920-05-01	+08:00
1920-06-01	+08:00
1920-07-01	+08:00
1920-08-01	+08:00
1920-09-01	+08:00
1920-10-01	+08:00
1920-11-01	+08:00
1920-12-01	+08:00
1921-01-01	+08:00
1921-02-01	+08:00
1921-03-01	+08:00
1921-04-01	+08:00
1921-05-01	+08:00
1921-06-01	+08:00
1921-07-01	+08:00
1921-08-01	+08:00
1921-09-01	+08:00
1921-10-01	+08:00
1921-11-01	+08:00
1921-12-01	+08:00
1922-01-01	+08:00
1922-02-01	+08:00
1922-03-01	+08:00
1922-04-01	+08:00
1922-05-01	+08:00
1922-06-01	+08:00
1922-07-01	+08:00
1922-08-01	+08:00
1922-09-01	+08:00
1922-10-01	+08:00
1922-11-01	+08:00
1922-12-01	+08:00
1923-01-01	+08:00
1923-02-01	+08:00
1923-03-01	+08:00
1923-04-01	+08:00
1923-05-01	+08:00
1923-06-01	+08:00
1923-07-01	+08:00
1923-08-01	+08:00
1923-09-01	+08:00
1923-10-01	+08:00
1923-11-01	+08:00
1923-12-01	+08:00
1924-01-01	+08:00
1924-02-01	+08:00
1924-03-01	+08:00
1924-04-01	+08:00
1924-05-01	+08:00
1924-06-01	+08:00
1924-07-01	+08:00
1924-08-01	+08:00
1924-09-01	+08:00
1924-10-01	+08:00
1924-11-01	+08:00
1924-12-01	+08:00
1925-01-01	+08:00
1925-02-01	+08:00
1925-03-01	+08:00
1925-04-01	+08:00
1925-05-01	+08:00
1925-06-01	+08:00
1925-07-01	+08:00
1925-08-01	+08:00
1925-09-01	+08:00
1925-10-01	+08:00
1925-11-01	+08:00
1925-12-01	+08:00
1926-01-01	+08:00
1926-02-01	+08:00
1926-03-01	+08:00
1926-04-01	+08:00
1926-05-01	+08:00
1926-06-01	+08:00
1926-07-01	+08:00
1926-08-01	+08:00
1926-09-01	+08:00
1926-10-01	+08:00
1926-11-01	+08:00
1926-12-01	+08:00
1927-01-01	+08:00
1927-02-01	+08:00
1927-03-01	+08:00
1927-04-01	+08:00
1927-05-01	+08:00
1927-06-01	+08:00
1927-07-01	+08:00
1927-08-01	+08:00
1927-09-01	+08:00
1927-10-01	+08:00
1927-11-01	+08:00
1927-12-01	+08:00
1928-01-01	+08:00
1928-02-01	+08:00
1928-03-01	+08:00
1928-04-01	+08:00
1928-05-01	+08:00
1928-06-01	+08:00
1928-07-01	+08:00
1928-08-01	+08:00
1928-09-01	+08:00
1928-10-01	+08:00
1928-11-01	+08:00
1928-12-01	+08:00
1929-01-01	+08:00
1929-02-01	+08:00
1929-03-01	+08:00
1929-04-01	+08:00
1929-05-01	+08:00
1929-06-01	+08:00
1929-07-01	+08:00
1929-08-01	+08:00
1929-09-01	+08:00
1929-10-01	+08:00
1929-11-01	+08:00
1929-12-01	+08:00
1930-01-01	+08:00
1930-02-01	+08:00
1930-03-01	+08:00
1930-04-01	+08:00
1930-05-01	+08:00
1930-06-01	+08:00
1930-07-01	+08:00
1930-08-01	+08:00
1930-09-01	+08:00
1930-10-01	+08:00
1930-11-01	+08:00
1930-12-01	+08:00
1931-01-01	+08:00
1931-02-01	+08:00
1931-03-01	+08:00
1931-04-01	+08:00
1931-05-01	+08:00
1931-06-01	+08:00
1931-07-01	+08:00
1931-08-01	+08:00
1931-09-01	+08:00
1931-10-01	+08:00
1931-11-01	+08:00
1931-12-01	+08:00
1932-01-01	+08:00
1932-02-01	+08:00
1932-03-01	+08:00
1932-04-01	+08:00
1932-05-01	+08:00
1932-06-01	+08:00
1932-07-01	+08:00
1932-08-01	+08:00
1932-09-01	+08:00
1932-10-01	+08:00
1932-11-01	+08:00
1932-12-01	+08:00
1933-01-01	+08:00
1933-02-01	+08:00
1933-03-01	+08:00
1933-04-01	+08:00
1933-05-01	+08:00
1933-06-01	+08:00
1933-07-01	+08:00
1933-08-01	+08:00
1933-09-01	+08:00
1933-10-01	+08:00
1933-11-01	+08:00
1933-12-01	+08:00
1934-01-01	+08:00
1934-02-01	+08:00
1934-03-01	+08:00
1934-04-01	+08:00
1934-05-01	+08:00
1934-06-01	+08:00
1934-07-01	+08:00
1934-08-01	+08:00
1934-09-01	+08:00
1934-10-01	+08:00
1934-11-01	+08:00
1934-12-01	+08:00
1935-01-01	+08:00
1935-02-01	+08:00
1935-03-01	+08:00
1935-04-01	+08:00
1935-05-01	+08:00
1935-06-01	+08:00
1935-07-01	+08:00
1935-08-01	+08:00
1935-09-01	+08:00
1935-10-01	+08:00
1935-11-01	+08:00
1935-12-01	+08:00
1936-01-01	+08:00
1936-02-01	+08:00
1936-03-01	+08:00
1936-04-01	+08:00
1936-05-01	+08:00
1936-06-01	+08:00
1936-07-01	+08:00
1936-08-01	+08:00
1936-09-01	+08:00
1936-10-01	+08:00
1936-11-01	+08:00
1936-12-01	+08:00
1937-01-01	+08:00
1937-02-01	+08:00
1937-03-01	+08:00
1937-04-01	+08:00
1937-05-01	+08:00
1937-06-01	+08:00
1937-07-01	+08:00
1937-08-01	+08:00
1937-09-01	+08:00
1937-10-01	+08:00
1937-11-01	+08:00
1937-12-01	+08:00
1938-01-01	+08:00
1938-02-01	+08:00
1938-03-01	+08:00
1938-04-01	+08:00
1938-05-01	+08:00
1938-06-01	+08:00
1938-07-01	+08:00
1938-08-01	+08:00
1938-09-01	+08:00
1938-10-01	+08:00
1938-11-01	+08:00
1938-12-01	+08:00
1939-01-01	+08:00
1939-02-01	+08:00
1939-03-01	+08:00
1939-04-01	+08:00
1939-05-01	+08:00
1939-06-01	+08:00
1939-07-01	+08:00
1939-08-01	+08:00
1939-09-01	+08:00
1939-10-01	+08:00
1939-11-01	+08:00
1939-12-01	+08:00
1940-01-01	+08:00
1940-02-01	+08:00
1940-03-01	+08:00
1940-04-01	+08:00
1940-05-01	+08:00
1940-06-01	+08:00
1940-07-01	+09:00
1940-08-01	+09:00
1940-09-01	+09:00
1940-10-01	+09:00
1940-11-01	+08:00
1940-12-01	+08:00
1941-01-01	+08:00
1941-02-01	+08:00
1941-03-01	+08:00
1941-04-01	+09:00
1941-05-01	+09:00
1941-06-01	+09:00
1941-07-01	+09:00
1941-08-01	+09:00
1941-09-01	+09:00
1941-10-01	+09:00
1941-11-01	+09:00
1941-12-01	+08:00
1942-01-01	+08:00
1942-02-01	+09:00
1942-03-01	+09:00
1942-04-01	+09:00
1942-05-01	+09:00
1942-06-01	+09:00
1942-07-01	+09:00
1942-08-01	+09:00
1942-09-01	+09:00
1942-10-01	+09:00
1942-11-01	+09:00
1942-12-01	+09:00
1943-01-01	+09:00
1943-02-01	+09:00
1943-03-01	+09:00
1943-04-01	+09:00
1943-05-01	+09:00
1943-06-01	+09:00
1943-07-01	+09:00
1943-08-01	+09:00
1943-09-01	+09:00
1943-10-01	+09:00
1943-11-01	+09:00
1943-12-01	+09:00
1944-01-01	+09:00
1944-02-01	+09:00
1944-03-01	+09:00
1944-04-01	+09:00
1944-05-01	+09:00
1944-06-01	+09:00
1944-07-01	+09:00
1944-08-01	+09:00
1944-09-01	+09:00
1944-10-01	+09:00
1944-11-01	+09:00
1944-12-01	+09:00
1945-01-01	+09:00
1945-02-01	+09:00
1945-03-01	+09:00
1945-04-01	+09:00
1945-05-01	+09:00
1945-06-01	+09:00
1945-07-01	+09:00
1945-08-01	+09:00
1945-09-01	+09:00
1945-10-01	+08:00
1945-11-01	+08:00
1945-12-01	+08:00
1946-01-01	+08:00
1946-02-01	+08:00
1946-03-01	+08:00
1946-04-01	+08:00
1946-05-01	+08:00
1946-06-01	+09:00
1946-07-01	+09:00
1946-08-01	+09:00
1946-09-01	+09:00
1946-10-01	+08:00
1946-11-01	+08:00
1946-12-01	+08:00
1947-01-01	+08:00
1947-02-01	+08:00
1947-03-01	+08:00
1947-04-01	+08:00
1947-05-01	+09:00
1947-06-01	+09:00
1947-07-01	+09:00
1947-08-01	+09:00
1947-09-01	+09:00
1947-10-01	+09:00
1947-11-01	+08:00
1947-12-01	+08:00
1948-01-01	+08:00
1948-02-01	+08:00
1948-03-01	+08:00
1948-04-01	+08:00
1948-05-01	+08:00
1948-06-01	+09:00
1948-07-01	+09:00
1948-08-01	+09:00
1948-09-01	+09:00
1948-10-01	+08:00
1948-11-01	+08:00
1948-12-01	+08:00
1949-01-01	+08:00
1949-02-01	+08:00
1949-03-01	+08:00
1949-04-01	+08:00
1949-05-01	+08:00
1949-06-01	+08:00
1949-07-01	+08:00
1949-08-01	+08:00
1949-09-01	+08:00
1949-10-01	+08:00
1949-11-01	+08:00
1949-12-01	+08:00
1950-01-01	+08:00
1950-02-01	+08:00
1950-03-01	+08:00
1950-04-01	+08:00
1950-05-01	+08:00
1950-06-01	+08:00
1950-07-01	+08:00
1950-08-01	+08:00
1950-09-01	+08:00
1950-10-01	+08:00
1950-11-01	+08:00
1950-12-01	+08:00
1951-01-01	+08:00
1951-02-01	+08:00
1951-03-01	+08:00
1951-04-01	+08:00
1951-05-01	+08:00
1951-06-01	+08:00
1951-07-01	+08:00
1951-08-01	+08:00
1951-09-01	+08:00
1951-10-01	+08:00
1951-11-01	+08:00
1951-12-01	+08:00
1952-01-01	+08:00
1952-02-01	+08:00
1952-03-01	+08:00
1952-04-01	+08:00
1952-05-01	+08:00
1952-06-01	+08:00
1952-07-01	+08:00
1952-08-01	+08:00
1952-09-01	+08:00
1952-10-01	+08:00
1952-11-01	+08:00
1952-12-01	+08:00
1953-01-01	+08:00
1953-02-01	+08:00
1953-03-01	+08:00
1953-04-01	+08:00
1953-05-01	+08:00
1953-06-01	+08:00
1953-07-01	+08:00
1953-08-01	+08:00
1953-09-01	+08:00
1953-10-01	+08:00
1953-11-01	+08:00
1953-12-01	+08:00
1954-01-01	+08:00
1954-02-01	+08:00
1954-03-01	+08:00
1954-04-01	+08:00
1954-05-01	+08:00
1954-06-01	+08:00
1954-07-01	+08:00
1954-08-01	+08:00
1954-09-01	+08:00
1954-10-01	+08:00
1954-11-01	+08:00
1954-12-01	+08:00
1955-01-01	+08:00
1955-02-01	+08:00
1955-03-01	+08:00
1955-04-01	+08:00
1955-05-01	+08:00
1955-06-01	+08:00
1955-07-01	+08:00
1955-08-01	+08:00
1955-09-01	+08:00
1955-10-01	+08:00
1955-11-01	+08:00
1955-12-01	+08:00
1956-01-01	+08:00
1956-02-01	+08:00
1956-03-01	+08:00
1956-04-01	+08:00
1956-05-01	+08:00
1956-06-01	+08:00
1956-07-01	+08:00
1956-08-01	+08:00
1956-09-01	+08:00
1956-10-01	+08:00
1956-11-01	+08:00
1956-12-01	+08:00
1957-01-01	+08:00
1957-02-01	+08:00
1957-03-01	+08:00
1957-04-01	+08:00
1957-05-01	+08:00
1957-06-01	+08:00
1957-07-01	+08:00
1957-08-01	+08:00
1957-09-01	+08:00
1957-10-01	+08:00
1957-11-01	+08:00
1957-12-01	+08:00
1958-01-01	+08:00
1958-02-01	+08:00
1958-03-01	+08:00
1958-04-01	+08:00
1958-05-01	+08:00
1958-06-01	+08:00
1958-07-01	+08:00
1958-08-01	+08:00
1958-09-01	+08:00
1958-10-01	+08:00
1958-11-01	+08:00
1958-12-01	+08:00
1959-01-01	+08:00
1959-02-01	+08:00
1959-03-01	+08:00
1959-04-01	+08:00
1959-05-01	+08:00
1959-06-01	+08:00
1959-07-01	+08:00
1959-08-01	+08:00
1959-09-01	+08:00
1959-10-01	+08:00
1959-11-01	+08:00
1959-12-01	+08:00
1960-01-01	+08:00
1960-02-01	+08:00
1960-03-01	+08:00
1960-04-01	+08:00
1960-05-01	+08:00
1960-06-01	+08:00
1960-07-01	+08:00
1960-08-01	+08:00
1960-09-01	+08:00
1960-10-01	+08:00
1960-11-01	+08:00
1960-12-01	+08:00
1961-01-01	+08:00
1961-02-01	+08:00
1961-03-01	+08:00
1961-04-01	+08:00
1961-05-01	+08:00
1961-06-01	+08:00
1961-07-01	+08:00
1961-08-01	+08:00
1961-09-01	+08:00
1961-10-01	+08:00
1961-11-01	+08:00
1961-12-01	+08:00
1962-01-01	+08:00
1962-02-01	+08:00
1962-03-01	+08:00
1962-04-01	+08:00
1962-05-01	+08:00
1962-06-01	+08:00
1962-07-01	+08:00
1962-08-01	+08:00
1962-09-01	+08:00
1962-10-01	+08:00
1962-11-01	+08:00
1962-12-01	+08:00
1963-01-01	+08:00
1963-02-01	+08:00
1963-03-01	+08:00
1963-04-01	+08:00
1963-05-01	+08:00
1963-06-01	+08:00
1963-07-01	+08:00
1963-08-01	+08:00
1963-09-01	+08:00
1963-10-01	+08:00
1963-11-01	+08:00
1963-12-01	+08:00
1964-01-01	+08:00
1964-02-01	+08:00
1964-03-01	+08:00
1964-04-01	+08:00
1964-05-01	+08:00
1964-06-01	+08:00
1964-07-01	+08:00
1964-08-01	+08:00
1964-09-01	+08:00
1964-10-01	+08:00
1964-11-01	+08:00
1964-12-01	+08:00
1965-01-01	+08:00
1965-02-01	+08:00
1965-03-01	+08:00
1965-04-01	+08:00
1965-05-01	+08:00
1965-06-01	+08:00
1965-07-01	+08:00
1965-08-01	+08:00
1965-09-01	+08:00
1965-10-01	+08:00
1965-11-01	+08:00
1965-12-01	+08:00
1966-01-01	+08:00
1966-02-01	+08:00
1966-03-01	+08:00
1966-04-01	+08:00
1966-05-01	+08:00
1966-06-01	+08:00
1966-07-01	+08:00
1966-08-01	+08:00
1966-09-01	+08:00
1966-10-01	+08:00
1966-11-01	+08:00
1966-12-01	+08:00
1967-01-01	+08:00
1967-02-01	+08:00
1967-03-01	+08:00
1967-04-01	+08:00
1967-05-01	+08:00
1967-06-01	+08:00
1967-07-01	+08:00
1967-08-01	+08:00
1967-09-01	+08:00
1967-10-01	+08:00
1967-11-01	+08:00
1967-12-01	+08:00
1968-01-01	+08:00
1968-02-01	+08:00
1968-03-01	+08:00
1968-04-01	+08:00
1968-05-01	+08:00
1968-06-01	+08:00
1968-07-01	+08:00
1968-08-01	+08:00
1968-09-01	+08:00
1968-10-01	+08:00
1968-11-01	+08:00
1968-12-01	+08:00
1969-01-01	+08:00
1969-02-01	+08:00
1969-03-01	+08:00
1969-04-01	+08:00
1969-05-01	+08:00
1969-06-01	+08:00
1969-07-01	+08:00
1969-08-01	+08:00
1969-09-01	+08:00
1969-10-01	+08:00
1969-11-01	+08:00
1969-12-01	+08:00
1970-01-01	+08:00
1970-02-01	+08:00
1970-03-01	+08:00
1970-04-01	+08:00
1970-05-01	+08:00
1970-06-01	+08:00
1970-07-01	+08:00
1970-08-01	+08:00
1970-09-01	+08:00
1970-10-01	+08:00
1970-11-01	+08:00
1970-12-01	+08:00
1971-01-01	+08:00
1971-02-01	+08:00
1971-03-01	+08:00
1971-04-01	+08:00
1971-05-01	+08:00
1971-06-01	+08:00
1971-07-01	+08:00
1971-08-01	+08:00
1971-09-01	+08:00
1971-10-01	+08:00
1971-11-01	+08:00
1971-12-01	+08:00
1972-01-01	+08:00
1972-02-01	+08:00
1972-03-01	+08:00
1972-04-01	+08:00
1972-05-01	+08:00
1972-06-01	+08:00
1972-07-01	+08:00
1972-08-01	+08:00
1972-09-01	+08:00
1972-10-01	+08:00
1972-11-01	+08:00
1972-12-01	+08:00
1973-01-01	+08:00
1973-02-01	+08:00
1973-03-01	+08:00
1973-04-01	+08:00
1973-05-01	+08:00
1973-06-01	+08:00
1973-07-01	+08:00
1973-08-01	+08:00
1973-09-01	+08:00
1973-10-01	+08:00
1973-11-01	+08:00
1973-12-01	+08:00
1974-01-01	+08:00
1974-02-01	+08:00
1974-03-01	+08:00
1974-04-01	+08:00
1974-05-01	+08:00
1974-06-01	+08:00
1974-07-01	+08:00
1974-08-01	+08:00
1974-09-01	+08:00
1974-10-01	+08:00
1974-11-01	+08:00
1974-12-01	+08:00
1975-01-01	+08:00
1975-02-01	+08:00
1975-03-01	+08:00
1975-04-01	+08:00
1975-05-01	+08:00
1975-06-01	+08:00
1975-07-01	+08:00
1975-08-01	+08:00
1975-09-01	+08:00
1975-10-01	+08:00
1975-11-01	+08:00
1975-12-01	+08:00
1976-01-01	+08:00
1976-02-01	+08:00
1976-03-01	+08:00
1976-04-01	+08:00
1976-05-01	+08:00
1976-06-01	+08:00
1976-07-01	+08:00
1976-08-01	+08:00
1976-09-01	+08:00
1976-10-01	+08:00
1976-11-01	+08:00
1976-12-01	+08:00
1977-01-01	+08:00
1977-02-01	+08:00
1977-03-01	+08:00
1977-04-01	+08:00
1977-05-01	+08:00
1977-06-01	+08:00
1977-07-01	+08:00
1977-08-01	+08:00
1977-09-01	+08:00
1977-10-01	+08:00
1977-11-01	+08:00
1977-12-01	+08:00
1978-01-01	+08:00
1978-02-01	+08:00
1978-03-01	+08:00
1978-04-01	+08:00
1978-05-01	+08:00
1978-06-01	+08:00
1978-07-01	+08:00
1978-08-01	+08:00
1978-09-01	+08:00
1978-10-01	+08:00
1978-11-01	+08:00
1978-12-01	+08:00
1979-01-01	+08:00
1979-02-01	+08:00
1979-03-01	+08:00
1979-04-01	+08:00
1979-05-01	+08:00
1979-06-01	+08:00
1979-07-01	+08:00
1979-08-01	+08:00
1979-09-01	+08:00
1979-10-01	+08:00
1979-11-01	+08:00
1979-12-01	+08:00
1980-01-01	+08:00
1980-02-01	+08:00
1980-03-01	+08:00
1980-04-01	+08:00
1980-05-01	+08:00
1980-06-01	+08:00
1980-07-01	+08:00
1980-08-01	+08:00
1980-09-01	+08:00
1980-10-01	+08:00
1980-11-01	+08:00
1980-12-01	+08:00
1981-01-01	+08:00
1981-02-01	+08:00
1981-03-01	+08:00
1981-04-01	+08:00
1981-05-01	+08:00
1981-06-01	+08:00
1981-07-01	+08:00
1981-08-01	+08:00
1981-09-01	+08:00
1981-10-01	+08:00
1981-11-01	+08:00
1981-12-01	+08:00
1982-01-01	+08:00
1982-02-01	+08:00
1982-03-01	+08:00
1982-04-01	+08:00
1982-05-01	+08:00
1982-06-01	+08:00
1982-07-01	+08:00
1982-08-01	+08:00
1982-09-01	+08:00
1982-10-01	+08:00
1982-11-01	+08:00
1982-12-01	+08:00
1983-01-01	+08:00
1983-02-01	+08:00
1983-03-01	+08:00
1983-04-01	+08:00
1983-05-01	+08:00
1983-06-01	+08:00
1983-07-01	+08:00
1983-08-01	+08:00
1983-09-01	+08:00
1983-10-01	+08:00
1983-11-01	+08:00
1983-12-01	+08:00
1984-01-01	+08:00
1984-02-01	+08:00
1984-03-01	+08:00
1984-04-01	+08:00
1984-05-01	+08:00
1984-06-01	+08:00
1984-07-01	+08:00
1984-08-01	+08:00
1984-09-01	+08:00
1984-10-01	+08:00
1984-11-01	+08:00
1984-12-01	+08:00
1985-01-01	+08:00
1985-02-01	+08:00
1985-03-01	+08:00
1985-04-01	+08:00
1985-05-01	+08:00
1985-06-01	+08:00
1985-07-01	+08:00
1985-08-01	+08:00
1985-09-01	+08:00
1985-10-01	+08:00
1985-11-01	+08:00
1985-12-01	+08:00
1986-01-01	+08:00
1986-02-01	+08:00
1986-03-01	+08:00
1986-04-01	+08:00
1986-05-01	+08:00
1986-06-01	+09:00
1986-07-01	+09:00
1986-08-01	+09:00
1986-09-01	+09:00
1986-10-01	+08:00
1986-11-01	+08:00
1986-12-01	+08:00
1987-01-01	+08:00
1987-02-01	+08:00
1987-03-01	+08:00
1987-04-01	+08:00
1987-05-01	+09:00
1987-06-01	+09:00
1987-07-01	+09:00
1987-08-01	+09:00
1987-09-01	+09:00
1987-10-01	+08:00
1987-11-01	+08:00
1987-12-01	+08:00
1988-01-01	+08:00
1988-02-01	+08:00
1988-03-01	+08:00
1988-04-01	+08:00
1988-05-01	+09:00
1988-06-01	+09:00
1988-07-01	+09:00
1988-08-01	+09:00
1988-09-01	+09:00
1988-10-01	+08:00
1988-11-01	+08:00
1988-12-01	+08:00
1989-01-01	+08:00
1989-02-01	+08:00
1989-03-01	+08:00
1989-04-01	+08:00
1989-05-01	+09:00
1989-06-01	+09:00
1989-07-01	+09:00
1989-08-01	+09:00
1989-09-01	+09:00
1989-10-01	+08:00
1989-11-01	+08:00
1989-12-01	+08:00
1990-01-01	+08:00
1990-02-01	+08:00
1990-03-01	+08:00
1990-04-01	+08:00
1990-05-01	+09:00
1990-06-01	+09:00
1990-07-01	+09:00
1990-08-01	+09:00
1990-09-01	+09:00
1990-10-01	+08:00
1990-11-01	+08:00
1990-12-01	+08:00
1991-01-01	+08:00
1991-02-01	+08:00
1991-03-01	+08:00
1991-04-01	+08:00
1991-05-01	+09:00
1991-06-01	+09:00
1991-07-01	+09:00
1991-08-01	+09:00
1991-09-01	+09:00
1991-10-01	+08:00
1991-11-01	+08:00
1991-12-01	+08:00
1992-01-01	+08:00
1992-02-01	+08:00
1992-03-01	+08:00
1992-04-01	+08:00
1992-05-01	+08:00
1992-06-01	+08:00
1992-07-01	+08:00
1992-08-01	+08:00
1992-09-01	+08:00
1992-10-01	+08:00
1992-11-01	+08:00
1992-12-01	+08:00
1993-01-01	+08:00
1993-02-01	+08:00
1993-03-01	+08:00
1993-04-01	+08:00
1993-05-01	+08:00
1993-06-01	+08:00
1993-07-01	+08:00
1993-08-01	+08:00
1993-09-01	+08:00
1993-10-01	+08:00
1993-11-01	+08:00
1993-12-01	+08:00
1994-01-01	+08:00
1994-02-01	+08:00
1994-03-01	+08:00
1994-04-01	+08:00
1994-05-01	+08:00
1994-06-01	+08:00
1994-07-01	+08:00
1994-08-01	+08:00
1994-09-01	+08:00
1994-10-01	+08:00
1994-11-01	+08:00
1994-12-01	+08:00
1995-01-01	+08:00
1995-02-01	+08:00
1995-03-01	+08:00
1995-04-01	+08:00
1995-05-01	+08:00
1995-06-01	+08:00
1995-07-01	+08:00
1995-08-01	+08:00
1995-09-01	+08:00
1995-10-01	+08:00
1995-11-01	+08:00
1995-12-01	+08:00
1996-01-01	+08:00
1996-02-01	+08:00
1996-03-01	+08:00
1996-04-01	+08:00
1996-05-01	+08:00
1996-06-01	+08:00
1996-07-01	+08:00
1996-08-01	+08:00
1996-09-01	+08:00
1996-10-01	+08:00
1996-11-01	+08:00
1996-12-01	+08:00
1997-01-01	+08:00
1997-02-01	+08:00
1997-03-01	+08:00
1997-04-01	+08:00
1997-05-01	+08:00
1997-06-01	+08:00
1997-07-01	+08:00
1997-08-01	+08:00
1997-09-01	+08:00
1997-10-01	+08:00
1997-11-01	+08:00
1997-12-01	+08:00
1998-01-01	+08:00
1998-02-01	+08:00
1998-03-01	+08:00
1998-04-01	+08:00
1998-05-01	+08:00
1998-06-01	+08:00
1998-07-01	+08:00
1998-08-01	+08:00
1998-09-01	+08:00
1998-10-01	+08:00
1998-11-01	+08:00
1998-12-01	+08:00
1999-01-01	+08:00
1999-02-01	+08:00
1999-03-01	+08:00
1999-04-01	+08:00
1999-05-01	+08:00
1999-06-01	+08:00
1999-07-01	+08:00
1999-08-01	+08:00
1999-09-01	+08:00
1999-10-01	+08:00
1999-11-01	+08:00
1999-12-01	+08:00
{
	"@type":"com.alibaba.fastjson2.issues_2300.Issue2392$Bean",
	"value":{
		"@type":"kotlin.collections.EmptyList",
		"@value":[]
	}
}
{"testField":"My Test"}
{"n0":null,"n1":"1","s0":"","s1":"noear"}
{"v":6.805646932770577E38}
449226591
[Value2{val=1, v_al=2}, Value2{val=2, v_al=2}, Value2{val=3, v_al=2}]  
{"data":{"key1":"value1","key2":"value2"},"success":false}
{"data":["key1","key2"],"success":false}
com.alibaba.fastjson2.JSONException: illegal number, offset 25, char }
	at com.alibaba.fastjson2.JSONReader.numberError(JSONReader.java:6770)
	at com.alibaba.fastjson2.JSONReader.getInt64Value(JSONReader.java:2050)
	at com.alibaba.fastjson2.JSONReader.readInt64ValueOverflow(JSONReader.java:1933)
	at com.alibaba.fastjson2.JSONReaderUTF8.readInt64Value(JSONReaderUTF8.java:3757)
	at com.alibaba.fastjson2.reader.ORG_2077_1_LongVal.readObject(Unknown Source)
	at com.alibaba.fastjson2.JSON.parseObject(JSON.java:992)
	at com.alibaba.fastjson2.v1issues.issue_1400.Issue1423.test_for_issue(Issue1423.java:17)
	at java.base/jdk.internal.reflect.DirectMethodHandleAccessor.invoke(DirectMethodHandleAccessor.java:104)
	at java.base/java.lang.reflect.Method.invoke(Method.java:565)
	at org.junit.platform.commons.util.ReflectionUtils.invokeMethod(ReflectionUtils.java:787)
	at org.junit.platform.commons.support.ReflectionSupport.invokeMethod(ReflectionSupport.java:478)
	at org.junit.jupiter.engine.execution.MethodInvocation.proceed(MethodInvocation.java:60)
	at org.junit.jupiter.engine.execution.InvocationInterceptorChain$ValidatingInvocation.proceed(InvocationInterceptorChain.java:131)
	at org.junit.jupiter.engine.extension.TimeoutExtension.intercept(TimeoutExtension.java:161)
	at org.junit.jupiter.engine.extension.TimeoutExtension.interceptTestableMethod(TimeoutExtension.java:152)
	at org.junit.jupiter.engine.extension.TimeoutExtension.interceptTestMethod(TimeoutExtension.java:91)
	at org.junit.jupiter.engine.execution.InterceptingExecutableInvoker$ReflectiveInterceptorCall.lambda$ofVoidMethod$0(InterceptingExecutableInvoker.java:112)
	at org.junit.jupiter.engine.execution.InterceptingExecutableInvoker.lambda$invoke$0(InterceptingExecutableInvoker.java:94)
	at org.junit.jupiter.engine.execution.InvocationInterceptorChain$InterceptedInvocation.proceed(InvocationInterceptorChain.java:106)
	at org.junit.jupiter.engine.execution.InvocationInterceptorChain.proceed(InvocationInterceptorChain.java:64)
	at org.junit.jupiter.engine.execution.InvocationInterceptorChain.chainAndInvoke(InvocationInterceptorChain.java:45)
	at org.junit.jupiter.engine.execution.InvocationInterceptorChain.invoke(InvocationInterceptorChain.java:37)
	at org.junit.jupiter.engine.execution.InterceptingExecutableInvoker.invoke(InterceptingExecutableInvoker.java:93)
	at org.junit.jupiter.engine.execution.InterceptingExecutableInvoker.invoke(InterceptingExecutableInvoker.java:87)
	at org.junit.jupiter.engine.descriptor.TestMethodTestDescriptor.lambda$invokeTestMethod$4(TestMethodTestDescriptor.java:221)
	at org.junit.platform.engine.support.hierarchical.ThrowableCollector.execute(ThrowableCollector.java:73)
	at org.junit.jupiter.engine.descriptor.TestMethodTestDescriptor.invokeTestMethod(TestMethodTestDescriptor.java:217)
	at org.junit.jupiter.engine.descriptor.TestMethodTestDescriptor.execute(TestMethodTestDescriptor.java:159)
	at org.junit.jupiter.engine.descriptor.TestMethodTestDescriptor.execute(TestMethodTestDescriptor.java:70)
	at org.junit.platform.engine.support.hierarchical.NodeTestTask.lambda$executeRecursively$6(NodeTestTask.java:157)
	at org.junit.platform.engine.support.hierarchical.ThrowableCollector.execute(ThrowableCollector.java:73)
	at org.junit.platform.engine.support.hierarchical.NodeTestTask.lambda$executeRecursively$8(NodeTestTask.java:147)
	at org.junit.platform.engine.support.hierarchical.Node.around(Node.java:137)
	at org.junit.platform.engine.support.hierarchical.NodeTestTask.lambda$executeRecursively$9(NodeTestTask.java:145)
	at org.junit.platform.engine.support.hierarchical.ThrowableCollector.execute(ThrowableCollector.java:73)
	at org.junit.platform.engine.support.hierarchical.NodeTestTask.executeRecursively(NodeTestTask.java:144)
	at org.junit.platform.engine.support.hierarchical.NodeTestTask.execute(NodeTestTask.java:101)
	at java.base/java.util.ArrayList.forEach(ArrayList.java:1604)
	at org.junit.platform.engine.support.hierarchical.SameThreadHierarchicalTestExecutorService.invokeAll(SameThreadHierarchicalTestExecutorService.java:41)
	at org.junit.platform.engine.support.hierarchical.NodeTestTask.lambda$executeRecursively$6(NodeTestTask.java:161)
	at org.junit.platform.engine.support.hierarchical.ThrowableCollector.execute(ThrowableCollector.java:73)
	at org.junit.platform.engine.support.hierarchical.NodeTestTask.lambda$executeRecursively$8(NodeTestTask.java:147)
	at org.junit.platform.engine.support.hierarchical.Node.around(Node.java:137)
	at org.junit.platform.engine.support.hierarchical.NodeTestTask.lambda$executeRecursively$9(NodeTestTask.java:145)
	at org.junit.platform.engine.support.hierarchical.ThrowableCollector.execute(ThrowableCollector.java:73)
	at org.junit.platform.engine.support.hierarchical.NodeTestTask.executeRecursively(NodeTestTask.java:144)
	at org.junit.platform.engine.support.hierarchical.NodeTestTask.execute(NodeTestTask.java:101)
	at java.base/java.util.ArrayList.forEach(ArrayList.java:1604)
	at org.junit.platform.engine.support.hierarchical.SameThreadHierarchicalTestExecutorService.invokeAll(SameThreadHierarchicalTestExecutorService.java:41)
	at org.junit.platform.engine.support.hierarchical.NodeTestTask.lambda$executeRecursively$6(NodeTestTask.java:161)
	at org.junit.platform.engine.support.hierarchical.ThrowableCollector.execute(ThrowableCollector.java:73)
	at org.junit.platform.engine.support.hierarchical.NodeTestTask.lambda$executeRecursively$8(NodeTestTask.java:147)
	at org.junit.platform.engine.support.hierarchical.Node.around(Node.java:137)
	at org.junit.platform.engine.support.hierarchical.NodeTestTask.lambda$executeRecursively$9(NodeTestTask.java:145)
	at org.junit.platform.engine.support.hierarchical.ThrowableCollector.execute(ThrowableCollector.java:73)
	at org.junit.platform.engine.support.hierarchical.NodeTestTask.executeRecursively(NodeTestTask.java:144)
	at org.junit.platform.engine.support.hierarchical.NodeTestTask.execute(NodeTestTask.java:101)
	at org.junit.platform.engine.support.hierarchical.SameThreadHierarchicalTestExecutorService.submit(SameThreadHierarchicalTestExecutorService.java:35)
	at org.junit.platform.engine.support.hierarchical.HierarchicalTestExecutor.execute(HierarchicalTestExecutor.java:57)
	at org.junit.platform.engine.support.hierarchical.HierarchicalTestEngine.execute(HierarchicalTestEngine.java:54)
	at org.junit.platform.launcher.core.EngineExecutionOrchestrator.executeEngine(EngineExecutionOrchestrator.java:230)
	at org.junit.platform.launcher.core.EngineExecutionOrchestrator.failOrExecuteEngine(EngineExecutionOrchestrator.java:204)
	at org.junit.platform.launcher.core.EngineExecutionOrchestrator.execute(EngineExecutionOrchestrator.java:172)
	at org.junit.platform.launcher.core.EngineExecutionOrchestrator.execute(EngineExecutionOrchestrator.java:101)
	at org.junit.platform.launcher.core.EngineExecutionOrchestrator.lambda$execute$0(EngineExecutionOrchestrator.java:64)
	at org.junit.platform.launcher.core.EngineExecutionOrchestrator.withInterceptedStreams(EngineExecutionOrchestrator.java:150)
	at org.junit.platform.launcher.core.EngineExecutionOrchestrator.execute(EngineExecutionOrchestrator.java:63)
	at org.junit.platform.launcher.core.DefaultLauncher.execute(DefaultLauncher.java:109)
	at org.junit.platform.launcher.core.DefaultLauncher.execute(DefaultLauncher.java:91)
	at org.junit.platform.launcher.core.DelegatingLauncher.execute(DelegatingLauncher.java:47)
	at org.junit.platform.launcher.core.InterceptingLauncher.lambda$execute$1(InterceptingLauncher.java:39)
	at org.junit.platform.launcher.core.ClasspathAlignmentCheckingLauncherInterceptor.intercept(ClasspathAlignmentCheckingLauncherInterceptor.java:25)
	at org.junit.platform.launcher.core.InterceptingLauncher.execute(InterceptingLauncher.java:38)
	at org.junit.platform.launcher.core.DelegatingLauncher.execute(DelegatingLauncher.java:47)
	at org.apache.maven.surefire.junitplatform.LazyLauncher.execute(LazyLauncher.java:56)
	at org.apache.maven.surefire.junitplatform.JUnitPlatformProvider.execute(JUnitPlatformProvider.java:194)
	at org.apache.maven.surefire.junitplatform.JUnitPlatformProvider.invokeAllTests(JUnitPlatformProvider.java:150)
	at org.apache.maven.surefire.junitplatform.JUnitPlatformProvider.invoke(JUnitPlatformProvider.java:124)
	at org.apache.maven.surefire.booter.ForkedBooter.runSuitesInProcess(ForkedBooter.java:385)
	at org.apache.maven.surefire.booter.ForkedBooter.execute(ForkedBooter.java:162)
	at org.apache.maven.surefire.booter.ForkedBooter.run(ForkedBooter.java:507)
	at org.apache.maven.surefire.booter.ForkedBooter.main(ForkedBooter.java:495)
com.alibaba.fastjson2.JSONException: illegal number, offset 25, char }
	at com.alibaba.fastjson2.JSONReader.numberError(JSONReader.java:6770)
	at com.alibaba.fastjson2.JSONReader.getInt64Value(JSONReader.java:2050)
	at com.alibaba.fastjson2.JSONReader.readInt64ValueOverflow(JSONReader.java:1933)
	at com.alibaba.fastjson2.JSONReaderUTF8.readInt64Value(JSONReaderUTF8.java:3757)
	at com.alibaba.fastjson2.reader.ORG_2077_1_LongVal.readObject(Unknown Source)
	at com.alibaba.fastjson2.JSON.parseObject(JSON.java:992)
	at com.alibaba.fastjson2.v1issues.issue_1400.Issue1423.test_for_issue(Issue1423.java:17)
	at java.base/jdk.internal.reflect.DirectMethodHandleAccessor.invoke(DirectMethodHandleAccessor.java:104)
	at java.base/java.lang.reflect.Method.invoke(Method.java:565)
	at org.junit.platform.commons.util.ReflectionUtils.invokeMethod(ReflectionUtils.java:787)
	at org.junit.platform.commons.support.ReflectionSupport.invokeMethod(ReflectionSupport.java:478)
	at org.junit.jupiter.engine.execution.MethodInvocation.proceed(MethodInvocation.java:60)
	at org.junit.jupiter.engine.execution.InvocationInterceptorChain$ValidatingInvocation.proceed(InvocationInterceptorChain.java:131)
	at org.junit.jupiter.engine.extension.TimeoutExtension.intercept(TimeoutExtension.java:161)
	at org.junit.jupiter.engine.extension.TimeoutExtension.interceptTestableMethod(TimeoutExtension.java:152)
	at org.junit.jupiter.engine.extension.TimeoutExtension.interceptTestMethod(TimeoutExtension.java:91)
	at org.junit.jupiter.engine.execution.InterceptingExecutableInvoker$ReflectiveInterceptorCall.lambda$ofVoidMethod$0(InterceptingExecutableInvoker.java:112)
	at org.junit.jupiter.engine.execution.InterceptingExecutableInvoker.lambda$invoke$0(InterceptingExecutableInvoker.java:94)
	at org.junit.jupiter.engine.execution.InvocationInterceptorChain$InterceptedInvocation.proceed(InvocationInterceptorChain.java:106)
	at org.junit.jupiter.engine.execution.InvocationInterceptorChain.proceed(InvocationInterceptorChain.java:64)
	at org.junit.jupiter.engine.execution.InvocationInterceptorChain.chainAndInvoke(InvocationInterceptorChain.java:45)
	at org.junit.jupiter.engine.execution.InvocationInterceptorChain.invoke(InvocationInterceptorChain.java:37)
	at org.junit.jupiter.engine.execution.InterceptingExecutableInvoker.invoke(InterceptingExecutableInvoker.java:93)
	at org.junit.jupiter.engine.execution.InterceptingExecutableInvoker.invoke(InterceptingExecutableInvoker.java:87)
	at org.junit.jupiter.engine.descriptor.TestMethodTestDescriptor.lambda$invokeTestMethod$4(TestMethodTestDescriptor.java:221)
	at org.junit.platform.engine.support.hierarchical.ThrowableCollector.execute(ThrowableCollector.java:73)
	at org.junit.jupiter.engine.descriptor.TestMethodTestDescriptor.invokeTestMethod(TestMethodTestDescriptor.java:217)
	at org.junit.jupiter.engine.descriptor.TestMethodTestDescriptor.execute(TestMethodTestDescriptor.java:159)
	at org.junit.jupiter.engine.descriptor.TestMethodTestDescriptor.execute(TestMethodTestDescriptor.java:70)
	at org.junit.platform.engine.support.hierarchical.NodeTestTask.lambda$executeRecursively$6(NodeTestTask.java:157)
	at org.junit.platform.engine.support.hierarchical.ThrowableCollector.execute(ThrowableCollector.java:73)
	at org.junit.platform.engine.support.hierarchical.NodeTestTask.lambda$executeRecursively$8(NodeTestTask.java:147)
	at org.junit.platform.engine.support.hierarchical.Node.around(Node.java:137)
	at org.junit.platform.engine.support.hierarchical.NodeTestTask.lambda$executeRecursively$9(NodeTestTask.java:145)
	at org.junit.platform.engine.support.hierarchical.ThrowableCollector.execute(ThrowableCollector.java:73)
	at org.junit.platform.engine.support.hierarchical.NodeTestTask.executeRecursively(NodeTestTask.java:144)
	at org.junit.platform.engine.support.hierarchical.NodeTestTask.execute(NodeTestTask.java:101)
	at java.base/java.util.ArrayList.forEach(ArrayList.java:1604)
	at org.junit.platform.engine.support.hierarchical.SameThreadHierarchicalTestExecutorService.invokeAll(SameThreadHierarchicalTestExecutorService.java:41)
	at org.junit.platform.engine.support.hierarchical.NodeTestTask.lambda$executeRecursively$6(NodeTestTask.java:161)
	at org.junit.platform.engine.support.hierarchical.ThrowableCollector.execute(ThrowableCollector.java:73)
	at org.junit.platform.engine.support.hierarchical.NodeTestTask.lambda$executeRecursively$8(NodeTestTask.java:147)
	at org.junit.platform.engine.support.hierarchical.Node.around(Node.java:137)
	at org.junit.platform.engine.support.hierarchical.NodeTestTask.lambda$executeRecursively$9(NodeTestTask.java:145)
	at org.junit.platform.engine.support.hierarchical.ThrowableCollector.execute(ThrowableCollector.java:73)
	at org.junit.platform.engine.support.hierarchical.NodeTestTask.executeRecursively(NodeTestTask.java:144)
	at org.junit.platform.engine.support.hierarchical.NodeTestTask.execute(NodeTestTask.java:101)
	at java.base/java.util.ArrayList.forEach(ArrayList.java:1604)
	at org.junit.platform.engine.support.hierarchical.SameThreadHierarchicalTestExecutorService.invokeAll(SameThreadHierarchicalTestExecutorService.java:41)
	at org.junit.platform.engine.support.hierarchical.NodeTestTask.lambda$executeRecursively$6(NodeTestTask.java:161)
	at org.junit.platform.engine.support.hierarchical.ThrowableCollector.execute(ThrowableCollector.java:73)
	at org.junit.platform.engine.support.hierarchical.NodeTestTask.lambda$executeRecursively$8(NodeTestTask.java:147)
	at org.junit.platform.engine.support.hierarchical.Node.around(Node.java:137)
	at org.junit.platform.engine.support.hierarchical.NodeTestTask.lambda$executeRecursively$9(NodeTestTask.java:145)
	at org.junit.platform.engine.support.hierarchical.ThrowableCollector.execute(ThrowableCollector.java:73)
	at org.junit.platform.engine.support.hierarchical.NodeTestTask.executeRecursively(NodeTestTask.java:144)
	at org.junit.platform.engine.support.hierarchical.NodeTestTask.execute(NodeTestTask.java:101)
	at org.junit.platform.engine.support.hierarchical.SameThreadHierarchicalTestExecutorService.submit(SameThreadHierarchicalTestExecutorService.java:35)
	at org.junit.platform.engine.support.hierarchical.HierarchicalTestExecutor.execute(HierarchicalTestExecutor.java:57)
	at org.junit.platform.engine.support.hierarchical.HierarchicalTestEngine.execute(HierarchicalTestEngine.java:54)
	at org.junit.platform.launcher.core.EngineExecutionOrchestrator.executeEngine(EngineExecutionOrchestrator.java:230)
	at org.junit.platform.launcher.core.EngineExecutionOrchestrator.failOrExecuteEngine(EngineExecutionOrchestrator.java:204)
	at org.junit.platform.launcher.core.EngineExecutionOrchestrator.execute(EngineExecutionOrchestrator.java:172)
	at org.junit.platform.launcher.core.EngineExecutionOrchestrator.execute(EngineExecutionOrchestrator.java:101)
	at org.junit.platform.launcher.core.EngineExecutionOrchestrator.lambda$execute$0(EngineExecutionOrchestrator.java:64)
	at org.junit.platform.launcher.core.EngineExecutionOrchestrator.withInterceptedStreams(EngineExecutionOrchestrator.java:150)
	at org.junit.platform.launcher.core.EngineExecutionOrchestrator.execute(EngineExecutionOrchestrator.java:63)
	at org.junit.platform.launcher.core.DefaultLauncher.execute(DefaultLauncher.java:109)
	at org.junit.platform.launcher.core.DefaultLauncher.execute(DefaultLauncher.java:91)
	at org.junit.platform.launcher.core.DelegatingLauncher.execute(DelegatingLauncher.java:47)
	at org.junit.platform.launcher.core.InterceptingLauncher.lambda$execute$1(InterceptingLauncher.java:39)
	at org.junit.platform.launcher.core.ClasspathAlignmentCheckingLauncherInterceptor.intercept(ClasspathAlignmentCheckingLauncherInterceptor.java:25)
	at org.junit.platform.launcher.core.InterceptingLauncher.execute(InterceptingLauncher.java:38)
	at org.junit.platform.launcher.core.DelegatingLauncher.execute(DelegatingLauncher.java:47)
	at org.apache.maven.surefire.junitplatform.LazyLauncher.execute(LazyLauncher.java:56)
	at org.apache.maven.surefire.junitplatform.JUnitPlatformProvider.execute(JUnitPlatformProvider.java:194)
	at org.apache.maven.surefire.junitplatform.JUnitPlatformProvider.invokeAllTests(JUnitPlatformProvider.java:150)
	at org.apache.maven.surefire.junitplatform.JUnitPlatformProvider.invoke(JUnitPlatformProvider.java:124)
	at org.apache.maven.surefire.booter.ForkedBooter.runSuitesInProcess(ForkedBooter.java:385)
	at org.apache.maven.surefire.booter.ForkedBooter.execute(ForkedBooter.java:162)
	at org.apache.maven.surefire.booter.ForkedBooter.run(ForkedBooter.java:507)
	at org.apache.maven.surefire.booter.ForkedBooter.main(ForkedBooter.java:495)
{"code":"A001","name":"测试"}
{"model":{"age":30,"rowIndex":1},"sampleNum":"22B00123"}
{"test":"2017-11-17T00:00:00+08:00"}
{"test":"2017-11-17T00:00:00+08:00"}
[{"map3":["list0","list1"]},{"map2":["list0","list1"]},{"map1":["list0","list1"]},{"map0":["list0","list1"]},{"map7":["list0","list1"]},{"map6":["list0","list1"]},{"map5":["list0","list1"]},{"map4":["list0","list1"]},{"map9":["list0","list1"]},{"map8":["list0","list1"]}]
[map3=[list0, list1], map2=[list0, list1], map1=[list0, list1], map0=[list0, list1], map7=[list0, list1], map6=[list0, list1], map5=[list0, list1], map4=[list0, list1], map9=[list0, list1], map8=[list0, list1]]
{"@type":"com.alibaba.fastjson2.v1issues.issue_1500.Issue1556$ApiResult","code":0,"data":{"@type":"com.alibaba.fastjson2.v1issues.issue_1500.Issue1556$ClassForData","dataName":"dataname","first":{"addr":"It is addr","commonInfo":{"demoDate":"2026-10-07 00:47:02.64"}},"second":{"commonInfo":{"demoDate":"2026-10-07 00:47:02.64"},"name":"It is name"}},"msg":"Success"}
{"@type":"com.alibaba.fastjson2.v1issues.issue_1500.Issue1556$ApiResult","code":0,"data":{"@type":"com.alibaba.fastjson2.v1issues.issue_1500.Issue1556$ClassForData","dataName":"dataname","first":{"addr":"It is addr","commonInfo":{"demoDate":"2026-10-07 00:47:02.64"}},"second":{"commonInfo":{"demoDate":"2026-10-07 00:47:02.64"},"name":"It is name"}},"msg":"Success"}
WARNING: Use of the three-letter time zone ID "AGT" is deprecated and it will be removed in a future release
WARNING: Use of the three-letter time zone ID "CAT" is deprecated and it will be removed in a future release
WARNING: Use of the three-letter time zone ID "MIT" is deprecated and it will be removed in a future release
WARNING: Use of the three-letter time zone ID "BET" is deprecated and it will be removed in a future release
WARNING: Use of the three-letter time zone ID "PST" is deprecated and it will be removed in a future release
WARNING: Use of the three-letter time zone ID "ART" is deprecated and it will be removed in a future release
WARNING: Use of the three-letter time zone ID "JST" is deprecated and it will be removed in a future release
WARNING: Use of the three-letter time zone ID "VST" is deprecated and it will be removed in a future release
WARNING: Use of the three-letter time zone ID "IET" is deprecated and it will be removed in a future release
WARNING: Use of the three-letter time zone ID "CNT" is deprecated and it will be removed in a future release
WARNING: Use of the three-letter time zone ID "PLT" is deprecated and it will be removed in a future release
WARNING: Use of the three-letter time zone ID "PNT" is deprecated and it will be removed in a future release
WARNING: Use of the three-letter time zone ID "EST" is deprecated and it will be removed in a future release
WARNING: Use of the three-letter time zone ID "EAT" is deprecated and it will be removed in a future release
WARNING: Use of the three-letter time zone ID "ECT" is deprecated and it will be removed in a future release
WARNING: Use of the three-letter time zone ID "PRT" is deprecated and it will be removed in a future release
WARNING: Use of the three-letter time zone ID "CTT" is deprecated and it will be removed in a future release
WARNING: Use of the three-letter time zone ID "SST" is deprecated and it will be removed in a future release
WARNING: Use of the three-letter time zone ID "MST" is deprecated and it will be removed in a future release
WARNING: Use of the three-letter time zone ID "AST" is deprecated and it will be removed in a future release
WARNING: Use of the three-letter time zone ID "NST" is deprecated and it will be removed in a future release
WARNING: Use of the three-letter time zone ID "HST" is deprecated and it will be removed in a future release
WARNING: Use of the three-letter time zone ID "ACT" is deprecated and it will be removed in a future release
WARNING: Use of the three-letter time zone ID "BST" is deprecated and it will be removed in a future release
WARNING: Use of the three-letter time zone ID "AET" is deprecated and it will be removed in a future release
WARNING: Use of the three-letter time zone ID "IST" is deprecated and it will be removed in a future release
WARNING: Use of the three-letter time zone ID "CST" is deprecated and it will be removed in a future release
WARNING: Use of the three-letter time zone ID "NET" is deprecated and it will be removed in a future release
WARNING: Use of the three-letter time zone ID "AGT" is deprecated and it will be removed in a future release
WARNING: Use of the three-letter time zone ID "CAT" is deprecated and it will be removed in a future release
WARNING: Use of the three-letter time zone ID "MIT" is deprecated and it will be removed in a future release
WARNING: Use of the three-letter time zone ID "BET" is deprecated and it will be removed in a future release
WARNING: Use of the three-letter time zone ID "PST" is deprecated and it will be removed in a future release
WARNING: Use of the three-letter time zone ID "ART" is deprecated and it will be removed in a future release
WARNING: Use of the three-letter time zone ID "JST" is deprecated and it will be removed in a future release
WARNING: Use of the three-letter time zone ID "VST" is deprecated and it will be removed in a future release
WARNING: Use of the three-letter time zone ID "IET" is deprecated and it will be removed in a future release
WARNING: Use of the three-letter time zone ID "CNT" is deprecated and it will be removed in a future release
WARNING: Use of the three-letter time zone ID "PLT" is deprecated and it will be removed in a future release
WARNING: Use of the three-letter time zone ID "PNT" is deprecated and it will be removed in a future release
WARNING: Use of the three-letter time zone ID "EST" is deprecated and it will be removed in a future release
WARNING: Use of the three-letter time zone ID "EAT" is deprecated and it will be removed in a future release
WARNING: Use of the three-letter time zone ID "ECT" is deprecated and it will be removed in a future release
WARNING: Use of the three-letter time zone ID "PRT" is deprecated and it will be removed in a future release
WARNING: Use of the three-letter time zone ID "CTT" is deprecated and it will be removed in a future release
WARNING: Use of the three-letter time zone ID "SST" is deprecated and it will be removed in a future release
WARNING: Use of the three-letter time zone ID "MST" is deprecated and it will be removed in a future release
WARNING: Use of the three-letter time zone ID "AST" is deprecated and it will be removed in a future release
WARNING: Use of the three-letter time zone ID "NST" is deprecated and it will be removed in a future release
WARNING: Use of the three-letter time zone ID "HST" is deprecated and it will be removed in a future release
WARNING: Use of the three-letter time zone ID "ACT" is deprecated and it will be removed in a future release
WARNING: Use of the three-letter time zone ID "BST" is deprecated and it will be removed in a future release
WARNING: Use of the three-letter time zone ID "AET" is deprecated and it will be removed in a future release
WARNING: Use of the three-letter time zone ID "IST" is deprecated and it will be removed in a future release
WARNING: Use of the three-letter time zone ID "CST" is deprecated and it will be removed in a future release
WARNING: Use of the three-letter time zone ID "NET" is deprecated and it will be removed in a future release
您的预约已经超时
[{"x":"y"},{"x":"y"}]
{"models":[{"x":"y"},{"x":"y"}]}
{"a":{"x":"y"},"b":{"x":"y"}}
{"a":{"x":"y"},"b":{"x":"y"}}
com.alibaba.fastjson2.JSONException: parse enum error, class com.alibaba.fastjson2.v1issues.issue_2000.Issue2065$EnumClass, getCode 0, offset 10, character }, line 1, column 10, fastjson-version 2.0.64 {"code":0}
	at com.alibaba.fastjson2.reader.ObjectReaderImplEnum.readObject(ObjectReaderImplEnum.java:254)
	at com.alibaba.fastjson2.reader.ORG_2176_1_Model.readObject(Unknown Source)
	at com.alibaba.fastjson2.JSON.parseObject(JSON.java:1299)
	at com.alibaba.fastjson2.v1issues.issue_2000.Issue2065.test_for_issue(Issue2065.java:20)
	at java.base/jdk.internal.reflect.DirectMethodHandleAccessor.invoke(DirectMethodHandleAccessor.java:104)
	at java.base/java.lang.reflect.Method.invoke(Method.java:565)
	at org.junit.platform.commons.util.ReflectionUtils.invokeMethod(ReflectionUtils.java:787)
	at org.junit.platform.commons.support.ReflectionSupport.invokeMethod(ReflectionSupport.java:478)
	at org.junit.jupiter.engine.execution.MethodInvocation.proceed(MethodInvocation.java:60)
	at org.junit.jupiter.engine.execution.InvocationInterceptorChain$ValidatingInvocation.proceed(InvocationInterceptorChain.java:131)
	at org.junit.jupiter.engine.extension.TimeoutExtension.intercept(TimeoutExtension.java:161)
	at org.junit.jupiter.engine.extension.TimeoutExtension.interceptTestableMethod(TimeoutExtension.java:152)
	at org.junit.jupiter.engine.extension.TimeoutExtension.interceptTestMethod(TimeoutExtension.java:91)
	at org.junit.jupiter.engine.execution.InterceptingExecutableInvoker$ReflectiveInterceptorCall.lambda$ofVoidMethod$0(InterceptingExecutableInvoker.java:112)
	at org.junit.jupiter.engine.execution.InterceptingExecutableInvoker.lambda$invoke$0(InterceptingExecutableInvoker.java:94)
	at org.junit.jupiter.engine.execution.InvocationInterceptorChain$InterceptedInvocation.proceed(InvocationInterceptorChain.java:106)
	at org.junit.jupiter.engine.execution.InvocationInterceptorChain.proceed(InvocationInterceptorChain.java:64)
	at org.junit.jupiter.engine.execution.InvocationInterceptorChain.chainAndInvoke(InvocationInterceptorChain.java:45)
	at org.junit.jupiter.engine.execution.InvocationInterceptorChain.invoke(InvocationInterceptorChain.java:37)
	at org.junit.jupiter.engine.execution.InterceptingExecutableInvoker.invoke(InterceptingExecutableInvoker.java:93)
	at org.junit.jupiter.engine.execution.InterceptingExecutableInvoker.invoke(InterceptingExecutableInvoker.java:87)
	at org.junit.jupiter.engine.descriptor.TestMethodTestDescriptor.lambda$invokeTestMethod$4(TestMethodTestDescriptor.java:221)
	at org.junit.platform.engine.support.hierarchical.ThrowableCollector.execute(ThrowableCollector.java:73)
	at org.junit.jupiter.engine.descriptor.TestMethodTestDescriptor.invokeTestMethod(TestMethodTestDescriptor.java:217)
	at org.junit.jupiter.engine.descriptor.TestMethodTestDescriptor.execute(TestMethodTestDescriptor.java:159)
	at org.junit.jupiter.engine.descriptor.TestMethodTestDescriptor.execute(TestMethodTestDescriptor.java:70)
	at org.junit.platform.engine.support.hierarchical.NodeTestTask.lambda$executeRecursively$6(NodeTestTask.java:157)
	at org.junit.platform.engine.support.hierarchical.ThrowableCollector.execute(ThrowableCollector.java:73)
	at org.junit.platform.engine.support.hierarchical.NodeTestTask.lambda$executeRecursively$8(NodeTestTask.java:147)
	at org.junit.platform.engine.support.hierarchical.Node.around(Node.java:137)
	at org.junit.platform.engine.support.hierarchical.NodeTestTask.lambda$executeRecursively$9(NodeTestTask.java:145)
	at org.junit.platform.engine.support.hierarchical.ThrowableCollector.execute(ThrowableCollector.java:73)
	at org.junit.platform.engine.support.hierarchical.NodeTestTask.executeRecursively(NodeTestTask.java:144)
	at org.junit.platform.engine.support.hierarchical.NodeTestTask.execute(NodeTestTask.java:101)
	at java.base/java.util.ArrayList.forEach(ArrayList.java:1604)
	at org.junit.platform.engine.support.hierarchical.SameThreadHierarchicalTestExecutorService.invokeAll(SameThreadHierarchicalTestExecutorService.java:41)
	at org.junit.platform.engine.support.hierarchical.NodeTestTask.lambda$executeRecursively$6(NodeTestTask.java:161)
	at org.junit.platform.engine.support.hierarchical.ThrowableCollector.execute(ThrowableCollector.java:73)
	at org.junit.platform.engine.support.hierarchical.NodeTestTask.lambda$executeRecursively$8(NodeTestTask.java:147)
	at org.junit.platform.engine.support.hierarchical.Node.around(Node.java:137)
	at org.junit.platform.engine.support.hierarchical.NodeTestTask.lambda$executeRecursively$9(NodeTestTask.java:145)
	at org.junit.platform.engine.support.hierarchical.ThrowableCollector.execute(ThrowableCollector.java:73)
	at org.junit.platform.engine.support.hierarchical.NodeTestTask.executeRecursively(NodeTestTask.java:144)
	at org.junit.platform.engine.support.hierarchical.NodeTestTask.execute(NodeTestTask.java:101)
	at java.base/java.util.ArrayList.forEach(ArrayList.java:1604)
	at org.junit.platform.engine.support.hierarchical.SameThreadHierarchicalTestExecutorService.invokeAll(SameThreadHierarchicalTestExecutorService.java:41)
	at org.junit.platform.engine.support.hierarchical.NodeTestTask.lambda$executeRecursively$6(NodeTestTask.java:161)
	at org.junit.platform.engine.support.hierarchical.ThrowableCollector.execute(ThrowableCollector.java:73)
	at org.junit.platform.engine.support.hierarchical.NodeTestTask.lambda$executeRecursively$8(NodeTestTask.java:147)
	at org.junit.platform.engine.support.hierarchical.Node.around(Node.java:137)
	at org.junit.platform.engine.support.hierarchical.NodeTestTask.lambda$executeRecursively$9(NodeTestTask.java:145)
	at org.junit.platform.engine.support.hierarchical.ThrowableCollector.execute(ThrowableCollector.java:73)
	at org.junit.platform.engine.support.hierarchical.NodeTestTask.executeRecursively(NodeTestTask.java:144)
	at org.junit.platform.engine.support.hierarchical.NodeTestTask.execute(NodeTestTask.java:101)
	at org.junit.platform.engine.support.hierarchical.SameThreadHierarchicalTestExecutorService.submit(SameThreadHierarchicalTestExecutorService.java:35)
	at org.junit.platform.engine.support.hierarchical.HierarchicalTestExecutor.execute(HierarchicalTestExecutor.java:57)
	at org.junit.platform.engine.support.hierarchical.HierarchicalTestEngine.execute(HierarchicalTestEngine.java:54)
	at org.junit.platform.launcher.core.EngineExecutionOrchestrator.executeEngine(EngineExecutionOrchestrator.java:230)
	at org.junit.platform.launcher.core.EngineExecutionOrchestrator.failOrExecuteEngine(EngineExecutionOrchestrator.java:204)
	at org.junit.platform.launcher.core.EngineExecutionOrchestrator.execute(EngineExecutionOrchestrator.java:172)
	at org.junit.platform.launcher.core.EngineExecutionOrchestrator.execute(EngineExecutionOrchestrator.java:101)
	at org.junit.platform.launcher.core.EngineExecutionOrchestrator.lambda$execute$0(EngineExecutionOrchestrator.java:64)
	at org.junit.platform.launcher.core.EngineExecutionOrchestrator.withInterceptedStreams(EngineExecutionOrchestrator.java:150)
	at org.junit.platform.launcher.core.EngineExecutionOrchestrator.execute(EngineExecutionOrchestrator.java:63)
	at org.junit.platform.launcher.core.DefaultLauncher.execute(DefaultLauncher.java:109)
	at org.junit.platform.launcher.core.DefaultLauncher.execute(DefaultLauncher.java:91)
	at org.junit.platform.launcher.core.DelegatingLauncher.execute(DelegatingLauncher.java:47)
	at org.junit.platform.launcher.core.InterceptingLauncher.lambda$execute$1(InterceptingLauncher.java:39)
	at org.junit.platform.launcher.core.ClasspathAlignmentCheckingLauncherInterceptor.intercept(ClasspathAlignmentCheckingLauncherInterceptor.java:25)
	at org.junit.platform.launcher.core.InterceptingLauncher.execute(InterceptingLauncher.java:38)
	at org.junit.platform.launcher.core.DelegatingLauncher.execute(DelegatingLauncher.java:47)
	at org.apache.maven.surefire.junitplatform.LazyLauncher.execute(LazyLauncher.java:56)
	at org.apache.maven.surefire.junitplatform.JUnitPlatformProvider.execute(JUnitPlatformProvider.java:194)
	at org.apache.maven.surefire.junitplatform.JUnitPlatformProvider.invokeAllTests(JUnitPlatformProvider.java:150)
	at org.apache.maven.surefire.junitplatform.JUnitPlatformProvider.invoke(JUnitPlatformProvider.java:124)
	at org.apache.maven.surefire.booter.ForkedBooter.runSuitesInProcess(ForkedBooter.java:385)
	at org.apache.maven.surefire.booter.ForkedBooter.execute(ForkedBooter.java:162)
	at org.apache.maven.surefire.booter.ForkedBooter.run(ForkedBooter.java:507)
	at org.apache.maven.surefire.booter.ForkedBooter.main(ForkedBooter.java:495)
{"value":10}
fastjson eval: [{"name":"level3","field":"leve3Field","body":{"name":"level4","field":"leve4Field"}}]
com.alibaba.fastjson2.v1issues.issue_1600.issue_1699.obj.RatingDetailBO@25c515d9
{"data":"","data2":"","data3":"","data4":"","data5":"","data6":"","data7":"","data8":"","data9":""}
{"data":"","data2":"","data3":"","data4":"","data5":"","data6":"","data7":"","data8":"","data9":""}
setter not found, class com.alibaba.fastjson2.v1issues.issue_1200.Issue1271$A, property b
setter not found, class com.alibaba.fastjson2.v1issues.issue_1200.Issue1271$B, property b
setter not found, class com.alibaba.fastjson2.v1issues.issue_1200.Issue1271$A, property b
setter not found, class com.alibaba.fastjson2.v1issues.issue_1200.Issue1271$B, property b
name=id,value=1
name=name,value=name
{"id":1,"nt":"name"}
{}
{"ab":{}}
{"ab":{}}
{"_parentId":"001"}
{"_parentId":"001"}
{"name":"b","value":{"name":"a","value":1},"value1":{"a":{"name":"a","value":1}}}
{"name":"b","value":{"a":{"name":"a","value":1}},"value1":{"name":"a","value":1}}
DataSimpleVO [name=b, value={"a":{"name":"a","value":1}}, value1={"name":"a","value":1}]
{"a":1,"b":"b","bars":{"c":3}}
{"@type":"com.alibaba.fastjson2.v1issues.issue_1300.Issue1319$MyTest","myEnum":"Test1","value":1}
{"myEnum":"Test1","value":1}
com.alibaba.fastjson2.v1issues.issue_1300.Issue1357$Test2Bean@25240d08
{"@type":"com.alibaba.fastjson2.v1issues.issue_1300.Issue1319C$MyTest","myEnum":"Test1","value":1}
{"myEnum":"Test1","value":1}
before：Data : aaa
{"stackTrace":[{"fileName":"Issue1344.java","lineNumber":16,"className":"com.alibaba.fastjson2.v1issues.issue_1300.Issue1344","methodName":"test_for_issue"},{"fileName":"DirectMethodHandleAccessor.java","lineNumber":104,"className":"jdk.internal.reflect.DirectMethodHandleAccessor","methodName":"invoke"},{"fileName":"Method.java","lineNumber":565,"className":"java.lang.reflect.Method","methodName":"invoke"},{"fileName":"ReflectionUtils.java","lineNumber":787,"className":"org.junit.platform.commons.util.ReflectionUtils","methodName":"invokeMethod"},{"fileName":"ReflectionSupport.java","lineNumber":478,"className":"org.junit.platform.commons.support.ReflectionSupport","methodName":"invokeMethod"},{"fileName":"MethodInvocation.java","lineNumber":60,"className":"org.junit.jupiter.engine.execution.MethodInvocation","methodName":"proceed"},{"fileName":"InvocationInterceptorChain.java","lineNumber":131,"className":"org.junit.jupiter.engine.execution.InvocationInterceptorChain$ValidatingInvocation","methodName":"proceed"},{"fileName":"TimeoutExtension.java","lineNumber":161,"className":"org.junit.jupiter.engine.extension.TimeoutExtension","methodName":"intercept"},{"fileName":"TimeoutExtension.java","lineNumber":152,"className":"org.junit.jupiter.engine.extension.TimeoutExtension","methodName":"interceptTestableMethod"},{"fileName":"TimeoutExtension.java","lineNumber":91,"className":"org.junit.jupiter.engine.extension.TimeoutExtension","methodName":"interceptTestMethod"},{"fileName":"InterceptingExecutableInvoker.java","lineNumber":112,"className":"org.junit.jupiter.engine.execution.InterceptingExecutableInvoker$ReflectiveInterceptorCall","methodName":"lambda$ofVoidMethod$0"},{"fileName":"InterceptingExecutableInvoker.java","lineNumber":94,"className":"org.junit.jupiter.engine.execution.InterceptingExecutableInvoker","methodName":"lambda$invoke$0"},{"fileName":"InvocationInterceptorChain.java","lineNumber":106,"className":"org.junit.jupiter.engine.execution.InvocationInterceptorChain$InterceptedInvocation","methodName":"proceed"},{"fileName":"InvocationInterceptorChain.java","lineNumber":64,"className":"org.junit.jupiter.engine.execution.InvocationInterceptorChain","methodName":"proceed"},{"fileName":"InvocationInterceptorChain.java","lineNumber":45,"className":"org.junit.jupiter.engine.execution.InvocationInterceptorChain","methodName":"chainAndInvoke"},{"fileName":"InvocationInterceptorChain.java","lineNumber":37,"className":"org.junit.jupiter.engine.execution.InvocationInterceptorChain","methodName":"invoke"},{"fileName":"InterceptingExecutableInvoker.java","lineNumber":93,"className":"org.junit.jupiter.engine.execution.InterceptingExecutableInvoker","methodName":"invoke"},{"fileName":"InterceptingExecutableInvoker.java","lineNumber":87,"className":"org.junit.jupiter.engine.execution.InterceptingExecutableInvoker","methodName":"invoke"},{"fileName":"TestMethodTestDescriptor.java","lineNumber":221,"className":"org.junit.jupiter.engine.descriptor.TestMethodTestDescriptor","methodName":"lambda$invokeTestMethod$4"},{"fileName":"ThrowableCollector.java","lineNumber":73,"className":"org.junit.platform.engine.support.hierarchical.ThrowableCollector","methodName":"execute"},{"fileName":"TestMethodTestDescriptor.java","lineNumber":217,"className":"org.junit.jupiter.engine.descriptor.TestMethodTestDescriptor","methodName":"invokeTestMethod"},{"fileName":"TestMethodTestDescriptor.java","lineNumber":159,"className":"org.junit.jupiter.engine.descriptor.TestMethodTestDescriptor","methodName":"execute"},{"fileName":"TestMethodTestDescriptor.java","lineNumber":70,"className":"org.junit.jupiter.engine.descriptor.TestMethodTestDescriptor","methodName":"execute"},{"fileName":"NodeTestTask.java","lineNumber":157,"className":"org.junit.platform.engine.support.hierarchical.NodeTestTask","methodName":"lambda$executeRecursively$6"},{"fileName":"ThrowableCollector.java","lineNumber":73,"className":"org.junit.platform.engine.support.hierarchical.ThrowableCollector","methodName":"execute"},{"fileName":"NodeTestTask.java","lineNumber":147,"className":"org.junit.platform.engine.support.hierarchical.NodeTestTask","methodName":"lambda$executeRecursively$8"},{"fileName":"Node.java","lineNumber":137,"className":"org.junit.platform.engine.support.hierarchical.Node","methodName":"around"},{"fileName":"NodeTestTask.java","lineNumber":145,"className":"org.junit.platform.engine.support.hierarchical.NodeTestTask","methodName":"lambda$executeRecursively$9"},{"fileName":"ThrowableCollector.java","lineNumber":73,"className":"org.junit.platform.engine.support.hierarchical.ThrowableCollector","methodName":"execute"},{"fileName":"NodeTestTask.java","lineNumber":144,"className":"org.junit.platform.engine.support.hierarchical.NodeTestTask","methodName":"executeRecursively"},{"fileName":"NodeTestTask.java","lineNumber":101,"className":"org.junit.platform.engine.support.hierarchical.NodeTestTask","methodName":"execute"},{"fileName":"ArrayList.java","lineNumber":1604,"className":"java.util.ArrayList","methodName":"forEach"},{"fileName":"SameThreadHierarchicalTestExecutorService.java","lineNumber":41,"className":"org.junit.platform.engine.support.hierarchical.SameThreadHierarchicalTestExecutorService","methodName":"invokeAll"},{"fileName":"NodeTestTask.java","lineNumber":161,"className":"org.junit.platform.engine.support.hierarchical.NodeTestTask","methodName":"lambda$executeRecursively$6"},{"fileName":"ThrowableCollector.java","lineNumber":73,"className":"org.junit.platform.engine.support.hierarchical.ThrowableCollector","methodName":"execute"},{"fileName":"NodeTestTask.java","lineNumber":147,"className":"org.junit.platform.engine.support.hierarchical.NodeTestTask","methodName":"lambda$executeRecursively$8"},{"fileName":"Node.java","lineNumber":137,"className":"org.junit.platform.engine.support.hierarchical.Node","methodName":"around"},{"fileName":"NodeTestTask.java","lineNumber":145,"className":"org.junit.platform.engine.support.hierarchical.NodeTestTask","methodName":"lambda$executeRecursively$9"},{"fileName":"ThrowableCollector.java","lineNumber":73,"className":"org.junit.platform.engine.support.hierarchical.ThrowableCollector","methodName":"execute"},{"fileName":"NodeTestTask.java","lineNumber":144,"className":"org.junit.platform.engine.support.hierarchical.NodeTestTask","methodName":"executeRecursively"},{"fileName":"NodeTestTask.java","lineNumber":101,"className":"org.junit.platform.engine.support.hierarchical.NodeTestTask","methodName":"execute"},{"fileName":"ArrayList.java","lineNumber":1604,"className":"java.util.ArrayList","methodName":"forEach"},{"fileName":"SameThreadHierarchicalTestExecutorService.java","lineNumber":41,"className":"org.junit.platform.engine.support.hierarchical.SameThreadHierarchicalTestExecutorService","methodName":"invokeAll"},{"fileName":"NodeTestTask.java","lineNumber":161,"className":"org.junit.platform.engine.support.hierarchical.NodeTestTask","methodName":"lambda$executeRecursively$6"},{"fileName":"ThrowableCollector.java","lineNumber":73,"className":"org.junit.platform.engine.support.hierarchical.ThrowableCollector","methodName":"execute"},{"fileName":"NodeTestTask.java","lineNumber":147,"className":"org.junit.platform.engine.support.hierarchical.NodeTestTask","methodName":"lambda$executeRecursively$8"},{"fileName":"Node.java","lineNumber":137,"className":"org.junit.platform.engine.support.hierarchical.Node","methodName":"around"},{"fileName":"NodeTestTask.java","lineNumber":145,"className":"org.junit.platform.engine.support.hierarchical.NodeTestTask","methodName":"lambda$executeRecursively$9"},{"fileName":"ThrowableCollector.java","lineNumber":73,"className":"org.junit.platform.engine.support.hierarchical.ThrowableCollector","methodName":"execute"},{"fileName":"NodeTestTask.java","lineNumber":144,"className":"org.junit.platform.engine.support.hierarchical.NodeTestTask","methodName":"executeRecursively"},{"fileName":"NodeTestTask.java","lineNumber":101,"className":"org.junit.platform.engine.support.hierarchical.NodeTestTask","methodName":"execute"},{"fileName":"SameThreadHierarchicalTestExecutorService.java","lineNumber":35,"className":"org.junit.platform.engine.support.hierarchical.SameThreadHierarchicalTestExecutorService","methodName":"submit"},{"fileName":"HierarchicalTestExecutor.java","lineNumber":57,"className":"org.junit.platform.engine.support.hierarchical.HierarchicalTestExecutor","methodName":"execute"},{"fileName":"HierarchicalTestEngine.java","lineNumber":54,"className":"org.junit.platform.engine.support.hierarchical.HierarchicalTestEngine","methodName":"execute"},{"fileName":"EngineExecutionOrchestrator.java","lineNumber":230,"className":"org.junit.platform.launcher.core.EngineExecutionOrchestrator","methodName":"executeEngine"},{"fileName":"EngineExecutionOrchestrator.java","lineNumber":204,"className":"org.junit.platform.launcher.core.EngineExecutionOrchestrator","methodName":"failOrExecuteEngine"},{"fileName":"EngineExecutionOrchestrator.java","lineNumber":172,"className":"org.junit.platform.launcher.core.EngineExecutionOrchestrator","methodName":"execute"},{"fileName":"EngineExecutionOrchestrator.java","lineNumber":101,"className":"org.junit.platform.launcher.core.EngineExecutionOrchestrator","methodName":"execute"},{"fileName":"EngineExecutionOrchestrator.java","lineNumber":64,"className":"org.junit.platform.launcher.core.EngineExecutionOrchestrator","methodName":"lambda$execute$0"},{"fileName":"EngineExecutionOrchestrator.java","lineNumber":150,"className":"org.junit.platform.launcher.core.EngineExecutionOrchestrator","methodName":"withInterceptedStreams"},{"fileName":"EngineExecutionOrchestrator.java","lineNumber":63,"className":"org.junit.platform.launcher.core.EngineExecutionOrchestrator","methodName":"execute"},{"fileName":"DefaultLauncher.java","lineNumber":109,"className":"org.junit.platform.launcher.core.DefaultLauncher","methodName":"execute"},{"fileName":"DefaultLauncher.java","lineNumber":91,"className":"org.junit.platform.launcher.core.DefaultLauncher","methodName":"execute"},{"fileName":"DelegatingLauncher.java","lineNumber":47,"className":"org.junit.platform.launcher.core.DelegatingLauncher","methodName":"execute"},{"fileName":"InterceptingLauncher.java","lineNumber":39,"className":"org.junit.platform.launcher.core.InterceptingLauncher","methodName":"lambda$execute$1"},{"fileName":"ClasspathAlignmentCheckingLauncherInterceptor.java","lineNumber":25,"className":"org.junit.platform.launcher.core.ClasspathAlignmentCheckingLauncherInterceptor","methodName":"intercept"},{"fileName":"InterceptingLauncher.java","lineNumber":38,"className":"org.junit.platform.launcher.core.InterceptingLauncher","methodName":"execute"},{"fileName":"DelegatingLauncher.java","lineNumber":47,"className":"org.junit.platform.launcher.core.DelegatingLauncher","methodName":"execute"},{"fileName":"LazyLauncher.java","lineNumber":56,"className":"org.apache.maven.surefire.junitplatform.LazyLauncher","methodName":"execute"},{"fileName":"JUnitPlatformProvider.java","lineNumber":194,"className":"org.apache.maven.surefire.junitplatform.JUnitPlatformProvider","methodName":"execute"},{"fileName":"JUnitPlatformProvider.java","lineNumber":150,"className":"org.apache.maven.surefire.junitplatform.JUnitPlatformProvider","methodName":"invokeAllTests"},{"fileName":"JUnitPlatformProvider.java","lineNumber":124,"className":"org.apache.maven.surefire.junitplatform.JUnitPlatformProvider","methodName":"invoke"},{"fileName":"ForkedBooter.java","lineNumber":385,"className":"org.apache.maven.surefire.booter.ForkedBooter","methodName":"runSuitesInProcess"},{"fileName":"ForkedBooter.java","lineNumber":162,"className":"org.apache.maven.surefire.booter.ForkedBooter","methodName":"execute"},{"fileName":"ForkedBooter.java","lineNumber":507,"className":"org.apache.maven.surefire.booter.ForkedBooter","methodName":"run"},{"fileName":"ForkedBooter.java","lineNumber":495,"className":"org.apache.maven.surefire.booter.ForkedBooter","methodName":"main"}],"message":"Data : aaa","suppressed":[],"localizedMessage":"Data : aaa"}
after：null
{"aBoolean":false,"aByte":0,"aChar":"\u0000","aDouble":0.0,"aFloat":0.0,"aLong":0,"aShort":0,"anInt":0}
{"aBoolean":true,"aBoolean2":false,"aByte":8,"aByte2":9,"aChar":"J","aDouble":88.88,"aDouble2":99.99,"aFloat":8.8,"aFloat2":9.9,"aLong":8888,"aLong2":9999,"aShort":88,"aShort2":99,"anInt":888,"character":"C","integer":999,"string":"test"}
{"is_judge":true}
{
	"@type":"com.alibaba.fastjson2.hsf.VeryComplexDO#0",
	"@value":{
		"fshort":4,
		"pBaseDO":{},
		"pbyte":5,
		"pdouble":6.6,
		"pfloat":7.7,
		"pint":8,
		"plong":9
	}
}
{
	"@type":"com.alibaba.fastjson2.hsf.VeryComplexDO#0",
	"@value":{
		"fshort":2,
		"pBaseDO":{},
		"pbyte":3,
		"pdouble":9999.9999,
		"pfloat":1.2,
		"pint":69,
		"plist":{
			"@type":"A#1",
			"@value":[
				"taobao",
				"java",
				"linux"
			]
		},
		"plong":56,
		"plongArray":[
			1,
			2,
			3,
			4,
			5,
			6
		]
	}
}
123456789012345678901234567890123456789012345678901234567890
Issue1168.Wrapper(inner=Issue1168.Inner(id=1))
com.alibaba.fastjson2.issues_1000.Issue1457$Test2@2305053
{
	"@type":"java.util.Collections$SynchronizedMap"
}
{
	"@type":"java.util.Collections$SynchronizedSet",
	"@value":[
		1,
		2,
		3
	]
}
{
	"@type":"java.util.Collections$SynchronizedRandomAccessList",
	"@value":[
		1,
		2,
		3
	]
}
{
	"@type":"java.util.Collections$SynchronizedNavigableMap"
}
{
	"@type":"java.util.Collections$SynchronizedSortedMap"
}
{
	"@type":"java.util.Collections$SynchronizedSortedSet",
	"@value":[
		1,
		2,
		3
	]
}
{
	"@type":"java.util.Collections$SynchronizedNavigableSet",
	"@value":[
		1,
		2,
		3
	]
}
{
	"@type":"java.util.Collections$SynchronizedCollection",
	"@value":[
		1,
		2,
		3
	]
}
{"testEnum":"E1"}
{"testEnum":"E1"}
"E1"
{"testEnum":3}
false
false
{"name":"{\"paternalSurname\": \"Rodríguez\"}"}
strJson={"@type":"com.alibaba.fastjson2.issues_1000.Issue1069$UserAttrActionInfo","tagInfos":{"@type":"java.util.LinkedHashMap",1234:[1L,2L,3L,4L]}}
fastjson2 data:{"values":[[123,456]]}
{"accountType":2}
