Picked up JAVA_TOOL_OPTIONS: 
WARNING: A restricted method in java.lang.System has been called
WARNING: java.lang.System::load has been called by org.fusesource.jansi.internal.JansiLoader in an unnamed module (file:<maven>/lib/jansi-2.4.1.jar)
WARNING: Use --enable-native-access=ALL-UNNAMED to avoid a warning for callers in this module
WARNING: Restricted methods will be blocked in a future release unless native access is enabled

WARNING: A terminally deprecated method in sun.misc.Unsafe has been called
WARNING: sun.misc.Unsafe::objectFieldOffset has been called by com.google.common.util.concurrent.AbstractFuture$UnsafeAtomicHelper (file:<maven>/lib/guava-33.2.1-jre.jar)
WARNING: Please consider reporting this to the maintainers of class com.google.common.util.concurrent.AbstractFuture$UnsafeAtomicHelper
WARNING: sun.misc.Unsafe::objectFieldOffset will be removed in a future release
Picked up JAVA_TOOL_OPTIONS: 
WARNING: A terminally deprecated method in sun.misc.Unsafe has been called
WARNING: sun.misc.Unsafe::invokeCleaner has been called by nonapi.io.github.classgraph.utils.FileUtils (file:<m2>/repository/io/github/classgraph/classgraph/4.8.83/classgraph-4.8.83.jar)
WARNING: Please consider reporting this to the maintainers of class nonapi.io.github.classgraph.utils.FileUtils
WARNING: sun.misc.Unsafe::invokeCleaner will be removed in a future release
{
	"@type":"com.alibaba.fastjson2.issues_1500.Issue1509$LoginUser#0",
	"@value":{
		"authorities#1":{
			"@type":"java.util.Collections$UnmodifiableSet#2",
			"@value":[]
		},
		"name#3":"张三",
		"realName#4":"zhangsan"
	}
}
Wed, 7 Oct 2026 00:32:37 GMT
{
	"date":1642003200
}
[{"@type":"[O","@value":[{"@type":"com.alibaba.fastjson2.issues_2100.Issue2175.Index$TestER","name":"ER"},0]},{"@type":"[O","@value":[{"@type":"com.alibaba.fastjson2.issues_2100.Issue2175.Index$TestER","name":"ER"},false]}]
1
[{"@type":"[com.alibaba.fastjson2.issues_2100.Issue2175.Index$TestER","@value":[{"name":"ER"},{"name":"ER"}]},{"@type":"[com.alibaba.fastjson2.issues_2100.Issue2175.Index$TestER","@value":[{"name":"ER"},{"name":"ER"}]}]
[{"@type":"[O","@value":[{"@type":"[com.alibaba.fastjson2.issues_2100.Issue2175.Index$TestER","@value":[{"name":"parent"},{"@type":"com.alibaba.fastjson2.issues_2100.Issue2175.Index$Children","age":1,"name":"child"}]},{"@type":"[com.alibaba.fastjson2.issues_2100.Issue2175.Index$TestER","@value":[{"@type":"com.alibaba.fastjson2.issues_2100.Issue2175.Index$Children","age":1,"name":"child"},{"name":"parent"}]}]},{"@type":"[com.alibaba.fastjson2.issues_2100.Issue2175.Index$TestER","@value":[{"@type":"com.alibaba.fastjson2.issues_2100.Issue2175.Index$Children","age":1,"name":"child"},{"name":"parent"}]},{"@type":"[O","@value":[1,false]}]
[{"@type":"[com.alibaba.fastjson2.issues_2100.Issue2175.Index$TestER","@value":[{"name":"parent"},{"@type":"com.alibaba.fastjson2.issues_2100.Issue2175.Index$Children","age":1,"name":"child"}]},{"@type":"[com.alibaba.fastjson2.issues_2100.Issue2175.Index$TestER","@value":[{"@type":"com.alibaba.fastjson2.issues_2100.Issue2175.Index$Children","age":1,"name":"child"},{"name":"parent"}]}]
[[{"name":"parent"},{"@type":"com.alibaba.fastjson2.issues_2100.Issue2175.Index$Children","age":1,"name":"child"}],[{"@type":"com.alibaba.fastjson2.issues_2100.Issue2175.Index$Children","age":1,"name":"child"},{"name":"parent"}]]
{}
{"hash":2138216064,"resolved":"java.util.HashMap","type":{"actualTypeArguments":["java.lang.Integer",{"actualTypeArguments":["java.lang.String"],"rawType":"java.util.List"}],"rawType":"java.util.HashMap"},"typeProvider":{"source":{"declaringClass":"com.alibaba.fastjson2.issues_2100.Issue2103$Bean","name":"myMap"},"type":{"actualTypeArguments":["java.lang.Integer",{"actualTypeArguments":["java.lang.String"],"rawType":"java.util.List"}],"rawType":"java.util.HashMap"}}}"\"\"\"\""
{
	"@type":"org.joda.time.LocalDateTime#0",
	"@value":"2026-10-07 00:32:37.998"
}
{
	"@type":"org.joda.time.LocalDateTime#0",
	"@value":"2026-10-07 00:32:38.003"
}
{
	"@type":"org.joda.time.LocalDateTime#0",
	"@value":{
		"year":2026,
		"month":10,
		"day":6,
		"hour":16,
		"minute":32,
		"second":38,
		"millis":4,
		"chronology":{
			"zoneId":"UTC"
		}
	}
}
{
	"@type":"org.joda.time.LocalDate#0",
	"@value":"2026-10-07"
}
{
	"@type":"org.joda.time.LocalDate#0",
	"@value":"2026-10-07"
}
{
	"@type":"org.joda.time.LocalDate#0",
	"@value":{
		"year":2026,
		"month":10,
		"day":6,
		"chronology":{
			"zoneId":"UTC"
		}
	}
}
{"type":"directory","items":[{"type":"file","data":"Some content ...","name":"my_file.txt"}],"name":"My directory"}
{"type":"object","properties":{"longitude":{"type":["string","number"]},"latitude":{"type":"number","minimum":-90,"maximum":90}},"required":["longitude","latitude"]}
66060288
Serialized JSON with circular reference: {"parent😀":{"child👍":{"$ref":"$"}}}
Test passed - no exception thrown during serialization with circular reference
Serialized JSON: {"key👍":"value3","key😀":"value1","nested":{"nested😀":{"deepValue":"deepValue"}},"key🌍":"value2"}
Test passed - no exception thrown during serialization
Generated JSON: {
	"key👍":"value3",
	"key😀":"value1",
	"key🌍":"value2"
}
Generated JSON with circular reference: {"parent😀":{"child😀":{"parent😀":{"$ref":"parent😀"}}}}
Generated JSON: {"key😀":"value","nested":{"nestedKey":"nestedValue"}}
UrlEntity [name=rose, url=https://www.baidu.com/web/user?name=rose]
[1,2,3]
[1,2,3]
{
	"@type":"com.alibaba.fastjson2.issues_3800.Issue3842$UserData",
	"errorCode":0
}
{
	"@type":"com.alibaba.fastjson2.issues_3800.Issue3828$Data",
	"list":{
		"@type":"java.util.Collections$EmptyList",
		"@value":[]
	}
}
{"AI":[]}
SLF4J(W): No SLF4J providers were found.
SLF4J(W): Defaulting to no-operation (NOP) logger implementation
SLF4J(W): See https://www.slf4j.org/codes.html#noProviders for further details.
{"age1":0,"age2":null,"age3":0,"age5":10,"age6":10}
[
	{
		"id":101,
		"name":"DataWorks"
	},
	{
		"id":102,
		"name":"MaxCompute"
	},
	{
		"id":103,
		"name":"Flink"
	}
]
{"images": [{
      "height":768,
      "size":"LARGE",
      "title":"Javaone Keynote",
      "uri":"http://javaone.com/keynote_large.jpg",
      "width":1024
    }, {
      "height":240,
      "size":"SMALL",
      "title":"Javaone Keynote",
      "uri":"http://javaone.com/keynote_small.jpg",
      "width":320
    }
  ],
  "media": {
    "bitrate":262144,
    "duration":18000000,
    "format":"video/mpg4",
    "height":480,
    "persons": [
      "Bill Gates",
      "Steve Jobs"
    ],
    "player":"JAVA",
    "size":58982400,
    "title":"Javaone Keynote",
    "uri":"http://javaone.com/keynote.mpg",
    "width":640
  }
}

--------------jsonpath/jsonpath_compliance.json--------------
  [00/00]	"$[?@.a]"
  [00/01]	"$[?@.a]"
  [00/02]	"$[?@.a=='b']"
  [00/03]	"$[?@.a=='1']"
  [00/04]	"$[?@.a==\"b\"]"
  [00/05]	"$[?@.a==\"1\"]"
  [00/06]	"$[?@.a==1]"
  [00/07]	"$[?@.a==null]"
  [00/08]	"$[?@.a==null]"
  [00/09]	"$[?@.a==true]"
  [00/10]	"$[?@.a==false]"
  [00/11]	"$[?@.a==@.b]"
  [00/12]	"$[?@.a==@.b]"
  [00/13]	"$[?@.a!='b']"
  [00/14]	"$[?@.a!='1']"
  [00/15]	"$[?@.a!='b']"
  [00/16]	"$[?@.a!=\"b\"]"
  [00/17]	"$[?@.a!=\"1\"]"
  [00/18]	"$[?@.a!=\"b\"]"
  [00/19]	"$[?@.a!=1]"
  [00/20]	"$[?@.a!=1]"
  [00/21]	"$[?@.a!=null]"
  [00/22]	"$[?@.a!=null]"
  [00/23]	"$[?@.a!=true]"
  [00/24]	"$[?@.a!=false]"
  [00/25]	"$[?@.a<'c']"
  [00/26]	"$[?@.a<\"c\"]"
  [00/27]	"$[?@.a<10]"
  [00/28]	"$[?@.a<null]"
  [00/29]	"$[?@.a<true]"
  [00/30]	"$[?@.a<false]"
  [00/31]	"$[?@.a<='c']"
  [00/32]	"$[?@.a<=\"c\"]"
  [00/33]	"$[?@.a<=10]"
  [00/34]	"$[?@.a<=null]"
  [00/35]	"$[?@.a<=true]"
  [00/36]	"$[?@.a<=false]"
  [00/37]	"$[?@.a>'c']"
  [00/38]	"$[?@.a>\"c\"]"
  [00/39]	"$[?@.a>10]"
  [00/40]	"$[?@.a>null]"
  [00/41]	"$[?@.a>true]"
  [00/42]	"$[?@.a>false]"
  [00/43]	"$[?@.a>='c']"
  [00/44]	"$[?@.a>=\"c\"]"
  [00/45]	"$[?@.a>=10]"
  [00/46]	"$[?@.a>=null]"
  [00/47]	"$[?@.a>=true]"
  [00/48]	"$[?@.a>=false]"
  [00/49]	"$[?@.a&&@.a!=null]"
  [00/50]	"$[?@.a&&@.b]"
  [00/51]	"$[?@.a||@.b]"
  [00/52]	"$[?@.a>0&&@.a<10]"
  [00/53]	"$[?@.a=='b'||@.a=='d']"
- [01/54]	"$[?@[0:0]==0]"
- [02/55]	"$[?@[*]==0]"
- [03/56]	"$[?@..a==0]"
  [03/57]	"$[?@.a[*].a==0]"
  [03/58]	"$[?@.a == 1]"
  [03/59]	"$[?@['0'] == 5]"
  [03/60]	"$[?@[0] == 5]"
- [04/61]	"$[?(@[0, 0]==42)]"
- [05/62]	"$[?(@[0, 0]!=42)]"
- [06/63]	"$[?(@[0, 0]<=42)]"
- [07/64]	"$[?(@['a', 'a']==42)]"
- [08/65]	"$[?(@['a', 'a']!=42)]"
- [09/66]	"$[?(@['a', 'a']<=42)]"
  [09/67]	"$[?(@[0, '0']==42)]"
  [09/68]	"$[?(@[0, '0']!=42)]"
  [09/69]	"$[?(@[0, '0']<=42)]"
  [09/70]	"$[?(@.*==42)]"
  [09/71]	"$[?(@.*!=42)]"
  [09/72]	"$[?(@.*<=42)]"
- [10/73]	"$[?(@[0:0]==42)]"
- [11/74]	"$[?(@[0:0]!=42)]"
- [12/75]	"$[?(@[0:0]<=42)]"
  [12/76]	"$[?($[0, 0]==42)]"
  [12/77]	"$[?($[0, 0]!=42)]"
  [12/78]	"$[?($[0, 0]<=42)]"
  [12/79]	"$[?($['a', 'a']==42)]"
  [12/80]	"$[?($['a', 'a']!=42)]"
  [12/81]	"$[?($['a', 'a']<=42)]"
  [12/82]	"$[?($[0, '0']==42)]"
  [12/83]	"$[?($[0, '0']!=42)]"
  [12/84]	"$[?($[0, '0']<=42)]"
  [12/85]	"$[?($.*==42)]"
  [12/86]	"$[?($.*!=42)]"
  [12/87]	"$[?($.*<=42)]"
  [12/88]	"$[?($[0:0]==42)]"
  [12/89]	"$[?($[0:0]!=42)]"
  [12/90]	"$[?($[0:0]<=42)]"
  [12/91]	"$[?@.a==-0]"
  [12/92]	"$[?@.a==1.0]"
  [12/93]	"$[?@.a==1e2]"
  [12/94]	"$[?@.a==1e+2]"
  [12/95]	"$[?@.a==1e-2]"
  [12/96]	"$[?@.a==1.1]"
- [13/97]	"$[?@.a==1.]"
  [13/98]	"$[?@.a==1.1e2]"
  [13/99]	"$[?@.a==1.1e+2]"
  [13/100]	"$[?@.a==1.1e-2]"
  [13/101]	"$[?@<3]"
  [13/102]	"$[?@.a || @.b && @.b]"
  [13/103]	"$[?@.b && @.b || @.a]"
  [13/104]	"$[?@ == \"quoted' literal\"]"
  [13/105]	"$[?@ == 'quoted\" literal']"
  [13/106]	"$[?@ == 'quoted\\' literal']"
  [13/107]	"$[?@ == \"quoted\\\" literal\"]"
a
b
b
a
a
a
b
a
b
b
b
b
b
a
a
a
a
a
b
b
b
b
b
b
b
b
a
b
b
b
b
a
a
a
b
a
b
a
b
b
b
b
a
a
b
b
a
a
b
b
{"id":2,"name":"b"}
{"id":1,"name":"a"}
{"id":1,"name":"a"}
{"id":2,"name":"b"}
{"id":1,"name":"a"}
{"id":2,"name":"b"}
{"id":2,"name":"b"}
{"id":2,"name":"b"}
{"id":1,"name":"a"}
{"id":2,"name":"b"}
{"id":1,"name":"a"}
{"id":2,"name":"b"}
{"id":2,"name":"b"}
{"id":2,"name":"b"}
{"id":2,"name":"b"}
{"id":2,"name":"b"}
{"id":1,"name":"a"}
{"id":1,"name":"a"}
{"id":1,"name":"a"}
{"id":2,"name":"b"}
{"id":2,"name":"b"}
{"id":2,"name":"b"}
{"id":1,"name":"a"}
{"id":1,"name":"a"}
{"id":2,"name":"b"}
{"id":1,"name":"a"}
{"id":1,"name":"a"}
{"id":2,"name":"b"}
{"id":2,"name":"b"}
{"id":2,"name":"b"}
{"id":1,"name":"a"}
{"id":1,"name":"a"}
{"id":2,"name":"b"}
{"id":2,"name":"b"}
{"id":1,"name":"a"}
{"id":1,"name":"a"}
{"id":2,"name":"b"}
{"id":2,"name":"b"}
{"id":2,"name":"b"}
{"id":1,"name":"a"}
{"id":2,"name":"b"}
{"id":2,"name":"b"}
{"id":1,"name":"a"}
{"id":2,"name":"b"}
{"id":1,"name":"a"}
{"id":1,"name":"a"}
{"id":2,"name":"b"}
{"id":2,"name":"b"}
{"id":1,"name":"a"}
{"id":2,"name":"b"}

--------------jsonpath/name_selector.json--------------
  [00/00]	"$[\"a\"]"
  [00/01]	"$[\"c\"]"
  [00/02]	"$[\"a\"]"
- [01/03]	"$[\"\u0000\"]"
- [02/04]	"$[\"\u0001\"]"
- [03/05]	"$[\"\u0002\"]"
- [04/06]	"$[\"\u0003\"]"
- [05/07]	"$[\"\u0004\"]"
- [06/08]	"$[\"\u0005\"]"
- [07/09]	"$[\"\u0006\"]"
- [08/10]	"$[\"\u0007\"]"
- [09/11]	"$[\"\b\"]"
- [10/12]	"$[\"\t\"]"
- [11/13]	"$[\"\n\"]"
- [12/14]	"$[\"\u000b\"]"
- [13/15]	"$[\"\f\"]"
- [14/16]	"$[\"\r\"]"
- [15/17]	"$[\"\u000e\"]"
- [16/18]	"$[\"\u000f\"]"
- [17/19]	"$[\"\u0010\"]"
- [18/20]	"$[\"\u0011\"]"
- [19/21]	"$[\"\u0012\"]"
- [20/22]	"$[\"\u0013\"]"
- [21/23]	"$[\"\u0014\"]"
- [22/24]	"$[\"\u0015\"]"
- [23/25]	"$[\"\u0016\"]"
- [24/26]	"$[\"\u0017\"]"
- [25/27]	"$[\"\u0018\"]"
- [26/28]	"$[\"\u0019\"]"
- [27/29]	"$[\"\u001a\"]"
- [28/30]	"$[\"\u001b\"]"
- [29/31]	"$[\"\u001c\"]"
- [30/32]	"$[\"\u001d\"]"
- [31/33]	"$[\"\u001e\"]"
- [32/34]	"$[\"\u001f\"]"
  [32/35]	"$[\" \"]"
  [32/36]	"$[\"\\\"\"]"
  [32/37]	"$[\"\\\\\"]"
  [32/38]	"$[\"\\/\"]"
  [32/39]	"$[\"\\b\"]"
  [32/40]	"$[\"\\f\"]"
  [32/41]	"$[\"\\n\"]"
  [32/42]	"$[\"\\r\"]"
  [32/43]	"$[\"\\t\"]"
  [32/44]	"$[\"\\u263A\"]"
  [32/45]	"$[\"\\u263a\"]"
  [32/46]	"$[\"\\uD834\\uDD1E\"]"
  [32/47]	"$[\"\\uD83D\\uDE00\"]"
- [33/48]	"$[\"\\'\"]"
  [33/49]	"$[\"\"\"]"
  [33/50]	"$[\"\\\"]"
  [33/51]	"$['a']"
  [33/52]	"$['c']"
  [33/53]	"$['a']"
- [34/54]	"$['\u0000']"
- [35/55]	"$['\u0001']"
- [36/56]	"$['\u0002']"
- [37/57]	"$['\u0003']"
- [38/58]	"$['\u0004']"
- [39/59]	"$['\u0005']"
- [40/60]	"$['\u0006']"
- [41/61]	"$['\u0007']"
- [42/62]	"$['\b']"
- [43/63]	"$['\t']"
- [44/64]	"$['\n']"
- [45/65]	"$['\u000b']"
- [46/66]	"$['\f']"
- [47/67]	"$['\r']"
- [48/68]	"$['\u000e']"
- [49/69]	"$['\u000f']"
- [50/70]	"$['\u0010']"
- [51/71]	"$['\u0011']"
- [52/72]	"$['\u0012']"
- [53/73]	"$['\u0013']"
- [54/74]	"$['\u0014']"
- [55/75]	"$['\u0015']"
- [56/76]	"$['\u0016']"
- [57/77]	"$['\u0017']"
- [58/78]	"$['\u0018']"
- [59/79]	"$['\u0019']"
- [60/80]	"$['\u001a']"
- [61/81]	"$['\u001b']"
- [62/82]	"$['\u001c']"
- [63/83]	"$['\u001d']"
- [64/84]	"$['\u001e']"
- [65/85]	"$['\u001f']"
  [65/86]	"$[' ']"
  [65/87]	"$['\\'']"
  [65/88]	"$['\\\\']"
  [65/89]	"$['\\/']"
  [65/90]	"$['\\b']"
  [65/91]	"$['\\f']"
  [65/92]	"$['\\n']"
  [65/93]	"$['\\r']"
  [65/94]	"$['\\t']"
  [65/95]	"$['\\u263A']"
  [65/96]	"$['\\u263a']"
  [65/97]	"$['\\uD834\\uDD1E']"
  [65/98]	"$['\\uD83D\\uDE00']"
- [66/99]	"$['\\\"']"
  [66/100]	"$[''']"
  [66/101]	"$['\\']"
  [66/102]	"$[\"\"]"
  [66/103]	"$['']"

--------------jsonpath/filter.json--------------
* [01/00]	"$[?@]"
  [01/01]	"$[?@.a]"
  [01/02]	"$[?@.a]"
  [01/03]	"$[?@.a=='b']"
  [01/04]	"$[?@.a=='1']"
  [01/05]	"$[?@.a==\"b\"]"
  [01/06]	"$[?@.a==\"1\"]"
  [01/07]	"$[?@.a==1]"
  [01/08]	"$[?@.a==null]"
  [01/09]	"$[?@.a==null]"
  [01/10]	"$[?@.a==true]"
  [01/11]	"$[?@.a==false]"
* [02/12]	"$[?@==@]"
  [02/13]	"$[?@.a==@.b]"
  [02/14]	"$[?@.a==@.b]"
  [02/15]	"$[?@.a!='b']"
  [02/16]	"$[?@.a!='1']"
  [02/17]	"$[?@.a!='b']"
  [02/18]	"$[?@.a!=\"b\"]"
  [02/19]	"$[?@.a!=\"1\"]"
  [02/20]	"$[?@.a!=\"b\"]"
  [02/21]	"$[?@.a!=1]"
  [02/22]	"$[?@.a!=1]"
  [02/23]	"$[?@.a!=null]"
  [02/24]	"$[?@.a!=null]"
  [02/25]	"$[?@.a!=true]"
  [02/26]	"$[?@.a!=false]"
  [02/27]	"$[?@.a<'c']"
  [02/28]	"$[?@.a<\"c\"]"
  [02/29]	"$[?@.a<10]"
  [02/30]	"$[?@.a<null]"
  [02/31]	"$[?@.a<true]"
  [02/32]	"$[?@.a<false]"
  [02/33]	"$[?@.a<='c']"
  [02/34]	"$[?@.a<=\"c\"]"
  [02/35]	"$[?@.a<=10]"
  [02/36]	"$[?@.a<=null]"
  [02/37]	"$[?@.a<=true]"
  [02/38]	"$[?@.a<=false]"
  [02/39]	"$[?@.a>'c']"
  [02/40]	"$[?@.a>\"c\"]"
  [02/41]	"$[?@.a>10]"
  [02/42]	"$[?@.a>null]"
  [02/43]	"$[?@.a>true]"
  [02/44]	"$[?@.a>false]"
  [02/45]	"$[?@.a>='c']"
  [02/46]	"$[?@.a>=\"c\"]"
  [02/47]	"$[?@.a>=10]"
  [02/48]	"$[?@.a>=null]"
  [02/49]	"$[?@.a>=true]"
  [02/50]	"$[?@.a>=false]"
  [02/51]	"$[?@.a&&@.a!=null]"
  [02/52]	"$[?@.a&&@.b]"
  [02/53]	"$[?@.a||@.b]"
  [02/54]	"$[?@.a>0&&@.a<10]"
  [02/55]	"$[?@.a=='b'||@.a=='d']"
* [03/56]	"$[?!(@.a=='b')]"
* [04/57]	"$[?!@.a]"
* [05/58]	"$[?!@.a]"
* [06/59]	"$[?@.*]"
* [07/60]	"$[?@[0, 0, 'a']]"
* [08/61]	"$[?@[0:2]]"
* [09/62]	"$[?!@.*]"
- [10/63]	"$[?@[0:0]==0]"
- [11/64]	"$[?@[*]==0]"
- [12/65]	"$[?@..a==0]"
  [12/66]	"$[?@.a[*].a==0]"
* [13/67]	"$[?@[?@>1]]"
  [13/68]	"$[?@.a == 1]"
  [13/69]	"$[?@['0'] == 5]"
  [13/70]	"$[?@[0] == 5]"
- [14/71]	"$[?(@[0, 0]==42)]"
- [15/72]	"$[?(@[0, 0]!=42)]"
- [16/73]	"$[?(@[0, 0]<=42)]"
- [17/74]	"$[?(@['a', 'a']==42)]"
- [18/75]	"$[?(@['a', 'a']!=42)]"
- [19/76]	"$[?(@['a', 'a']<=42)]"
  [19/77]	"$[?(@[0, '0']==42)]"
  [19/78]	"$[?(@[0, '0']!=42)]"
  [19/79]	"$[?(@[0, '0']<=42)]"
  [19/80]	"$[?(@.*==42)]"
  [19/81]	"$[?(@.*!=42)]"
  [19/82]	"$[?(@.*<=42)]"
- [20/83]	"$[?(@[0:0]==42)]"
- [21/84]	"$[?(@[0:0]!=42)]"
- [22/85]	"$[?(@[0:0]<=42)]"
  [22/86]	"$[?($[0, 0]==42)]"
  [22/87]	"$[?($[0, 0]!=42)]"
  [22/88]	"$[?($[0, 0]<=42)]"
  [22/89]	"$[?($['a', 'a']==42)]"
  [22/90]	"$[?($['a', 'a']!=42)]"
  [22/91]	"$[?($['a', 'a']<=42)]"
  [22/92]	"$[?($[0, '0']==42)]"
  [22/93]	"$[?($[0, '0']!=42)]"
  [22/94]	"$[?($[0, '0']<=42)]"
  [22/95]	"$[?($.*==42)]"
  [22/96]	"$[?($.*!=42)]"
  [22/97]	"$[?($.*<=42)]"
  [22/98]	"$[?($[0:0]==42)]"
  [22/99]	"$[?($[0:0]!=42)]"
  [22/100]	"$[?($[0:0]<=42)]"
* [23/101]	"$[?@.a,?@.b]"
* [24/102]	"$[?@.a=='b',?@.b=='x']"
* [25/103]	"$[?@.a,?@.d]"
* [26/104]	"$[?@.a,1]"
* [27/105]	"$[?@.a,*]"
* [28/106]	"$[?@.a,1:]"
* [29/107]	"$[1, ?@.a=='b', 1:]"
  [29/108]	"$[?@.a==-0]"
  [29/109]	"$[?@.a==1.0]"
  [29/110]	"$[?@.a==1e2]"
  [29/111]	"$[?@.a==1e+2]"
  [29/112]	"$[?@.a==1e-2]"
  [29/113]	"$[?@.a==1.1]"
- [30/114]	"$[?@.a==1.]"
  [30/115]	"$[?@.a==1.1e2]"
  [30/116]	"$[?@.a==1.1e+2]"
  [30/117]	"$[?@.a==1.1e-2]"
* [31/118]	"$.values[?length(@.a) == value($..c)]"
  [31/119]	"$[?@<3]"
  [31/120]	"$[?@.a || @.b && @.b]"
  [31/121]	"$[?@.b && @.b || @.a]"
* [32/122]	"$[?(@.a || @.b) && @.a]"
* [33/123]	"$[?@.a && (@.b || @.a)]"
* [34/124]	"$[?(@.a || @.b) && @.b]"
  [34/125]	"$[?@ == \"quoted' literal\"]"
  [34/126]	"$[?@ == 'quoted\" literal']"
  [34/127]	"$[?@ == 'quoted\\' literal']"
  [34/128]	"$[?@ == \"quoted\\\" literal\"]"
- [35/129]	"$[?true]"
- [36/130]	"$[?false]"
  [36/131]	"$[?'abc']"
- [37/132]	"$[?2]"
  [37/133]	"$[?2.2]"
- [38/134]	"$[?null]"
- [39/135]	"$[?true && false]"
- [40/136]	"$[?true || false]"
- [41/137]	"$[?true == false && false]"
- [42/138]	"$[?true == false || false]"
- [43/139]	"$[?false && true == false]"
- [44/140]	"$[?false || true == false]"

--------------jsonpath/basic.json--------------
  [00/00]	"$"
- [01/01]	" $"
- [02/02]	"$ "
  [02/03]	"$.a"
  [02/04]	"$.☺"
  [02/05]	"$._"
- [03/06]	"$.&"
- [04/07]	"$.1"
  [04/08]	"$.c"
  [04/09]	"$.a"
  [04/10]	"$.*"
  [04/11]	"$.*"
  [04/12]	"$[*]"
  [04/13]	"$.*.a"
  [04/14]	"$[0,2]"
- [05/15]	"$[0 2]"
* [06/16]	"$['a',1]"
* [07/17]	"$['a',1]"
* [08/18]	"$[1,5:7]"
* [09/19]	"$[1,0:3]"
  [09/20]	"$[1,1]"
* [10/21]	"$[*,1]"
* [11/22]	"$[*,'a']"
* [12/23]	"$[*,0:2]"
* [13/24]	"$[*,*]"
  [13/25]	"$[]"
  [13/26]	"$..[1]"
  [13/27]	"$..a"
  [13/28]	"$..*"
  [13/29]	"$..[*]"
  [13/30]	"$..[*]"
  [13/31]	"$..[*]"
  [13/32]	"$..*"
  [13/33]	"$..*"
  [13/34]	"$..['a','d']"
  [13/35]	"$..['a','d']"
- [14/36]	"$.."

--------------jsonpath/index_selector.json--------------
  [00/00]	"$[0]"
  [00/01]	"$[1]"
  [00/02]	"$[2]"
  [00/03]	"$[231584178474632390847141970017375815706539969331281128078915168015826259279872]"
  [00/04]	"$[231584178474632390847141970017375815706539969331281128078915168SomeRandomText]"
  [00/05]	"$[-1]"
  [00/06]	"$[-2]"
  [00/07]	"$[-3]"
  [00/08]	"$[0]"
- [01/09]	"$[01]"
- [02/10]	"$[-01]"
{
    "code":"success",
    "data":{
        "data2":{
            "id":null,
            "type":null,
            "serveCategoryInfoList":[
                {
                    "id":0,
                    "infoList":[

                    ],
                    "idList":[
                        200226
                    ]
                },
                {
                    "id":1,
                    "idList":[
                        1,
                        2,
                        3,
                        4,
                        5,
                        6,
                        7
                    ]
                }
            ]
        }
    },
    "msg":"",
    "status":"1"
}

[{"id":1001,"salary":4000,"name":"jobs","valid":false},{"id":1001,"salary":5000}]
{
	"@type":"com.alibaba.fastjson2_vo.IntField1",
	"v0000":123
}
{
	"@type":"A#0",
	"@value":[
		{
			"@type":"com.alibaba.fastjson2.autoType.AutoTypeTest10$Bean4#1",
			"@value":{
				"params":{
					"@type":"LinkedList#2",
					"@value":[
						{}
					]
				}
			}
		},
		{
			"@type":"#1",
			"@value":{}
		}
	]
}
{}
{
	"@type":"JO1#0",
	"@value":{
		"data":{
			"@type":"A#1",
			"@value":[
				{
					"@type":"#0",
					"@value":{}
				}
			]
		}
	}
}
{
	"@type":"com.alibaba.fastjson2.autoType.AutoTypeTest10$Bean3#0",
	"@value":{
		"params":{
			"@type":"JO10#1",
			"@value":{}
		}
	}
}
{}
{
	"@type":"com.alibaba.fastjson2.autoType.AutoTypeTest20$Bean2#0",
	"@value":{
		"values":{
			"@type":"LinkedHashSet#1",
			"@value":[
				{
					"@type":"com.alibaba.fastjson2.autoType.AutoTypeTest20$XItem#2",
					"@value":"A"
				},
				{
					"@type":"#2",
					"@value":"B"
				},
				{
					"@type":"#2",
					"@value":"C"
				},
				{
					"@type":"#2",
					"@value":"D"
				}
			]
		}
	}
}
{
	"@type":"com.alibaba.fastjson2.autoType.AutoTypeTest20$Bean1#0",
	"@value":{
		"values":{
			"@type":"LinkedList#1",
			"@value":[
				{
					"@type":"com.alibaba.fastjson2.autoType.AutoTypeTest20$XItem#2",
					"@value":"A"
				},
				{
					"@type":"#2",
					"@value":"B"
				},
				{
					"@type":"#2",
					"@value":"C"
				},
				{
					"@type":"#2",
					"@value":"D"
				}
			]
		}
	}
}
{
	"@type":"com.alibaba.fastjson2.autoType.AutoTypeTest20$Bean2#0",
	"@value":{
		"values":{
			"@type":"LinkedHashSet#1",
			"@value":[
				{
					"@type":"com.alibaba.fastjson2.autoType.AutoTypeTest20$XItem#2",
					"@value":"A"
				},
				{
					"@type":"#2",
					"@value":"B"
				},
				{
					"@type":"#2",
					"@value":"C"
				},
				{
					"@type":"#2",
					"@value":"D"
				}
			]
		}
	}
}
{
	"@type":"com.alibaba.fastjson2.autoType.AutoTypeTest20$Bean3#0",
	"@value":{
		"values":[
			{
				"@type":"com.alibaba.fastjson2.autoType.AutoTypeTest20$XItem#1",
				"@value":"A"
			},
			{
				"@type":"#1",
				"@value":"D"
			},
			{
				"@type":"#1",
				"@value":"C"
			},
			{
				"@type":"#1",
				"@value":"B"
			}
		]
	}
}
{
	"@type":"com.alibaba.fastjson2.autoType.AutoTypeTest21$Bean1#0",
	"@value":{
		"item#1":{
			"id#2":101
		},
		"values#3":{
			"@type":"M#4",
			"@value":{
				{
					"@type":"com.alibaba.fastjson2.autoType.AutoTypeTest21$Item#5",
					"@value":{
						"#2":101
					}
				}:"101"
			}
		},
		"values2#6":{
			"@type":"#4",
			"@value":{
				{"$ref":"$.item"}:null
			}
		}
	}
}
{
	"@type":"com.alibaba.fastjson2.autoType.AutoTypeTest21$Bean1#0",
	"@value":{
		"item":{
			"id":101
		},
		"values":{
			"@type":"LM#1",
			"@value":{
				{
					"@type":"com.alibaba.fastjson2.autoType.AutoTypeTest21$Item#2",
					"@value":{
						"id":101
					}
				}:"101"
			}
		},
		"values2":{
			"@type":"#1",
			"@value":{
				{
					"@type":"#2",
					"@value":{
						"id":101
					}
				}:"101"
			}
		}
	}
}
{
	"@type":"com.alibaba.fastjson2.autoType.AutoTypeTest21$Bean2#0",
	"@value":{
		"item":{
			"id":101
		},
		"values":{
			"@type":"M#1",
			"@value":{
				{
					"@type":"com.alibaba.fastjson2.autoType.AutoTypeTest21$Item#2",
					"@value":{
						"id":101
					}
				}:"101"
			}
		},
		"values2":{
			"@type":"#1",
			"@value":{
				{"$ref":"$.item"}:null
			}
		}
	}
}
{
	"@type":"com.alibaba.fastjson2.autoType.AutoTypeTest16_pairKey$Bean#0",
	"@value":{
		"map":{
			"@type":"M#1",
			"@value":{
				{
					"@type":"org.apache.commons.lang3.tuple.MutablePair#2",
					"@value":{
						"left":1,
						"right":2
					}
				}:"12"
			}
		}
	}
}
{
	"@type":"com.alibaba.fastjson2.autoType.AutoTypeTest16_pairKey$Bean#0",
	"@value":{
		"map":{
			"@type":"M#1",
			"@value":{
				{
					"@type":"org.apache.commons.lang3.tuple.ImmutablePair#2",
					"@value":{
						"left":1,
						"right":2
					}
				}:"12"
			}
		}
	}
}
{
	"@type":"com.alibaba.fastjson2.autoType.AutoTypeTest43_dynamic$Model#0",
	"@value":{
		"id":102
	}
}
{
	"@type":"com.alibaba.fastjson2.autoType.AutoTypeTest29_Byte$Bean1#0",
	"@value":{
		"value":1
	}
}
{
	"@type":"com.alibaba.fastjson2.autoType.AutoTypeTest29_Byte$Bean2#0",
	"@value":{
		"value":1
	}
}
{
	"@type":"com.alibaba.fastjson2.autoType.AutoTypeTest29_Byte$Bean3#0",
	"@value":{
		"value":1
	}
}
{
	"@type":"LinkedList#0",
	"@value":[
		{
			"@type":"com.alibaba.fastjson2.autoType.AutoTypeTest32$Bean#1",
			"@value":{
				"items":{
					"@type":"#0",
					"@value":[
						{},
						{},
						{}
					]
				}
			}
		},
		{
			"@type":"#1",
			"@value":{
				"items":null
			}
		},
		{
			"@type":"#1",
			"@value":{
				"items":null
			}
		}
	]
}
{
	"@type":"LinkedList#0",
	"@value":[
		{
			"@type":"com.alibaba.fastjson2.autoType.AutoTypeTest32$Bean#1",
			"@value":{
				"items":{
					"@type":"#0",
					"@value":[
						{},
						{},
						{}
					]
				}
			}
		},
		{
			"@type":"#1",
			"@value":{
				"items":{
					"@type":"java.util.Collections$SingletonList#2",
					"@value":[
						{}
					]
				}
			}
		},
		{
			"@type":"#1",
			"@value":{
				"items":null
			}
		}
	]
}
{
	"@type":"com.alibaba.fastjson2.autoType.AutoTypeTest22$Bean1#0",
	"@value":{
		"item":{
			"@type":"com.alibaba.fastjson2.autoType.AutoTypeTest22$XItem#1",
			"@value":{
				"id":101
			}
		},
		"item1":{"$ref":"$.item"}
	}
}
{
	"@type":"com.alibaba.fastjson2.autoType.AutoTypeTest9$Bean4#0",
	"@value":{
		"values":[
			{
				"@type":"LM#1",
				"@value":{}
			}
		]
	}
}
{
	"@type":"com.alibaba.fastjson2.autoType.AutoTypeTest9$Bean#0",
	"@value":{
		"values":[]
	}
}
{
	"@type":"com.alibaba.fastjson2.autoType.AutoTypeTest9$Bean2#0",
	"@value":{
		"values":[1]
	}
}
{
	"@type":"com.alibaba.fastjson2.autoType.AutoTypeTest9$Bean3#0",
	"@value":{
		"values":{
			"@type":"JO1#1",
			"@value":{
				"set":{
					"@type":"HashSet#2",
					"@value":[]
				}
			}
		}
	}
}
{
	"@type":"com.alibaba.fastjson2.autoType.AutoTypeTest9$Bean4#0",
	"@value":{
		"values":[
			{
				"@type":"JO1#1",
				"@value":{}
			}
		]
	}
}
{
	"@type":"com.alibaba.fastjson2.autoType.AutoTypeTest9$Bean5#0",
	"@value":{
		"values":{
			"data":{
				"@type":"A#1",
				"@value":[
					{
						"@type":"JO1#2",
						"@value":{}
					}
				]
			}
		}
	}
}
{
	"@type":"com.alibaba.fastjson2.autoType.AutoTypeTest39_ListStr$Bean#0",
	"@value":{
		"items":{
			"@type":"LinkedList#1",
			"@value":[
				"abcde",
				"abcde"
			]
		}
	}
}
{
	"@type":"com.alibaba.fastjson2.autoType.AutoTypeTest39_ListStr$Bean#0",
	"@value":{
		"items":{
			"@type":"java.util.Collections$SingletonList#1",
			"@value":["abc"]
		}
	}
}
{
	"@type":"com.alibaba.fastjson2.autoType.AutoTypeTest39_ListStr$Bean#0",
	"@value":{
		"items":{
			"@type":"java.util.Collections$SingletonList#1",
			"@value":["abc"]
		}
	}
}
{
	"@type":"com.alibaba.fastjson2.autoType.AutoTypeTest39_ListStr$Bean#0",
	"@value":{
		"items":{
			"@type":"java.util.Arrays$ArrayList#1",
			"@value":["abc"]
		}
	}
}
{
	"@type":"com.alibaba.fastjson2.autoType.AutoTypeTest39_ListStr$Bean#0",
	"@value":{
		"items":{
			"@type":"LinkedList#1",
			"@value":["abc"]
		}
	}
}
{
	"@type":"[Long#0",
	"@value":[101]
}
{
	"@type":"[UUID#0",
	"@value":[
		[
			-32,
			2,
			24,
			88,
			-119,
			105,
			64,
			-71,
			-101,
			120,
			-117,
			-68,
			117,
			108,
			-85,
			33
		]
	]
}
{
	"@type":"[String#0",
	"@value":["101"]
}
{
	"@type":"[BigDecimal#0",
	"@value":[
		101
	]
}
{
	"@type":"[BigInteger#0",
	"@value":[101]
}
{
	"@type":"com.alibaba.fastjson2.autoType.AutoTypeTest31_array$BeanLong64Array#0",
	"@value":{
		"values":[101]
	}
}
{
	"@type":"[J#0",
	"@value":[101]
}
{
	"@type":"com.alibaba.fastjson2.autoType.AutoTypeTest31_array$BeanInteger64Array#0",
	"@value":{
		"values":[101]
	}
}
{
	"@type":"List#0",
	"@value":[101]
}
{
	"@type":"Set#0",
	"@value":["a"]
}
{
	"@type":"List#0",
	"@value":[101]
}
{
	"@type":"Set#0",
	"@value":["a"]
}
{
	"@type":"Set#0",
	"@value":["a"]
}
{
	"@type":"List#0",
	"@value":[101]
}
{
	"@type":"List#0",
	"@value":[101]
}
{
	"@type":"List#0",
	"@value":[101]
}
{
	"@type":"Set#0",
	"@value":["a"]
}
{
	"@type":"Set#0",
	"@value":["a"]
}
{
	"@type":"com.alibaba.fastjson2.autoType.AutoTypeTest18$Bean1#0",
	"@value":{
		"values":{
			"@type":"LinkedList#1",
			"@value":[
				{
					"@type":"com.alibaba.fastjson2.autoType.AutoTypeTest18$XItem#2",
					"@value":{}
				},
				{
					"@type":"com.alibaba.fastjson2.autoType.AutoTypeTest18$YItem#3",
					"@value":{}
				}
			]
		}
	}
}
{
	"@type":"com.alibaba.fastjson2.autoType.AutoTypeTest18$Bean2#0",
	"@value":{
		"values":{
			"@type":"LinkedHashSet#1",
			"@value":[
				{
					"@type":"com.alibaba.fastjson2.autoType.AutoTypeTest18$XItem#2",
					"@value":{}
				},
				{
					"@type":"com.alibaba.fastjson2.autoType.AutoTypeTest18$YItem#3",
					"@value":{}
				},
				{
					"@type":"com.alibaba.fastjson2.autoType.AutoTypeTest18$ZEnum#4",
					"@value":"A"
				}
			]
		}
	}
}
{
	"@type":"LinkedList#0",
	"@value":[
		{
			"@type":"com.alibaba.fastjson2.autoType.AutoTypeTest33$Bean#1",
			"@value":{
				"items":{
					"@type":"#0",
					"@value":[
						{
							"@type":"com.alibaba.fastjson2.autoType.AutoTypeTest33$Item#2",
							"@value":{}
						},
						{
							"@type":"#2",
							"@value":{}
						},
						{
							"@type":"#2",
							"@value":{}
						}
					]
				}
			}
		},
		{
			"@type":"#1",
			"@value":{
				"items":null
			}
		},
		{
			"@type":"#1",
			"@value":{
				"items":null
			}
		}
	]
}
{
	"@type":"LinkedList#0",
	"@value":[
		{
			"@type":"com.alibaba.fastjson2.autoType.AutoTypeTest33$Bean#1",
			"@value":{
				"items":{
					"@type":"#0",
					"@value":[
						{
							"@type":"com.alibaba.fastjson2.autoType.AutoTypeTest33$Item#2",
							"@value":{}
						},
						{
							"@type":"#2",
							"@value":{}
						},
						{
							"@type":"#2",
							"@value":{}
						}
					]
				}
			}
		},
		{
			"@type":"#1",
			"@value":{
				"items":{
					"@type":"java.util.Collections$SingletonList#3",
					"@value":[
						{
							"@type":"#2",
							"@value":{}
						}
					]
				}
			}
		},
		{
			"@type":"#1",
			"@value":{
				"items":null
			}
		}
	]
}
{
	"@type":"LinkedList#0",
	"@value":[
		{
			"@type":"com.alibaba.fastjson2.autoType.AutoTypeTest33$Bean#1",
			"@value":{
				"items":{
					"@type":"#0",
					"@value":[
						{
							"@type":"com.alibaba.fastjson2.autoType.AutoTypeTest33$Item#2",
							"@value":{}
						},
						{
							"@type":"#2",
							"@value":{}
						},
						{
							"@type":"#2",
							"@value":{}
						}
					]
				}
			}
		},
		{
			"@type":"#1",
			"@value":{
				"items":{
					"@type":"java.util.Collections$SingletonSet#3",
					"@value":[
						{}
					]
				}
			}
		},
		{
			"@type":"#1",
			"@value":{
				"items":null
			}
		}
	]
}
{
	"@type":"com.alibaba.fastjson2.autoType.AutoTypeTest26$Bean1#0",
	"@value":{
		"items":{
			"@type":"java.util.Collections$UnmodifiableMap#1",
			"@value":{}
		}
	}
}
{
	"@type":"com.alibaba.fastjson2.autoType.AutoTypeTest26$Bean1#0",
	"@value":{
		"items":{
			"@type":"java.util.Collections$UnmodifiableSortedMap#1",
			"@value":{}
		}
	}
}
{
	"@type":"com.alibaba.fastjson2.autoType.AutoTypeTest26$Bean1#0",
	"@value":{
		"items":{
			"@type":"java.util.Collections$UnmodifiableNavigableMap#1",
			"@value":{}
		}
	}
}
{
	"@type":"com.alibaba.fastjson2.autoType.AutoTypeTest26$Bean1#0",
	"@value":{
		"items":{
			"@type":"com.google.common.collect.RegularImmutableMap#1",
			"@value":{}
		}
	}
}
{
	"@type":"com.alibaba.fastjson2.autoType.AutoTypeTest26$Bean1#0",
	"@value":{
		"items":{
			"@type":"java.util.Collections$UnmodifiableNavigableMap$EmptyNavigableMap#1",
			"@value":{}
		}
	}
}
{
	"@type":"com.alibaba.fastjson2.autoType.AutoTypeTest26$Bean1#0",
	"@value":{
		"items":{
			"@type":"EmptyMap#1",
			"@value":{}
		}
	}
}
{
	"@type":"com.alibaba.fastjson2.autoType.AutoTypeTest26$Bean1#0",
	"@value":{
		"items":{
			"@type":"java.util.Collections$UnmodifiableNavigableMap$EmptyNavigableMap#1",
			"@value":{}
		}
	}
}
{
	"@type":"com.alibaba.fastjson2.autoType.AutoTypeTest26$Bean1#0",
	"@value":{
		"items":{
			"@type":"com.google.common.collect.SingletonImmutableBiMap#1",
			"@value":{
				"a":0
			}
		}
	}
}
{
	"@type":"com.alibaba.fastjson2.autoType.AutoTypeTest26$Bean1#0",
	"@value":{
		"items":{
			"@type":"java.util.Collections$SingletonMap#1",
			"@value":{
				"a":1
			}
		}
	}
}
{
	"@type":"com.alibaba.fastjson2.autoType.AutoTypeTest23$Bean1#0",
	"@value":{
		"items":{
			"@type":"[com.alibaba.fastjson2.autoType.AutoTypeTest23$XItem#1",
			"@value":[]
		},
		"items1":{"$ref":"$.items"}
	}
}
{
	"@type":"com.alibaba.fastjson2.autoType.AutoTypeTest23$Bean2#0",
	"@value":{
		"items":[
			"a",
			"b"
		],
		"items1":{"$ref":"$.items"}
	}
}
{
	"@type":"com.alibaba.fastjson2.autoType.AutoTypeFilterTest1$RpcException#0",
	"@value":{
		"stackTrace#1":[],
		"suppressedExceptions#2":{
			"@type":"java.util.Collections$EmptyList#3",
			"@value":[]
		}
	}
}
{
	"@type":"com.alibaba.fastjson2.autoType.AutoTypeTest28_Short$Bean1#0",
	"@value":{
		"value":1
	}
}
{
	"@type":"com.alibaba.fastjson2.autoType.AutoTypeTest28_Short$Bean2#0",
	"@value":{
		"value":1
	}
}
{
	"@type":"com.alibaba.fastjson2.autoType.AutoTypeTest28_Short$Bean3#0",
	"@value":{
		"value":1
	}
}
{
	"@type":"com.alibaba.fastjson2.autoType.AutoTypeTest17$Bean2#0",
	"@value":{
		"values":[
			{
				"@type":"com.alibaba.fastjson2.autoType.AutoTypeTest17$XItem#1",
				"@value":{}
			},
			{
				"@type":"com.alibaba.fastjson2.autoType.AutoTypeTest17$Item#2",
				"@value":{}
			}
		]
	}
}
{
	"@type":"com.alibaba.fastjson2.autoType.AutoTypeTest17$Bean3#0",
	"@value":{
		"values":[
			{
				"@type":"com.alibaba.fastjson2.autoType.AutoTypeTest17$XItem#1",
				"@value":{}
			},
			{}
		]
	}
}
{
	"@type":"com.alibaba.fastjson2.autoType.AutoTypeTest17$Bean4#0",
	"@value":{
		"values":{
			"@type":"LM#1",
			"@value":{
				"0":{
					"@type":"com.alibaba.fastjson2.autoType.AutoTypeTest17$XItem#2",
					"@value":{}
				},
				"1":{}
			}
		}
	}
}
{
	"@type":"com.alibaba.fastjson2.autoType.AutoTypeTest17$Bean5#0",
	"@value":{
		"item":{}
	}
}
{
	"@type":"com.alibaba.fastjson2.autoType.AutoTypeTest17$Bean5#0",
	"@value":{
		"item":{
			"@type":"com.alibaba.fastjson2.autoType.AutoTypeTest17$XItem#1",
			"@value":{}
		}
	}
}
{
	"@type":"com.alibaba.fastjson2.autoType.AutoTypeTest17$Bean6#0",
	"@value":{
		"values":{
			"0":{
				"@type":"com.alibaba.fastjson2.autoType.AutoTypeTest17$XItem#1",
				"@value":{}
			},
			"1":{}
		}
	}
}
{
	"@type":"com.alibaba.fastjson2.autoType.AutoTypeTest17$Bean8#0",
	"@value":{
		"values":{
			"@type":"LM#1",
			"@value":{
				0:{
					"@type":"com.alibaba.fastjson2.autoType.AutoTypeTest17$XItem#2",
					"@value":{}
				},
				1:{}
			}
		}
	}
}
{
	"@type":"LM#0",
	"@value":{
		{
			"@type":"java.lang.Class#1",
			"@value":"java.lang.String"
		}:"S"
	}
}
{
	{
		"@type":"HashSet#0",
		"@value":[]
	}:"A",
	{
		"@type":"EmptyMap#1",
		"@value":{}
	}:"C",
	{
		{}:"D"
	}:"E"
}
{
	"@type":"com.alibaba.fastjson2.autoType.AutoTypeTest34_ListStr$Bean#0",
	"@value":{
		"items":{
			"@type":"LinkedList#1",
			"@value":[
				"abcde",
				"abcde"
			]
		}
	}
}
{
	"@type":"com.alibaba.fastjson2.autoType.AutoTypeTest34_ListStr$Bean#0",
	"@value":{
		"items":{
			"@type":"java.util.Collections$SingletonList#1",
			"@value":["abc"]
		}
	}
}
{
	"@type":"com.alibaba.fastjson2.autoType.AutoTypeTest34_ListStr$Bean#0",
	"@value":{
		"items":{
			"@type":"java.util.Collections$SingletonSet#1",
			"@value":["abc"]
		}
	}
}
{
	"@type":"com.alibaba.fastjson2.autoType.AutoTypeTest34_ListStr$Bean#0",
	"@value":{
		"items":{
			"@type":"java.util.Arrays$ArrayList#1",
			"@value":["abc"]
		}
	}
}
{
	"@type":"com.alibaba.fastjson2.autoType.AutoTypeTest34_ListStr$Bean#0",
	"@value":{
		"items":{
			"@type":"java.util.Collections$UnmodifiableCollection#1",
			"@value":["abc"]
		}
	}
}
{
	"@type":"com.alibaba.fastjson2.autoType.AutoTypeTest38_DupType$Bean#0",
	"@value":{
		"first":{
			"@type":"com.alibaba.fastjson2.autoType.AutoTypeTest38_DupType$Item#1",
			"@value":{
				"id":101,
				"name":"DataWorks"
			}
		},
		"second":{
			"@type":"#1",
			"@value":{
				"id":102,
				"name":"MaxCompute"
			}
		},
		"third":{
			"@type":"#1",
			"@value":{
				"id":102,
				"name":"EMR"
			}
		}
	}
}
{
	"@type":"com.alibaba.fastjson2.autoType.AutoTypeTest46_Pair$Bean#0",
	"@value":{
		"pair1#1":{
			"@type":"org.apache.commons.lang3.tuple.ImmutablePair#2",
			"@value":{
				"left#3":"101",
				"right#4":true
			}
		},
		"pair2#5":{
			"@type":"#2",
			"@value":{
				"#3":"102",
				"#4":true
			}
		}
	}
}
{
	"@type":"com.alibaba.fastjson2.autoType.AutoTypeTest36_SetLong$Bean#0",
	"@value":{
		"values":[100],
		"values1":[100]
	}
}
[
	{
		"@type":"com.alibaba.fastjson2.autoType.AutoTypeTest36_SetLong$Bean2#0",
		"@value":{
			"values":[100]
		}
	},
	{
		"@type":"#0",
		"@value":{
			"values":[200]
		}
	},
	{
		"@type":"#0",
		"@value":{
			"values":[300]
		}
	}
]
{
	"@type":"com.alibaba.fastjson2.autoType.AutoTypeTest36_SetLong$Bean2#0",
	"@value":{
		"values":[100]
	}
}
{
	"@type":"com.alibaba.fastjson2.autoType.AutoTypeTest36_MapAtomicLong$Bean#0",
	"@value":{
		"map":{
			"123":{
				"@type":"AtomicLong#1",
				"@value":123
			}
		}
	}
}
{
	"@type":"com.alibaba.fastjson2.autoType.AutoTypeTest36_MapAtomicLong$Bean#0",
	"@value":{
		"map":{
			"123":{
				"@type":"AtomicInteger#1",
				"@value":123
			}
		}
	}
}
{
	"@type":"com.google.common.collect.AbstractMapBasedMultimap$RandomAccessWrappedList#0",
	"@value":[
		101,
		102,
		101
	]
}
{
	"@type":"com.google.common.collect.AbstractMapBasedMultimap$WrappedSet#0",
	"@value":{
		"ancestor":null,
		"ancestorDelegate":null,
		"delegate":{
			"@type":"HashSet#1",
			"@value":[
				101,
				102
			]
		},
		"key":"a",
		"this$0":{
			"@type":"com.google.common.collect.HashMultimap#2",
			"@value":{
				"a":{
					"@type":"#0",
					"@value":{
						"ancestor":null,
						"ancestorDelegate":null,
						"delegate":{"$ref":"$.delegate"},
						"key":"a",
						"this$0":{"$ref":"$.this$0"}
					}
				}
			}
		}
	}
}
{
	"@type":"com.alibaba.fastjson2.autoType.AutoTypeTest27$Bean1#0",
	"@value":{
		"items":{
			"@type":"java.util.Arrays$ArrayList#1",
			"@value":[
				0,
				1,
				2,
				3
			]
		}
	}
}
{
	"@type":"com.alibaba.fastjson2.autoType.AutoTypeTest27$Bean1#0",
	"@value":{
		"items":{
			"@type":"java.util.Collections$EmptySet#1",
			"@value":[]
		}
	}
}
{
	"@type":"com.alibaba.fastjson2.autoType.AutoTypeTest27$Bean1#0",
	"@value":{
		"items":{
			"@type":"java.util.Collections$UnmodifiableCollection#1",
			"@value":[]
		}
	}
}
{
	"@type":"com.alibaba.fastjson2.autoType.AutoTypeTest27$Bean1#0",
	"@value":{
		"items":{
			"@type":"java.util.AbstractList$SubList#1",
			"@value":[0]
		}
	}
}
{
	"@type":"com.alibaba.fastjson2.autoType.AutoTypeTest27$Bean1#0",
	"@value":{
		"items":{
			"@type":"A#1",
			"@value":[0]
		}
	}
}
{
	"@type":"com.alibaba.fastjson2.autoType.AutoTypeTest27$Bean1#0",
	"@value":{
		"items":{
			"@type":"java.util.Collections$UnmodifiableSortedSet#1",
			"@value":["A"]
		}
	}
}
{
	"@type":"com.alibaba.fastjson2.autoType.AutoTypeTest27$Bean1#0",
	"@value":{
		"items":{
			"@type":"java.util.Collections$UnmodifiableNavigableSet#1",
			"@value":["A"]
		}
	}
}
{
	"@type":"com.alibaba.fastjson2.autoType.AutoTypeTest27$Bean1#0",
	"@value":{
		"items":{
			"@type":"java.util.Collections$SingletonSet#1",
			"@value":["1"]
		}
	}
}
{
	"@type":"com.alibaba.fastjson2.autoType.AutoTypeTest27$Bean1#0",
	"@value":{
		"items":{
			"@type":"java.util.Collections$UnmodifiableSet#1",
			"@value":[]
		}
	}
}
{
	"@type":"com.alibaba.fastjson2.autoType.AutoTypeTest45_ListNullItem$Bean#0",
	"@value":{
		"items":[
			null,
			{}
		]
	}
}
diff type $.sesameBlock_1.fields.map, left class java.util.HashMap, right class com.alibaba.fastjson.JSONObject
diff JSONObject1 $.sesameBlock_1.fields
diff map $.sesameBlock_1, com.alibaba.fastjson.JSONObject
diff map $, com.alibaba.fastjson.JSONObject
{
	"@type":"[O#0",
	"@value":[
		{
			"@type":"TimeUnit#1",
			"@value":"DAYS"
		}
	]
}
{
	"a":{
		"@type":"com.alibaba.fastjson2.autoType.AutoTypeTest37_MapBean$Item#0",
		"@value":{
			"child":null,
			"id":101
		}
	},
	"b":{
		"@type":"#0",
		"@value":{
			"child":null,
			"id":102
		}
	},
	"c":{
		"@type":"#0",
		"@value":{
			"child":{},
			"id":103
		}
	}
}
{
	"@type":"com.alibaba.fastjson2.autoType.AutoTypeTest19$Bean2#0",
	"@value":{
		"values":{
			"@type":"LinkedList#1",
			"@value":[
				{
					"@type":"com.alibaba.fastjson2.autoType.AutoTypeTest19$XItem2#2",
					"@value":{
						"id":0,
						"value":0
					}
				},
				{
					"@type":"#2",
					"@value":{
						"id":0,
						"value":0
					}
				},
				{
					"@type":"#2",
					"@value":{
						"id":0,
						"value":0
					}
				}
			]
		}
	}
}
{
	"@type":"com.alibaba.fastjson2.autoType.AutoTypeTest19$Bean1#0",
	"@value":{
		"f1":false,
		"id":123,
		"v1":0,
		"values":{
			"@type":"LinkedList#1",
			"@value":[
				{
					"key":"101",
					"value":1
				},
				{
					"gmtCreate":1791304361534,
					"key":"102",
					"value":2
				},
				{
					"gmtCreate":1791304361534,
					"key":"103",
					"value":"3"
				}
			]
		}
	}
}
{
	"@type":"com.alibaba.fastjson2.autoType.AutoTypeTest19$Bean2#0",
	"@value":{
		"values":{
			"@type":"LinkedList#1",
			"@value":[
				{
					"@type":"com.alibaba.fastjson2.autoType.AutoTypeTest19$XItem2#2",
					"@value":{
						"id":0,
						"value":0
					}
				}
			]
		}
	}
}
{
	"@type":"com.alibaba.fastjson2.autoType.AutoTypeTest25$Bean1#0",
	"@value":{
		"items":{
			"@type":"TreeMap#1",
			"@value":{
				"a":{
					"a1":null,
					"child":null,
					"chilren":null
				}
			}
		}
	}
}
{
	"@type":"com.alibaba.fastjson2.autoType.AutoTypeTest44_customList$1#0",
	"@value":[101]
}
{
	"@type":"com.alibaba.fastjson2.autoType.AutoTypeTest44_customList$2#0",
	"@value":[101]
}
{
	"@type":"M#0",
	"@value":{
		"a":101
	}
}
{
	"@type":"com.alibaba.fastjson2.autoType.AutoTypeTest24$Bean1#0",
	"@value":{
		"items":[
			"1",
			"2"
		]
	}
}
{
	"@type":"com.alibaba.fastjson2.autoType.AutoTypeTest16_enums$Bean1#0",
	"@value":{
		"values":{
			"@type":"LinkedList#1",
			"@value":[
				"DAYS",
				"SECONDS",
				"DAYS"
			]
		}
	}
}
{
	"@type":"com.alibaba.fastjson2.autoType.AutoTypeTest16_enums$Bean2#0",
	"@value":{
		"values":{
			"@type":"LinkedList#1",
			"@value":[
				{
					"children":{
						"@type":"A#2",
						"@value":[
							{
								"id":11
							},
							{
								"id":12
							}
						]
					}
				},
				{
					"children":{
						"@type":"#2",
						"@value":[
							{
								"id":21
							},
							{
								"id":22
							}
						]
					}
				}
			]
		}
	}
}
{
	"@type":"com.alibaba.fastjson2.autoType.AutoTypeTest36_MapLong$Bean#0",
	"@value":{
		"values":{
			"abc":100
		}
	}
}
{
	"@type":"com.alibaba.fastjson2.autoType.AutoTypeTest40_listBeanMap$Bean#0",
	"@value":{
		"items":[
			{
				"@type":"M#1",
				"@value":{}
			}
		]
	}
}
{
	"@type":"com.alibaba.fastjson2.autoType.AutoTypeTest40_listBeanMap$Bean2#0",
	"@value":{
		"items":{
			"a":{
				"@type":"M#1",
				"@value":{}
			}
		}
	}
}
{
	"@type":"com.alibaba.fastjson2.autoType.AutoTypeTest8$Bean#0",
	"@value":{
		"values":{
			"@type":"[com.alibaba.fastjson2.autoType.AutoTypeTest8$A1#1",
			"@value":[
				{}
			]
		}
	}
}
[{}]
[{}]
{
	"@type":"com.alibaba.fastjson2.autoType.AutoTypeTest8$ListBean#0",
	"@value":{
		"values":{
			"@type":"LinkedList#1",
			"@value":[
				{
					"@type":"com.alibaba.fastjson2.autoType.AutoTypeTest8$A#2",
					"@value":{}
				}
			]
		}
	}
}
{
	"@type":"com.alibaba.fastjson2.autoType.AutoTypeTest8$ListBean2#0",
	"@value":{
		"values":[
			{
				"@type":"com.alibaba.fastjson2.autoType.AutoTypeTest8$A#1",
				"@value":{}
			}
		]
	}
}
{
	"@type":"com.alibaba.fastjson2.autoType.AutoTypeTest30$Bean1#0",
	"@value":{
		"items":["101"]
	}
}
{
	"@type":"com.alibaba.fastjson2.autoType.AutoTypeTest30$Bean2#0",
	"@value":{
		"value":"1001"
	}
}
[
	{
		"@type":"com.alibaba.fastjson2.autoType.AutoTypeTest30$Bean1#0",
		"@value":{
			"items":["101"]
		}
	},
	{
		"@type":"#0",
		"@value":{
			"items":["102"]
		}
	},
	{
		"@type":"#0",
		"@value":{
			"items":["103"]
		}
	}
]
{"name":123456789,"id":"abc"}
[
	{
		"name":"id",
		"inferSQLType":"STRING",
		"inferType":"java.lang.String",
		"integers":7702,
		"numbers":7702,
		"precision":10,
		"values":15404
	},
	{
		"name":"type",
		"inferSQLType":"STRING",
		"inferType":"java.lang.String",
		"precision":29,
		"values":15404
	},
	{
		"name":"actor",
		"inferSQLType":"STRING",
		"inferType":"java.util.Map",
		"maps":7702,
		"values":7702
	},
	{
		"name":"actor.id",
		"inferSQLType":"INT",
		"inferType":"java.lang.Integer",
		"integers":7702,
		"numbers":7702,
		"values":7702
	},
	{
		"name":"actor.login",
		"inferSQLType":"STRING",
		"inferType":"java.lang.String",
		"integers":3,
		"numbers":3,
		"precision":27,
		"values":15404
	},
	{
		"name":"actor.gravatar_id",
		"inferSQLType":"STRING",
		"inferType":"java.lang.String",
		"nulls":7702,
		"values":15404
	},
	{
		"name":"actor.url",
		"inferSQLType":"STRING",
		"inferType":"java.lang.String",
		"precision":56,
		"values":15404
	},
	{
		"name":"actor.avatar_url",
		"inferSQLType":"STRING",
		"inferType":"java.lang.String",
		"precision":49,
		"values":15404
	},
	{
		"name":"repo",
		"inferSQLType":"STRING",
		"inferType":"java.util.Map",
		"maps":7702,
		"values":7702
	},
	{
		"name":"repo.id",
		"inferSQLType":"INT",
		"inferType":"java.lang.Integer",
		"integers":7702,
		"numbers":7702,
		"values":7702
	},
	{
		"name":"repo.name",
		"errors":64,
		"inferSQLType":"STRING",
		"inferType":"java.lang.String",
		"precision":54,
		"values":15404
	},
	{
		"name":"repo.url",
		"inferSQLType":"STRING",
		"inferType":"java.lang.String",
		"precision":83,
		"values":15404
	},
	{
		"name":"payload",
		"inferSQLType":"STRING",
		"inferType":"java.util.Map",
		"maps":7702,
		"values":7702
	},
	{
		"name":"payload.push_id",
		"inferSQLType":"INT",
		"inferType":"java.lang.Integer",
		"integers":4280,
		"numbers":4280,
		"values":4280
	},
	{
		"name":"payload.size",
		"inferSQLType":"INT",
		"inferType":"java.lang.Integer",
		"integers":4280,
		"numbers":4280,
		"values":4280
	},
	{
		"name":"payload.distinct_size",
		"inferSQLType":"INT",
		"inferType":"java.lang.Integer",
		"integers":4280,
		"numbers":4280,
		"values":4280
	},
	{
		"name":"payload.ref",
		"errors":192,
		"inferSQLType":"STRING",
		"inferType":"java.lang.String",
		"integers":1,
		"nulls":290,
		"numbers":10,
		"precision":250,
		"scale":4,
		"values":9892
	},
	{
		"name":"payload.head",
		"inferSQLType":"STRING",
		"inferType":"java.lang.String",
		"precision":40,
		"values":8560
	},
	{
		"name":"payload.before",
		"inferSQLType":"STRING",
		"inferType":"java.lang.String",
		"precision":40,
		"values":8560
	},
	{
		"name":"payload.commits",
		"arrays":4280,
		"inferSQLType":"STRING",
		"inferType":"java.util.Collection",
		"maps":5706,
		"values":9986
	},
	{
		"name":"payload.commits[0].sha",
		"inferSQLType":"STRING",
		"inferType":"java.lang.String",
		"precision":40,
		"values":8270
	},
	{
		"name":"payload.commits[0].author",
		"inferSQLType":"STRING",
		"inferType":"java.util.Map",
		"maps":4135,
		"values":4135
	},
	{
		"name":"payload.commits[0].author.email",
		"inferSQLType":"STRING",
		"inferType":"java.lang.String",
		"precision":77,
		"values":8270
	},
	{
		"name":"payload.commits[0].author.name",
		"inferSQLType":"STRING",
		"inferType":"java.lang.String",
		"integers":1,
		"nonAsciiStrings":83,
		"numbers":1,
		"precision":35,
		"values":8270
	},
	{
		"name":"payload.commits[0].message",
		"dates":2,
		"errors":26,
		"inferSQLType":"STRING",
		"inferType":"java.lang.String",
		"integers":19,
		"nonAsciiStrings":64,
		"nulls":6,
		"numbers":20,
		"precision":3949,
		"scale":2,
		"values":8270
	},
	{
		"name":"payload.commits[0].distinct",
		"booleans":4135,
		"inferSQLType":"STRING",
		"inferType":"java.lang.Boolean",
		"values":4135
	},
	{
		"name":"payload.commits[0].url",
		"inferSQLType":"STRING",
		"inferType":"java.lang.String",
		"precision":132,
		"values":8270
	},
	{
		"name":"public",
		"booleans":7702,
		"inferSQLType":"STRING",
		"inferType":"java.lang.Boolean",
		"values":7702
	},
	{
		"name":"created_at",
		"dates":7702,
		"inferSQLType":"STRING",
		"inferType":"java.lang.String",
		"values":15404
	},
	{
		"name":"payload.ref_type",
		"inferSQLType":"STRING",
		"inferType":"java.lang.String",
		"precision":10,
		"values":1912
	},
	{
		"name":"payload.master_branch",
		"inferSQLType":"STRING",
		"inferType":"java.lang.String",
		"precision":13,
		"values":1630
	},
	{
		"name":"payload.description",
		"inferSQLType":"STRING",
		"inferType":"java.lang.String",
		"integers":4,
		"nonAsciiStrings":20,
		"nulls":256,
		"numbers":4,
		"precision":469,
		"values":1576
	},
	{
		"name":"payload.pusher_type",
		"inferSQLType":"STRING",
		"inferType":"java.lang.String",
		"precision":4,
		"values":1912
	},
	{
		"name":"payload.commits[1].sha",
		"inferSQLType":"STRING",
		"inferType":"java.lang.String",
		"precision":40,
		"values":1462
	},
	{
		"name":"payload.commits[1].author",
		"inferSQLType":"STRING",
		"inferType":"java.util.Map",
		"maps":731,
		"values":731
	},
	{
		"name":"payload.commits[1].author.email",
		"inferSQLType":"STRING",
		"inferType":"java.lang.String",
		"precision":77,
		"values":1462
	},
	{
		"name":"payload.commits[1].author.name",
		"inferSQLType":"STRING",
		"inferType":"java.lang.String",
		"nonAsciiStrings":9,
		"precision":30,
		"values":1462
	},
	{
		"name":"payload.commits[1].message",
		"errors":3,
		"inferSQLType":"STRING",
		"inferType":"java.lang.String",
		"nonAsciiStrings":6,
		"numbers":2,
		"precision":2336,
		"scale":4,
		"values":1462
	},
	{
		"name":"payload.commits[1].distinct",
		"booleans":731,
		"inferSQLType":"STRING",
		"inferType":"java.lang.Boolean",
		"values":731
	},
	{
		"name":"payload.commits[1].url",
		"inferSQLType":"STRING",
		"inferType":"java.lang.String",
		"precision":132,
		"values":1462
	},
	{
		"name":"payload.commits[2].sha",
		"inferSQLType":"STRING",
		"inferType":"java.lang.String",
		"precision":40,
		"values":640
	},
	{
		"name":"payload.commits[2].author",
		"inferSQLType":"STRING",
		"inferType":"java.util.Map",
		"maps":320,
		"values":320
	},
	{
		"name":"payload.commits[2].author.email",
		"inferSQLType":"STRING",
		"inferType":"java.lang.String",
		"precision":77,
		"values":640
	},
	{
		"name":"payload.commits[2].author.name",
		"inferSQLType":"STRING",
		"inferType":"java.lang.String",
		"nonAsciiStrings":4,
		"precision":29,
		"values":640
	},
	{
		"name":"payload.commits[2].message",
		"inferSQLType":"STRING",
		"inferType":"java.lang.String",
		"nonAsciiStrings":3,
		"precision":1154,
		"values":640
	},
	{
		"name":"payload.commits[2].distinct",
		"booleans":320,
		"inferSQLType":"STRING",
		"inferType":"java.lang.Boolean",
		"values":320
	},
	{
		"name":"payload.commits[2].url",
		"inferSQLType":"STRING",
		"inferType":"java.lang.String",
		"precision":121,
		"values":640
	},
	{
		"name":"payload.commits[3].sha",
		"inferSQLType":"STRING",
		"inferType":"java.lang.String",
		"precision":40,
		"values":354
	},
	{
		"name":"payload.commits[3].author",
		"inferSQLType":"STRING",
		"inferType":"java.util.Map",
		"maps":177,
		"values":177
	},
	{
		"name":"payload.commits[3].author.email",
		"inferSQLType":"STRING",
		"inferType":"java.lang.String",
		"precision":75,
		"values":354
	},
	{
		"name":"payload.commits[3].author.name",
		"inferSQLType":"STRING",
		"inferType":"java.lang.String",
		"nonAsciiStrings":2,
		"precision":46,
		"values":354
	},
	{
		"name":"payload.commits[3].message",
		"inferSQLType":"STRING",
		"inferType":"java.lang.String",
		"nonAsciiStrings":3,
		"precision":492,
		"values":354
	},
	{
		"name":"payload.commits[3].distinct",
		"booleans":177,
		"inferSQLType":"STRING",
		"inferType":"java.lang.Boolean",
		"values":177
	},
	{
		"name":"payload.commits[3].url",
		"inferSQLType":"STRING",
		"inferType":"java.lang.String",
		"precision":121,
		"values":354
	},
	{
		"name":"payload.commits[4].sha",
		"inferSQLType":"STRING",
		"inferType":"java.lang.String",
		"precision":40,
		"values":238
	},
	{
		"name":"payload.commits[4].author",
		"inferSQLType":"STRING",
		"inferType":"java.util.Map",
		"maps":119,
		"values":119
	},
	{
		"name":"payload.commits[4].author.email",
		"inferSQLType":"STRING",
		"inferType":"java.lang.String",
		"precision":75,
		"values":238
	},
	{
		"name":"payload.commits[4].author.name",
		"inferSQLType":"STRING",
		"inferType":"java.lang.String",
		"nonAsciiStrings":2,
		"precision":29,
		"values":238
	},
	{
		"name":"payload.commits[4].message",
		"inferSQLType":"STRING",
		"inferType":"java.lang.String",
		"nonAsciiStrings":1,
		"precision":654,
		"values":238
	},
	{
		"name":"payload.commits[4].distinct",
		"booleans":119,
		"inferSQLType":"STRING",
		"inferType":"java.lang.Boolean",
		"values":119
	},
	{
		"name":"payload.commits[4].url",
		"inferSQLType":"STRING",
		"inferType":"java.lang.String",
		"precision":121,
		"values":238
	},
	{
		"name":"payload.commits[5].sha",
		"inferSQLType":"STRING",
		"inferType":"java.lang.String",
		"precision":40,
		"values":166
	},
	{
		"name":"payload.commits[5].author",
		"inferSQLType":"STRING",
		"inferType":"java.util.Map",
		"maps":83,
		"values":83
	},
	{
		"name":"payload.commits[5].author.email",
		"inferSQLType":"STRING",
		"inferType":"java.lang.String",
		"precision":75,
		"values":166
	},
	{
		"name":"payload.commits[5].author.name",
		"inferSQLType":"STRING",
		"inferType":"java.lang.String",
		"nonAsciiStrings":1,
		"precision":29,
		"values":166
	},
	{
		"name":"payload.commits[5].message",
		"inferSQLType":"STRING",
		"inferType":"java.lang.String",
		"nonAsciiStrings":1,
		"precision":1164,
		"values":166
	},
	{
		"name":"payload.commits[5].distinct",
		"booleans":83,
		"inferSQLType":"STRING",
		"inferType":"java.lang.Boolean",
		"values":83
	},
	{
		"name":"payload.commits[5].url",
		"inferSQLType":"STRING",
		"inferType":"java.lang.String",
		"precision":121,
		"values":166
	},
	{
		"name":"payload.commits[6].sha",
		"inferSQLType":"STRING",
		"inferType":"java.lang.String",
		"precision":40,
		"values":122
	},
	{
		"name":"payload.commits[6].author",
		"inferSQLType":"STRING",
		"inferType":"java.util.Map",
		"maps":61,
		"values":61
	},
	{
		"name":"payload.commits[6].author.email",
		"inferSQLType":"STRING",
		"inferType":"java.lang.String",
		"precision":75,
		"values":122
	},
	{
		"name":"payload.commits[6].author.name",
		"inferSQLType":"STRING",
		"inferType":"java.lang.String",
		"nonAsciiStrings":2,
		"precision":29,
		"values":122
	},
	{
		"name":"payload.commits[6].message",
		"inferSQLType":"STRING",
		"inferType":"java.lang.String",
		"nonAsciiStrings":1,
		"precision":525,
		"values":122
	},
	{
		"name":"payload.commits[6].distinct",
		"booleans":61,
		"inferSQLType":"STRING",
		"inferType":"java.lang.Boolean",
		"values":61
	},
	{
		"name":"payload.commits[6].url",
		"inferSQLType":"STRING",
		"inferType":"java.lang.String",
		"precision":121,
		"values":122
	},
	{
		"name":"payload.commits[7].sha",
		"inferSQLType":"STRING",
		"inferType":"java.lang.String",
		"precision":40,
		"values":82
	},
	{
		"name":"payload.commits[7].author",
		"inferSQLType":"STRING",
		"inferType":"java.util.Map",
		"maps":41,
		"values":41
	},
	{
		"name":"payload.commits[7].author.email",
		"inferSQLType":"STRING",
		"inferType":"java.lang.String",
		"precision":75,
		"values":82
	},
	{
		"name":"payload.commits[7].author.name",
		"inferSQLType":"STRING",
		"inferType":"java.lang.String",
		"precision":29,
		"values":82
	},
	{
		"name":"payload.commits[7].message",
		"inferSQLType":"STRING",
		"inferType":"java.lang.String",
		"nonAsciiStrings":1,
		"precision":458,
		"values":82
	},
	{
		"name":"payload.commits[7].distinct",
		"booleans":41,
		"inferSQLType":"STRING",
		"inferType":"java.lang.Boolean",
		"values":41
	},
	{
		"name":"payload.commits[7].url",
		"inferSQLType":"STRING",
		"inferType":"java.lang.String",
		"precision":121,
		"values":82
	},
	{
		"name":"org",
		"inferSQLType":"STRING",
		"inferType":"java.util.Map",
		"maps":2342,
		"values":2342
	},
	{
		"name":"org.id",
		"inferSQLType":"INT",
		"inferType":"java.lang.Integer",
		"integers":2342,
		"numbers":2342,
		"values":2342
	},
	{
		"name":"org.login",
		"errors":3,
		"inferSQLType":"STRING",
		"inferType":"java.lang.String",
		"precision":36,
		"values":4684
	},
	{
		"name":"org.gravatar_id",
		"inferSQLType":"STRING",
		"inferType":"java.lang.String",
		"nulls":2342,
		"values":4684
	},
	{
		"name":"org.url",
		"inferSQLType":"STRING",
		"inferType":"java.lang.String",
		"precision":64,
		"values":4684
	},
	{
		"name":"org.avatar_url",
		"inferSQLType":"STRING",
		"inferType":"java.lang.String",
		"precision":49,
		"values":4684
	},
	{
		"name":"payload.action",
		"inferSQLType":"STRING",
		"inferType":"java.lang.String",
		"precision":9,
		"values":4210
	},
	{
		"name":"payload.issue",
		"inferSQLType":"STRING",
		"inferType":"java.util.Map",
		"maps":1023,
		"values":1023
	},
	{
		"name":"payload.issue.url",
		"inferSQLType":"STRING",
		"inferType":"java.lang.String",
		"precision":82,
		"values":2046
	},
	{
		"name":"payload.issue.labels_url",
		"inferSQLType":"STRING",
		"inferType":"java.lang.String",
		"precision":96,
		"values":2046
	},
	{
		"name":"payload.issue.comments_url",
		"inferSQLType":"STRING",
		"inferType":"java.lang.String",
		"precision":91,
		"values":2046
	},
	{
		"name":"payload.issue.events_url",
		"inferSQLType":"STRING",
		"inferType":"java.lang.String",
		"precision":89,
		"values":2046
	},
	{
		"name":"payload.issue.html_url",
		"inferSQLType":"STRING",
		"inferType":"java.lang.String",
		"precision":71,
		"values":2046
	},
	{
		"name":"payload.issue.id",
		"inferSQLType":"INT",
		"inferType":"java.lang.Integer",
		"integers":1023,
		"numbers":1023,
		"values":1023
	},
	{
		"name":"payload.issue.number",
		"inferSQLType":"INT",
		"inferType":"java.lang.Integer",
		"integers":1023,
		"numbers":1023,
		"values":1023
	},
	{
		"name":"payload.issue.title",
		"inferSQLType":"STRING",
		"inferType":"java.lang.String",
		"nonAsciiStrings":16,
		"precision":135,
		"values":2046
	},
	{
		"name":"payload.issue.user",
		"inferSQLType":"STRING",
		"inferType":"java.util.Map",
		"maps":1023,
		"values":1023
	},
	{
		"name":"payload.issue.user.login",
		"inferSQLType":"STRING",
		"inferType":"java.lang.String",
		"precision":20,
		"values":2046
	},
	{
		"name":"payload.issue.user.id",
		"inferSQLType":"INT",
		"inferType":"java.lang.Integer",
		"integers":1023,
		"numbers":1023,
		"values":1023
	}
]
{"@type":"com.alibaba.fastjson2.issues_1900.Issue1945$B","aInstance":{"@type":"java.util.HashMap","test":"test"},"clazz":["java.lang.String"]}
{
	"id#0":"#0",
	"#0":"#0"
}
[
	{
		"@type":"vip.joinsun.dto.order.ThirdOrderResponseBO0#0",
		"@value":{}
	},
	{
		"@type":"vip.joinsun.dto.order.ThirdOrderResponseBO1#1",
		"@value":{}
	},
	{
		"@type":"vip.joinsun.dto.order.ThirdOrderResponseBO2#2",
		"@value":{}
	},
	{
		"@type":"vip.joinsun.dto.order.ThirdOrderResponseBO3#3",
		"@value":{}
	},
	{
		"@type":"vip.joinsun.dto.order.ThirdOrderResponseBO4#4",
		"@value":{}
	},
	{
		"@type":"vip.joinsun.dto.order.ThirdOrderResponseBO5#5",
		"@value":{}
	},
	{
		"@type":"vip.joinsun.dto.order.ThirdOrderResponseBO6#6",
		"@value":{}
	},
	{
		"@type":"vip.joinsun.dto.order.ThirdOrderResponseBO7#7",
		"@value":{}
	},
	{
		"@type":"vip.joinsun.dto.order.ThirdOrderResponseBO8#8",
		"@value":{}
	},
	{
		"@type":"vip.joinsun.dto.order.ThirdOrderResponseBO9#9",
		"@value":{}
	},
	{
		"@type":"vip.joinsun.dto.order.ThirdOrderResponseBO10#10",
		"@value":{}
	},
	{
		"@type":"vip.joinsun.dto.order.ThirdOrderResponseBO11#11",
		"@value":{}
	},
	{
		"@type":"vip.joinsun.dto.order.ThirdOrderResponseBO12#12",
		"@value":{}
	},
	{
		"@type":"vip.joinsun.dto.order.ThirdOrderResponseBO13#13",
		"@value":{}
	},
	{
		"@type":"vip.joinsun.dto.order.ThirdOrderResponseBO14#14",
		"@value":{}
	},
	{
		"@type":"vip.joinsun.dto.order.ThirdOrderResponseBO15#15",
		"@value":{}
	},
	{
		"@type":"vip.joinsun.dto.order.ThirdOrderResponseBO16#16",
		"@value":{}
	},
	{
		"@type":"vip.joinsun.dto.order.ThirdOrderResponseBO17#17",
		"@value":{}
	},
	{
		"@type":"vip.joinsun.dto.order.ThirdOrderResponseBO18#18",
		"@value":{}
	},
	{
		"@type":"vip.joinsun.dto.order.ThirdOrderResponseBO19#19",
		"@value":{}
	},
	{
		"@type":"vip.joinsun.dto.order.ThirdOrderResponseBO20#20",
		"@value":{}
	},
	{
		"@type":"vip.joinsun.dto.order.ThirdOrderResponseBO21#21",
		"@value":{}
	},
	{
		"@type":"vip.joinsun.dto.order.ThirdOrderResponseBO22#22",
		"@value":{}
	},
	{
		"@type":"vip.joinsun.dto.order.ThirdOrderResponseBO23#23",
		"@value":{}
	},
	{
		"@type":"vip.joinsun.dto.order.ThirdOrderResponseBO24#24",
		"@value":{}
	},
	{
		"@type":"vip.joinsun.dto.order.ThirdOrderResponseBO25#25",
		"@value":{}
	},
	{
		"@type":"vip.joinsun.dto.order.ThirdOrderResponseBO26#26",
		"@value":{}
	},
	{
		"@type":"vip.joinsun.dto.order.ThirdOrderResponseBO27#27",
		"@value":{}
	},
	{
		"@type":"vip.joinsun.dto.order.ThirdOrderResponseBO28#28",
		"@value":{}
	},
	{
		"@type":"vip.joinsun.dto.order.ThirdOrderResponseBO29#29",
		"@value":{}
	},
	{
		"@type":"vip.joinsun.dto.order.ThirdOrderResponseBO30#30",
		"@value":{}
	},
	{
		"@type":"vip.joinsun.dto.order.ThirdOrderResponseBO31#31",
		"@value":{}
	},
	{
		"@type":"vip.joinsun.dto.order.ThirdOrderResponseBO32#32",
		"@value":{}
	},
	{
		"@type":"vip.joinsun.dto.order.ThirdOrderResponseBO33#33",
		"@value":{}
	},
	{
		"@type":"vip.joinsun.dto.order.ThirdOrderResponseBO34#34",
		"@value":{}
	},
	{
		"@type":"vip.joinsun.dto.order.ThirdOrderResponseBO35#35",
		"@value":{}
	},
	{
		"@type":"vip.joinsun.dto.order.ThirdOrderResponseBO36#36",
		"@value":{}
	},
	{
		"@type":"vip.joinsun.dto.order.ThirdOrderResponseBO37#37",
		"@value":{}
	},
	{
		"@type":"vip.joinsun.dto.order.ThirdOrderResponseBO38#38",
		"@value":{}
	},
	{
		"@type":"vip.joinsun.dto.order.ThirdOrderResponseBO39#39",
		"@value":{}
	},
	{
		"@type":"vip.joinsun.dto.order.ThirdOrderResponseBO40#40",
		"@value":{}
	},
	{
		"@type":"vip.joinsun.dto.order.ThirdOrderResponseBO41#41",
		"@value":{}
	},
	{
		"@type":"vip.joinsun.dto.order.ThirdOrderResponseBO42#42",
		"@value":{}
	},
	{
		"@type":"vip.joinsun.dto.order.ThirdOrderResponseBO43#43",
		"@value":{}
	},
	{
		"@type":"vip.joinsun.dto.order.ThirdOrderResponseBO44#44",
		"@value":{}
	},
	{
		"@type":"vip.joinsun.dto.order.ThirdOrderResponseBO45#45",
		"@value":{}
	},
	{
		"@type":"vip.joinsun.dto.order.ThirdOrderResponseBO46#46",
		"@value":{}
	},
	{
		"@type":"vip.joinsun.dto.order.ThirdOrderResponseBO47#47",
		"@value":{}
	},
	{
		"@type":"vip.joinsun.dto.order.ThirdOrderResponseBO48#48",
		"@value":{}
	},
	{
		"@type":"vip.joinsun.dto.order.ThirdOrderResponseBO49#49",
		"@value":{}
	},
	{
		"@type":"vip.joinsun.dto.order.ThirdOrderResponseBO50#50",
		"@value":{}
	},
	{
		"@type":"vip.joinsun.dto.order.ThirdOrderResponseBO51#51",
		"@value":{}
	},
	{
		"@type":"vip.joinsun.dto.order.ThirdOrderResponseBO52#52",
		"@value":{}
	},
	{
		"@type":"vip.joinsun.dto.order.ThirdOrderResponseBO53#53",
		"@value":{}
	},
	{
		"@type":"vip.joinsun.dto.order.ThirdOrderResponseBO54#54",
		"@value":{}
	},
	{
		"@type":"vip.joinsun.dto.order.ThirdOrderResponseBO55#55",
		"@value":{}
	},
	{
		"@type":"vip.joinsun.dto.order.ThirdOrderResponseBO56#56",
		"@value":{}
	},
	{
		"@type":"vip.joinsun.dto.order.ThirdOrderResponseBO57#57",
		"@value":{}
	},
	{
		"@type":"vip.joinsun.dto.order.ThirdOrderResponseBO58#58",
		"@value":{}
	},
	{
		"@type":"vip.joinsun.dto.order.ThirdOrderResponseBO59#59",
		"@value":{}
	},
	{
		"@type":"vip.joinsun.dto.order.ThirdOrderResponseBO60#60",
		"@value":{}
	},
	{
		"@type":"vip.joinsun.dto.order.ThirdOrderResponseBO61#61",
		"@value":{}
	},
	{
		"@type":"vip.joinsun.dto.order.ThirdOrderResponseBO62#62",
		"@value":{}
	},
	{
		"@type":"vip.joinsun.dto.order.ThirdOrderResponseBO63#63",
		"@value":{}
	},
	{
		"@type":"vip.joinsun.dto.order.ThirdOrderResponseBO64#64",
		"@value":{}
	},
	{
		"@type":"vip.joinsun.dto.order.ThirdOrderResponseBO65#65",
		"@value":{}
	},
	{
		"@type":"vip.joinsun.dto.order.ThirdOrderResponseBO66#66",
		"@value":{}
	},
	{
		"@type":"vip.joinsun.dto.order.ThirdOrderResponseBO67#67",
		"@value":{}
	},
	{
		"@type":"vip.joinsun.dto.order.ThirdOrderResponseBO68#68",
		"@value":{}
	},
	{
		"@type":"vip.joinsun.dto.order.ThirdOrderResponseBO69#69",
		"@value":{}
	},
	{
		"@type":"vip.joinsun.dto.order.ThirdOrderResponseBO70#70",
		"@value":{}
	},
	{
		"@type":"vip.joinsun.dto.order.ThirdOrderResponseBO71#71",
		"@value":{}
	},
	{
		"@type":"vip.joinsun.dto.order.ThirdOrderResponseBO72#72",
		"@value":{}
	},
	{
		"@type":"vip.joinsun.dto.order.ThirdOrderResponseBO73#73",
		"@value":{}
	},
	{
		"@type":"vip.joinsun.dto.order.ThirdOrderResponseBO74#74",
		"@value":{}
	},
	{
		"@type":"vip.joinsun.dto.order.ThirdOrderResponseBO75#75",
		"@value":{}
	},
	{
		"@type":"vip.joinsun.dto.order.ThirdOrderResponseBO76#76",
		"@value":{}
	},
	{
		"@type":"vip.joinsun.dto.order.ThirdOrderResponseBO77#77",
		"@value":{}
	},
	{
		"@type":"vip.joinsun.dto.order.ThirdOrderResponseBO78#78",
		"@value":{}
	},
	{
		"@type":"vip.joinsun.dto.order.ThirdOrderResponseBO79#79",
		"@value":{}
	},
	{
		"@type":"vip.joinsun.dto.order.ThirdOrderResponseBO80#80",
		"@value":{}
	},
	{
		"@type":"vip.joinsun.dto.order.ThirdOrderResponseBO81#81",
		"@value":{}
	},
	{
		"@type":"vip.joinsun.dto.order.ThirdOrderResponseBO82#82",
		"@value":{}
	},
	{
		"@type":"vip.joinsun.dto.order.ThirdOrderResponseBO83#83",
		"@value":{}
	},
	{
		"@type":"vip.joinsun.dto.order.ThirdOrderResponseBO84#84",
		"@value":{}
	},
	{
		"@type":"vip.joinsun.dto.order.ThirdOrderResponseBO85#85",
		"@value":{}
	},
	{
		"@type":"vip.joinsun.dto.order.ThirdOrderResponseBO86#86",
		"@value":{}
	},
	{
		"@type":"vip.joinsun.dto.order.ThirdOrderResponseBO87#87",
		"@value":{}
	},
	{
		"@type":"vip.joinsun.dto.order.ThirdOrderResponseBO88#88",
		"@value":{}
	},
	{
		"@type":"vip.joinsun.dto.order.ThirdOrderResponseBO89#89",
		"@value":{}
	},
	{
		"@type":"vip.joinsun.dto.order.ThirdOrderResponseBO90#90",
		"@value":{}
	},
	{
		"@type":"vip.joinsun.dto.order.ThirdOrderResponseBO91#91",
		"@value":{}
	},
	{
		"@type":"vip.joinsun.dto.order.ThirdOrderResponseBO92#92",
		"@value":{}
	},
	{
		"@type":"vip.joinsun.dto.order.ThirdOrderResponseBO93#93",
		"@value":{}
	},
	{
		"@type":"vip.joinsun.dto.order.ThirdOrderResponseBO94#94",
		"@value":{}
	},
	{
		"@type":"vip.joinsun.dto.order.ThirdOrderResponseBO95#95",
		"@value":{}
	},
	{
		"@type":"vip.joinsun.dto.order.ThirdOrderResponseBO96#96",
		"@value":{}
	},
	{
		"@type":"vip.joinsun.dto.order.ThirdOrderResponseBO97#97",
		"@value":{}
	},
	{
		"@type":"vip.joinsun.dto.order.ThirdOrderResponseBO98#98",
		"@value":{}
	},
	{
		"@type":"vip.joinsun.dto.order.ThirdOrderResponseBO99#99",
		"@value":{}
	},
	{
		"@type":"vip.joinsun.dto.order.ThirdOrderResponseBO100#100",
		"@value":{}
	},
	{
		"@type":"vip.joinsun.dto.order.ThirdOrderResponseBO101#101",
		"@value":{}
	},
	{
		"@type":"vip.joinsun.dto.order.ThirdOrderResponseBO102#102",
		"@value":{}
	},
	{
		"@type":"vip.joinsun.dto.order.ThirdOrderResponseBO103#103",
		"@value":{}
	},
	{
		"@type":"vip.joinsun.dto.order.ThirdOrderResponseBO104#104",
		"@value":{}
	},
	{
		"@type":"vip.joinsun.dto.order.ThirdOrderResponseBO105#105",
		"@value":{}
	},
	{
		"@type":"vip.joinsun.dto.order.ThirdOrderResponseBO106#106",
		"@value":{}
	},
	{
		"@type":"vip.joinsun.dto.order.ThirdOrderResponseBO107#107",
		"@value":{}
	},
	{
		"@type":"vip.joinsun.dto.order.ThirdOrderResponseBO108#108",
		"@value":{}
	},
	{
		"@type":"vip.joinsun.dto.order.ThirdOrderResponseBO109#109",
		"@value":{}
	},
	{
		"@type":"vip.joinsun.dto.order.ThirdOrderResponseBO110#110",
		"@value":{}
	},
	{
		"@type":"vip.joinsun.dto.order.ThirdOrderResponseBO111#111",
		"@value":{}
	},
	{
		"@type":"vip.joinsun.dto.order.ThirdOrderResponseBO112#112",
		"@value":{}
	},
	{
		"@type":"vip.joinsun.dto.order.ThirdOrderResponseBO113#113",
		"@value":{}
	},
	{
		"@type":"vip.joinsun.dto.order.ThirdOrderResponseBO114#114",
		"@value":{}
	},
	{
		"@type":"vip.joinsun.dto.order.ThirdOrderResponseBO115#115",
		"@value":{}
	},
	{
		"@type":"vip.joinsun.dto.order.ThirdOrderResponseBO116#116",
		"@value":{}
	},
	{
		"@type":"vip.joinsun.dto.order.ThirdOrderResponseBO117#117",
		"@value":{}
	},
	{
		"@type":"vip.joinsun.dto.order.ThirdOrderResponseBO118#118",
		"@value":{}
	},
	{
		"@type":"vip.joinsun.dto.order.ThirdOrderResponseBO119#119",
		"@value":{}
	},
	{
		"@type":"vip.joinsun.dto.order.ThirdOrderResponseBO120#120",
		"@value":{}
	},
	{
		"@type":"vip.joinsun.dto.order.ThirdOrderResponseBO121#121",
		"@value":{}
	},
	{
		"@type":"vip.joinsun.dto.order.ThirdOrderResponseBO122#122",
		"@value":{}
	},
	{
		"@type":"vip.joinsun.dto.order.ThirdOrderResponseBO123#123",
		"@value":{}
	},
	{
		"@type":"vip.joinsun.dto.order.ThirdOrderResponseBO124#124",
		"@value":{}
	},
	{
		"@type":"vip.joinsun.dto.order.ThirdOrderResponseBO125#125",
		"@value":{}
	},
	{
		"@type":"vip.joinsun.dto.order.ThirdOrderResponseBO126#126",
		"@value":{}
	},
	{
		"@type":"vip.joinsun.dto.order.ThirdOrderResponseBO127#127",
		"@value":{}
	},
	{
		"@type":"vip.joinsun.dto.order.ThirdOrderResponseBO128#128",
		"@value":{}
	},
	{
		"@type":"vip.joinsun.dto.order.ThirdOrderResponseBO129#129",
		"@value":{}
	},
	{
		"@type":"vip.joinsun.dto.order.ThirdOrderResponseBO130#130",
		"@value":{}
	},
	{
		"@type":"vip.joinsun.dto.order.ThirdOrderResponseBO131#131",
		"@value":{}
	},
	{
		"@type":"vip.joinsun.dto.order.ThirdOrderResponseBO132#132",
		"@value":{}
	},
	{
		"@type":"vip.joinsun.dto.order.ThirdOrderResponseBO133#133",
		"@value":{}
	},
	{
		"@type":"vip.joinsun.dto.order.ThirdOrderResponseBO134#134",
		"@value":{}
	},
	{
		"@type":"vip.joinsun.dto.order.ThirdOrderResponseBO135#135",
		"@value":{}
	},
	{
		"@type":"vip.joinsun.dto.order.ThirdOrderResponseBO136#136",
		"@value":{}
	},
	{
		"@type":"vip.joinsun.dto.goods.ProjectGoodsSkuDTO#137",
		"@value":{}
	}
]
{
	"id":"id#0",
	"id":"#0"
}
{
	"value":""
}
{
	"value":""
}
123
Result1: "abc"
Result2: "hij"
Result: "cde"
Result: "de"

Oct 07, 2026 12:32:46 AM org.javamoney.moneta.DefaultMonetaryContextFactory createMonetaryContextNonNullConfig
INFO: Using custom MathContext: precision=256, roundingMode=HALF_EVEN
{"name2":["name2_0","name2_1"]}
{
	"color":{
		"name":"red"
	}
}
{
	"color":{
		"name":"red"
	}
}
{
	"@type":"java.time.format.DateTimeParseException#0",
	"@value":{
		"detailMessage#1":"msg",
		"parsedString#2":"input",
		"stackTrace#3":[
			{
				"fileName#4":"DubboTest4.java",
				"lineNumber#5":209,
				"className#6":"com.alibaba.fastjson2.dubbo.DubboTest4",
				"methodName#7":"testDateTimeParseException"
			},
			{
				"#4":"DirectMethodHandleAccessor.java",
				"#5":104,
				"#6":"jdk.internal.reflect.DirectMethodHandleAccessor",
				"#7":"invoke"
			},
			{
				"#4":"Method.java",
				"#5":565,
				"#6":"java.lang.reflect.Method",
				"#7":"invoke"
			},
			{
				"#4":"ReflectionUtils.java",
				"#5":787,
				"#6":"org.junit.platform.commons.util.ReflectionUtils",
				"#7":"invokeMethod"
			},
			{
				"#4":"ReflectionSupport.java",
				"#5":478,
				"#6":"org.junit.platform.commons.support.ReflectionSupport",
				"#7":"invokeMethod"
			},
			{
				"#4":"MethodInvocation.java",
				"#5":60,
				"#6":"org.junit.jupiter.engine.execution.MethodInvocation",
				"#7":"proceed"
			},
			{
				"#4":"InvocationInterceptorChain.java",
				"#5":131,
				"#6":"org.junit.jupiter.engine.execution.InvocationInterceptorChain$ValidatingInvocation",
				"#7":"proceed"
			},
			{
				"#4":"TimeoutExtension.java",
				"#5":161,
				"#6":"org.junit.jupiter.engine.extension.TimeoutExtension",
				"#7":"intercept"
			},
			{
				"#4":"TimeoutExtension.java",
				"#5":152,
				"#6":"org.junit.jupiter.engine.extension.TimeoutExtension",
				"#7":"interceptTestableMethod"
			},
			{
				"#4":"TimeoutExtension.java",
				"#5":91,
				"#6":"org.junit.jupiter.engine.extension.TimeoutExtension",
				"#7":"interceptTestMethod"
			},
			{
				"#4":"InterceptingExecutableInvoker.java",
				"#5":112,
				"#6":"org.junit.jupiter.engine.execution.InterceptingExecutableInvoker$ReflectiveInterceptorCall",
				"#7":"lambda$ofVoidMethod$0"
			},
			{
				"#4":"InterceptingExecutableInvoker.java",
				"#5":94,
				"#6":"org.junit.jupiter.engine.execution.InterceptingExecutableInvoker",
				"#7":"lambda$invoke$0"
			},
			{
				"#4":"InvocationInterceptorChain.java",
				"#5":106,
				"#6":"org.junit.jupiter.engine.execution.InvocationInterceptorChain$InterceptedInvocation",
				"#7":"proceed"
			},
			{
				"#4":"InvocationInterceptorChain.java",
				"#5":64,
				"#6":"org.junit.jupiter.engine.execution.InvocationInterceptorChain",
				"#7":"proceed"
			},
			{
				"#4":"InvocationInterceptorChain.java",
				"#5":45,
				"#6":"org.junit.jupiter.engine.execution.InvocationInterceptorChain",
				"#7":"chainAndInvoke"
			},
			{
				"#4":"InvocationInterceptorChain.java",
				"#5":37,
				"#6":"org.junit.jupiter.engine.execution.InvocationInterceptorChain",
				"#7":"invoke"
			},
			{
				"#4":"InterceptingExecutableInvoker.java",
				"#5":93,
				"#6":"org.junit.jupiter.engine.execution.InterceptingExecutableInvoker",
				"#7":"invoke"
			},
			{
				"#4":"InterceptingExecutableInvoker.java",
				"#5":87,
				"#6":"org.junit.jupiter.engine.execution.InterceptingExecutableInvoker",
				"#7":"invoke"
			},
			{
				"#4":"TestMethodTestDescriptor.java",
				"#5":221,
				"#6":"org.junit.jupiter.engine.descriptor.TestMethodTestDescriptor",
				"#7":"lambda$invokeTestMethod$4"
			},
			{
				"#4":"ThrowableCollector.java",
				"#5":73,
				"#6":"org.junit.platform.engine.support.hierarchical.ThrowableCollector",
				"#7":"execute"
			},
			{
				"#4":"TestMethodTestDescriptor.java",
				"#5":217,
				"#6":"org.junit.jupiter.engine.descriptor.TestMethodTestDescriptor",
				"#7":"invokeTestMethod"
			},
			{
				"#4":"TestMethodTestDescriptor.java",
				"#5":159,
				"#6":"org.junit.jupiter.engine.descriptor.TestMethodTestDescriptor",
				"#7":"execute"
			},
			{
				"#4":"TestMethodTestDescriptor.java",
				"#5":70,
				"#6":"org.junit.jupiter.engine.descriptor.TestMethodTestDescriptor",
				"#7":"execute"
			},
			{
				"#4":"NodeTestTask.java",
				"#5":157,
				"#6":"org.junit.platform.engine.support.hierarchical.NodeTestTask",
				"#7":"lambda$executeRecursively$6"
			},
			{
				"#4":"ThrowableCollector.java",
				"#5":73,
				"#6":"org.junit.platform.engine.support.hierarchical.ThrowableCollector",
				"#7":"execute"
			},
			{
				"#4":"NodeTestTask.java",
				"#5":147,
				"#6":"org.junit.platform.engine.support.hierarchical.NodeTestTask",
				"#7":"lambda$executeRecursively$8"
			},
			{
				"#4":"Node.java",
				"#5":137,
				"#6":"org.junit.platform.engine.support.hierarchical.Node",
				"#7":"around"
			},
			{
				"#4":"NodeTestTask.java",
				"#5":145,
				"#6":"org.junit.platform.engine.support.hierarchical.NodeTestTask",
				"#7":"lambda$executeRecursively$9"
			},
			{
				"#4":"ThrowableCollector.java",
				"#5":73,
				"#6":"org.junit.platform.engine.support.hierarchical.ThrowableCollector",
				"#7":"execute"
			},
			{
				"#4":"NodeTestTask.java",
				"#5":144,
				"#6":"org.junit.platform.engine.support.hierarchical.NodeTestTask",
				"#7":"executeRecursively"
			},
			{
				"#4":"NodeTestTask.java",
				"#5":101,
				"#6":"org.junit.platform.engine.support.hierarchical.NodeTestTask",
				"#7":"execute"
			},
			{
				"#4":"ArrayList.java",
				"#5":1604,
				"#6":"java.util.ArrayList",
				"#7":"forEach"
			},
			{
				"#4":"SameThreadHierarchicalTestExecutorService.java",
				"#5":41,
				"#6":"org.junit.platform.engine.support.hierarchical.SameThreadHierarchicalTestExecutorService",
				"#7":"invokeAll"
			},
			{
				"#4":"NodeTestTask.java",
				"#5":161,
				"#6":"org.junit.platform.engine.support.hierarchical.NodeTestTask",
				"#7":"lambda$executeRecursively$6"
			},
			{
				"#4":"ThrowableCollector.java",
				"#5":73,
				"#6":"org.junit.platform.engine.support.hierarchical.ThrowableCollector",
				"#7":"execute"
			},
			{
				"#4":"NodeTestTask.java",
				"#5":147,
				"#6":"org.junit.platform.engine.support.hierarchical.NodeTestTask",
				"#7":"lambda$executeRecursively$8"
			},
			{
				"#4":"Node.java",
				"#5":137,
				"#6":"org.junit.platform.engine.support.hierarchical.Node",
				"#7":"around"
			},
			{
				"#4":"NodeTestTask.java",
				"#5":145,
				"#6":"org.junit.platform.engine.support.hierarchical.NodeTestTask",
				"#7":"lambda$executeRecursively$9"
			},
			{
				"#4":"ThrowableCollector.java",
				"#5":73,
				"#6":"org.junit.platform.engine.support.hierarchical.ThrowableCollector",
				"#7":"execute"
			},
			{
				"#4":"NodeTestTask.java",
				"#5":144,
				"#6":"org.junit.platform.engine.support.hierarchical.NodeTestTask",
				"#7":"executeRecursively"
			},
			{
				"#4":"NodeTestTask.java",
				"#5":101,
				"#6":"org.junit.platform.engine.support.hierarchical.NodeTestTask",
				"#7":"execute"
			},
			{
				"#4":"ArrayList.java",
				"#5":1604,
				"#6":"java.util.ArrayList",
				"#7":"forEach"
			},
			{
				"#4":"SameThreadHierarchicalTestExecutorService.java",
				"#5":41,
				"#6":"org.junit.platform.engine.support.hierarchical.SameThreadHierarchicalTestExecutorService",
				"#7":"invokeAll"
			},
			{
				"#4":"NodeTestTask.java",
				"#5":161,
				"#6":"org.junit.platform.engine.support.hierarchical.NodeTestTask",
				"#7":"lambda$executeRecursively$6"
			},
			{
				"#4":"ThrowableCollector.java",
				"#5":73,
				"#6":"org.junit.platform.engine.support.hierarchical.ThrowableCollector",
				"#7":"execute"
			},
			{
				"#4":"NodeTestTask.java",
				"#5":147,
				"#6":"org.junit.platform.engine.support.hierarchical.NodeTestTask",
				"#7":"lambda$executeRecursively$8"
			},
			{
				"#4":"Node.java",
				"#5":137,
				"#6":"org.junit.platform.engine.support.hierarchical.Node",
				"#7":"around"
			},
			{
				"#4":"NodeTestTask.java",
				"#5":145,
				"#6":"org.junit.platform.engine.support.hierarchical.NodeTestTask",
				"#7":"lambda$executeRecursively$9"
			},
			{
				"#4":"ThrowableCollector.java",
				"#5":73,
				"#6":"org.junit.platform.engine.support.hierarchical.ThrowableCollector",
				"#7":"execute"
			},
			{
				"#4":"NodeTestTask.java",
				"#5":144,
				"#6":"org.junit.platform.engine.support.hierarchical.NodeTestTask",
				"#7":"executeRecursively"
			},
			{
				"#4":"NodeTestTask.java",
				"#5":101,
				"#6":"org.junit.platform.engine.support.hierarchical.NodeTestTask",
				"#7":"execute"
			},
			{
				"#4":"SameThreadHierarchicalTestExecutorService.java",
				"#5":35,
				"#6":"org.junit.platform.engine.support.hierarchical.SameThreadHierarchicalTestExecutorService",
				"#7":"submit"
			},
			{
				"#4":"HierarchicalTestExecutor.java",
				"#5":57,
				"#6":"org.junit.platform.engine.support.hierarchical.HierarchicalTestExecutor",
				"#7":"execute"
			},
			{
				"#4":"HierarchicalTestEngine.java",
				"#5":54,
				"#6":"org.junit.platform.engine.support.hierarchical.HierarchicalTestEngine",
				"#7":"execute"
			},
			{
				"#4":"EngineExecutionOrchestrator.java",
				"#5":230,
				"#6":"org.junit.platform.launcher.core.EngineExecutionOrchestrator",
				"#7":"executeEngine"
			},
			{
				"#4":"EngineExecutionOrchestrator.java",
				"#5":204,
				"#6":"org.junit.platform.launcher.core.EngineExecutionOrchestrator",
				"#7":"failOrExecuteEngine"
			},
			{
				"#4":"EngineExecutionOrchestrator.java",
				"#5":172,
				"#6":"org.junit.platform.launcher.core.EngineExecutionOrchestrator",
				"#7":"execute"
			},
			{
				"#4":"EngineExecutionOrchestrator.java",
				"#5":101,
				"#6":"org.junit.platform.launcher.core.EngineExecutionOrchestrator",
				"#7":"execute"
			},
			{
				"#4":"EngineExecutionOrchestrator.java",
				"#5":64,
				"#6":"org.junit.platform.launcher.core.EngineExecutionOrchestrator",
				"#7":"lambda$execute$0"
			},
			{
				"#4":"EngineExecutionOrchestrator.java",
				"#5":150,
				"#6":"org.junit.platform.launcher.core.EngineExecutionOrchestrator",
				"#7":"withInterceptedStreams"
			},
			{
				"#4":"EngineExecutionOrchestrator.java",
				"#5":63,
				"#6":"org.junit.platform.launcher.core.EngineExecutionOrchestrator",
				"#7":"execute"
			},
			{
				"#4":"DefaultLauncher.java",
				"#5":109,
				"#6":"org.junit.platform.launcher.core.DefaultLauncher",
				"#7":"execute"
			},
			{
				"#4":"DefaultLauncher.java",
				"#5":91,
				"#6":"org.junit.platform.launcher.core.DefaultLauncher",
				"#7":"execute"
			},
			{
				"#4":"DelegatingLauncher.java",
				"#5":47,
				"#6":"org.junit.platform.launcher.core.DelegatingLauncher",
				"#7":"execute"
			},
			{
				"#4":"InterceptingLauncher.java",
				"#5":39,
				"#6":"org.junit.platform.launcher.core.InterceptingLauncher",
				"#7":"lambda$execute$1"
			},
			{
				"#4":"ClasspathAlignmentCheckingLauncherInterceptor.java",
				"#5":25,
				"#6":"org.junit.platform.launcher.core.ClasspathAlignmentCheckingLauncherInterceptor",
				"#7":"intercept"
			},
			{
				"#4":"InterceptingLauncher.java",
				"#5":38,
				"#6":"org.junit.platform.launcher.core.InterceptingLauncher",
				"#7":"execute"
			},
			{
				"#4":"DelegatingLauncher.java",
				"#5":47,
				"#6":"org.junit.platform.launcher.core.DelegatingLauncher",
				"#7":"execute"
			},
			{
				"#4":"LazyLauncher.java",
				"#5":56,
				"#6":"org.apache.maven.surefire.junitplatform.LazyLauncher",
				"#7":"execute"
			},
			{
				"#4":"JUnitPlatformProvider.java",
				"#5":194,
				"#6":"org.apache.maven.surefire.junitplatform.JUnitPlatformProvider",
				"#7":"execute"
			},
			{
				"#4":"JUnitPlatformProvider.java",
				"#5":150,
				"#6":"org.apache.maven.surefire.junitplatform.JUnitPlatformProvider",
				"#7":"invokeAllTests"
			},
			{
				"#4":"JUnitPlatformProvider.java",
				"#5":124,
				"#6":"org.apache.maven.surefire.junitplatform.JUnitPlatformProvider",
				"#7":"invoke"
			},
			{
				"#4":"ForkedBooter.java",
				"#5":385,
				"#6":"org.apache.maven.surefire.booter.ForkedBooter",
				"#7":"runSuitesInProcess"
			},
			{
				"#4":"ForkedBooter.java",
				"#5":162,
				"#6":"org.apache.maven.surefire.booter.ForkedBooter",
				"#7":"execute"
			},
			{
				"#4":"ForkedBooter.java",
				"#5":507,
				"#6":"org.apache.maven.surefire.booter.ForkedBooter",
				"#7":"run"
			},
			{
				"#4":"ForkedBooter.java",
				"#5":495,
				"#6":"org.apache.maven.surefire.booter.ForkedBooter",
				"#7":"main"
			}
		],
		"suppressedExceptions#8":{
			"@type":"java.util.Collections$EmptyList#9",
			"@value":[]
		}
	}
}
{
	"@type":"org.apache.dubbo.springboot.demo.ServiceException",
	"cause":{
		"@type":"org.apache.dubbo.springboot.demo.BusinessException",
		"message":"报错啦。。",
		"stackTrace":[
			{
				"fileName":"DemoServiceImpl.java",
				"lineNumber":42,
				"className":"org.apache.dubbo.springboot.demo.provider.DemoServiceImpl",
				"methodName":"sayHello"
			},
			{
				"fileName":"DemoServiceImplDubboWrap0.java",
				"lineNumber":-1,
				"className":"org.apache.dubbo.springboot.demo.provider.DemoServiceImplDubboWrap0",
				"methodName":"invokeMethod"
			},
			{
				"fileName":"JavassistProxyFactory.java",
				"lineNumber":73,
				"className":"org.apache.dubbo.rpc.proxy.javassist.JavassistProxyFactory$1",
				"methodName":"doInvoke"
			},
			{
				"fileName":"AbstractProxyInvoker.java",
				"lineNumber":100,
				"className":"org.apache.dubbo.rpc.proxy.AbstractProxyInvoker",
				"methodName":"invoke"
			},
			{
				"fileName":"DelegateProviderMetaDataInvoker.java",
				"lineNumber":55,
				"className":"org.apache.dubbo.config.invoker.DelegateProviderMetaDataInvoker",
				"methodName":"invoke"
			},
			{
				"fileName":"InvokerWrapper.java",
				"lineNumber":56,
				"className":"org.apache.dubbo.rpc.protocol.InvokerWrapper",
				"methodName":"invoke"
			},
			{
				"fileName":"ClassLoaderCallbackFilter.java",
				"lineNumber":38,
				"className":"org.apache.dubbo.rpc.filter.ClassLoaderCallbackFilter",
				"methodName":"invoke"
			},
			{
				"fileName":"FilterChainBuilder.java",
				"lineNumber":327,
				"className":"org.apache.dubbo.rpc.cluster.filter.FilterChainBuilder$CopyOfFilterChainNode",
				"methodName":"invoke"
			},
			{
				"fileName":"TraceFilter.java",
				"lineNumber":79,
				"className":"org.apache.dubbo.rpc.protocol.dubbo.filter.TraceFilter",
				"methodName":"invoke"
			},
			{
				"fileName":"FilterChainBuilder.java",
				"lineNumber":327,
				"className":"org.apache.dubbo.rpc.cluster.filter.FilterChainBuilder$CopyOfFilterChainNode",
				"methodName":"invoke"
			},
			{
				"fileName":"TimeoutFilter.java",
				"lineNumber":44,
				"className":"org.apache.dubbo.rpc.filter.TimeoutFilter",
				"methodName":"invoke"
			},
			{
				"fileName":"FilterChainBuilder.java",
				"lineNumber":327,
				"className":"org.apache.dubbo.rpc.cluster.filter.FilterChainBuilder$CopyOfFilterChainNode",
				"methodName":"invoke"
			},
			{
				"fileName":"MonitorFilter.java",
				"lineNumber":100,
				"className":"org.apache.dubbo.monitor.support.MonitorFilter",
				"methodName":"invoke"
			},
			{
				"fileName":"FilterChainBuilder.java",
				"lineNumber":327,
				"className":"org.apache.dubbo.rpc.cluster.filter.FilterChainBuilder$CopyOfFilterChainNode",
				"methodName":"invoke"
			},
			{
				"fileName":"ExceptionFilter.java",
				"lineNumber":54,
				"className":"org.apache.dubbo.rpc.filter.ExceptionFilter",
				"methodName":"invoke"
			},
			{
				"fileName":"FilterChainBuilder.java",
				"lineNumber":327,
				"className":"org.apache.dubbo.rpc.cluster.filter.FilterChainBuilder$CopyOfFilterChainNode",
				"methodName":"invoke"
			},
			{
				"fileName":"DubboExceptionFilter.java",
				"lineNumber":32,
				"className":"org.apache.dubbo.springboot.demo.provider.DubboExceptionFilter",
				"methodName":"invoke"
			},
			{
				"fileName":"FilterChainBuilder.java",
				"lineNumber":327,
				"className":"org.apache.dubbo.rpc.cluster.filter.FilterChainBuilder$CopyOfFilterChainNode",
				"methodName":"invoke"
			},
			{
				"fileName":"GenericFilter.java",
				"lineNumber":192,
				"className":"org.apache.dubbo.rpc.filter.GenericFilter",
				"methodName":"invoke"
			},
			{
				"fileName":"FilterChainBuilder.java",
				"lineNumber":327,
				"className":"org.apache.dubbo.rpc.cluster.filter.FilterChainBuilder$CopyOfFilterChainNode",
				"methodName":"invoke"
			},
			{
				"fileName":"ClassLoaderFilter.java",
				"lineNumber":54,
				"className":"org.apache.dubbo.rpc.filter.ClassLoaderFilter",
				"methodName":"invoke"
			},
			{
				"fileName":"FilterChainBuilder.java",
				"lineNumber":327,
				"className":"org.apache.dubbo.rpc.cluster.filter.FilterChainBuilder$CopyOfFilterChainNode",
				"methodName":"invoke"
			},
			{
				"fileName":"EchoFilter.java",
				"lineNumber":41,
				"className":"org.apache.dubbo.rpc.filter.EchoFilter",
				"methodName":"invoke"
			},
			{
				"fileName":"FilterChainBuilder.java",
				"lineNumber":327,
				"className":"org.apache.dubbo.rpc.cluster.filter.FilterChainBuilder$CopyOfFilterChainNode",
				"methodName":"invoke"
			},
			{
				"fileName":"ProfilerServerFilter.java",
				"lineNumber":58,
				"className":"org.apache.dubbo.rpc.filter.ProfilerServerFilter",
				"methodName":"invoke"
			},
			{
				"fileName":"FilterChainBuilder.java",
				"lineNumber":327,
				"className":"org.apache.dubbo.rpc.cluster.filter.FilterChainBuilder$CopyOfFilterChainNode",
				"methodName":"invoke"
			},
			{
				"fileName":"ContextFilter.java",
				"lineNumber":133,
				"className":"org.apache.dubbo.rpc.filter.ContextFilter",
				"methodName":"invoke"
			},
			{
				"fileName":"FilterChainBuilder.java",
				"lineNumber":327,
				"className":"org.apache.dubbo.rpc.cluster.filter.FilterChainBuilder$CopyOfFilterChainNode",
				"methodName":"invoke"
			},
			{
				"fileName":"FilterChainBuilder.java",
				"lineNumber":194,
				"className":"org.apache.dubbo.rpc.cluster.filter.FilterChainBuilder$CallbackRegistrationInvoker",
				"methodName":"invoke"
			},
			{
				"fileName":"DubboProtocol.java",
				"lineNumber":156,
				"className":"org.apache.dubbo.rpc.protocol.dubbo.DubboProtocol$1",
				"methodName":"reply"
			},
			{
				"fileName":"HeaderExchangeHandler.java",
				"lineNumber":102,
				"className":"org.apache.dubbo.remoting.exchange.support.header.HeaderExchangeHandler",
				"methodName":"handleRequest"
			},
			{
				"fileName":"HeaderExchangeHandler.java",
				"lineNumber":177,
				"className":"org.apache.dubbo.remoting.exchange.support.header.HeaderExchangeHandler",
				"methodName":"received"
			},
			{
				"fileName":"DecodeHandler.java",
				"lineNumber":53,
				"className":"org.apache.dubbo.remoting.transport.DecodeHandler",
				"methodName":"received"
			},
			{
				"fileName":"ChannelEventRunnable.java",
				"lineNumber":62,
				"className":"org.apache.dubbo.remoting.transport.dispatcher.ChannelEventRunnable",
				"methodName":"run"
			},
			{
				"fileName":"ThreadPoolExecutor.java",
				"lineNumber":1149,
				"className":"java.util.concurrent.ThreadPoolExecutor",
				"methodName":"runWorker"
			},
			{
				"fileName":"ThreadPoolExecutor.java",
				"lineNumber":624,
				"className":"java.util.concurrent.ThreadPoolExecutor$Worker",
				"methodName":"run"
			},
			{
				"fileName":"InternalRunnable.java",
				"lineNumber":41,
				"className":"org.apache.dubbo.common.threadlocal.InternalRunnable",
				"methodName":"run"
			},
			{
				"fileName":"Thread.java",
				"lineNumber":748,
				"className":"java.lang.Thread",
				"methodName":"run"
			}
		],
		"suppressedExceptions":{
			"@type":"java.util.Collections$UnmodifiableRandomAccessList",
			"@value":[]
		}
	},
	"detailMessage":"org.apache.dubbo.springboot.demo.BusinessException: 报错啦。。",
	"stackTrace":[
		{
			"fileName":"DubboExceptionFilter.java",
			"lineNumber":41,
			"className":"org.apache.dubbo.springboot.demo.provider.DubboExceptionFilter",
			"methodName":"onResponse"
		},
		{
			"fileName":"FilterChainBuilder.java",
			"lineNumber":218,
			"className":"org.apache.dubbo.rpc.cluster.filter.FilterChainBuilder$CallbackRegistrationInvoker",
			"methodName":"lambda$invoke$1"
		},
		{
			"fileName":"AsyncRpcResult.java",
			"lineNumber":216,
			"className":"org.apache.dubbo.rpc.AsyncRpcResult",
			"methodName":"lambda$whenCompleteWithContext$0"
		},
		{
			"fileName":"CompletableFuture.java",
			"lineNumber":774,
			"className":"java.util.concurrent.CompletableFuture",
			"methodName":"uniWhenComplete"
		},
		{
			"fileName":"CompletableFuture.java",
			"lineNumber":792,
			"className":"java.util.concurrent.CompletableFuture",
			"methodName":"uniWhenCompleteStage"
		},
		{
			"fileName":"CompletableFuture.java",
			"lineNumber":2153,
			"className":"java.util.concurrent.CompletableFuture",
			"methodName":"whenComplete"
		},
		{
			"fileName":"AsyncRpcResult.java",
			"lineNumber":212,
			"className":"org.apache.dubbo.rpc.AsyncRpcResult",
			"methodName":"whenCompleteWithContext"
		},
		{
			"fileName":"FilterChainBuilder.java",
			"lineNumber":195,
			"className":"org.apache.dubbo.rpc.cluster.filter.FilterChainBuilder$CallbackRegistrationInvoker",
			"methodName":"invoke"
		},
		{
			"fileName":"DubboProtocol.java",
			"lineNumber":156,
			"className":"org.apache.dubbo.rpc.protocol.dubbo.DubboProtocol$1",
			"methodName":"reply"
		},
		{
			"fileName":"HeaderExchangeHandler.java",
			"lineNumber":102,
			"className":"org.apache.dubbo.remoting.exchange.support.header.HeaderExchangeHandler",
			"methodName":"handleRequest"
		},
		{
			"fileName":"HeaderExchangeHandler.java",
			"lineNumber":177,
			"className":"org.apache.dubbo.remoting.exchange.support.header.HeaderExchangeHandler",
			"methodName":"received"
		},
		{
			"fileName":"DecodeHandler.java",
			"lineNumber":53,
			"className":"org.apache.dubbo.remoting.transport.DecodeHandler",
			"methodName":"received"
		},
		{
			"fileName":"ChannelEventRunnable.java",
			"lineNumber":62,
			"className":"org.apache.dubbo.remoting.transport.dispatcher.ChannelEventRunnable",
			"methodName":"run"
		},
		{
			"fileName":"ThreadPoolExecutor.java",
			"lineNumber":1149,
			"className":"java.util.concurrent.ThreadPoolExecutor",
			"methodName":"runWorker"
		},
		{
			"fileName":"ThreadPoolExecutor.java",
			"lineNumber":624,
			"className":"java.util.concurrent.ThreadPoolExecutor$Worker",
			"methodName":"run"
		},
		{
			"fileName":"InternalRunnable.java",
			"lineNumber":41,
			"className":"org.apache.dubbo.common.threadlocal.InternalRunnable",
			"methodName":"run"
		},
		{
			"fileName":"Thread.java",
			"lineNumber":748,
			"className":"java.lang.Thread",
			"methodName":"run"
		}
	],
	"suppressedExceptions":{"$ref":"$.cause.suppressedExceptions"}
}
{
	"innerObject":{
		"innerB":234,
		"innerA":"v1",
		"class":"org.apache.dubbo.service.ComplexObject$InnerObject"
	}
}
{
	"@type":"com.alibaba.fastjson2.dubbo.DubboTest0$Pojo#0",
	"@value":{
		"parentClass#1":{
			"@type":"com.alibaba.fastjson2.dubbo.DubboTest0$ChildClass#2",
			"@value":{
				"param#3":"param"
			}
		}
	}
}
{
	"type":"java.lang.String"
}
{
	"bool":false,
	"card":{
		"id":"",
		"level":"C1",
		"levelValue":0,
		"years":0
	},
	"cardOrBuilder":{
		"id":"",
		"level":"C1",
		"levelValue":0,
		"years":0
	},
	"cardsCount":0,
	"cardsList":[
		
	],
	"cardsOrBuilderList":[
		
	],
	"cardsmap":{},
	"cardsmapCount":0,
	"cardsmapMap":{},
	"double":0.0,
	"fixed32":0,
	"fixed64":0,
	"float":0.0,
	"int32":0,
	"int64":0,
	"sfixed32":0,
	"sfixed64":0,
	"sint32":0,
	"sint64":0,
	"string":"some string from client",
	"uint32":0,
	"uint64":0
}
{
	"@type":"org.apache.dubbo.rpc.service.GenericException#0",
	"@value":{
		"exceptionClass#1":"",
		"exceptionMessage#2":"",
		"genericExceptionInfo#3":{
			"exClass#4":"",
			"exMsg#5":"",
			"msg#6":"",
			"stackTrace#7":[
				{
					"fileName#8":"FastJson2ObjectInput.java",
					"lineNumber#9":110,
					"className#10":"org.apache.dubbo.common.serialize.fastjson2.FastJson2ObjectInput",
					"methodName#11":"readObject"
				},
				{
					"#8":"FastJson2ObjectInput.java",
					"#9":98,
					"#10":"org.apache.dubbo.common.serialize.fastjson2.FastJson2ObjectInput",
					"#11":"readObject"
				},
				{
					"#8":"ObjectInput.java",
					"#9":74,
					"#10":"org.apache.dubbo.common.serialize.ObjectInput",
					"#11":"readThrowable"
				},
				{
					"#8":"DecodeableRpcResult.java",
					"#9":171,
					"#10":"org.apache.dubbo.rpc.protocol.dubbo.DecodeableRpcResult",
					"#11":"handleException"
				},
				{
					"#8":"DecodeableRpcResult.java",
					"#9":110,
					"#10":"org.apache.dubbo.rpc.protocol.dubbo.DecodeableRpcResult",
					"#11":"decode"
				},
				{
					"#8":"DecodeableRpcResult.java",
					"#9":138,
					"#10":"org.apache.dubbo.rpc.protocol.dubbo.DecodeableRpcResult",
					"#11":"decode"
				},
				{
					"#8":"DecodeHandler.java",
					"#9":62,
					"#10":"org.apache.dubbo.remoting.transport.DecodeHandler",
					"#11":"decode"
				},
				{
					"#8":"DecodeHandler.java",
					"#9":50,
					"#10":"org.apache.dubbo.remoting.transport.DecodeHandler",
					"#11":"received"
				},
				{
					"#8":"ChannelEventRunnable.java",
					"#9":61,
					"#10":"org.apache.dubbo.remoting.transport.dispatcher.ChannelEventRunnable",
					"#11":"run"
				},
				{
					"#8":"ThreadlessExecutor.java",
					"#9":184,
					"#10":"org.apache.dubbo.common.threadpool.ThreadlessExecutor$RunnableWrapper",
					"#11":"run"
				},
				{
					"#8":"ThreadlessExecutor.java",
					"#9":103,
					"#10":"org.apache.dubbo.common.threadpool.ThreadlessExecutor",
					"#11":"waitAndDrain"
				},
				{
					"#8":"AsyncRpcResult.java",
					"#9":194,
					"#10":"org.apache.dubbo.rpc.AsyncRpcResult",
					"#11":"get"
				},
				{
					"#8":"AbstractInvoker.java",
					"#9":277,
					"#10":"org.apache.dubbo.rpc.protocol.AbstractInvoker",
					"#11":"waitForResultIfSync"
				},
				{
					"#8":"AbstractInvoker.java",
					"#9":181,
					"#10":"org.apache.dubbo.rpc.protocol.AbstractInvoker",
					"#11":"invoke"
				},
				{
					"#8":"ListenerInvokerWrapper.java",
					"#9":70,
					"#10":"org.apache.dubbo.rpc.listener.ListenerInvokerWrapper",
					"#11":"invoke"
				},
				{
					"#8":"GenericImplFilter.java",
					"#9":102,
					"#10":"org.apache.dubbo.rpc.filter.GenericImplFilter",
					"#11":"invoke"
				},
				{
					"#8":"FilterChainBuilder.java",
					"#9":327,
					"#10":"org.apache.dubbo.rpc.cluster.filter.FilterChainBuilder$CopyOfFilterChainNode",
					"#11":"invoke"
				},
				{
					"#8":"CacheFilter.java",
					"#9":95,
					"#10":"org.apache.dubbo.cache.filter.CacheFilter",
					"#11":"invoke"
				},
				{
					"#8":"FilterChainBuilder.java",
					"#9":327,
					"#10":"org.apache.dubbo.rpc.cluster.filter.FilterChainBuilder$CopyOfFilterChainNode",
					"#11":"invoke"
				},
				{
					"#8":"FilterChainBuilder.java",
					"#9":194,
					"#10":"org.apache.dubbo.rpc.cluster.filter.FilterChainBuilder$CallbackRegistrationInvoker",
					"#11":"invoke"
				},
				{
					"#8":"AbstractClusterInvoker.java",
					"#9":379,
					"#10":"org.apache.dubbo.rpc.cluster.support.AbstractClusterInvoker",
					"#11":"invokeWithContext"
				},
				{
					"#8":"FailoverClusterInvoker.java",
					"#9":81,
					"#10":"org.apache.dubbo.rpc.cluster.support.FailoverClusterInvoker",
					"#11":"doInvoke"
				},
				{
					"#8":"AbstractClusterInvoker.java",
					"#9":341,
					"#10":"org.apache.dubbo.rpc.cluster.support.AbstractClusterInvoker",
					"#11":"invoke"
				},
				{
					"#8":"RouterSnapshotFilter.java",
					"#9":46,
					"#10":"org.apache.dubbo.rpc.cluster.router.RouterSnapshotFilter",
					"#11":"invoke"
				},
				{
					"#8":"FilterChainBuilder.java",
					"#9":327,
					"#10":"org.apache.dubbo.rpc.cluster.filter.FilterChainBuilder$CopyOfFilterChainNode",
					"#11":"invoke"
				},
				{
					"#8":"MonitorFilter.java",
					"#9":100,
					"#10":"org.apache.dubbo.monitor.support.MonitorFilter",
					"#11":"invoke"
				},
				{
					"#8":"FilterChainBuilder.java",
					"#9":327,
					"#10":"org.apache.dubbo.rpc.cluster.filter.FilterChainBuilder$CopyOfFilterChainNode",
					"#11":"invoke"
				},
				{
					"#8":"FutureFilter.java",
					"#9":52,
					"#10":"org.apache.dubbo.rpc.protocol.dubbo.filter.FutureFilter",
					"#11":"invoke"
				},
				{
					"#8":"FilterChainBuilder.java",
					"#9":327,
					"#10":"org.apache.dubbo.rpc.cluster.filter.FilterChainBuilder$CopyOfFilterChainNode",
					"#11":"invoke"
				},
				{
					"#8":"ConsumerContextFilter.java",
					"#9":108,
					"#10":"org.apache.dubbo.rpc.cluster.filter.support.ConsumerContextFilter",
					"#11":"invoke"
				},
				{
					"#8":"FilterChainBuilder.java",
					"#9":327,
					"#10":"org.apache.dubbo.rpc.cluster.filter.FilterChainBuilder$CopyOfFilterChainNode",
					"#11":"invoke"
				},
				{
					"#8":"FilterChainBuilder.java",
					"#9":194,
					"#10":"org.apache.dubbo.rpc.cluster.filter.FilterChainBuilder$CallbackRegistrationInvoker",
					"#11":"invoke"
				},
				{
					"#8":"AbstractCluster.java",
					"#9":92,
					"#10":"org.apache.dubbo.rpc.cluster.support.wrapper.AbstractCluster$ClusterFilterInvoker",
					"#11":"invoke"
				},
				{
					"#8":"MockClusterInvoker.java",
					"#9":103,
					"#10":"org.apache.dubbo.rpc.cluster.support.wrapper.MockClusterInvoker",
					"#11":"invoke"
				},
				{
					"#8":"MigrationInvoker.java",
					"#9":282,
					"#10":"org.apache.dubbo.registry.client.migration.MigrationInvoker",
					"#11":"invoke"
				},
				{
					"#8":"InvocationUtil.java",
					"#9":56,
					"#10":"org.apache.dubbo.rpc.proxy.InvocationUtil",
					"#11":"invoke"
				},
				{
					"#8":"InvokerInvocationHandler.java",
					"#9":75,
					"#10":"org.apache.dubbo.rpc.proxy.InvokerInvocationHandler",
					"#11":"invoke"
				},
				{
					"#8":"HelloServiceDubboProxy0.java",
					"#9":-1,
					"#10":"org.apache.dubbo.samples.generic.call.api.HelloServiceDubboProxy0",
					"#11":"notImplementedHello"
				},
				{
					"#8":"NativeMethodAccessorImpl.java",
					"#9":-2,
					"#10":"sun.reflect.NativeMethodAccessorImpl",
					"#11":"invoke0"
				},
				{
					"#8":"NativeMethodAccessorImpl.java",
					"#9":62,
					"#10":"sun.reflect.NativeMethodAccessorImpl",
					"#11":"invoke"
				},
				{
					"#8":"DelegatingMethodAccessorImpl.java",
					"#9":43,
					"#10":"sun.reflect.DelegatingMethodAccessorImpl",
					"#11":"invoke"
				},
				{
					"#8":"Method.java",
					"#9":498,
					"#10":"java.lang.reflect.Method",
					"#11":"invoke"
				},
				{
					"#8":"AopUtils.java",
					"#9":333,
					"#10":"org.springframework.aop.support.AopUtils",
					"#11":"invokeJoinpointUsingReflection"
				},
				{
					"#8":"JdkDynamicAopProxy.java",
					"#9":207,
					"#10":"org.springframework.aop.framework.JdkDynamicAopProxy",
					"#11":"invoke"
				},
				{
					"#8":null,
					"#9":-1,
					"#10":"com.sun.proxy.$Proxy23",
					"#11":"notImplementedHello"
				},
				{
					"#8":"HelloServiceIT.java",
					"#9":49,
					"#10":"org.apache.dubbo.samples.generic.call.HelloServiceIT",
					"#11":"testNotImplementedHello"
				},
				{
					"#8":"NativeMethodAccessorImpl.java",
					"#9":-2,
					"#10":"sun.reflect.NativeMethodAccessorImpl",
					"#11":"invoke0"
				},
				{
					"#8":"NativeMethodAccessorImpl.java",
					"#9":62,
					"#10":"sun.reflect.NativeMethodAccessorImpl",
					"#11":"invoke"
				},
				{
					"#8":"DelegatingMethodAccessorImpl.java",
					"#9":43,
					"#10":"sun.reflect.DelegatingMethodAccessorImpl",
					"#11":"invoke"
				},
				{
					"#8":"Method.java",
					"#9":498,
					"#10":"java.lang.reflect.Method",
					"#11":"invoke"
				},
				{
					"#8":"FrameworkMethod.java",
					"#9":50,
					"#10":"org.junit.runners.model.FrameworkMethod$1",
					"#11":"runReflectiveCall"
				},
				{
					"#8":"ReflectiveCallable.java",
					"#9":12,
					"#10":"org.junit.internal.runners.model.ReflectiveCallable",
					"#11":"run"
				},
				{
					"#8":"FrameworkMethod.java",
					"#9":47,
					"#10":"org.junit.runners.model.FrameworkMethod",
					"#11":"invokeExplosively"
				},
				{
					"#8":"InvokeMethod.java",
					"#9":17,
					"#10":"org.junit.internal.runners.statements.InvokeMethod",
					"#11":"evaluate"
				},
				{
					"#8":"RunBeforeTestMethodCallbacks.java",
					"#9":75,
					"#10":"org.springframework.test.context.junit4.statements.RunBeforeTestMethodCallbacks",
					"#11":"evaluate"
				},
				{
					"#8":"RunAfterTestMethodCallbacks.java",
					"#9":86,
					"#10":"org.springframework.test.context.junit4.statements.RunAfterTestMethodCallbacks",
					"#11":"evaluate"
				},
				{
					"#8":"SpringRepeat.java",
					"#9":84,
					"#10":"org.springframework.test.context.junit4.statements.SpringRepeat",
					"#11":"evaluate"
				},
				{
					"#8":"ParentRunner.java",
					"#9":325,
					"#10":"org.junit.runners.ParentRunner",
					"#11":"runLeaf"
				},
				{
					"#8":"SpringJUnit4ClassRunner.java",
					"#9":252,
					"#10":"org.springframework.test.context.junit4.SpringJUnit4ClassRunner",
					"#11":"runChild"
				},
				{
					"#8":"SpringJUnit4ClassRunner.java",
					"#9":94,
					"#10":"org.springframework.test.context.junit4.SpringJUnit4ClassRunner",
					"#11":"runChild"
				},
				{
					"#8":"ParentRunner.java",
					"#9":290,
					"#10":"org.junit.runners.ParentRunner$3",
					"#11":"run"
				},
				{
					"#8":"ParentRunner.java",
					"#9":71,
					"#10":"org.junit.runners.ParentRunner$1",
					"#11":"schedule"
				},
				{
					"#8":"ParentRunner.java",
					"#9":288,
					"#10":"org.junit.runners.ParentRunner",
					"#11":"runChildren"
				},
				{
					"#8":"ParentRunner.java",
					"#9":58,
					"#10":"org.junit.runners.ParentRunner",
					"#11":"access$000"
				},
				{
					"#8":"ParentRunner.java",
					"#9":268,
					"#10":"org.junit.runners.ParentRunner$2",
					"#11":"evaluate"
				},
				{
					"#8":"RunBeforeTestClassCallbacks.java",
					"#9":61,
					"#10":"org.springframework.test.context.junit4.statements.RunBeforeTestClassCallbacks",
					"#11":"evaluate"
				},
				{
					"#8":"RunAfterTestClassCallbacks.java",
					"#9":70,
					"#10":"org.springframework.test.context.junit4.statements.RunAfterTestClassCallbacks",
					"#11":"evaluate"
				},
				{
					"#8":"ParentRunner.java",
					"#9":363,
					"#10":"org.junit.runners.ParentRunner",
					"#11":"run"
				},
				{
					"#8":"SpringJUnit4ClassRunner.java",
					"#9":191,
					"#10":"org.springframework.test.context.junit4.SpringJUnit4ClassRunner",
					"#11":"run"
				},
				{
					"#8":"JUnit4Provider.java",
					"#9":365,
					"#10":"org.apache.maven.surefire.junit4.JUnit4Provider",
					"#11":"execute"
				},
				{
					"#8":"JUnit4Provider.java",
					"#9":273,
					"#10":"org.apache.maven.surefire.junit4.JUnit4Provider",
					"#11":"executeWithRerun"
				},
				{
					"#8":"JUnit4Provider.java",
					"#9":238,
					"#10":"org.apache.maven.surefire.junit4.JUnit4Provider",
					"#11":"executeTestSet"
				},
				{
					"#8":"JUnit4Provider.java",
					"#9":159,
					"#10":"org.apache.maven.surefire.junit4.JUnit4Provider",
					"#11":"invoke"
				},
				{
					"#8":"NativeMethodAccessorImpl.java",
					"#9":-2,
					"#10":"sun.reflect.NativeMethodAccessorImpl",
					"#11":"invoke0"
				},
				{
					"#8":"NativeMethodAccessorImpl.java",
					"#9":62,
					"#10":"sun.reflect.NativeMethodAccessorImpl",
					"#11":"invoke"
				},
				{
					"#8":"DelegatingMethodAccessorImpl.java",
					"#9":43,
					"#10":"sun.reflect.DelegatingMethodAccessorImpl",
					"#11":"invoke"
				},
				{
					"#8":"Method.java",
					"#9":498,
					"#10":"java.lang.reflect.Method",
					"#11":"invoke"
				},
				{
					"#8":"ReflectionUtils.java",
					"#9":206,
					"#10":"org.apache.maven.surefire.util.ReflectionUtils",
					"#11":"invokeMethodWithArray2"
				},
				{
					"#8":"ProviderFactory.java",
					"#9":161,
					"#10":"org.apache.maven.surefire.booter.ProviderFactory$ProviderProxy",
					"#11":"invoke"
				},
				{
					"#8":"ProviderFactory.java",
					"#9":84,
					"#10":"org.apache.maven.surefire.booter.ProviderFactory",
					"#11":"invokeProvider"
				},
				{
					"#8":"ClassloaderSurefireStarter.java",
					"#9":78,
					"#10":"org.apache.dubbo.test.runner.ClassloaderSurefireStarter",
					"#11":"runSuitesInProcess"
				},
				{
					"#8":"TestRunnerMain.java",
					"#9":185,
					"#10":"org.apache.dubbo.test.runner.TestRunnerMain",
					"#11":"main"
				}
			]
		},
		"message#12":"{\"exClass\":\"\",\"exMsg\":\"\",\"msg\":\"\"}",
		"#7":[
			{
				"#8":"FastJson2ObjectInput.java",
				"#9":110,
				"#10":"org.apache.dubbo.common.serialize.fastjson2.FastJson2ObjectInput",
				"#11":"readObject"
			},
			{
				"#8":"FastJson2ObjectInput.java",
				"#9":98,
				"#10":"org.apache.dubbo.common.serialize.fastjson2.FastJson2ObjectInput",
				"#11":"readObject"
			},
			{
				"#8":"ObjectInput.java",
				"#9":74,
				"#10":"org.apache.dubbo.common.serialize.ObjectInput",
				"#11":"readThrowable"
			},
			{
				"#8":"DecodeableRpcResult.java",
				"#9":171,
				"#10":"org.apache.dubbo.rpc.protocol.dubbo.DecodeableRpcResult",
				"#11":"handleException"
			},
			{
				"#8":"DecodeableRpcResult.java",
				"#9":110,
				"#10":"org.apache.dubbo.rpc.protocol.dubbo.DecodeableRpcResult",
				"#11":"decode"
			},
			{
				"#8":"DecodeableRpcResult.java",
				"#9":138,
				"#10":"org.apache.dubbo.rpc.protocol.dubbo.DecodeableRpcResult",
				"#11":"decode"
			},
			{
				"#8":"DecodeHandler.java",
				"#9":62,
				"#10":"org.apache.dubbo.remoting.transport.DecodeHandler",
				"#11":"decode"
			},
			{
				"#8":"DecodeHandler.java",
				"#9":50,
				"#10":"org.apache.dubbo.remoting.transport.DecodeHandler",
				"#11":"received"
			},
			{
				"#8":"ChannelEventRunnable.java",
				"#9":61,
				"#10":"org.apache.dubbo.remoting.transport.dispatcher.ChannelEventRunnable",
				"#11":"run"
			},
			{
				"#8":"ThreadlessExecutor.java",
				"#9":184,
				"#10":"org.apache.dubbo.common.threadpool.ThreadlessExecutor$RunnableWrapper",
				"#11":"run"
			},
			{
				"#8":"ThreadlessExecutor.java",
				"#9":103,
				"#10":"org.apache.dubbo.common.threadpool.ThreadlessExecutor",
				"#11":"waitAndDrain"
			},
			{
				"#8":"AsyncRpcResult.java",
				"#9":194,
				"#10":"org.apache.dubbo.rpc.AsyncRpcResult",
				"#11":"get"
			},
			{
				"#8":"AbstractInvoker.java",
				"#9":277,
				"#10":"org.apache.dubbo.rpc.protocol.AbstractInvoker",
				"#11":"waitForResultIfSync"
			},
			{
				"#8":"AbstractInvoker.java",
				"#9":181,
				"#10":"org.apache.dubbo.rpc.protocol.AbstractInvoker",
				"#11":"invoke"
			},
			{
				"#8":"ListenerInvokerWrapper.java",
				"#9":70,
				"#10":"org.apache.dubbo.rpc.listener.ListenerInvokerWrapper",
				"#11":"invoke"
			},
			{
				"#8":"GenericImplFilter.java",
				"#9":102,
				"#10":"org.apache.dubbo.rpc.filter.GenericImplFilter",
				"#11":"invoke"
			},
			{
				"#8":"FilterChainBuilder.java",
				"#9":327,
				"#10":"org.apache.dubbo.rpc.cluster.filter.FilterChainBuilder$CopyOfFilterChainNode",
				"#11":"invoke"
			},
			{
				"#8":"CacheFilter.java",
				"#9":95,
				"#10":"org.apache.dubbo.cache.filter.CacheFilter",
				"#11":"invoke"
			},
			{
				"#8":"FilterChainBuilder.java",
				"#9":327,
				"#10":"org.apache.dubbo.rpc.cluster.filter.FilterChainBuilder$CopyOfFilterChainNode",
				"#11":"invoke"
			},
			{
				"#8":"FilterChainBuilder.java",
				"#9":194,
				"#10":"org.apache.dubbo.rpc.cluster.filter.FilterChainBuilder$CallbackRegistrationInvoker",
				"#11":"invoke"
			},
			{
				"#8":"AbstractClusterInvoker.java",
				"#9":379,
				"#10":"org.apache.dubbo.rpc.cluster.support.AbstractClusterInvoker",
				"#11":"invokeWithContext"
			},
			{
				"#8":"FailoverClusterInvoker.java",
				"#9":81,
				"#10":"org.apache.dubbo.rpc.cluster.support.FailoverClusterInvoker",
				"#11":"doInvoke"
			},
			{
				"#8":"AbstractClusterInvoker.java",
				"#9":341,
				"#10":"org.apache.dubbo.rpc.cluster.support.AbstractClusterInvoker",
				"#11":"invoke"
			},
			{
				"#8":"RouterSnapshotFilter.java",
				"#9":46,
				"#10":"org.apache.dubbo.rpc.cluster.router.RouterSnapshotFilter",
				"#11":"invoke"
			},
			{
				"#8":"FilterChainBuilder.java",
				"#9":327,
				"#10":"org.apache.dubbo.rpc.cluster.filter.FilterChainBuilder$CopyOfFilterChainNode",
				"#11":"invoke"
			},
			{
				"#8":"MonitorFilter.java",
				"#9":100,
				"#10":"org.apache.dubbo.monitor.support.MonitorFilter",
				"#11":"invoke"
			},
			{
				"#8":"FilterChainBuilder.java",
				"#9":327,
				"#10":"org.apache.dubbo.rpc.cluster.filter.FilterChainBuilder$CopyOfFilterChainNode",
				"#11":"invoke"
			},
			{
				"#8":"FutureFilter.java",
				"#9":52,
				"#10":"org.apache.dubbo.rpc.protocol.dubbo.filter.FutureFilter",
				"#11":"invoke"
			},
			{
				"#8":"FilterChainBuilder.java",
				"#9":327,
				"#10":"org.apache.dubbo.rpc.cluster.filter.FilterChainBuilder$CopyOfFilterChainNode",
				"#11":"invoke"
			},
			{
				"#8":"ConsumerContextFilter.java",
				"#9":108,
				"#10":"org.apache.dubbo.rpc.cluster.filter.support.ConsumerContextFilter",
				"#11":"invoke"
			},
			{
				"#8":"FilterChainBuilder.java",
				"#9":327,
				"#10":"org.apache.dubbo.rpc.cluster.filter.FilterChainBuilder$CopyOfFilterChainNode",
				"#11":"invoke"
			},
			{
				"#8":"FilterChainBuilder.java",
				"#9":194,
				"#10":"org.apache.dubbo.rpc.cluster.filter.FilterChainBuilder$CallbackRegistrationInvoker",
				"#11":"invoke"
			},
			{
				"#8":"AbstractCluster.java",
				"#9":92,
				"#10":"org.apache.dubbo.rpc.cluster.support.wrapper.AbstractCluster$ClusterFilterInvoker",
				"#11":"invoke"
			},
			{
				"#8":"MockClusterInvoker.java",
				"#9":103,
				"#10":"org.apache.dubbo.rpc.cluster.support.wrapper.MockClusterInvoker",
				"#11":"invoke"
			},
			{
				"#8":"MigrationInvoker.java",
				"#9":282,
				"#10":"org.apache.dubbo.registry.client.migration.MigrationInvoker",
				"#11":"invoke"
			},
			{
				"#8":"InvocationUtil.java",
				"#9":56,
				"#10":"org.apache.dubbo.rpc.proxy.InvocationUtil",
				"#11":"invoke"
			},
			{
				"#8":"InvokerInvocationHandler.java",
				"#9":75,
				"#10":"org.apache.dubbo.rpc.proxy.InvokerInvocationHandler",
				"#11":"invoke"
			},
			{
				"#8":"HelloServiceDubboProxy0.java",
				"#9":-1,
				"#10":"org.apache.dubbo.samples.generic.call.api.HelloServiceDubboProxy0",
				"#11":"notImplementedHello"
			},
			{
				"#8":"NativeMethodAccessorImpl.java",
				"#9":-2,
				"#10":"sun.reflect.NativeMethodAccessorImpl",
				"#11":"invoke0"
			},
			{
				"#8":"NativeMethodAccessorImpl.java",
				"#9":62,
				"#10":"sun.reflect.NativeMethodAccessorImpl",
				"#11":"invoke"
			},
			{
				"#8":"DelegatingMethodAccessorImpl.java",
				"#9":43,
				"#10":"sun.reflect.DelegatingMethodAccessorImpl",
				"#11":"invoke"
			},
			{
				"#8":"Method.java",
				"#9":498,
				"#10":"java.lang.reflect.Method",
				"#11":"invoke"
			},
			{
				"#8":"AopUtils.java",
				"#9":333,
				"#10":"org.springframework.aop.support.AopUtils",
				"#11":"invokeJoinpointUsingReflection"
			},
			{
				"#8":"JdkDynamicAopProxy.java",
				"#9":207,
				"#10":"org.springframework.aop.framework.JdkDynamicAopProxy",
				"#11":"invoke"
			},
			{
				"#8":null,
				"#9":-1,
				"#10":"com.sun.proxy.$Proxy23",
				"#11":"notImplementedHello"
			},
			{
				"#8":"HelloServiceIT.java",
				"#9":49,
				"#10":"org.apache.dubbo.samples.generic.call.HelloServiceIT",
				"#11":"testNotImplementedHello"
			},
			{
				"#8":"NativeMethodAccessorImpl.java",
				"#9":-2,
				"#10":"sun.reflect.NativeMethodAccessorImpl",
				"#11":"invoke0"
			},
			{
				"#8":"NativeMethodAccessorImpl.java",
				"#9":62,
				"#10":"sun.reflect.NativeMethodAccessorImpl",
				"#11":"invoke"
			},
			{
				"#8":"DelegatingMethodAccessorImpl.java",
				"#9":43,
				"#10":"sun.reflect.DelegatingMethodAccessorImpl",
				"#11":"invoke"
			},
			{
				"#8":"Method.java",
				"#9":498,
				"#10":"java.lang.reflect.Method",
				"#11":"invoke"
			},
			{
				"#8":"FrameworkMethod.java",
				"#9":50,
				"#10":"org.junit.runners.model.FrameworkMethod$1",
				"#11":"runReflectiveCall"
			},
			{
				"#8":"ReflectiveCallable.java",
				"#9":12,
				"#10":"org.junit.internal.runners.model.ReflectiveCallable",
				"#11":"run"
			},
			{
				"#8":"FrameworkMethod.java",
				"#9":47,
				"#10":"org.junit.runners.model.FrameworkMethod",
				"#11":"invokeExplosively"
			},
			{
				"#8":"InvokeMethod.java",
				"#9":17,
				"#10":"org.junit.internal.runners.statements.InvokeMethod",
				"#11":"evaluate"
			},
			{
				"#8":"RunBeforeTestMethodCallbacks.java",
				"#9":75,
				"#10":"org.springframework.test.context.junit4.statements.RunBeforeTestMethodCallbacks",
				"#11":"evaluate"
			},
			{
				"#8":"RunAfterTestMethodCallbacks.java",
				"#9":86,
				"#10":"org.springframework.test.context.junit4.statements.RunAfterTestMethodCallbacks",
				"#11":"evaluate"
			},
			{
				"#8":"SpringRepeat.java",
				"#9":84,
				"#10":"org.springframework.test.context.junit4.statements.SpringRepeat",
				"#11":"evaluate"
			},
			{
				"#8":"ParentRunner.java",
				"#9":325,
				"#10":"org.junit.runners.ParentRunner",
				"#11":"runLeaf"
			},
			{
				"#8":"SpringJUnit4ClassRunner.java",
				"#9":252,
				"#10":"org.springframework.test.context.junit4.SpringJUnit4ClassRunner",
				"#11":"runChild"
			},
			{
				"#8":"SpringJUnit4ClassRunner.java",
				"#9":94,
				"#10":"org.springframework.test.context.junit4.SpringJUnit4ClassRunner",
				"#11":"runChild"
			},
			{
				"#8":"ParentRunner.java",
				"#9":290,
				"#10":"org.junit.runners.ParentRunner$3",
				"#11":"run"
			},
			{
				"#8":"ParentRunner.java",
				"#9":71,
				"#10":"org.junit.runners.ParentRunner$1",
				"#11":"schedule"
			},
			{
				"#8":"ParentRunner.java",
				"#9":288,
				"#10":"org.junit.runners.ParentRunner",
				"#11":"runChildren"
			},
			{
				"#8":"ParentRunner.java",
				"#9":58,
				"#10":"org.junit.runners.ParentRunner",
				"#11":"access$000"
			},
			{
				"#8":"ParentRunner.java",
				"#9":268,
				"#10":"org.junit.runners.ParentRunner$2",
				"#11":"evaluate"
			},
			{
				"#8":"RunBeforeTestClassCallbacks.java",
				"#9":61,
				"#10":"org.springframework.test.context.junit4.statements.RunBeforeTestClassCallbacks",
				"#11":"evaluate"
			},
			{
				"#8":"RunAfterTestClassCallbacks.java",
				"#9":70,
				"#10":"org.springframework.test.context.junit4.statements.RunAfterTestClassCallbacks",
				"#11":"evaluate"
			},
			{
				"#8":"ParentRunner.java",
				"#9":363,
				"#10":"org.junit.runners.ParentRunner",
				"#11":"run"
			},
			{
				"#8":"SpringJUnit4ClassRunner.java",
				"#9":191,
				"#10":"org.springframework.test.context.junit4.SpringJUnit4ClassRunner",
				"#11":"run"
			},
			{
				"#8":"JUnit4Provider.java",
				"#9":365,
				"#10":"org.apache.maven.surefire.junit4.JUnit4Provider",
				"#11":"execute"
			},
			{
				"#8":"JUnit4Provider.java",
				"#9":273,
				"#10":"org.apache.maven.surefire.junit4.JUnit4Provider",
				"#11":"executeWithRerun"
			},
			{
				"#8":"JUnit4Provider.java",
				"#9":238,
				"#10":"org.apache.maven.surefire.junit4.JUnit4Provider",
				"#11":"executeTestSet"
			},
			{
				"#8":"JUnit4Provider.java",
				"#9":159,
				"#10":"org.apache.maven.surefire.junit4.JUnit4Provider",
				"#11":"invoke"
			},
			{
				"#8":"NativeMethodAccessorImpl.java",
				"#9":-2,
				"#10":"sun.reflect.NativeMethodAccessorImpl",
				"#11":"invoke0"
			},
			{
				"#8":"NativeMethodAccessorImpl.java",
				"#9":62,
				"#10":"sun.reflect.NativeMethodAccessorImpl",
				"#11":"invoke"
			},
			{
				"#8":"DelegatingMethodAccessorImpl.java",
				"#9":43,
				"#10":"sun.reflect.DelegatingMethodAccessorImpl",
				"#11":"invoke"
			},
			{
				"#8":"Method.java",
				"#9":498,
				"#10":"java.lang.reflect.Method",
				"#11":"invoke"
			},
			{
				"#8":"ReflectionUtils.java",
				"#9":206,
				"#10":"org.apache.maven.surefire.util.ReflectionUtils",
				"#11":"invokeMethodWithArray2"
			},
			{
				"#8":"ProviderFactory.java",
				"#9":161,
				"#10":"org.apache.maven.surefire.booter.ProviderFactory$ProviderProxy",
				"#11":"invoke"
			},
			{
				"#8":"ProviderFactory.java",
				"#9":84,
				"#10":"org.apache.maven.surefire.booter.ProviderFactory",
				"#11":"invokeProvider"
			},
			{
				"#8":"ClassloaderSurefireStarter.java",
				"#9":78,
				"#10":"org.apache.dubbo.test.runner.ClassloaderSurefireStarter",
				"#11":"runSuitesInProcess"
			},
			{
				"#8":"TestRunnerMain.java",
				"#9":185,
				"#10":"org.apache.dubbo.test.runner.TestRunnerMain",
				"#11":"main"
			}
		],
		"suppressed#13":[]
	}
}
{"v0000":[0],"v0001":[],"v0002":[0,0]}
1
{
	"@type":"com.alibaba.fastjson2.aliyun.MapGhostTest$MapGhost#0",
	"@value":{
		"name":"abc",
		"$super$":{
			"@type":"M#1",
			"@value":{
				"name":123
			}
		}
	}
}
{
	"@type":"com.alibaba.fastjson2.eishay.vo.MediaContent#0",
	"@value":[
		[
			[
				768,
				1,
				"Javaone Keynote",
				"http://javaone.com/keynote_large.jpg",
				1024
			],
			[
				240,
				0,
				"Javaone Keynote",
				"http://javaone.com/keynote_small.jpg",
				320
			]
		],
		[
			262144,
			null,
			18000000,
			"video/mpg4",
			480,
			[
				"Bill Gates",
				"Steve Jobs"
			],
			0,
			58982400,
			"Javaone Keynote",
			"http://javaone.com/keynote.mpg",
			640
		]
	]
}
{
	"@type":"com.alibaba.fastjson2.arraymapping.EishayTest$Sample",
	"@value":[
		[
			true,
			false
		],
		false,
		"AB",
		"\u0000",
		[
			1.0,
			2.0,
			3.0
		],
		0.0,
		[
			1.0,
			2.0,
			3.0
		],
		0.0,
		[
			1,
			2
		],
		101,
		[
			1,
			2
		],
		1001,
		null,
		[
			1,
			2
		],
		0,
		null
	]
}
com.alibaba.fastjson2.issues_2400.Issue2440$Bean@705a793a
{"first_name":"wenshao","id":123}
{"courseId":"6bad799a1c894893bedade17215244a1","userId":"4b99d48f87f84868a59aa3b3ce82fd56"}
{
	"@type":"com.alibaba.fastjson2.eishay.vo.MediaContent",
	"@value":[
		[
			[
				768,
				1,
				"Javaone Keynote",
				"http://javaone.com/keynote_large.jpg",
				1024
			],
			[
				240,
				0,
				"Javaone Keynote",
				"http://javaone.com/keynote_small.jpg",
				320
			]
		],
		[
			262144,
			null,
			18000000,
			"video/mpg4",
			480,
			[
				"Bill Gates",
				"Steve Jobs"
			],
			0,
			58982400,
			"Javaone Keynote",
			"http://javaone.com/keynote.mpg",
			640
		]
	]
}
[[[768,1,"Javaone Keynote","http://javaone.com/keynote_large.jpg",1024],[240,0,"Javaone Keynote","http://javaone.com/keynote_small.jpg",320]],[262144,null,18000000,"video/mpg4",480,["Bill Gates","Steve Jobs"],0,58982400,"Javaone Keynote","http://javaone.com/keynote.mpg",640]]
{
	"@type":"com.alibaba.fastjson2.eishay.vo.MediaContent#0",
	"@value":{
		"images#1":[
			{
				"height#2":768,
				"size#3":1,
				"title#4":"Javaone Keynote",
				"uri#5":"http://javaone.com/keynote_large.jpg",
				"width#6":1024
			},
			{
				"#2":240,
				"#3":0,
				"#4":"Javaone Keynote",
				"#5":"http://javaone.com/keynote_small.jpg",
				"#6":320
			}
		],
		"media#7":{
			"bitrate#8":262144,
			"duration#9":18000000,
			"format#10":"video/mpg4",
			"#2":480,
			"persons#11":[
				"Bill Gates",
				"Steve Jobs"
			],
			"player#12":0,
			"#3":58982400,
			"#4":"Javaone Keynote",
			"#5":"http://javaone.com/keynote.mpg",
			"#6":640
		}
	}
}
[
	[
		[
			768,
			1,
			"Javaone Keynote",
			"http://javaone.com/keynote_large.jpg",
			1024
		],
		[
			240,
			0,
			"Javaone Keynote",
			"http://javaone.com/keynote_small.jpg",
			320
		]
	],
	[
		262144,
		null,
		18000000,
		"video/mpg4",
		480,
		[
			"Bill Gates",
			"Steve Jobs"
		],
		0,
		58982400,
		"Javaone Keynote",
		"http://javaone.com/keynote.mpg",
		640
	]
]
{"values":{"100":[{"id":1001},{"id":1002}],"200":[{"id":2001},{"id":2002}]}}
millis : 253
millis : 229
[name, weight, age]
CSVReaderTest.Person(name=张三, weight=68.2, age=32)
CSVReaderTest.Person(name=李四, weight=75.6, age=28)
[name, weight, age]
CSVReaderTest.Person(name=张三, weight=68.2, age=32)
CSVReaderTest.Person(name=李四, weight=75.6, age=28)
{
	"@type":"com.alibaba.fastjson2.support.ApacheTripleTest$Bean#0",
	"@value":{
		"triple":{
			"@type":"org.apache.commons.lang3.tuple.MutableTriple#1",
			"@value":{
				"left":101,
				"middle":102,
				"right":103
			}
		}
	}
}
{
	"@type":"com.alibaba.fastjson2.support.ApacheTripleTest$Bean#0",
	"@value":{
		"triple":{
			"@type":"org.apache.commons.lang3.tuple.ImmutableTriple#1",
			"@value":{
				"left":101,
				"middle":102,
				"right":103
			}
		}
	}
}
{
	"high":{
		"value":"H"
	},
	"low":{
		"value":"L"
	},
	"mid":{
		"value":"M"
	}
}
Tue Oct 15 10:02:26 CST 2024
Enum Item: LOCKED
JVM_VERSION : 25
-9214723784238596577L,
-9030616758866828325L,
-8335274122997354104L,
-6963030519018899258L,
-4863137578837233966L,
-3653547262287832698L,
-2819277587813726773L,
-2669552864532011468L,
-2458634727370886912L,
-2291619803571459675L,
-1811306045128064037L,
-864440709753525476L,
-779604756358333743L,
8731803887940231L,
1616814008855344660L,
2164749833121980361L,
2688642392827789427L,
3724195282986200606L,
3742915795806478647L,
3977020351318456359L,
4775491097662790952L,
4882459834864833642L,
6033839080488254886L,
7981148566008458638L,
8344106065386396833L,
9215465129261900012L,
27545
27545
1	[1]
2	[2]
3	[3]
4	[4]
5	[5]
6	[6]
7	[7]
8	[8]
9	[9]
10	[10]
11	[11]
12	[12]
13	[13]
14	[14]
15	[15]
16	[16]
17	[17]
18	[18]
19	[19]
20	[20]
21	[21]
22	[22]
23	[23]
24	[24]
25	[25]
26	[26]
27	[27]
28	[28]
29	[29]
30	[30]
31	[31]
32	[32]
33	[33]
34	[34]
35	[35]
36	[36]
37	[37]
38	[38]
39	[39]
40	[40]
41	[41]
42	[42]
43	[43]
44	[44]
45	[45]
46	[46]
47	[47]
48	[48]
49	[49]
50	[50]
51	[51]
52	[52]
53	[53]
54	[54]
55	[55]
56	[56]
57	[57]
58	[58]
59	[59]
60	[60]
61	[61]
62	[62]
63	[63]
64	[64]
65	[65]
66	[66]
67	[67]
68	[68]
69	[69]
70	[70]
71	[71]
72	[72]
73	[73]
74	[74]
75	[75]
76	[76]
77	[77]
78	[78]
79	[79]
80	[80]
81	[81]
82	[82]
83	[83]
84	[84]
85	[85]
86	[86]
87	[87]
88	[88]
89	[89]
90	[90]
91	[91]
92	[92]
93	[93]
94	[94]
95	[95]
96	[96]
97	[97]
98	[98]
99	[99]
100	[100]
101	[101]
102	[102]
103	[103]
104	[104]
105	[105]
106	[106]
107	[107]
108	[108]
109	[109]
110	[110]
111	[111]
112	[112]
113	[113]
114	[114]
115	[115]
116	[116]
117	[117]
118	[118]
119	[119]
120	[120]
121	[121]
122	[122]
123	[123]
124	[124]
125	[125]
126	[126]
127	[127]
128	[-62, -128]
129	[-62, -127]
130	[-62, -126]
131	[-62, -125]
132	[-62, -124]
133	[-62, -123]
134	[-62, -122]
135	[-62, -121]
136	[-62, -120]
137	[-62, -119]
138	[-62, -118]
139	[-62, -117]
140	[-62, -116]
141	[-62, -115]
142	[-62, -114]
143	[-62, -113]
144	[-62, -112]
145	[-62, -111]
146	[-62, -110]
147	[-62, -109]
148	[-62, -108]
149	[-62, -107]
150	[-62, -106]
151	[-62, -105]
152	[-62, -104]
153	[-62, -103]
154	[-62, -102]
155	[-62, -101]
156	[-62, -100]
157	[-62, -99]
158	[-62, -98]
159	[-62, -97]
160	[-62, -96]
161	[-62, -95]
162	[-62, -94]
163	[-62, -93]
164	[-62, -92]
165	[-62, -91]
166	[-62, -90]
167	[-62, -89]
168	[-62, -88]
169	[-62, -87]
170	[-62, -86]
171	[-62, -85]
172	[-62, -84]
173	[-62, -83]
174	[-62, -82]
175	[-62, -81]
176	[-62, -80]
177	[-62, -79]
178	[-62, -78]
179	[-62, -77]
180	[-62, -76]
181	[-62, -75]
182	[-62, -74]
183	[-62, -73]
184	[-62, -72]
185	[-62, -71]
186	[-62, -70]
187	[-62, -69]
188	[-62, -68]
189	[-62, -67]
190	[-62, -66]
191	[-62, -65]
192	[-61, -128]
193	[-61, -127]
194	[-61, -126]
195	[-61, -125]
196	[-61, -124]
197	[-61, -123]
198	[-61, -122]
199	[-61, -121]
200	[-61, -120]
201	[-61, -119]
202	[-61, -118]
203	[-61, -117]
204	[-61, -116]
205	[-61, -115]
206	[-61, -114]
207	[-61, -113]
208	[-61, -112]
209	[-61, -111]
210	[-61, -110]
211	[-61, -109]
212	[-61, -108]
213	[-61, -107]
214	[-61, -106]
215	[-61, -105]
216	[-61, -104]
217	[-61, -103]
218	[-61, -102]
219	[-61, -101]
220	[-61, -100]
221	[-61, -99]
222	[-61, -98]
223	[-61, -97]
224	[-61, -96]
225	[-61, -95]
226	[-61, -94]
227	[-61, -93]
228	[-61, -92]
229	[-61, -91]
230	[-61, -90]
231	[-61, -89]
232	[-61, -88]
233	[-61, -87]
234	[-61, -86]
235	[-61, -85]
236	[-61, -84]
237	[-61, -83]
238	[-61, -82]
239	[-61, -81]
240	[-61, -80]
241	[-61, -79]
242	[-61, -78]
243	[-61, -77]
244	[-61, -76]
245	[-61, -75]
246	[-61, -74]
247	[-61, -73]
248	[-61, -72]
249	[-61, -71]
250	[-61, -70]
251	[-61, -69]
252	[-61, -68]
253	[-61, -67]
254	[-61, -66]
255	[-61, -65]
0.0363716040391131 -> 0.036371604039113103
0.140518391554996 -> 0.14051839155499601
0.938708200915155 -> 0.9387082009151551
0.0737898895923167 -> 0.07378988959231669
0.475527315604202 -> 0.47552731560420203
0.814742341172702 -> 0.8147423411727019
0.0997137256173889 -> 0.09971372561738889
0.2919644838043918 -> 0.29196448380439177
0.857536608800402 -> 0.8575366088004019
0.9464721920909 -> 0.9464721920909001
0.3932044816444141 -> 0.39320448164441413
0.3377795191171791 -> 0.33777951911717907
0.4711115069203409 -> 0.47111150692034087
0.916286043984262 -> 0.9162860439842621
0.813631848771666 -> 0.8136318487716661
0.877249896394174 -> 0.8772498963941739
0.905760156832565 -> 0.9057601568325651
0.65091294838996 -> 0.6509129483899601
0.530298875876067 -> 0.5302988758760671
0.3310003110837966 -> 0.33100031108379657
0.825491555675055 -> 0.8254915556750551
0.816670392009821 -> 0.8166703920098209
0.750874475306264 -> 0.7508744753062641
0.04946510977883933 -> 0.049465109778839333
0.937760363962651 -> 0.9377603639626509
0.4572209809495624 -> 0.45722098094956243
0.1846369642728415 -> 0.18463696427284149
0.2038264694301649 -> 0.20382646943016491
0.577678589168307 -> 0.5776785891683071
0.1718549075549166 -> 0.17185490755491661
0.592506370540061 -> 0.5925063705400609
0.3058309840205857 -> 0.30583098402058573
0.0565819861916762 -> 0.056581986191676203
0.534166560234206 -> 0.5341665602342059
0.649663214801875 -> 0.6496632148018751
0.596434858352552 -> 0.5964348583525521
0.71164600885057 -> 0.7116460088505701
0.1179709636234424 -> 0.11797096362344239
0.2320549114681386 -> 0.23205491146813861
0.2025798608461611 -> 0.20257986084616109
0.674469814673543 -> 0.6744698146735431
0.2393509489161567 -> 0.23935094891615671
0.04431752444091153 -> 0.044317524440911527
0.656956378194335 -> 0.6569563781943349
0.660270611697026 -> 0.6602706116970261
0.900955439218942 -> 0.9009554392189419
0.1751955842651821 -> 0.17519558426518211
0.3208568127817992 -> 0.32085681278179923
0.137607223829618 -> 0.13760722382961799
0.3131263604522804 -> 0.31312636045228037
0.3345127401742021 -> 0.33451274017420207
0.58226768004585 -> 0.5822676800458499
0.576313841696036 -> 0.5763138416960361
0.517546529616077 -> 0.5175465296160769
0.591390641028608 -> 0.5913906410286081
0.615116387517954 -> 0.6151163875179541
0.962020219244413 -> 0.9620202192444131
0.566924963735775 -> 0.5669249637357749
0.948490682333404 -> 0.9484906823334039
0.3642074494578805 -> 0.36420744945788053
0.3226373089373267 -> 0.32263730893732667
0.3997659697872675 -> 0.39976596978726753
0.92576207529783 -> 0.9257620752978299
0.3217930919291698 -> 0.32179309192916983
0.588080579138269 -> 0.5880805791382691
0.1699833692122278 -> 0.16998336921222779
0.507293041959405 -> 0.5072930419594051
0.06053667486627912 -> 0.060536674866279117
0.1465753482282003 -> 0.14657534822820029
0.3134864952833398 -> 0.31348649528333983
0.68563588118155 -> 0.6856358811815501
0.0794153428878226 -> 0.07941534288782259
0.2651850802332891 -> 0.26518508023328913
0.74482575431268 -> 0.7448257543126801
0.2088181486872316 -> 0.20881814868723159
0.2496176270598537 -> 0.24961762705985369
0.0754547477792974 -> 0.07545474777929739
0.02715154539713527 -> 0.027151545397135268
0.4352270990060291 -> 0.43522709900602907
0.002290364555259772 -> 0.0022903645552597718
0.00804180382180708 -> 0.008041803821807081
0.462840590292213 -> 0.46284059029221303
0.06182937136844446 -> 0.061829371368444463
0.847260450291973 -> 0.8472604502919731
0.238861153547426 -> 0.23886115354742599
0.2598551041449845 -> 0.25985510414498447
0.4531233342342115 -> 0.45312333423421147
0.3994576706073312 -> 0.39945767060733117
0.948058302582723 -> 0.9480583025827229
0.1487035132761758 -> 0.14870351327617581
0.4802359966056787 -> 0.48023599660567873
0.3704379463403146 -> 0.37043794634031457
0.1908217852251579 -> 0.19082178522515791
0.1582483010206127 -> 0.15824830102061271
0.4395252824003337 -> 0.43952528240033373
0.664795530379304 -> 0.6647955303793039
0.1771562454836174 -> 0.17715624548361741
0.774053849664394 -> 0.7740538496643939
0.0632370587317218 -> 0.06323705873172181
0.563948900211866 -> 0.5639489002118661
0.617696034431301 -> 0.6176960344313011
0.758272725661919 -> 0.7582727256619189
0.719003237811008 -> 0.7190032378110079
0.706490485403169 -> 0.7064904854031691
0.07086914733632 -> 0.07086914733631999
0.4414686228398432 -> 0.44146862283984323
0.2276657112778636 -> 0.22766571127786361
0.2623543111797422 -> 0.26235431117974217
0.784609988126377 -> 0.7846099881263769
0.611642378378981 -> 0.6116423783789811
0.246702582760552 -> 0.24670258276055201
0.615291724099366 -> 0.6152917240993661
0.1697756965984729 -> 0.16977569659847291
0.763727371706655 -> 0.7637273717066549
0.1469633142847835 -> 0.14696331428478349
0.2316374612164913 -> 0.23163746121649131
0.2925701320948286 -> 0.29257013209482863
0.1817443011975549 -> 0.18174430119755491
0.911533870181577 -> 0.9115338701815771
0.66280512171889 -> 0.6628051217188899
0.4258600064986445 -> 0.42586000649864453
0.1368760031750723 -> 0.13687600317507231
0.04998806682263068 -> 0.049988066822630683
0.666177746710579 -> 0.6661777467105791
0.4431049767870959 -> 0.44310497678709593
0.4925993327522942 -> 0.49259933275229417
0.667000160591183 -> 0.6670001605911829
0.525955198310534 -> 0.5259551983105339
0.3224846783797575 -> 0.32248467837975747
0.2004046074094641 -> 0.20040460740946409
0.05758516325899821 -> 0.057585163258998207
0.512253868843561 -> 0.5122538688435611
0.757499641957948 -> 0.7574996419579479
0.1222696301328332 -> 0.12226963013283321
0.700298629172109 -> 0.7002986291721091
0.581662036183414 -> 0.5816620361834141
0.4971786666811083 -> 0.49717866668110833
0.4088385596647581 -> 0.40883855966475813
0.935564438625827 -> 0.9355644386258271
0.773076491004346 -> 0.7730764910043459
0.2289925204356381 -> 0.22899252043563811
0.3285840850095679 -> 0.32858408500956793
0.3344627134082164 -> 0.33446271340821643
0.1348180248308085 -> 0.13481802483080851
0.1435386020068634 -> 0.14353860200686341
0.605676857738426 -> 0.6056768577384261
0.1349577099719904 -> 0.13495770997199041
0.3834144487197578 -> 0.38341444871975783
0.695009509718231 -> 0.6950095097182311
0.981593941812755 -> 0.9815939418127551
0.2209931698961939 -> 0.22099316989619389
0.4498531585473243 -> 0.44985315854732433
0.1022674508800182 -> 0.10226745088001821
0.01527917041604654 -> 0.015279170416046539
0.51531541745185 -> 0.5153154174518501
0.505150814898709 -> 0.5051508148987091
0.98507199309929 -> 0.9850719930992901
0.3830467505648463 -> 0.38304675056484627
0.893339416684581 -> 0.8933394166845809
0.655154920591209 -> 0.6551549205912089
0.710662806764291 -> 0.7106628067642911
0.03938254810348241 -> 0.039382548103482407
0.3827240538105737 -> 0.38272405381057373
0.605576333037879 -> 0.6055763330378791
0.709254774245413 -> 0.7092547742454131
0.650859979711573 -> 0.6508599797115729
0.2838122601295128 -> 0.28381226012951277
0.3164587666397429 -> 0.31645876663974293
0.988203365275584 -> 0.9882033652755839
0.948996658311204 -> 0.9489966583112041
0.1256952023276212 -> 0.12569520232762121
0.660500423832382 -> 0.6605004238323821
0.800083248503694 -> 0.8000832485036939
0.653871273149985 -> 0.6538712731499851
0.169971596081661 -> 0.16997159608166101
0.841024519728025 -> 0.8410245197280251
0.2161614054164296 -> 0.21616140541642959
0.853026752637634 -> 0.8530267526376339
0.995197715436204 -> 0.9951977154362039
0.4544852955541063 -> 0.45448529555410633
0.3609775178584749 -> 0.36097751785847487
0.23201292425193 -> 0.23201292425192999
0.626602939829145 -> 0.6266029398291449
0.1879327722331917 -> 0.18793277223319171
0.2000406859675221 -> 0.20004068596752211
0.427201224453681 -> 0.42720122445368103
0.557260933880594 -> 0.5572609338805939
0.1735588038454665 -> 0.17355880384546651
0.710778547526908 -> 0.7107785475269081
0.3916278654101292 -> 0.39162786541012917
0.3535814056683452 -> 0.35358140566834517
0.555865959386524 -> 0.5558659593865239
0.1678248136491476 -> 0.16782481364914759
0.229140025539028 -> 0.22914002553902801
0.4306522212010854 -> 0.43065222120108537
0.883350535842161 -> 0.8833505358421611
0.3775810855953112 -> 0.37758108559531123
0.514484500326506 -> 0.5144845003265059
0.4444866200880008 -> 0.44448662008800077
0.4701473035860326 -> 0.47014730358603263
0.600034502918182 -> 0.6000345029181819
0.663741162685274 -> 0.6637411626852741
0.1336443837017426 -> 0.13364438370174259
0.653643458812806 -> 0.6536434588128061
0.3900821036349644 -> 0.39008210363496443
0.694428356011698 -> 0.6944283560116979
0.1851778089849727 -> 0.18517780898497271
0.735521850347507 -> 0.7355218503475069
0.675146548540906 -> 0.6751465485409061
0.620984895575939 -> 0.6209848955759391
0.3058738928441673 -> 0.30587389284416733
0.53670043972789 -> 0.5367004397278901
0.4402561317816511 -> 0.44025613178165113
0.950493803604678 -> 0.9504938036046779
0.884062272764988 -> 0.8840622727649881
0.837879044569595 -> 0.8378790445695951
0.823598605476695 -> 0.8235986054766949
0.3793288351437826 -> 0.37932883514378257
0.949247467151974 -> 0.9492474671519739
0.786540309550465 -> 0.7865403095504651
0.01411564207838678 -> 0.014115642078386781
0.748299875868844 -> 0.7482998758688441
0.2130139023854246 -> 0.21301390238542461
0.761893466856918 -> 0.7618934668569179
0.1461741490443038 -> 0.14617414904430381
0.51124072539116 -> 0.5112407253911599
0.3108797014497027 -> 0.31087970144970267
0.2402281385582654 -> 0.24022813855826541
0.1897266235228907 -> 0.18972662352289071
0.3085074252824134 -> 0.30850742528241337
0.3060509101971641 -> 0.30605091019716413
0.1916422538511766 -> 0.19164225385117661
0.1651250942466541 -> 0.16512509424665411
0.67469690251719 -> 0.6746969025171899
0.880509014144016 -> 0.8805090141440159
0.828386819747364 -> 0.8283868197473639
0.589176278144318 -> 0.5891762781443181
0.993641023420267 -> 0.9936410234202671
0.584065285880981 -> 0.5840652858809811
0.327449283559373 -> 0.32744928355937297
0.526510777330572 -> 0.5265107773305721
0.940021946118412 -> 0.9400219461184121
0.5092290538832 -> 0.5092290538831999
0.0982493499658409 -> 0.09824934996584089
0.4067485849779717 -> 0.40674858497797173
0.77230149495771 -> 0.7723014949577101
0.563832714791695 -> 0.5638327147916951
0.1528140337827084 -> 0.15281403378270841
0.86436242889414 -> 0.8643624288941399
0.4177500775050699 -> 0.41775007750506987
0.3853444981077567 -> 0.38534449810775673
0.998850795453258 -> 0.9988507954532579
0.318828416753728 -> 0.31882841675372797
0.574397374251782 -> 0.5743973742517819
0.3098273064472645 -> 0.30982730644726453
0.4618709423149088 -> 0.46187094231490877
0.889692618983354 -> 0.8896926189833541
0.1370046399509912 -> 0.13700463995099121
0.3913218993033519 -> 0.39132189930335193
0.2345304127661373 -> 0.23453041276613729
0.1122596143275486 -> 0.11225961432754861
0.624375253262967 -> 0.6243752532629669
0.03652673794228933 -> 0.036526737942289333
0.914759208121459 -> 0.9147592081214591
0.02447027663007517 -> 0.024470276630075172
0.847148337767129 -> 0.8471483377671289
0.3361271977772399 -> 0.33612719777723987
0.006526378217933559 -> 0.0065263782179335594
0.143180003881463 -> 0.14318000388146301
0.1965856800679915 -> 0.19658568006799149
0.571641654836822 -> 0.5716416548368221
0.729089022338476 -> 0.7290890223384759
0.1993257227862094 -> 0.19932572278620941
0.661871876251169 -> 0.6618718762511689
0.0649093866748418 -> 0.06490938667484181
0.04815821628246841 -> 0.048158216282468413
0.543301322838945 -> 0.5433013228389449
0.569616935980021 -> 0.5696169359800211
0.1952337178658652 -> 0.19523371786586519
0.799463302000123 -> 0.7994633020001231
0.615560193446338 -> 0.6155601934463381
0.4636478764500159 -> 0.46364787645001593
0.4480809479315013 -> 0.44808094793150133
0.542716880329217 -> 0.5427168803292171
0.626375561262072 -> 0.6263755612620719
0.922171223426344 -> 0.9221712234263439
0.938843535470613 -> 0.9388435354706131
0.2890652853897899 -> 0.28906528538978993
0.577854262990598 -> 0.5778542629905981
0.676373848353022 -> 0.6763738483530219
0.0533381662651039 -> 0.053338166265103903
0.501247629540091 -> 0.5012476295400911
0.4016707476020904 -> 0.40167074760209043
0.693498298675225 -> 0.6934982986752249
0.922235874535069 -> 0.9222358745350689
0.738836118530176 -> 0.7388361185301759
0.720368982721244 -> 0.7203689827212439
0.865920487834621 -> 0.8659204878346211
0.788311274204959 -> 0.7883112742049589
0.4505251136214731 -> 0.45052511362147307
0.3032952200124788 -> 0.30329522001247877
0.80035428510862 -> 0.8003542851086199
0.1070178462536805 -> 0.10701784625368049
0.2480554770698674 -> 0.24805547706986741
0.949247421592537 -> 0.9492474215925371
0.939006461440203 -> 0.9390064614402031
0.4896459148684634 -> 0.48964591486846343
0.845378137828317 -> 0.8453781378283169
0.668929822994557 -> 0.6689298229945571
0.78183900741133 -> 0.7818390074113299
0.648034583277525 -> 0.6480345832775249
0.1256792696408464 -> 0.12567926964084641
0.949832045223096 -> 0.9498320452230961
0.03959097043950199 -> 0.039590970439501993
0.1233745261638255 -> 0.12337452616382549
0.772492886633456 -> 0.7724928866334561
0.748614317327501 -> 0.7486143173275011
0.57825083087404 -> 0.5782508308740399
0.875160369140701 -> 0.8751603691407011
0.4394267216520302 -> 0.43942672165203023
0.1896943199891893 -> 0.18969431998918929
0.2025545977272699 -> 0.20255459772726991
0.169796165941155 -> 0.16979616594115499
0.1388174170736758 -> 0.13881741707367579
0.01372797445385432 -> 0.013727974453854319
0.733271329380004 -> 0.7332713293800041
0.2493736350945467 -> 0.24937363509454669
0.89985201519454 -> 0.8998520151945399
0.1659854702906398 -> 0.16598547029063981
0.1449345775439458 -> 0.14493457754394579
0.79153665982061 -> 0.7915366598206099
0.03796157174349735 -> 0.037961571743497347
0.708036493428919 -> 0.7080364934289189
0.799991870927449 -> 0.7999918709274489
0.2101404604256253 -> 0.21014046042562529
0.3461027874718621 -> 0.34610278747186207
0.768677833506413 -> 0.7686778335064131
0.77210000168331 -> 0.7721000016833101
0.978628688369861 -> 0.9786286883698611
0.884617222952713 -> 0.8846172229527129
0.06127372201919579 -> 0.061273722019195787
0.870339682700979 -> 0.8703396827009789
0.4004035233955133 -> 0.40040352339551333
0.983705204663541 -> 0.9837052046635411
0.654713624434412 -> 0.6547136244344119
0.4756971322606732 -> 0.47569713226067323
0.4833373049652053 -> 0.48333730496520533
0.976093455162863 -> 0.9760934551628631
0.05346320863758924 -> 0.053463208637589243
0.02816761907628418 -> 0.028167619076284178
0.4912169425475508 -> 0.49121694254755077
0.656706201979047 -> 0.6567062019790471
0.792340780502997 -> 0.7923407805029971
0.0781325778398494 -> 0.07813257783984939
0.1638802400658982 -> 0.16388024006589819
0.1858226603565203 -> 0.18582266035652029
0.5018134896525 -> 0.5018134896525001
0.03458316960691055 -> 0.034583169606910547
0.705566039487801 -> 0.7055660394878011
0.924852589810574 -> 0.9248525898105741
0.648687495805295 -> 0.6486874958052949
0.577782475751697 -> 0.5777824757516969
0.3771652415553505 -> 0.37716524155535047
0.742267584746997 -> 0.7422675847469969
0.862540269036773 -> 0.8625402690367731
0.03106071658345755 -> 0.031060716583457548
0.1511722211964419 -> 0.15117222119644191
0.64492112545843 -> 0.6449211254584299
0.3971225548087918 -> 0.39712255480879177
0.75758812354874 -> 0.7575881235487399
0.0972815376448617 -> 0.09728153764486169
0.937992498176278 -> 0.9379924981762779
0.976361962805604 -> 0.9763619628056039
0.584587758724258 -> 0.5845877587242581
0.997196247055328 -> 0.9971962470553279
0.1530899825317905 -> 0.15308998253179051
0.1958620191594206 -> 0.19586201915942059
0.2049880635368415 -> 0.20498806353684151
0.2213423363714455 -> 0.22134233637144551
0.774394398748738 -> 0.7743943987487381
0.80710090018024 -> 0.8071009001802401
0.4539948809068933 -> 0.45399488090689333
0.823841752762904 -> 0.8238417527629039
0.1144790156690162 -> 0.11447901566901619
0.1550343350639488 -> 0.15503433506394881
0.568268974940144 -> 0.5682689749401439
0.1109156733068365 -> 0.11091567330683649
0.578641120396232 -> 0.5786411203962319
0.976780354036692 -> 0.9767803540366919
0.01871140577745589 -> 0.018711405777455892
0.710113719688306 -> 0.7101137196883061
0.861404641077333 -> 0.8614046410773331
0.524619772280357 -> 0.5246197722803571
0.876150781691933 -> 0.8761507816919329
0.831021883252617 -> 0.8310218832526171
0.526452665836806 -> 0.5264526658368061
0.2242718434419224 -> 0.22427184344192241
0.908512993915014 -> 0.9085129939150141
0.1141667829005324 -> 0.11416678290053239
0.0239708926248714 -> 0.023970892624871398
0.638792826190898 -> 0.6387928261908981
0.521135878583946 -> 0.5211358785839461
0.05834005151069643 -> 0.058340051510696433
0.3481678546115827 -> 0.34816785461158273
0.1680108725388718 -> 0.16801087253887181
0.862084704878676 -> 0.8620847048786759
0.81789264884856 -> 0.8178926488485601
0.844927378580346 -> 0.8449273785803459
0.2240421149590167 -> 0.22404211495901671
0.827354129843413 -> 0.8273541298434131
0.1974485663507103 -> 0.19744856635071029
0.526078328467875 -> 0.5260783284678749
0.1845766443193292 -> 0.18457664431932919
0.87096829764125 -> 0.8709682976412501
0.717799250395388 -> 0.7177992503953881
0.668117133850125 -> 0.6681171338501249
0.261207267594775 -> 0.26120726759477497
0.04652525683672026 -> 0.046525256836720263
0.851595009560353 -> 0.8515950095603529
0.737447280483779 -> 0.7374472804837791
0.748161176620668 -> 0.7481611766206679
0.891013318012777 -> 0.8910133180127769
0.4649793520042452 -> 0.46497935200424523
0.787075383298177 -> 0.7870753832981769
0.780667619287365 -> 0.7806676192873651
0.4122567362263099 -> 0.41225673622630987
0.04195460657359373 -> 0.041954606573593733
0.1988356706758483 -> 0.19883567067584829
0.1274315809350932 -> 0.12743158093509321
0.2222676112278026 -> 0.22226761122780259
0.624381211707771 -> 0.6243812117077711
0.620263391255995 -> 0.6202633912559949
0.87364037264569 -> 0.8736403726456901
0.832468828709858 -> 0.8324688287098581
0.801885171532079 -> 0.8018851715320791
0.846876814437379 -> 0.8468768144373791
0.2844707255493025 -> 0.28447072554930253
0.687511473780339 -> 0.6875114737803391
0.1609141826920404 -> 0.16091418269204039
0.0243548159639958 -> 0.024354815963995802
0.4860312210289571 -> 0.48603122102895713
0.3368808181281365 -> 0.33688081812813653
0.2193950409283454 -> 0.21939504092834539
0.996939571746358 -> 0.9969395717463581
0.004168607063104401 -> 0.0041686070631044014
0.757105558731132 -> 0.7571055587311319
0.609234881063555 -> 0.6092348810635549
0.3317228205621712 -> 0.33172282056217117
0.4522028797717699 -> 0.45220287977176987
0.1253552208871863 -> 0.12535522088718631
0.98318389031365 -> 0.9831838903136501
0.79971319352886 -> 0.7997131935288599
0.4658394941704532 -> 0.46583949417045323
0.760511934001529 -> 0.7605119340015291
0.668224654629546 -> 0.6682246546295461
0.925840912576329 -> 0.9258409125763289
0.3138354633531589 -> 0.31383546335315893
0.793771968934951 -> 0.7937719689349511
0.839323937958457 -> 0.8393239379584569
0.500326261034371 -> 0.5003262610343709
0.647543603378471 -> 0.6475436033784711
0.05223100120482271 -> 0.052231001204822713
0.1467149347767953 -> 0.14671493477679531
0.04601867745634158 -> 0.046018677456341583
0.2706868571761816 -> 0.27068685717618157
0.673395876793282 -> 0.6733958767932821
0.520965665324923 -> 0.5209656653249231
0.1527462374981262 -> 0.15274623749812621
0.2198623757635393 -> 0.21986237576353929
0.2916069189234963 -> 0.29160691892349633
0.637530149009433 -> 0.6375301490094329
0.0972895980610975 -> 0.09728959806109749
0.3886738173294845 -> 0.38867381732948447
0.503892490012048 -> 0.5038924900120481
0.1111383607780475 -> 0.11113836077804751
0.2684987538911284 -> 0.26849875389112843
0.3289716160051325 -> 0.32897161600513247
0.630701462237582 -> 0.6307014622375819
0.1871129375865659 -> 0.18711293758656589
0.875572847944526 -> 0.8755728479445259
0.03460271236623624 -> 0.034602712366236243
0.982022224447962 -> 0.9820222244479621
0.960369744617457 -> 0.9603697446174571
0.737995618637105 -> 0.7379956186371051
0.755014687757461 -> 0.7550146877574609
0.590227063579361 -> 0.5902270635793611
0.1571094487930388 -> 0.15710944879303879
0.72026634732889 -> 0.7202663473288901
0.2393992599000173 -> 0.23939925990001731
0.627301325956861 -> 0.6273013259568609
0.688908359700868 -> 0.6889083597008679
0.519291505861669 -> 0.5192915058616689
0.833817603677871 -> 0.8338176036778711
0.3703416267705609 -> 0.37034162677056093
0.1273843407662998 -> 0.12738434076629979
0.2034451481148669 -> 0.20344514811486691
0.2195507599128491 -> 0.21955075991284911
0.1771708106131651 -> 0.17717081061316509
0.4977592443428627 -> 0.49775924434286267
0.737115274260358 -> 0.7371152742603581
0.574542738684859 -> 0.5745427386848589
0.4881736634349991 -> 0.48817366343499913
0.48380904495648 -> 0.48380904495648003
0.3434884189212771 -> 0.34348841892127713
0.67379195730975 -> 0.6737919573097499
0.708031042337326 -> 0.7080310423373261
0.845766372034156 -> 0.8457663720341561
0.397837737714445 -> 0.39783773771444497
0.978631520619272 -> 0.9786315206192721
0.3761715880905733 -> 0.37617158809057327
0.3674654951262947 -> 0.36746549512629467
0.823982499305631 -> 0.8239824993056311
0.4582763426244367 -> 0.45827634262443673
0.2718595157252576 -> 0.27185951572525757
0.720555420849535 -> 0.7205554208495351
0.1702430777420295 -> 0.17024307774202951
0.543984724362437 -> 0.5439847243624371
0.808123253280775 -> 0.8081232532807749
0.2296599969640125 -> 0.22965999696401251
0.668802563478265 -> 0.6688025634782651
0.912115514746972 -> 0.9121155147469719
0.2837151932877158 -> 0.28371519328771577
0.837682789684216 -> 0.8376827896842159
0.988254357049345 -> 0.9882543570493449
0.1357848747581165 -> 0.13578487475811651
0.589700018271269 -> 0.5897000182712691
0.01814294028283636 -> 0.018142940282836362
0.3911192575996498 -> 0.39111925759964983
0.2690916837984276 -> 0.26909168379842763
0.689027033032309 -> 0.6890270330323091
0.2898343080053081 -> 0.28983430800530807
0.209143456715862 -> 0.20914345671586199
0.685744835939677 -> 0.6857448359396771
0.957072645800846 -> 0.9570726458008459
0.762827828885352 -> 0.7628278288853521
0.3891248249964743 -> 0.38912482499647427
0.1859369898415104 -> 0.18593698984151041
0.557265485456442 -> 0.5572654854564419
0.01621420988062716 -> 0.016214209880627162
0.3008472016960341 -> 0.30084720169603407
0.04329511815414833 -> 0.043295118154148327
0.895533597714606 -> 0.8955335977146059
0.1540582009037854 -> 0.15405820090378541
0.61342546166452 -> 0.6134254616645201
0.605651175060058 -> 0.6056511750600579
0.0816557466786152 -> 0.08165574667861519
0.3782458380526246 -> 0.37824583805262457
0.65529456127197 -> 0.6552945612719701
0.3440513624156952 -> 0.34405136241569523
0.275870007825711 -> 0.27587000782571103
0.954904621372966 -> 0.9549046213729659
0.528863249400572 -> 0.5288632494005721
0.463784967100105 -> 0.46378496710010497
0.824018024734054 -> 0.8240180247340541
0.952393215478957 -> 0.9523932154789569
0.942392693171966 -> 0.9423926931719659
0.3799283912590182 -> 0.37992839125901823
0.531132759740714 -> 0.5311327597407141
0.3873139902760038 -> 0.38731399027600377
0.894533862373388 -> 0.8945338623733879
0.3397452008886441 -> 0.33974520088864413
0.85566334210917 -> 0.8556633421091701
0.528095208407034 -> 0.5280952084070339
0.857567593490628 -> 0.8575675934906281
0.510640766973603 -> 0.5106407669736031
0.795554161217153 -> 0.7955541612171531
0.981166578809682 -> 0.9811665788096821
0.04826738755811932 -> 0.048267387558119323
0.4458197097841404 -> 0.44581970978414043
0.05842080741059286 -> 0.058420807410592857
0.534686474800459 -> 0.5346864748004591
0.93074517759448 -> 0.9307451775944801
0.515102628527563 -> 0.5151026285275629
0.1307428351705371 -> 0.13074283517053709
0.525020650156585 -> 0.5250206501565849
0.4824974149273141 -> 0.48249741492731413
0.4433122523527879 -> 0.44331225235278793
0.190157843285941 -> 0.19015784328594099
0.3934246050646171 -> 0.39342460506461707
0.586402278969058 -> 0.5864022789690581
0.1712052026339589 -> 0.17120520263395889
0.04667856283627125 -> 0.046678562836271253
0.958681680191176 -> 0.9586816801911761
0.3887971481873502 -> 0.38879714818735023
0.749009886595357 -> 0.7490098865953571
0.2114027680954048 -> 0.21140276809540481
0.03072272340334181 -> 0.030722723403341812
0.829116596906671 -> 0.8291165969066711
0.769312801420101 -> 0.7693128014201009
0.04220398202319409 -> 0.042203982023194087
0.4977159645069478 -> 0.49771596450694777
0.590262622339984 -> 0.5902626223399841
0.3949582555553314 -> 0.39495825555533137
0.1655915977387762 -> 0.16559159773877619
0.629797385289597 -> 0.6297973852895969
0.519300521103154 -> 0.5193005211031539
0.313987006900908 -> 0.31398700690090797
0.003286930458200499 -> 0.0032869304582004988
0.722885291596502 -> 0.7228852915965021
0.621161476726174 -> 0.6211614767261741
0.54330761840156 -> 0.5433076184015601
0.931832629955128 -> 0.9318326299551279
0.622141410018412 -> 0.6221414100184121
0.721646266062621 -> 0.7216462660626209
0.699968847714247 -> 0.6999688477142469
0.2220608537648774 -> 0.22206085376487739
0.04254364477282346 -> 0.042543644772823463
0.4300139156649396 -> 0.43001391566493963
0.1915781983516157 -> 0.19157819835161571
0.01256164378412128 -> 0.012561643784121279
0.761048667618413 -> 0.7610486676184131
0.553692373133783 -> 0.5536923731337829
0.3533094028087784 -> 0.35330940280877843
0.1739556946893729 -> 0.17395569468937289
0.1609620897874494 -> 0.16096208978744941
0.209931048027844 -> 0.20993104802784401
0.1732993993430023 -> 0.17329939934300231
0.4490435157545625 -> 0.44904351575456247
0.2702666899182464 -> 0.27026668991824643
0.4129660783319202 -> 0.41296607833192023
0.555436535538053 -> 0.5554365355380529
0.4405736827864353 -> 0.44057368278643527
0.05517053791576065 -> 0.055170537915760653
0.3609033543376233 -> 0.36090335433762333
0.02568851171151121 -> 0.025688511711511208
0.2893080307436178 -> 0.28930803074361777
0.80733917698398 -> 0.8073391769839799
0.003659734083948041 -> 0.0036597340839480408
0.02517954147015866 -> 0.025179541470158662
0.607954233245317 -> 0.6079542332453171
0.3618376648475988 -> 0.36183766484759883
0.3079807688417944 -> 0.30798076884179437
0.819751640054941 -> 0.8197516400549411
0.05825717373522055 -> 0.058257173735220547
0.591125884072981 -> 0.5911258840729809
0.761769330843657 -> 0.7617693308436571
0.846222689327846 -> 0.8462226893278459
0.950831950121447 -> 0.9508319501214469
0.3205894007710339 -> 0.32058940077103393
0.1960100194567964 -> 0.19601001945679641
0.998490087830674 -> 0.9984900878306739
0.05085393793621917 -> 0.050853937936219173
0.2023305059343007 -> 0.20233050593430069
0.743469515852273 -> 0.7434695158522731
0.4555659604250826 -> 0.45556596042508257
0.1561449587973225 -> 0.15614495879732249
0.2785844316421556 -> 0.27858443164215563
0.1861616249211724 -> 0.18616162492117239
0.4389476555563325 -> 0.43894765555633253
0.928702802649851 -> 0.9287028026498509
0.898189947938763 -> 0.8981899479387629
0.0771688897008923 -> 0.07716888970089231
0.585438650766057 -> 0.5854386507660569
0.1475319249078514 -> 0.14753192490785139
0.874104952580187 -> 0.8741049525801869
0.99133650652027 -> 0.9913365065202701
0.3360595037110021 -> 0.33605950371100213
0.888251289426016 -> 0.8882512894260161
0.066502910550845 -> 0.06650291055084501
0.580184936186319 -> 0.5801849361863189
0.606802452007213 -> 0.6068024520072129
0.3462083203050281 -> 0.34620832030502813
0.3452078984705719 -> 0.34520789847057187
0.3018562523388231 -> 0.30185625233882307
0.81150410534695 -> 0.8115041053469501
0.1589237958491969 -> 0.15892379584919691
0.04307062152796148 -> 0.043070621527961483
0.4717785631367096 -> 0.47177856313670963
0.613484959229116 -> 0.6134849592291159
0.63504750412937 -> 0.6350475041293701
0.4408112533739382 -> 0.44081125337393823
0.1557923315030285 -> 0.15579233150302851
0.01060251385584532 -> 0.010602513855845319
0.699015081933755 -> 0.6990150819337549
0.655603438344806 -> 0.6556034383448061
0.3011933198942848 -> 0.30119331989428477
0.829268794839293 -> 0.8292687948392931
0.1849920915977218 -> 0.18499209159772179
0.658020964551915 -> 0.6580209645519151
0.932831513346218 -> 0.9328315133462181
0.583106961032616 -> 0.5831069610326159
0.05522177548747342 -> 0.055221775487473423
0.792356436460461 -> 0.7923564364604611
0.933360109814729 -> 0.9333601098147291
0.1506771321941517 -> 0.15067713219415169
0.03319251076646779 -> 0.033192510766467787
0.990026689469998 -> 0.9900266894699979
0.542595463193354 -> 0.5425954631933541
0.1238052500497916 -> 0.12380525004979159
0.2110552116219475 -> 0.21105521162194751
0.822424377795479 -> 0.8224243777954789
0.03011294272645537 -> 0.030112942726455372
0.3333560819265107 -> 0.33335608192651067
0.4175615540091763 -> 0.41756155400917627
0.3055296838320051 -> 0.30552968383200507
0.3388677146320139 -> 0.33886771463201393
0.3621870723747804 -> 0.36218707237478043
0.629468654594249 -> 0.6294686545942491
0.713519234509917 -> 0.7135192345099171
0.092671882626563 -> 0.09267188262656301
0.1683165219817815 -> 0.16831652198178149
0.4276881400745772 -> 0.42768814007457723
0.68575404451159 -> 0.6857540445115901
0.511375763606361 -> 0.5113757636063609
0.725532550730629 -> 0.7255325507306289
0.741222667614093 -> 0.7412226676140929
0.2331724966696508 -> 0.23317249666965079
0.551200015578516 -> 0.5512000155785159
0.1980094794626409 -> 0.19800947946264091
0.4062713296590931 -> 0.40627132965909307
0.3634016024755439 -> 0.36340160247554387
0.660435091050876 -> 0.6604350910508761
0.0313920999979076 -> 0.031392099997907597
0.234060843404735 -> 0.23406084340473499
0.1958024356350445 -> 0.19580243563504451
0.3219287385941835 -> 0.32192873859418347
0.1512677860799405 -> 0.15126778607994051
0.4409607686433967 -> 0.44096076864339673
0.616639401149707 -> 0.6166394011497069
0.4583154544727224 -> 0.45831545447272237
0.03053979012725405 -> 0.030539790127254052
0.538860623641712 -> 0.5388606236417121
0.4692164326341072 -> 0.46921643263410717
0.2417912165603434 -> 0.24179121656034341
0.4089193590547682 -> 0.40891935905476817
0.2937787263216389 -> 0.29377872632163893
0.961884582666998 -> 0.9618845826669979
0.0718827439195956 -> 0.07188274391959559
0.943396955670533 -> 0.9433969556705331
0.78118382139782 -> 0.7811838213978201
0.0754062862543824 -> 0.07540628625438239
0.1118199453362081 -> 0.11181994533620809
0.05631641124236186 -> 0.056316411242361863
0.4635794263945269 -> 0.46357942639452687
0.3560182280640454 -> 0.35601822806404537
0.655448562291782 -> 0.6554485622917821
0.2413054389820911 -> 0.24130543898209111
0.2893458285053849 -> 0.28934582850538493
0.1268538677346117 -> 0.12685386773461171
0.329603422123216 -> 0.32960342212321603
0.4299418199683607 -> 0.42994181996836067
0.692405981060983 -> 0.6924059810609829
0.732554588782589 -> 0.7325545887825889
0.4103849196019487 -> 0.41038491960194867
0.887463907033818 -> 0.8874639070338179
0.4726710499292264 -> 0.47267104992922637
0.2776481268385598 -> 0.27764812683855977
0.703760636477126 -> 0.7037606364771259
0.2982954120651162 -> 0.29829541206511623
0.589120772590843 -> 0.5891207725908429
0.57959455235231 -> 0.5795945523523101
0.1273348143350055 -> 0.12733481433500549
0.4858437633709837 -> 0.48584376337098367
0.853845894364683 -> 0.8538458943646829
0.82845802810843 -> 0.8284580281084299
0.4058309414852663 -> 0.40583094148526633
0.938705135847062 -> 0.9387051358470621
0.01336780758104572 -> 0.013367807581045721
0.853258207089651 -> 0.8532582070896511
0.4616499643081797 -> 0.46164996430817973
0.900515511285713 -> 0.9005155112857131
0.088128881952233 -> 0.08812888195223301
0.991530774209262 -> 0.9915307742092619
0.4207909396262349 -> 0.42079093962623493
0.134966006143469 -> 0.13496600614346899
0.564255178828241 -> 0.5642551788282411
0.690795224410302 -> 0.6907952244103019
0.928555066259174 -> 0.9285550662591739
0.02845083980559804 -> 0.028450839805598038
0.1456081336743449 -> 0.14560813367434489
0.2997193974775684 -> 0.29971939747756837
0.2789859970538556 -> 0.27898599705385563
0.2196125369831433 -> 0.21961253698314331
0.575514562602571 -> 0.5755145626025709
0.813013501761432 -> 0.8130135017614319
0.655092492510919 -> 0.6550924925109189
0.69799816007762 -> 0.6979981600776199
0.1664434600069261 -> 0.16644346000692611
0.455721928257976 -> 0.45572192825797597
0.109899380214464 -> 0.10989938021446399
0.4297866584877508 -> 0.42978665848775077
0.785909637078334 -> 0.7859096370783339
0.4162728166663828 -> 0.41627281666638283
0.669753432854371 -> 0.6697534328543709
0.2905329734143344 -> 0.29053297341433437
0.3331957109589124 -> 0.33319571095891243
0.808418116347353 -> 0.8084181163473531
0.950066734282004 -> 0.9500667342820041
0.4799872508824993 -> 0.47998725088249927
0.708688690952819 -> 0.7086886909528189
0.1706532464107995 -> 0.17065324641079949
0.320727398708368 -> 0.32072739870836797
0.1458648690481852 -> 0.14586486904818519
0.4398193813557498 -> 0.43981938135574983
0.758852640407849 -> 0.7588526404078491
0.1769235930616989 -> 0.17692359306169891
0.734491767526327 -> 0.7344917675263271
0.03547658046197932 -> 0.035476580461979323
0.306811061928737 -> 0.30681106192873697
0.98329820754767 -> 0.9832982075476699
0.2244015478120195 -> 0.22440154781201949
0.4738528288024558 -> 0.47385282880245583
0.004069621026730474 -> 0.0040696210267304744
0.2171577496475703 -> 0.21715774964757029
0.0483280538027645 -> 0.048328053802764503
0.2668690594785115 -> 0.26686905947851147
0.459881618542442 -> 0.45988161854244203
0.4569285852534615 -> 0.45692858525346147
0.979384604991204 -> 0.9793846049912041
0.981191539990591 -> 0.9811915399905911
0.967150648003892 -> 0.9671506480038921
0.4054406728904488 -> 0.40544067289044883
0.4812062615882646 -> 0.48120626158826463
0.850198382106994 -> 0.8501983821069941
0.532256024324332 -> 0.5322560243243321
0.859366468768128 -> 0.8593664687681279
0.2225962901999088 -> 0.22259629019990879
0.848583716176809 -> 0.8485837161768091
0.2439315671153338 -> 0.24393156711533381
0.914723657560435 -> 0.9147236575604351
0.2418326633729211 -> 0.24183266337292109
0.2070164623128775 -> 0.20701646231287751
0.674551844115373 -> 0.6745518441153729
0.003505656085764697 -> 0.0035056560857646968
0.3934878306124239 -> 0.39348783061242387
0.04506160400367187 -> 0.045061604003671873
0.858194052711097 -> 0.8581940527110971
0.0846041739842519 -> 0.08460417398425191
0.723459828673576 -> 0.7234598286735761
0.3506453857724737 -> 0.35064538577247373
0.2300597352488538 -> 0.23005973524885381
0.0455735131102365 -> 0.045573513110236497
0.829453982393695 -> 0.8294539823936951
0.650892333255291 -> 0.6508923332552909
0.1272395137652753 -> 0.12723951376527531
0.932127093986791 -> 0.9321270939867911
0.799680214077856 -> 0.7996802140778561
0.2201839156170632 -> 0.22018391561706319
0.3679508009313813 -> 0.36795080093138133
0.1033197602503012 -> 0.10331976025030121
0.4287484132629166 -> 0.42874841326291657
0.614116716318097 -> 0.6141167163180969
0.50174460092973 -> 0.5017446009297299
0.2432848319156138 -> 0.24328483191561379
0.505197642435742 -> 0.5051976424357419
0.0770647175620034 -> 0.07706471756200339
0.2212918940727472 -> 0.22129189407274719
0.88747048290642 -> 0.8874704829064201
0.4597463050124799 -> 0.45974630501247993
0.0155596895297766 -> 0.015559689529776599
0.264920356639922 -> 0.26492035663992197
0.1094088207116184 -> 0.10940882071161839
0.821362329038062 -> 0.8213623290380619
0.895909681942267 -> 0.8959096819422671
0.1008770071646461 -> 0.10087700716464609
0.985314176420721 -> 0.9853141764207211
0.683410391994763 -> 0.6834103919947629
0.2206964918282006 -> 0.22069649182820061
0.22195463654474 -> 0.22195463654474001
0.073038357750414 -> 0.07303835775041401
0.1871512372104812 -> 0.18715123721048121
0.3453136660413684 -> 0.34531366604136837
0.0923884055801154 -> 0.09238840558011541
0.71568003385258 -> 0.7156800338525801
0.964298320952443 -> 0.9642983209524431
0.4284294912611952 -> 0.42842949126119523
0.928174589258909 -> 0.9281745892589091
0.4155003913809798 -> 0.41550039138097983
0.870703357433461 -> 0.8707033574334609
0.05066362105144551 -> 0.050663621051445507
0.659321154007734 -> 0.6593211540077339
0.4263801446871264 -> 0.42638014468712637
0.569941201028138 -> 0.5699412010281379
0.72718753450543 -> 0.7271875345054301
0.699015576847066 -> 0.6990155768470659
0.4584940829820566 -> 0.45849408298205663
0.2565946525726506 -> 0.25659465257265057
0.8383494272957 -> 0.8383494272956999
0.3051381235643362 -> 0.30513812356433623
0.4845333064682599 -> 0.48453330646825987
0.983668286385807 -> 0.9836682863858069
0.3595168576940381 -> 0.35951685769403807
0.3588588322063406 -> 0.35885883220634063
0.0943404828122184 -> 0.09434048281221841
0.618057308893113 -> 0.6180573088931131
0.934428398749306 -> 0.9344283987493061
0.79856970555265 -> 0.7985697055526501
0.473585052458354 -> 0.47358505245835403
0.61255782376272 -> 0.6125578237627201
0.2493248088854534 -> 0.24932480888545339
0.2482500028534914 -> 0.24825000285349141
0.4086241764252386 -> 0.40862417642523863
0.02295337796778474 -> 0.022953377967784738
0.0880009033134228 -> 0.08800090331342281
0.2090779298927503 -> 0.20907792989275031
0.01841460218693791 -> 0.018414602186937912
0.4652019367478403 -> 0.46520193674784027
0.955253072462593 -> 0.9552530724625929
0.749212571350862 -> 0.7492125713508621
0.03196739021156925 -> 0.031967390211569247
0.2213711483801898 -> 0.22137114838018979
0.551181974978806 -> 0.5511819749788061
0.2242471288156518 -> 0.22424712881565179
0.3727478716279852 -> 0.37274787162798517
0.923713820480281 -> 0.9237138204802809
0.924347920076036 -> 0.9243479200760359
0.3377244817966987 -> 0.33772448179669867
0.525910696904691 -> 0.5259106969046911
0.591337858266965 -> 0.5913378582669651
0.610817742747574 -> 0.6108177427475741
0.03458062222327574 -> 0.034580622223275737
0.3067161420152619 -> 0.30671614201526187
0.859194769966173 -> 0.8591947699661731
0.833003155162025 -> 0.8330031551620251
0.535898999310294 -> 0.5358989993102941
0.825679076783637 -> 0.8256790767836369
0.993722043608881 -> 0.9937220436088809
0.624498408237461 -> 0.6244984082374609
0.2318312899269276 -> 0.23183128992692759
0.2328109451302076 -> 0.23281094513020761
0.0966818310006251 -> 0.09668183100062511
0.605922588076863 -> 0.6059225880768629
0.4404753856147752 -> 0.44047538561477517
0.0861308514955842 -> 0.08613085149558419
0.944444226423722 -> 0.9444442264237221
0.3802839066454409 -> 0.38028390664544087
0.3360921973328099 -> 0.33609219733280993
0.3876498588352357 -> 0.38764985883523573
0.143342751233988 -> 0.14334275123398799
0.1524304029179573 -> 0.15243040291795729
0.59475323568124 -> 0.5947532356812399
0.804029527764967 -> 0.8040295277649669
0.2459148932107975 -> 0.24591489321079751
0.03520801087110614 -> 0.035208010871106143
0.615710611644465 -> 0.6157106116444649
0.722378443866385 -> 0.7223784438663849
0.1356346892923289 -> 0.13563468929232891
0.974569261520079 -> 0.9745692615200791
0.624164191491206 -> 0.6241641914912061
0.1705876298220491 -> 0.17058762982204911
0.8362019646478 -> 0.8362019646477999
0.1028500704693407 -> 0.10285007046934069
0.2148184863981525 -> 0.21481848639815249
0.1773954357748284 -> 0.17739543577482841
0.614869019068014 -> 0.6148690190680141
0.601985752079712 -> 0.6019857520797121
0.003153873534480933 -> 0.0031538735344809332
0.759846417732641 -> 0.7598464177326411
0.680043144553307 -> 0.6800431445533071
0.1011101132729103 -> 0.10111011327291031
0.71774376192896 -> 0.7177437619289599
0.1814518193727057 -> 0.18145181937270571
0.0206611502542442 -> 0.020661150254244198
0.4262878557195314 -> 0.42628785571953143
0.005577680041289224 -> 0.0055776800412892236
0.960572373648305 -> 0.9605723736483049
0.539245934895834 -> 0.5392459348958339
0.001128679160360191 -> 0.0011286791603601909
0.917005929199948 -> 0.9170059291999479
0.934331037148248 -> 0.9343310371482479
0.989358216670085 -> 0.9893582166700849
0.500084716004981 -> 0.5000847160049809
0.2734405519020566 -> 0.27344055190205663
0.03078323645209524 -> 0.030783236452095242
0.4882517960676864 -> 0.48825179606768643
0.731968558723536 -> 0.7319685587235359
0.3609466524172322 -> 0.36094665241723223
0.2775013022416635 -> 0.27750130224166347
0.4498249577431154 -> 0.44982495774311537
0.00904945298615878 -> 0.009049452986158779
0.1852418820097642 -> 0.18524188200976421
0.2183725159871477 -> 0.21837251598714769
0.2847511291702364 -> 0.28475112917023637
0.4828361659361948 -> 0.48283616593619483
0.513339525503339 -> 0.5133395255033389
0.752857717748666 -> 0.7528577177486661
0.527619530372821 -> 0.5276195303728211
0.1344405694140446 -> 0.13444056941404459
0.112165459368322 -> 0.11216545936832201
0.924022387771609 -> 0.9240223877716091
0.71635789946292 -> 0.7163578994629199
0.2369456943740922 -> 0.23694569437409219
0.00872664580025062 -> 0.008726645800250621
0.506883736378478 -> 0.5068837363784779
0.3645622669997928 -> 0.36456226699979277
0.1959653068292493 -> 0.19596530682924929
0.1237951201578169 -> 0.12379512015781691
0.2688147195372734 -> 0.26881471953727343
0.559753789224887 -> 0.5597537892248871
0.01009717405227084 -> 0.010097174052270841
0.2140860034942592 -> 0.21408600349425921
0.4794470157595144 -> 0.47944701575951443
0.189470673572376 -> 0.18947067357237601
0.0126389137377253 -> 0.012638913737725299
0.864303230404945 -> 0.8643032304049451
0.3732837350397262 -> 0.37328373503972623
0.2322133361874439 -> 0.23221333618744389
0.917469860011978 -> 0.9174698600119779
0.559635215865044 -> 0.5596352158650439
0.03616541658830685 -> 0.036165416588306853
0.631594350430356 -> 0.6315943504303561
0.1727009699898404 -> 0.17270096998984041
0.222184035322588 -> 0.22218403532258801
0.65004113809531 -> 0.6500411380953099
0.623795739952618 -> 0.6237957399526179
0.8827512751878 -> 0.8827512751878001
0.947769896175991 -> 0.9477698961759909
0.613668921109707 -> 0.6136689211097071
0.03291669219457816 -> 0.032916692194578157
0.706454505713003 -> 0.7064545057130029
0.891675473552969 -> 0.8916754735529689
0.05793896599806048 -> 0.057938965998060477
0.2854533204228554 -> 0.28545332042285543
0.112923175033381 -> 0.11292317503338101
0.2284932425136771 -> 0.22849324251367709
0.3645188027494978 -> 0.36451880274949777
0.728578966507684 -> 0.7285789665076839
0.2337224507051784 -> 0.23372245070517839
0.2924581363944945 -> 0.29245813639449447
0.746460280095327 -> 0.7464602800953269
0.810904872152237 -> 0.8109048721522371
0.2222555005416572 -> 0.22225550054165721
0.1555924357404357 -> 0.15559243574043569
0.595705812287809 -> 0.5957058122878089
0.4059045096719682 -> 0.40590450967196823
0.02046135520934045 -> 0.020461355209340448
0.134497430815381 -> 0.13449743081538101
0.4909557657646689 -> 0.49095576576466893
0.807385092705523 -> 0.8073850927055231
0.581814650509969 -> 0.5818146505099689
0.3332254340054496 -> 0.33322543400544957
0.632194458443814 -> 0.6321944584438139
0.941138082591434 -> 0.9411380825914341
0.832834944223175 -> 0.8328349442231751
0.05179250834605598 -> 0.051792508346055977
0.4142173977566804 -> 0.41421739775668043
0.4858521092174444 -> 0.48585210921744437
0.2009431774400776 -> 0.20094317744007761
0.934481098046893 -> 0.9344810980468931
0.514100313523913 -> 0.5141003135239131
0.2599600305024031 -> 0.25996003050240313
0.4528067587886834 -> 0.45280675878868337
0.03437009417519565 -> 0.034370094175195653
0.04603032428931653 -> 0.046030324289316527
0.824178718064353 -> 0.8241787180643531
0.654273309359166 -> 0.6542733093591661
0.1594537187341626 -> 0.15945371873416259
0.01320469227337595 -> 0.013204692273375951
0.560366011502271 -> 0.5603660115022711
0.656882891522585 -> 0.6568828915225851
0.190004825355491 -> 0.19000482535549101
0.4256407649783919 -> 0.42564076497839187
0.4111804348558111 -> 0.41118043485581113
0.410640077020166 -> 0.41064007702016603
0.795999460410518 -> 0.7959994604105179
0.566800650734333 -> 0.5668006507343329
0.577000937498721 -> 0.5770009374987209
0.61715215058556 -> 0.6171521505855601
0.006569868701738812 -> 0.0065698687017388124
0.4510564862079324 -> 0.45105648620793237
0.4172185417345948 -> 0.41721854173459483
0.01890192196997653 -> 0.018901921969976532
0.01542707774422336 -> 0.015427077744223361
0.4960658204213306 -> 0.49606582042133063
0.2362564518687401 -> 0.23625645186874011
0.04059469496856127 -> 0.040594694968561273
0.630621830269743 -> 0.6306218302697429
0.598330257682611 -> 0.5983302576826111
0.4515853516413669 -> 0.45158535164136693
0.4164654291140025 -> 0.41646542911400253
0.2999856453820475 -> 0.29998564538204753
0.926877769895115 -> 0.9268777698951149
0.775688893442464 -> 0.7756888934424639
0.06033541260397857 -> 0.060335412603978567
0.755244382063677 -> 0.7552443820636771
0.636349656185557 -> 0.6363496561855571
0.2237337187347994 -> 0.22373371873479941
0.3964345577664595 -> 0.39643455776645953
0.004954565293771918 -> 0.0049545652937719176
0.1250773152363127 -> 0.12507731523631271
0.1778405432116862 -> 0.17784054321168619
0.2146468031453065 -> 0.21464680314530649
0.4231498648259647 -> 0.42314986482596473
0.938424554777538 -> 0.9384245547775379
0.663440359166033 -> 0.6634403591660329
0.2263577767107222 -> 0.22635777671072221
0.2288605722595385 -> 0.22886057225953849
0.05600620252825406 -> 0.056006202528254057
0.1663938474700455 -> 0.16639384747004549
0.3741532452098493 -> 0.37415324520984927
0.522828145898592 -> 0.5228281458985919
0.588150476691988 -> 0.5881504766919879
0.2380016423497021 -> 0.23800164234970211
0.0791519121374109 -> 0.07915191213741091
0.63576878007498 -> 0.6357687800749799
0.396805828358578 -> 0.39680582835857803
0.851748400991651 -> 0.8517484009916509
0.637329159425503 -> 0.6373291594255029
0.4657900066100156 -> 0.46579000661001557
0.4966636577919675 -> 0.49666365779196753
0.873205719924182 -> 0.8732057199241819
0.4069410025237091 -> 0.40694100252370913
0.0684467703083581 -> 0.06844677030835811
0.913222382173906 -> 0.9132223821739061
0.791039006028531 -> 0.7910390060285311
0.03717941128576829 -> 0.037179411285768293
0.1838026497493188 -> 0.18380264974931881
0.4125260610899322 -> 0.41252606108993217
0.897931581960073 -> 0.8979315819600731
0.05307766496899902 -> 0.053077664968999017
0.417764561155927 -> 0.41776456115592697
0.887357558311549 -> 0.8873575583115491
0.541347389443325 -> 0.5413473894433251
0.622032197452349 -> 0.6220321974523489
0.871861516263086 -> 0.8718615162630859
0.752505661074721 -> 0.7525056610747211
0.703539764365608 -> 0.7035397643656079
0.481825552942134 -> 0.48182555294213403
0.868203216478244 -> 0.8682032164782441
0.2099623208366901 -> 0.20996232083669009
0.03202035477721921 -> 0.032020354777219207
0.575224036452817 -> 0.5752240364528169
0.04509530941199014 -> 0.045095309411990137
0.3446885938634697 -> 0.34468859386346973
0.875951520936813 -> 0.8759515209368131
0.01301063969339633 -> 0.013010639693396331
0.1658674251095794 -> 0.16586742510957941
0.1330022463606889 -> 0.13300224636068891
0.2390957933183223 -> 0.23909579331832231
0.938902847757837 -> 0.9389028477578369
0.4684504742972391 -> 0.46845047429723907
0.848685755391481 -> 0.8486857553914809
0.3564172075929882 -> 0.35641720759298823
0.932855127402966 -> 0.9328551274029659
0.726520941388551 -> 0.7265209413885509
0.4245849214907155 -> 0.42458492149071547
0.4147563482188035 -> 0.41475634821880347
0.4973529240821635 -> 0.49735292408216347
0.826862831819068 -> 0.8268628318190679
0.4663719194098567 -> 0.46637191940985667
0.4264387843275321 -> 0.42643878432753213
0.2754224084717318 -> 0.27542240847173183
0.01333157543121788 -> 0.013331575431217879
0.4963482303806592 -> 0.49634823038065923
diff type $, left class java.util.Collections$SingletonMap, right class java.util.Collections$EmptyMap
diff map size $, left 1, right 0, com.alibaba.fastjson2.JSONObject
diff collection size $, left 1, right 0
diff collection size $, left 0, right 1
diff value $, left abc, right aac
diff type $.a, right is null, left class class java.lang.String
diff map $, java.util.Collections$SingletonMap
diff value $, left 1, right 2
diff value $.id, left 1, right 2
diff object $, class null
diff value $.value, left a, right b
diff object $, class null
diff value $.value, left ab, right b
diff object $, class null
diff value $.value, left ab, right ac
diff object $, class null
diff type $.value, right is null, left class class java.lang.String
diff object $, class null
diff type $.value, left is null, right class class java.lang.String
diff object $, class null
diff compare $, class jrt:/java.base/java/lang/String.class
diff array compare $, class null
diff sortedMap compare map $, class jrt:/java.base/java/util/LinkedHashMap.class
diff compare $, class null
d00000c00004e
78
12
13
{1},
{10},
{100},
{1000},
{10000},
{100000},
{1000000},
{10000000},
{100000000},
{1000000000},
{2, 1410065408},
{23, 1215752192},
{232, -727379968},
{2328, 1316134912},
{23283, 276447232},
{232830, -1530494976},
{2328306, 1874919424},
{23283064, 1569325056},
{232830643, -1486618624},
{-1966660860, -1981284352},
{5, 1808227885, 1661992960},
{54, 902409669, -559939584},
{542, 434162106, -1304428544},
{5421, 46653770, -159383552},
{54210, 466537709, -1593835520},
{542101, 370409800, 1241513984},
{5421010, -590869294, -469762048},
{54210108, -1613725636, -402653184},
{542101086, 1042612833, 268435456},
{1, 1126043566, 1836193738, -1610612736},
{12, -1624466224, 1182068202, 1073741824},
{126, 935206946, -1064219866, -2147483648},
{1262, 762134875, -2052264063, 0},
{12621, -968585837, 952195850, 0},
{126217, -1095923776, 932023908, 0},
{1262177, 1925664130, 730304488, 0},
{12621774, 2076772117, -1286889712, 0},
{126217744, -707115303, 16004768, 0},
{1262177448, 1518781562, 160047680, 0},
{2, -263127405, -1992053564, 1600476800, 0},
{29, 1663693251, 1554300843, -1175101184, 0},
{293, -542936671, -1636860747, 1133890048, 0},
{2938, -1134399408, 811261716, -1546001408, 0},
{29387, 1540907809, -477317426, 1719855104, 0},
{293873, -1770791086, -478206960, 18681856, 0},
{2938735, -528041668, -487102304, 186818560, 0},
{29387358, -985449376, -576055744, 1868185600, 0},
{293873587, -1264559160, -1465590140, 1501986816, 0},
{-1356231419, 239310294, -1770999509, 2134966272, 0},
{6, -677412302, -1901864351, -530125902, -125173760, 0},
{68, 1815811577, -1838774318, -1006291715, -1251737600, 0},
{684, 978246591, -1207873989, -1472982551, 367525888, 0},
{6842, 1192531325, 806162004, -1844923622, -619708416, 0},
{68422, -959588637, -528314547, -1269367028, -1902116864, 0},
{684227, -1005951770, -988178167, 191231613, -1841299456, 0},
{6842277, -1469583101, -1291847078, 1912316135, -1233125376, 0},
{68422776, -1810929116, -33568888, 1943292173, 553648128, 0},
{684227765, -929421967, -335688876, -2041914749, 1241513984, 0},
{1, -1747656935, -704285069, 938078541, 1055688992, -469762048, 0},
{15, -296700158, 1547083904, 790850820, 1966955336, -402653184, 0},
{159, 1327965719, -1709030143, -681426388, -1805283111, 268435456, 0},
{1593, 394755308, 89567762, 1775670717, -872961926, -1610612736, 0},
{15930, -347414216, 895677624, 576837993, -139684662, 1073741824, 0},
{159309, 820825138, 366841649, 1473412643, -1396846618, -2147483648, 0},
{
	"@type":"com.google.common.collect.SingletonImmutableBiMap",
	"k1":1
}
{
	"@type":"com.google.common.collect.SingletonImmutableBiMap",
	"k1":1
}
0xF 1111
0xF0 11110000
0x601100000

0	48	110000	3	0	18	0	0
1	49	110001	3	1	18	0	1
2	50	110010	3	2	18	0	2
3	51	110011	3	3	18	0	3
4	52	110100	3	4	18	0	4
5	53	110101	3	5	18	0	5
6	54	110110	3	6	18	0	6
7	55	110111	3	7	18	0	7
8	56	111000	3	8	18	0	8
9	57	111001	3	9	18	0	9
a	97	1100001	6	1	30	a	b
b	98	1100010	6	2	30	a	c
c	99	1100011	6	3	30	a	d
d	100	1100100	6	4	30	a	e
e	101	1100101	6	5	30	a	f
f	102	1100110	6	6	30	a	10
A	65	1000001	4	1	20	a	b
B	66	1000010	4	2	20	a	c
C	67	1000011	4	3	20	a	d
D	68	1000100	4	4	20	a	e
E	69	1000101	4	5	20	a	f
F	70	1000110	4	6	20	a	10
0xF 1111
0xF0 11110000
0x601100000

0 110000 & 11110000 = 110000
1 110001 & 11110000 = 110000
2 110010 & 11110000 = 110000
3 110011 & 11110000 = 110000
4 110100 & 11110000 = 110000
5 110101 & 11110000 = 110000
6 110110 & 11110000 = 110000
7 110111 & 11110000 = 110000
8 111000 & 11110000 = 110000
9 111001 & 11110000 = 110000

0 ((110000) & 1111 + 1100000) & 11110000 = 1100000
1 ((110001) & 1111 + 1100000) & 11110000 = 1100000
2 ((110010) & 1111 + 1100000) & 11110000 = 1100000
3 ((110011) & 1111 + 1100000) & 11110000 = 1100000
4 ((110100) & 1111 + 1100000) & 11110000 = 1100000
5 ((110101) & 1111 + 1100000) & 11110000 = 1100000
6 ((110110) & 1111 + 1100000) & 11110000 = 1100000
7 ((110111) & 1111 + 1100000) & 11110000 = 1100000
8 ((111000) & 1111 + 1100000) & 11110000 = 1100000
9 ((111001) & 1111 + 1100000) & 11110000 = 1100000
0.20507812 -> 0.20507813
0.032226562 -> 0.032226563
0.024414062 -> 0.024414063
3.0517578E-5 -> 3.05175781E-5
0.40820312 -> 0.40820313
0.15039062 -> 0.15039063
{"id":1001,"org":{"id":2001}}
{
	"@type":"java.nio.HeapByteBuffer",
	"@value":[
		1,
		2,
		3
	]
}
{
	"v0000":100.0
}
{
	"v0000":100
}
{
	"id":100
}
{
	"v0000":100
}
{
	"v0000":1234567890
}
{
	"id":"05014bfd-a8bf-488f-aff8-d6a9b1bbc75f"
}
{
	"id":100
}
{
	"v0000":100.0
}
{
	"v0000":100
}
{
	"v0000":1234567890
}
{
	"@type":"com.alibaba.fastjson2.issues_1600.Issue1624$Bean1#0",
	"@value":{
		"id":123
	}
}
[34,0,0,0,0,0,0,0,0,0,0,0,16]
{
	"@type":"com.alibaba.fastjson2_vo.Int1#0",
	"@value":{}
}
{}
17
{
	"id":"01234567890ABCDE01234567890ABCDE01234567890ABCDE01234567890ABCDE01234567890ABCDE",
	"v0":1,
	"v1":{},
	"v2":{},
	"v3":[
		1,
		2,
		3,
		4,
		5,
		6,
		7,
		8,
		9,
		0,
		1,
		2,
		3,
		4,
		5,
		6,
		7,
		8,
		9,
		0,
		"A",
		"B",
		"C",
		"D",
		"E",
		"F"
	]
}
[
	{
		"n234#0":13
	},
	{
		"#0":14
	},
	{
		"#0":15
	}
]
{
	"#-1":1,
	"#-2":"DataWorks"
}
jsonb size : 131
{"id":123456789,"v0":"123","v1":123456789012345678,"v2":123456789012345678901234567890,"v3":123.45,"v4":1230000.0,"v5":"abcdefg","v7":"null","v8":true,"v9":false,"v10":{"val":123},"v11":{},"v12":[1234],"v13":[12.34],"v14":[null]}
jsonb size : 131
{"id":123456789,"v0":"123","v1":123456789012345678,"v2":123456789012345678901234567890,"v3":123.45,"v4":1230000.0,"v5":"abcdefg","v7":"null","v8":true,"v9":false,"v10":{"val":123},"v11":{},"v12":[1234],"v13":[12.34],"v14":[null]}
jsonb size : 131
{"id":123456789,"v0":"123","v1":123456789012345678,"v2":123456789012345678901234567890,"v3":123.45,"v4":1230000.0,"v5":"abcdefg","v7":"null","v8":true,"v9":false,"v10":{"val":123},"v11":{},"v12":[1234],"v13":[12.34],"v14":[null]}
jsonb size : 131
{"id":123456789,"v0":"123","v1":123456789012345678,"v2":123456789012345678901234567890,"v3":123.45,"v4":1230000.0,"v5":"abcdefg","v7":"null","v8":true,"v9":false,"v10":{"val":123},"v11":{},"v12":[1234],"v13":[12.34],"v14":[null]}
jsonb size : 131
{"id":123456789,"v0":"123","v1":123456789012345678,"v2":123456789012345678901234567890,"v3":123.45,"v4":1230000.0,"v5":"abcdefg","v7":"null","v8":true,"v9":false,"v10":{"val":123},"v11":{},"v12":[1234],"v13":[12.34],"v14":[null]}
jsonb size : 131
{"id":123456789,"v0":"123","v1":123456789012345678,"v2":123456789012345678901234567890,"v3":123.45,"v4":1230000.0,"v5":"abcdefg","v7":"null","v8":true,"v9":false,"v10":{"val":123},"v11":{},"v12":[1234],"v13":[12.34],"v14":[null]}
jsonb size : 131
{"id":123456789,"v0":"123","v1":123456789012345678,"v2":123456789012345678901234567890,"v3":123.45,"v4":1230000.0,"v5":"abcdefg","v7":"null","v8":true,"v9":false,"v10":{"val":123},"v11":{},"v12":[1234],"v13":[12.34],"v14":[null]}
jsonb size : 131
{"id":123456789,"v0":"123","v1":123456789012345678,"v2":123456789012345678901234567890,"v3":123.45,"v4":1230000.0,"v5":"abcdefg","v7":"null","v8":true,"v9":false,"v10":{"val":123},"v11":{},"v12":[1234],"v13":[12.34],"v14":[null]}
{"value":["a","b","c"]}
{"value":["a","b","c"]}
{"value":["a","b","c"]}
{"value":["a","b","c"]}
{"value":["a","b","c"]}
{"value":["a","b","c"]}
{"value":["a","b","c"]}
{"value":["a","b","c"]}
{"value":["a","b","c"]}
{"value":["a","b","c"]}
{
	"value":"http://a.b.com"
}
{}
{
	"id":101,
	"name":"true",
	"type":"false"
}
"name"
"true"
"0"
"1"
"false"
{"id":"\"'\\\r\n\f\b\t中国😀😉®"}
{"id":"\"'\\\r\n\f\b\t中国😀😉®"}
{
	"value":-9223372036854775808
}
{
	"value":-2147483648
}
{
	"value":32767
}
{
	"value":8388607
}
{
	"value":0
}
{}
{
	"value":0
}
{
	"value":32767
}
{
	"value":8388607
}
{
	"value":2147483647
}
{
	"value":9223372036854775807
}
{
	"value":12345678901234567890123456789012345678901234567890123456789012345678901234567890
}
{
	"value":10
}
Sun Jan 01 08:00:00 CST 1899
Sun Jan 01 08:00:00 CST 1899
{
	"id":[
		60,
		-48,
		88,
		-8,
		113,
		51,
		71,
		-107,
		-94,
		68,
		-108,
		38,
		-119,
		41,
		22,
		11
	]
}
{}
{
	"v0000":[1]
}
{
	"v0000":[1]
}
{"v0000":0,"v0001":1,"v0002":2,"v0003":3,"v0004":4,"v0005":5,"v0006":6,"v0007":7,"v0008":8,"v0009":9}
{"v0000":0,"v0001":-1,"v0002":-2,"v0003":-3,"v0004":-4,"v0005":-5,"v0006":-6,"v0007":-7,"v0008":-8,"v0009":-9}
Serialized JSON with context feature: {"booleanField":false,"otherField":""}
{"checkSqlInjection":false,"expression":{"cacheSqlSegment":false,"groupBy":[{}],"having":[{}],"normal":[{},"EQ",{},"AND",{},"NE",{},"AND",{},"IN",{}],"orderBy":[{}],"sqlSegment":""},"lastSql":{"stringValue":""},"paramNameSeq":0,"paramNameValuePairs":{},"sqlComment":{"stringValue":""},"sqlFirst":{"stringValue":""},"sqlSelect":{"stringValue":"*"},"typedThis":{"$ref":".."}}
A
A
[{"a":"1","a2":"1"},{"a":"2","a2":"2"}]
{"@type":"com.alibaba.fastjson2.issues_2500.Issue2583$Bean","enumMap":{"@type":"java.util.EnumMap"}}
{
	"date":"2023-03-26T10:25:19Z"
}
{"configs":{"FROM":[{"defaultFromId":"birtney"}]}}
1036864783
[{"ActionType":2,"AlgInfo":"","AuthorName":"瓜不瓜","AuthorTags":["日常文"],"BookId":1036864783,"BookIntro":"陆离凭借自己的努力和系统的帮助走上了人生巅峰。至于青梅？啥，我还有青梅竹马啊？","BookName":"被青梅拒绝后，我获得了模拟器","BookStatus":"连载","CategoryId":4,"CategoryName":"都市","Description":"所有人都认为陆离会和徐清在一起。毕竟这俩人郎才女貌，还从小认识。\n可在散伙饭那天，徐清拒绝了陆离的表白。正在陆离怅然之际，突然听到耳边传来的提示音。\n【恭喜您获","Did":"1036864783","Dt":1,"Ex2":"","LastChapterId":0,"LastChapterName":"","LastChapterTime":0,"Pos":0,"RankName":"","ShowTime":1692079200000,"SubCategoryName":"都市生活","Type":0,"WordCount":"58万","day":"15","fbAlg":"","fbAppId":0,"fbId":1036864783,"fbType":1,"isReal":true,"isVip":1,"lastUpdateTimes":"","month":"08","recommendCol":"rengongtuijian","recommendStyle":0,"sp":"{\"exposetime\":1692084881634,\"scene\":\"preface_with_editor\"}","stability":0,"year":"2023"}]
Issue1790.Bean(op=yyy, test={"erw":{"qqq":12313}})
WARNING: Use of the three-letter time zone ID "ACT" is deprecated and it will be removed in a future release
WARNING: Use of the three-letter time zone ID "AET" is deprecated and it will be removed in a future release
WARNING: Use of the three-letter time zone ID "AGT" is deprecated and it will be removed in a future release
WARNING: Use of the three-letter time zone ID "ART" is deprecated and it will be removed in a future release
WARNING: Use of the three-letter time zone ID "AST" is deprecated and it will be removed in a future release
WARNING: Use of the three-letter time zone ID "BET" is deprecated and it will be removed in a future release
WARNING: Use of the three-letter time zone ID "BST" is deprecated and it will be removed in a future release
WARNING: Use of the three-letter time zone ID "CAT" is deprecated and it will be removed in a future release
WARNING: Use of the three-letter time zone ID "CNT" is deprecated and it will be removed in a future release
WARNING: Use of the three-letter time zone ID "CST" is deprecated and it will be removed in a future release
WARNING: Use of the three-letter time zone ID "CTT" is deprecated and it will be removed in a future release
WARNING: Use of the three-letter time zone ID "EAT" is deprecated and it will be removed in a future release
WARNING: Use of the three-letter time zone ID "ECT" is deprecated and it will be removed in a future release
WARNING: Use of the three-letter time zone ID "EST" is deprecated and it will be removed in a future release
WARNING: Use of the three-letter time zone ID "HST" is deprecated and it will be removed in a future release
WARNING: Use of the three-letter time zone ID "IET" is deprecated and it will be removed in a future release
WARNING: Use of the three-letter time zone ID "IST" is deprecated and it will be removed in a future release
WARNING: Use of the three-letter time zone ID "JST" is deprecated and it will be removed in a future release
WARNING: Use of the three-letter time zone ID "MIT" is deprecated and it will be removed in a future release
WARNING: Use of the three-letter time zone ID "MST" is deprecated and it will be removed in a future release
WARNING: Use of the three-letter time zone ID "NET" is deprecated and it will be removed in a future release
WARNING: Use of the three-letter time zone ID "NST" is deprecated and it will be removed in a future release
WARNING: Use of the three-letter time zone ID "PLT" is deprecated and it will be removed in a future release
WARNING: Use of the three-letter time zone ID "PNT" is deprecated and it will be removed in a future release
WARNING: Use of the three-letter time zone ID "PRT" is deprecated and it will be removed in a future release
WARNING: Use of the three-letter time zone ID "PST" is deprecated and it will be removed in a future release
WARNING: Use of the three-letter time zone ID "SST" is deprecated and it will be removed in a future release
WARNING: Use of the three-letter time zone ID "VST" is deprecated and it will be removed in a future release
{"appResp":{"message":"成功","status":"200","timestamp":"2017-03-15 12:13:14"}}
Issue474.Result(items=[Issue474.Item(name=item1), Issue474.Item(name=item2)])
Issue474.Result(items=[Issue474.Item(name=item1), Issue474.Item(name=item2)])
{
	"@type":"com.alibaba.fastjson2.issues.Issue385$Bean#0",
	"@value":{
		"items":{
			"@type":"java.util.Arrays$ArrayList#1",
			"@value":[
				"CamelCase",
				"PascalCase"
			]
		}
	}
}
{"data":{"pageNum":1,"pageSize":100,"records":[{"calledTimes":1,"callerPhone":"大屏演示专用线路","channelCode":"0","chatRound":0,"customerPhone":"xxxx","duration":0,"endTime":"2022-06-27 20:29:51","finishStatusDesc":"占线","finishStatusId":6,"finishStatusName":"BUSY","intentionResult":"D","startTime":"2022-06-27 20:29:07"}],"total":1}}
{"reservationId":"1520799011718696960","mealsAvailable":true,"handBaggageNum":1,"checkedBaggageNum":0}
str = {"test":[{"demo":""}]}
list = Issue464.TestParam(test=[Issue464.Demo(demo=null)])
{"a":"a value","c":"c value"}
{"c":"c value"}
{"a":null,"b":null,"c":"c value"}
{"a":null,"b":"b value","c":null}
Issue448.BasicStaff(boyList=[Issue448.BasicStaff(boyList=null, localDate=2026-10-07, localDateTime=2026-10-07T00:33:01)], localDate=2026-10-07, localDateTime=2026-10-07T00:33:01)
required latitude
2147483650
[{"var1":"d0"}]
{"availableBeginTime":"2026-10-07 00:33:11.49","availableEndTime":"2026-10-07 17:13:11.49"}
{"availableBeginTime":"2026-10-07 00:33:11.49","availableEndTime":"2026-10-07 17:13:11.49"}
{"availableBeginTime":"2026-10-07 00:33:11.49","availableEndTime":"2026-10-07 17:13:11.49"}
{"availableBeginTime":"2026-10-07 00:33:11.49","availableEndTime":"2026-10-07 17:13:11.49"}
{"availableBeginTime":"2026-10-07 00:33:11.49","availableEndTime":"2026-10-07 17:13:11.49"}
{"availableBeginTime":"2026-10-07 00:33:11.49","availableEndTime":"2026-10-07 17:13:11.49"}
{"availableBeginTime":"2026-10-07 00:33:11.49","availableEndTime":"2026-10-07 17:13:11.49"}
{"availableBeginTime":"2026-10-07 00:33:11.49","availableEndTime":"2026-10-07 17:13:11.49"}
{"availableBeginTime":"2026-10-07 00:33:11.49","availableEndTime":"2026-10-07 17:13:11.49"}
{"availableBeginTime":"2026-10-07 00:33:11.49","availableEndTime":"2026-10-07 17:13:11.49"}
{"availableBeginTime":"2026-10-07 00:33:11.49","availableEndTime":"2026-10-07 17:13:11.49"}
{"availableBeginTime":"2026-10-07 00:33:11.49","availableEndTime":"2026-10-07 17:13:11.49"}
{"availableBeginTime":"2026-10-07 00:33:11.49","availableEndTime":"2026-10-07 17:13:11.49"}
{"availableBeginTime":"2026-10-07 00:33:11.49","availableEndTime":"2026-10-07 17:13:11.49"}
{"availableBeginTime":"2026-10-07 00:33:11.491","availableEndTime":"2026-10-07 17:13:11.491"}
{"availableBeginTime":"2026-10-07 00:33:11.491","availableEndTime":"2026-10-07 17:13:11.491"}
{"availableBeginTime":"2026-10-07 00:33:11.491","availableEndTime":"2026-10-07 17:13:11.491"}
{"availableBeginTime":"2026-10-07 00:33:11.491","availableEndTime":"2026-10-07 17:13:11.491"}
{"availableBeginTime":"2026-10-07 00:33:11.491","availableEndTime":"2026-10-07 17:13:11.491"}
{"availableBeginTime":"2026-10-07 00:33:11.491","availableEndTime":"2026-10-07 17:13:11.491"}
{"availableBeginTime":"2026-10-07 00:33:11.491","availableEndTime":"2026-10-07 17:13:11.491"}
{"availableBeginTime":"2026-10-07 00:33:11.491","availableEndTime":"2026-10-07 17:13:11.491"}
{"availableBeginTime":"2026-10-07 00:33:11.491","availableEndTime":"2026-10-07 17:13:11.491"}
{"availableBeginTime":"2026-10-07 00:33:11.491","availableEndTime":"2026-10-07 17:13:11.491"}
{"availableBeginTime":"2026-10-07 00:33:11.491","availableEndTime":"2026-10-07 17:13:11.491"}
{"availableBeginTime":"2026-10-07 00:33:11.491","availableEndTime":"2026-10-07 17:13:11.491"}
{"availableBeginTime":"2026-10-07 00:33:11.491","availableEndTime":"2026-10-07 17:13:11.491"}
{"availableBeginTime":"2026-10-07 00:33:11.491","availableEndTime":"2026-10-07 17:13:11.491"}
{"availableBeginTime":"2026-10-07 00:33:11.491","availableEndTime":"2026-10-07 17:13:11.491"}
{"availableBeginTime":"2026-10-07 00:33:11.491","availableEndTime":"2026-10-07 17:13:11.491"}
{"availableBeginTime":"2026-10-07 00:33:11.491","availableEndTime":"2026-10-07 17:13:11.491"}
{"availableBeginTime":"2026-10-07 00:33:11.491","availableEndTime":"2026-10-07 17:13:11.491"}
{"availableBeginTime":"2026-10-07 00:33:11.491","availableEndTime":"2026-10-07 17:13:11.491"}
{"availableBeginTime":"2026-10-07 00:33:11.491","availableEndTime":"2026-10-07 17:13:11.491"}
{"availableBeginTime":"2026-10-07 00:33:11.491","availableEndTime":"2026-10-07 17:13:11.491"}
{"availableBeginTime":"2026-10-07 00:33:11.491","availableEndTime":"2026-10-07 17:13:11.491"}
{"availableBeginTime":"2026-10-07 00:33:11.491","availableEndTime":"2026-10-07 17:13:11.491"}
{"availableBeginTime":"2026-10-07 00:33:11.491","availableEndTime":"2026-10-07 17:13:11.491"}
{"availableBeginTime":"2026-10-07 00:33:11.491","availableEndTime":"2026-10-07 17:13:11.491"}
{"availableBeginTime":"2026-10-07 00:33:11.491","availableEndTime":"2026-10-07 17:13:11.491"}
{"availableBeginTime":"2026-10-07 00:33:11.491","availableEndTime":"2026-10-07 17:13:11.491"}
{"availableBeginTime":"2026-10-07 00:33:11.491","availableEndTime":"2026-10-07 17:13:11.491"}
{"availableBeginTime":"2026-10-07 00:33:11.491","availableEndTime":"2026-10-07 17:13:11.491"}
{"availableBeginTime":"2026-10-07 00:33:11.491","availableEndTime":"2026-10-07 17:13:11.491"}
{"availableBeginTime":"2026-10-07 00:33:11.491","availableEndTime":"2026-10-07 17:13:11.491"}
{"availableBeginTime":"2026-10-07 00:33:11.491","availableEndTime":"2026-10-07 17:13:11.491"}
{"availableBeginTime":"2026-10-07 00:33:11.491","availableEndTime":"2026-10-07 17:13:11.491"}
{"availableBeginTime":"2026-10-07 00:33:11.491","availableEndTime":"2026-10-07 17:13:11.491"}
{"availableBeginTime":"2026-10-07 00:33:11.491","availableEndTime":"2026-10-07 17:13:11.491"}
{"availableBeginTime":"2026-10-07 00:33:11.491","availableEndTime":"2026-10-07 17:13:11.491"}
{"availableBeginTime":"2026-10-07 00:33:11.491","availableEndTime":"2026-10-07 17:13:11.491"}
{"availableBeginTime":"2026-10-07 00:33:11.491","availableEndTime":"2026-10-07 17:13:11.491"}
{"availableBeginTime":"2026-10-07 00:33:11.491","availableEndTime":"2026-10-07 17:13:11.491"}
{"availableBeginTime":"2026-10-07 00:33:11.491","availableEndTime":"2026-10-07 17:13:11.491"}
{"availableBeginTime":"2026-10-07 00:33:11.491","availableEndTime":"2026-10-07 17:13:11.491"}
{"availableBeginTime":"2026-10-07 00:33:11.491","availableEndTime":"2026-10-07 17:13:11.491"}
{"availableBeginTime":"2026-10-07 00:33:11.491","availableEndTime":"2026-10-07 17:13:11.491"}
{"availableBeginTime":"2026-10-07 00:33:11.491","availableEndTime":"2026-10-07 17:13:11.491"}
{"availableBeginTime":"2026-10-07 00:33:11.491","availableEndTime":"2026-10-07 17:13:11.491"}
{"availableBeginTime":"2026-10-07 00:33:11.491","availableEndTime":"2026-10-07 17:13:11.491"}
{"availableBeginTime":"2026-10-07 00:33:11.491","availableEndTime":"2026-10-07 17:13:11.491"}
{"availableBeginTime":"2026-10-07 00:33:11.491","availableEndTime":"2026-10-07 17:13:11.491"}
{"availableBeginTime":"2026-10-07 00:33:11.491","availableEndTime":"2026-10-07 17:13:11.491"}
{"availableBeginTime":"2026-10-07 00:33:11.491","availableEndTime":"2026-10-07 17:13:11.491"}
{"availableBeginTime":"2026-10-07 00:33:11.491","availableEndTime":"2026-10-07 17:13:11.491"}
{"availableBeginTime":"2026-10-07 00:33:11.491","availableEndTime":"2026-10-07 17:13:11.491"}
{"availableBeginTime":"2026-10-07 00:33:11.491","availableEndTime":"2026-10-07 17:13:11.491"}
{"availableBeginTime":"2026-10-07 00:33:11.491","availableEndTime":"2026-10-07 17:13:11.491"}
{"availableBeginTime":"2026-10-07 00:33:11.491","availableEndTime":"2026-10-07 17:13:11.491"}
{"availableBeginTime":"2026-10-07 00:33:11.491","availableEndTime":"2026-10-07 17:13:11.491"}
{"availableBeginTime":"2026-10-07 00:33:11.491","availableEndTime":"2026-10-07 17:13:11.491"}
{"availableBeginTime":"2026-10-07 00:33:11.491","availableEndTime":"2026-10-07 17:13:11.491"}
{"availableBeginTime":"2026-10-07 00:33:11.491","availableEndTime":"2026-10-07 17:13:11.491"}
{"availableBeginTime":"2026-10-07 00:33:11.491","availableEndTime":"2026-10-07 17:13:11.491"}
{"availableBeginTime":"2026-10-07 00:33:11.491","availableEndTime":"2026-10-07 17:13:11.491"}
{"availableBeginTime":"2026-10-07 00:33:11.491","availableEndTime":"2026-10-07 17:13:11.491"}
{"availableBeginTime":"2026-10-07 00:33:11.491","availableEndTime":"2026-10-07 17:13:11.491"}
{"availableBeginTime":"2026-10-07 00:33:11.491","availableEndTime":"2026-10-07 17:13:11.491"}
{"availableBeginTime":"2026-10-07 00:33:11.491","availableEndTime":"2026-10-07 17:13:11.491"}
{"availableBeginTime":"2026-10-07 00:33:11.491","availableEndTime":"2026-10-07 17:13:11.491"}
{"availableBeginTime":"2026-10-07 00:33:11.491","availableEndTime":"2026-10-07 17:13:11.491"}
{"availableBeginTime":"2026-10-07 00:33:11.491","availableEndTime":"2026-10-07 17:13:11.491"}
{"availableBeginTime":"2026-10-07 00:33:11.491","availableEndTime":"2026-10-07 17:13:11.491"}
{"availableBeginTime":"2026-10-07 00:33:11.491","availableEndTime":"2026-10-07 17:13:11.491"}
{"availableBeginTime":"2026-10-07 00:33:11.491","availableEndTime":"2026-10-07 17:13:11.491"}
{"availableBeginTime":"2026-10-07 00:33:11.491","availableEndTime":"2026-10-07 17:13:11.491"}
{"availableBeginTime":"2026-10-07 00:33:11.491","availableEndTime":"2026-10-07 17:13:11.491"}
{"availableBeginTime":"2026-10-07 00:33:11.491","availableEndTime":"2026-10-07 17:13:11.491"}
{"availableBeginTime":"2026-10-07 00:33:11.491","availableEndTime":"2026-10-07 17:13:11.491"}
{"availableBeginTime":"2026-10-07 00:33:11.491","availableEndTime":"2026-10-07 17:13:11.491"}
{"availableBeginTime":"2026-10-07 00:33:11.491","availableEndTime":"2026-10-07 17:13:11.491"}
{"availableBeginTime":"2026-10-07 00:33:11.491","availableEndTime":"2026-10-07 17:13:11.491"}
{"availableBeginTime":"2026-10-07 00:33:11.491","availableEndTime":"2026-10-07 17:13:11.491"}
{"availableBeginTime":"2026-10-07 00:33:11.491","availableEndTime":"2026-10-07 17:13:11.491"}
{"availableBeginTime":"2026-10-07 00:33:11.491","availableEndTime":"2026-10-07 17:13:11.491"}
{"availableBeginTime":"2026-10-07 00:33:11.491","availableEndTime":"2026-10-07 17:13:11.491"}
{"availableBeginTime":"2026-10-07 00:33:11.491","availableEndTime":"2026-10-07 17:13:11.491"}
{"availableBeginTime":"2026-10-07 00:33:11.491","availableEndTime":"2026-10-07 17:13:11.491"}
{"availableBeginTime":"2026-10-07 00:33:11.491","availableEndTime":"2026-10-07 17:13:11.491"}
{"availableBeginTime":"2026-10-07 00:33:11.491","availableEndTime":"2026-10-07 17:13:11.491"}
{"availableBeginTime":"2026-10-07 00:33:11.491","availableEndTime":"2026-10-07 17:13:11.491"}
{"availableBeginTime":"2026-10-07 00:33:11.491","availableEndTime":"2026-10-07 17:13:11.491"}
{"availableBeginTime":"2026-10-07 00:33:11.491","availableEndTime":"2026-10-07 17:13:11.491"}
{"availableBeginTime":"2026-10-07 00:33:11.491","availableEndTime":"2026-10-07 17:13:11.491"}
{"availableBeginTime":"2026-10-07 00:33:11.491","availableEndTime":"2026-10-07 17:13:11.491"}
{"availableBeginTime":"2026-10-07 00:33:11.491","availableEndTime":"2026-10-07 17:13:11.491"}
{"availableBeginTime":"2026-10-07 00:33:11.491","availableEndTime":"2026-10-07 17:13:11.491"}
{"availableBeginTime":"2026-10-07 00:33:11.491","availableEndTime":"2026-10-07 17:13:11.491"}
{"availableBeginTime":"2026-10-07 00:33:11.491","availableEndTime":"2026-10-07 17:13:11.491"}
{"availableBeginTime":"2026-10-07 00:33:11.491","availableEndTime":"2026-10-07 17:13:11.491"}
{"availableBeginTime":"2026-10-07 00:33:11.491","availableEndTime":"2026-10-07 17:13:11.491"}
{"availableBeginTime":"2026-10-07 00:33:11.491","availableEndTime":"2026-10-07 17:13:11.491"}
{"availableBeginTime":"2026-10-07 00:33:11.491","availableEndTime":"2026-10-07 17:13:11.491"}
{"availableBeginTime":"2026-10-07 00:33:11.491","availableEndTime":"2026-10-07 17:13:11.491"}
{"availableBeginTime":"2026-10-07 00:33:11.491","availableEndTime":"2026-10-07 17:13:11.491"}
{"availableBeginTime":"2026-10-07 00:33:11.491","availableEndTime":"2026-10-07 17:13:11.491"}
{"availableBeginTime":"2026-10-07 00:33:11.491","availableEndTime":"2026-10-07 17:13:11.491"}
{"availableBeginTime":"2026-10-07 00:33:11.491","availableEndTime":"2026-10-07 17:13:11.491"}
{"availableBeginTime":"2026-10-07 00:33:11.491","availableEndTime":"2026-10-07 17:13:11.491"}
{"availableBeginTime":"2026-10-07 00:33:11.491","availableEndTime":"2026-10-07 17:13:11.491"}
{"availableBeginTime":"2026-10-07 00:33:11.491","availableEndTime":"2026-10-07 17:13:11.491"}
{"availableBeginTime":"2026-10-07 00:33:11.491","availableEndTime":"2026-10-07 17:13:11.491"}
{"availableBeginTime":"2026-10-07 00:33:11.491","availableEndTime":"2026-10-07 17:13:11.491"}
{"availableBeginTime":"2026-10-07 00:33:11.491","availableEndTime":"2026-10-07 17:13:11.491"}
{"availableBeginTime":"2026-10-07 00:33:11.491","availableEndTime":"2026-10-07 17:13:11.491"}
{"availableBeginTime":"2026-10-07 00:33:11.491","availableEndTime":"2026-10-07 17:13:11.491"}
{"availableBeginTime":"2026-10-07 00:33:11.491","availableEndTime":"2026-10-07 17:13:11.491"}
{"availableBeginTime":"2026-10-07 00:33:11.491","availableEndTime":"2026-10-07 17:13:11.491"}
{"availableBeginTime":"2026-10-07 00:33:11.491","availableEndTime":"2026-10-07 17:13:11.491"}
{"availableBeginTime":"2026-10-07 00:33:11.491","availableEndTime":"2026-10-07 17:13:11.491"}
{"availableBeginTime":"2026-10-07 00:33:11.491","availableEndTime":"2026-10-07 17:13:11.491"}
{"availableBeginTime":"2026-10-07 00:33:11.491","availableEndTime":"2026-10-07 17:13:11.491"}
{"availableBeginTime":"2026-10-07 00:33:11.491","availableEndTime":"2026-10-07 17:13:11.491"}
{"availableBeginTime":"2026-10-07 00:33:11.491","availableEndTime":"2026-10-07 17:13:11.491"}
{"availableBeginTime":"2026-10-07 00:33:11.491","availableEndTime":"2026-10-07 17:13:11.491"}
{"availableBeginTime":"2026-10-07 00:33:11.491","availableEndTime":"2026-10-07 17:13:11.491"}
{"availableBeginTime":"2026-10-07 00:33:11.491","availableEndTime":"2026-10-07 17:13:11.491"}
{"availableBeginTime":"2026-10-07 00:33:11.491","availableEndTime":"2026-10-07 17:13:11.491"}
{"availableBeginTime":"2026-10-07 00:33:11.491","availableEndTime":"2026-10-07 17:13:11.491"}
{"availableBeginTime":"2026-10-07 00:33:11.491","availableEndTime":"2026-10-07 17:13:11.491"}
{"availableBeginTime":"2026-10-07 00:33:11.491","availableEndTime":"2026-10-07 17:13:11.491"}
{"availableBeginTime":"2026-10-07 00:33:11.491","availableEndTime":"2026-10-07 17:13:11.491"}
{"availableBeginTime":"2026-10-07 00:33:11.491","availableEndTime":"2026-10-07 17:13:11.491"}
{"availableBeginTime":"2026-10-07 00:33:11.491","availableEndTime":"2026-10-07 17:13:11.491"}
{"availableBeginTime":"2026-10-07 00:33:11.491","availableEndTime":"2026-10-07 17:13:11.491"}
{"availableBeginTime":"2026-10-07 00:33:11.491","availableEndTime":"2026-10-07 17:13:11.491"}
{"availableBeginTime":"2026-10-07 00:33:11.491","availableEndTime":"2026-10-07 17:13:11.491"}
{"availableBeginTime":"2026-10-07 00:33:11.491","availableEndTime":"2026-10-07 17:13:11.491"}
{"availableBeginTime":"2026-10-07 00:33:11.491","availableEndTime":"2026-10-07 17:13:11.491"}
{"availableBeginTime":"2026-10-07 00:33:11.491","availableEndTime":"2026-10-07 17:13:11.491"}
{"availableBeginTime":"2026-10-07 00:33:11.491","availableEndTime":"2026-10-07 17:13:11.491"}
{"availableBeginTime":"2026-10-07 00:33:11.491","availableEndTime":"2026-10-07 17:13:11.491"}
{"availableBeginTime":"2026-10-07 00:33:11.491","availableEndTime":"2026-10-07 17:13:11.491"}
{"availableBeginTime":"2026-10-07 00:33:11.491","availableEndTime":"2026-10-07 17:13:11.491"}
{"availableBeginTime":"2026-10-07 00:33:11.491","availableEndTime":"2026-10-07 17:13:11.491"}
{"availableBeginTime":"2026-10-07 00:33:11.491","availableEndTime":"2026-10-07 17:13:11.491"}
{"availableBeginTime":"2026-10-07 00:33:11.491","availableEndTime":"2026-10-07 17:13:11.491"}
{"availableBeginTime":"2026-10-07 00:33:11.491","availableEndTime":"2026-10-07 17:13:11.491"}
{"availableBeginTime":"2026-10-07 00:33:11.491","availableEndTime":"2026-10-07 17:13:11.491"}
{"availableBeginTime":"2026-10-07 00:33:11.491","availableEndTime":"2026-10-07 17:13:11.491"}
{"availableBeginTime":"2026-10-07 00:33:11.491","availableEndTime":"2026-10-07 17:13:11.491"}
{"availableBeginTime":"2026-10-07 00:33:11.491","availableEndTime":"2026-10-07 17:13:11.491"}
{"availableBeginTime":"2026-10-07 00:33:11.491","availableEndTime":"2026-10-07 17:13:11.491"}
{"availableBeginTime":"2026-10-07 00:33:11.491","availableEndTime":"2026-10-07 17:13:11.491"}
{"availableBeginTime":"2026-10-07 00:33:11.491","availableEndTime":"2026-10-07 17:13:11.491"}
{"availableBeginTime":"2026-10-07 00:33:11.491","availableEndTime":"2026-10-07 17:13:11.491"}
{"availableBeginTime":"2026-10-07 00:33:11.491","availableEndTime":"2026-10-07 17:13:11.491"}
{"availableBeginTime":"2026-10-07 00:33:11.491","availableEndTime":"2026-10-07 17:13:11.491"}
{"availableBeginTime":"2026-10-07 00:33:11.491","availableEndTime":"2026-10-07 17:13:11.491"}
{"availableBeginTime":"2026-10-07 00:33:11.491","availableEndTime":"2026-10-07 17:13:11.491"}
{"availableBeginTime":"2026-10-07 00:33:11.491","availableEndTime":"2026-10-07 17:13:11.491"}
{"availableBeginTime":"2026-10-07 00:33:11.491","availableEndTime":"2026-10-07 17:13:11.491"}
{"availableBeginTime":"2026-10-07 00:33:11.491","availableEndTime":"2026-10-07 17:13:11.491"}
{"availableBeginTime":"2026-10-07 00:33:11.491","availableEndTime":"2026-10-07 17:13:11.491"}
{"availableBeginTime":"2026-10-07 00:33:11.491","availableEndTime":"2026-10-07 17:13:11.491"}
{"availableBeginTime":"2026-10-07 00:33:11.491","availableEndTime":"2026-10-07 17:13:11.491"}
{"availableBeginTime":"2026-10-07 00:33:11.491","availableEndTime":"2026-10-07 17:13:11.491"}
{"availableBeginTime":"2026-10-07 00:33:11.491","availableEndTime":"2026-10-07 17:13:11.491"}
{"availableBeginTime":"2026-10-07 00:33:11.491","availableEndTime":"2026-10-07 17:13:11.491"}
{"availableBeginTime":"2026-10-07 00:33:11.491","availableEndTime":"2026-10-07 17:13:11.491"}
{"availableBeginTime":"2026-10-07 00:33:11.491","availableEndTime":"2026-10-07 17:13:11.491"}
{"availableBeginTime":"2026-10-07 00:33:11.491","availableEndTime":"2026-10-07 17:13:11.491"}
{"availableBeginTime":"2026-10-07 00:33:11.491","availableEndTime":"2026-10-07 17:13:11.491"}
{"availableBeginTime":"2026-10-07 00:33:11.491","availableEndTime":"2026-10-07 17:13:11.491"}
{"availableBeginTime":"2026-10-07 00:33:11.491","availableEndTime":"2026-10-07 17:13:11.491"}
{"availableBeginTime":"2026-10-07 00:33:11.491","availableEndTime":"2026-10-07 17:13:11.491"}
{"availableBeginTime":"2026-10-07 00:33:11.491","availableEndTime":"2026-10-07 17:13:11.491"}
{"availableBeginTime":"2026-10-07 00:33:11.491","availableEndTime":"2026-10-07 17:13:11.491"}
{"availableBeginTime":"2026-10-07 00:33:11.491","availableEndTime":"2026-10-07 17:13:11.491"}
{"availableBeginTime":"2026-10-07 00:33:11.491","availableEndTime":"2026-10-07 17:13:11.491"}
{"availableBeginTime":"2026-10-07 00:33:11.491","availableEndTime":"2026-10-07 17:13:11.491"}
{"availableBeginTime":"2026-10-07 00:33:11.491","availableEndTime":"2026-10-07 17:13:11.491"}
{"availableBeginTime":"2026-10-07 00:33:11.491","availableEndTime":"2026-10-07 17:13:11.491"}
{"availableBeginTime":"2026-10-07 00:33:11.491","availableEndTime":"2026-10-07 17:13:11.491"}
{"availableBeginTime":"2026-10-07 00:33:11.491","availableEndTime":"2026-10-07 17:13:11.491"}
{"availableBeginTime":"2026-10-07 00:33:11.491","availableEndTime":"2026-10-07 17:13:11.491"}
{"availableBeginTime":"2026-10-07 00:33:11.491","availableEndTime":"2026-10-07 17:13:11.491"}
{"availableBeginTime":"2026-10-07 00:33:11.491","availableEndTime":"2026-10-07 17:13:11.491"}
{"availableBeginTime":"2026-10-07 00:33:11.491","availableEndTime":"2026-10-07 17:13:11.491"}
{"availableBeginTime":"2026-10-07 00:33:11.491","availableEndTime":"2026-10-07 17:13:11.491"}
{"availableBeginTime":"2026-10-07 00:33:11.491","availableEndTime":"2026-10-07 17:13:11.491"}
{"availableBeginTime":"2026-10-07 00:33:11.491","availableEndTime":"2026-10-07 17:13:11.491"}
{"availableBeginTime":"2026-10-07 00:33:11.491","availableEndTime":"2026-10-07 17:13:11.491"}
{"availableBeginTime":"2026-10-07 00:33:11.491","availableEndTime":"2026-10-07 17:13:11.491"}
{"availableBeginTime":"2026-10-07 00:33:11.491","availableEndTime":"2026-10-07 17:13:11.491"}
{"availableBeginTime":"2026-10-07 00:33:11.491","availableEndTime":"2026-10-07 17:13:11.491"}
{"availableBeginTime":"2026-10-07 00:33:11.491","availableEndTime":"2026-10-07 17:13:11.491"}
{"availableBeginTime":"2026-10-07 00:33:11.491","availableEndTime":"2026-10-07 17:13:11.491"}
{"availableBeginTime":"2026-10-07 00:33:11.491","availableEndTime":"2026-10-07 17:13:11.491"}
{"availableBeginTime":"2026-10-07 00:33:11.491","availableEndTime":"2026-10-07 17:13:11.491"}
{"availableBeginTime":"2026-10-07 00:33:11.491","availableEndTime":"2026-10-07 17:13:11.491"}
{"availableBeginTime":"2026-10-07 00:33:11.491","availableEndTime":"2026-10-07 17:13:11.491"}
{"availableBeginTime":"2026-10-07 00:33:11.491","availableEndTime":"2026-10-07 17:13:11.491"}
{"availableBeginTime":"2026-10-07 00:33:11.491","availableEndTime":"2026-10-07 17:13:11.491"}
{"availableBeginTime":"2026-10-07 00:33:11.491","availableEndTime":"2026-10-07 17:13:11.491"}
{"availableBeginTime":"2026-10-07 00:33:11.491","availableEndTime":"2026-10-07 17:13:11.491"}
{"availableBeginTime":"2026-10-07 00:33:11.491","availableEndTime":"2026-10-07 17:13:11.491"}
{"availableBeginTime":"2026-10-07 00:33:11.491","availableEndTime":"2026-10-07 17:13:11.491"}
{"availableBeginTime":"2026-10-07 00:33:11.491","availableEndTime":"2026-10-07 17:13:11.491"}
{"availableBeginTime":"2026-10-07 00:33:11.491","availableEndTime":"2026-10-07 17:13:11.491"}
{"availableBeginTime":"2026-10-07 00:33:11.491","availableEndTime":"2026-10-07 17:13:11.491"}
{"availableBeginTime":"2026-10-07 00:33:11.491","availableEndTime":"2026-10-07 17:13:11.491"}
{"availableBeginTime":"2026-10-07 00:33:11.491","availableEndTime":"2026-10-07 17:13:11.491"}
{"availableBeginTime":"2026-10-07 00:33:11.491","availableEndTime":"2026-10-07 17:13:11.491"}
{"availableBeginTime":"2026-10-07 00:33:11.491","availableEndTime":"2026-10-07 17:13:11.491"}
{"availableBeginTime":"2026-10-07 00:33:11.491","availableEndTime":"2026-10-07 17:13:11.491"}
{"availableBeginTime":"2026-10-07 00:33:11.491","availableEndTime":"2026-10-07 17:13:11.491"}
{"availableBeginTime":"2026-10-07 00:33:11.491","availableEndTime":"2026-10-07 17:13:11.491"}
{"availableBeginTime":"2026-10-07 00:33:11.491","availableEndTime":"2026-10-07 17:13:11.491"}
{"availableBeginTime":"2026-10-07 00:33:11.491","availableEndTime":"2026-10-07 17:13:11.491"}
{"availableBeginTime":"2026-10-07 00:33:11.491","availableEndTime":"2026-10-07 17:13:11.491"}
{"availableBeginTime":"2026-10-07 00:33:11.491","availableEndTime":"2026-10-07 17:13:11.491"}
{"availableBeginTime":"2026-10-07 00:33:11.491","availableEndTime":"2026-10-07 17:13:11.491"}
{"availableBeginTime":"2026-10-07 00:33:11.491","availableEndTime":"2026-10-07 17:13:11.491"}
{"availableBeginTime":"2026-10-07 00:33:11.491","availableEndTime":"2026-10-07 17:13:11.491"}
{"availableBeginTime":"2026-10-07 00:33:11.491","availableEndTime":"2026-10-07 17:13:11.491"}
{"availableBeginTime":"2026-10-07 00:33:11.491","availableEndTime":"2026-10-07 17:13:11.491"}
{"availableBeginTime":"2026-10-07 00:33:11.491","availableEndTime":"2026-10-07 17:13:11.491"}
{"availableBeginTime":"2026-10-07 00:33:11.491","availableEndTime":"2026-10-07 17:13:11.491"}
{"availableBeginTime":"2026-10-07 00:33:11.491","availableEndTime":"2026-10-07 17:13:11.491"}
{"availableBeginTime":"2026-10-07 00:33:11.491","availableEndTime":"2026-10-07 17:13:11.491"}
{"availableBeginTime":"2026-10-07 00:33:11.491","availableEndTime":"2026-10-07 17:13:11.491"}
{"availableBeginTime":"2026-10-07 00:33:11.491","availableEndTime":"2026-10-07 17:13:11.491"}
{"availableBeginTime":"2026-10-07 00:33:11.491","availableEndTime":"2026-10-07 17:13:11.491"}
{"availableBeginTime":"2026-10-07 00:33:11.491","availableEndTime":"2026-10-07 17:13:11.491"}
{"availableBeginTime":"2026-10-07 00:33:11.491","availableEndTime":"2026-10-07 17:13:11.491"}
{"availableBeginTime":"2026-10-07 00:33:11.491","availableEndTime":"2026-10-07 17:13:11.491"}
{"availableBeginTime":"2026-10-07 00:33:11.491","availableEndTime":"2026-10-07 17:13:11.491"}
{"availableBeginTime":"2026-10-07 00:33:11.491","availableEndTime":"2026-10-07 17:13:11.491"}
{"availableBeginTime":"2026-10-07 00:33:11.491","availableEndTime":"2026-10-07 17:13:11.491"}
{"availableBeginTime":"2026-10-07 00:33:11.491","availableEndTime":"2026-10-07 17:13:11.491"}
{"availableBeginTime":"2026-10-07 00:33:11.491","availableEndTime":"2026-10-07 17:13:11.491"}
{"availableBeginTime":"2026-10-07 00:33:11.492","availableEndTime":"2026-10-07 17:13:11.492"}
{"availableBeginTime":"2026-10-07 00:33:11.492","availableEndTime":"2026-10-07 17:13:11.492"}
{"availableBeginTime":"2026-10-07 00:33:11.492","availableEndTime":"2026-10-07 17:13:11.492"}
{"availableBeginTime":"2026-10-07 00:33:11.492","availableEndTime":"2026-10-07 17:13:11.492"}
{"availableBeginTime":"2026-10-07 00:33:11.492","availableEndTime":"2026-10-07 17:13:11.492"}
{"availableBeginTime":"2026-10-07 00:33:11.492","availableEndTime":"2026-10-07 17:13:11.492"}
{"availableBeginTime":"2026-10-07 00:33:11.492","availableEndTime":"2026-10-07 17:13:11.492"}
{"availableBeginTime":"2026-10-07 00:33:11.492","availableEndTime":"2026-10-07 17:13:11.492"}
{"availableBeginTime":"2026-10-07 00:33:11.492","availableEndTime":"2026-10-07 17:13:11.492"}
{"availableBeginTime":"2026-10-07 00:33:11.492","availableEndTime":"2026-10-07 17:13:11.492"}
{"availableBeginTime":"2026-10-07 00:33:11.492","availableEndTime":"2026-10-07 17:13:11.492"}
{"availableBeginTime":"2026-10-07 00:33:11.492","availableEndTime":"2026-10-07 17:13:11.492"}
{"availableBeginTime":"2026-10-07 00:33:11.492","availableEndTime":"2026-10-07 17:13:11.492"}
{"availableBeginTime":"2026-10-07 00:33:11.492","availableEndTime":"2026-10-07 17:13:11.492"}
{"availableBeginTime":"2026-10-07 00:33:11.492","availableEndTime":"2026-10-07 17:13:11.492"}
{"availableBeginTime":"2026-10-07 00:33:11.492","availableEndTime":"2026-10-07 17:13:11.492"}
{"availableBeginTime":"2026-10-07 00:33:11.492","availableEndTime":"2026-10-07 17:13:11.492"}
{"availableBeginTime":"2026-10-07 00:33:11.492","availableEndTime":"2026-10-07 17:13:11.492"}
{"availableBeginTime":"2026-10-07 00:33:11.492","availableEndTime":"2026-10-07 17:13:11.492"}
{"availableBeginTime":"2026-10-07 00:33:11.492","availableEndTime":"2026-10-07 17:13:11.492"}
{"availableBeginTime":"2026-10-07 00:33:11.492","availableEndTime":"2026-10-07 17:13:11.492"}
{"availableBeginTime":"2026-10-07 00:33:11.492","availableEndTime":"2026-10-07 17:13:11.492"}
{"availableBeginTime":"2026-10-07 00:33:11.492","availableEndTime":"2026-10-07 17:13:11.492"}
{"availableBeginTime":"2026-10-07 00:33:11.492","availableEndTime":"2026-10-07 17:13:11.492"}
{"availableBeginTime":"2026-10-07 00:33:11.492","availableEndTime":"2026-10-07 17:13:11.492"}
{"availableBeginTime":"2026-10-07 00:33:11.492","availableEndTime":"2026-10-07 17:13:11.492"}
{"availableBeginTime":"2026-10-07 00:33:11.492","availableEndTime":"2026-10-07 17:13:11.492"}
{"availableBeginTime":"2026-10-07 00:33:11.492","availableEndTime":"2026-10-07 17:13:11.492"}
{"availableBeginTime":"2026-10-07 00:33:11.492","availableEndTime":"2026-10-07 17:13:11.492"}
{"availableBeginTime":"2026-10-07 00:33:11.492","availableEndTime":"2026-10-07 17:13:11.492"}
{"availableBeginTime":"2026-10-07 00:33:11.492","availableEndTime":"2026-10-07 17:13:11.492"}
{"availableBeginTime":"2026-10-07 00:33:11.492","availableEndTime":"2026-10-07 17:13:11.492"}
{"availableBeginTime":"2026-10-07 00:33:11.492","availableEndTime":"2026-10-07 17:13:11.492"}
{"availableBeginTime":"2026-10-07 00:33:11.492","availableEndTime":"2026-10-07 17:13:11.492"}
{"availableBeginTime":"2026-10-07 00:33:11.492","availableEndTime":"2026-10-07 17:13:11.492"}
{"availableBeginTime":"2026-10-07 00:33:11.492","availableEndTime":"2026-10-07 17:13:11.492"}
{"availableBeginTime":"2026-10-07 00:33:11.492","availableEndTime":"2026-10-07 17:13:11.492"}
{"availableBeginTime":"2026-10-07 00:33:11.492","availableEndTime":"2026-10-07 17:13:11.492"}
{"availableBeginTime":"2026-10-07 00:33:11.492","availableEndTime":"2026-10-07 17:13:11.492"}
{"availableBeginTime":"2026-10-07 00:33:11.492","availableEndTime":"2026-10-07 17:13:11.492"}
{"availableBeginTime":"2026-10-07 00:33:11.492","availableEndTime":"2026-10-07 17:13:11.492"}
{"availableBeginTime":"2026-10-07 00:33:11.492","availableEndTime":"2026-10-07 17:13:11.492"}
{"availableBeginTime":"2026-10-07 00:33:11.492","availableEndTime":"2026-10-07 17:13:11.492"}
{"availableBeginTime":"2026-10-07 00:33:11.492","availableEndTime":"2026-10-07 17:13:11.492"}
{"availableBeginTime":"2026-10-07 00:33:11.492","availableEndTime":"2026-10-07 17:13:11.492"}
{"availableBeginTime":"2026-10-07 00:33:11.492","availableEndTime":"2026-10-07 17:13:11.492"}
{"availableBeginTime":"2026-10-07 00:33:11.492","availableEndTime":"2026-10-07 17:13:11.492"}
{"availableBeginTime":"2026-10-07 00:33:11.492","availableEndTime":"2026-10-07 17:13:11.492"}
{"availableBeginTime":"2026-10-07 00:33:11.492","availableEndTime":"2026-10-07 17:13:11.492"}
{"availableBeginTime":"2026-10-07 00:33:11.492","availableEndTime":"2026-10-07 17:13:11.492"}
{"availableBeginTime":"2026-10-07 00:33:11.492","availableEndTime":"2026-10-07 17:13:11.492"}
{"availableBeginTime":"2026-10-07 00:33:11.492","availableEndTime":"2026-10-07 17:13:11.492"}
{"availableBeginTime":"2026-10-07 00:33:11.492","availableEndTime":"2026-10-07 17:13:11.492"}
{"availableBeginTime":"2026-10-07 00:33:11.492","availableEndTime":"2026-10-07 17:13:11.492"}
{"availableBeginTime":"2026-10-07 00:33:11.492","availableEndTime":"2026-10-07 17:13:11.492"}
{"availableBeginTime":"2026-10-07 00:33:11.492","availableEndTime":"2026-10-07 17:13:11.492"}
{"availableBeginTime":"2026-10-07 00:33:11.492","availableEndTime":"2026-10-07 17:13:11.492"}
{"availableBeginTime":"2026-10-07 00:33:11.492","availableEndTime":"2026-10-07 17:13:11.492"}
{"availableBeginTime":"2026-10-07 00:33:11.492","availableEndTime":"2026-10-07 17:13:11.492"}
{"availableBeginTime":"2026-10-07 00:33:11.492","availableEndTime":"2026-10-07 17:13:11.492"}
{"availableBeginTime":"2026-10-07 00:33:11.492","availableEndTime":"2026-10-07 17:13:11.492"}
{"availableBeginTime":"2026-10-07 00:33:11.492","availableEndTime":"2026-10-07 17:13:11.492"}
{"availableBeginTime":"2026-10-07 00:33:11.492","availableEndTime":"2026-10-07 17:13:11.492"}
{"availableBeginTime":"2026-10-07 00:33:11.492","availableEndTime":"2026-10-07 17:13:11.492"}
{"availableBeginTime":"2026-10-07 00:33:11.492","availableEndTime":"2026-10-07 17:13:11.492"}
{"availableBeginTime":"2026-10-07 00:33:11.492","availableEndTime":"2026-10-07 17:13:11.492"}
{"availableBeginTime":"2026-10-07 00:33:11.492","availableEndTime":"2026-10-07 17:13:11.492"}
{"availableBeginTime":"2026-10-07 00:33:11.492","availableEndTime":"2026-10-07 17:13:11.492"}
{"availableBeginTime":"2026-10-07 00:33:11.492","availableEndTime":"2026-10-07 17:13:11.492"}
{"availableBeginTime":"2026-10-07 00:33:11.492","availableEndTime":"2026-10-07 17:13:11.492"}
{"availableBeginTime":"2026-10-07 00:33:11.492","availableEndTime":"2026-10-07 17:13:11.492"}
{"availableBeginTime":"2026-10-07 00:33:11.492","availableEndTime":"2026-10-07 17:13:11.492"}
{"availableBeginTime":"2026-10-07 00:33:11.492","availableEndTime":"2026-10-07 17:13:11.492"}
{"availableBeginTime":"2026-10-07 00:33:11.492","availableEndTime":"2026-10-07 17:13:11.492"}
{"availableBeginTime":"2026-10-07 00:33:11.492","availableEndTime":"2026-10-07 17:13:11.492"}
{"availableBeginTime":"2026-10-07 00:33:11.492","availableEndTime":"2026-10-07 17:13:11.492"}
{"availableBeginTime":"2026-10-07 00:33:11.492","availableEndTime":"2026-10-07 17:13:11.492"}
{"availableBeginTime":"2026-10-07 00:33:11.492","availableEndTime":"2026-10-07 17:13:11.492"}
{"availableBeginTime":"2026-10-07 00:33:11.492","availableEndTime":"2026-10-07 17:13:11.492"}
{"availableBeginTime":"2026-10-07 00:33:11.492","availableEndTime":"2026-10-07 17:13:11.492"}
{"availableBeginTime":"2026-10-07 00:33:11.492","availableEndTime":"2026-10-07 17:13:11.492"}
{"availableBeginTime":"2026-10-07 00:33:11.492","availableEndTime":"2026-10-07 17:13:11.492"}
{"availableBeginTime":"2026-10-07 00:33:11.492","availableEndTime":"2026-10-07 17:13:11.492"}
{"availableBeginTime":"2026-10-07 00:33:11.492","availableEndTime":"2026-10-07 17:13:11.492"}
{"availableBeginTime":"2026-10-07 00:33:11.492","availableEndTime":"2026-10-07 17:13:11.492"}
{"availableBeginTime":"2026-10-07 00:33:11.492","availableEndTime":"2026-10-07 17:13:11.492"}
{"availableBeginTime":"2026-10-07 00:33:11.492","availableEndTime":"2026-10-07 17:13:11.492"}
{"availableBeginTime":"2026-10-07 00:33:11.492","availableEndTime":"2026-10-07 17:13:11.492"}
{"availableBeginTime":"2026-10-07 00:33:11.492","availableEndTime":"2026-10-07 17:13:11.492"}
{"availableBeginTime":"2026-10-07 00:33:11.492","availableEndTime":"2026-10-07 17:13:11.492"}
{"availableBeginTime":"2026-10-07 00:33:11.492","availableEndTime":"2026-10-07 17:13:11.492"}
{"availableBeginTime":"2026-10-07 00:33:11.492","availableEndTime":"2026-10-07 17:13:11.492"}
{"availableBeginTime":"2026-10-07 00:33:11.492","availableEndTime":"2026-10-07 17:13:11.492"}
{"availableBeginTime":"2026-10-07 00:33:11.492","availableEndTime":"2026-10-07 17:13:11.492"}
{"availableBeginTime":"2026-10-07 00:33:11.492","availableEndTime":"2026-10-07 17:13:11.492"}
{"availableBeginTime":"2026-10-07 00:33:11.492","availableEndTime":"2026-10-07 17:13:11.492"}
{"availableBeginTime":"2026-10-07 00:33:11.492","availableEndTime":"2026-10-07 17:13:11.492"}
{"availableBeginTime":"2026-10-07 00:33:11.492","availableEndTime":"2026-10-07 17:13:11.492"}
{"availableBeginTime":"2026-10-07 00:33:11.492","availableEndTime":"2026-10-07 17:13:11.492"}
{"availableBeginTime":"2026-10-07 00:33:11.492","availableEndTime":"2026-10-07 17:13:11.492"}
{"availableBeginTime":"2026-10-07 00:33:11.492","availableEndTime":"2026-10-07 17:13:11.492"}
{"availableBeginTime":"2026-10-07 00:33:11.492","availableEndTime":"2026-10-07 17:13:11.492"}
{"availableBeginTime":"2026-10-07 00:33:11.492","availableEndTime":"2026-10-07 17:13:11.492"}
{"availableBeginTime":"2026-10-07 00:33:11.492","availableEndTime":"2026-10-07 17:13:11.492"}
{"availableBeginTime":"2026-10-07 00:33:11.492","availableEndTime":"2026-10-07 17:13:11.492"}
{"availableBeginTime":"2026-10-07 00:33:11.492","availableEndTime":"2026-10-07 17:13:11.492"}
{"availableBeginTime":"2026-10-07 00:33:11.492","availableEndTime":"2026-10-07 17:13:11.492"}
{"availableBeginTime":"2026-10-07 00:33:11.492","availableEndTime":"2026-10-07 17:13:11.492"}
{"availableBeginTime":"2026-10-07 00:33:11.492","availableEndTime":"2026-10-07 17:13:11.492"}
{"availableBeginTime":"2026-10-07 00:33:11.492","availableEndTime":"2026-10-07 17:13:11.492"}
{"availableBeginTime":"2026-10-07 00:33:11.492","availableEndTime":"2026-10-07 17:13:11.492"}
{"availableBeginTime":"2026-10-07 00:33:11.492","availableEndTime":"2026-10-07 17:13:11.492"}
{"availableBeginTime":"2026-10-07 00:33:11.492","availableEndTime":"2026-10-07 17:13:11.492"}
{"availableBeginTime":"2026-10-07 00:33:11.492","availableEndTime":"2026-10-07 17:13:11.492"}
{"availableBeginTime":"2026-10-07 00:33:11.492","availableEndTime":"2026-10-07 17:13:11.492"}
{"availableBeginTime":"2026-10-07 00:33:11.492","availableEndTime":"2026-10-07 17:13:11.492"}
{"availableBeginTime":"2026-10-07 00:33:11.492","availableEndTime":"2026-10-07 17:13:11.492"}
{"availableBeginTime":"2026-10-07 00:33:11.492","availableEndTime":"2026-10-07 17:13:11.492"}
{"availableBeginTime":"2026-10-07 00:33:11.492","availableEndTime":"2026-10-07 17:13:11.492"}
{"availableBeginTime":"2026-10-07 00:33:11.492","availableEndTime":"2026-10-07 17:13:11.492"}
{"availableBeginTime":"2026-10-07 00:33:11.492","availableEndTime":"2026-10-07 17:13:11.492"}
{"availableBeginTime":"2026-10-07 00:33:11.492","availableEndTime":"2026-10-07 17:13:11.492"}
{"availableBeginTime":"2026-10-07 00:33:11.492","availableEndTime":"2026-10-07 17:13:11.492"}
{"availableBeginTime":"2026-10-07 00:33:11.492","availableEndTime":"2026-10-07 17:13:11.492"}
{"availableBeginTime":"2026-10-07 00:33:11.492","availableEndTime":"2026-10-07 17:13:11.492"}
{"availableBeginTime":"2026-10-07 00:33:11.492","availableEndTime":"2026-10-07 17:13:11.492"}
{"availableBeginTime":"2026-10-07 00:33:11.492","availableEndTime":"2026-10-07 17:13:11.492"}
{"availableBeginTime":"2026-10-07 00:33:11.492","availableEndTime":"2026-10-07 17:13:11.492"}
{"availableBeginTime":"2026-10-07 00:33:11.492","availableEndTime":"2026-10-07 17:13:11.492"}
{"availableBeginTime":"2026-10-07 00:33:11.492","availableEndTime":"2026-10-07 17:13:11.492"}
{"availableBeginTime":"2026-10-07 00:33:11.492","availableEndTime":"2026-10-07 17:13:11.492"}
{"availableBeginTime":"2026-10-07 00:33:11.492","availableEndTime":"2026-10-07 17:13:11.492"}
{"availableBeginTime":"2026-10-07 00:33:11.492","availableEndTime":"2026-10-07 17:13:11.492"}
{"availableBeginTime":"2026-10-07 00:33:11.492","availableEndTime":"2026-10-07 17:13:11.492"}
{"availableBeginTime":"2026-10-07 00:33:11.492","availableEndTime":"2026-10-07 17:13:11.492"}
{"availableBeginTime":"2026-10-07 00:33:11.492","availableEndTime":"2026-10-07 17:13:11.492"}
{"availableBeginTime":"2026-10-07 00:33:11.492","availableEndTime":"2026-10-07 17:13:11.492"}
{"availableBeginTime":"2026-10-07 00:33:11.492","availableEndTime":"2026-10-07 17:13:11.492"}
{"availableBeginTime":"2026-10-07 00:33:11.492","availableEndTime":"2026-10-07 17:13:11.492"}
{"availableBeginTime":"2026-10-07 00:33:11.492","availableEndTime":"2026-10-07 17:13:11.492"}
{"availableBeginTime":"2026-10-07 00:33:11.492","availableEndTime":"2026-10-07 17:13:11.492"}
{"availableBeginTime":"2026-10-07 00:33:11.492","availableEndTime":"2026-10-07 17:13:11.492"}
{"availableBeginTime":"2026-10-07 00:33:11.492","availableEndTime":"2026-10-07 17:13:11.492"}
{"availableBeginTime":"2026-10-07 00:33:11.492","availableEndTime":"2026-10-07 17:13:11.492"}
{"availableBeginTime":"2026-10-07 00:33:11.492","availableEndTime":"2026-10-07 17:13:11.492"}
{"availableBeginTime":"2026-10-07 00:33:11.492","availableEndTime":"2026-10-07 17:13:11.492"}
{"availableBeginTime":"2026-10-07 00:33:11.492","availableEndTime":"2026-10-07 17:13:11.492"}
{"availableBeginTime":"2026-10-07 00:33:11.492","availableEndTime":"2026-10-07 17:13:11.492"}
{"availableBeginTime":"2026-10-07 00:33:11.492","availableEndTime":"2026-10-07 17:13:11.492"}
{"availableBeginTime":"2026-10-07 00:33:11.492","availableEndTime":"2026-10-07 17:13:11.492"}
{"availableBeginTime":"2026-10-07 00:33:11.492","availableEndTime":"2026-10-07 17:13:11.492"}
{"availableBeginTime":"2026-10-07 00:33:11.492","availableEndTime":"2026-10-07 17:13:11.492"}
{"availableBeginTime":"2026-10-07 00:33:11.492","availableEndTime":"2026-10-07 17:13:11.492"}
{"availableBeginTime":"2026-10-07 00:33:11.492","availableEndTime":"2026-10-07 17:13:11.492"}
{"availableBeginTime":"2026-10-07 00:33:11.492","availableEndTime":"2026-10-07 17:13:11.492"}
{"availableBeginTime":"2026-10-07 00:33:11.492","availableEndTime":"2026-10-07 17:13:11.492"}
{"availableBeginTime":"2026-10-07 00:33:11.492","availableEndTime":"2026-10-07 17:13:11.492"}
{"availableBeginTime":"2026-10-07 00:33:11.492","availableEndTime":"2026-10-07 17:13:11.492"}
{"availableBeginTime":"2026-10-07 00:33:11.492","availableEndTime":"2026-10-07 17:13:11.492"}
{"availableBeginTime":"2026-10-07 00:33:11.492","availableEndTime":"2026-10-07 17:13:11.492"}
{"availableBeginTime":"2026-10-07 00:33:11.492","availableEndTime":"2026-10-07 17:13:11.492"}
{"availableBeginTime":"2026-10-07 00:33:11.492","availableEndTime":"2026-10-07 17:13:11.492"}
{"availableBeginTime":"2026-10-07 00:33:11.492","availableEndTime":"2026-10-07 17:13:11.492"}
{"availableBeginTime":"2026-10-07 00:33:11.492","availableEndTime":"2026-10-07 17:13:11.492"}
{"availableBeginTime":"2026-10-07 00:33:11.492","availableEndTime":"2026-10-07 17:13:11.492"}
{"availableBeginTime":"2026-10-07 00:33:11.492","availableEndTime":"2026-10-07 17:13:11.492"}
{"availableBeginTime":"2026-10-07 00:33:11.492","availableEndTime":"2026-10-07 17:13:11.492"}
{"availableBeginTime":"2026-10-07 00:33:11.492","availableEndTime":"2026-10-07 17:13:11.492"}
{"availableBeginTime":"2026-10-07 00:33:11.492","availableEndTime":"2026-10-07 17:13:11.492"}
{"availableBeginTime":"2026-10-07 00:33:11.492","availableEndTime":"2026-10-07 17:13:11.492"}
{"availableBeginTime":"2026-10-07 00:33:11.492","availableEndTime":"2026-10-07 17:13:11.492"}
{"availableBeginTime":"2026-10-07 00:33:11.492","availableEndTime":"2026-10-07 17:13:11.492"}
{"availableBeginTime":"2026-10-07 00:33:11.492","availableEndTime":"2026-10-07 17:13:11.492"}
{"availableBeginTime":"2026-10-07 00:33:11.492","availableEndTime":"2026-10-07 17:13:11.492"}
{"availableBeginTime":"2026-10-07 00:33:11.492","availableEndTime":"2026-10-07 17:13:11.492"}
{"availableBeginTime":"2026-10-07 00:33:11.492","availableEndTime":"2026-10-07 17:13:11.492"}
{"availableBeginTime":"2026-10-07 00:33:11.492","availableEndTime":"2026-10-07 17:13:11.492"}
{"availableBeginTime":"2026-10-07 00:33:11.492","availableEndTime":"2026-10-07 17:13:11.492"}
{"availableBeginTime":"2026-10-07 00:33:11.492","availableEndTime":"2026-10-07 17:13:11.492"}
{"availableBeginTime":"2026-10-07 00:33:11.492","availableEndTime":"2026-10-07 17:13:11.492"}
{"availableBeginTime":"2026-10-07 00:33:11.492","availableEndTime":"2026-10-07 17:13:11.492"}
{"availableBeginTime":"2026-10-07 00:33:11.492","availableEndTime":"2026-10-07 17:13:11.492"}
{"availableBeginTime":"2026-10-07 00:33:11.492","availableEndTime":"2026-10-07 17:13:11.492"}
{"availableBeginTime":"2026-10-07 00:33:11.492","availableEndTime":"2026-10-07 17:13:11.492"}
{"availableBeginTime":"2026-10-07 00:33:11.492","availableEndTime":"2026-10-07 17:13:11.492"}
{"availableBeginTime":"2026-10-07 00:33:11.492","availableEndTime":"2026-10-07 17:13:11.492"}
{"availableBeginTime":"2026-10-07 00:33:11.492","availableEndTime":"2026-10-07 17:13:11.492"}
{"availableBeginTime":"2026-10-07 00:33:11.492","availableEndTime":"2026-10-07 17:13:11.492"}
{"availableBeginTime":"2026-10-07 00:33:11.492","availableEndTime":"2026-10-07 17:13:11.492"}
{"availableBeginTime":"2026-10-07 00:33:11.492","availableEndTime":"2026-10-07 17:13:11.492"}
{"availableBeginTime":"2026-10-07 00:33:11.492","availableEndTime":"2026-10-07 17:13:11.492"}
{"availableBeginTime":"2026-10-07 00:33:11.492","availableEndTime":"2026-10-07 17:13:11.492"}
{"availableBeginTime":"2026-10-07 00:33:11.492","availableEndTime":"2026-10-07 17:13:11.492"}
{"availableBeginTime":"2026-10-07 00:33:11.492","availableEndTime":"2026-10-07 17:13:11.492"}
{"availableBeginTime":"2026-10-07 00:33:11.492","availableEndTime":"2026-10-07 17:13:11.492"}
{"availableBeginTime":"2026-10-07 00:33:11.492","availableEndTime":"2026-10-07 17:13:11.492"}
{"availableBeginTime":"2026-10-07 00:33:11.492","availableEndTime":"2026-10-07 17:13:11.492"}
{"availableBeginTime":"2026-10-07 00:33:11.492","availableEndTime":"2026-10-07 17:13:11.492"}
{"availableBeginTime":"2026-10-07 00:33:11.492","availableEndTime":"2026-10-07 17:13:11.492"}
{"availableBeginTime":"2026-10-07 00:33:11.492","availableEndTime":"2026-10-07 17:13:11.492"}
{"availableBeginTime":"2026-10-07 00:33:11.492","availableEndTime":"2026-10-07 17:13:11.492"}
{"availableBeginTime":"2026-10-07 00:33:11.492","availableEndTime":"2026-10-07 17:13:11.492"}
{"availableBeginTime":"2026-10-07 00:33:11.492","availableEndTime":"2026-10-07 17:13:11.492"}
{"availableBeginTime":"2026-10-07 00:33:11.492","availableEndTime":"2026-10-07 17:13:11.492"}
{"availableBeginTime":"2026-10-07 00:33:11.492","availableEndTime":"2026-10-07 17:13:11.492"}
{"availableBeginTime":"2026-10-07 00:33:11.492","availableEndTime":"2026-10-07 17:13:11.492"}
{"availableBeginTime":"2026-10-07 00:33:11.492","availableEndTime":"2026-10-07 17:13:11.492"}
{"availableBeginTime":"2026-10-07 00:33:11.492","availableEndTime":"2026-10-07 17:13:11.492"}
{"availableBeginTime":"2026-10-07 00:33:11.492","availableEndTime":"2026-10-07 17:13:11.492"}
{"availableBeginTime":"2026-10-07 00:33:11.492","availableEndTime":"2026-10-07 17:13:11.492"}
{"availableBeginTime":"2026-10-07 00:33:11.492","availableEndTime":"2026-10-07 17:13:11.492"}
{"availableBeginTime":"2026-10-07 00:33:11.492","availableEndTime":"2026-10-07 17:13:11.492"}
{"availableBeginTime":"2026-10-07 00:33:11.492","availableEndTime":"2026-10-07 17:13:11.492"}
{"availableBeginTime":"2026-10-07 00:33:11.492","availableEndTime":"2026-10-07 17:13:11.492"}
{"availableBeginTime":"2026-10-07 00:33:11.492","availableEndTime":"2026-10-07 17:13:11.492"}
{"availableBeginTime":"2026-10-07 00:33:11.493","availableEndTime":"2026-10-07 17:13:11.493"}
{"availableBeginTime":"2026-10-07 00:33:11.493","availableEndTime":"2026-10-07 17:13:11.493"}
{"availableBeginTime":"2026-10-07 00:33:11.493","availableEndTime":"2026-10-07 17:13:11.493"}
{"availableBeginTime":"2026-10-07 00:33:11.493","availableEndTime":"2026-10-07 17:13:11.493"}
{"availableBeginTime":"2026-10-07 00:33:11.493","availableEndTime":"2026-10-07 17:13:11.493"}
{"availableBeginTime":"2026-10-07 00:33:11.493","availableEndTime":"2026-10-07 17:13:11.493"}
{"availableBeginTime":"2026-10-07 00:33:11.493","availableEndTime":"2026-10-07 17:13:11.493"}
{"availableBeginTime":"2026-10-07 00:33:11.493","availableEndTime":"2026-10-07 17:13:11.493"}
{"availableBeginTime":"2026-10-07 00:33:11.493","availableEndTime":"2026-10-07 17:13:11.493"}
{"availableBeginTime":"2026-10-07 00:33:11.493","availableEndTime":"2026-10-07 17:13:11.493"}
{"availableBeginTime":"2026-10-07 00:33:11.493","availableEndTime":"2026-10-07 17:13:11.493"}
{"availableBeginTime":"2026-10-07 00:33:11.493","availableEndTime":"2026-10-07 17:13:11.493"}
{"availableBeginTime":"2026-10-07 00:33:11.493","availableEndTime":"2026-10-07 17:13:11.493"}
{"availableBeginTime":"2026-10-07 00:33:11.493","availableEndTime":"2026-10-07 17:13:11.493"}
{"availableBeginTime":"2026-10-07 00:33:11.493","availableEndTime":"2026-10-07 17:13:11.493"}
{"availableBeginTime":"2026-10-07 00:33:11.493","availableEndTime":"2026-10-07 17:13:11.493"}
{"availableBeginTime":"2026-10-07 00:33:11.493","availableEndTime":"2026-10-07 17:13:11.493"}
{"availableBeginTime":"2026-10-07 00:33:11.493","availableEndTime":"2026-10-07 17:13:11.493"}
{"availableBeginTime":"2026-10-07 00:33:11.493","availableEndTime":"2026-10-07 17:13:11.493"}
{"availableBeginTime":"2026-10-07 00:33:11.493","availableEndTime":"2026-10-07 17:13:11.493"}
{"availableBeginTime":"2026-10-07 00:33:11.493","availableEndTime":"2026-10-07 17:13:11.493"}
{"availableBeginTime":"2026-10-07 00:33:11.493","availableEndTime":"2026-10-07 17:13:11.493"}
{"availableBeginTime":"2026-10-07 00:33:11.493","availableEndTime":"2026-10-07 17:13:11.493"}
{"availableBeginTime":"2026-10-07 00:33:11.493","availableEndTime":"2026-10-07 17:13:11.493"}
{"availableBeginTime":"2026-10-07 00:33:11.493","availableEndTime":"2026-10-07 17:13:11.493"}
{"availableBeginTime":"2026-10-07 00:33:11.493","availableEndTime":"2026-10-07 17:13:11.493"}
{"availableBeginTime":"2026-10-07 00:33:11.493","availableEndTime":"2026-10-07 17:13:11.493"}
{"availableBeginTime":"2026-10-07 00:33:11.493","availableEndTime":"2026-10-07 17:13:11.493"}
{"availableBeginTime":"2026-10-07 00:33:11.493","availableEndTime":"2026-10-07 17:13:11.493"}
{"availableBeginTime":"2026-10-07 00:33:11.493","availableEndTime":"2026-10-07 17:13:11.493"}
{"availableBeginTime":"2026-10-07 00:33:11.493","availableEndTime":"2026-10-07 17:13:11.493"}
{"availableBeginTime":"2026-10-07 00:33:11.493","availableEndTime":"2026-10-07 17:13:11.493"}
{"availableBeginTime":"2026-10-07 00:33:11.493","availableEndTime":"2026-10-07 17:13:11.493"}
{"availableBeginTime":"2026-10-07 00:33:11.493","availableEndTime":"2026-10-07 17:13:11.493"}
{"availableBeginTime":"2026-10-07 00:33:11.493","availableEndTime":"2026-10-07 17:13:11.493"}
{"availableBeginTime":"2026-10-07 00:33:11.493","availableEndTime":"2026-10-07 17:13:11.493"}
{"availableBeginTime":"2026-10-07 00:33:11.493","availableEndTime":"2026-10-07 17:13:11.493"}
{"availableBeginTime":"2026-10-07 00:33:11.493","availableEndTime":"2026-10-07 17:13:11.493"}
{"availableBeginTime":"2026-10-07 00:33:11.493","availableEndTime":"2026-10-07 17:13:11.493"}
{"availableBeginTime":"2026-10-07 00:33:11.493","availableEndTime":"2026-10-07 17:13:11.493"}
{"availableBeginTime":"2026-10-07 00:33:11.493","availableEndTime":"2026-10-07 17:13:11.493"}
{"availableBeginTime":"2026-10-07 00:33:11.493","availableEndTime":"2026-10-07 17:13:11.493"}
{"availableBeginTime":"2026-10-07 00:33:11.493","availableEndTime":"2026-10-07 17:13:11.493"}
{"availableBeginTime":"2026-10-07 00:33:11.493","availableEndTime":"2026-10-07 17:13:11.493"}
{"availableBeginTime":"2026-10-07 00:33:11.493","availableEndTime":"2026-10-07 17:13:11.493"}
{"availableBeginTime":"2026-10-07 00:33:11.493","availableEndTime":"2026-10-07 17:13:11.493"}
{"availableBeginTime":"2026-10-07 00:33:11.493","availableEndTime":"2026-10-07 17:13:11.493"}
{"availableBeginTime":"2026-10-07 00:33:11.493","availableEndTime":"2026-10-07 17:13:11.493"}
{"availableBeginTime":"2026-10-07 00:33:11.493","availableEndTime":"2026-10-07 17:13:11.493"}
{"availableBeginTime":"2026-10-07 00:33:11.493","availableEndTime":"2026-10-07 17:13:11.493"}
{"availableBeginTime":"2026-10-07 00:33:11.493","availableEndTime":"2026-10-07 17:13:11.493"}
{"availableBeginTime":"2026-10-07 00:33:11.493","availableEndTime":"2026-10-07 17:13:11.493"}
{"availableBeginTime":"2026-10-07 00:33:11.493","availableEndTime":"2026-10-07 17:13:11.493"}
{"availableBeginTime":"2026-10-07 00:33:11.493","availableEndTime":"2026-10-07 17:13:11.493"}
{"availableBeginTime":"2026-10-07 00:33:11.493","availableEndTime":"2026-10-07 17:13:11.493"}
{"availableBeginTime":"2026-10-07 00:33:11.493","availableEndTime":"2026-10-07 17:13:11.493"}
{"availableBeginTime":"2026-10-07 00:33:11.493","availableEndTime":"2026-10-07 17:13:11.493"}
{"availableBeginTime":"2026-10-07 00:33:11.493","availableEndTime":"2026-10-07 17:13:11.493"}
{"availableBeginTime":"2026-10-07 00:33:11.493","availableEndTime":"2026-10-07 17:13:11.493"}
{"availableBeginTime":"2026-10-07 00:33:11.493","availableEndTime":"2026-10-07 17:13:11.493"}
{"availableBeginTime":"2026-10-07 00:33:11.493","availableEndTime":"2026-10-07 17:13:11.493"}
{"availableBeginTime":"2026-10-07 00:33:11.493","availableEndTime":"2026-10-07 17:13:11.493"}
{"availableBeginTime":"2026-10-07 00:33:11.493","availableEndTime":"2026-10-07 17:13:11.493"}
{"availableBeginTime":"2026-10-07 00:33:11.493","availableEndTime":"2026-10-07 17:13:11.493"}
{"availableBeginTime":"2026-10-07 00:33:11.493","availableEndTime":"2026-10-07 17:13:11.493"}
{"availableBeginTime":"2026-10-07 00:33:11.493","availableEndTime":"2026-10-07 17:13:11.493"}
{"availableBeginTime":"2026-10-07 00:33:11.493","availableEndTime":"2026-10-07 17:13:11.493"}
{"availableBeginTime":"2026-10-07 00:33:11.493","availableEndTime":"2026-10-07 17:13:11.493"}
{"availableBeginTime":"2026-10-07 00:33:11.493","availableEndTime":"2026-10-07 17:13:11.493"}
{"availableBeginTime":"2026-10-07 00:33:11.493","availableEndTime":"2026-10-07 17:13:11.493"}
{"availableBeginTime":"2026-10-07 00:33:11.493","availableEndTime":"2026-10-07 17:13:11.493"}
{"availableBeginTime":"2026-10-07 00:33:11.493","availableEndTime":"2026-10-07 17:13:11.493"}
{"availableBeginTime":"2026-10-07 00:33:11.493","availableEndTime":"2026-10-07 17:13:11.493"}
{"availableBeginTime":"2026-10-07 00:33:11.493","availableEndTime":"2026-10-07 17:13:11.493"}
{"availableBeginTime":"2026-10-07 00:33:11.493","availableEndTime":"2026-10-07 17:13:11.493"}
{"availableBeginTime":"2026-10-07 00:33:11.493","availableEndTime":"2026-10-07 17:13:11.493"}
{"availableBeginTime":"2026-10-07 00:33:11.493","availableEndTime":"2026-10-07 17:13:11.493"}
{"availableBeginTime":"2026-10-07 00:33:11.493","availableEndTime":"2026-10-07 17:13:11.493"}
{"availableBeginTime":"2026-10-07 00:33:11.493","availableEndTime":"2026-10-07 17:13:11.493"}
{"availableBeginTime":"2026-10-07 00:33:11.493","availableEndTime":"2026-10-07 17:13:11.493"}
{"availableBeginTime":"2026-10-07 00:33:11.493","availableEndTime":"2026-10-07 17:13:11.493"}
{"availableBeginTime":"2026-10-07 00:33:11.493","availableEndTime":"2026-10-07 17:13:11.493"}
{"availableBeginTime":"2026-10-07 00:33:11.493","availableEndTime":"2026-10-07 17:13:11.493"}
{"availableBeginTime":"2026-10-07 00:33:11.493","availableEndTime":"2026-10-07 17:13:11.493"}
{"availableBeginTime":"2026-10-07 00:33:11.493","availableEndTime":"2026-10-07 17:13:11.493"}
{"availableBeginTime":"2026-10-07 00:33:11.493","availableEndTime":"2026-10-07 17:13:11.493"}
{"availableBeginTime":"2026-10-07 00:33:11.493","availableEndTime":"2026-10-07 17:13:11.493"}
{"availableBeginTime":"2026-10-07 00:33:11.493","availableEndTime":"2026-10-07 17:13:11.493"}
{"availableBeginTime":"2026-10-07 00:33:11.493","availableEndTime":"2026-10-07 17:13:11.493"}
{"availableBeginTime":"2026-10-07 00:33:11.493","availableEndTime":"2026-10-07 17:13:11.493"}
{"availableBeginTime":"2026-10-07 00:33:11.493","availableEndTime":"2026-10-07 17:13:11.493"}
{"availableBeginTime":"2026-10-07 00:33:11.493","availableEndTime":"2026-10-07 17:13:11.493"}
{"availableBeginTime":"2026-10-07 00:33:11.493","availableEndTime":"2026-10-07 17:13:11.493"}
{"availableBeginTime":"2026-10-07 00:33:11.493","availableEndTime":"2026-10-07 17:13:11.493"}
{"availableBeginTime":"2026-10-07 00:33:11.493","availableEndTime":"2026-10-07 17:13:11.493"}
{"availableBeginTime":"2026-10-07 00:33:11.493","availableEndTime":"2026-10-07 17:13:11.493"}
{"availableBeginTime":"2026-10-07 00:33:11.493","availableEndTime":"2026-10-07 17:13:11.493"}
{"availableBeginTime":"2026-10-07 00:33:11.493","availableEndTime":"2026-10-07 17:13:11.493"}
{"availableBeginTime":"2026-10-07 00:33:11.493","availableEndTime":"2026-10-07 17:13:11.493"}
{"availableBeginTime":"2026-10-07 00:33:11.493","availableEndTime":"2026-10-07 17:13:11.493"}
{"availableBeginTime":"2026-10-07 00:33:11.493","availableEndTime":"2026-10-07 17:13:11.493"}
{"availableBeginTime":"2026-10-07 00:33:11.493","availableEndTime":"2026-10-07 17:13:11.493"}
{"availableBeginTime":"2026-10-07 00:33:11.493","availableEndTime":"2026-10-07 17:13:11.493"}
{"availableBeginTime":"2026-10-07 00:33:11.493","availableEndTime":"2026-10-07 17:13:11.493"}
{"availableBeginTime":"2026-10-07 00:33:11.493","availableEndTime":"2026-10-07 17:13:11.493"}
{"availableBeginTime":"2026-10-07 00:33:11.493","availableEndTime":"2026-10-07 17:13:11.493"}
{"availableBeginTime":"2026-10-07 00:33:11.493","availableEndTime":"2026-10-07 17:13:11.493"}
{"availableBeginTime":"2026-10-07 00:33:11.493","availableEndTime":"2026-10-07 17:13:11.493"}
{"availableBeginTime":"2026-10-07 00:33:11.493","availableEndTime":"2026-10-07 17:13:11.493"}
{"availableBeginTime":"2026-10-07 00:33:11.493","availableEndTime":"2026-10-07 17:13:11.493"}
{"availableBeginTime":"2026-10-07 00:33:11.493","availableEndTime":"2026-10-07 17:13:11.493"}
{"availableBeginTime":"2026-10-07 00:33:11.493","availableEndTime":"2026-10-07 17:13:11.493"}
{"availableBeginTime":"2026-10-07 00:33:11.493","availableEndTime":"2026-10-07 17:13:11.493"}
{"availableBeginTime":"2026-10-07 00:33:11.493","availableEndTime":"2026-10-07 17:13:11.493"}
{"availableBeginTime":"2026-10-07 00:33:11.493","availableEndTime":"2026-10-07 17:13:11.493"}
{"availableBeginTime":"2026-10-07 00:33:11.493","availableEndTime":"2026-10-07 17:13:11.493"}
{"availableBeginTime":"2026-10-07 00:33:11.493","availableEndTime":"2026-10-07 17:13:11.493"}
{"availableBeginTime":"2026-10-07 00:33:11.493","availableEndTime":"2026-10-07 17:13:11.493"}
{"availableBeginTime":"2026-10-07 00:33:11.493","availableEndTime":"2026-10-07 17:13:11.493"}
{"availableBeginTime":"2026-10-07 00:33:11.493","availableEndTime":"2026-10-07 17:13:11.493"}
{"availableBeginTime":"2026-10-07 00:33:11.493","availableEndTime":"2026-10-07 17:13:11.493"}
{"availableBeginTime":"2026-10-07 00:33:11.493","availableEndTime":"2026-10-07 17:13:11.493"}
{"availableBeginTime":"2026-10-07 00:33:11.493","availableEndTime":"2026-10-07 17:13:11.493"}
{"availableBeginTime":"2026-10-07 00:33:11.493","availableEndTime":"2026-10-07 17:13:11.493"}
{"availableBeginTime":"2026-10-07 00:33:11.493","availableEndTime":"2026-10-07 17:13:11.493"}
{"availableBeginTime":"2026-10-07 00:33:11.493","availableEndTime":"2026-10-07 17:13:11.493"}
{"availableBeginTime":"2026-10-07 00:33:11.493","availableEndTime":"2026-10-07 17:13:11.493"}
{"availableBeginTime":"2026-10-07 00:33:11.493","availableEndTime":"2026-10-07 17:13:11.493"}
{"availableBeginTime":"2026-10-07 00:33:11.493","availableEndTime":"2026-10-07 17:13:11.493"}
{"availableBeginTime":"2026-10-07 00:33:11.493","availableEndTime":"2026-10-07 17:13:11.493"}
{"availableBeginTime":"2026-10-07 00:33:11.493","availableEndTime":"2026-10-07 17:13:11.493"}
{"availableBeginTime":"2026-10-07 00:33:11.493","availableEndTime":"2026-10-07 17:13:11.493"}
{"availableBeginTime":"2026-10-07 00:33:11.493","availableEndTime":"2026-10-07 17:13:11.493"}
{"availableBeginTime":"2026-10-07 00:33:11.493","availableEndTime":"2026-10-07 17:13:11.493"}
{"availableBeginTime":"2026-10-07 00:33:11.493","availableEndTime":"2026-10-07 17:13:11.493"}
{"availableBeginTime":"2026-10-07 00:33:11.493","availableEndTime":"2026-10-07 17:13:11.493"}
{"availableBeginTime":"2026-10-07 00:33:11.493","availableEndTime":"2026-10-07 17:13:11.493"}
{"availableBeginTime":"2026-10-07 00:33:11.493","availableEndTime":"2026-10-07 17:13:11.493"}
{"availableBeginTime":"2026-10-07 00:33:11.493","availableEndTime":"2026-10-07 17:13:11.493"}
{"availableBeginTime":"2026-10-07 00:33:11.493","availableEndTime":"2026-10-07 17:13:11.493"}
{"availableBeginTime":"2026-10-07 00:33:11.493","availableEndTime":"2026-10-07 17:13:11.493"}
{"availableBeginTime":"2026-10-07 00:33:11.493","availableEndTime":"2026-10-07 17:13:11.493"}
{"availableBeginTime":"2026-10-07 00:33:11.493","availableEndTime":"2026-10-07 17:13:11.493"}
{"availableBeginTime":"2026-10-07 00:33:11.493","availableEndTime":"2026-10-07 17:13:11.493"}
{"availableBeginTime":"2026-10-07 00:33:11.493","availableEndTime":"2026-10-07 17:13:11.493"}
{"availableBeginTime":"2026-10-07 00:33:11.493","availableEndTime":"2026-10-07 17:13:11.493"}
{"availableBeginTime":"2026-10-07 00:33:11.493","availableEndTime":"2026-10-07 17:13:11.493"}
{"availableBeginTime":"2026-10-07 00:33:11.493","availableEndTime":"2026-10-07 17:13:11.493"}
{"availableBeginTime":"2026-10-07 00:33:11.493","availableEndTime":"2026-10-07 17:13:11.493"}
{"availableBeginTime":"2026-10-07 00:33:11.493","availableEndTime":"2026-10-07 17:13:11.493"}
{"availableBeginTime":"2026-10-07 00:33:11.493","availableEndTime":"2026-10-07 17:13:11.493"}
{"availableBeginTime":"2026-10-07 00:33:11.493","availableEndTime":"2026-10-07 17:13:11.493"}
{"availableBeginTime":"2026-10-07 00:33:11.493","availableEndTime":"2026-10-07 17:13:11.493"}
{"availableBeginTime":"2026-10-07 00:33:11.493","availableEndTime":"2026-10-07 17:13:11.493"}
{"availableBeginTime":"2026-10-07 00:33:11.493","availableEndTime":"2026-10-07 17:13:11.493"}
{"availableBeginTime":"2026-10-07 00:33:11.493","availableEndTime":"2026-10-07 17:13:11.493"}
{"availableBeginTime":"2026-10-07 00:33:11.493","availableEndTime":"2026-10-07 17:13:11.493"}
{"availableBeginTime":"2026-10-07 00:33:11.493","availableEndTime":"2026-10-07 17:13:11.493"}
{"availableBeginTime":"2026-10-07 00:33:11.493","availableEndTime":"2026-10-07 17:13:11.493"}
{"availableBeginTime":"2026-10-07 00:33:11.493","availableEndTime":"2026-10-07 17:13:11.493"}
{"availableBeginTime":"2026-10-07 00:33:11.493","availableEndTime":"2026-10-07 17:13:11.493"}
{"availableBeginTime":"2026-10-07 00:33:11.493","availableEndTime":"2026-10-07 17:13:11.493"}
{"availableBeginTime":"2026-10-07 00:33:11.493","availableEndTime":"2026-10-07 17:13:11.493"}
{"availableBeginTime":"2026-10-07 00:33:11.493","availableEndTime":"2026-10-07 17:13:11.493"}
{"availableBeginTime":"2026-10-07 00:33:11.493","availableEndTime":"2026-10-07 17:13:11.493"}
{"availableBeginTime":"2026-10-07 00:33:11.493","availableEndTime":"2026-10-07 17:13:11.493"}
{"availableBeginTime":"2026-10-07 00:33:11.493","availableEndTime":"2026-10-07 17:13:11.493"}
{"availableBeginTime":"2026-10-07 00:33:11.493","availableEndTime":"2026-10-07 17:13:11.493"}
{"availableBeginTime":"2026-10-07 00:33:11.493","availableEndTime":"2026-10-07 17:13:11.493"}
{"availableBeginTime":"2026-10-07 00:33:11.493","availableEndTime":"2026-10-07 17:13:11.493"}
{"availableBeginTime":"2026-10-07 00:33:11.493","availableEndTime":"2026-10-07 17:13:11.493"}
{"availableBeginTime":"2026-10-07 00:33:11.493","availableEndTime":"2026-10-07 17:13:11.493"}
{"availableBeginTime":"2026-10-07 00:33:11.493","availableEndTime":"2026-10-07 17:13:11.493"}
{"availableBeginTime":"2026-10-07 00:33:11.493","availableEndTime":"2026-10-07 17:13:11.493"}
{"availableBeginTime":"2026-10-07 00:33:11.493","availableEndTime":"2026-10-07 17:13:11.493"}
{"availableBeginTime":"2026-10-07 00:33:11.493","availableEndTime":"2026-10-07 17:13:11.493"}
{"availableBeginTime":"2026-10-07 00:33:11.493","availableEndTime":"2026-10-07 17:13:11.493"}
{"availableBeginTime":"2026-10-07 00:33:11.493","availableEndTime":"2026-10-07 17:13:11.493"}
{"availableBeginTime":"2026-10-07 00:33:11.493","availableEndTime":"2026-10-07 17:13:11.493"}
{"availableBeginTime":"2026-10-07 00:33:11.493","availableEndTime":"2026-10-07 17:13:11.493"}
{"availableBeginTime":"2026-10-07 00:33:11.493","availableEndTime":"2026-10-07 17:13:11.493"}
{"availableBeginTime":"2026-10-07 00:33:11.493","availableEndTime":"2026-10-07 17:13:11.493"}
{"availableBeginTime":"2026-10-07 00:33:11.493","availableEndTime":"2026-10-07 17:13:11.493"}
{"availableBeginTime":"2026-10-07 00:33:11.493","availableEndTime":"2026-10-07 17:13:11.493"}
{"availableBeginTime":"2026-10-07 00:33:11.493","availableEndTime":"2026-10-07 17:13:11.493"}
{"availableBeginTime":"2026-10-07 00:33:11.493","availableEndTime":"2026-10-07 17:13:11.493"}
{"availableBeginTime":"2026-10-07 00:33:11.493","availableEndTime":"2026-10-07 17:13:11.493"}
{"availableBeginTime":"2026-10-07 00:33:11.493","availableEndTime":"2026-10-07 17:13:11.493"}
{"availableBeginTime":"2026-10-07 00:33:11.493","availableEndTime":"2026-10-07 17:13:11.493"}
{"availableBeginTime":"2026-10-07 00:33:11.493","availableEndTime":"2026-10-07 17:13:11.493"}
{"availableBeginTime":"2026-10-07 00:33:11.493","availableEndTime":"2026-10-07 17:13:11.493"}
{"availableBeginTime":"2026-10-07 00:33:11.493","availableEndTime":"2026-10-07 17:13:11.493"}
{"availableBeginTime":"2026-10-07 00:33:11.493","availableEndTime":"2026-10-07 17:13:11.493"}
{"availableBeginTime":"2026-10-07 00:33:11.493","availableEndTime":"2026-10-07 17:13:11.493"}
{"availableBeginTime":"2026-10-07 00:33:11.493","availableEndTime":"2026-10-07 17:13:11.493"}
{"availableBeginTime":"2026-10-07 00:33:11.493","availableEndTime":"2026-10-07 17:13:11.493"}
{"availableBeginTime":"2026-10-07 00:33:11.493","availableEndTime":"2026-10-07 17:13:11.493"}
{"availableBeginTime":"2026-10-07 00:33:11.493","availableEndTime":"2026-10-07 17:13:11.493"}
{"availableBeginTime":"2026-10-07 00:33:11.493","availableEndTime":"2026-10-07 17:13:11.493"}
{"availableBeginTime":"2026-10-07 00:33:11.493","availableEndTime":"2026-10-07 17:13:11.493"}
{"availableBeginTime":"2026-10-07 00:33:11.493","availableEndTime":"2026-10-07 17:13:11.493"}
{"availableBeginTime":"2026-10-07 00:33:11.493","availableEndTime":"2026-10-07 17:13:11.493"}
{"availableBeginTime":"2026-10-07 00:33:11.493","availableEndTime":"2026-10-07 17:13:11.493"}
{"availableBeginTime":"2026-10-07 00:33:11.493","availableEndTime":"2026-10-07 17:13:11.493"}
{"availableBeginTime":"2026-10-07 00:33:11.493","availableEndTime":"2026-10-07 17:13:11.493"}
{"availableBeginTime":"2026-10-07 00:33:11.493","availableEndTime":"2026-10-07 17:13:11.493"}
{"availableBeginTime":"2026-10-07 00:33:11.493","availableEndTime":"2026-10-07 17:13:11.493"}
{"availableBeginTime":"2026-10-07 00:33:11.493","availableEndTime":"2026-10-07 17:13:11.493"}
{"availableBeginTime":"2026-10-07 00:33:11.493","availableEndTime":"2026-10-07 17:13:11.493"}
{"availableBeginTime":"2026-10-07 00:33:11.493","availableEndTime":"2026-10-07 17:13:11.493"}
{"availableBeginTime":"2026-10-07 00:33:11.493","availableEndTime":"2026-10-07 17:13:11.493"}
{"availableBeginTime":"2026-10-07 00:33:11.493","availableEndTime":"2026-10-07 17:13:11.493"}
{"availableBeginTime":"2026-10-07 00:33:11.493","availableEndTime":"2026-10-07 17:13:11.493"}
{"availableBeginTime":"2026-10-07 00:33:11.493","availableEndTime":"2026-10-07 17:13:11.493"}
{"availableBeginTime":"2026-10-07 00:33:11.493","availableEndTime":"2026-10-07 17:13:11.493"}
{"availableBeginTime":"2026-10-07 00:33:11.493","availableEndTime":"2026-10-07 17:13:11.493"}
{"availableBeginTime":"2026-10-07 00:33:11.493","availableEndTime":"2026-10-07 17:13:11.493"}
{"availableBeginTime":"2026-10-07 00:33:11.493","availableEndTime":"2026-10-07 17:13:11.493"}
{"availableBeginTime":"2026-10-07 00:33:11.493","availableEndTime":"2026-10-07 17:13:11.493"}
{"availableBeginTime":"2026-10-07 00:33:11.493","availableEndTime":"2026-10-07 17:13:11.493"}
{"availableBeginTime":"2026-10-07 00:33:11.493","availableEndTime":"2026-10-07 17:13:11.493"}
{"availableBeginTime":"2026-10-07 00:33:11.493","availableEndTime":"2026-10-07 17:13:11.493"}
{"availableBeginTime":"2026-10-07 00:33:11.493","availableEndTime":"2026-10-07 17:13:11.493"}
{"availableBeginTime":"2026-10-07 00:33:11.493","availableEndTime":"2026-10-07 17:13:11.493"}
{"availableBeginTime":"2026-10-07 00:33:11.493","availableEndTime":"2026-10-07 17:13:11.493"}
{"availableBeginTime":"2026-10-07 00:33:11.493","availableEndTime":"2026-10-07 17:13:11.493"}
{"availableBeginTime":"2026-10-07 00:33:11.493","availableEndTime":"2026-10-07 17:13:11.493"}
{"availableBeginTime":"2026-10-07 00:33:11.493","availableEndTime":"2026-10-07 17:13:11.493"}
{"availableBeginTime":"2026-10-07 00:33:11.493","availableEndTime":"2026-10-07 17:13:11.493"}
{"availableBeginTime":"2026-10-07 00:33:11.493","availableEndTime":"2026-10-07 17:13:11.493"}
{"availableBeginTime":"2026-10-07 00:33:11.493","availableEndTime":"2026-10-07 17:13:11.493"}
{"availableBeginTime":"2026-10-07 00:33:11.493","availableEndTime":"2026-10-07 17:13:11.493"}
{"availableBeginTime":"2026-10-07 00:33:11.493","availableEndTime":"2026-10-07 17:13:11.493"}
{"availableBeginTime":"2026-10-07 00:33:11.493","availableEndTime":"2026-10-07 17:13:11.493"}
{"availableBeginTime":"2026-10-07 00:33:11.493","availableEndTime":"2026-10-07 17:13:11.493"}
{"availableBeginTime":"2026-10-07 00:33:11.493","availableEndTime":"2026-10-07 17:13:11.493"}
{"availableBeginTime":"2026-10-07 00:33:11.493","availableEndTime":"2026-10-07 17:13:11.493"}
{"availableBeginTime":"2026-10-07 00:33:11.493","availableEndTime":"2026-10-07 17:13:11.493"}
{"availableBeginTime":"2026-10-07 00:33:11.493","availableEndTime":"2026-10-07 17:13:11.493"}
{"availableBeginTime":"2026-10-07 00:33:11.493","availableEndTime":"2026-10-07 17:13:11.493"}
{"availableBeginTime":"2026-10-07 00:33:11.493","availableEndTime":"2026-10-07 17:13:11.493"}
{"availableBeginTime":"2026-10-07 00:33:11.493","availableEndTime":"2026-10-07 17:13:11.493"}
{"availableBeginTime":"2026-10-07 00:33:11.493","availableEndTime":"2026-10-07 17:13:11.493"}
{"availableBeginTime":"2026-10-07 00:33:11.493","availableEndTime":"2026-10-07 17:13:11.493"}
{"availableBeginTime":"2026-10-07 00:33:11.493","availableEndTime":"2026-10-07 17:13:11.493"}
{"availableBeginTime":"2026-10-07 00:33:11.493","availableEndTime":"2026-10-07 17:13:11.493"}
{"availableBeginTime":"2026-10-07 00:33:11.493","availableEndTime":"2026-10-07 17:13:11.493"}
{"availableBeginTime":"2026-10-07 00:33:11.493","availableEndTime":"2026-10-07 17:13:11.493"}
{"availableBeginTime":"2026-10-07 00:33:11.493","availableEndTime":"2026-10-07 17:13:11.493"}
{"availableBeginTime":"2026-10-07 00:33:11.493","availableEndTime":"2026-10-07 17:13:11.493"}
{"availableBeginTime":"2026-10-07 00:33:11.493","availableEndTime":"2026-10-07 17:13:11.493"}
{"availableBeginTime":"2026-10-07 00:33:11.493","availableEndTime":"2026-10-07 17:13:11.493"}
{"availableBeginTime":"2026-10-07 00:33:11.493","availableEndTime":"2026-10-07 17:13:11.493"}
{"availableBeginTime":"2026-10-07 00:33:11.493","availableEndTime":"2026-10-07 17:13:11.493"}
{"availableBeginTime":"2026-10-07 00:33:11.493","availableEndTime":"2026-10-07 17:13:11.493"}
{"availableBeginTime":"2026-10-07 00:33:11.493","availableEndTime":"2026-10-07 17:13:11.493"}
{"availableBeginTime":"2026-10-07 00:33:11.493","availableEndTime":"2026-10-07 17:13:11.493"}
{"availableBeginTime":"2026-10-07 00:33:11.493","availableEndTime":"2026-10-07 17:13:11.493"}
{"availableBeginTime":"2026-10-07 00:33:11.493","availableEndTime":"2026-10-07 17:13:11.493"}
{"availableBeginTime":"2026-10-07 00:33:11.493","availableEndTime":"2026-10-07 17:13:11.493"}
{"availableBeginTime":"2026-10-07 00:33:11.493","availableEndTime":"2026-10-07 17:13:11.493"}
{"availableBeginTime":"2026-10-07 00:33:11.493","availableEndTime":"2026-10-07 17:13:11.493"}
{"availableBeginTime":"2026-10-07 00:33:11.493","availableEndTime":"2026-10-07 17:13:11.493"}
{"availableBeginTime":"2026-10-07 00:33:11.493","availableEndTime":"2026-10-07 17:13:11.493"}
{"availableBeginTime":"2026-10-07 00:33:11.493","availableEndTime":"2026-10-07 17:13:11.493"}
{"availableBeginTime":"2026-10-07 00:33:11.493","availableEndTime":"2026-10-07 17:13:11.493"}
{"availableBeginTime":"2026-10-07 00:33:11.493","availableEndTime":"2026-10-07 17:13:11.493"}
{"availableBeginTime":"2026-10-07 00:33:11.493","availableEndTime":"2026-10-07 17:13:11.493"}
{"availableBeginTime":"2026-10-07 00:33:11.493","availableEndTime":"2026-10-07 17:13:11.493"}
{"availableBeginTime":"2026-10-07 00:33:11.493","availableEndTime":"2026-10-07 17:13:11.493"}
{"availableBeginTime":"2026-10-07 00:33:11.493","availableEndTime":"2026-10-07 17:13:11.493"}
{"availableBeginTime":"2026-10-07 00:33:11.493","availableEndTime":"2026-10-07 17:13:11.493"}
{"availableBeginTime":"2026-10-07 00:33:11.493","availableEndTime":"2026-10-07 17:13:11.493"}
{"availableBeginTime":"2026-10-07 00:33:11.493","availableEndTime":"2026-10-07 17:13:11.493"}
{"availableBeginTime":"2026-10-07 00:33:11.493","availableEndTime":"2026-10-07 17:13:11.493"}
{"availableBeginTime":"2026-10-07 00:33:11.493","availableEndTime":"2026-10-07 17:13:11.493"}
{"availableBeginTime":"2026-10-07 00:33:11.493","availableEndTime":"2026-10-07 17:13:11.493"}
{"availableBeginTime":"2026-10-07 00:33:11.493","availableEndTime":"2026-10-07 17:13:11.493"}
{"availableBeginTime":"2026-10-07 00:33:11.493","availableEndTime":"2026-10-07 17:13:11.493"}
{"availableBeginTime":"2026-10-07 00:33:11.493","availableEndTime":"2026-10-07 17:13:11.493"}
{"availableBeginTime":"2026-10-07 00:33:11.493","availableEndTime":"2026-10-07 17:13:11.493"}
{"availableBeginTime":"2026-10-07 00:33:11.493","availableEndTime":"2026-10-07 17:13:11.493"}
{"availableBeginTime":"2026-10-07 00:33:11.493","availableEndTime":"2026-10-07 17:13:11.493"}
{"availableBeginTime":"2026-10-07 00:33:11.493","availableEndTime":"2026-10-07 17:13:11.493"}
{"availableBeginTime":"2026-10-07 00:33:11.493","availableEndTime":"2026-10-07 17:13:11.493"}
{"availableBeginTime":"2026-10-07 00:33:11.493","availableEndTime":"2026-10-07 17:13:11.493"}
{"availableBeginTime":"2026-10-07 00:33:11.493","availableEndTime":"2026-10-07 17:13:11.493"}
{"availableBeginTime":"2026-10-07 00:33:11.493","availableEndTime":"2026-10-07 17:13:11.493"}
{"availableBeginTime":"2026-10-07 00:33:11.493","availableEndTime":"2026-10-07 17:13:11.493"}
{"availableBeginTime":"2026-10-07 00:33:11.494","availableEndTime":"2026-10-07 17:13:11.494"}
{"availableBeginTime":"2026-10-07 00:33:11.494","availableEndTime":"2026-10-07 17:13:11.494"}
{"availableBeginTime":"2026-10-07 00:33:11.494","availableEndTime":"2026-10-07 17:13:11.494"}
{"availableBeginTime":"2026-10-07 00:33:11.494","availableEndTime":"2026-10-07 17:13:11.494"}
{"availableBeginTime":"2026-10-07 00:33:11.494","availableEndTime":"2026-10-07 17:13:11.494"}
{"availableBeginTime":"2026-10-07 00:33:11.494","availableEndTime":"2026-10-07 17:13:11.494"}
{"availableBeginTime":"2026-10-07 00:33:11.494","availableEndTime":"2026-10-07 17:13:11.494"}
{"availableBeginTime":"2026-10-07 00:33:11.494","availableEndTime":"2026-10-07 17:13:11.494"}
{"availableBeginTime":"2026-10-07 00:33:11.494","availableEndTime":"2026-10-07 17:13:11.494"}
{"availableBeginTime":"2026-10-07 00:33:11.494","availableEndTime":"2026-10-07 17:13:11.494"}
{"availableBeginTime":"2026-10-07 00:33:11.494","availableEndTime":"2026-10-07 17:13:11.494"}
{"availableBeginTime":"2026-10-07 00:33:11.494","availableEndTime":"2026-10-07 17:13:11.494"}
{"availableBeginTime":"2026-10-07 00:33:11.494","availableEndTime":"2026-10-07 17:13:11.494"}
{"availableBeginTime":"2026-10-07 00:33:11.494","availableEndTime":"2026-10-07 17:13:11.494"}
{"availableBeginTime":"2026-10-07 00:33:11.494","availableEndTime":"2026-10-07 17:13:11.494"}
{"availableBeginTime":"2026-10-07 00:33:11.494","availableEndTime":"2026-10-07 17:13:11.494"}
{"availableBeginTime":"2026-10-07 00:33:11.494","availableEndTime":"2026-10-07 17:13:11.494"}
{"availableBeginTime":"2026-10-07 00:33:11.494","availableEndTime":"2026-10-07 17:13:11.494"}
{"availableBeginTime":"2026-10-07 00:33:11.494","availableEndTime":"2026-10-07 17:13:11.494"}
{"availableBeginTime":"2026-10-07 00:33:11.494","availableEndTime":"2026-10-07 17:13:11.494"}
{"availableBeginTime":"2026-10-07 00:33:11.494","availableEndTime":"2026-10-07 17:13:11.494"}
{"availableBeginTime":"2026-10-07 00:33:11.494","availableEndTime":"2026-10-07 17:13:11.494"}
{"availableBeginTime":"2026-10-07 00:33:11.494","availableEndTime":"2026-10-07 17:13:11.494"}
{"availableBeginTime":"2026-10-07 00:33:11.494","availableEndTime":"2026-10-07 17:13:11.494"}
{"availableBeginTime":"2026-10-07 00:33:11.494","availableEndTime":"2026-10-07 17:13:11.494"}
{"availableBeginTime":"2026-10-07 00:33:11.494","availableEndTime":"2026-10-07 17:13:11.494"}
{"availableBeginTime":"2026-10-07 00:33:11.494","availableEndTime":"2026-10-07 17:13:11.494"}
{"availableBeginTime":"2026-10-07 00:33:11.494","availableEndTime":"2026-10-07 17:13:11.494"}
{"availableBeginTime":"2026-10-07 00:33:11.494","availableEndTime":"2026-10-07 17:13:11.494"}
{"availableBeginTime":"2026-10-07 00:33:11.494","availableEndTime":"2026-10-07 17:13:11.494"}
{"availableBeginTime":"2026-10-07 00:33:11.494","availableEndTime":"2026-10-07 17:13:11.494"}
{"availableBeginTime":"2026-10-07 00:33:11.494","availableEndTime":"2026-10-07 17:13:11.494"}
{"availableBeginTime":"2026-10-07 00:33:11.494","availableEndTime":"2026-10-07 17:13:11.494"}
{"availableBeginTime":"2026-10-07 00:33:11.494","availableEndTime":"2026-10-07 17:13:11.494"}
{"availableBeginTime":"2026-10-07 00:33:11.494","availableEndTime":"2026-10-07 17:13:11.494"}
{"availableBeginTime":"2026-10-07 00:33:11.494","availableEndTime":"2026-10-07 17:13:11.494"}
{"availableBeginTime":"2026-10-07 00:33:11.494","availableEndTime":"2026-10-07 17:13:11.494"}
{"availableBeginTime":"2026-10-07 00:33:11.494","availableEndTime":"2026-10-07 17:13:11.494"}
{"availableBeginTime":"2026-10-07 00:33:11.494","availableEndTime":"2026-10-07 17:13:11.494"}
{"availableBeginTime":"2026-10-07 00:33:11.494","availableEndTime":"2026-10-07 17:13:11.494"}
{"availableBeginTime":"2026-10-07 00:33:11.494","availableEndTime":"2026-10-07 17:13:11.494"}
{"availableBeginTime":"2026-10-07 00:33:11.494","availableEndTime":"2026-10-07 17:13:11.494"}
{"availableBeginTime":"2026-10-07 00:33:11.494","availableEndTime":"2026-10-07 17:13:11.494"}
{"availableBeginTime":"2026-10-07 00:33:11.494","availableEndTime":"2026-10-07 17:13:11.494"}
{"availableBeginTime":"2026-10-07 00:33:11.494","availableEndTime":"2026-10-07 17:13:11.494"}
{"availableBeginTime":"2026-10-07 00:33:11.494","availableEndTime":"2026-10-07 17:13:11.494"}
{"availableBeginTime":"2026-10-07 00:33:11.494","availableEndTime":"2026-10-07 17:13:11.494"}
{"availableBeginTime":"2026-10-07 00:33:11.494","availableEndTime":"2026-10-07 17:13:11.494"}
{"availableBeginTime":"2026-10-07 00:33:11.494","availableEndTime":"2026-10-07 17:13:11.494"}
{"availableBeginTime":"2026-10-07 00:33:11.494","availableEndTime":"2026-10-07 17:13:11.494"}
{"availableBeginTime":"2026-10-07 00:33:11.494","availableEndTime":"2026-10-07 17:13:11.494"}
{"availableBeginTime":"2026-10-07 00:33:11.494","availableEndTime":"2026-10-07 17:13:11.494"}
{"availableBeginTime":"2026-10-07 00:33:11.494","availableEndTime":"2026-10-07 17:13:11.494"}
{"availableBeginTime":"2026-10-07 00:33:11.494","availableEndTime":"2026-10-07 17:13:11.494"}
{"availableBeginTime":"2026-10-07 00:33:11.494","availableEndTime":"2026-10-07 17:13:11.494"}
{"availableBeginTime":"2026-10-07 00:33:11.494","availableEndTime":"2026-10-07 17:13:11.494"}
{"availableBeginTime":"2026-10-07 00:33:11.494","availableEndTime":"2026-10-07 17:13:11.494"}
{"availableBeginTime":"2026-10-07 00:33:11.494","availableEndTime":"2026-10-07 17:13:11.494"}
{"availableBeginTime":"2026-10-07 00:33:11.494","availableEndTime":"2026-10-07 17:13:11.494"}
{"availableBeginTime":"2026-10-07 00:33:11.494","availableEndTime":"2026-10-07 17:13:11.494"}
{"availableBeginTime":"2026-10-07 00:33:11.494","availableEndTime":"2026-10-07 17:13:11.494"}
{"availableBeginTime":"2026-10-07 00:33:11.494","availableEndTime":"2026-10-07 17:13:11.494"}
{"availableBeginTime":"2026-10-07 00:33:11.494","availableEndTime":"2026-10-07 17:13:11.494"}
{"availableBeginTime":"2026-10-07 00:33:11.494","availableEndTime":"2026-10-07 17:13:11.494"}
{"availableBeginTime":"2026-10-07 00:33:11.494","availableEndTime":"2026-10-07 17:13:11.494"}
{"availableBeginTime":"2026-10-07 00:33:11.494","availableEndTime":"2026-10-07 17:13:11.494"}
{"availableBeginTime":"2026-10-07 00:33:11.494","availableEndTime":"2026-10-07 17:13:11.494"}
{"availableBeginTime":"2026-10-07 00:33:11.494","availableEndTime":"2026-10-07 17:13:11.494"}
{"availableBeginTime":"2026-10-07 00:33:11.494","availableEndTime":"2026-10-07 17:13:11.494"}
{"availableBeginTime":"2026-10-07 00:33:11.494","availableEndTime":"2026-10-07 17:13:11.494"}
{"availableBeginTime":"2026-10-07 00:33:11.494","availableEndTime":"2026-10-07 17:13:11.494"}
{"availableBeginTime":"2026-10-07 00:33:11.494","availableEndTime":"2026-10-07 17:13:11.494"}
{"availableBeginTime":"2026-10-07 00:33:11.494","availableEndTime":"2026-10-07 17:13:11.494"}
{"availableBeginTime":"2026-10-07 00:33:11.494","availableEndTime":"2026-10-07 17:13:11.494"}
{"availableBeginTime":"2026-10-07 00:33:11.494","availableEndTime":"2026-10-07 17:13:11.494"}
{"availableBeginTime":"2026-10-07 00:33:11.494","availableEndTime":"2026-10-07 17:13:11.494"}
{"availableBeginTime":"2026-10-07 00:33:11.494","availableEndTime":"2026-10-07 17:13:11.494"}
{"availableBeginTime":"2026-10-07 00:33:11.494","availableEndTime":"2026-10-07 17:13:11.494"}
{"availableBeginTime":"2026-10-07 00:33:11.494","availableEndTime":"2026-10-07 17:13:11.494"}
{"availableBeginTime":"2026-10-07 00:33:11.494","availableEndTime":"2026-10-07 17:13:11.494"}
{"availableBeginTime":"2026-10-07 00:33:11.494","availableEndTime":"2026-10-07 17:13:11.494"}
{"availableBeginTime":"2026-10-07 00:33:11.494","availableEndTime":"2026-10-07 17:13:11.494"}
{"availableBeginTime":"2026-10-07 00:33:11.494","availableEndTime":"2026-10-07 17:13:11.494"}
{"availableBeginTime":"2026-10-07 00:33:11.494","availableEndTime":"2026-10-07 17:13:11.494"}
{"availableBeginTime":"2026-10-07 00:33:11.494","availableEndTime":"2026-10-07 17:13:11.494"}
{"availableBeginTime":"2026-10-07 00:33:11.494","availableEndTime":"2026-10-07 17:13:11.494"}
{"availableBeginTime":"2026-10-07 00:33:11.494","availableEndTime":"2026-10-07 17:13:11.494"}
{"availableBeginTime":"2026-10-07 00:33:11.494","availableEndTime":"2026-10-07 17:13:11.494"}
{"availableBeginTime":"2026-10-07 00:33:11.494","availableEndTime":"2026-10-07 17:13:11.494"}
{"availableBeginTime":"2026-10-07 00:33:11.494","availableEndTime":"2026-10-07 17:13:11.494"}
{"availableBeginTime":"2026-10-07 00:33:11.494","availableEndTime":"2026-10-07 17:13:11.494"}
{"availableBeginTime":"2026-10-07 00:33:11.494","availableEndTime":"2026-10-07 17:13:11.494"}
{"availableBeginTime":"2026-10-07 00:33:11.494","availableEndTime":"2026-10-07 17:13:11.494"}
{"availableBeginTime":"2026-10-07 00:33:11.494","availableEndTime":"2026-10-07 17:13:11.494"}
{"availableBeginTime":"2026-10-07 00:33:11.494","availableEndTime":"2026-10-07 17:13:11.494"}
{"availableBeginTime":"2026-10-07 00:33:11.494","availableEndTime":"2026-10-07 17:13:11.494"}
{"availableBeginTime":"2026-10-07 00:33:11.494","availableEndTime":"2026-10-07 17:13:11.494"}
{"availableBeginTime":"2026-10-07 00:33:11.494","availableEndTime":"2026-10-07 17:13:11.494"}
{"availableBeginTime":"2026-10-07 00:33:11.494","availableEndTime":"2026-10-07 17:13:11.494"}
{"availableBeginTime":"2026-10-07 00:33:11.494","availableEndTime":"2026-10-07 17:13:11.494"}
{"availableBeginTime":"2026-10-07 00:33:11.494","availableEndTime":"2026-10-07 17:13:11.494"}
{"availableBeginTime":"2026-10-07 00:33:11.494","availableEndTime":"2026-10-07 17:13:11.494"}
{"availableBeginTime":"2026-10-07 00:33:11.494","availableEndTime":"2026-10-07 17:13:11.494"}
{"availableBeginTime":"2026-10-07 00:33:11.494","availableEndTime":"2026-10-07 17:13:11.494"}
{"availableBeginTime":"2026-10-07 00:33:11.494","availableEndTime":"2026-10-07 17:13:11.494"}
{"availableBeginTime":"2026-10-07 00:33:11.494","availableEndTime":"2026-10-07 17:13:11.494"}
{"availableBeginTime":"2026-10-07 00:33:11.494","availableEndTime":"2026-10-07 17:13:11.494"}
{"availableBeginTime":"2026-10-07 00:33:11.494","availableEndTime":"2026-10-07 17:13:11.494"}
{"availableBeginTime":"2026-10-07 00:33:11.494","availableEndTime":"2026-10-07 17:13:11.494"}
{"availableBeginTime":"2026-10-07 00:33:11.494","availableEndTime":"2026-10-07 17:13:11.494"}
{"availableBeginTime":"2026-10-07 00:33:11.494","availableEndTime":"2026-10-07 17:13:11.494"}
{"availableBeginTime":"2026-10-07 00:33:11.494","availableEndTime":"2026-10-07 17:13:11.494"}
{"availableBeginTime":"2026-10-07 00:33:11.494","availableEndTime":"2026-10-07 17:13:11.494"}
{"availableBeginTime":"2026-10-07 00:33:11.494","availableEndTime":"2026-10-07 17:13:11.494"}
{"availableBeginTime":"2026-10-07 00:33:11.494","availableEndTime":"2026-10-07 17:13:11.494"}
{"availableBeginTime":"2026-10-07 00:33:11.494","availableEndTime":"2026-10-07 17:13:11.494"}
{"availableBeginTime":"2026-10-07 00:33:11.494","availableEndTime":"2026-10-07 17:13:11.494"}
{"availableBeginTime":"2026-10-07 00:33:11.494","availableEndTime":"2026-10-07 17:13:11.494"}
{"availableBeginTime":"2026-10-07 00:33:11.494","availableEndTime":"2026-10-07 17:13:11.494"}
{"availableBeginTime":"2026-10-07 00:33:11.494","availableEndTime":"2026-10-07 17:13:11.494"}
{"availableBeginTime":"2026-10-07 00:33:11.494","availableEndTime":"2026-10-07 17:13:11.494"}
{"availableBeginTime":"2026-10-07 00:33:11.494","availableEndTime":"2026-10-07 17:13:11.494"}
{"availableBeginTime":"2026-10-07 00:33:11.494","availableEndTime":"2026-10-07 17:13:11.494"}
{"availableBeginTime":"2026-10-07 00:33:11.494","availableEndTime":"2026-10-07 17:13:11.494"}
{"availableBeginTime":"2026-10-07 00:33:11.494","availableEndTime":"2026-10-07 17:13:11.494"}
{"availableBeginTime":"2026-10-07 00:33:11.494","availableEndTime":"2026-10-07 17:13:11.494"}
{"availableBeginTime":"2026-10-07 00:33:11.494","availableEndTime":"2026-10-07 17:13:11.494"}
{"availableBeginTime":"2026-10-07 00:33:11.494","availableEndTime":"2026-10-07 17:13:11.494"}
{"availableBeginTime":"2026-10-07 00:33:11.494","availableEndTime":"2026-10-07 17:13:11.494"}
{"availableBeginTime":"2026-10-07 00:33:11.494","availableEndTime":"2026-10-07 17:13:11.494"}
{"availableBeginTime":"2026-10-07 00:33:11.494","availableEndTime":"2026-10-07 17:13:11.494"}
{"availableBeginTime":"2026-10-07 00:33:11.494","availableEndTime":"2026-10-07 17:13:11.494"}
{"availableBeginTime":"2026-10-07 00:33:11.494","availableEndTime":"2026-10-07 17:13:11.494"}
{"availableBeginTime":"2026-10-07 00:33:11.494","availableEndTime":"2026-10-07 17:13:11.494"}
{"availableBeginTime":"2026-10-07 00:33:11.494","availableEndTime":"2026-10-07 17:13:11.494"}
{"availableBeginTime":"2026-10-07 00:33:11.494","availableEndTime":"2026-10-07 17:13:11.494"}
{"availableBeginTime":"2026-10-07 00:33:11.494","availableEndTime":"2026-10-07 17:13:11.494"}
{"availableBeginTime":"2026-10-07 00:33:11.494","availableEndTime":"2026-10-07 17:13:11.494"}
{"availableBeginTime":"2026-10-07 00:33:11.494","availableEndTime":"2026-10-07 17:13:11.494"}
{"availableBeginTime":"2026-10-07 00:33:11.494","availableEndTime":"2026-10-07 17:13:11.494"}
{"availableBeginTime":"2026-10-07 00:33:11.494","availableEndTime":"2026-10-07 17:13:11.494"}
{"availableBeginTime":"2026-10-07 00:33:11.494","availableEndTime":"2026-10-07 17:13:11.494"}
{"availableBeginTime":"2026-10-07 00:33:11.494","availableEndTime":"2026-10-07 17:13:11.494"}
{"availableBeginTime":"2026-10-07 00:33:11.494","availableEndTime":"2026-10-07 17:13:11.494"}
{"availableBeginTime":"2026-10-07 00:33:11.494","availableEndTime":"2026-10-07 17:13:11.494"}
{"availableBeginTime":"2026-10-07 00:33:11.494","availableEndTime":"2026-10-07 17:13:11.494"}
{"availableBeginTime":"2026-10-07 00:33:11.494","availableEndTime":"2026-10-07 17:13:11.494"}
{"availableBeginTime":"2026-10-07 00:33:11.494","availableEndTime":"2026-10-07 17:13:11.494"}
{"availableBeginTime":"2026-10-07 00:33:11.494","availableEndTime":"2026-10-07 17:13:11.494"}
{"availableBeginTime":"2026-10-07 00:33:11.494","availableEndTime":"2026-10-07 17:13:11.494"}
{"availableBeginTime":"2026-10-07 00:33:11.494","availableEndTime":"2026-10-07 17:13:11.494"}
{"availableBeginTime":"2026-10-07 00:33:11.494","availableEndTime":"2026-10-07 17:13:11.494"}
{"availableBeginTime":"2026-10-07 00:33:11.494","availableEndTime":"2026-10-07 17:13:11.494"}
{"availableBeginTime":"2026-10-07 00:33:11.494","availableEndTime":"2026-10-07 17:13:11.494"}
{"availableBeginTime":"2026-10-07 00:33:11.494","availableEndTime":"2026-10-07 17:13:11.494"}
{"availableBeginTime":"2026-10-07 00:33:11.494","availableEndTime":"2026-10-07 17:13:11.494"}
{"availableBeginTime":"2026-10-07 00:33:11.494","availableEndTime":"2026-10-07 17:13:11.494"}
{"availableBeginTime":"2026-10-07 00:33:11.494","availableEndTime":"2026-10-07 17:13:11.494"}
{"availableBeginTime":"2026-10-07 00:33:11.494","availableEndTime":"2026-10-07 17:13:11.494"}
{"availableBeginTime":"2026-10-07 00:33:11.494","availableEndTime":"2026-10-07 17:13:11.494"}
{"availableBeginTime":"2026-10-07 00:33:11.494","availableEndTime":"2026-10-07 17:13:11.494"}
{"availableBeginTime":"2026-10-07 00:33:11.494","availableEndTime":"2026-10-07 17:13:11.494"}
{"availableBeginTime":"2026-10-07 00:33:11.494","availableEndTime":"2026-10-07 17:13:11.494"}
{"availableBeginTime":"2026-10-07 00:33:11.494","availableEndTime":"2026-10-07 17:13:11.494"}
{"availableBeginTime":"2026-10-07 00:33:11.494","availableEndTime":"2026-10-07 17:13:11.494"}
{"availableBeginTime":"2026-10-07 00:33:11.494","availableEndTime":"2026-10-07 17:13:11.494"}
{"availableBeginTime":"2026-10-07 00:33:11.494","availableEndTime":"2026-10-07 17:13:11.494"}
{"availableBeginTime":"2026-10-07 00:33:11.494","availableEndTime":"2026-10-07 17:13:11.494"}
{"availableBeginTime":"2026-10-07 00:33:11.494","availableEndTime":"2026-10-07 17:13:11.494"}
{"availableBeginTime":"2026-10-07 00:33:11.494","availableEndTime":"2026-10-07 17:13:11.494"}
{"availableBeginTime":"2026-10-07 00:33:11.494","availableEndTime":"2026-10-07 17:13:11.494"}
{"availableBeginTime":"2026-10-07 00:33:11.494","availableEndTime":"2026-10-07 17:13:11.494"}
{"availableBeginTime":"2026-10-07 00:33:11.494","availableEndTime":"2026-10-07 17:13:11.494"}
{"availableBeginTime":"2026-10-07 00:33:11.494","availableEndTime":"2026-10-07 17:13:11.494"}
{"availableBeginTime":"2026-10-07 00:33:11.494","availableEndTime":"2026-10-07 17:13:11.494"}
{"availableBeginTime":"2026-10-07 00:33:11.494","availableEndTime":"2026-10-07 17:13:11.494"}
{"availableBeginTime":"2026-10-07 00:33:11.494","availableEndTime":"2026-10-07 17:13:11.494"}
{"availableBeginTime":"2026-10-07 00:33:11.494","availableEndTime":"2026-10-07 17:13:11.494"}
{"availableBeginTime":"2026-10-07 00:33:11.494","availableEndTime":"2026-10-07 17:13:11.494"}
{"availableBeginTime":"2026-10-07 00:33:11.494","availableEndTime":"2026-10-07 17:13:11.494"}
{"availableBeginTime":"2026-10-07 00:33:11.494","availableEndTime":"2026-10-07 17:13:11.494"}
{"availableBeginTime":"2026-10-07 00:33:11.494","availableEndTime":"2026-10-07 17:13:11.494"}
{"availableBeginTime":"2026-10-07 00:33:11.494","availableEndTime":"2026-10-07 17:13:11.494"}
{"availableBeginTime":"2026-10-07 00:33:11.494","availableEndTime":"2026-10-07 17:13:11.494"}
{"availableBeginTime":"2026-10-07 00:33:11.494","availableEndTime":"2026-10-07 17:13:11.494"}
{"availableBeginTime":"2026-10-07 00:33:11.494","availableEndTime":"2026-10-07 17:13:11.494"}
{"availableBeginTime":"2026-10-07 00:33:11.494","availableEndTime":"2026-10-07 17:13:11.494"}
{"availableBeginTime":"2026-10-07 00:33:11.494","availableEndTime":"2026-10-07 17:13:11.494"}
{"availableBeginTime":"2026-10-07 00:33:11.494","availableEndTime":"2026-10-07 17:13:11.494"}
{"availableBeginTime":"2026-10-07 00:33:11.494","availableEndTime":"2026-10-07 17:13:11.494"}
{"availableBeginTime":"2026-10-07 00:33:11.494","availableEndTime":"2026-10-07 17:13:11.494"}
{"availableBeginTime":"2026-10-07 00:33:11.494","availableEndTime":"2026-10-07 17:13:11.494"}
{"availableBeginTime":"2026-10-07 00:33:11.494","availableEndTime":"2026-10-07 17:13:11.494"}
{"availableBeginTime":"2026-10-07 00:33:11.494","availableEndTime":"2026-10-07 17:13:11.494"}
{"availableBeginTime":"2026-10-07 00:33:11.494","availableEndTime":"2026-10-07 17:13:11.494"}
{"availableBeginTime":"2026-10-07 00:33:11.494","availableEndTime":"2026-10-07 17:13:11.494"}
{"availableBeginTime":"2026-10-07 00:33:11.494","availableEndTime":"2026-10-07 17:13:11.494"}
{"availableBeginTime":"2026-10-07 00:33:11.494","availableEndTime":"2026-10-07 17:13:11.494"}
{"availableBeginTime":"2026-10-07 00:33:11.494","availableEndTime":"2026-10-07 17:13:11.494"}
{"availableBeginTime":"2026-10-07 00:33:11.494","availableEndTime":"2026-10-07 17:13:11.494"}
{"availableBeginTime":"2026-10-07 00:33:11.494","availableEndTime":"2026-10-07 17:13:11.494"}
{"availableBeginTime":"2026-10-07 00:33:11.494","availableEndTime":"2026-10-07 17:13:11.494"}
{"availableBeginTime":"2026-10-07 00:33:11.494","availableEndTime":"2026-10-07 17:13:11.494"}
{"availableBeginTime":"2026-10-07 00:33:11.494","availableEndTime":"2026-10-07 17:13:11.494"}
{"availableBeginTime":"2026-10-07 00:33:11.494","availableEndTime":"2026-10-07 17:13:11.494"}
{"availableBeginTime":"2026-10-07 00:33:11.494","availableEndTime":"2026-10-07 17:13:11.494"}
{"availableBeginTime":"2026-10-07 00:33:11.494","availableEndTime":"2026-10-07 17:13:11.494"}
{"availableBeginTime":"2026-10-07 00:33:11.494","availableEndTime":"2026-10-07 17:13:11.494"}
{"availableBeginTime":"2026-10-07 00:33:11.494","availableEndTime":"2026-10-07 17:13:11.494"}
{"availableBeginTime":"2026-10-07 00:33:11.494","availableEndTime":"2026-10-07 17:13:11.494"}
{"availableBeginTime":"2026-10-07 00:33:11.494","availableEndTime":"2026-10-07 17:13:11.494"}
{"availableBeginTime":"2026-10-07 00:33:11.494","availableEndTime":"2026-10-07 17:13:11.494"}
{"availableBeginTime":"2026-10-07 00:33:11.494","availableEndTime":"2026-10-07 17:13:11.494"}
{"availableBeginTime":"2026-10-07 00:33:11.494","availableEndTime":"2026-10-07 17:13:11.494"}
{"availableBeginTime":"2026-10-07 00:33:11.494","availableEndTime":"2026-10-07 17:13:11.494"}
{"availableBeginTime":"2026-10-07 00:33:11.494","availableEndTime":"2026-10-07 17:13:11.494"}
{"availableBeginTime":"2026-10-07 00:33:11.494","availableEndTime":"2026-10-07 17:13:11.494"}
{"availableBeginTime":"2026-10-07 00:33:11.494","availableEndTime":"2026-10-07 17:13:11.494"}
{"availableBeginTime":"2026-10-07 00:33:11.494","availableEndTime":"2026-10-07 17:13:11.494"}
{"availableBeginTime":"2026-10-07 00:33:11.494","availableEndTime":"2026-10-07 17:13:11.494"}
{"availableBeginTime":"2026-10-07 00:33:11.494","availableEndTime":"2026-10-07 17:13:11.494"}
{"availableBeginTime":"2026-10-07 00:33:11.494","availableEndTime":"2026-10-07 17:13:11.494"}
{"availableBeginTime":"2026-10-07 00:33:11.494","availableEndTime":"2026-10-07 17:13:11.494"}
{"availableBeginTime":"2026-10-07 00:33:11.494","availableEndTime":"2026-10-07 17:13:11.494"}
{"availableBeginTime":"2026-10-07 00:33:11.494","availableEndTime":"2026-10-07 17:13:11.494"}
{"availableBeginTime":"2026-10-07 00:33:11.494","availableEndTime":"2026-10-07 17:13:11.494"}
{"availableBeginTime":"2026-10-07 00:33:11.494","availableEndTime":"2026-10-07 17:13:11.494"}
{"availableBeginTime":"2026-10-07 00:33:11.494","availableEndTime":"2026-10-07 17:13:11.494"}
{"availableBeginTime":"2026-10-07 00:33:11.494","availableEndTime":"2026-10-07 17:13:11.494"}
{"availableBeginTime":"2026-10-07 00:33:11.494","availableEndTime":"2026-10-07 17:13:11.494"}
{"availableBeginTime":"2026-10-07 00:33:11.494","availableEndTime":"2026-10-07 17:13:11.494"}
{"availableBeginTime":"2026-10-07 00:33:11.494","availableEndTime":"2026-10-07 17:13:11.494"}
{"availableBeginTime":"2026-10-07 00:33:11.494","availableEndTime":"2026-10-07 17:13:11.494"}
{"availableBeginTime":"2026-10-07 00:33:11.494","availableEndTime":"2026-10-07 17:13:11.494"}
{"availableBeginTime":"2026-10-07 00:33:11.494","availableEndTime":"2026-10-07 17:13:11.494"}
{"availableBeginTime":"2026-10-07 00:33:11.494","availableEndTime":"2026-10-07 17:13:11.494"}
{"availableBeginTime":"2026-10-07 00:33:11.494","availableEndTime":"2026-10-07 17:13:11.494"}
{"availableBeginTime":"2026-10-07 00:33:11.494","availableEndTime":"2026-10-07 17:13:11.494"}
{"availableBeginTime":"2026-10-07 00:33:11.494","availableEndTime":"2026-10-07 17:13:11.494"}
{"availableBeginTime":"2026-10-07 00:33:11.494","availableEndTime":"2026-10-07 17:13:11.494"}
{"availableBeginTime":"2026-10-07 00:33:11.494","availableEndTime":"2026-10-07 17:13:11.494"}
{"availableBeginTime":"2026-10-07 00:33:11.494","availableEndTime":"2026-10-07 17:13:11.494"}
{"availableBeginTime":"2026-10-07 00:33:11.494","availableEndTime":"2026-10-07 17:13:11.494"}
{"availableBeginTime":"2026-10-07 00:33:11.494","availableEndTime":"2026-10-07 17:13:11.494"}
{"@type":"com.alibaba.fastjson2.issues.Issue508$Xx","base":{"@type":"com.alibaba.fastjson2.issues.Issue508$Device","id":1,"name":"xxx"}}
Parsed date: Wed Oct 11 00:00:00 CST 2023
Formatted date: {"utilDate":"2023-10-11"}
Parsed time: Sun Jul 05 16:11:10 CST 169108099
Formatted time: {"utilTime":"16:11:10"}
Parsed time: Sun Jul 05 16:11:00 CST 169108099
Formatted time: {"utilTime":"16:11"}
Parsed date: Wed Oct 11 00:00:00 CST 2023
Formatted date: {"utilDate":"2023-10-11"}
{"@type":"com.alibaba.fastjson2.issues.Canal_Issue4186$1"}
{"code":"项目成员1","formatType":0,"id":"a368f1ff-8702-4d80-9cdf-5260b5fe0fdd","level":0}
[Issue255.TestBean(type=text, data={content=hello111}), Issue255.TestBean(type=text, data={content=hello222})]
[Issue255.TestBean(type=text, data={content=hello111}), Issue255.TestBean(type=text, data={content=hello222})]
{"child_count":8,"del_state":0,"display_level":2,"id":54,"item_index":46,"parent_id":1,"path":"/1/54/","phase_id":1,"title":"八年级上","update_time":1596423978669}
{
	"@type":"com.alibaba.fastjson2.issues.Issue752$Bean#0",
	"@value":{
		"param":[
			"int",
			"int"
		]
	}
}
{
	"@type":"com.alibaba.fastjson2.issues.Issue571$Sample",
	"@value":[
		[
			true,
			false,
			false,
			true
		],
		true,
		false,
		"asdfASDF",
		"!",
		"$",
		[
			-1.234,
			-1.23,
			-12.0,
			-1.0,
			0.0,
			1.0,
			12.0,
			1.23,
			1.234
		],
		1.234567,
		7.654321,
		[
			-12.34,
			-12.3,
			-12.0,
			-1.0,
			0.0,
			1.0,
			12.0,
			12.3,
			12.34
		],
		12.345,
		54.321,
		[
			-1234,
			-123,
			-12,
			-1,
			0,
			1,
			12,
			123,
			1234
		],
		123,
		321,
		[
			-123400,
			-12300,
			-1200,
			-100,
			0,
			100,
			1200,
			12300,
			123400
		],
		1230000,
		3210000,
		{"$ref":".."},
		[
			-1234,
			-123,
			-12,
			-1,
			0,
			1,
			12,
			123,
			1234
		],
		12345,
		32100,
		"ABCDEFGHIJKLMNOPQRSTUVWXYZ0123456789"
	]
}
[Ljava.lang.String;@1f6158d9
true
[[Ljava.lang.String;@4d9fedfa
true
[[Ljava.lang.String;@78865ca7
true
[[Ljava.lang.String;@5c568706
true
436
{
	"@type":"com.alibaba.fastjson2.codec.JSONBTableTest4$B10#0",
	"@value":{
		"items":{
			"@type":"A#1",
			"@value":[
				{
					"id":101,
					"name":"DataWorks"
				},
				{
					"id":102,
					"name":"MaxCompute"
				}
			]
		}
	}
}
[-110, 118, 99, 111, 109, 46, 97, 108, 105, 98, 97, 98, 97, 46, 102, 97, 115, 116, 106, 115, 111, 110, 50, 46, 99, 111, 100, 101, 99, 46, 74, 83, 79, 78, 66, 84, 97, 98, 108, 101, 84, 101, 115, 116, 52, 36, 66, 0, -90, 78, 105, 116, 101, 109, 115, -106, -110, 121, 56, 48, 99, 111, 109, 46, 97, 108, 105, 98, 97, 98, 97, 46, 102, 97, 115, 116, 106, 115, 111, 110, 50, 46, 99, 111, 100, 101, 99, 46, 74, 83, 79, 78, 66, 84, 97, 98, 108, 101, 84, 101, 115, 116, 52, 36, 73, 116, 101, 109, 1, -90, 75, 105, 100, 56, 101, 77, 110, 97, 109, 101, 82, 68, 97, 116, 97, 87, 111, 114, 107, 115, -91, -110, 1, -90, 75, 105, 100, 56, 102, 77, 110, 97, 109, 101, 83, 77, 97, 120, 67, 111, 109, 112, 117, 116, 101, -91, -91]
{
	"@type":"com.alibaba.fastjson2.codec.RefTest7$Bean#0",
	"@value":{
		"values":{
			{
				"@type":"com.alibaba.fastjson2.codec.RefTest7$Key#1",
				"@value":{}
			}:{}
		},
		"values1":{
			{
				"@type":"#1",
				"@value":{}
			}:{"$ref":"$.values[0]"}
		}
	}
}
[StackTest.Node()]
[{"name":"DataWorks","id":101},{"id":102}]
{
	"actualTypeArguments":[
		"java.lang.String",
		"java.lang.String"
	],
	"rawType":"java.util.Map"
}
{
	"@type":"IllegalStateException#0",
	"@value":{
		"stackTrace":[
			{
				"fileName":"ExceptionTest.java",
				"lineNumber":61,
				"className":"com.alibaba.fastjson2.codec.ExceptionTest",
				"methodName":"test_exception_jsonb_fieldBased"
			},
			{
				"fileName":"DirectMethodHandleAccessor.java",
				"lineNumber":104,
				"className":"jdk.internal.reflect.DirectMethodHandleAccessor",
				"methodName":"invoke"
			},
			{
				"fileName":"Method.java",
				"lineNumber":565,
				"className":"java.lang.reflect.Method",
				"methodName":"invoke"
			},
			{
				"fileName":"ReflectionUtils.java",
				"lineNumber":787,
				"className":"org.junit.platform.commons.util.ReflectionUtils",
				"methodName":"invokeMethod"
			},
			{
				"fileName":"ReflectionSupport.java",
				"lineNumber":478,
				"className":"org.junit.platform.commons.support.ReflectionSupport",
				"methodName":"invokeMethod"
			},
			{
				"fileName":"MethodInvocation.java",
				"lineNumber":60,
				"className":"org.junit.jupiter.engine.execution.MethodInvocation",
				"methodName":"proceed"
			},
			{
				"fileName":"InvocationInterceptorChain.java",
				"lineNumber":131,
				"className":"org.junit.jupiter.engine.execution.InvocationInterceptorChain$ValidatingInvocation",
				"methodName":"proceed"
			},
			{
				"fileName":"TimeoutExtension.java",
				"lineNumber":161,
				"className":"org.junit.jupiter.engine.extension.TimeoutExtension",
				"methodName":"intercept"
			},
			{
				"fileName":"TimeoutExtension.java",
				"lineNumber":152,
				"className":"org.junit.jupiter.engine.extension.TimeoutExtension",
				"methodName":"interceptTestableMethod"
			},
			{
				"fileName":"TimeoutExtension.java",
				"lineNumber":91,
				"className":"org.junit.jupiter.engine.extension.TimeoutExtension",
				"methodName":"interceptTestMethod"
			},
			{
				"fileName":"InterceptingExecutableInvoker.java",
				"lineNumber":112,
				"className":"org.junit.jupiter.engine.execution.InterceptingExecutableInvoker$ReflectiveInterceptorCall",
				"methodName":"lambda$ofVoidMethod$0"
			},
			{
				"fileName":"InterceptingExecutableInvoker.java",
				"lineNumber":94,
				"className":"org.junit.jupiter.engine.execution.InterceptingExecutableInvoker",
				"methodName":"lambda$invoke$0"
			},
			{
				"fileName":"InvocationInterceptorChain.java",
				"lineNumber":106,
				"className":"org.junit.jupiter.engine.execution.InvocationInterceptorChain$InterceptedInvocation",
				"methodName":"proceed"
			},
			{
				"fileName":"InvocationInterceptorChain.java",
				"lineNumber":64,
				"className":"org.junit.jupiter.engine.execution.InvocationInterceptorChain",
				"methodName":"proceed"
			},
			{
				"fileName":"InvocationInterceptorChain.java",
				"lineNumber":45,
				"className":"org.junit.jupiter.engine.execution.InvocationInterceptorChain",
				"methodName":"chainAndInvoke"
			},
			{
				"fileName":"InvocationInterceptorChain.java",
				"lineNumber":37,
				"className":"org.junit.jupiter.engine.execution.InvocationInterceptorChain",
				"methodName":"invoke"
			},
			{
				"fileName":"InterceptingExecutableInvoker.java",
				"lineNumber":93,
				"className":"org.junit.jupiter.engine.execution.InterceptingExecutableInvoker",
				"methodName":"invoke"
			},
			{
				"fileName":"InterceptingExecutableInvoker.java",
				"lineNumber":87,
				"className":"org.junit.jupiter.engine.execution.InterceptingExecutableInvoker",
				"methodName":"invoke"
			},
			{
				"fileName":"TestMethodTestDescriptor.java",
				"lineNumber":221,
				"className":"org.junit.jupiter.engine.descriptor.TestMethodTestDescriptor",
				"methodName":"lambda$invokeTestMethod$4"
			},
			{
				"fileName":"ThrowableCollector.java",
				"lineNumber":73,
				"className":"org.junit.platform.engine.support.hierarchical.ThrowableCollector",
				"methodName":"execute"
			},
			{
				"fileName":"TestMethodTestDescriptor.java",
				"lineNumber":217,
				"className":"org.junit.jupiter.engine.descriptor.TestMethodTestDescriptor",
				"methodName":"invokeTestMethod"
			},
			{
				"fileName":"TestMethodTestDescriptor.java",
				"lineNumber":159,
				"className":"org.junit.jupiter.engine.descriptor.TestMethodTestDescriptor",
				"methodName":"execute"
			},
			{
				"fileName":"TestMethodTestDescriptor.java",
				"lineNumber":70,
				"className":"org.junit.jupiter.engine.descriptor.TestMethodTestDescriptor",
				"methodName":"execute"
			},
			{
				"fileName":"NodeTestTask.java",
				"lineNumber":157,
				"className":"org.junit.platform.engine.support.hierarchical.NodeTestTask",
				"methodName":"lambda$executeRecursively$6"
			},
			{
				"fileName":"ThrowableCollector.java",
				"lineNumber":73,
				"className":"org.junit.platform.engine.support.hierarchical.ThrowableCollector",
				"methodName":"execute"
			},
			{
				"fileName":"NodeTestTask.java",
				"lineNumber":147,
				"className":"org.junit.platform.engine.support.hierarchical.NodeTestTask",
				"methodName":"lambda$executeRecursively$8"
			},
			{
				"fileName":"Node.java",
				"lineNumber":137,
				"className":"org.junit.platform.engine.support.hierarchical.Node",
				"methodName":"around"
			},
			{
				"fileName":"NodeTestTask.java",
				"lineNumber":145,
				"className":"org.junit.platform.engine.support.hierarchical.NodeTestTask",
				"methodName":"lambda$executeRecursively$9"
			},
			{
				"fileName":"ThrowableCollector.java",
				"lineNumber":73,
				"className":"org.junit.platform.engine.support.hierarchical.ThrowableCollector",
				"methodName":"execute"
			},
			{
				"fileName":"NodeTestTask.java",
				"lineNumber":144,
				"className":"org.junit.platform.engine.support.hierarchical.NodeTestTask",
				"methodName":"executeRecursively"
			},
			{
				"fileName":"NodeTestTask.java",
				"lineNumber":101,
				"className":"org.junit.platform.engine.support.hierarchical.NodeTestTask",
				"methodName":"execute"
			},
			{
				"fileName":"ArrayList.java",
				"lineNumber":1604,
				"className":"java.util.ArrayList",
				"methodName":"forEach"
			},
			{
				"fileName":"SameThreadHierarchicalTestExecutorService.java",
				"lineNumber":41,
				"className":"org.junit.platform.engine.support.hierarchical.SameThreadHierarchicalTestExecutorService",
				"methodName":"invokeAll"
			},
			{
				"fileName":"NodeTestTask.java",
				"lineNumber":161,
				"className":"org.junit.platform.engine.support.hierarchical.NodeTestTask",
				"methodName":"lambda$executeRecursively$6"
			},
			{
				"fileName":"ThrowableCollector.java",
				"lineNumber":73,
				"className":"org.junit.platform.engine.support.hierarchical.ThrowableCollector",
				"methodName":"execute"
			},
			{
				"fileName":"NodeTestTask.java",
				"lineNumber":147,
				"className":"org.junit.platform.engine.support.hierarchical.NodeTestTask",
				"methodName":"lambda$executeRecursively$8"
			},
			{
				"fileName":"Node.java",
				"lineNumber":137,
				"className":"org.junit.platform.engine.support.hierarchical.Node",
				"methodName":"around"
			},
			{
				"fileName":"NodeTestTask.java",
				"lineNumber":145,
				"className":"org.junit.platform.engine.support.hierarchical.NodeTestTask",
				"methodName":"lambda$executeRecursively$9"
			},
			{
				"fileName":"ThrowableCollector.java",
				"lineNumber":73,
				"className":"org.junit.platform.engine.support.hierarchical.ThrowableCollector",
				"methodName":"execute"
			},
			{
				"fileName":"NodeTestTask.java",
				"lineNumber":144,
				"className":"org.junit.platform.engine.support.hierarchical.NodeTestTask",
				"methodName":"executeRecursively"
			},
			{
				"fileName":"NodeTestTask.java",
				"lineNumber":101,
				"className":"org.junit.platform.engine.support.hierarchical.NodeTestTask",
				"methodName":"execute"
			},
			{
				"fileName":"ArrayList.java",
				"lineNumber":1604,
				"className":"java.util.ArrayList",
				"methodName":"forEach"
			},
			{
				"fileName":"SameThreadHierarchicalTestExecutorService.java",
				"lineNumber":41,
				"className":"org.junit.platform.engine.support.hierarchical.SameThreadHierarchicalTestExecutorService",
				"methodName":"invokeAll"
			},
			{
				"fileName":"NodeTestTask.java",
				"lineNumber":161,
				"className":"org.junit.platform.engine.support.hierarchical.NodeTestTask",
				"methodName":"lambda$executeRecursively$6"
			},
			{
				"fileName":"ThrowableCollector.java",
				"lineNumber":73,
				"className":"org.junit.platform.engine.support.hierarchical.ThrowableCollector",
				"methodName":"execute"
			},
			{
				"fileName":"NodeTestTask.java",
				"lineNumber":147,
				"className":"org.junit.platform.engine.support.hierarchical.NodeTestTask",
				"methodName":"lambda$executeRecursively$8"
			},
			{
				"fileName":"Node.java",
				"lineNumber":137,
				"className":"org.junit.platform.engine.support.hierarchical.Node",
				"methodName":"around"
			},
			{
				"fileName":"NodeTestTask.java",
				"lineNumber":145,
				"className":"org.junit.platform.engine.support.hierarchical.NodeTestTask",
				"methodName":"lambda$executeRecursively$9"
			},
			{
				"fileName":"ThrowableCollector.java",
				"lineNumber":73,
				"className":"org.junit.platform.engine.support.hierarchical.ThrowableCollector",
				"methodName":"execute"
			},
			{
				"fileName":"NodeTestTask.java",
				"lineNumber":144,
				"className":"org.junit.platform.engine.support.hierarchical.NodeTestTask",
				"methodName":"executeRecursively"
			},
			{
				"fileName":"NodeTestTask.java",
				"lineNumber":101,
				"className":"org.junit.platform.engine.support.hierarchical.NodeTestTask",
				"methodName":"execute"
			},
			{
				"fileName":"SameThreadHierarchicalTestExecutorService.java",
				"lineNumber":35,
				"className":"org.junit.platform.engine.support.hierarchical.SameThreadHierarchicalTestExecutorService",
				"methodName":"submit"
			},
			{
				"fileName":"HierarchicalTestExecutor.java",
				"lineNumber":57,
				"className":"org.junit.platform.engine.support.hierarchical.HierarchicalTestExecutor",
				"methodName":"execute"
			},
			{
				"fileName":"HierarchicalTestEngine.java",
				"lineNumber":54,
				"className":"org.junit.platform.engine.support.hierarchical.HierarchicalTestEngine",
				"methodName":"execute"
			},
			{
				"fileName":"EngineExecutionOrchestrator.java",
				"lineNumber":230,
				"className":"org.junit.platform.launcher.core.EngineExecutionOrchestrator",
				"methodName":"executeEngine"
			},
			{
				"fileName":"EngineExecutionOrchestrator.java",
				"lineNumber":204,
				"className":"org.junit.platform.launcher.core.EngineExecutionOrchestrator",
				"methodName":"failOrExecuteEngine"
			},
			{
				"fileName":"EngineExecutionOrchestrator.java",
				"lineNumber":172,
				"className":"org.junit.platform.launcher.core.EngineExecutionOrchestrator",
				"methodName":"execute"
			},
			{
				"fileName":"EngineExecutionOrchestrator.java",
				"lineNumber":101,
				"className":"org.junit.platform.launcher.core.EngineExecutionOrchestrator",
				"methodName":"execute"
			},
			{
				"fileName":"EngineExecutionOrchestrator.java",
				"lineNumber":64,
				"className":"org.junit.platform.launcher.core.EngineExecutionOrchestrator",
				"methodName":"lambda$execute$0"
			},
			{
				"fileName":"EngineExecutionOrchestrator.java",
				"lineNumber":150,
				"className":"org.junit.platform.launcher.core.EngineExecutionOrchestrator",
				"methodName":"withInterceptedStreams"
			},
			{
				"fileName":"EngineExecutionOrchestrator.java",
				"lineNumber":63,
				"className":"org.junit.platform.launcher.core.EngineExecutionOrchestrator",
				"methodName":"execute"
			},
			{
				"fileName":"DefaultLauncher.java",
				"lineNumber":109,
				"className":"org.junit.platform.launcher.core.DefaultLauncher",
				"methodName":"execute"
			},
			{
				"fileName":"DefaultLauncher.java",
				"lineNumber":91,
				"className":"org.junit.platform.launcher.core.DefaultLauncher",
				"methodName":"execute"
			},
			{
				"fileName":"DelegatingLauncher.java",
				"lineNumber":47,
				"className":"org.junit.platform.launcher.core.DelegatingLauncher",
				"methodName":"execute"
			},
			{
				"fileName":"InterceptingLauncher.java",
				"lineNumber":39,
				"className":"org.junit.platform.launcher.core.InterceptingLauncher",
				"methodName":"lambda$execute$1"
			},
			{
				"fileName":"ClasspathAlignmentCheckingLauncherInterceptor.java",
				"lineNumber":25,
				"className":"org.junit.platform.launcher.core.ClasspathAlignmentCheckingLauncherInterceptor",
				"methodName":"intercept"
			},
			{
				"fileName":"InterceptingLauncher.java",
				"lineNumber":38,
				"className":"org.junit.platform.launcher.core.InterceptingLauncher",
				"methodName":"execute"
			},
			{
				"fileName":"DelegatingLauncher.java",
				"lineNumber":47,
				"className":"org.junit.platform.launcher.core.DelegatingLauncher",
				"methodName":"execute"
			},
			{
				"fileName":"LazyLauncher.java",
				"lineNumber":56,
				"className":"org.apache.maven.surefire.junitplatform.LazyLauncher",
				"methodName":"execute"
			},
			{
				"fileName":"JUnitPlatformProvider.java",
				"lineNumber":194,
				"className":"org.apache.maven.surefire.junitplatform.JUnitPlatformProvider",
				"methodName":"execute"
			},
			{
				"fileName":"JUnitPlatformProvider.java",
				"lineNumber":150,
				"className":"org.apache.maven.surefire.junitplatform.JUnitPlatformProvider",
				"methodName":"invokeAllTests"
			},
			{
				"fileName":"JUnitPlatformProvider.java",
				"lineNumber":124,
				"className":"org.apache.maven.surefire.junitplatform.JUnitPlatformProvider",
				"methodName":"invoke"
			},
			{
				"fileName":"ForkedBooter.java",
				"lineNumber":385,
				"className":"org.apache.maven.surefire.booter.ForkedBooter",
				"methodName":"runSuitesInProcess"
			},
			{
				"fileName":"ForkedBooter.java",
				"lineNumber":162,
				"className":"org.apache.maven.surefire.booter.ForkedBooter",
				"methodName":"execute"
			},
			{
				"fileName":"ForkedBooter.java",
				"lineNumber":507,
				"className":"org.apache.maven.surefire.booter.ForkedBooter",
				"methodName":"run"
			},
			{
				"fileName":"ForkedBooter.java",
				"lineNumber":495,
				"className":"org.apache.maven.surefire.booter.ForkedBooter",
				"methodName":"main"
			}
		],
		"suppressedExceptions":{
			"@type":"java.util.Collections$EmptyList#1",
			"@value":[]
		}
	}
}
{
	"@type":"java.time.format.DateTimeParseException#0",
	"@value":{
		"detailMessage":"aaa",
		"errorIndex":1,
		"parsedString":"bbb",
		"stackTrace":[
			{
				"fileName":"ExceptionTest.java",
				"lineNumber":76,
				"className":"com.alibaba.fastjson2.codec.ExceptionTest",
				"methodName":"test_exception_jsonb_fieldBased_1"
			},
			{
				"fileName":"DirectMethodHandleAccessor.java",
				"lineNumber":104,
				"className":"jdk.internal.reflect.DirectMethodHandleAccessor",
				"methodName":"invoke"
			},
			{
				"fileName":"Method.java",
				"lineNumber":565,
				"className":"java.lang.reflect.Method",
				"methodName":"invoke"
			},
			{
				"fileName":"ReflectionUtils.java",
				"lineNumber":787,
				"className":"org.junit.platform.commons.util.ReflectionUtils",
				"methodName":"invokeMethod"
			},
			{
				"fileName":"ReflectionSupport.java",
				"lineNumber":478,
				"className":"org.junit.platform.commons.support.ReflectionSupport",
				"methodName":"invokeMethod"
			},
			{
				"fileName":"MethodInvocation.java",
				"lineNumber":60,
				"className":"org.junit.jupiter.engine.execution.MethodInvocation",
				"methodName":"proceed"
			},
			{
				"fileName":"InvocationInterceptorChain.java",
				"lineNumber":131,
				"className":"org.junit.jupiter.engine.execution.InvocationInterceptorChain$ValidatingInvocation",
				"methodName":"proceed"
			},
			{
				"fileName":"TimeoutExtension.java",
				"lineNumber":161,
				"className":"org.junit.jupiter.engine.extension.TimeoutExtension",
				"methodName":"intercept"
			},
			{
				"fileName":"TimeoutExtension.java",
				"lineNumber":152,
				"className":"org.junit.jupiter.engine.extension.TimeoutExtension",
				"methodName":"interceptTestableMethod"
			},
			{
				"fileName":"TimeoutExtension.java",
				"lineNumber":91,
				"className":"org.junit.jupiter.engine.extension.TimeoutExtension",
				"methodName":"interceptTestMethod"
			},
			{
				"fileName":"InterceptingExecutableInvoker.java",
				"lineNumber":112,
				"className":"org.junit.jupiter.engine.execution.InterceptingExecutableInvoker$ReflectiveInterceptorCall",
				"methodName":"lambda$ofVoidMethod$0"
			},
			{
				"fileName":"InterceptingExecutableInvoker.java",
				"lineNumber":94,
				"className":"org.junit.jupiter.engine.execution.InterceptingExecutableInvoker",
				"methodName":"lambda$invoke$0"
			},
			{
				"fileName":"InvocationInterceptorChain.java",
				"lineNumber":106,
				"className":"org.junit.jupiter.engine.execution.InvocationInterceptorChain$InterceptedInvocation",
				"methodName":"proceed"
			},
			{
				"fileName":"InvocationInterceptorChain.java",
				"lineNumber":64,
				"className":"org.junit.jupiter.engine.execution.InvocationInterceptorChain",
				"methodName":"proceed"
			},
			{
				"fileName":"InvocationInterceptorChain.java",
				"lineNumber":45,
				"className":"org.junit.jupiter.engine.execution.InvocationInterceptorChain",
				"methodName":"chainAndInvoke"
			},
			{
				"fileName":"InvocationInterceptorChain.java",
				"lineNumber":37,
				"className":"org.junit.jupiter.engine.execution.InvocationInterceptorChain",
				"methodName":"invoke"
			},
			{
				"fileName":"InterceptingExecutableInvoker.java",
				"lineNumber":93,
				"className":"org.junit.jupiter.engine.execution.InterceptingExecutableInvoker",
				"methodName":"invoke"
			},
			{
				"fileName":"InterceptingExecutableInvoker.java",
				"lineNumber":87,
				"className":"org.junit.jupiter.engine.execution.InterceptingExecutableInvoker",
				"methodName":"invoke"
			},
			{
				"fileName":"TestMethodTestDescriptor.java",
				"lineNumber":221,
				"className":"org.junit.jupiter.engine.descriptor.TestMethodTestDescriptor",
				"methodName":"lambda$invokeTestMethod$4"
			},
			{
				"fileName":"ThrowableCollector.java",
				"lineNumber":73,
				"className":"org.junit.platform.engine.support.hierarchical.ThrowableCollector",
				"methodName":"execute"
			},
			{
				"fileName":"TestMethodTestDescriptor.java",
				"lineNumber":217,
				"className":"org.junit.jupiter.engine.descriptor.TestMethodTestDescriptor",
				"methodName":"invokeTestMethod"
			},
			{
				"fileName":"TestMethodTestDescriptor.java",
				"lineNumber":159,
				"className":"org.junit.jupiter.engine.descriptor.TestMethodTestDescriptor",
				"methodName":"execute"
			},
			{
				"fileName":"TestMethodTestDescriptor.java",
				"lineNumber":70,
				"className":"org.junit.jupiter.engine.descriptor.TestMethodTestDescriptor",
				"methodName":"execute"
			},
			{
				"fileName":"NodeTestTask.java",
				"lineNumber":157,
				"className":"org.junit.platform.engine.support.hierarchical.NodeTestTask",
				"methodName":"lambda$executeRecursively$6"
			},
			{
				"fileName":"ThrowableCollector.java",
				"lineNumber":73,
				"className":"org.junit.platform.engine.support.hierarchical.ThrowableCollector",
				"methodName":"execute"
			},
			{
				"fileName":"NodeTestTask.java",
				"lineNumber":147,
				"className":"org.junit.platform.engine.support.hierarchical.NodeTestTask",
				"methodName":"lambda$executeRecursively$8"
			},
			{
				"fileName":"Node.java",
				"lineNumber":137,
				"className":"org.junit.platform.engine.support.hierarchical.Node",
				"methodName":"around"
			},
			{
				"fileName":"NodeTestTask.java",
				"lineNumber":145,
				"className":"org.junit.platform.engine.support.hierarchical.NodeTestTask",
				"methodName":"lambda$executeRecursively$9"
			},
			{
				"fileName":"ThrowableCollector.java",
				"lineNumber":73,
				"className":"org.junit.platform.engine.support.hierarchical.ThrowableCollector",
				"methodName":"execute"
			},
			{
				"fileName":"NodeTestTask.java",
				"lineNumber":144,
				"className":"org.junit.platform.engine.support.hierarchical.NodeTestTask",
				"methodName":"executeRecursively"
			},
			{
				"fileName":"NodeTestTask.java",
				"lineNumber":101,
				"className":"org.junit.platform.engine.support.hierarchical.NodeTestTask",
				"methodName":"execute"
			},
			{
				"fileName":"ArrayList.java",
				"lineNumber":1604,
				"className":"java.util.ArrayList",
				"methodName":"forEach"
			},
			{
				"fileName":"SameThreadHierarchicalTestExecutorService.java",
				"lineNumber":41,
				"className":"org.junit.platform.engine.support.hierarchical.SameThreadHierarchicalTestExecutorService",
				"methodName":"invokeAll"
			},
			{
				"fileName":"NodeTestTask.java",
				"lineNumber":161,
				"className":"org.junit.platform.engine.support.hierarchical.NodeTestTask",
				"methodName":"lambda$executeRecursively$6"
			},
			{
				"fileName":"ThrowableCollector.java",
				"lineNumber":73,
				"className":"org.junit.platform.engine.support.hierarchical.ThrowableCollector",
				"methodName":"execute"
			},
			{
				"fileName":"NodeTestTask.java",
				"lineNumber":147,
				"className":"org.junit.platform.engine.support.hierarchical.NodeTestTask",
				"methodName":"lambda$executeRecursively$8"
			},
			{
				"fileName":"Node.java",
				"lineNumber":137,
				"className":"org.junit.platform.engine.support.hierarchical.Node",
				"methodName":"around"
			},
			{
				"fileName":"NodeTestTask.java",
				"lineNumber":145,
				"className":"org.junit.platform.engine.support.hierarchical.NodeTestTask",
				"methodName":"lambda$executeRecursively$9"
			},
			{
				"fileName":"ThrowableCollector.java",
				"lineNumber":73,
				"className":"org.junit.platform.engine.support.hierarchical.ThrowableCollector",
				"methodName":"execute"
			},
			{
				"fileName":"NodeTestTask.java",
				"lineNumber":144,
				"className":"org.junit.platform.engine.support.hierarchical.NodeTestTask",
				"methodName":"executeRecursively"
			},
			{
				"fileName":"NodeTestTask.java",
				"lineNumber":101,
				"className":"org.junit.platform.engine.support.hierarchical.NodeTestTask",
				"methodName":"execute"
			},
			{
				"fileName":"ArrayList.java",
				"lineNumber":1604,
				"className":"java.util.ArrayList",
				"methodName":"forEach"
			},
			{
				"fileName":"SameThreadHierarchicalTestExecutorService.java",
				"lineNumber":41,
				"className":"org.junit.platform.engine.support.hierarchical.SameThreadHierarchicalTestExecutorService",
				"methodName":"invokeAll"
			},
			{
				"fileName":"NodeTestTask.java",
				"lineNumber":161,
				"className":"org.junit.platform.engine.support.hierarchical.NodeTestTask",
				"methodName":"lambda$executeRecursively$6"
			},
			{
				"fileName":"ThrowableCollector.java",
				"lineNumber":73,
				"className":"org.junit.platform.engine.support.hierarchical.ThrowableCollector",
				"methodName":"execute"
			},
			{
				"fileName":"NodeTestTask.java",
				"lineNumber":147,
				"className":"org.junit.platform.engine.support.hierarchical.NodeTestTask",
				"methodName":"lambda$executeRecursively$8"
			},
			{
				"fileName":"Node.java",
				"lineNumber":137,
				"className":"org.junit.platform.engine.support.hierarchical.Node",
				"methodName":"around"
			},
			{
				"fileName":"NodeTestTask.java",
				"lineNumber":145,
				"className":"org.junit.platform.engine.support.hierarchical.NodeTestTask",
				"methodName":"lambda$executeRecursively$9"
			},
			{
				"fileName":"ThrowableCollector.java",
				"lineNumber":73,
				"className":"org.junit.platform.engine.support.hierarchical.ThrowableCollector",
				"methodName":"execute"
			},
			{
				"fileName":"NodeTestTask.java",
				"lineNumber":144,
				"className":"org.junit.platform.engine.support.hierarchical.NodeTestTask",
				"methodName":"executeRecursively"
			},
			{
				"fileName":"NodeTestTask.java",
				"lineNumber":101,
				"className":"org.junit.platform.engine.support.hierarchical.NodeTestTask",
				"methodName":"execute"
			},
			{
				"fileName":"SameThreadHierarchicalTestExecutorService.java",
				"lineNumber":35,
				"className":"org.junit.platform.engine.support.hierarchical.SameThreadHierarchicalTestExecutorService",
				"methodName":"submit"
			},
			{
				"fileName":"HierarchicalTestExecutor.java",
				"lineNumber":57,
				"className":"org.junit.platform.engine.support.hierarchical.HierarchicalTestExecutor",
				"methodName":"execute"
			},
			{
				"fileName":"HierarchicalTestEngine.java",
				"lineNumber":54,
				"className":"org.junit.platform.engine.support.hierarchical.HierarchicalTestEngine",
				"methodName":"execute"
			},
			{
				"fileName":"EngineExecutionOrchestrator.java",
				"lineNumber":230,
				"className":"org.junit.platform.launcher.core.EngineExecutionOrchestrator",
				"methodName":"executeEngine"
			},
			{
				"fileName":"EngineExecutionOrchestrator.java",
				"lineNumber":204,
				"className":"org.junit.platform.launcher.core.EngineExecutionOrchestrator",
				"methodName":"failOrExecuteEngine"
			},
			{
				"fileName":"EngineExecutionOrchestrator.java",
				"lineNumber":172,
				"className":"org.junit.platform.launcher.core.EngineExecutionOrchestrator",
				"methodName":"execute"
			},
			{
				"fileName":"EngineExecutionOrchestrator.java",
				"lineNumber":101,
				"className":"org.junit.platform.launcher.core.EngineExecutionOrchestrator",
				"methodName":"execute"
			},
			{
				"fileName":"EngineExecutionOrchestrator.java",
				"lineNumber":64,
				"className":"org.junit.platform.launcher.core.EngineExecutionOrchestrator",
				"methodName":"lambda$execute$0"
			},
			{
				"fileName":"EngineExecutionOrchestrator.java",
				"lineNumber":150,
				"className":"org.junit.platform.launcher.core.EngineExecutionOrchestrator",
				"methodName":"withInterceptedStreams"
			},
			{
				"fileName":"EngineExecutionOrchestrator.java",
				"lineNumber":63,
				"className":"org.junit.platform.launcher.core.EngineExecutionOrchestrator",
				"methodName":"execute"
			},
			{
				"fileName":"DefaultLauncher.java",
				"lineNumber":109,
				"className":"org.junit.platform.launcher.core.DefaultLauncher",
				"methodName":"execute"
			},
			{
				"fileName":"DefaultLauncher.java",
				"lineNumber":91,
				"className":"org.junit.platform.launcher.core.DefaultLauncher",
				"methodName":"execute"
			},
			{
				"fileName":"DelegatingLauncher.java",
				"lineNumber":47,
				"className":"org.junit.platform.launcher.core.DelegatingLauncher",
				"methodName":"execute"
			},
			{
				"fileName":"InterceptingLauncher.java",
				"lineNumber":39,
				"className":"org.junit.platform.launcher.core.InterceptingLauncher",
				"methodName":"lambda$execute$1"
			},
			{
				"fileName":"ClasspathAlignmentCheckingLauncherInterceptor.java",
				"lineNumber":25,
				"className":"org.junit.platform.launcher.core.ClasspathAlignmentCheckingLauncherInterceptor",
				"methodName":"intercept"
			},
			{
				"fileName":"InterceptingLauncher.java",
				"lineNumber":38,
				"className":"org.junit.platform.launcher.core.InterceptingLauncher",
				"methodName":"execute"
			},
			{
				"fileName":"DelegatingLauncher.java",
				"lineNumber":47,
				"className":"org.junit.platform.launcher.core.DelegatingLauncher",
				"methodName":"execute"
			},
			{
				"fileName":"LazyLauncher.java",
				"lineNumber":56,
				"className":"org.apache.maven.surefire.junitplatform.LazyLauncher",
				"methodName":"execute"
			},
			{
				"fileName":"JUnitPlatformProvider.java",
				"lineNumber":194,
				"className":"org.apache.maven.surefire.junitplatform.JUnitPlatformProvider",
				"methodName":"execute"
			},
			{
				"fileName":"JUnitPlatformProvider.java",
				"lineNumber":150,
				"className":"org.apache.maven.surefire.junitplatform.JUnitPlatformProvider",
				"methodName":"invokeAllTests"
			},
			{
				"fileName":"JUnitPlatformProvider.java",
				"lineNumber":124,
				"className":"org.apache.maven.surefire.junitplatform.JUnitPlatformProvider",
				"methodName":"invoke"
			},
			{
				"fileName":"ForkedBooter.java",
				"lineNumber":385,
				"className":"org.apache.maven.surefire.booter.ForkedBooter",
				"methodName":"runSuitesInProcess"
			},
			{
				"fileName":"ForkedBooter.java",
				"lineNumber":162,
				"className":"org.apache.maven.surefire.booter.ForkedBooter",
				"methodName":"execute"
			},
			{
				"fileName":"ForkedBooter.java",
				"lineNumber":507,
				"className":"org.apache.maven.surefire.booter.ForkedBooter",
				"methodName":"run"
			},
			{
				"fileName":"ForkedBooter.java",
				"lineNumber":495,
				"className":"org.apache.maven.surefire.booter.ForkedBooter",
				"methodName":"main"
			}
		],
		"suppressedExceptions":{
			"@type":"java.util.Collections$EmptyList#1",
			"@value":[]
		}
	}
}
{
	"@type":"IllegalStateException#0",
	"@value":{
		"stackTrace":[
			{
				"fileName":"ExceptionTest.java",
				"lineNumber":46,
				"className":"com.alibaba.fastjson2.codec.ExceptionTest",
				"methodName":"test_exception_jsonb"
			},
			{
				"fileName":"DirectMethodHandleAccessor.java",
				"lineNumber":104,
				"className":"jdk.internal.reflect.DirectMethodHandleAccessor",
				"methodName":"invoke"
			},
			{
				"fileName":"Method.java",
				"lineNumber":565,
				"className":"java.lang.reflect.Method",
				"methodName":"invoke"
			},
			{
				"fileName":"ReflectionUtils.java",
				"lineNumber":787,
				"className":"org.junit.platform.commons.util.ReflectionUtils",
				"methodName":"invokeMethod"
			},
			{
				"fileName":"ReflectionSupport.java",
				"lineNumber":478,
				"className":"org.junit.platform.commons.support.ReflectionSupport",
				"methodName":"invokeMethod"
			},
			{
				"fileName":"MethodInvocation.java",
				"lineNumber":60,
				"className":"org.junit.jupiter.engine.execution.MethodInvocation",
				"methodName":"proceed"
			},
			{
				"fileName":"InvocationInterceptorChain.java",
				"lineNumber":131,
				"className":"org.junit.jupiter.engine.execution.InvocationInterceptorChain$ValidatingInvocation",
				"methodName":"proceed"
			},
			{
				"fileName":"TimeoutExtension.java",
				"lineNumber":161,
				"className":"org.junit.jupiter.engine.extension.TimeoutExtension",
				"methodName":"intercept"
			},
			{
				"fileName":"TimeoutExtension.java",
				"lineNumber":152,
				"className":"org.junit.jupiter.engine.extension.TimeoutExtension",
				"methodName":"interceptTestableMethod"
			},
			{
				"fileName":"TimeoutExtension.java",
				"lineNumber":91,
				"className":"org.junit.jupiter.engine.extension.TimeoutExtension",
				"methodName":"interceptTestMethod"
			},
			{
				"fileName":"InterceptingExecutableInvoker.java",
				"lineNumber":112,
				"className":"org.junit.jupiter.engine.execution.InterceptingExecutableInvoker$ReflectiveInterceptorCall",
				"methodName":"lambda$ofVoidMethod$0"
			},
			{
				"fileName":"InterceptingExecutableInvoker.java",
				"lineNumber":94,
				"className":"org.junit.jupiter.engine.execution.InterceptingExecutableInvoker",
				"methodName":"lambda$invoke$0"
			},
			{
				"fileName":"InvocationInterceptorChain.java",
				"lineNumber":106,
				"className":"org.junit.jupiter.engine.execution.InvocationInterceptorChain$InterceptedInvocation",
				"methodName":"proceed"
			},
			{
				"fileName":"InvocationInterceptorChain.java",
				"lineNumber":64,
				"className":"org.junit.jupiter.engine.execution.InvocationInterceptorChain",
				"methodName":"proceed"
			},
			{
				"fileName":"InvocationInterceptorChain.java",
				"lineNumber":45,
				"className":"org.junit.jupiter.engine.execution.InvocationInterceptorChain",
				"methodName":"chainAndInvoke"
			},
			{
				"fileName":"InvocationInterceptorChain.java",
				"lineNumber":37,
				"className":"org.junit.jupiter.engine.execution.InvocationInterceptorChain",
				"methodName":"invoke"
			},
			{
				"fileName":"InterceptingExecutableInvoker.java",
				"lineNumber":93,
				"className":"org.junit.jupiter.engine.execution.InterceptingExecutableInvoker",
				"methodName":"invoke"
			},
			{
				"fileName":"InterceptingExecutableInvoker.java",
				"lineNumber":87,
				"className":"org.junit.jupiter.engine.execution.InterceptingExecutableInvoker",
				"methodName":"invoke"
			},
			{
				"fileName":"TestMethodTestDescriptor.java",
				"lineNumber":221,
				"className":"org.junit.jupiter.engine.descriptor.TestMethodTestDescriptor",
				"methodName":"lambda$invokeTestMethod$4"
			},
			{
				"fileName":"ThrowableCollector.java",
				"lineNumber":73,
				"className":"org.junit.platform.engine.support.hierarchical.ThrowableCollector",
				"methodName":"execute"
			},
			{
				"fileName":"TestMethodTestDescriptor.java",
				"lineNumber":217,
				"className":"org.junit.jupiter.engine.descriptor.TestMethodTestDescriptor",
				"methodName":"invokeTestMethod"
			},
			{
				"fileName":"TestMethodTestDescriptor.java",
				"lineNumber":159,
				"className":"org.junit.jupiter.engine.descriptor.TestMethodTestDescriptor",
				"methodName":"execute"
			},
			{
				"fileName":"TestMethodTestDescriptor.java",
				"lineNumber":70,
				"className":"org.junit.jupiter.engine.descriptor.TestMethodTestDescriptor",
				"methodName":"execute"
			},
			{
				"fileName":"NodeTestTask.java",
				"lineNumber":157,
				"className":"org.junit.platform.engine.support.hierarchical.NodeTestTask",
				"methodName":"lambda$executeRecursively$6"
			},
			{
				"fileName":"ThrowableCollector.java",
				"lineNumber":73,
				"className":"org.junit.platform.engine.support.hierarchical.ThrowableCollector",
				"methodName":"execute"
			},
			{
				"fileName":"NodeTestTask.java",
				"lineNumber":147,
				"className":"org.junit.platform.engine.support.hierarchical.NodeTestTask",
				"methodName":"lambda$executeRecursively$8"
			},
			{
				"fileName":"Node.java",
				"lineNumber":137,
				"className":"org.junit.platform.engine.support.hierarchical.Node",
				"methodName":"around"
			},
			{
				"fileName":"NodeTestTask.java",
				"lineNumber":145,
				"className":"org.junit.platform.engine.support.hierarchical.NodeTestTask",
				"methodName":"lambda$executeRecursively$9"
			},
			{
				"fileName":"ThrowableCollector.java",
				"lineNumber":73,
				"className":"org.junit.platform.engine.support.hierarchical.ThrowableCollector",
				"methodName":"execute"
			},
			{
				"fileName":"NodeTestTask.java",
				"lineNumber":144,
				"className":"org.junit.platform.engine.support.hierarchical.NodeTestTask",
				"methodName":"executeRecursively"
			},
			{
				"fileName":"NodeTestTask.java",
				"lineNumber":101,
				"className":"org.junit.platform.engine.support.hierarchical.NodeTestTask",
				"methodName":"execute"
			},
			{
				"fileName":"ArrayList.java",
				"lineNumber":1604,
				"className":"java.util.ArrayList",
				"methodName":"forEach"
			},
			{
				"fileName":"SameThreadHierarchicalTestExecutorService.java",
				"lineNumber":41,
				"className":"org.junit.platform.engine.support.hierarchical.SameThreadHierarchicalTestExecutorService",
				"methodName":"invokeAll"
			},
			{
				"fileName":"NodeTestTask.java",
				"lineNumber":161,
				"className":"org.junit.platform.engine.support.hierarchical.NodeTestTask",
				"methodName":"lambda$executeRecursively$6"
			},
			{
				"fileName":"ThrowableCollector.java",
				"lineNumber":73,
				"className":"org.junit.platform.engine.support.hierarchical.ThrowableCollector",
				"methodName":"execute"
			},
			{
				"fileName":"NodeTestTask.java",
				"lineNumber":147,
				"className":"org.junit.platform.engine.support.hierarchical.NodeTestTask",
				"methodName":"lambda$executeRecursively$8"
			},
			{
				"fileName":"Node.java",
				"lineNumber":137,
				"className":"org.junit.platform.engine.support.hierarchical.Node",
				"methodName":"around"
			},
			{
				"fileName":"NodeTestTask.java",
				"lineNumber":145,
				"className":"org.junit.platform.engine.support.hierarchical.NodeTestTask",
				"methodName":"lambda$executeRecursively$9"
			},
			{
				"fileName":"ThrowableCollector.java",
				"lineNumber":73,
				"className":"org.junit.platform.engine.support.hierarchical.ThrowableCollector",
				"methodName":"execute"
			},
			{
				"fileName":"NodeTestTask.java",
				"lineNumber":144,
				"className":"org.junit.platform.engine.support.hierarchical.NodeTestTask",
				"methodName":"executeRecursively"
			},
			{
				"fileName":"NodeTestTask.java",
				"lineNumber":101,
				"className":"org.junit.platform.engine.support.hierarchical.NodeTestTask",
				"methodName":"execute"
			},
			{
				"fileName":"ArrayList.java",
				"lineNumber":1604,
				"className":"java.util.ArrayList",
				"methodName":"forEach"
			},
			{
				"fileName":"SameThreadHierarchicalTestExecutorService.java",
				"lineNumber":41,
				"className":"org.junit.platform.engine.support.hierarchical.SameThreadHierarchicalTestExecutorService",
				"methodName":"invokeAll"
			},
			{
				"fileName":"NodeTestTask.java",
				"lineNumber":161,
				"className":"org.junit.platform.engine.support.hierarchical.NodeTestTask",
				"methodName":"lambda$executeRecursively$6"
			},
			{
				"fileName":"ThrowableCollector.java",
				"lineNumber":73,
				"className":"org.junit.platform.engine.support.hierarchical.ThrowableCollector",
				"methodName":"execute"
			},
			{
				"fileName":"NodeTestTask.java",
				"lineNumber":147,
				"className":"org.junit.platform.engine.support.hierarchical.NodeTestTask",
				"methodName":"lambda$executeRecursively$8"
			},
			{
				"fileName":"Node.java",
				"lineNumber":137,
				"className":"org.junit.platform.engine.support.hierarchical.Node",
				"methodName":"around"
			},
			{
				"fileName":"NodeTestTask.java",
				"lineNumber":145,
				"className":"org.junit.platform.engine.support.hierarchical.NodeTestTask",
				"methodName":"lambda$executeRecursively$9"
			},
			{
				"fileName":"ThrowableCollector.java",
				"lineNumber":73,
				"className":"org.junit.platform.engine.support.hierarchical.ThrowableCollector",
				"methodName":"execute"
			},
			{
				"fileName":"NodeTestTask.java",
				"lineNumber":144,
				"className":"org.junit.platform.engine.support.hierarchical.NodeTestTask",
				"methodName":"executeRecursively"
			},
			{
				"fileName":"NodeTestTask.java",
				"lineNumber":101,
				"className":"org.junit.platform.engine.support.hierarchical.NodeTestTask",
				"methodName":"execute"
			},
			{
				"fileName":"SameThreadHierarchicalTestExecutorService.java",
				"lineNumber":35,
				"className":"org.junit.platform.engine.support.hierarchical.SameThreadHierarchicalTestExecutorService",
				"methodName":"submit"
			},
			{
				"fileName":"HierarchicalTestExecutor.java",
				"lineNumber":57,
				"className":"org.junit.platform.engine.support.hierarchical.HierarchicalTestExecutor",
				"methodName":"execute"
			},
			{
				"fileName":"HierarchicalTestEngine.java",
				"lineNumber":54,
				"className":"org.junit.platform.engine.support.hierarchical.HierarchicalTestEngine",
				"methodName":"execute"
			},
			{
				"fileName":"EngineExecutionOrchestrator.java",
				"lineNumber":230,
				"className":"org.junit.platform.launcher.core.EngineExecutionOrchestrator",
				"methodName":"executeEngine"
			},
			{
				"fileName":"EngineExecutionOrchestrator.java",
				"lineNumber":204,
				"className":"org.junit.platform.launcher.core.EngineExecutionOrchestrator",
				"methodName":"failOrExecuteEngine"
			},
			{
				"fileName":"EngineExecutionOrchestrator.java",
				"lineNumber":172,
				"className":"org.junit.platform.launcher.core.EngineExecutionOrchestrator",
				"methodName":"execute"
			},
			{
				"fileName":"EngineExecutionOrchestrator.java",
				"lineNumber":101,
				"className":"org.junit.platform.launcher.core.EngineExecutionOrchestrator",
				"methodName":"execute"
			},
			{
				"fileName":"EngineExecutionOrchestrator.java",
				"lineNumber":64,
				"className":"org.junit.platform.launcher.core.EngineExecutionOrchestrator",
				"methodName":"lambda$execute$0"
			},
			{
				"fileName":"EngineExecutionOrchestrator.java",
				"lineNumber":150,
				"className":"org.junit.platform.launcher.core.EngineExecutionOrchestrator",
				"methodName":"withInterceptedStreams"
			},
			{
				"fileName":"EngineExecutionOrchestrator.java",
				"lineNumber":63,
				"className":"org.junit.platform.launcher.core.EngineExecutionOrchestrator",
				"methodName":"execute"
			},
			{
				"fileName":"DefaultLauncher.java",
				"lineNumber":109,
				"className":"org.junit.platform.launcher.core.DefaultLauncher",
				"methodName":"execute"
			},
			{
				"fileName":"DefaultLauncher.java",
				"lineNumber":91,
				"className":"org.junit.platform.launcher.core.DefaultLauncher",
				"methodName":"execute"
			},
			{
				"fileName":"DelegatingLauncher.java",
				"lineNumber":47,
				"className":"org.junit.platform.launcher.core.DelegatingLauncher",
				"methodName":"execute"
			},
			{
				"fileName":"InterceptingLauncher.java",
				"lineNumber":39,
				"className":"org.junit.platform.launcher.core.InterceptingLauncher",
				"methodName":"lambda$execute$1"
			},
			{
				"fileName":"ClasspathAlignmentCheckingLauncherInterceptor.java",
				"lineNumber":25,
				"className":"org.junit.platform.launcher.core.ClasspathAlignmentCheckingLauncherInterceptor",
				"methodName":"intercept"
			},
			{
				"fileName":"InterceptingLauncher.java",
				"lineNumber":38,
				"className":"org.junit.platform.launcher.core.InterceptingLauncher",
				"methodName":"execute"
			},
			{
				"fileName":"DelegatingLauncher.java",
				"lineNumber":47,
				"className":"org.junit.platform.launcher.core.DelegatingLauncher",
				"methodName":"execute"
			},
			{
				"fileName":"LazyLauncher.java",
				"lineNumber":56,
				"className":"org.apache.maven.surefire.junitplatform.LazyLauncher",
				"methodName":"execute"
			},
			{
				"fileName":"JUnitPlatformProvider.java",
				"lineNumber":194,
				"className":"org.apache.maven.surefire.junitplatform.JUnitPlatformProvider",
				"methodName":"execute"
			},
			{
				"fileName":"JUnitPlatformProvider.java",
				"lineNumber":150,
				"className":"org.apache.maven.surefire.junitplatform.JUnitPlatformProvider",
				"methodName":"invokeAllTests"
			},
			{
				"fileName":"JUnitPlatformProvider.java",
				"lineNumber":124,
				"className":"org.apache.maven.surefire.junitplatform.JUnitPlatformProvider",
				"methodName":"invoke"
			},
			{
				"fileName":"ForkedBooter.java",
				"lineNumber":385,
				"className":"org.apache.maven.surefire.booter.ForkedBooter",
				"methodName":"runSuitesInProcess"
			},
			{
				"fileName":"ForkedBooter.java",
				"lineNumber":162,
				"className":"org.apache.maven.surefire.booter.ForkedBooter",
				"methodName":"execute"
			},
			{
				"fileName":"ForkedBooter.java",
				"lineNumber":507,
				"className":"org.apache.maven.surefire.booter.ForkedBooter",
				"methodName":"run"
			},
			{
				"fileName":"ForkedBooter.java",
				"lineNumber":495,
				"className":"org.apache.maven.surefire.booter.ForkedBooter",
				"methodName":"main"
			}
		],
		"suppressed":[]
	}
}
{
	"ref":{"$ref":".."}
}
{
	"@type":"com.alibaba.fastjson2.codec.JSONBTableTest6$A#0",
	"@value":{
		"a":{
			"id":1001
		},
		"b":{"$ref":"$.a"}
	}
}
{
	"@type":"Cat",
	"catId":1001
}
{
	"@type":"Cat",
	"catId":1001
}
{
	"c1":{},
	"c2":{"$ref":"$.c1"}
}
{
	"c":{},
	"values":[
		{"$ref":"$.c"}
	]
}
{
	"list0":[
		{
			"id":101
		},
		{
			"id":102
		}
	],
	"list1":[
		{
			"id":201
		},
		{
			"id":202
		}
	],
	"list2":[
		{
			"id":201
		},
		{
			"id":202
		}
	]
}
{
	"@type":"com.alibaba.fastjson2.codec.JSONBTableTest2$C#0",
	"@value":{
		"list1":{
			"@type":"A#1",
			"@value":[
				{
					"id":201
				},
				{
					"id":202
				}
			]
		},
		"list2":[
			{
				"@type":"com.alibaba.fastjson2.codec.JSONBTableTest2$Item#2",
				"@value":{
					"id":301
				}
			},
			{
				"@type":"#2",
				"@value":{
					"id":302
				}
			}
		]
	}
}
{
	"@type":"com.alibaba.fastjson2.codec.JSONBTableTest8$Bean",
	"values":{
		"@type":"A",
		"@value":[
			{
				"event":{}
			},
			{
				"event":{"$ref":"$.values[0].event"}
			}
		]
	}
}
{
	"@type":"com.alibaba.fastjson2.codec.JSONBTableTest8$Bean#0",
	"@value":{
		"values":{
			"@type":"A#1",
			"@value":[
				{
					"event":{}
				},
				{"$ref":"$.values[0]"}
			]
		}
	}
}
{
	"v0001":102,
	"v0000":101,
	"v0007":108,
	"x0001":"2026-10-07 00:33:03.297871320",
	"v0006":107,
	"v0009":110,
	"x0003":"中3",
	"v0008":109,
	"x0002":"中2",
	"v0003":"104",
	"x0005":"中华人民共和国",
	"v0002":103,
	"x0004":"中4",
	"v0005":106,
	"v0004":"105"
}
bytes.length=56
bytes.length=87003
bytes.length=81
bytes3.length=174003
bytes.length=81
bytes3.length=174003
{"id":0,"name":"jobs"}
{"@type":"com.alibaba.fastjson2.codec.JSONBTableTest5$B","values":[{"id":101,"name":"DataWorks"},{"id":102,"name":"MaxCompute"}]}
{
	"@type":"JSONObject#0",
	"@value":{
		"@type":"com.alibaba.fastjson2.codec.JSONBTableTest5$B",
		"values":{
			"@type":"JSONArray#1",
			"@value":[
				{
					"@type":"#0",
					"@value":{
						"id":101,
						"name":"DataWorks"
					}
				},
				{
					"@type":"#0",
					"@value":{
						"id":102,
						"name":"MaxCompute"
					}
				}
			]
		}
	}
}
{
	"values":[
		{
			"id":101,
			"name":"DataWorks"
		},
		{
			"id":102,
			"name":"MaxCompute"
		}
	]
}
com.alibaba.fastjson2.JSONException: not support type : OBJECT_END -91, offset 55/55
	at com.alibaba.fastjson2.JSONReaderJSONB.readAny(JSONReaderJSONB.java:1031)
	at com.alibaba.fastjson2.reader.ObjectReaderImplMap.readJSONBObject(ObjectReaderImplMap.java:409)
	at com.alibaba.fastjson2.reader.ORG_1891_1_A.readJSONBObject(Unknown Source)
	at com.alibaba.fastjson2.JSONB.parseObject(JSONB.java:734)
	at com.alibaba.fastjson2.codec.JSONBTableTest5.test_d(JSONBTableTest5.java:34)
	at java.base/jdk.internal.reflect.DirectMethodHandleAccessor.invoke(DirectMethodHandleAccessor.java:104)
	at java.base/java.lang.reflect.Method.invoke(Method.java:565)
	at org.junit.platform.commons.util.ReflectionUtils.invokeMethod(ReflectionUtils.java:787)
	at org.junit.platform.commons.support.ReflectionSupport.invokeMethod(ReflectionSupport.java:478)
	at org.junit.jupiter.engine.execution.MethodInvocation.proceed(MethodInvocation.java:60)
	at org.junit.jupiter.engine.execution.InvocationInterceptorChain$ValidatingInvocation.proceed(InvocationInterceptorChain.java:131)
	at org.junit.jupiter.engine.extension.TimeoutExtension.intercept(TimeoutExtension.java:161)
	at org.junit.jupiter.engine.extension.TimeoutExtension.interceptTestableMethod(TimeoutExtension.java:152)
	at org.junit.jupiter.engine.extension.TimeoutExtension.interceptTestMethod(TimeoutExtension.java:91)
	at org.junit.jupiter.engine.execution.InterceptingExecutableInvoker$ReflectiveInterceptorCall.lambda$ofVoidMethod$0(InterceptingExecutableInvoker.java:112)
	at org.junit.jupiter.engine.execution.InterceptingExecutableInvoker.lambda$invoke$0(InterceptingExecutableInvoker.java:94)
	at org.junit.jupiter.engine.execution.InvocationInterceptorChain$InterceptedInvocation.proceed(InvocationInterceptorChain.java:106)
	at org.junit.jupiter.engine.execution.InvocationInterceptorChain.proceed(InvocationInterceptorChain.java:64)
	at org.junit.jupiter.engine.execution.InvocationInterceptorChain.chainAndInvoke(InvocationInterceptorChain.java:45)
	at org.junit.jupiter.engine.execution.InvocationInterceptorChain.invoke(InvocationInterceptorChain.java:37)
	at org.junit.jupiter.engine.execution.InterceptingExecutableInvoker.invoke(InterceptingExecutableInvoker.java:93)
	at org.junit.jupiter.engine.execution.InterceptingExecutableInvoker.invoke(InterceptingExecutableInvoker.java:87)
	at org.junit.jupiter.engine.descriptor.TestMethodTestDescriptor.lambda$invokeTestMethod$4(TestMethodTestDescriptor.java:221)
	at org.junit.platform.engine.support.hierarchical.ThrowableCollector.execute(ThrowableCollector.java:73)
	at org.junit.jupiter.engine.descriptor.TestMethodTestDescriptor.invokeTestMethod(TestMethodTestDescriptor.java:217)
	at org.junit.jupiter.engine.descriptor.TestMethodTestDescriptor.execute(TestMethodTestDescriptor.java:159)
	at org.junit.jupiter.engine.descriptor.TestMethodTestDescriptor.execute(TestMethodTestDescriptor.java:70)
	at org.junit.platform.engine.support.hierarchical.NodeTestTask.lambda$executeRecursively$6(NodeTestTask.java:157)
	at org.junit.platform.engine.support.hierarchical.ThrowableCollector.execute(ThrowableCollector.java:73)
	at org.junit.platform.engine.support.hierarchical.NodeTestTask.lambda$executeRecursively$8(NodeTestTask.java:147)
	at org.junit.platform.engine.support.hierarchical.Node.around(Node.java:137)
	at org.junit.platform.engine.support.hierarchical.NodeTestTask.lambda$executeRecursively$9(NodeTestTask.java:145)
	at org.junit.platform.engine.support.hierarchical.ThrowableCollector.execute(ThrowableCollector.java:73)
	at org.junit.platform.engine.support.hierarchical.NodeTestTask.executeRecursively(NodeTestTask.java:144)
	at org.junit.platform.engine.support.hierarchical.NodeTestTask.execute(NodeTestTask.java:101)
	at java.base/java.util.ArrayList.forEach(ArrayList.java:1604)
	at org.junit.platform.engine.support.hierarchical.SameThreadHierarchicalTestExecutorService.invokeAll(SameThreadHierarchicalTestExecutorService.java:41)
	at org.junit.platform.engine.support.hierarchical.NodeTestTask.lambda$executeRecursively$6(NodeTestTask.java:161)
	at org.junit.platform.engine.support.hierarchical.ThrowableCollector.execute(ThrowableCollector.java:73)
	at org.junit.platform.engine.support.hierarchical.NodeTestTask.lambda$executeRecursively$8(NodeTestTask.java:147)
	at org.junit.platform.engine.support.hierarchical.Node.around(Node.java:137)
	at org.junit.platform.engine.support.hierarchical.NodeTestTask.lambda$executeRecursively$9(NodeTestTask.java:145)
	at org.junit.platform.engine.support.hierarchical.ThrowableCollector.execute(ThrowableCollector.java:73)
	at org.junit.platform.engine.support.hierarchical.NodeTestTask.executeRecursively(NodeTestTask.java:144)
	at org.junit.platform.engine.support.hierarchical.NodeTestTask.execute(NodeTestTask.java:101)
	at java.base/java.util.ArrayList.forEach(ArrayList.java:1604)
	at org.junit.platform.engine.support.hierarchical.SameThreadHierarchicalTestExecutorService.invokeAll(SameThreadHierarchicalTestExecutorService.java:41)
	at org.junit.platform.engine.support.hierarchical.NodeTestTask.lambda$executeRecursively$6(NodeTestTask.java:161)
	at org.junit.platform.engine.support.hierarchical.ThrowableCollector.execute(ThrowableCollector.java:73)
	at org.junit.platform.engine.support.hierarchical.NodeTestTask.lambda$executeRecursively$8(NodeTestTask.java:147)
	at org.junit.platform.engine.support.hierarchical.Node.around(Node.java:137)
	at org.junit.platform.engine.support.hierarchical.NodeTestTask.lambda$executeRecursively$9(NodeTestTask.java:145)
	at org.junit.platform.engine.support.hierarchical.ThrowableCollector.execute(ThrowableCollector.java:73)
	at org.junit.platform.engine.support.hierarchical.NodeTestTask.executeRecursively(NodeTestTask.java:144)
	at org.junit.platform.engine.support.hierarchical.NodeTestTask.execute(NodeTestTask.java:101)
	at org.junit.platform.engine.support.hierarchical.SameThreadHierarchicalTestExecutorService.submit(SameThreadHierarchicalTestExecutorService.java:35)
	at org.junit.platform.engine.support.hierarchical.HierarchicalTestExecutor.execute(HierarchicalTestExecutor.java:57)
	at org.junit.platform.engine.support.hierarchical.HierarchicalTestEngine.execute(HierarchicalTestEngine.java:54)
	at org.junit.platform.launcher.core.EngineExecutionOrchestrator.executeEngine(EngineExecutionOrchestrator.java:230)
	at org.junit.platform.launcher.core.EngineExecutionOrchestrator.failOrExecuteEngine(EngineExecutionOrchestrator.java:204)
	at org.junit.platform.launcher.core.EngineExecutionOrchestrator.execute(EngineExecutionOrchestrator.java:172)
	at org.junit.platform.launcher.core.EngineExecutionOrchestrator.execute(EngineExecutionOrchestrator.java:101)
	at org.junit.platform.launcher.core.EngineExecutionOrchestrator.lambda$execute$0(EngineExecutionOrchestrator.java:64)
	at org.junit.platform.launcher.core.EngineExecutionOrchestrator.withInterceptedStreams(EngineExecutionOrchestrator.java:150)
	at org.junit.platform.launcher.core.EngineExecutionOrchestrator.execute(EngineExecutionOrchestrator.java:63)
	at org.junit.platform.launcher.core.DefaultLauncher.execute(DefaultLauncher.java:109)
	at org.junit.platform.launcher.core.DefaultLauncher.execute(DefaultLauncher.java:91)
	at org.junit.platform.launcher.core.DelegatingLauncher.execute(DelegatingLauncher.java:47)
	at org.junit.platform.launcher.core.InterceptingLauncher.lambda$execute$1(InterceptingLauncher.java:39)
	at org.junit.platform.launcher.core.ClasspathAlignmentCheckingLauncherInterceptor.intercept(ClasspathAlignmentCheckingLauncherInterceptor.java:25)
	at org.junit.platform.launcher.core.InterceptingLauncher.execute(InterceptingLauncher.java:38)
	at org.junit.platform.launcher.core.DelegatingLauncher.execute(DelegatingLauncher.java:47)
	at org.apache.maven.surefire.junitplatform.LazyLauncher.execute(LazyLauncher.java:56)
	at org.apache.maven.surefire.junitplatform.JUnitPlatformProvider.execute(JUnitPlatformProvider.java:194)
	at org.apache.maven.surefire.junitplatform.JUnitPlatformProvider.invokeAllTests(JUnitPlatformProvider.java:150)
	at org.apache.maven.surefire.junitplatform.JUnitPlatformProvider.invoke(JUnitPlatformProvider.java:124)
	at org.apache.maven.surefire.booter.ForkedBooter.runSuitesInProcess(ForkedBooter.java:385)
	at org.apache.maven.surefire.booter.ForkedBooter.execute(ForkedBooter.java:162)
	at org.apache.maven.surefire.booter.ForkedBooter.run(ForkedBooter.java:507)
	at org.apache.maven.surefire.booter.ForkedBooter.main(ForkedBooter.java:495)
[
	{
		"employees":[
			{
				"id":1
			},
			{
				"id":2
			},
			{
				"id":3
			}
		]
	}
]
1900-01-01	+08:05:43
1900-02-01	+08:05:43
1900-03-01	+08:05:43
1900-04-01	+08:05:43
1900-05-01	+08:05:43
1900-06-01	+08:05:43
1900-07-01	+08:05:43
1900-08-01	+08:05:43
1900-09-01	+08:05:43
1900-10-01	+08:05:43
1900-11-01	+08:05:43
1900-12-01	+08:05:43
1901-01-01	+08:00
1901-02-01	+08:00
1901-03-01	+08:00
1901-04-01	+08:00
1901-05-01	+08:00
1901-06-01	+08:00
1901-07-01	+08:00
1901-08-01	+08:00
1901-09-01	+08:00
1901-10-01	+08:00
1901-11-01	+08:00
1901-12-01	+08:00
1902-01-01	+08:00
1902-02-01	+08:00
1902-03-01	+08:00
1902-04-01	+08:00
1902-05-01	+08:00
1902-06-01	+08:00
1902-07-01	+08:00
1902-08-01	+08:00
1902-09-01	+08:00
1902-10-01	+08:00
1902-11-01	+08:00
1902-12-01	+08:00
1903-01-01	+08:00
1903-02-01	+08:00
1903-03-01	+08:00
1903-04-01	+08:00
1903-05-01	+08:00
1903-06-01	+08:00
1903-07-01	+08:00
1903-08-01	+08:00
1903-09-01	+08:00
1903-10-01	+08:00
1903-11-01	+08:00
1903-12-01	+08:00
1904-01-01	+08:00
1904-02-01	+08:00
1904-03-01	+08:00
1904-04-01	+08:00
1904-05-01	+08:00
1904-06-01	+08:00
1904-07-01	+08:00
1904-08-01	+08:00
1904-09-01	+08:00
1904-10-01	+08:00
1904-11-01	+08:00
1904-12-01	+08:00
1905-01-01	+08:00
1905-02-01	+08:00
1905-03-01	+08:00
1905-04-01	+08:00
1905-05-01	+08:00
1905-06-01	+08:00
1905-07-01	+08:00
1905-08-01	+08:00
1905-09-01	+08:00
1905-10-01	+08:00
1905-11-01	+08:00
1905-12-01	+08:00
1906-01-01	+08:00
1906-02-01	+08:00
1906-03-01	+08:00
1906-04-01	+08:00
1906-05-01	+08:00
1906-06-01	+08:00
1906-07-01	+08:00
1906-08-01	+08:00
1906-09-01	+08:00
1906-10-01	+08:00
1906-11-01	+08:00
1906-12-01	+08:00
1907-01-01	+08:00
1907-02-01	+08:00
1907-03-01	+08:00
1907-04-01	+08:00
1907-05-01	+08:00
1907-06-01	+08:00
1907-07-01	+08:00
1907-08-01	+08:00
1907-09-01	+08:00
1907-10-01	+08:00
1907-11-01	+08:00
1907-12-01	+08:00
1908-01-01	+08:00
1908-02-01	+08:00
1908-03-01	+08:00
1908-04-01	+08:00
1908-05-01	+08:00
1908-06-01	+08:00
1908-07-01	+08:00
1908-08-01	+08:00
1908-09-01	+08:00
1908-10-01	+08:00
1908-11-01	+08:00
1908-12-01	+08:00
1909-01-01	+08:00
1909-02-01	+08:00
1909-03-01	+08:00
1909-04-01	+08:00
1909-05-01	+08:00
1909-06-01	+08:00
1909-07-01	+08:00
1909-08-01	+08:00
1909-09-01	+08:00
1909-10-01	+08:00
1909-11-01	+08:00
1909-12-01	+08:00
1910-01-01	+08:00
1910-02-01	+08:00
1910-03-01	+08:00
1910-04-01	+08:00
1910-05-01	+08:00
1910-06-01	+08:00
1910-07-01	+08:00
1910-08-01	+08:00
1910-09-01	+08:00
1910-10-01	+08:00
1910-11-01	+08:00
1910-12-01	+08:00
1911-01-01	+08:00
1911-02-01	+08:00
1911-03-01	+08:00
1911-04-01	+08:00
1911-05-01	+08:00
1911-06-01	+08:00
1911-07-01	+08:00
1911-08-01	+08:00
1911-09-01	+08:00
1911-10-01	+08:00
1911-11-01	+08:00
1911-12-01	+08:00
1912-01-01	+08:00
1912-02-01	+08:00
1912-03-01	+08:00
1912-04-01	+08:00
1912-05-01	+08:00
1912-06-01	+08:00
1912-07-01	+08:00
1912-08-01	+08:00
1912-09-01	+08:00
1912-10-01	+08:00
1912-11-01	+08:00
1912-12-01	+08:00
1913-01-01	+08:00
1913-02-01	+08:00
1913-03-01	+08:00
1913-04-01	+08:00
1913-05-01	+08:00
1913-06-01	+08:00
1913-07-01	+08:00
1913-08-01	+08:00
1913-09-01	+08:00
1913-10-01	+08:00
1913-11-01	+08:00
1913-12-01	+08:00
1914-01-01	+08:00
1914-02-01	+08:00
1914-03-01	+08:00
1914-04-01	+08:00
1914-05-01	+08:00
1914-06-01	+08:00
1914-07-01	+08:00
1914-08-01	+08:00
1914-09-01	+08:00
1914-10-01	+08:00
1914-11-01	+08:00
1914-12-01	+08:00
1915-01-01	+08:00
1915-02-01	+08:00
1915-03-01	+08:00
1915-04-01	+08:00
1915-05-01	+08:00
1915-06-01	+08:00
1915-07-01	+08:00
1915-08-01	+08:00
1915-09-01	+08:00
1915-10-01	+08:00
1915-11-01	+08:00
1915-12-01	+08:00
1916-01-01	+08:00
1916-02-01	+08:00
1916-03-01	+08:00
1916-04-01	+08:00
1916-05-01	+08:00
1916-06-01	+08:00
1916-07-01	+08:00
1916-08-01	+08:00
1916-09-01	+08:00
1916-10-01	+08:00
1916-11-01	+08:00
1916-12-01	+08:00
1917-01-01	+08:00
1917-02-01	+08:00
1917-03-01	+08:00
1917-04-01	+08:00
1917-05-01	+08:00
1917-06-01	+08:00
1917-07-01	+08:00
1917-08-01	+08:00
1917-09-01	+08:00
1917-10-01	+08:00
1917-11-01	+08:00
1917-12-01	+08:00
1918-01-01	+08:00
1918-02-01	+08:00
1918-03-01	+08:00
1918-04-01	+08:00
1918-05-01	+08:00
1918-06-01	+08:00
1918-07-01	+08:00
1918-08-01	+08:00
1918-09-01	+08:00
1918-10-01	+08:00
1918-11-01	+08:00
1918-12-01	+08:00
1919-01-01	+08:00
1919-02-01	+08:00
1919-03-01	+08:00
1919-04-01	+08:00
1919-05-01	+09:00
1919-06-01	+09:00
1919-07-01	+09:00
1919-08-01	+09:00
1919-09-01	+09:00
1919-10-01	+08:00
1919-11-01	+08:00
1919-12-01	+08:00
1920-01-01	+08:00
1920-02-01	+08:00
1920-03-01	+08:00
1920-04-01	+08:00
1920-05-01	+08:00
1920-06-01	+08:00
1920-07-01	+08:00
1920-08-01	+08:00
1920-09-01	+08:00
1920-10-01	+08:00
1920-11-01	+08:00
1920-12-01	+08:00
1921-01-01	+08:00
1921-02-01	+08:00
1921-03-01	+08:00
1921-04-01	+08:00
1921-05-01	+08:00
1921-06-01	+08:00
1921-07-01	+08:00
1921-08-01	+08:00
1921-09-01	+08:00
1921-10-01	+08:00
1921-11-01	+08:00
1921-12-01	+08:00
1922-01-01	+08:00
1922-02-01	+08:00
1922-03-01	+08:00
1922-04-01	+08:00
1922-05-01	+08:00
1922-06-01	+08:00
1922-07-01	+08:00
1922-08-01	+08:00
1922-09-01	+08:00
1922-10-01	+08:00
1922-11-01	+08:00
1922-12-01	+08:00
1923-01-01	+08:00
1923-02-01	+08:00
1923-03-01	+08:00
1923-04-01	+08:00
1923-05-01	+08:00
1923-06-01	+08:00
1923-07-01	+08:00
1923-08-01	+08:00
1923-09-01	+08:00
1923-10-01	+08:00
1923-11-01	+08:00
1923-12-01	+08:00
1924-01-01	+08:00
1924-02-01	+08:00
1924-03-01	+08:00
1924-04-01	+08:00
1924-05-01	+08:00
1924-06-01	+08:00
1924-07-01	+08:00
1924-08-01	+08:00
1924-09-01	+08:00
1924-10-01	+08:00
1924-11-01	+08:00
1924-12-01	+08:00
1925-01-01	+08:00
1925-02-01	+08:00
1925-03-01	+08:00
1925-04-01	+08:00
1925-05-01	+08:00
1925-06-01	+08:00
1925-07-01	+08:00
1925-08-01	+08:00
1925-09-01	+08:00
1925-10-01	+08:00
1925-11-01	+08:00
1925-12-01	+08:00
1926-01-01	+08:00
1926-02-01	+08:00
1926-03-01	+08:00
1926-04-01	+08:00
1926-05-01	+08:00
1926-06-01	+08:00
1926-07-01	+08:00
1926-08-01	+08:00
1926-09-01	+08:00
1926-10-01	+08:00
1926-11-01	+08:00
1926-12-01	+08:00
1927-01-01	+08:00
1927-02-01	+08:00
1927-03-01	+08:00
1927-04-01	+08:00
1927-05-01	+08:00
1927-06-01	+08:00
1927-07-01	+08:00
1927-08-01	+08:00
1927-09-01	+08:00
1927-10-01	+08:00
1927-11-01	+08:00
1927-12-01	+08:00
1928-01-01	+08:00
1928-02-01	+08:00
1928-03-01	+08:00
1928-04-01	+08:00
1928-05-01	+08:00
1928-06-01	+08:00
1928-07-01	+08:00
1928-08-01	+08:00
1928-09-01	+08:00
1928-10-01	+08:00
1928-11-01	+08:00
1928-12-01	+08:00
1929-01-01	+08:00
1929-02-01	+08:00
1929-03-01	+08:00
1929-04-01	+08:00
1929-05-01	+08:00
1929-06-01	+08:00
1929-07-01	+08:00
1929-08-01	+08:00
1929-09-01	+08:00
1929-10-01	+08:00
1929-11-01	+08:00
1929-12-01	+08:00
1930-01-01	+08:00
1930-02-01	+08:00
1930-03-01	+08:00
1930-04-01	+08:00
1930-05-01	+08:00
1930-06-01	+08:00
1930-07-01	+08:00
1930-08-01	+08:00
1930-09-01	+08:00
1930-10-01	+08:00
1930-11-01	+08:00
1930-12-01	+08:00
1931-01-01	+08:00
1931-02-01	+08:00
1931-03-01	+08:00
1931-04-01	+08:00
1931-05-01	+08:00
1931-06-01	+08:00
1931-07-01	+08:00
1931-08-01	+08:00
1931-09-01	+08:00
1931-10-01	+08:00
1931-11-01	+08:00
1931-12-01	+08:00
1932-01-01	+08:00
1932-02-01	+08:00
1932-03-01	+08:00
1932-04-01	+08:00
1932-05-01	+08:00
1932-06-01	+08:00
1932-07-01	+08:00
1932-08-01	+08:00
1932-09-01	+08:00
1932-10-01	+08:00
1932-11-01	+08:00
1932-12-01	+08:00
1933-01-01	+08:00
1933-02-01	+08:00
1933-03-01	+08:00
1933-04-01	+08:00
1933-05-01	+08:00
1933-06-01	+08:00
1933-07-01	+08:00
1933-08-01	+08:00
1933-09-01	+08:00
1933-10-01	+08:00
1933-11-01	+08:00
1933-12-01	+08:00
1934-01-01	+08:00
1934-02-01	+08:00
1934-03-01	+08:00
1934-04-01	+08:00
1934-05-01	+08:00
1934-06-01	+08:00
1934-07-01	+08:00
1934-08-01	+08:00
1934-09-01	+08:00
1934-10-01	+08:00
1934-11-01	+08:00
1934-12-01	+08:00
1935-01-01	+08:00
1935-02-01	+08:00
1935-03-01	+08:00
1935-04-01	+08:00
1935-05-01	+08:00
1935-06-01	+08:00
1935-07-01	+08:00
1935-08-01	+08:00
1935-09-01	+08:00
1935-10-01	+08:00
1935-11-01	+08:00
1935-12-01	+08:00
1936-01-01	+08:00
1936-02-01	+08:00
1936-03-01	+08:00
1936-04-01	+08:00
1936-05-01	+08:00
1936-06-01	+08:00
1936-07-01	+08:00
1936-08-01	+08:00
1936-09-01	+08:00
1936-10-01	+08:00
1936-11-01	+08:00
1936-12-01	+08:00
1937-01-01	+08:00
1937-02-01	+08:00
1937-03-01	+08:00
1937-04-01	+08:00
1937-05-01	+08:00
1937-06-01	+08:00
1937-07-01	+08:00
1937-08-01	+08:00
1937-09-01	+08:00
1937-10-01	+08:00
1937-11-01	+08:00
1937-12-01	+08:00
1938-01-01	+08:00
1938-02-01	+08:00
1938-03-01	+08:00
1938-04-01	+08:00
1938-05-01	+08:00
1938-06-01	+08:00
1938-07-01	+08:00
1938-08-01	+08:00
1938-09-01	+08:00
1938-10-01	+08:00
1938-11-01	+08:00
1938-12-01	+08:00
1939-01-01	+08:00
1939-02-01	+08:00
1939-03-01	+08:00
1939-04-01	+08:00
1939-05-01	+08:00
1939-06-01	+08:00
1939-07-01	+08:00
1939-08-01	+08:00
1939-09-01	+08:00
1939-10-01	+08:00
1939-11-01	+08:00
1939-12-01	+08:00
1940-01-01	+08:00
1940-02-01	+08:00
1940-03-01	+08:00
1940-04-01	+08:00
1940-05-01	+08:00
1940-06-01	+08:00
1940-07-01	+09:00
1940-08-01	+09:00
1940-09-01	+09:00
1940-10-01	+09:00
1940-11-01	+08:00
1940-12-01	+08:00
1941-01-01	+08:00
1941-02-01	+08:00
1941-03-01	+08:00
1941-04-01	+09:00
1941-05-01	+09:00
1941-06-01	+09:00
1941-07-01	+09:00
1941-08-01	+09:00
1941-09-01	+09:00
1941-10-01	+09:00
1941-11-01	+09:00
1941-12-01	+08:00
1942-01-01	+08:00
1942-02-01	+09:00
1942-03-01	+09:00
1942-04-01	+09:00
1942-05-01	+09:00
1942-06-01	+09:00
1942-07-01	+09:00
1942-08-01	+09:00
1942-09-01	+09:00
1942-10-01	+09:00
1942-11-01	+09:00
1942-12-01	+09:00
1943-01-01	+09:00
1943-02-01	+09:00
1943-03-01	+09:00
1943-04-01	+09:00
1943-05-01	+09:00
1943-06-01	+09:00
1943-07-01	+09:00
1943-08-01	+09:00
1943-09-01	+09:00
1943-10-01	+09:00
1943-11-01	+09:00
1943-12-01	+09:00
1944-01-01	+09:00
1944-02-01	+09:00
1944-03-01	+09:00
1944-04-01	+09:00
1944-05-01	+09:00
1944-06-01	+09:00
1944-07-01	+09:00
1944-08-01	+09:00
1944-09-01	+09:00
1944-10-01	+09:00
1944-11-01	+09:00
1944-12-01	+09:00
1945-01-01	+09:00
1945-02-01	+09:00
1945-03-01	+09:00
1945-04-01	+09:00
1945-05-01	+09:00
1945-06-01	+09:00
1945-07-01	+09:00
1945-08-01	+09:00
1945-09-01	+09:00
1945-10-01	+08:00
1945-11-01	+08:00
1945-12-01	+08:00
1946-01-01	+08:00
1946-02-01	+08:00
1946-03-01	+08:00
1946-04-01	+08:00
1946-05-01	+08:00
1946-06-01	+09:00
1946-07-01	+09:00
1946-08-01	+09:00
1946-09-01	+09:00
1946-10-01	+08:00
1946-11-01	+08:00
1946-12-01	+08:00
1947-01-01	+08:00
1947-02-01	+08:00
1947-03-01	+08:00
1947-04-01	+08:00
1947-05-01	+09:00
1947-06-01	+09:00
1947-07-01	+09:00
1947-08-01	+09:00
1947-09-01	+09:00
1947-10-01	+09:00
1947-11-01	+08:00
1947-12-01	+08:00
1948-01-01	+08:00
1948-02-01	+08:00
1948-03-01	+08:00
1948-04-01	+08:00
1948-05-01	+08:00
1948-06-01	+09:00
1948-07-01	+09:00
1948-08-01	+09:00
1948-09-01	+09:00
1948-10-01	+08:00
1948-11-01	+08:00
1948-12-01	+08:00
1949-01-01	+08:00
1949-02-01	+08:00
1949-03-01	+08:00
1949-04-01	+08:00
1949-05-01	+08:00
1949-06-01	+08:00
1949-07-01	+08:00
1949-08-01	+08:00
1949-09-01	+08:00
1949-10-01	+08:00
1949-11-01	+08:00
1949-12-01	+08:00
1950-01-01	+08:00
1950-02-01	+08:00
1950-03-01	+08:00
1950-04-01	+08:00
1950-05-01	+08:00
1950-06-01	+08:00
1950-07-01	+08:00
1950-08-01	+08:00
1950-09-01	+08:00
1950-10-01	+08:00
1950-11-01	+08:00
1950-12-01	+08:00
1951-01-01	+08:00
1951-02-01	+08:00
1951-03-01	+08:00
1951-04-01	+08:00
1951-05-01	+08:00
1951-06-01	+08:00
1951-07-01	+08:00
1951-08-01	+08:00
1951-09-01	+08:00
1951-10-01	+08:00
1951-11-01	+08:00
1951-12-01	+08:00
1952-01-01	+08:00
1952-02-01	+08:00
1952-03-01	+08:00
1952-04-01	+08:00
1952-05-01	+08:00
1952-06-01	+08:00
1952-07-01	+08:00
1952-08-01	+08:00
1952-09-01	+08:00
1952-10-01	+08:00
1952-11-01	+08:00
1952-12-01	+08:00
1953-01-01	+08:00
1953-02-01	+08:00
1953-03-01	+08:00
1953-04-01	+08:00
1953-05-01	+08:00
1953-06-01	+08:00
1953-07-01	+08:00
1953-08-01	+08:00
1953-09-01	+08:00
1953-10-01	+08:00
1953-11-01	+08:00
1953-12-01	+08:00
1954-01-01	+08:00
1954-02-01	+08:00
1954-03-01	+08:00
1954-04-01	+08:00
1954-05-01	+08:00
1954-06-01	+08:00
1954-07-01	+08:00
1954-08-01	+08:00
1954-09-01	+08:00
1954-10-01	+08:00
1954-11-01	+08:00
1954-12-01	+08:00
1955-01-01	+08:00
1955-02-01	+08:00
1955-03-01	+08:00
1955-04-01	+08:00
1955-05-01	+08:00
1955-06-01	+08:00
1955-07-01	+08:00
1955-08-01	+08:00
1955-09-01	+08:00
1955-10-01	+08:00
1955-11-01	+08:00
1955-12-01	+08:00
1956-01-01	+08:00
1956-02-01	+08:00
1956-03-01	+08:00
1956-04-01	+08:00
1956-05-01	+08:00
1956-06-01	+08:00
1956-07-01	+08:00
1956-08-01	+08:00
1956-09-01	+08:00
1956-10-01	+08:00
1956-11-01	+08:00
1956-12-01	+08:00
1957-01-01	+08:00
1957-02-01	+08:00
1957-03-01	+08:00
1957-04-01	+08:00
1957-05-01	+08:00
1957-06-01	+08:00
1957-07-01	+08:00
1957-08-01	+08:00
1957-09-01	+08:00
1957-10-01	+08:00
1957-11-01	+08:00
1957-12-01	+08:00
1958-01-01	+08:00
1958-02-01	+08:00
1958-03-01	+08:00
1958-04-01	+08:00
1958-05-01	+08:00
1958-06-01	+08:00
1958-07-01	+08:00
1958-08-01	+08:00
1958-09-01	+08:00
1958-10-01	+08:00
1958-11-01	+08:00
1958-12-01	+08:00
1959-01-01	+08:00
1959-02-01	+08:00
1959-03-01	+08:00
1959-04-01	+08:00
1959-05-01	+08:00
1959-06-01	+08:00
1959-07-01	+08:00
1959-08-01	+08:00
1959-09-01	+08:00
1959-10-01	+08:00
1959-11-01	+08:00
1959-12-01	+08:00
1960-01-01	+08:00
1960-02-01	+08:00
1960-03-01	+08:00
1960-04-01	+08:00
1960-05-01	+08:00
1960-06-01	+08:00
1960-07-01	+08:00
1960-08-01	+08:00
1960-09-01	+08:00
1960-10-01	+08:00
1960-11-01	+08:00
1960-12-01	+08:00
1961-01-01	+08:00
1961-02-01	+08:00
1961-03-01	+08:00
1961-04-01	+08:00
1961-05-01	+08:00
1961-06-01	+08:00
1961-07-01	+08:00
1961-08-01	+08:00
1961-09-01	+08:00
1961-10-01	+08:00
1961-11-01	+08:00
1961-12-01	+08:00
1962-01-01	+08:00
1962-02-01	+08:00
1962-03-01	+08:00
1962-04-01	+08:00
1962-05-01	+08:00
1962-06-01	+08:00
1962-07-01	+08:00
1962-08-01	+08:00
1962-09-01	+08:00
1962-10-01	+08:00
1962-11-01	+08:00
1962-12-01	+08:00
1963-01-01	+08:00
1963-02-01	+08:00
1963-03-01	+08:00
1963-04-01	+08:00
1963-05-01	+08:00
1963-06-01	+08:00
1963-07-01	+08:00
1963-08-01	+08:00
1963-09-01	+08:00
1963-10-01	+08:00
1963-11-01	+08:00
1963-12-01	+08:00
1964-01-01	+08:00
1964-02-01	+08:00
1964-03-01	+08:00
1964-04-01	+08:00
1964-05-01	+08:00
1964-06-01	+08:00
1964-07-01	+08:00
1964-08-01	+08:00
1964-09-01	+08:00
1964-10-01	+08:00
1964-11-01	+08:00
1964-12-01	+08:00
1965-01-01	+08:00
1965-02-01	+08:00
1965-03-01	+08:00
1965-04-01	+08:00
1965-05-01	+08:00
1965-06-01	+08:00
1965-07-01	+08:00
1965-08-01	+08:00
1965-09-01	+08:00
1965-10-01	+08:00
1965-11-01	+08:00
1965-12-01	+08:00
1966-01-01	+08:00
1966-02-01	+08:00
1966-03-01	+08:00
1966-04-01	+08:00
1966-05-01	+08:00
1966-06-01	+08:00
1966-07-01	+08:00
1966-08-01	+08:00
1966-09-01	+08:00
1966-10-01	+08:00
1966-11-01	+08:00
1966-12-01	+08:00
1967-01-01	+08:00
1967-02-01	+08:00
1967-03-01	+08:00
1967-04-01	+08:00
1967-05-01	+08:00
1967-06-01	+08:00
1967-07-01	+08:00
1967-08-01	+08:00
1967-09-01	+08:00
1967-10-01	+08:00
1967-11-01	+08:00
1967-12-01	+08:00
1968-01-01	+08:00
1968-02-01	+08:00
1968-03-01	+08:00
1968-04-01	+08:00
1968-05-01	+08:00
1968-06-01	+08:00
1968-07-01	+08:00
1968-08-01	+08:00
1968-09-01	+08:00
1968-10-01	+08:00
1968-11-01	+08:00
1968-12-01	+08:00
1969-01-01	+08:00
1969-02-01	+08:00
1969-03-01	+08:00
1969-04-01	+08:00
1969-05-01	+08:00
1969-06-01	+08:00
1969-07-01	+08:00
1969-08-01	+08:00
1969-09-01	+08:00
1969-10-01	+08:00
1969-11-01	+08:00
1969-12-01	+08:00
1970-01-01	+08:00
1970-02-01	+08:00
1970-03-01	+08:00
1970-04-01	+08:00
1970-05-01	+08:00
1970-06-01	+08:00
1970-07-01	+08:00
1970-08-01	+08:00
1970-09-01	+08:00
1970-10-01	+08:00
1970-11-01	+08:00
1970-12-01	+08:00
1971-01-01	+08:00
1971-02-01	+08:00
1971-03-01	+08:00
1971-04-01	+08:00
1971-05-01	+08:00
1971-06-01	+08:00
1971-07-01	+08:00
1971-08-01	+08:00
1971-09-01	+08:00
1971-10-01	+08:00
1971-11-01	+08:00
1971-12-01	+08:00
1972-01-01	+08:00
1972-02-01	+08:00
1972-03-01	+08:00
1972-04-01	+08:00
1972-05-01	+08:00
1972-06-01	+08:00
1972-07-01	+08:00
1972-08-01	+08:00
1972-09-01	+08:00
1972-10-01	+08:00
1972-11-01	+08:00
1972-12-01	+08:00
1973-01-01	+08:00
1973-02-01	+08:00
1973-03-01	+08:00
1973-04-01	+08:00
1973-05-01	+08:00
1973-06-01	+08:00
1973-07-01	+08:00
1973-08-01	+08:00
1973-09-01	+08:00
1973-10-01	+08:00
1973-11-01	+08:00
1973-12-01	+08:00
1974-01-01	+08:00
1974-02-01	+08:00
1974-03-01	+08:00
1974-04-01	+08:00
1974-05-01	+08:00
1974-06-01	+08:00
1974-07-01	+08:00
1974-08-01	+08:00
1974-09-01	+08:00
1974-10-01	+08:00
1974-11-01	+08:00
1974-12-01	+08:00
1975-01-01	+08:00
1975-02-01	+08:00
1975-03-01	+08:00
1975-04-01	+08:00
1975-05-01	+08:00
1975-06-01	+08:00
1975-07-01	+08:00
1975-08-01	+08:00
1975-09-01	+08:00
1975-10-01	+08:00
1975-11-01	+08:00
1975-12-01	+08:00
1976-01-01	+08:00
1976-02-01	+08:00
1976-03-01	+08:00
1976-04-01	+08:00
1976-05-01	+08:00
1976-06-01	+08:00
1976-07-01	+08:00
1976-08-01	+08:00
1976-09-01	+08:00
1976-10-01	+08:00
1976-11-01	+08:00
1976-12-01	+08:00
1977-01-01	+08:00
1977-02-01	+08:00
1977-03-01	+08:00
1977-04-01	+08:00
1977-05-01	+08:00
1977-06-01	+08:00
1977-07-01	+08:00
1977-08-01	+08:00
1977-09-01	+08:00
1977-10-01	+08:00
1977-11-01	+08:00
1977-12-01	+08:00
1978-01-01	+08:00
1978-02-01	+08:00
1978-03-01	+08:00
1978-04-01	+08:00
1978-05-01	+08:00
1978-06-01	+08:00
1978-07-01	+08:00
1978-08-01	+08:00
1978-09-01	+08:00
1978-10-01	+08:00
1978-11-01	+08:00
1978-12-01	+08:00
1979-01-01	+08:00
1979-02-01	+08:00
1979-03-01	+08:00
1979-04-01	+08:00
1979-05-01	+08:00
1979-06-01	+08:00
1979-07-01	+08:00
1979-08-01	+08:00
1979-09-01	+08:00
1979-10-01	+08:00
1979-11-01	+08:00
1979-12-01	+08:00
1980-01-01	+08:00
1980-02-01	+08:00
1980-03-01	+08:00
1980-04-01	+08:00
1980-05-01	+08:00
1980-06-01	+08:00
1980-07-01	+08:00
1980-08-01	+08:00
1980-09-01	+08:00
1980-10-01	+08:00
1980-11-01	+08:00
1980-12-01	+08:00
1981-01-01	+08:00
1981-02-01	+08:00
1981-03-01	+08:00
1981-04-01	+08:00
1981-05-01	+08:00
1981-06-01	+08:00
1981-07-01	+08:00
1981-08-01	+08:00
1981-09-01	+08:00
1981-10-01	+08:00
1981-11-01	+08:00
1981-12-01	+08:00
1982-01-01	+08:00
1982-02-01	+08:00
1982-03-01	+08:00
1982-04-01	+08:00
1982-05-01	+08:00
1982-06-01	+08:00
1982-07-01	+08:00
1982-08-01	+08:00
1982-09-01	+08:00
1982-10-01	+08:00
1982-11-01	+08:00
1982-12-01	+08:00
1983-01-01	+08:00
1983-02-01	+08:00
1983-03-01	+08:00
1983-04-01	+08:00
1983-05-01	+08:00
1983-06-01	+08:00
1983-07-01	+08:00
1983-08-01	+08:00
1983-09-01	+08:00
1983-10-01	+08:00
1983-11-01	+08:00
1983-12-01	+08:00
1984-01-01	+08:00
1984-02-01	+08:00
1984-03-01	+08:00
1984-04-01	+08:00
1984-05-01	+08:00
1984-06-01	+08:00
1984-07-01	+08:00
1984-08-01	+08:00
1984-09-01	+08:00
1984-10-01	+08:00
1984-11-01	+08:00
1984-12-01	+08:00
1985-01-01	+08:00
1985-02-01	+08:00
1985-03-01	+08:00
1985-04-01	+08:00
1985-05-01	+08:00
1985-06-01	+08:00
1985-07-01	+08:00
1985-08-01	+08:00
1985-09-01	+08:00
1985-10-01	+08:00
1985-11-01	+08:00
1985-12-01	+08:00
1986-01-01	+08:00
1986-02-01	+08:00
1986-03-01	+08:00
1986-04-01	+08:00
1986-05-01	+08:00
1986-06-01	+09:00
1986-07-01	+09:00
1986-08-01	+09:00
1986-09-01	+09:00
1986-10-01	+08:00
1986-11-01	+08:00
1986-12-01	+08:00
1987-01-01	+08:00
1987-02-01	+08:00
1987-03-01	+08:00
1987-04-01	+08:00
1987-05-01	+09:00
1987-06-01	+09:00
1987-07-01	+09:00
1987-08-01	+09:00
1987-09-01	+09:00
1987-10-01	+08:00
1987-11-01	+08:00
1987-12-01	+08:00
1988-01-01	+08:00
1988-02-01	+08:00
1988-03-01	+08:00
1988-04-01	+08:00
1988-05-01	+09:00
1988-06-01	+09:00
1988-07-01	+09:00
1988-08-01	+09:00
1988-09-01	+09:00
1988-10-01	+08:00
1988-11-01	+08:00
1988-12-01	+08:00
1989-01-01	+08:00
1989-02-01	+08:00
1989-03-01	+08:00
1989-04-01	+08:00
1989-05-01	+09:00
1989-06-01	+09:00
1989-07-01	+09:00
1989-08-01	+09:00
1989-09-01	+09:00
1989-10-01	+08:00
1989-11-01	+08:00
1989-12-01	+08:00
1990-01-01	+08:00
1990-02-01	+08:00
1990-03-01	+08:00
1990-04-01	+08:00
1990-05-01	+09:00
1990-06-01	+09:00
1990-07-01	+09:00
1990-08-01	+09:00
1990-09-01	+09:00
1990-10-01	+08:00
1990-11-01	+08:00
1990-12-01	+08:00
1991-01-01	+08:00
1991-02-01	+08:00
1991-03-01	+08:00
1991-04-01	+08:00
1991-05-01	+09:00
1991-06-01	+09:00
1991-07-01	+09:00
1991-08-01	+09:00
1991-09-01	+09:00
1991-10-01	+08:00
1991-11-01	+08:00
1991-12-01	+08:00
1992-01-01	+08:00
1992-02-01	+08:00
1992-03-01	+08:00
1992-04-01	+08:00
1992-05-01	+08:00
1992-06-01	+08:00
1992-07-01	+08:00
1992-08-01	+08:00
1992-09-01	+08:00
1992-10-01	+08:00
1992-11-01	+08:00
1992-12-01	+08:00
1993-01-01	+08:00
1993-02-01	+08:00
1993-03-01	+08:00
1993-04-01	+08:00
1993-05-01	+08:00
1993-06-01	+08:00
1993-07-01	+08:00
1993-08-01	+08:00
1993-09-01	+08:00
1993-10-01	+08:00
1993-11-01	+08:00
1993-12-01	+08:00
1994-01-01	+08:00
1994-02-01	+08:00
1994-03-01	+08:00
1994-04-01	+08:00
1994-05-01	+08:00
1994-06-01	+08:00
1994-07-01	+08:00
1994-08-01	+08:00
1994-09-01	+08:00
1994-10-01	+08:00
1994-11-01	+08:00
1994-12-01	+08:00
1995-01-01	+08:00
1995-02-01	+08:00
1995-03-01	+08:00
1995-04-01	+08:00
1995-05-01	+08:00
1995-06-01	+08:00
1995-07-01	+08:00
1995-08-01	+08:00
1995-09-01	+08:00
1995-10-01	+08:00
1995-11-01	+08:00
1995-12-01	+08:00
1996-01-01	+08:00
1996-02-01	+08:00
1996-03-01	+08:00
1996-04-01	+08:00
1996-05-01	+08:00
1996-06-01	+08:00
1996-07-01	+08:00
1996-08-01	+08:00
1996-09-01	+08:00
1996-10-01	+08:00
1996-11-01	+08:00
1996-12-01	+08:00
1997-01-01	+08:00
1997-02-01	+08:00
1997-03-01	+08:00
1997-04-01	+08:00
1997-05-01	+08:00
1997-06-01	+08:00
1997-07-01	+08:00
1997-08-01	+08:00
1997-09-01	+08:00
1997-10-01	+08:00
1997-11-01	+08:00
1997-12-01	+08:00
1998-01-01	+08:00
1998-02-01	+08:00
1998-03-01	+08:00
1998-04-01	+08:00
1998-05-01	+08:00
1998-06-01	+08:00
1998-07-01	+08:00
1998-08-01	+08:00
1998-09-01	+08:00
1998-10-01	+08:00
1998-11-01	+08:00
1998-12-01	+08:00
1999-01-01	+08:00
1999-02-01	+08:00
1999-03-01	+08:00
1999-04-01	+08:00
1999-05-01	+08:00
1999-06-01	+08:00
1999-07-01	+08:00
1999-08-01	+08:00
1999-09-01	+08:00
1999-10-01	+08:00
1999-11-01	+08:00
1999-12-01	+08:00
{
	"@type":"com.alibaba.fastjson2.issues_2300.Issue2392$Bean",
	"value":{
		"@type":"kotlin.collections.EmptyList",
		"@value":[]
	}
}
{"testField":"My Test"}
{"n0":null,"n1":"1","s0":"","s1":"noear"}
{"v":6.805646932770577E38}
467551727
[Value2{val=1, v_al=2}, Value2{val=2, v_al=2}, Value2{val=3, v_al=2}]  
{"data":{"key1":"value1","key2":"value2"},"success":false}
{"data":["key1","key2"],"success":false}
com.alibaba.fastjson2.JSONException: illegal number, offset 25, char }
	at com.alibaba.fastjson2.JSONReader.numberError(JSONReader.java:6770)
	at com.alibaba.fastjson2.JSONReader.getInt64Value(JSONReader.java:2050)
	at com.alibaba.fastjson2.JSONReader.readInt64ValueOverflow(JSONReader.java:1933)
	at com.alibaba.fastjson2.JSONReaderUTF8.readInt64Value(JSONReaderUTF8.java:3757)
	at com.alibaba.fastjson2.reader.ORG_2077_1_LongVal.readObject(Unknown Source)
	at com.alibaba.fastjson2.JSON.parseObject(JSON.java:992)
	at com.alibaba.fastjson2.v1issues.issue_1400.Issue1423.test_for_issue(Issue1423.java:17)
	at java.base/jdk.internal.reflect.DirectMethodHandleAccessor.invoke(DirectMethodHandleAccessor.java:104)
	at java.base/java.lang.reflect.Method.invoke(Method.java:565)
	at org.junit.platform.commons.util.ReflectionUtils.invokeMethod(ReflectionUtils.java:787)
	at org.junit.platform.commons.support.ReflectionSupport.invokeMethod(ReflectionSupport.java:478)
	at org.junit.jupiter.engine.execution.MethodInvocation.proceed(MethodInvocation.java:60)
	at org.junit.jupiter.engine.execution.InvocationInterceptorChain$ValidatingInvocation.proceed(InvocationInterceptorChain.java:131)
	at org.junit.jupiter.engine.extension.TimeoutExtension.intercept(TimeoutExtension.java:161)
	at org.junit.jupiter.engine.extension.TimeoutExtension.interceptTestableMethod(TimeoutExtension.java:152)
	at org.junit.jupiter.engine.extension.TimeoutExtension.interceptTestMethod(TimeoutExtension.java:91)
	at org.junit.jupiter.engine.execution.InterceptingExecutableInvoker$ReflectiveInterceptorCall.lambda$ofVoidMethod$0(InterceptingExecutableInvoker.java:112)
	at org.junit.jupiter.engine.execution.InterceptingExecutableInvoker.lambda$invoke$0(InterceptingExecutableInvoker.java:94)
	at org.junit.jupiter.engine.execution.InvocationInterceptorChain$InterceptedInvocation.proceed(InvocationInterceptorChain.java:106)
	at org.junit.jupiter.engine.execution.InvocationInterceptorChain.proceed(InvocationInterceptorChain.java:64)
	at org.junit.jupiter.engine.execution.InvocationInterceptorChain.chainAndInvoke(InvocationInterceptorChain.java:45)
	at org.junit.jupiter.engine.execution.InvocationInterceptorChain.invoke(InvocationInterceptorChain.java:37)
	at org.junit.jupiter.engine.execution.InterceptingExecutableInvoker.invoke(InterceptingExecutableInvoker.java:93)
	at org.junit.jupiter.engine.execution.InterceptingExecutableInvoker.invoke(InterceptingExecutableInvoker.java:87)
	at org.junit.jupiter.engine.descriptor.TestMethodTestDescriptor.lambda$invokeTestMethod$4(TestMethodTestDescriptor.java:221)
	at org.junit.platform.engine.support.hierarchical.ThrowableCollector.execute(ThrowableCollector.java:73)
	at org.junit.jupiter.engine.descriptor.TestMethodTestDescriptor.invokeTestMethod(TestMethodTestDescriptor.java:217)
	at org.junit.jupiter.engine.descriptor.TestMethodTestDescriptor.execute(TestMethodTestDescriptor.java:159)
	at org.junit.jupiter.engine.descriptor.TestMethodTestDescriptor.execute(TestMethodTestDescriptor.java:70)
	at org.junit.platform.engine.support.hierarchical.NodeTestTask.lambda$executeRecursively$6(NodeTestTask.java:157)
	at org.junit.platform.engine.support.hierarchical.ThrowableCollector.execute(ThrowableCollector.java:73)
	at org.junit.platform.engine.support.hierarchical.NodeTestTask.lambda$executeRecursively$8(NodeTestTask.java:147)
	at org.junit.platform.engine.support.hierarchical.Node.around(Node.java:137)
	at org.junit.platform.engine.support.hierarchical.NodeTestTask.lambda$executeRecursively$9(NodeTestTask.java:145)
	at org.junit.platform.engine.support.hierarchical.ThrowableCollector.execute(ThrowableCollector.java:73)
	at org.junit.platform.engine.support.hierarchical.NodeTestTask.executeRecursively(NodeTestTask.java:144)
	at org.junit.platform.engine.support.hierarchical.NodeTestTask.execute(NodeTestTask.java:101)
	at java.base/java.util.ArrayList.forEach(ArrayList.java:1604)
	at org.junit.platform.engine.support.hierarchical.SameThreadHierarchicalTestExecutorService.invokeAll(SameThreadHierarchicalTestExecutorService.java:41)
	at org.junit.platform.engine.support.hierarchical.NodeTestTask.lambda$executeRecursively$6(NodeTestTask.java:161)
	at org.junit.platform.engine.support.hierarchical.ThrowableCollector.execute(ThrowableCollector.java:73)
	at org.junit.platform.engine.support.hierarchical.NodeTestTask.lambda$executeRecursively$8(NodeTestTask.java:147)
	at org.junit.platform.engine.support.hierarchical.Node.around(Node.java:137)
	at org.junit.platform.engine.support.hierarchical.NodeTestTask.lambda$executeRecursively$9(NodeTestTask.java:145)
	at org.junit.platform.engine.support.hierarchical.ThrowableCollector.execute(ThrowableCollector.java:73)
	at org.junit.platform.engine.support.hierarchical.NodeTestTask.executeRecursively(NodeTestTask.java:144)
	at org.junit.platform.engine.support.hierarchical.NodeTestTask.execute(NodeTestTask.java:101)
	at java.base/java.util.ArrayList.forEach(ArrayList.java:1604)
	at org.junit.platform.engine.support.hierarchical.SameThreadHierarchicalTestExecutorService.invokeAll(SameThreadHierarchicalTestExecutorService.java:41)
	at org.junit.platform.engine.support.hierarchical.NodeTestTask.lambda$executeRecursively$6(NodeTestTask.java:161)
	at org.junit.platform.engine.support.hierarchical.ThrowableCollector.execute(ThrowableCollector.java:73)
	at org.junit.platform.engine.support.hierarchical.NodeTestTask.lambda$executeRecursively$8(NodeTestTask.java:147)
	at org.junit.platform.engine.support.hierarchical.Node.around(Node.java:137)
	at org.junit.platform.engine.support.hierarchical.NodeTestTask.lambda$executeRecursively$9(NodeTestTask.java:145)
	at org.junit.platform.engine.support.hierarchical.ThrowableCollector.execute(ThrowableCollector.java:73)
	at org.junit.platform.engine.support.hierarchical.NodeTestTask.executeRecursively(NodeTestTask.java:144)
	at org.junit.platform.engine.support.hierarchical.NodeTestTask.execute(NodeTestTask.java:101)
	at org.junit.platform.engine.support.hierarchical.SameThreadHierarchicalTestExecutorService.submit(SameThreadHierarchicalTestExecutorService.java:35)
	at org.junit.platform.engine.support.hierarchical.HierarchicalTestExecutor.execute(HierarchicalTestExecutor.java:57)
	at org.junit.platform.engine.support.hierarchical.HierarchicalTestEngine.execute(HierarchicalTestEngine.java:54)
	at org.junit.platform.launcher.core.EngineExecutionOrchestrator.executeEngine(EngineExecutionOrchestrator.java:230)
	at org.junit.platform.launcher.core.EngineExecutionOrchestrator.failOrExecuteEngine(EngineExecutionOrchestrator.java:204)
	at org.junit.platform.launcher.core.EngineExecutionOrchestrator.execute(EngineExecutionOrchestrator.java:172)
	at org.junit.platform.launcher.core.EngineExecutionOrchestrator.execute(EngineExecutionOrchestrator.java:101)
	at org.junit.platform.launcher.core.EngineExecutionOrchestrator.lambda$execute$0(EngineExecutionOrchestrator.java:64)
	at org.junit.platform.launcher.core.EngineExecutionOrchestrator.withInterceptedStreams(EngineExecutionOrchestrator.java:150)
	at org.junit.platform.launcher.core.EngineExecutionOrchestrator.execute(EngineExecutionOrchestrator.java:63)
	at org.junit.platform.launcher.core.DefaultLauncher.execute(DefaultLauncher.java:109)
	at org.junit.platform.launcher.core.DefaultLauncher.execute(DefaultLauncher.java:91)
	at org.junit.platform.launcher.core.DelegatingLauncher.execute(DelegatingLauncher.java:47)
	at org.junit.platform.launcher.core.InterceptingLauncher.lambda$execute$1(InterceptingLauncher.java:39)
	at org.junit.platform.launcher.core.ClasspathAlignmentCheckingLauncherInterceptor.intercept(ClasspathAlignmentCheckingLauncherInterceptor.java:25)
	at org.junit.platform.launcher.core.InterceptingLauncher.execute(InterceptingLauncher.java:38)
	at org.junit.platform.launcher.core.DelegatingLauncher.execute(DelegatingLauncher.java:47)
	at org.apache.maven.surefire.junitplatform.LazyLauncher.execute(LazyLauncher.java:56)
	at org.apache.maven.surefire.junitplatform.JUnitPlatformProvider.execute(JUnitPlatformProvider.java:194)
	at org.apache.maven.surefire.junitplatform.JUnitPlatformProvider.invokeAllTests(JUnitPlatformProvider.java:150)
	at org.apache.maven.surefire.junitplatform.JUnitPlatformProvider.invoke(JUnitPlatformProvider.java:124)
	at org.apache.maven.surefire.booter.ForkedBooter.runSuitesInProcess(ForkedBooter.java:385)
	at org.apache.maven.surefire.booter.ForkedBooter.execute(ForkedBooter.java:162)
	at org.apache.maven.surefire.booter.ForkedBooter.run(ForkedBooter.java:507)
	at org.apache.maven.surefire.booter.ForkedBooter.main(ForkedBooter.java:495)
com.alibaba.fastjson2.JSONException: illegal number, offset 25, char }
	at com.alibaba.fastjson2.JSONReader.numberError(JSONReader.java:6770)
	at com.alibaba.fastjson2.JSONReader.getInt64Value(JSONReader.java:2050)
	at com.alibaba.fastjson2.JSONReader.readInt64ValueOverflow(JSONReader.java:1933)
	at com.alibaba.fastjson2.JSONReaderUTF8.readInt64Value(JSONReaderUTF8.java:3757)
	at com.alibaba.fastjson2.reader.ORG_2077_1_LongVal.readObject(Unknown Source)
	at com.alibaba.fastjson2.JSON.parseObject(JSON.java:992)
	at com.alibaba.fastjson2.v1issues.issue_1400.Issue1423.test_for_issue(Issue1423.java:17)
	at java.base/jdk.internal.reflect.DirectMethodHandleAccessor.invoke(DirectMethodHandleAccessor.java:104)
	at java.base/java.lang.reflect.Method.invoke(Method.java:565)
	at org.junit.platform.commons.util.ReflectionUtils.invokeMethod(ReflectionUtils.java:787)
	at org.junit.platform.commons.support.ReflectionSupport.invokeMethod(ReflectionSupport.java:478)
	at org.junit.jupiter.engine.execution.MethodInvocation.proceed(MethodInvocation.java:60)
	at org.junit.jupiter.engine.execution.InvocationInterceptorChain$ValidatingInvocation.proceed(InvocationInterceptorChain.java:131)
	at org.junit.jupiter.engine.extension.TimeoutExtension.intercept(TimeoutExtension.java:161)
	at org.junit.jupiter.engine.extension.TimeoutExtension.interceptTestableMethod(TimeoutExtension.java:152)
	at org.junit.jupiter.engine.extension.TimeoutExtension.interceptTestMethod(TimeoutExtension.java:91)
	at org.junit.jupiter.engine.execution.InterceptingExecutableInvoker$ReflectiveInterceptorCall.lambda$ofVoidMethod$0(InterceptingExecutableInvoker.java:112)
	at org.junit.jupiter.engine.execution.InterceptingExecutableInvoker.lambda$invoke$0(InterceptingExecutableInvoker.java:94)
	at org.junit.jupiter.engine.execution.InvocationInterceptorChain$InterceptedInvocation.proceed(InvocationInterceptorChain.java:106)
	at org.junit.jupiter.engine.execution.InvocationInterceptorChain.proceed(InvocationInterceptorChain.java:64)
	at org.junit.jupiter.engine.execution.InvocationInterceptorChain.chainAndInvoke(InvocationInterceptorChain.java:45)
	at org.junit.jupiter.engine.execution.InvocationInterceptorChain.invoke(InvocationInterceptorChain.java:37)
	at org.junit.jupiter.engine.execution.InterceptingExecutableInvoker.invoke(InterceptingExecutableInvoker.java:93)
	at org.junit.jupiter.engine.execution.InterceptingExecutableInvoker.invoke(InterceptingExecutableInvoker.java:87)
	at org.junit.jupiter.engine.descriptor.TestMethodTestDescriptor.lambda$invokeTestMethod$4(TestMethodTestDescriptor.java:221)
	at org.junit.platform.engine.support.hierarchical.ThrowableCollector.execute(ThrowableCollector.java:73)
	at org.junit.jupiter.engine.descriptor.TestMethodTestDescriptor.invokeTestMethod(TestMethodTestDescriptor.java:217)
	at org.junit.jupiter.engine.descriptor.TestMethodTestDescriptor.execute(TestMethodTestDescriptor.java:159)
	at org.junit.jupiter.engine.descriptor.TestMethodTestDescriptor.execute(TestMethodTestDescriptor.java:70)
	at org.junit.platform.engine.support.hierarchical.NodeTestTask.lambda$executeRecursively$6(NodeTestTask.java:157)
	at org.junit.platform.engine.support.hierarchical.ThrowableCollector.execute(ThrowableCollector.java:73)
	at org.junit.platform.engine.support.hierarchical.NodeTestTask.lambda$executeRecursively$8(NodeTestTask.java:147)
	at org.junit.platform.engine.support.hierarchical.Node.around(Node.java:137)
	at org.junit.platform.engine.support.hierarchical.NodeTestTask.lambda$executeRecursively$9(NodeTestTask.java:145)
	at org.junit.platform.engine.support.hierarchical.ThrowableCollector.execute(ThrowableCollector.java:73)
	at org.junit.platform.engine.support.hierarchical.NodeTestTask.executeRecursively(NodeTestTask.java:144)
	at org.junit.platform.engine.support.hierarchical.NodeTestTask.execute(NodeTestTask.java:101)
	at java.base/java.util.ArrayList.forEach(ArrayList.java:1604)
	at org.junit.platform.engine.support.hierarchical.SameThreadHierarchicalTestExecutorService.invokeAll(SameThreadHierarchicalTestExecutorService.java:41)
	at org.junit.platform.engine.support.hierarchical.NodeTestTask.lambda$executeRecursively$6(NodeTestTask.java:161)
	at org.junit.platform.engine.support.hierarchical.ThrowableCollector.execute(ThrowableCollector.java:73)
	at org.junit.platform.engine.support.hierarchical.NodeTestTask.lambda$executeRecursively$8(NodeTestTask.java:147)
	at org.junit.platform.engine.support.hierarchical.Node.around(Node.java:137)
	at org.junit.platform.engine.support.hierarchical.NodeTestTask.lambda$executeRecursively$9(NodeTestTask.java:145)
	at org.junit.platform.engine.support.hierarchical.ThrowableCollector.execute(ThrowableCollector.java:73)
	at org.junit.platform.engine.support.hierarchical.NodeTestTask.executeRecursively(NodeTestTask.java:144)
	at org.junit.platform.engine.support.hierarchical.NodeTestTask.execute(NodeTestTask.java:101)
	at java.base/java.util.ArrayList.forEach(ArrayList.java:1604)
	at org.junit.platform.engine.support.hierarchical.SameThreadHierarchicalTestExecutorService.invokeAll(SameThreadHierarchicalTestExecutorService.java:41)
	at org.junit.platform.engine.support.hierarchical.NodeTestTask.lambda$executeRecursively$6(NodeTestTask.java:161)
	at org.junit.platform.engine.support.hierarchical.ThrowableCollector.execute(ThrowableCollector.java:73)
	at org.junit.platform.engine.support.hierarchical.NodeTestTask.lambda$executeRecursively$8(NodeTestTask.java:147)
	at org.junit.platform.engine.support.hierarchical.Node.around(Node.java:137)
	at org.junit.platform.engine.support.hierarchical.NodeTestTask.lambda$executeRecursively$9(NodeTestTask.java:145)
	at org.junit.platform.engine.support.hierarchical.ThrowableCollector.execute(ThrowableCollector.java:73)
	at org.junit.platform.engine.support.hierarchical.NodeTestTask.executeRecursively(NodeTestTask.java:144)
	at org.junit.platform.engine.support.hierarchical.NodeTestTask.execute(NodeTestTask.java:101)
	at org.junit.platform.engine.support.hierarchical.SameThreadHierarchicalTestExecutorService.submit(SameThreadHierarchicalTestExecutorService.java:35)
	at org.junit.platform.engine.support.hierarchical.HierarchicalTestExecutor.execute(HierarchicalTestExecutor.java:57)
	at org.junit.platform.engine.support.hierarchical.HierarchicalTestEngine.execute(HierarchicalTestEngine.java:54)
	at org.junit.platform.launcher.core.EngineExecutionOrchestrator.executeEngine(EngineExecutionOrchestrator.java:230)
	at org.junit.platform.launcher.core.EngineExecutionOrchestrator.failOrExecuteEngine(EngineExecutionOrchestrator.java:204)
	at org.junit.platform.launcher.core.EngineExecutionOrchestrator.execute(EngineExecutionOrchestrator.java:172)
	at org.junit.platform.launcher.core.EngineExecutionOrchestrator.execute(EngineExecutionOrchestrator.java:101)
	at org.junit.platform.launcher.core.EngineExecutionOrchestrator.lambda$execute$0(EngineExecutionOrchestrator.java:64)
	at org.junit.platform.launcher.core.EngineExecutionOrchestrator.withInterceptedStreams(EngineExecutionOrchestrator.java:150)
	at org.junit.platform.launcher.core.EngineExecutionOrchestrator.execute(EngineExecutionOrchestrator.java:63)
	at org.junit.platform.launcher.core.DefaultLauncher.execute(DefaultLauncher.java:109)
	at org.junit.platform.launcher.core.DefaultLauncher.execute(DefaultLauncher.java:91)
	at org.junit.platform.launcher.core.DelegatingLauncher.execute(DelegatingLauncher.java:47)
	at org.junit.platform.launcher.core.InterceptingLauncher.lambda$execute$1(InterceptingLauncher.java:39)
	at org.junit.platform.launcher.core.ClasspathAlignmentCheckingLauncherInterceptor.intercept(ClasspathAlignmentCheckingLauncherInterceptor.java:25)
	at org.junit.platform.launcher.core.InterceptingLauncher.execute(InterceptingLauncher.java:38)
	at org.junit.platform.launcher.core.DelegatingLauncher.execute(DelegatingLauncher.java:47)
	at org.apache.maven.surefire.junitplatform.LazyLauncher.execute(LazyLauncher.java:56)
	at org.apache.maven.surefire.junitplatform.JUnitPlatformProvider.execute(JUnitPlatformProvider.java:194)
	at org.apache.maven.surefire.junitplatform.JUnitPlatformProvider.invokeAllTests(JUnitPlatformProvider.java:150)
	at org.apache.maven.surefire.junitplatform.JUnitPlatformProvider.invoke(JUnitPlatformProvider.java:124)
	at org.apache.maven.surefire.booter.ForkedBooter.runSuitesInProcess(ForkedBooter.java:385)
	at org.apache.maven.surefire.booter.ForkedBooter.execute(ForkedBooter.java:162)
	at org.apache.maven.surefire.booter.ForkedBooter.run(ForkedBooter.java:507)
	at org.apache.maven.surefire.booter.ForkedBooter.main(ForkedBooter.java:495)
{"code":"A001","name":"测试"}
{"model":{"age":30,"rowIndex":1},"sampleNum":"22B00123"}
{"test":"2017-11-17T00:00:00+08:00"}
{"test":"2017-11-17T00:00:00+08:00"}
[{"map3":["list0","list1"]},{"map2":["list0","list1"]},{"map1":["list0","list1"]},{"map0":["list0","list1"]},{"map7":["list0","list1"]},{"map6":["list0","list1"]},{"map5":["list0","list1"]},{"map4":["list0","list1"]},{"map9":["list0","list1"]},{"map8":["list0","list1"]}]
[map3=[list0, list1], map2=[list0, list1], map1=[list0, list1], map0=[list0, list1], map7=[list0, list1], map6=[list0, list1], map5=[list0, list1], map4=[list0, list1], map9=[list0, list1], map8=[list0, list1]]
{"@type":"com.alibaba.fastjson2.v1issues.issue_1500.Issue1556$ApiResult","code":0,"data":{"@type":"com.alibaba.fastjson2.v1issues.issue_1500.Issue1556$ClassForData","dataName":"dataname","first":{"addr":"It is addr","commonInfo":{"demoDate":"2026-10-07 00:33:04.657"}},"second":{"commonInfo":{"demoDate":"2026-10-07 00:33:04.657"},"name":"It is name"}},"msg":"Success"}
{"@type":"com.alibaba.fastjson2.v1issues.issue_1500.Issue1556$ApiResult","code":0,"data":{"@type":"com.alibaba.fastjson2.v1issues.issue_1500.Issue1556$ClassForData","dataName":"dataname","first":{"addr":"It is addr","commonInfo":{"demoDate":"2026-10-07 00:33:04.657"}},"second":{"commonInfo":{"demoDate":"2026-10-07 00:33:04.657"},"name":"It is name"}},"msg":"Success"}
WARNING: Use of the three-letter time zone ID "HST" is deprecated and it will be removed in a future release
WARNING: Use of the three-letter time zone ID "NST" is deprecated and it will be removed in a future release
WARNING: Use of the three-letter time zone ID "AST" is deprecated and it will be removed in a future release
WARNING: Use of the three-letter time zone ID "MST" is deprecated and it will be removed in a future release
WARNING: Use of the three-letter time zone ID "SST" is deprecated and it will be removed in a future release
WARNING: Use of the three-letter time zone ID "CTT" is deprecated and it will be removed in a future release
WARNING: Use of the three-letter time zone ID "PRT" is deprecated and it will be removed in a future release
WARNING: Use of the three-letter time zone ID "ECT" is deprecated and it will be removed in a future release
WARNING: Use of the three-letter time zone ID "EAT" is deprecated and it will be removed in a future release
WARNING: Use of the three-letter time zone ID "EST" is deprecated and it will be removed in a future release
WARNING: Use of the three-letter time zone ID "PNT" is deprecated and it will be removed in a future release
WARNING: Use of the three-letter time zone ID "PLT" is deprecated and it will be removed in a future release
WARNING: Use of the three-letter time zone ID "CNT" is deprecated and it will be removed in a future release
WARNING: Use of the three-letter time zone ID "IET" is deprecated and it will be removed in a future release
WARNING: Use of the three-letter time zone ID "VST" is deprecated and it will be removed in a future release
WARNING: Use of the three-letter time zone ID "JST" is deprecated and it will be removed in a future release
WARNING: Use of the three-letter time zone ID "ART" is deprecated and it will be removed in a future release
WARNING: Use of the three-letter time zone ID "PST" is deprecated and it will be removed in a future release
WARNING: Use of the three-letter time zone ID "BET" is deprecated and it will be removed in a future release
WARNING: Use of the three-letter time zone ID "MIT" is deprecated and it will be removed in a future release
WARNING: Use of the three-letter time zone ID "CAT" is deprecated and it will be removed in a future release
WARNING: Use of the three-letter time zone ID "AGT" is deprecated and it will be removed in a future release
WARNING: Use of the three-letter time zone ID "NET" is deprecated and it will be removed in a future release
WARNING: Use of the three-letter time zone ID "CST" is deprecated and it will be removed in a future release
WARNING: Use of the three-letter time zone ID "IST" is deprecated and it will be removed in a future release
WARNING: Use of the three-letter time zone ID "AET" is deprecated and it will be removed in a future release
WARNING: Use of the three-letter time zone ID "BST" is deprecated and it will be removed in a future release
WARNING: Use of the three-letter time zone ID "ACT" is deprecated and it will be removed in a future release
WARNING: Use of the three-letter time zone ID "HST" is deprecated and it will be removed in a future release
WARNING: Use of the three-letter time zone ID "NST" is deprecated and it will be removed in a future release
WARNING: Use of the three-letter time zone ID "AST" is deprecated and it will be removed in a future release
WARNING: Use of the three-letter time zone ID "MST" is deprecated and it will be removed in a future release
WARNING: Use of the three-letter time zone ID "SST" is deprecated and it will be removed in a future release
WARNING: Use of the three-letter time zone ID "CTT" is deprecated and it will be removed in a future release
WARNING: Use of the three-letter time zone ID "PRT" is deprecated and it will be removed in a future release
WARNING: Use of the three-letter time zone ID "ECT" is deprecated and it will be removed in a future release
WARNING: Use of the three-letter time zone ID "EAT" is deprecated and it will be removed in a future release
WARNING: Use of the three-letter time zone ID "EST" is deprecated and it will be removed in a future release
WARNING: Use of the three-letter time zone ID "PNT" is deprecated and it will be removed in a future release
WARNING: Use of the three-letter time zone ID "PLT" is deprecated and it will be removed in a future release
WARNING: Use of the three-letter time zone ID "CNT" is deprecated and it will be removed in a future release
WARNING: Use of the three-letter time zone ID "IET" is deprecated and it will be removed in a future release
WARNING: Use of the three-letter time zone ID "VST" is deprecated and it will be removed in a future release
WARNING: Use of the three-letter time zone ID "JST" is deprecated and it will be removed in a future release
WARNING: Use of the three-letter time zone ID "ART" is deprecated and it will be removed in a future release
WARNING: Use of the three-letter time zone ID "PST" is deprecated and it will be removed in a future release
WARNING: Use of the three-letter time zone ID "BET" is deprecated and it will be removed in a future release
WARNING: Use of the three-letter time zone ID "MIT" is deprecated and it will be removed in a future release
WARNING: Use of the three-letter time zone ID "CAT" is deprecated and it will be removed in a future release
WARNING: Use of the three-letter time zone ID "AGT" is deprecated and it will be removed in a future release
WARNING: Use of the three-letter time zone ID "NET" is deprecated and it will be removed in a future release
WARNING: Use of the three-letter time zone ID "CST" is deprecated and it will be removed in a future release
WARNING: Use of the three-letter time zone ID "IST" is deprecated and it will be removed in a future release
WARNING: Use of the three-letter time zone ID "AET" is deprecated and it will be removed in a future release
WARNING: Use of the three-letter time zone ID "BST" is deprecated and it will be removed in a future release
WARNING: Use of the three-letter time zone ID "ACT" is deprecated and it will be removed in a future release
您的预约已经超时
[{"x":"y"},{"x":"y"}]
{"models":[{"x":"y"},{"x":"y"}]}
{"a":{"x":"y"},"b":{"x":"y"}}
{"a":{"x":"y"},"b":{"x":"y"}}
com.alibaba.fastjson2.JSONException: parse enum error, class com.alibaba.fastjson2.v1issues.issue_2000.Issue2065$EnumClass, getCode 0, offset 10, character }, line 1, column 10, fastjson-version 2.0.64 {"code":0}
	at com.alibaba.fastjson2.reader.ObjectReaderImplEnum.readObject(ObjectReaderImplEnum.java:254)
	at com.alibaba.fastjson2.reader.ORG_2176_1_Model.readObject(Unknown Source)
	at com.alibaba.fastjson2.JSON.parseObject(JSON.java:1299)
	at com.alibaba.fastjson2.v1issues.issue_2000.Issue2065.test_for_issue(Issue2065.java:20)
	at java.base/jdk.internal.reflect.DirectMethodHandleAccessor.invoke(DirectMethodHandleAccessor.java:104)
	at java.base/java.lang.reflect.Method.invoke(Method.java:565)
	at org.junit.platform.commons.util.ReflectionUtils.invokeMethod(ReflectionUtils.java:787)
	at org.junit.platform.commons.support.ReflectionSupport.invokeMethod(ReflectionSupport.java:478)
	at org.junit.jupiter.engine.execution.MethodInvocation.proceed(MethodInvocation.java:60)
	at org.junit.jupiter.engine.execution.InvocationInterceptorChain$ValidatingInvocation.proceed(InvocationInterceptorChain.java:131)
	at org.junit.jupiter.engine.extension.TimeoutExtension.intercept(TimeoutExtension.java:161)
	at org.junit.jupiter.engine.extension.TimeoutExtension.interceptTestableMethod(TimeoutExtension.java:152)
	at org.junit.jupiter.engine.extension.TimeoutExtension.interceptTestMethod(TimeoutExtension.java:91)
	at org.junit.jupiter.engine.execution.InterceptingExecutableInvoker$ReflectiveInterceptorCall.lambda$ofVoidMethod$0(InterceptingExecutableInvoker.java:112)
	at org.junit.jupiter.engine.execution.InterceptingExecutableInvoker.lambda$invoke$0(InterceptingExecutableInvoker.java:94)
	at org.junit.jupiter.engine.execution.InvocationInterceptorChain$InterceptedInvocation.proceed(InvocationInterceptorChain.java:106)
	at org.junit.jupiter.engine.execution.InvocationInterceptorChain.proceed(InvocationInterceptorChain.java:64)
	at org.junit.jupiter.engine.execution.InvocationInterceptorChain.chainAndInvoke(InvocationInterceptorChain.java:45)
	at org.junit.jupiter.engine.execution.InvocationInterceptorChain.invoke(InvocationInterceptorChain.java:37)
	at org.junit.jupiter.engine.execution.InterceptingExecutableInvoker.invoke(InterceptingExecutableInvoker.java:93)
	at org.junit.jupiter.engine.execution.InterceptingExecutableInvoker.invoke(InterceptingExecutableInvoker.java:87)
	at org.junit.jupiter.engine.descriptor.TestMethodTestDescriptor.lambda$invokeTestMethod$4(TestMethodTestDescriptor.java:221)
	at org.junit.platform.engine.support.hierarchical.ThrowableCollector.execute(ThrowableCollector.java:73)
	at org.junit.jupiter.engine.descriptor.TestMethodTestDescriptor.invokeTestMethod(TestMethodTestDescriptor.java:217)
	at org.junit.jupiter.engine.descriptor.TestMethodTestDescriptor.execute(TestMethodTestDescriptor.java:159)
	at org.junit.jupiter.engine.descriptor.TestMethodTestDescriptor.execute(TestMethodTestDescriptor.java:70)
	at org.junit.platform.engine.support.hierarchical.NodeTestTask.lambda$executeRecursively$6(NodeTestTask.java:157)
	at org.junit.platform.engine.support.hierarchical.ThrowableCollector.execute(ThrowableCollector.java:73)
	at org.junit.platform.engine.support.hierarchical.NodeTestTask.lambda$executeRecursively$8(NodeTestTask.java:147)
	at org.junit.platform.engine.support.hierarchical.Node.around(Node.java:137)
	at org.junit.platform.engine.support.hierarchical.NodeTestTask.lambda$executeRecursively$9(NodeTestTask.java:145)
	at org.junit.platform.engine.support.hierarchical.ThrowableCollector.execute(ThrowableCollector.java:73)
	at org.junit.platform.engine.support.hierarchical.NodeTestTask.executeRecursively(NodeTestTask.java:144)
	at org.junit.platform.engine.support.hierarchical.NodeTestTask.execute(NodeTestTask.java:101)
	at java.base/java.util.ArrayList.forEach(ArrayList.java:1604)
	at org.junit.platform.engine.support.hierarchical.SameThreadHierarchicalTestExecutorService.invokeAll(SameThreadHierarchicalTestExecutorService.java:41)
	at org.junit.platform.engine.support.hierarchical.NodeTestTask.lambda$executeRecursively$6(NodeTestTask.java:161)
	at org.junit.platform.engine.support.hierarchical.ThrowableCollector.execute(ThrowableCollector.java:73)
	at org.junit.platform.engine.support.hierarchical.NodeTestTask.lambda$executeRecursively$8(NodeTestTask.java:147)
	at org.junit.platform.engine.support.hierarchical.Node.around(Node.java:137)
	at org.junit.platform.engine.support.hierarchical.NodeTestTask.lambda$executeRecursively$9(NodeTestTask.java:145)
	at org.junit.platform.engine.support.hierarchical.ThrowableCollector.execute(ThrowableCollector.java:73)
	at org.junit.platform.engine.support.hierarchical.NodeTestTask.executeRecursively(NodeTestTask.java:144)
	at org.junit.platform.engine.support.hierarchical.NodeTestTask.execute(NodeTestTask.java:101)
	at java.base/java.util.ArrayList.forEach(ArrayList.java:1604)
	at org.junit.platform.engine.support.hierarchical.SameThreadHierarchicalTestExecutorService.invokeAll(SameThreadHierarchicalTestExecutorService.java:41)
	at org.junit.platform.engine.support.hierarchical.NodeTestTask.lambda$executeRecursively$6(NodeTestTask.java:161)
	at org.junit.platform.engine.support.hierarchical.ThrowableCollector.execute(ThrowableCollector.java:73)
	at org.junit.platform.engine.support.hierarchical.NodeTestTask.lambda$executeRecursively$8(NodeTestTask.java:147)
	at org.junit.platform.engine.support.hierarchical.Node.around(Node.java:137)
	at org.junit.platform.engine.support.hierarchical.NodeTestTask.lambda$executeRecursively$9(NodeTestTask.java:145)
	at org.junit.platform.engine.support.hierarchical.ThrowableCollector.execute(ThrowableCollector.java:73)
	at org.junit.platform.engine.support.hierarchical.NodeTestTask.executeRecursively(NodeTestTask.java:144)
	at org.junit.platform.engine.support.hierarchical.NodeTestTask.execute(NodeTestTask.java:101)
	at org.junit.platform.engine.support.hierarchical.SameThreadHierarchicalTestExecutorService.submit(SameThreadHierarchicalTestExecutorService.java:35)
	at org.junit.platform.engine.support.hierarchical.HierarchicalTestExecutor.execute(HierarchicalTestExecutor.java:57)
	at org.junit.platform.engine.support.hierarchical.HierarchicalTestEngine.execute(HierarchicalTestEngine.java:54)
	at org.junit.platform.launcher.core.EngineExecutionOrchestrator.executeEngine(EngineExecutionOrchestrator.java:230)
	at org.junit.platform.launcher.core.EngineExecutionOrchestrator.failOrExecuteEngine(EngineExecutionOrchestrator.java:204)
	at org.junit.platform.launcher.core.EngineExecutionOrchestrator.execute(EngineExecutionOrchestrator.java:172)
	at org.junit.platform.launcher.core.EngineExecutionOrchestrator.execute(EngineExecutionOrchestrator.java:101)
	at org.junit.platform.launcher.core.EngineExecutionOrchestrator.lambda$execute$0(EngineExecutionOrchestrator.java:64)
	at org.junit.platform.launcher.core.EngineExecutionOrchestrator.withInterceptedStreams(EngineExecutionOrchestrator.java:150)
	at org.junit.platform.launcher.core.EngineExecutionOrchestrator.execute(EngineExecutionOrchestrator.java:63)
	at org.junit.platform.launcher.core.DefaultLauncher.execute(DefaultLauncher.java:109)
	at org.junit.platform.launcher.core.DefaultLauncher.execute(DefaultLauncher.java:91)
	at org.junit.platform.launcher.core.DelegatingLauncher.execute(DelegatingLauncher.java:47)
	at org.junit.platform.launcher.core.InterceptingLauncher.lambda$execute$1(InterceptingLauncher.java:39)
	at org.junit.platform.launcher.core.ClasspathAlignmentCheckingLauncherInterceptor.intercept(ClasspathAlignmentCheckingLauncherInterceptor.java:25)
	at org.junit.platform.launcher.core.InterceptingLauncher.execute(InterceptingLauncher.java:38)
	at org.junit.platform.launcher.core.DelegatingLauncher.execute(DelegatingLauncher.java:47)
	at org.apache.maven.surefire.junitplatform.LazyLauncher.execute(LazyLauncher.java:56)
	at org.apache.maven.surefire.junitplatform.JUnitPlatformProvider.execute(JUnitPlatformProvider.java:194)
	at org.apache.maven.surefire.junitplatform.JUnitPlatformProvider.invokeAllTests(JUnitPlatformProvider.java:150)
	at org.apache.maven.surefire.junitplatform.JUnitPlatformProvider.invoke(JUnitPlatformProvider.java:124)
	at org.apache.maven.surefire.booter.ForkedBooter.runSuitesInProcess(ForkedBooter.java:385)
	at org.apache.maven.surefire.booter.ForkedBooter.execute(ForkedBooter.java:162)
	at org.apache.maven.surefire.booter.ForkedBooter.run(ForkedBooter.java:507)
	at org.apache.maven.surefire.booter.ForkedBooter.main(ForkedBooter.java:495)
{"value":10}
fastjson eval: [{"name":"level3","field":"leve3Field","body":{"name":"level4","field":"leve4Field"}}]
com.alibaba.fastjson2.v1issues.issue_1600.issue_1699.obj.RatingDetailBO@76c944ce
{"data":"","data2":"","data3":"","data4":"","data5":"","data6":"","data7":"","data8":"","data9":""}
{"data":"","data2":"","data3":"","data4":"","data5":"","data6":"","data7":"","data8":"","data9":""}
setter not found, class com.alibaba.fastjson2.v1issues.issue_1200.Issue1271$A, property b
setter not found, class com.alibaba.fastjson2.v1issues.issue_1200.Issue1271$B, property b
setter not found, class com.alibaba.fastjson2.v1issues.issue_1200.Issue1271$A, property b
setter not found, class com.alibaba.fastjson2.v1issues.issue_1200.Issue1271$B, property b
name=id,value=1
name=name,value=name
{"id":1,"nt":"name"}
{}
{"ab":{}}
{"ab":{}}
{"_parentId":"001"}
{"_parentId":"001"}
{"name":"b","value":{"name":"a","value":1},"value1":{"a":{"name":"a","value":1}}}
{"name":"b","value":{"a":{"name":"a","value":1}},"value1":{"name":"a","value":1}}
DataSimpleVO [name=b, value={"a":{"name":"a","value":1}}, value1={"name":"a","value":1}]
{"a":1,"b":"b","bars":{"c":3}}
{"@type":"com.alibaba.fastjson2.v1issues.issue_1300.Issue1319$MyTest","myEnum":"Test1","value":1}
{"myEnum":"Test1","value":1}
com.alibaba.fastjson2.v1issues.issue_1300.Issue1357$Test2Bean@3c5c64d6
{"@type":"com.alibaba.fastjson2.v1issues.issue_1300.Issue1319C$MyTest","myEnum":"Test1","value":1}
{"myEnum":"Test1","value":1}
before：Data : aaa
{"stackTrace":[{"fileName":"Issue1344.java","lineNumber":16,"className":"com.alibaba.fastjson2.v1issues.issue_1300.Issue1344","methodName":"test_for_issue"},{"fileName":"DirectMethodHandleAccessor.java","lineNumber":104,"className":"jdk.internal.reflect.DirectMethodHandleAccessor","methodName":"invoke"},{"fileName":"Method.java","lineNumber":565,"className":"java.lang.reflect.Method","methodName":"invoke"},{"fileName":"ReflectionUtils.java","lineNumber":787,"className":"org.junit.platform.commons.util.ReflectionUtils","methodName":"invokeMethod"},{"fileName":"ReflectionSupport.java","lineNumber":478,"className":"org.junit.platform.commons.support.ReflectionSupport","methodName":"invokeMethod"},{"fileName":"MethodInvocation.java","lineNumber":60,"className":"org.junit.jupiter.engine.execution.MethodInvocation","methodName":"proceed"},{"fileName":"InvocationInterceptorChain.java","lineNumber":131,"className":"org.junit.jupiter.engine.execution.InvocationInterceptorChain$ValidatingInvocation","methodName":"proceed"},{"fileName":"TimeoutExtension.java","lineNumber":161,"className":"org.junit.jupiter.engine.extension.TimeoutExtension","methodName":"intercept"},{"fileName":"TimeoutExtension.java","lineNumber":152,"className":"org.junit.jupiter.engine.extension.TimeoutExtension","methodName":"interceptTestableMethod"},{"fileName":"TimeoutExtension.java","lineNumber":91,"className":"org.junit.jupiter.engine.extension.TimeoutExtension","methodName":"interceptTestMethod"},{"fileName":"InterceptingExecutableInvoker.java","lineNumber":112,"className":"org.junit.jupiter.engine.execution.InterceptingExecutableInvoker$ReflectiveInterceptorCall","methodName":"lambda$ofVoidMethod$0"},{"fileName":"InterceptingExecutableInvoker.java","lineNumber":94,"className":"org.junit.jupiter.engine.execution.InterceptingExecutableInvoker","methodName":"lambda$invoke$0"},{"fileName":"InvocationInterceptorChain.java","lineNumber":106,"className":"org.junit.jupiter.engine.execution.InvocationInterceptorChain$InterceptedInvocation","methodName":"proceed"},{"fileName":"InvocationInterceptorChain.java","lineNumber":64,"className":"org.junit.jupiter.engine.execution.InvocationInterceptorChain","methodName":"proceed"},{"fileName":"InvocationInterceptorChain.java","lineNumber":45,"className":"org.junit.jupiter.engine.execution.InvocationInterceptorChain","methodName":"chainAndInvoke"},{"fileName":"InvocationInterceptorChain.java","lineNumber":37,"className":"org.junit.jupiter.engine.execution.InvocationInterceptorChain","methodName":"invoke"},{"fileName":"InterceptingExecutableInvoker.java","lineNumber":93,"className":"org.junit.jupiter.engine.execution.InterceptingExecutableInvoker","methodName":"invoke"},{"fileName":"InterceptingExecutableInvoker.java","lineNumber":87,"className":"org.junit.jupiter.engine.execution.InterceptingExecutableInvoker","methodName":"invoke"},{"fileName":"TestMethodTestDescriptor.java","lineNumber":221,"className":"org.junit.jupiter.engine.descriptor.TestMethodTestDescriptor","methodName":"lambda$invokeTestMethod$4"},{"fileName":"ThrowableCollector.java","lineNumber":73,"className":"org.junit.platform.engine.support.hierarchical.ThrowableCollector","methodName":"execute"},{"fileName":"TestMethodTestDescriptor.java","lineNumber":217,"className":"org.junit.jupiter.engine.descriptor.TestMethodTestDescriptor","methodName":"invokeTestMethod"},{"fileName":"TestMethodTestDescriptor.java","lineNumber":159,"className":"org.junit.jupiter.engine.descriptor.TestMethodTestDescriptor","methodName":"execute"},{"fileName":"TestMethodTestDescriptor.java","lineNumber":70,"className":"org.junit.jupiter.engine.descriptor.TestMethodTestDescriptor","methodName":"execute"},{"fileName":"NodeTestTask.java","lineNumber":157,"className":"org.junit.platform.engine.support.hierarchical.NodeTestTask","methodName":"lambda$executeRecursively$6"},{"fileName":"ThrowableCollector.java","lineNumber":73,"className":"org.junit.platform.engine.support.hierarchical.ThrowableCollector","methodName":"execute"},{"fileName":"NodeTestTask.java","lineNumber":147,"className":"org.junit.platform.engine.support.hierarchical.NodeTestTask","methodName":"lambda$executeRecursively$8"},{"fileName":"Node.java","lineNumber":137,"className":"org.junit.platform.engine.support.hierarchical.Node","methodName":"around"},{"fileName":"NodeTestTask.java","lineNumber":145,"className":"org.junit.platform.engine.support.hierarchical.NodeTestTask","methodName":"lambda$executeRecursively$9"},{"fileName":"ThrowableCollector.java","lineNumber":73,"className":"org.junit.platform.engine.support.hierarchical.ThrowableCollector","methodName":"execute"},{"fileName":"NodeTestTask.java","lineNumber":144,"className":"org.junit.platform.engine.support.hierarchical.NodeTestTask","methodName":"executeRecursively"},{"fileName":"NodeTestTask.java","lineNumber":101,"className":"org.junit.platform.engine.support.hierarchical.NodeTestTask","methodName":"execute"},{"fileName":"ArrayList.java","lineNumber":1604,"className":"java.util.ArrayList","methodName":"forEach"},{"fileName":"SameThreadHierarchicalTestExecutorService.java","lineNumber":41,"className":"org.junit.platform.engine.support.hierarchical.SameThreadHierarchicalTestExecutorService","methodName":"invokeAll"},{"fileName":"NodeTestTask.java","lineNumber":161,"className":"org.junit.platform.engine.support.hierarchical.NodeTestTask","methodName":"lambda$executeRecursively$6"},{"fileName":"ThrowableCollector.java","lineNumber":73,"className":"org.junit.platform.engine.support.hierarchical.ThrowableCollector","methodName":"execute"},{"fileName":"NodeTestTask.java","lineNumber":147,"className":"org.junit.platform.engine.support.hierarchical.NodeTestTask","methodName":"lambda$executeRecursively$8"},{"fileName":"Node.java","lineNumber":137,"className":"org.junit.platform.engine.support.hierarchical.Node","methodName":"around"},{"fileName":"NodeTestTask.java","lineNumber":145,"className":"org.junit.platform.engine.support.hierarchical.NodeTestTask","methodName":"lambda$executeRecursively$9"},{"fileName":"ThrowableCollector.java","lineNumber":73,"className":"org.junit.platform.engine.support.hierarchical.ThrowableCollector","methodName":"execute"},{"fileName":"NodeTestTask.java","lineNumber":144,"className":"org.junit.platform.engine.support.hierarchical.NodeTestTask","methodName":"executeRecursively"},{"fileName":"NodeTestTask.java","lineNumber":101,"className":"org.junit.platform.engine.support.hierarchical.NodeTestTask","methodName":"execute"},{"fileName":"ArrayList.java","lineNumber":1604,"className":"java.util.ArrayList","methodName":"forEach"},{"fileName":"SameThreadHierarchicalTestExecutorService.java","lineNumber":41,"className":"org.junit.platform.engine.support.hierarchical.SameThreadHierarchicalTestExecutorService","methodName":"invokeAll"},{"fileName":"NodeTestTask.java","lineNumber":161,"className":"org.junit.platform.engine.support.hierarchical.NodeTestTask","methodName":"lambda$executeRecursively$6"},{"fileName":"ThrowableCollector.java","lineNumber":73,"className":"org.junit.platform.engine.support.hierarchical.ThrowableCollector","methodName":"execute"},{"fileName":"NodeTestTask.java","lineNumber":147,"className":"org.junit.platform.engine.support.hierarchical.NodeTestTask","methodName":"lambda$executeRecursively$8"},{"fileName":"Node.java","lineNumber":137,"className":"org.junit.platform.engine.support.hierarchical.Node","methodName":"around"},{"fileName":"NodeTestTask.java","lineNumber":145,"className":"org.junit.platform.engine.support.hierarchical.NodeTestTask","methodName":"lambda$executeRecursively$9"},{"fileName":"ThrowableCollector.java","lineNumber":73,"className":"org.junit.platform.engine.support.hierarchical.ThrowableCollector","methodName":"execute"},{"fileName":"NodeTestTask.java","lineNumber":144,"className":"org.junit.platform.engine.support.hierarchical.NodeTestTask","methodName":"executeRecursively"},{"fileName":"NodeTestTask.java","lineNumber":101,"className":"org.junit.platform.engine.support.hierarchical.NodeTestTask","methodName":"execute"},{"fileName":"SameThreadHierarchicalTestExecutorService.java","lineNumber":35,"className":"org.junit.platform.engine.support.hierarchical.SameThreadHierarchicalTestExecutorService","methodName":"submit"},{"fileName":"HierarchicalTestExecutor.java","lineNumber":57,"className":"org.junit.platform.engine.support.hierarchical.HierarchicalTestExecutor","methodName":"execute"},{"fileName":"HierarchicalTestEngine.java","lineNumber":54,"className":"org.junit.platform.engine.support.hierarchical.HierarchicalTestEngine","methodName":"execute"},{"fileName":"EngineExecutionOrchestrator.java","lineNumber":230,"className":"org.junit.platform.launcher.core.EngineExecutionOrchestrator","methodName":"executeEngine"},{"fileName":"EngineExecutionOrchestrator.java","lineNumber":204,"className":"org.junit.platform.launcher.core.EngineExecutionOrchestrator","methodName":"failOrExecuteEngine"},{"fileName":"EngineExecutionOrchestrator.java","lineNumber":172,"className":"org.junit.platform.launcher.core.EngineExecutionOrchestrator","methodName":"execute"},{"fileName":"EngineExecutionOrchestrator.java","lineNumber":101,"className":"org.junit.platform.launcher.core.EngineExecutionOrchestrator","methodName":"execute"},{"fileName":"EngineExecutionOrchestrator.java","lineNumber":64,"className":"org.junit.platform.launcher.core.EngineExecutionOrchestrator","methodName":"lambda$execute$0"},{"fileName":"EngineExecutionOrchestrator.java","lineNumber":150,"className":"org.junit.platform.launcher.core.EngineExecutionOrchestrator","methodName":"withInterceptedStreams"},{"fileName":"EngineExecutionOrchestrator.java","lineNumber":63,"className":"org.junit.platform.launcher.core.EngineExecutionOrchestrator","methodName":"execute"},{"fileName":"DefaultLauncher.java","lineNumber":109,"className":"org.junit.platform.launcher.core.DefaultLauncher","methodName":"execute"},{"fileName":"DefaultLauncher.java","lineNumber":91,"className":"org.junit.platform.launcher.core.DefaultLauncher","methodName":"execute"},{"fileName":"DelegatingLauncher.java","lineNumber":47,"className":"org.junit.platform.launcher.core.DelegatingLauncher","methodName":"execute"},{"fileName":"InterceptingLauncher.java","lineNumber":39,"className":"org.junit.platform.launcher.core.InterceptingLauncher","methodName":"lambda$execute$1"},{"fileName":"ClasspathAlignmentCheckingLauncherInterceptor.java","lineNumber":25,"className":"org.junit.platform.launcher.core.ClasspathAlignmentCheckingLauncherInterceptor","methodName":"intercept"},{"fileName":"InterceptingLauncher.java","lineNumber":38,"className":"org.junit.platform.launcher.core.InterceptingLauncher","methodName":"execute"},{"fileName":"DelegatingLauncher.java","lineNumber":47,"className":"org.junit.platform.launcher.core.DelegatingLauncher","methodName":"execute"},{"fileName":"LazyLauncher.java","lineNumber":56,"className":"org.apache.maven.surefire.junitplatform.LazyLauncher","methodName":"execute"},{"fileName":"JUnitPlatformProvider.java","lineNumber":194,"className":"org.apache.maven.surefire.junitplatform.JUnitPlatformProvider","methodName":"execute"},{"fileName":"JUnitPlatformProvider.java","lineNumber":150,"className":"org.apache.maven.surefire.junitplatform.JUnitPlatformProvider","methodName":"invokeAllTests"},{"fileName":"JUnitPlatformProvider.java","lineNumber":124,"className":"org.apache.maven.surefire.junitplatform.JUnitPlatformProvider","methodName":"invoke"},{"fileName":"ForkedBooter.java","lineNumber":385,"className":"org.apache.maven.surefire.booter.ForkedBooter","methodName":"runSuitesInProcess"},{"fileName":"ForkedBooter.java","lineNumber":162,"className":"org.apache.maven.surefire.booter.ForkedBooter","methodName":"execute"},{"fileName":"ForkedBooter.java","lineNumber":507,"className":"org.apache.maven.surefire.booter.ForkedBooter","methodName":"run"},{"fileName":"ForkedBooter.java","lineNumber":495,"className":"org.apache.maven.surefire.booter.ForkedBooter","methodName":"main"}],"message":"Data : aaa","suppressed":[],"localizedMessage":"Data : aaa"}
after：null
{"aBoolean":false,"aByte":0,"aChar":"\u0000","aDouble":0.0,"aFloat":0.0,"aLong":0,"aShort":0,"anInt":0}
{"aBoolean":true,"aBoolean2":false,"aByte":8,"aByte2":9,"aChar":"J","aDouble":88.88,"aDouble2":99.99,"aFloat":8.8,"aFloat2":9.9,"aLong":8888,"aLong2":9999,"aShort":88,"aShort2":99,"anInt":888,"character":"C","integer":999,"string":"test"}
{"is_judge":true}
{
	"@type":"com.alibaba.fastjson2.hsf.VeryComplexDO#0",
	"@value":{
		"fshort":4,
		"pBaseDO":{},
		"pbyte":5,
		"pdouble":6.6,
		"pfloat":7.7,
		"pint":8,
		"plong":9
	}
}
{
	"@type":"com.alibaba.fastjson2.hsf.VeryComplexDO#0",
	"@value":{
		"fshort":2,
		"pBaseDO":{},
		"pbyte":3,
		"pdouble":9999.9999,
		"pfloat":1.2,
		"pint":69,
		"plist":{
			"@type":"A#1",
			"@value":[
				"taobao",
				"java",
				"linux"
			]
		},
		"plong":56,
		"plongArray":[
			1,
			2,
			3,
			4,
			5,
			6
		]
	}
}
123456789012345678901234567890123456789012345678901234567890
Issue1168.Wrapper(inner=Issue1168.Inner(id=1))
com.alibaba.fastjson2.issues_1000.Issue1457$Test2@2ccb0929
{
	"@type":"java.util.Collections$SynchronizedMap"
}
{
	"@type":"java.util.Collections$SynchronizedSet",
	"@value":[
		1,
		2,
		3
	]
}
{
	"@type":"java.util.Collections$SynchronizedRandomAccessList",
	"@value":[
		1,
		2,
		3
	]
}
{
	"@type":"java.util.Collections$SynchronizedNavigableMap"
}
{
	"@type":"java.util.Collections$SynchronizedSortedMap"
}
{
	"@type":"java.util.Collections$SynchronizedSortedSet",
	"@value":[
		1,
		2,
		3
	]
}
{
	"@type":"java.util.Collections$SynchronizedNavigableSet",
	"@value":[
		1,
		2,
		3
	]
}
{
	"@type":"java.util.Collections$SynchronizedCollection",
	"@value":[
		1,
		2,
		3
	]
}
{"testEnum":"E1"}
{"testEnum":"E1"}
"E1"
{"testEnum":3}
false
false
{"name":"{\"paternalSurname\": \"Rodríguez\"}"}
strJson={"@type":"com.alibaba.fastjson2.issues_1000.Issue1069$UserAttrActionInfo","tagInfos":{"@type":"java.util.LinkedHashMap",1234:[1L,2L,3L,4L]}}
fastjson2 data:{"values":[[123,456]]}
{"accountType":2}
