Picked up JAVA_TOOL_OPTIONS: 
WARNING: A restricted method in java.lang.System has been called
WARNING: java.lang.System::load has been called by org.fusesource.jansi.internal.JansiLoader in an unnamed module (file:<maven>/lib/jansi-2.4.1.jar)
WARNING: Use --enable-native-access=ALL-UNNAMED to avoid a warning for callers in this module
WARNING: Restricted methods will be blocked in a future release unless native access is enabled

WARNING: A terminally deprecated method in sun.misc.Unsafe has been called
WARNING: sun.misc.Unsafe::objectFieldOffset has been called by com.google.common.util.concurrent.AbstractFuture$UnsafeAtomicHelper (file:<maven>/lib/guava-33.2.1-jre.jar)
WARNING: Please consider reporting this to the maintainers of class com.google.common.util.concurrent.AbstractFuture$UnsafeAtomicHelper
WARNING: sun.misc.Unsafe::objectFieldOffset will be removed in a future release
Picked up JAVA_TOOL_OPTIONS: 
WARNING: A terminally deprecated method in sun.misc.Unsafe has been called
WARNING: sun.misc.Unsafe::invokeCleaner has been called by nonapi.io.github.classgraph.utils.FileUtils (file:<m2>/repository/io/github/classgraph/classgraph/4.8.83/classgraph-4.8.83.jar)
WARNING: Please consider reporting this to the maintainers of class nonapi.io.github.classgraph.utils.FileUtils
WARNING: sun.misc.Unsafe::invokeCleaner will be removed in a future release
{
	"@type":"com.alibaba.fastjson2.issues_1500.Issue1509$LoginUser#0",
	"@value":{
		"authorities#1":{
			"@type":"java.util.Collections$UnmodifiableSet#2",
			"@value":[]
		},
		"name#3":"张三",
		"realName#4":"zhangsan"
	}
}
Wed, 7 Oct 2026 00:42:18 GMT
{
	"date":1642003200
}
[{"@type":"[O","@value":[{"@type":"com.alibaba.fastjson2.issues_2100.Issue2175.Index$TestER","name":"ER"},0]},{"@type":"[O","@value":[{"@type":"com.alibaba.fastjson2.issues_2100.Issue2175.Index$TestER","name":"ER"},false]}]
1
[{"@type":"[com.alibaba.fastjson2.issues_2100.Issue2175.Index$TestER","@value":[{"name":"ER"},{"name":"ER"}]},{"@type":"[com.alibaba.fastjson2.issues_2100.Issue2175.Index$TestER","@value":[{"name":"ER"},{"name":"ER"}]}]
[{"@type":"[O","@value":[{"@type":"[com.alibaba.fastjson2.issues_2100.Issue2175.Index$TestER","@value":[{"name":"parent"},{"@type":"com.alibaba.fastjson2.issues_2100.Issue2175.Index$Children","age":1,"name":"child"}]},{"@type":"[com.alibaba.fastjson2.issues_2100.Issue2175.Index$TestER","@value":[{"@type":"com.alibaba.fastjson2.issues_2100.Issue2175.Index$Children","age":1,"name":"child"},{"name":"parent"}]}]},{"@type":"[com.alibaba.fastjson2.issues_2100.Issue2175.Index$TestER","@value":[{"@type":"com.alibaba.fastjson2.issues_2100.Issue2175.Index$Children","age":1,"name":"child"},{"name":"parent"}]},{"@type":"[O","@value":[1,false]}]
[{"@type":"[com.alibaba.fastjson2.issues_2100.Issue2175.Index$TestER","@value":[{"name":"parent"},{"@type":"com.alibaba.fastjson2.issues_2100.Issue2175.Index$Children","age":1,"name":"child"}]},{"@type":"[com.alibaba.fastjson2.issues_2100.Issue2175.Index$TestER","@value":[{"@type":"com.alibaba.fastjson2.issues_2100.Issue2175.Index$Children","age":1,"name":"child"},{"name":"parent"}]}]
[[{"name":"parent"},{"@type":"com.alibaba.fastjson2.issues_2100.Issue2175.Index$Children","age":1,"name":"child"}],[{"@type":"com.alibaba.fastjson2.issues_2100.Issue2175.Index$Children","age":1,"name":"child"},{"name":"parent"}]]
{}
{"hash":2138216064,"resolved":"java.util.HashMap","type":{"actualTypeArguments":["java.lang.Integer",{"actualTypeArguments":["java.lang.String"],"rawType":"java.util.List"}],"rawType":"java.util.HashMap"},"typeProvider":{"source":{"declaringClass":"com.alibaba.fastjson2.issues_2100.Issue2103$Bean","name":"myMap"},"type":{"actualTypeArguments":["java.lang.Integer",{"actualTypeArguments":["java.lang.String"],"rawType":"java.util.List"}],"rawType":"java.util.HashMap"}}}"\"\"\"\""
{
	"@type":"org.joda.time.LocalDateTime#0",
	"@value":"2026-10-07 00:42:18.701"
}
{
	"@type":"org.joda.time.LocalDateTime#0",
	"@value":"2026-10-07 00:42:18.706"
}
{
	"@type":"org.joda.time.LocalDateTime#0",
	"@value":{
		"year":2026,
		"month":10,
		"day":6,
		"hour":16,
		"minute":42,
		"second":18,
		"millis":706,
		"chronology":{
			"zoneId":"UTC"
		}
	}
}
{
	"@type":"org.joda.time.LocalDate#0",
	"@value":"2026-10-07"
}
{
	"@type":"org.joda.time.LocalDate#0",
	"@value":"2026-10-07"
}
{
	"@type":"org.joda.time.LocalDate#0",
	"@value":{
		"year":2026,
		"month":10,
		"day":6,
		"chronology":{
			"zoneId":"UTC"
		}
	}
}
{"type":"directory","items":[{"type":"file","data":"Some content ...","name":"my_file.txt"}],"name":"My directory"}
{"type":"object","properties":{"longitude":{"type":["string","number"]},"latitude":{"type":"number","minimum":-90,"maximum":90}},"required":["longitude","latitude"]}
66060288
Serialized JSON with circular reference: {"parent😀":{"child👍":{"$ref":"$"}}}
Test passed - no exception thrown during serialization with circular reference
Serialized JSON: {"key👍":"value3","key😀":"value1","nested":{"nested😀":{"deepValue":"deepValue"}},"key🌍":"value2"}
Test passed - no exception thrown during serialization
Generated JSON: {
	"key👍":"value3",
	"key😀":"value1",
	"key🌍":"value2"
}
Generated JSON with circular reference: {"parent😀":{"child😀":{"parent😀":{"$ref":"parent😀"}}}}
Generated JSON: {"key😀":"value","nested":{"nestedKey":"nestedValue"}}
UrlEntity [name=rose, url=https://www.baidu.com/web/user?name=rose]
[1,2,3]
[1,2,3]
{
	"@type":"com.alibaba.fastjson2.issues_3800.Issue3842$UserData",
	"errorCode":0
}
{
	"@type":"com.alibaba.fastjson2.issues_3800.Issue3828$Data",
	"list":{
		"@type":"java.util.Collections$EmptyList",
		"@value":[]
	}
}
{"AI":[]}
SLF4J(W): No SLF4J providers were found.
SLF4J(W): Defaulting to no-operation (NOP) logger implementation
SLF4J(W): See https://www.slf4j.org/codes.html#noProviders for further details.
{"age1":0,"age2":null,"age3":0,"age5":10,"age6":10}
[
	{
		"id":101,
		"name":"DataWorks"
	},
	{
		"id":102,
		"name":"MaxCompute"
	},
	{
		"id":103,
		"name":"Flink"
	}
]
{"images": [{
      "height":768,
      "size":"LARGE",
      "title":"Javaone Keynote",
      "uri":"http://javaone.com/keynote_large.jpg",
      "width":1024
    }, {
      "height":240,
      "size":"SMALL",
      "title":"Javaone Keynote",
      "uri":"http://javaone.com/keynote_small.jpg",
      "width":320
    }
  ],
  "media": {
    "bitrate":262144,
    "duration":18000000,
    "format":"video/mpg4",
    "height":480,
    "persons": [
      "Bill Gates",
      "Steve Jobs"
    ],
    "player":"JAVA",
    "size":58982400,
    "title":"Javaone Keynote",
    "uri":"http://javaone.com/keynote.mpg",
    "width":640
  }
}

--------------jsonpath/jsonpath_compliance.json--------------
  [00/00]	"$[?@.a]"
  [00/01]	"$[?@.a]"
  [00/02]	"$[?@.a=='b']"
  [00/03]	"$[?@.a=='1']"
  [00/04]	"$[?@.a==\"b\"]"
  [00/05]	"$[?@.a==\"1\"]"
  [00/06]	"$[?@.a==1]"
  [00/07]	"$[?@.a==null]"
  [00/08]	"$[?@.a==null]"
  [00/09]	"$[?@.a==true]"
  [00/10]	"$[?@.a==false]"
  [00/11]	"$[?@.a==@.b]"
  [00/12]	"$[?@.a==@.b]"
  [00/13]	"$[?@.a!='b']"
  [00/14]	"$[?@.a!='1']"
  [00/15]	"$[?@.a!='b']"
  [00/16]	"$[?@.a!=\"b\"]"
  [00/17]	"$[?@.a!=\"1\"]"
  [00/18]	"$[?@.a!=\"b\"]"
  [00/19]	"$[?@.a!=1]"
  [00/20]	"$[?@.a!=1]"
  [00/21]	"$[?@.a!=null]"
  [00/22]	"$[?@.a!=null]"
  [00/23]	"$[?@.a!=true]"
  [00/24]	"$[?@.a!=false]"
  [00/25]	"$[?@.a<'c']"
  [00/26]	"$[?@.a<\"c\"]"
  [00/27]	"$[?@.a<10]"
  [00/28]	"$[?@.a<null]"
  [00/29]	"$[?@.a<true]"
  [00/30]	"$[?@.a<false]"
  [00/31]	"$[?@.a<='c']"
  [00/32]	"$[?@.a<=\"c\"]"
  [00/33]	"$[?@.a<=10]"
  [00/34]	"$[?@.a<=null]"
  [00/35]	"$[?@.a<=true]"
  [00/36]	"$[?@.a<=false]"
  [00/37]	"$[?@.a>'c']"
  [00/38]	"$[?@.a>\"c\"]"
  [00/39]	"$[?@.a>10]"
  [00/40]	"$[?@.a>null]"
  [00/41]	"$[?@.a>true]"
  [00/42]	"$[?@.a>false]"
  [00/43]	"$[?@.a>='c']"
  [00/44]	"$[?@.a>=\"c\"]"
  [00/45]	"$[?@.a>=10]"
  [00/46]	"$[?@.a>=null]"
  [00/47]	"$[?@.a>=true]"
  [00/48]	"$[?@.a>=false]"
  [00/49]	"$[?@.a&&@.a!=null]"
  [00/50]	"$[?@.a&&@.b]"
  [00/51]	"$[?@.a||@.b]"
  [00/52]	"$[?@.a>0&&@.a<10]"
  [00/53]	"$[?@.a=='b'||@.a=='d']"
- [01/54]	"$[?@[0:0]==0]"
- [02/55]	"$[?@[*]==0]"
- [03/56]	"$[?@..a==0]"
  [03/57]	"$[?@.a[*].a==0]"
  [03/58]	"$[?@.a == 1]"
  [03/59]	"$[?@['0'] == 5]"
  [03/60]	"$[?@[0] == 5]"
- [04/61]	"$[?(@[0, 0]==42)]"
- [05/62]	"$[?(@[0, 0]!=42)]"
- [06/63]	"$[?(@[0, 0]<=42)]"
- [07/64]	"$[?(@['a', 'a']==42)]"
- [08/65]	"$[?(@['a', 'a']!=42)]"
- [09/66]	"$[?(@['a', 'a']<=42)]"
  [09/67]	"$[?(@[0, '0']==42)]"
  [09/68]	"$[?(@[0, '0']!=42)]"
  [09/69]	"$[?(@[0, '0']<=42)]"
  [09/70]	"$[?(@.*==42)]"
  [09/71]	"$[?(@.*!=42)]"
  [09/72]	"$[?(@.*<=42)]"
- [10/73]	"$[?(@[0:0]==42)]"
- [11/74]	"$[?(@[0:0]!=42)]"
- [12/75]	"$[?(@[0:0]<=42)]"
  [12/76]	"$[?($[0, 0]==42)]"
  [12/77]	"$[?($[0, 0]!=42)]"
  [12/78]	"$[?($[0, 0]<=42)]"
  [12/79]	"$[?($['a', 'a']==42)]"
  [12/80]	"$[?($['a', 'a']!=42)]"
  [12/81]	"$[?($['a', 'a']<=42)]"
  [12/82]	"$[?($[0, '0']==42)]"
  [12/83]	"$[?($[0, '0']!=42)]"
  [12/84]	"$[?($[0, '0']<=42)]"
  [12/85]	"$[?($.*==42)]"
  [12/86]	"$[?($.*!=42)]"
  [12/87]	"$[?($.*<=42)]"
  [12/88]	"$[?($[0:0]==42)]"
  [12/89]	"$[?($[0:0]!=42)]"
  [12/90]	"$[?($[0:0]<=42)]"
  [12/91]	"$[?@.a==-0]"
  [12/92]	"$[?@.a==1.0]"
  [12/93]	"$[?@.a==1e2]"
  [12/94]	"$[?@.a==1e+2]"
  [12/95]	"$[?@.a==1e-2]"
  [12/96]	"$[?@.a==1.1]"
- [13/97]	"$[?@.a==1.]"
  [13/98]	"$[?@.a==1.1e2]"
  [13/99]	"$[?@.a==1.1e+2]"
  [13/100]	"$[?@.a==1.1e-2]"
  [13/101]	"$[?@<3]"
  [13/102]	"$[?@.a || @.b && @.b]"
  [13/103]	"$[?@.b && @.b || @.a]"
  [13/104]	"$[?@ == \"quoted' literal\"]"
  [13/105]	"$[?@ == 'quoted\" literal']"
  [13/106]	"$[?@ == 'quoted\\' literal']"
  [13/107]	"$[?@ == \"quoted\\\" literal\"]"
b
b
a
a
a
a
b
a
a
b
a
a
b
b
a
b
a
a
b
b
a
b
a
a
a
a
a
a
b
b
b
a
b
b
b
a
b
b
b
a
b
a
a
b
a
a
b
a
a
a
{"id":2,"name":"b"}
{"id":1,"name":"a"}
{"id":2,"name":"b"}
{"id":2,"name":"b"}
{"id":1,"name":"a"}
{"id":1,"name":"a"}
{"id":1,"name":"a"}
{"id":2,"name":"b"}
{"id":2,"name":"b"}
{"id":2,"name":"b"}
{"id":2,"name":"b"}
{"id":1,"name":"a"}
{"id":1,"name":"a"}
{"id":2,"name":"b"}
{"id":2,"name":"b"}
{"id":2,"name":"b"}
{"id":1,"name":"a"}
{"id":1,"name":"a"}
{"id":1,"name":"a"}
{"id":1,"name":"a"}
{"id":1,"name":"a"}
{"id":1,"name":"a"}
{"id":2,"name":"b"}
{"id":2,"name":"b"}
{"id":2,"name":"b"}
{"id":1,"name":"a"}
{"id":2,"name":"b"}
{"id":1,"name":"a"}
{"id":2,"name":"b"}
{"id":1,"name":"a"}
{"id":1,"name":"a"}
{"id":2,"name":"b"}
{"id":2,"name":"b"}
{"id":1,"name":"a"}
{"id":1,"name":"a"}
{"id":2,"name":"b"}
{"id":1,"name":"a"}
{"id":2,"name":"b"}
{"id":2,"name":"b"}
{"id":2,"name":"b"}
{"id":1,"name":"a"}
{"id":1,"name":"a"}
{"id":2,"name":"b"}
{"id":1,"name":"a"}
{"id":1,"name":"a"}
{"id":2,"name":"b"}
{"id":2,"name":"b"}
{"id":2,"name":"b"}
{"id":1,"name":"a"}
{"id":2,"name":"b"}

--------------jsonpath/name_selector.json--------------
  [00/00]	"$[\"a\"]"
  [00/01]	"$[\"c\"]"
  [00/02]	"$[\"a\"]"
- [01/03]	"$[\"\u0000\"]"
- [02/04]	"$[\"\u0001\"]"
- [03/05]	"$[\"\u0002\"]"
- [04/06]	"$[\"\u0003\"]"
- [05/07]	"$[\"\u0004\"]"
- [06/08]	"$[\"\u0005\"]"
- [07/09]	"$[\"\u0006\"]"
- [08/10]	"$[\"\u0007\"]"
- [09/11]	"$[\"\b\"]"
- [10/12]	"$[\"\t\"]"
- [11/13]	"$[\"\n\"]"
- [12/14]	"$[\"\u000b\"]"
- [13/15]	"$[\"\f\"]"
- [14/16]	"$[\"\r\"]"
- [15/17]	"$[\"\u000e\"]"
- [16/18]	"$[\"\u000f\"]"
- [17/19]	"$[\"\u0010\"]"
- [18/20]	"$[\"\u0011\"]"
- [19/21]	"$[\"\u0012\"]"
- [20/22]	"$[\"\u0013\"]"
- [21/23]	"$[\"\u0014\"]"
- [22/24]	"$[\"\u0015\"]"
- [23/25]	"$[\"\u0016\"]"
- [24/26]	"$[\"\u0017\"]"
- [25/27]	"$[\"\u0018\"]"
- [26/28]	"$[\"\u0019\"]"
- [27/29]	"$[\"\u001a\"]"
- [28/30]	"$[\"\u001b\"]"
- [29/31]	"$[\"\u001c\"]"
- [30/32]	"$[\"\u001d\"]"
- [31/33]	"$[\"\u001e\"]"
- [32/34]	"$[\"\u001f\"]"
  [32/35]	"$[\" \"]"
  [32/36]	"$[\"\\\"\"]"
  [32/37]	"$[\"\\\\\"]"
  [32/38]	"$[\"\\/\"]"
  [32/39]	"$[\"\\b\"]"
  [32/40]	"$[\"\\f\"]"
  [32/41]	"$[\"\\n\"]"
  [32/42]	"$[\"\\r\"]"
  [32/43]	"$[\"\\t\"]"
  [32/44]	"$[\"\\u263A\"]"
  [32/45]	"$[\"\\u263a\"]"
  [32/46]	"$[\"\\uD834\\uDD1E\"]"
  [32/47]	"$[\"\\uD83D\\uDE00\"]"
- [33/48]	"$[\"\\'\"]"
  [33/49]	"$[\"\"\"]"
  [33/50]	"$[\"\\\"]"
  [33/51]	"$['a']"
  [33/52]	"$['c']"
  [33/53]	"$['a']"
- [34/54]	"$['\u0000']"
- [35/55]	"$['\u0001']"
- [36/56]	"$['\u0002']"
- [37/57]	"$['\u0003']"
- [38/58]	"$['\u0004']"
- [39/59]	"$['\u0005']"
- [40/60]	"$['\u0006']"
- [41/61]	"$['\u0007']"
- [42/62]	"$['\b']"
- [43/63]	"$['\t']"
- [44/64]	"$['\n']"
- [45/65]	"$['\u000b']"
- [46/66]	"$['\f']"
- [47/67]	"$['\r']"
- [48/68]	"$['\u000e']"
- [49/69]	"$['\u000f']"
- [50/70]	"$['\u0010']"
- [51/71]	"$['\u0011']"
- [52/72]	"$['\u0012']"
- [53/73]	"$['\u0013']"
- [54/74]	"$['\u0014']"
- [55/75]	"$['\u0015']"
- [56/76]	"$['\u0016']"
- [57/77]	"$['\u0017']"
- [58/78]	"$['\u0018']"
- [59/79]	"$['\u0019']"
- [60/80]	"$['\u001a']"
- [61/81]	"$['\u001b']"
- [62/82]	"$['\u001c']"
- [63/83]	"$['\u001d']"
- [64/84]	"$['\u001e']"
- [65/85]	"$['\u001f']"
  [65/86]	"$[' ']"
  [65/87]	"$['\\'']"
  [65/88]	"$['\\\\']"
  [65/89]	"$['\\/']"
  [65/90]	"$['\\b']"
  [65/91]	"$['\\f']"
  [65/92]	"$['\\n']"
  [65/93]	"$['\\r']"
  [65/94]	"$['\\t']"
  [65/95]	"$['\\u263A']"
  [65/96]	"$['\\u263a']"
  [65/97]	"$['\\uD834\\uDD1E']"
  [65/98]	"$['\\uD83D\\uDE00']"
- [66/99]	"$['\\\"']"
  [66/100]	"$[''']"
  [66/101]	"$['\\']"
  [66/102]	"$[\"\"]"
  [66/103]	"$['']"

--------------jsonpath/filter.json--------------
* [01/00]	"$[?@]"
  [01/01]	"$[?@.a]"
  [01/02]	"$[?@.a]"
  [01/03]	"$[?@.a=='b']"
  [01/04]	"$[?@.a=='1']"
  [01/05]	"$[?@.a==\"b\"]"
  [01/06]	"$[?@.a==\"1\"]"
  [01/07]	"$[?@.a==1]"
  [01/08]	"$[?@.a==null]"
  [01/09]	"$[?@.a==null]"
  [01/10]	"$[?@.a==true]"
  [01/11]	"$[?@.a==false]"
* [02/12]	"$[?@==@]"
  [02/13]	"$[?@.a==@.b]"
  [02/14]	"$[?@.a==@.b]"
  [02/15]	"$[?@.a!='b']"
  [02/16]	"$[?@.a!='1']"
  [02/17]	"$[?@.a!='b']"
  [02/18]	"$[?@.a!=\"b\"]"
  [02/19]	"$[?@.a!=\"1\"]"
  [02/20]	"$[?@.a!=\"b\"]"
  [02/21]	"$[?@.a!=1]"
  [02/22]	"$[?@.a!=1]"
  [02/23]	"$[?@.a!=null]"
  [02/24]	"$[?@.a!=null]"
  [02/25]	"$[?@.a!=true]"
  [02/26]	"$[?@.a!=false]"
  [02/27]	"$[?@.a<'c']"
  [02/28]	"$[?@.a<\"c\"]"
  [02/29]	"$[?@.a<10]"
  [02/30]	"$[?@.a<null]"
  [02/31]	"$[?@.a<true]"
  [02/32]	"$[?@.a<false]"
  [02/33]	"$[?@.a<='c']"
  [02/34]	"$[?@.a<=\"c\"]"
  [02/35]	"$[?@.a<=10]"
  [02/36]	"$[?@.a<=null]"
  [02/37]	"$[?@.a<=true]"
  [02/38]	"$[?@.a<=false]"
  [02/39]	"$[?@.a>'c']"
  [02/40]	"$[?@.a>\"c\"]"
  [02/41]	"$[?@.a>10]"
  [02/42]	"$[?@.a>null]"
  [02/43]	"$[?@.a>true]"
  [02/44]	"$[?@.a>false]"
  [02/45]	"$[?@.a>='c']"
  [02/46]	"$[?@.a>=\"c\"]"
  [02/47]	"$[?@.a>=10]"
  [02/48]	"$[?@.a>=null]"
  [02/49]	"$[?@.a>=true]"
  [02/50]	"$[?@.a>=false]"
  [02/51]	"$[?@.a&&@.a!=null]"
  [02/52]	"$[?@.a&&@.b]"
  [02/53]	"$[?@.a||@.b]"
  [02/54]	"$[?@.a>0&&@.a<10]"
  [02/55]	"$[?@.a=='b'||@.a=='d']"
* [03/56]	"$[?!(@.a=='b')]"
* [04/57]	"$[?!@.a]"
* [05/58]	"$[?!@.a]"
* [06/59]	"$[?@.*]"
* [07/60]	"$[?@[0, 0, 'a']]"
* [08/61]	"$[?@[0:2]]"
* [09/62]	"$[?!@.*]"
- [10/63]	"$[?@[0:0]==0]"
- [11/64]	"$[?@[*]==0]"
- [12/65]	"$[?@..a==0]"
  [12/66]	"$[?@.a[*].a==0]"
* [13/67]	"$[?@[?@>1]]"
  [13/68]	"$[?@.a == 1]"
  [13/69]	"$[?@['0'] == 5]"
  [13/70]	"$[?@[0] == 5]"
- [14/71]	"$[?(@[0, 0]==42)]"
- [15/72]	"$[?(@[0, 0]!=42)]"
- [16/73]	"$[?(@[0, 0]<=42)]"
- [17/74]	"$[?(@['a', 'a']==42)]"
- [18/75]	"$[?(@['a', 'a']!=42)]"
- [19/76]	"$[?(@['a', 'a']<=42)]"
  [19/77]	"$[?(@[0, '0']==42)]"
  [19/78]	"$[?(@[0, '0']!=42)]"
  [19/79]	"$[?(@[0, '0']<=42)]"
  [19/80]	"$[?(@.*==42)]"
  [19/81]	"$[?(@.*!=42)]"
  [19/82]	"$[?(@.*<=42)]"
- [20/83]	"$[?(@[0:0]==42)]"
- [21/84]	"$[?(@[0:0]!=42)]"
- [22/85]	"$[?(@[0:0]<=42)]"
  [22/86]	"$[?($[0, 0]==42)]"
  [22/87]	"$[?($[0, 0]!=42)]"
  [22/88]	"$[?($[0, 0]<=42)]"
  [22/89]	"$[?($['a', 'a']==42)]"
  [22/90]	"$[?($['a', 'a']!=42)]"
  [22/91]	"$[?($['a', 'a']<=42)]"
  [22/92]	"$[?($[0, '0']==42)]"
  [22/93]	"$[?($[0, '0']!=42)]"
  [22/94]	"$[?($[0, '0']<=42)]"
  [22/95]	"$[?($.*==42)]"
  [22/96]	"$[?($.*!=42)]"
  [22/97]	"$[?($.*<=42)]"
  [22/98]	"$[?($[0:0]==42)]"
  [22/99]	"$[?($[0:0]!=42)]"
  [22/100]	"$[?($[0:0]<=42)]"
* [23/101]	"$[?@.a,?@.b]"
* [24/102]	"$[?@.a=='b',?@.b=='x']"
* [25/103]	"$[?@.a,?@.d]"
* [26/104]	"$[?@.a,1]"
* [27/105]	"$[?@.a,*]"
* [28/106]	"$[?@.a,1:]"
* [29/107]	"$[1, ?@.a=='b', 1:]"
  [29/108]	"$[?@.a==-0]"
  [29/109]	"$[?@.a==1.0]"
  [29/110]	"$[?@.a==1e2]"
  [29/111]	"$[?@.a==1e+2]"
  [29/112]	"$[?@.a==1e-2]"
  [29/113]	"$[?@.a==1.1]"
- [30/114]	"$[?@.a==1.]"
  [30/115]	"$[?@.a==1.1e2]"
  [30/116]	"$[?@.a==1.1e+2]"
  [30/117]	"$[?@.a==1.1e-2]"
* [31/118]	"$.values[?length(@.a) == value($..c)]"
  [31/119]	"$[?@<3]"
  [31/120]	"$[?@.a || @.b && @.b]"
  [31/121]	"$[?@.b && @.b || @.a]"
* [32/122]	"$[?(@.a || @.b) && @.a]"
* [33/123]	"$[?@.a && (@.b || @.a)]"
* [34/124]	"$[?(@.a || @.b) && @.b]"
  [34/125]	"$[?@ == \"quoted' literal\"]"
  [34/126]	"$[?@ == 'quoted\" literal']"
  [34/127]	"$[?@ == 'quoted\\' literal']"
  [34/128]	"$[?@ == \"quoted\\\" literal\"]"
- [35/129]	"$[?true]"
- [36/130]	"$[?false]"
  [36/131]	"$[?'abc']"
- [37/132]	"$[?2]"
  [37/133]	"$[?2.2]"
- [38/134]	"$[?null]"
- [39/135]	"$[?true && false]"
- [40/136]	"$[?true || false]"
- [41/137]	"$[?true == false && false]"
- [42/138]	"$[?true == false || false]"
- [43/139]	"$[?false && true == false]"
- [44/140]	"$[?false || true == false]"

--------------jsonpath/basic.json--------------
  [00/00]	"$"
- [01/01]	" $"
- [02/02]	"$ "
  [02/03]	"$.a"
  [02/04]	"$.☺"
  [02/05]	"$._"
- [03/06]	"$.&"
- [04/07]	"$.1"
  [04/08]	"$.c"
  [04/09]	"$.a"
  [04/10]	"$.*"
  [04/11]	"$.*"
  [04/12]	"$[*]"
  [04/13]	"$.*.a"
  [04/14]	"$[0,2]"
- [05/15]	"$[0 2]"
* [06/16]	"$['a',1]"
* [07/17]	"$['a',1]"
* [08/18]	"$[1,5:7]"
* [09/19]	"$[1,0:3]"
  [09/20]	"$[1,1]"
* [10/21]	"$[*,1]"
* [11/22]	"$[*,'a']"
* [12/23]	"$[*,0:2]"
* [13/24]	"$[*,*]"
  [13/25]	"$[]"
  [13/26]	"$..[1]"
  [13/27]	"$..a"
  [13/28]	"$..*"
  [13/29]	"$..[*]"
  [13/30]	"$..[*]"
  [13/31]	"$..[*]"
  [13/32]	"$..*"
  [13/33]	"$..*"
  [13/34]	"$..['a','d']"
  [13/35]	"$..['a','d']"
- [14/36]	"$.."

--------------jsonpath/index_selector.json--------------
  [00/00]	"$[0]"
  [00/01]	"$[1]"
  [00/02]	"$[2]"
  [00/03]	"$[231584178474632390847141970017375815706539969331281128078915168015826259279872]"
  [00/04]	"$[231584178474632390847141970017375815706539969331281128078915168SomeRandomText]"
  [00/05]	"$[-1]"
  [00/06]	"$[-2]"
  [00/07]	"$[-3]"
  [00/08]	"$[0]"
- [01/09]	"$[01]"
- [02/10]	"$[-01]"
{
    "code":"success",
    "data":{
        "data2":{
            "id":null,
            "type":null,
            "serveCategoryInfoList":[
                {
                    "id":0,
                    "infoList":[

                    ],
                    "idList":[
                        200226
                    ]
                },
                {
                    "id":1,
                    "idList":[
                        1,
                        2,
                        3,
                        4,
                        5,
                        6,
                        7
                    ]
                }
            ]
        }
    },
    "msg":"",
    "status":"1"
}

[{"id":1001,"salary":4000,"name":"jobs","valid":false},{"id":1001,"salary":5000}]
{
	"@type":"com.alibaba.fastjson2_vo.IntField1",
	"v0000":123
}
{
	"@type":"A#0",
	"@value":[
		{
			"@type":"com.alibaba.fastjson2.autoType.AutoTypeTest10$Bean4#1",
			"@value":{
				"params":{
					"@type":"LinkedList#2",
					"@value":[
						{}
					]
				}
			}
		},
		{
			"@type":"#1",
			"@value":{}
		}
	]
}
{}
{
	"@type":"JO1#0",
	"@value":{
		"data":{
			"@type":"A#1",
			"@value":[
				{
					"@type":"#0",
					"@value":{}
				}
			]
		}
	}
}
{
	"@type":"com.alibaba.fastjson2.autoType.AutoTypeTest10$Bean3#0",
	"@value":{
		"params":{
			"@type":"JO10#1",
			"@value":{}
		}
	}
}
{}
{
	"@type":"com.alibaba.fastjson2.autoType.AutoTypeTest20$Bean2#0",
	"@value":{
		"values":{
			"@type":"LinkedHashSet#1",
			"@value":[
				{
					"@type":"com.alibaba.fastjson2.autoType.AutoTypeTest20$XItem#2",
					"@value":"A"
				},
				{
					"@type":"#2",
					"@value":"B"
				},
				{
					"@type":"#2",
					"@value":"C"
				},
				{
					"@type":"#2",
					"@value":"D"
				}
			]
		}
	}
}
{
	"@type":"com.alibaba.fastjson2.autoType.AutoTypeTest20$Bean1#0",
	"@value":{
		"values":{
			"@type":"LinkedList#1",
			"@value":[
				{
					"@type":"com.alibaba.fastjson2.autoType.AutoTypeTest20$XItem#2",
					"@value":"A"
				},
				{
					"@type":"#2",
					"@value":"B"
				},
				{
					"@type":"#2",
					"@value":"C"
				},
				{
					"@type":"#2",
					"@value":"D"
				}
			]
		}
	}
}
{
	"@type":"com.alibaba.fastjson2.autoType.AutoTypeTest20$Bean2#0",
	"@value":{
		"values":{
			"@type":"LinkedHashSet#1",
			"@value":[
				{
					"@type":"com.alibaba.fastjson2.autoType.AutoTypeTest20$XItem#2",
					"@value":"A"
				},
				{
					"@type":"#2",
					"@value":"B"
				},
				{
					"@type":"#2",
					"@value":"C"
				},
				{
					"@type":"#2",
					"@value":"D"
				}
			]
		}
	}
}
{
	"@type":"com.alibaba.fastjson2.autoType.AutoTypeTest20$Bean3#0",
	"@value":{
		"values":[
			{
				"@type":"com.alibaba.fastjson2.autoType.AutoTypeTest20$XItem#1",
				"@value":"A"
			},
			{
				"@type":"#1",
				"@value":"D"
			},
			{
				"@type":"#1",
				"@value":"C"
			},
			{
				"@type":"#1",
				"@value":"B"
			}
		]
	}
}
{
	"@type":"com.alibaba.fastjson2.autoType.AutoTypeTest21$Bean1#0",
	"@value":{
		"item#1":{
			"id#2":101
		},
		"values#3":{
			"@type":"M#4",
			"@value":{
				{
					"@type":"com.alibaba.fastjson2.autoType.AutoTypeTest21$Item#5",
					"@value":{
						"#2":101
					}
				}:"101"
			}
		},
		"values2#6":{
			"@type":"#4",
			"@value":{
				{"$ref":"$.item"}:null
			}
		}
	}
}
{
	"@type":"com.alibaba.fastjson2.autoType.AutoTypeTest21$Bean1#0",
	"@value":{
		"item":{
			"id":101
		},
		"values":{
			"@type":"LM#1",
			"@value":{
				{
					"@type":"com.alibaba.fastjson2.autoType.AutoTypeTest21$Item#2",
					"@value":{
						"id":101
					}
				}:"101"
			}
		},
		"values2":{
			"@type":"#1",
			"@value":{
				{
					"@type":"#2",
					"@value":{
						"id":101
					}
				}:"101"
			}
		}
	}
}
{
	"@type":"com.alibaba.fastjson2.autoType.AutoTypeTest21$Bean2#0",
	"@value":{
		"item":{
			"id":101
		},
		"values":{
			"@type":"M#1",
			"@value":{
				{
					"@type":"com.alibaba.fastjson2.autoType.AutoTypeTest21$Item#2",
					"@value":{
						"id":101
					}
				}:"101"
			}
		},
		"values2":{
			"@type":"#1",
			"@value":{
				{"$ref":"$.item"}:null
			}
		}
	}
}
{
	"@type":"com.alibaba.fastjson2.autoType.AutoTypeTest16_pairKey$Bean#0",
	"@value":{
		"map":{
			"@type":"M#1",
			"@value":{
				{
					"@type":"org.apache.commons.lang3.tuple.MutablePair#2",
					"@value":{
						"left":1,
						"right":2
					}
				}:"12"
			}
		}
	}
}
{
	"@type":"com.alibaba.fastjson2.autoType.AutoTypeTest16_pairKey$Bean#0",
	"@value":{
		"map":{
			"@type":"M#1",
			"@value":{
				{
					"@type":"org.apache.commons.lang3.tuple.ImmutablePair#2",
					"@value":{
						"left":1,
						"right":2
					}
				}:"12"
			}
		}
	}
}
{
	"@type":"com.alibaba.fastjson2.autoType.AutoTypeTest43_dynamic$Model#0",
	"@value":{
		"id":102
	}
}
{
	"@type":"com.alibaba.fastjson2.autoType.AutoTypeTest29_Byte$Bean1#0",
	"@value":{
		"value":1
	}
}
{
	"@type":"com.alibaba.fastjson2.autoType.AutoTypeTest29_Byte$Bean2#0",
	"@value":{
		"value":1
	}
}
{
	"@type":"com.alibaba.fastjson2.autoType.AutoTypeTest29_Byte$Bean3#0",
	"@value":{
		"value":1
	}
}
{
	"@type":"LinkedList#0",
	"@value":[
		{
			"@type":"com.alibaba.fastjson2.autoType.AutoTypeTest32$Bean#1",
			"@value":{
				"items":{
					"@type":"#0",
					"@value":[
						{},
						{},
						{}
					]
				}
			}
		},
		{
			"@type":"#1",
			"@value":{
				"items":null
			}
		},
		{
			"@type":"#1",
			"@value":{
				"items":null
			}
		}
	]
}
{
	"@type":"LinkedList#0",
	"@value":[
		{
			"@type":"com.alibaba.fastjson2.autoType.AutoTypeTest32$Bean#1",
			"@value":{
				"items":{
					"@type":"#0",
					"@value":[
						{},
						{},
						{}
					]
				}
			}
		},
		{
			"@type":"#1",
			"@value":{
				"items":{
					"@type":"java.util.Collections$SingletonList#2",
					"@value":[
						{}
					]
				}
			}
		},
		{
			"@type":"#1",
			"@value":{
				"items":null
			}
		}
	]
}
{
	"@type":"com.alibaba.fastjson2.autoType.AutoTypeTest22$Bean1#0",
	"@value":{
		"item":{
			"@type":"com.alibaba.fastjson2.autoType.AutoTypeTest22$XItem#1",
			"@value":{
				"id":101
			}
		},
		"item1":{"$ref":"$.item"}
	}
}
{
	"@type":"com.alibaba.fastjson2.autoType.AutoTypeTest9$Bean4#0",
	"@value":{
		"values":[
			{
				"@type":"LM#1",
				"@value":{}
			}
		]
	}
}
{
	"@type":"com.alibaba.fastjson2.autoType.AutoTypeTest9$Bean#0",
	"@value":{
		"values":[]
	}
}
{
	"@type":"com.alibaba.fastjson2.autoType.AutoTypeTest9$Bean2#0",
	"@value":{
		"values":[1]
	}
}
{
	"@type":"com.alibaba.fastjson2.autoType.AutoTypeTest9$Bean3#0",
	"@value":{
		"values":{
			"@type":"JO1#1",
			"@value":{
				"set":{
					"@type":"HashSet#2",
					"@value":[]
				}
			}
		}
	}
}
{
	"@type":"com.alibaba.fastjson2.autoType.AutoTypeTest9$Bean4#0",
	"@value":{
		"values":[
			{
				"@type":"JO1#1",
				"@value":{}
			}
		]
	}
}
{
	"@type":"com.alibaba.fastjson2.autoType.AutoTypeTest9$Bean5#0",
	"@value":{
		"values":{
			"data":{
				"@type":"A#1",
				"@value":[
					{
						"@type":"JO1#2",
						"@value":{}
					}
				]
			}
		}
	}
}
{
	"@type":"com.alibaba.fastjson2.autoType.AutoTypeTest39_ListStr$Bean#0",
	"@value":{
		"items":{
			"@type":"LinkedList#1",
			"@value":[
				"abcde",
				"abcde"
			]
		}
	}
}
{
	"@type":"com.alibaba.fastjson2.autoType.AutoTypeTest39_ListStr$Bean#0",
	"@value":{
		"items":{
			"@type":"java.util.Collections$SingletonList#1",
			"@value":["abc"]
		}
	}
}
{
	"@type":"com.alibaba.fastjson2.autoType.AutoTypeTest39_ListStr$Bean#0",
	"@value":{
		"items":{
			"@type":"java.util.Collections$SingletonList#1",
			"@value":["abc"]
		}
	}
}
{
	"@type":"com.alibaba.fastjson2.autoType.AutoTypeTest39_ListStr$Bean#0",
	"@value":{
		"items":{
			"@type":"java.util.Arrays$ArrayList#1",
			"@value":["abc"]
		}
	}
}
{
	"@type":"com.alibaba.fastjson2.autoType.AutoTypeTest39_ListStr$Bean#0",
	"@value":{
		"items":{
			"@type":"LinkedList#1",
			"@value":["abc"]
		}
	}
}
{
	"@type":"[Long#0",
	"@value":[101]
}
{
	"@type":"[UUID#0",
	"@value":[
		[
			99,
			86,
			63,
			75,
			121,
			114,
			77,
			77,
			-99,
			-116,
			-47,
			-33,
			-122,
			-65,
			-21,
			-52
		]
	]
}
{
	"@type":"[String#0",
	"@value":["101"]
}
{
	"@type":"[BigDecimal#0",
	"@value":[
		101
	]
}
{
	"@type":"[BigInteger#0",
	"@value":[101]
}
{
	"@type":"com.alibaba.fastjson2.autoType.AutoTypeTest31_array$BeanLong64Array#0",
	"@value":{
		"values":[101]
	}
}
{
	"@type":"[J#0",
	"@value":[101]
}
{
	"@type":"com.alibaba.fastjson2.autoType.AutoTypeTest31_array$BeanInteger64Array#0",
	"@value":{
		"values":[101]
	}
}
{
	"@type":"List#0",
	"@value":[101]
}
{
	"@type":"Set#0",
	"@value":["a"]
}
{
	"@type":"List#0",
	"@value":[101]
}
{
	"@type":"Set#0",
	"@value":["a"]
}
{
	"@type":"Set#0",
	"@value":["a"]
}
{
	"@type":"List#0",
	"@value":[101]
}
{
	"@type":"List#0",
	"@value":[101]
}
{
	"@type":"List#0",
	"@value":[101]
}
{
	"@type":"Set#0",
	"@value":["a"]
}
{
	"@type":"Set#0",
	"@value":["a"]
}
{
	"@type":"com.alibaba.fastjson2.autoType.AutoTypeTest18$Bean1#0",
	"@value":{
		"values":{
			"@type":"LinkedList#1",
			"@value":[
				{
					"@type":"com.alibaba.fastjson2.autoType.AutoTypeTest18$XItem#2",
					"@value":{}
				},
				{
					"@type":"com.alibaba.fastjson2.autoType.AutoTypeTest18$YItem#3",
					"@value":{}
				}
			]
		}
	}
}
{
	"@type":"com.alibaba.fastjson2.autoType.AutoTypeTest18$Bean2#0",
	"@value":{
		"values":{
			"@type":"LinkedHashSet#1",
			"@value":[
				{
					"@type":"com.alibaba.fastjson2.autoType.AutoTypeTest18$XItem#2",
					"@value":{}
				},
				{
					"@type":"com.alibaba.fastjson2.autoType.AutoTypeTest18$YItem#3",
					"@value":{}
				},
				{
					"@type":"com.alibaba.fastjson2.autoType.AutoTypeTest18$ZEnum#4",
					"@value":"A"
				}
			]
		}
	}
}
{
	"@type":"LinkedList#0",
	"@value":[
		{
			"@type":"com.alibaba.fastjson2.autoType.AutoTypeTest33$Bean#1",
			"@value":{
				"items":{
					"@type":"#0",
					"@value":[
						{
							"@type":"com.alibaba.fastjson2.autoType.AutoTypeTest33$Item#2",
							"@value":{}
						},
						{
							"@type":"#2",
							"@value":{}
						},
						{
							"@type":"#2",
							"@value":{}
						}
					]
				}
			}
		},
		{
			"@type":"#1",
			"@value":{
				"items":null
			}
		},
		{
			"@type":"#1",
			"@value":{
				"items":null
			}
		}
	]
}
{
	"@type":"LinkedList#0",
	"@value":[
		{
			"@type":"com.alibaba.fastjson2.autoType.AutoTypeTest33$Bean#1",
			"@value":{
				"items":{
					"@type":"#0",
					"@value":[
						{
							"@type":"com.alibaba.fastjson2.autoType.AutoTypeTest33$Item#2",
							"@value":{}
						},
						{
							"@type":"#2",
							"@value":{}
						},
						{
							"@type":"#2",
							"@value":{}
						}
					]
				}
			}
		},
		{
			"@type":"#1",
			"@value":{
				"items":{
					"@type":"java.util.Collections$SingletonList#3",
					"@value":[
						{
							"@type":"#2",
							"@value":{}
						}
					]
				}
			}
		},
		{
			"@type":"#1",
			"@value":{
				"items":null
			}
		}
	]
}
{
	"@type":"LinkedList#0",
	"@value":[
		{
			"@type":"com.alibaba.fastjson2.autoType.AutoTypeTest33$Bean#1",
			"@value":{
				"items":{
					"@type":"#0",
					"@value":[
						{
							"@type":"com.alibaba.fastjson2.autoType.AutoTypeTest33$Item#2",
							"@value":{}
						},
						{
							"@type":"#2",
							"@value":{}
						},
						{
							"@type":"#2",
							"@value":{}
						}
					]
				}
			}
		},
		{
			"@type":"#1",
			"@value":{
				"items":{
					"@type":"java.util.Collections$SingletonSet#3",
					"@value":[
						{}
					]
				}
			}
		},
		{
			"@type":"#1",
			"@value":{
				"items":null
			}
		}
	]
}
{
	"@type":"com.alibaba.fastjson2.autoType.AutoTypeTest26$Bean1#0",
	"@value":{
		"items":{
			"@type":"java.util.Collections$UnmodifiableMap#1",
			"@value":{}
		}
	}
}
{
	"@type":"com.alibaba.fastjson2.autoType.AutoTypeTest26$Bean1#0",
	"@value":{
		"items":{
			"@type":"java.util.Collections$UnmodifiableSortedMap#1",
			"@value":{}
		}
	}
}
{
	"@type":"com.alibaba.fastjson2.autoType.AutoTypeTest26$Bean1#0",
	"@value":{
		"items":{
			"@type":"java.util.Collections$UnmodifiableNavigableMap#1",
			"@value":{}
		}
	}
}
{
	"@type":"com.alibaba.fastjson2.autoType.AutoTypeTest26$Bean1#0",
	"@value":{
		"items":{
			"@type":"com.google.common.collect.RegularImmutableMap#1",
			"@value":{}
		}
	}
}
{
	"@type":"com.alibaba.fastjson2.autoType.AutoTypeTest26$Bean1#0",
	"@value":{
		"items":{
			"@type":"java.util.Collections$UnmodifiableNavigableMap$EmptyNavigableMap#1",
			"@value":{}
		}
	}
}
{
	"@type":"com.alibaba.fastjson2.autoType.AutoTypeTest26$Bean1#0",
	"@value":{
		"items":{
			"@type":"EmptyMap#1",
			"@value":{}
		}
	}
}
{
	"@type":"com.alibaba.fastjson2.autoType.AutoTypeTest26$Bean1#0",
	"@value":{
		"items":{
			"@type":"java.util.Collections$UnmodifiableNavigableMap$EmptyNavigableMap#1",
			"@value":{}
		}
	}
}
{
	"@type":"com.alibaba.fastjson2.autoType.AutoTypeTest26$Bean1#0",
	"@value":{
		"items":{
			"@type":"com.google.common.collect.SingletonImmutableBiMap#1",
			"@value":{
				"a":0
			}
		}
	}
}
{
	"@type":"com.alibaba.fastjson2.autoType.AutoTypeTest26$Bean1#0",
	"@value":{
		"items":{
			"@type":"java.util.Collections$SingletonMap#1",
			"@value":{
				"a":1
			}
		}
	}
}
{
	"@type":"com.alibaba.fastjson2.autoType.AutoTypeTest23$Bean1#0",
	"@value":{
		"items":{
			"@type":"[com.alibaba.fastjson2.autoType.AutoTypeTest23$XItem#1",
			"@value":[]
		},
		"items1":{"$ref":"$.items"}
	}
}
{
	"@type":"com.alibaba.fastjson2.autoType.AutoTypeTest23$Bean2#0",
	"@value":{
		"items":[
			"a",
			"b"
		],
		"items1":{"$ref":"$.items"}
	}
}
{
	"@type":"com.alibaba.fastjson2.autoType.AutoTypeFilterTest1$RpcException#0",
	"@value":{
		"stackTrace#1":[],
		"suppressedExceptions#2":{
			"@type":"java.util.Collections$EmptyList#3",
			"@value":[]
		}
	}
}
{
	"@type":"com.alibaba.fastjson2.autoType.AutoTypeTest28_Short$Bean1#0",
	"@value":{
		"value":1
	}
}
{
	"@type":"com.alibaba.fastjson2.autoType.AutoTypeTest28_Short$Bean2#0",
	"@value":{
		"value":1
	}
}
{
	"@type":"com.alibaba.fastjson2.autoType.AutoTypeTest28_Short$Bean3#0",
	"@value":{
		"value":1
	}
}
{
	"@type":"com.alibaba.fastjson2.autoType.AutoTypeTest17$Bean2#0",
	"@value":{
		"values":[
			{
				"@type":"com.alibaba.fastjson2.autoType.AutoTypeTest17$XItem#1",
				"@value":{}
			},
			{
				"@type":"com.alibaba.fastjson2.autoType.AutoTypeTest17$Item#2",
				"@value":{}
			}
		]
	}
}
{
	"@type":"com.alibaba.fastjson2.autoType.AutoTypeTest17$Bean3#0",
	"@value":{
		"values":[
			{
				"@type":"com.alibaba.fastjson2.autoType.AutoTypeTest17$XItem#1",
				"@value":{}
			},
			{}
		]
	}
}
{
	"@type":"com.alibaba.fastjson2.autoType.AutoTypeTest17$Bean4#0",
	"@value":{
		"values":{
			"@type":"LM#1",
			"@value":{
				"0":{
					"@type":"com.alibaba.fastjson2.autoType.AutoTypeTest17$XItem#2",
					"@value":{}
				},
				"1":{}
			}
		}
	}
}
{
	"@type":"com.alibaba.fastjson2.autoType.AutoTypeTest17$Bean5#0",
	"@value":{
		"item":{}
	}
}
{
	"@type":"com.alibaba.fastjson2.autoType.AutoTypeTest17$Bean5#0",
	"@value":{
		"item":{
			"@type":"com.alibaba.fastjson2.autoType.AutoTypeTest17$XItem#1",
			"@value":{}
		}
	}
}
{
	"@type":"com.alibaba.fastjson2.autoType.AutoTypeTest17$Bean6#0",
	"@value":{
		"values":{
			"0":{
				"@type":"com.alibaba.fastjson2.autoType.AutoTypeTest17$XItem#1",
				"@value":{}
			},
			"1":{}
		}
	}
}
{
	"@type":"com.alibaba.fastjson2.autoType.AutoTypeTest17$Bean8#0",
	"@value":{
		"values":{
			"@type":"LM#1",
			"@value":{
				0:{
					"@type":"com.alibaba.fastjson2.autoType.AutoTypeTest17$XItem#2",
					"@value":{}
				},
				1:{}
			}
		}
	}
}
{
	"@type":"LM#0",
	"@value":{
		{
			"@type":"java.lang.Class#1",
			"@value":"java.lang.String"
		}:"S"
	}
}
{
	{
		"@type":"HashSet#0",
		"@value":[]
	}:"A",
	{
		"@type":"EmptyMap#1",
		"@value":{}
	}:"C",
	{
		{}:"D"
	}:"E"
}
{
	"@type":"com.alibaba.fastjson2.autoType.AutoTypeTest34_ListStr$Bean#0",
	"@value":{
		"items":{
			"@type":"LinkedList#1",
			"@value":[
				"abcde",
				"abcde"
			]
		}
	}
}
{
	"@type":"com.alibaba.fastjson2.autoType.AutoTypeTest34_ListStr$Bean#0",
	"@value":{
		"items":{
			"@type":"java.util.Collections$SingletonList#1",
			"@value":["abc"]
		}
	}
}
{
	"@type":"com.alibaba.fastjson2.autoType.AutoTypeTest34_ListStr$Bean#0",
	"@value":{
		"items":{
			"@type":"java.util.Collections$SingletonSet#1",
			"@value":["abc"]
		}
	}
}
{
	"@type":"com.alibaba.fastjson2.autoType.AutoTypeTest34_ListStr$Bean#0",
	"@value":{
		"items":{
			"@type":"java.util.Arrays$ArrayList#1",
			"@value":["abc"]
		}
	}
}
{
	"@type":"com.alibaba.fastjson2.autoType.AutoTypeTest34_ListStr$Bean#0",
	"@value":{
		"items":{
			"@type":"java.util.Collections$UnmodifiableCollection#1",
			"@value":["abc"]
		}
	}
}
{
	"@type":"com.alibaba.fastjson2.autoType.AutoTypeTest38_DupType$Bean#0",
	"@value":{
		"first":{
			"@type":"com.alibaba.fastjson2.autoType.AutoTypeTest38_DupType$Item#1",
			"@value":{
				"id":101,
				"name":"DataWorks"
			}
		},
		"second":{
			"@type":"#1",
			"@value":{
				"id":102,
				"name":"MaxCompute"
			}
		},
		"third":{
			"@type":"#1",
			"@value":{
				"id":102,
				"name":"EMR"
			}
		}
	}
}
{
	"@type":"com.alibaba.fastjson2.autoType.AutoTypeTest46_Pair$Bean#0",
	"@value":{
		"pair1#1":{
			"@type":"org.apache.commons.lang3.tuple.ImmutablePair#2",
			"@value":{
				"left#3":"101",
				"right#4":true
			}
		},
		"pair2#5":{
			"@type":"#2",
			"@value":{
				"#3":"102",
				"#4":true
			}
		}
	}
}
{
	"@type":"com.alibaba.fastjson2.autoType.AutoTypeTest36_SetLong$Bean#0",
	"@value":{
		"values":[100],
		"values1":[100]
	}
}
[
	{
		"@type":"com.alibaba.fastjson2.autoType.AutoTypeTest36_SetLong$Bean2#0",
		"@value":{
			"values":[100]
		}
	},
	{
		"@type":"#0",
		"@value":{
			"values":[200]
		}
	},
	{
		"@type":"#0",
		"@value":{
			"values":[300]
		}
	}
]
{
	"@type":"com.alibaba.fastjson2.autoType.AutoTypeTest36_SetLong$Bean2#0",
	"@value":{
		"values":[100]
	}
}
{
	"@type":"com.alibaba.fastjson2.autoType.AutoTypeTest36_MapAtomicLong$Bean#0",
	"@value":{
		"map":{
			"123":{
				"@type":"AtomicLong#1",
				"@value":123
			}
		}
	}
}
{
	"@type":"com.alibaba.fastjson2.autoType.AutoTypeTest36_MapAtomicLong$Bean#0",
	"@value":{
		"map":{
			"123":{
				"@type":"AtomicInteger#1",
				"@value":123
			}
		}
	}
}
{
	"@type":"com.google.common.collect.AbstractMapBasedMultimap$RandomAccessWrappedList#0",
	"@value":[
		101,
		102,
		101
	]
}
{
	"@type":"com.google.common.collect.AbstractMapBasedMultimap$WrappedSet#0",
	"@value":{
		"ancestor":null,
		"ancestorDelegate":null,
		"delegate":{
			"@type":"HashSet#1",
			"@value":[
				101,
				102
			]
		},
		"key":"a",
		"this$0":{
			"@type":"com.google.common.collect.HashMultimap#2",
			"@value":{
				"a":{
					"@type":"#0",
					"@value":{
						"ancestor":null,
						"ancestorDelegate":null,
						"delegate":{"$ref":"$.delegate"},
						"key":"a",
						"this$0":{"$ref":"$.this$0"}
					}
				}
			}
		}
	}
}
{
	"@type":"com.alibaba.fastjson2.autoType.AutoTypeTest27$Bean1#0",
	"@value":{
		"items":{
			"@type":"java.util.Arrays$ArrayList#1",
			"@value":[
				0,
				1,
				2,
				3
			]
		}
	}
}
{
	"@type":"com.alibaba.fastjson2.autoType.AutoTypeTest27$Bean1#0",
	"@value":{
		"items":{
			"@type":"java.util.Collections$EmptySet#1",
			"@value":[]
		}
	}
}
{
	"@type":"com.alibaba.fastjson2.autoType.AutoTypeTest27$Bean1#0",
	"@value":{
		"items":{
			"@type":"java.util.Collections$UnmodifiableCollection#1",
			"@value":[]
		}
	}
}
{
	"@type":"com.alibaba.fastjson2.autoType.AutoTypeTest27$Bean1#0",
	"@value":{
		"items":{
			"@type":"java.util.AbstractList$SubList#1",
			"@value":[0]
		}
	}
}
{
	"@type":"com.alibaba.fastjson2.autoType.AutoTypeTest27$Bean1#0",
	"@value":{
		"items":{
			"@type":"A#1",
			"@value":[0]
		}
	}
}
{
	"@type":"com.alibaba.fastjson2.autoType.AutoTypeTest27$Bean1#0",
	"@value":{
		"items":{
			"@type":"java.util.Collections$UnmodifiableSortedSet#1",
			"@value":["A"]
		}
	}
}
{
	"@type":"com.alibaba.fastjson2.autoType.AutoTypeTest27$Bean1#0",
	"@value":{
		"items":{
			"@type":"java.util.Collections$UnmodifiableNavigableSet#1",
			"@value":["A"]
		}
	}
}
{
	"@type":"com.alibaba.fastjson2.autoType.AutoTypeTest27$Bean1#0",
	"@value":{
		"items":{
			"@type":"java.util.Collections$SingletonSet#1",
			"@value":["1"]
		}
	}
}
{
	"@type":"com.alibaba.fastjson2.autoType.AutoTypeTest27$Bean1#0",
	"@value":{
		"items":{
			"@type":"java.util.Collections$UnmodifiableSet#1",
			"@value":[]
		}
	}
}
{
	"@type":"com.alibaba.fastjson2.autoType.AutoTypeTest45_ListNullItem$Bean#0",
	"@value":{
		"items":[
			null,
			{}
		]
	}
}
diff type $.sesameBlock_1.fields.map, left class java.util.HashMap, right class com.alibaba.fastjson.JSONObject
diff JSONObject1 $.sesameBlock_1.fields
diff map $.sesameBlock_1, com.alibaba.fastjson.JSONObject
diff map $, com.alibaba.fastjson.JSONObject
{
	"@type":"[O#0",
	"@value":[
		{
			"@type":"TimeUnit#1",
			"@value":"DAYS"
		}
	]
}
{
	"a":{
		"@type":"com.alibaba.fastjson2.autoType.AutoTypeTest37_MapBean$Item#0",
		"@value":{
			"child":null,
			"id":101
		}
	},
	"b":{
		"@type":"#0",
		"@value":{
			"child":null,
			"id":102
		}
	},
	"c":{
		"@type":"#0",
		"@value":{
			"child":{},
			"id":103
		}
	}
}
{
	"@type":"com.alibaba.fastjson2.autoType.AutoTypeTest19$Bean2#0",
	"@value":{
		"values":{
			"@type":"LinkedList#1",
			"@value":[
				{
					"@type":"com.alibaba.fastjson2.autoType.AutoTypeTest19$XItem2#2",
					"@value":{
						"id":0,
						"value":0
					}
				},
				{
					"@type":"#2",
					"@value":{
						"id":0,
						"value":0
					}
				},
				{
					"@type":"#2",
					"@value":{
						"id":0,
						"value":0
					}
				}
			]
		}
	}
}
{
	"@type":"com.alibaba.fastjson2.autoType.AutoTypeTest19$Bean1#0",
	"@value":{
		"f1":false,
		"id":123,
		"v1":0,
		"values":{
			"@type":"LinkedList#1",
			"@value":[
				{
					"key":"101",
					"value":1
				},
				{
					"gmtCreate":1791304942019,
					"key":"102",
					"value":2
				},
				{
					"gmtCreate":1791304942019,
					"key":"103",
					"value":"3"
				}
			]
		}
	}
}
{
	"@type":"com.alibaba.fastjson2.autoType.AutoTypeTest19$Bean2#0",
	"@value":{
		"values":{
			"@type":"LinkedList#1",
			"@value":[
				{
					"@type":"com.alibaba.fastjson2.autoType.AutoTypeTest19$XItem2#2",
					"@value":{
						"id":0,
						"value":0
					}
				}
			]
		}
	}
}
{
	"@type":"com.alibaba.fastjson2.autoType.AutoTypeTest25$Bean1#0",
	"@value":{
		"items":{
			"@type":"TreeMap#1",
			"@value":{
				"a":{
					"a1":null,
					"child":null,
					"chilren":null
				}
			}
		}
	}
}
{
	"@type":"com.alibaba.fastjson2.autoType.AutoTypeTest44_customList$1#0",
	"@value":[101]
}
{
	"@type":"com.alibaba.fastjson2.autoType.AutoTypeTest44_customList$2#0",
	"@value":[101]
}
{
	"@type":"M#0",
	"@value":{
		"a":101
	}
}
{
	"@type":"com.alibaba.fastjson2.autoType.AutoTypeTest24$Bean1#0",
	"@value":{
		"items":[
			"1",
			"2"
		]
	}
}
{
	"@type":"com.alibaba.fastjson2.autoType.AutoTypeTest16_enums$Bean1#0",
	"@value":{
		"values":{
			"@type":"LinkedList#1",
			"@value":[
				"DAYS",
				"SECONDS",
				"DAYS"
			]
		}
	}
}
{
	"@type":"com.alibaba.fastjson2.autoType.AutoTypeTest16_enums$Bean2#0",
	"@value":{
		"values":{
			"@type":"LinkedList#1",
			"@value":[
				{
					"children":{
						"@type":"A#2",
						"@value":[
							{
								"id":11
							},
							{
								"id":12
							}
						]
					}
				},
				{
					"children":{
						"@type":"#2",
						"@value":[
							{
								"id":21
							},
							{
								"id":22
							}
						]
					}
				}
			]
		}
	}
}
{
	"@type":"com.alibaba.fastjson2.autoType.AutoTypeTest36_MapLong$Bean#0",
	"@value":{
		"values":{
			"abc":100
		}
	}
}
{
	"@type":"com.alibaba.fastjson2.autoType.AutoTypeTest40_listBeanMap$Bean#0",
	"@value":{
		"items":[
			{
				"@type":"M#1",
				"@value":{}
			}
		]
	}
}
{
	"@type":"com.alibaba.fastjson2.autoType.AutoTypeTest40_listBeanMap$Bean2#0",
	"@value":{
		"items":{
			"a":{
				"@type":"M#1",
				"@value":{}
			}
		}
	}
}
{
	"@type":"com.alibaba.fastjson2.autoType.AutoTypeTest8$Bean#0",
	"@value":{
		"values":{
			"@type":"[com.alibaba.fastjson2.autoType.AutoTypeTest8$A1#1",
			"@value":[
				{}
			]
		}
	}
}
[{}]
[{}]
{
	"@type":"com.alibaba.fastjson2.autoType.AutoTypeTest8$ListBean#0",
	"@value":{
		"values":{
			"@type":"LinkedList#1",
			"@value":[
				{
					"@type":"com.alibaba.fastjson2.autoType.AutoTypeTest8$A#2",
					"@value":{}
				}
			]
		}
	}
}
{
	"@type":"com.alibaba.fastjson2.autoType.AutoTypeTest8$ListBean2#0",
	"@value":{
		"values":[
			{
				"@type":"com.alibaba.fastjson2.autoType.AutoTypeTest8$A#1",
				"@value":{}
			}
		]
	}
}
{
	"@type":"com.alibaba.fastjson2.autoType.AutoTypeTest30$Bean1#0",
	"@value":{
		"items":["101"]
	}
}
{
	"@type":"com.alibaba.fastjson2.autoType.AutoTypeTest30$Bean2#0",
	"@value":{
		"value":"1001"
	}
}
[
	{
		"@type":"com.alibaba.fastjson2.autoType.AutoTypeTest30$Bean1#0",
		"@value":{
			"items":["101"]
		}
	},
	{
		"@type":"#0",
		"@value":{
			"items":["102"]
		}
	},
	{
		"@type":"#0",
		"@value":{
			"items":["103"]
		}
	}
]
{"name":123456789,"id":"abc"}
[
	{
		"name":"id",
		"inferSQLType":"STRING",
		"inferType":"java.lang.String",
		"integers":7702,
		"numbers":7702,
		"precision":10,
		"values":15404
	},
	{
		"name":"type",
		"inferSQLType":"STRING",
		"inferType":"java.lang.String",
		"precision":29,
		"values":15404
	},
	{
		"name":"actor",
		"inferSQLType":"STRING",
		"inferType":"java.util.Map",
		"maps":7702,
		"values":7702
	},
	{
		"name":"actor.id",
		"inferSQLType":"INT",
		"inferType":"java.lang.Integer",
		"integers":7702,
		"numbers":7702,
		"values":7702
	},
	{
		"name":"actor.login",
		"inferSQLType":"STRING",
		"inferType":"java.lang.String",
		"integers":3,
		"numbers":3,
		"precision":27,
		"values":15404
	},
	{
		"name":"actor.gravatar_id",
		"inferSQLType":"STRING",
		"inferType":"java.lang.String",
		"nulls":7702,
		"values":15404
	},
	{
		"name":"actor.url",
		"inferSQLType":"STRING",
		"inferType":"java.lang.String",
		"precision":56,
		"values":15404
	},
	{
		"name":"actor.avatar_url",
		"inferSQLType":"STRING",
		"inferType":"java.lang.String",
		"precision":49,
		"values":15404
	},
	{
		"name":"repo",
		"inferSQLType":"STRING",
		"inferType":"java.util.Map",
		"maps":7702,
		"values":7702
	},
	{
		"name":"repo.id",
		"inferSQLType":"INT",
		"inferType":"java.lang.Integer",
		"integers":7702,
		"numbers":7702,
		"values":7702
	},
	{
		"name":"repo.name",
		"errors":64,
		"inferSQLType":"STRING",
		"inferType":"java.lang.String",
		"precision":54,
		"values":15404
	},
	{
		"name":"repo.url",
		"inferSQLType":"STRING",
		"inferType":"java.lang.String",
		"precision":83,
		"values":15404
	},
	{
		"name":"payload",
		"inferSQLType":"STRING",
		"inferType":"java.util.Map",
		"maps":7702,
		"values":7702
	},
	{
		"name":"payload.push_id",
		"inferSQLType":"INT",
		"inferType":"java.lang.Integer",
		"integers":4280,
		"numbers":4280,
		"values":4280
	},
	{
		"name":"payload.size",
		"inferSQLType":"INT",
		"inferType":"java.lang.Integer",
		"integers":4280,
		"numbers":4280,
		"values":4280
	},
	{
		"name":"payload.distinct_size",
		"inferSQLType":"INT",
		"inferType":"java.lang.Integer",
		"integers":4280,
		"numbers":4280,
		"values":4280
	},
	{
		"name":"payload.ref",
		"errors":192,
		"inferSQLType":"STRING",
		"inferType":"java.lang.String",
		"integers":1,
		"nulls":290,
		"numbers":10,
		"precision":250,
		"scale":4,
		"values":9892
	},
	{
		"name":"payload.head",
		"inferSQLType":"STRING",
		"inferType":"java.lang.String",
		"precision":40,
		"values":8560
	},
	{
		"name":"payload.before",
		"inferSQLType":"STRING",
		"inferType":"java.lang.String",
		"precision":40,
		"values":8560
	},
	{
		"name":"payload.commits",
		"arrays":4280,
		"inferSQLType":"STRING",
		"inferType":"java.util.Collection",
		"maps":5706,
		"values":9986
	},
	{
		"name":"payload.commits[0].sha",
		"inferSQLType":"STRING",
		"inferType":"java.lang.String",
		"precision":40,
		"values":8270
	},
	{
		"name":"payload.commits[0].author",
		"inferSQLType":"STRING",
		"inferType":"java.util.Map",
		"maps":4135,
		"values":4135
	},
	{
		"name":"payload.commits[0].author.email",
		"inferSQLType":"STRING",
		"inferType":"java.lang.String",
		"precision":77,
		"values":8270
	},
	{
		"name":"payload.commits[0].author.name",
		"inferSQLType":"STRING",
		"inferType":"java.lang.String",
		"integers":1,
		"nonAsciiStrings":83,
		"numbers":1,
		"precision":35,
		"values":8270
	},
	{
		"name":"payload.commits[0].message",
		"dates":2,
		"errors":26,
		"inferSQLType":"STRING",
		"inferType":"java.lang.String",
		"integers":19,
		"nonAsciiStrings":64,
		"nulls":6,
		"numbers":20,
		"precision":3949,
		"scale":2,
		"values":8270
	},
	{
		"name":"payload.commits[0].distinct",
		"booleans":4135,
		"inferSQLType":"STRING",
		"inferType":"java.lang.Boolean",
		"values":4135
	},
	{
		"name":"payload.commits[0].url",
		"inferSQLType":"STRING",
		"inferType":"java.lang.String",
		"precision":132,
		"values":8270
	},
	{
		"name":"public",
		"booleans":7702,
		"inferSQLType":"STRING",
		"inferType":"java.lang.Boolean",
		"values":7702
	},
	{
		"name":"created_at",
		"dates":7702,
		"inferSQLType":"STRING",
		"inferType":"java.lang.String",
		"values":15404
	},
	{
		"name":"payload.ref_type",
		"inferSQLType":"STRING",
		"inferType":"java.lang.String",
		"precision":10,
		"values":1912
	},
	{
		"name":"payload.master_branch",
		"inferSQLType":"STRING",
		"inferType":"java.lang.String",
		"precision":13,
		"values":1630
	},
	{
		"name":"payload.description",
		"inferSQLType":"STRING",
		"inferType":"java.lang.String",
		"integers":4,
		"nonAsciiStrings":20,
		"nulls":256,
		"numbers":4,
		"precision":469,
		"values":1576
	},
	{
		"name":"payload.pusher_type",
		"inferSQLType":"STRING",
		"inferType":"java.lang.String",
		"precision":4,
		"values":1912
	},
	{
		"name":"payload.commits[1].sha",
		"inferSQLType":"STRING",
		"inferType":"java.lang.String",
		"precision":40,
		"values":1462
	},
	{
		"name":"payload.commits[1].author",
		"inferSQLType":"STRING",
		"inferType":"java.util.Map",
		"maps":731,
		"values":731
	},
	{
		"name":"payload.commits[1].author.email",
		"inferSQLType":"STRING",
		"inferType":"java.lang.String",
		"precision":77,
		"values":1462
	},
	{
		"name":"payload.commits[1].author.name",
		"inferSQLType":"STRING",
		"inferType":"java.lang.String",
		"nonAsciiStrings":9,
		"precision":30,
		"values":1462
	},
	{
		"name":"payload.commits[1].message",
		"errors":3,
		"inferSQLType":"STRING",
		"inferType":"java.lang.String",
		"nonAsciiStrings":6,
		"numbers":2,
		"precision":2336,
		"scale":4,
		"values":1462
	},
	{
		"name":"payload.commits[1].distinct",
		"booleans":731,
		"inferSQLType":"STRING",
		"inferType":"java.lang.Boolean",
		"values":731
	},
	{
		"name":"payload.commits[1].url",
		"inferSQLType":"STRING",
		"inferType":"java.lang.String",
		"precision":132,
		"values":1462
	},
	{
		"name":"payload.commits[2].sha",
		"inferSQLType":"STRING",
		"inferType":"java.lang.String",
		"precision":40,
		"values":640
	},
	{
		"name":"payload.commits[2].author",
		"inferSQLType":"STRING",
		"inferType":"java.util.Map",
		"maps":320,
		"values":320
	},
	{
		"name":"payload.commits[2].author.email",
		"inferSQLType":"STRING",
		"inferType":"java.lang.String",
		"precision":77,
		"values":640
	},
	{
		"name":"payload.commits[2].author.name",
		"inferSQLType":"STRING",
		"inferType":"java.lang.String",
		"nonAsciiStrings":4,
		"precision":29,
		"values":640
	},
	{
		"name":"payload.commits[2].message",
		"inferSQLType":"STRING",
		"inferType":"java.lang.String",
		"nonAsciiStrings":3,
		"precision":1154,
		"values":640
	},
	{
		"name":"payload.commits[2].distinct",
		"booleans":320,
		"inferSQLType":"STRING",
		"inferType":"java.lang.Boolean",
		"values":320
	},
	{
		"name":"payload.commits[2].url",
		"inferSQLType":"STRING",
		"inferType":"java.lang.String",
		"precision":121,
		"values":640
	},
	{
		"name":"payload.commits[3].sha",
		"inferSQLType":"STRING",
		"inferType":"java.lang.String",
		"precision":40,
		"values":354
	},
	{
		"name":"payload.commits[3].author",
		"inferSQLType":"STRING",
		"inferType":"java.util.Map",
		"maps":177,
		"values":177
	},
	{
		"name":"payload.commits[3].author.email",
		"inferSQLType":"STRING",
		"inferType":"java.lang.String",
		"precision":75,
		"values":354
	},
	{
		"name":"payload.commits[3].author.name",
		"inferSQLType":"STRING",
		"inferType":"java.lang.String",
		"nonAsciiStrings":2,
		"precision":46,
		"values":354
	},
	{
		"name":"payload.commits[3].message",
		"inferSQLType":"STRING",
		"inferType":"java.lang.String",
		"nonAsciiStrings":3,
		"precision":492,
		"values":354
	},
	{
		"name":"payload.commits[3].distinct",
		"booleans":177,
		"inferSQLType":"STRING",
		"inferType":"java.lang.Boolean",
		"values":177
	},
	{
		"name":"payload.commits[3].url",
		"inferSQLType":"STRING",
		"inferType":"java.lang.String",
		"precision":121,
		"values":354
	},
	{
		"name":"payload.commits[4].sha",
		"inferSQLType":"STRING",
		"inferType":"java.lang.String",
		"precision":40,
		"values":238
	},
	{
		"name":"payload.commits[4].author",
		"inferSQLType":"STRING",
		"inferType":"java.util.Map",
		"maps":119,
		"values":119
	},
	{
		"name":"payload.commits[4].author.email",
		"inferSQLType":"STRING",
		"inferType":"java.lang.String",
		"precision":75,
		"values":238
	},
	{
		"name":"payload.commits[4].author.name",
		"inferSQLType":"STRING",
		"inferType":"java.lang.String",
		"nonAsciiStrings":2,
		"precision":29,
		"values":238
	},
	{
		"name":"payload.commits[4].message",
		"inferSQLType":"STRING",
		"inferType":"java.lang.String",
		"nonAsciiStrings":1,
		"precision":654,
		"values":238
	},
	{
		"name":"payload.commits[4].distinct",
		"booleans":119,
		"inferSQLType":"STRING",
		"inferType":"java.lang.Boolean",
		"values":119
	},
	{
		"name":"payload.commits[4].url",
		"inferSQLType":"STRING",
		"inferType":"java.lang.String",
		"precision":121,
		"values":238
	},
	{
		"name":"payload.commits[5].sha",
		"inferSQLType":"STRING",
		"inferType":"java.lang.String",
		"precision":40,
		"values":166
	},
	{
		"name":"payload.commits[5].author",
		"inferSQLType":"STRING",
		"inferType":"java.util.Map",
		"maps":83,
		"values":83
	},
	{
		"name":"payload.commits[5].author.email",
		"inferSQLType":"STRING",
		"inferType":"java.lang.String",
		"precision":75,
		"values":166
	},
	{
		"name":"payload.commits[5].author.name",
		"inferSQLType":"STRING",
		"inferType":"java.lang.String",
		"nonAsciiStrings":1,
		"precision":29,
		"values":166
	},
	{
		"name":"payload.commits[5].message",
		"inferSQLType":"STRING",
		"inferType":"java.lang.String",
		"nonAsciiStrings":1,
		"precision":1164,
		"values":166
	},
	{
		"name":"payload.commits[5].distinct",
		"booleans":83,
		"inferSQLType":"STRING",
		"inferType":"java.lang.Boolean",
		"values":83
	},
	{
		"name":"payload.commits[5].url",
		"inferSQLType":"STRING",
		"inferType":"java.lang.String",
		"precision":121,
		"values":166
	},
	{
		"name":"payload.commits[6].sha",
		"inferSQLType":"STRING",
		"inferType":"java.lang.String",
		"precision":40,
		"values":122
	},
	{
		"name":"payload.commits[6].author",
		"inferSQLType":"STRING",
		"inferType":"java.util.Map",
		"maps":61,
		"values":61
	},
	{
		"name":"payload.commits[6].author.email",
		"inferSQLType":"STRING",
		"inferType":"java.lang.String",
		"precision":75,
		"values":122
	},
	{
		"name":"payload.commits[6].author.name",
		"inferSQLType":"STRING",
		"inferType":"java.lang.String",
		"nonAsciiStrings":2,
		"precision":29,
		"values":122
	},
	{
		"name":"payload.commits[6].message",
		"inferSQLType":"STRING",
		"inferType":"java.lang.String",
		"nonAsciiStrings":1,
		"precision":525,
		"values":122
	},
	{
		"name":"payload.commits[6].distinct",
		"booleans":61,
		"inferSQLType":"STRING",
		"inferType":"java.lang.Boolean",
		"values":61
	},
	{
		"name":"payload.commits[6].url",
		"inferSQLType":"STRING",
		"inferType":"java.lang.String",
		"precision":121,
		"values":122
	},
	{
		"name":"payload.commits[7].sha",
		"inferSQLType":"STRING",
		"inferType":"java.lang.String",
		"precision":40,
		"values":82
	},
	{
		"name":"payload.commits[7].author",
		"inferSQLType":"STRING",
		"inferType":"java.util.Map",
		"maps":41,
		"values":41
	},
	{
		"name":"payload.commits[7].author.email",
		"inferSQLType":"STRING",
		"inferType":"java.lang.String",
		"precision":75,
		"values":82
	},
	{
		"name":"payload.commits[7].author.name",
		"inferSQLType":"STRING",
		"inferType":"java.lang.String",
		"precision":29,
		"values":82
	},
	{
		"name":"payload.commits[7].message",
		"inferSQLType":"STRING",
		"inferType":"java.lang.String",
		"nonAsciiStrings":1,
		"precision":458,
		"values":82
	},
	{
		"name":"payload.commits[7].distinct",
		"booleans":41,
		"inferSQLType":"STRING",
		"inferType":"java.lang.Boolean",
		"values":41
	},
	{
		"name":"payload.commits[7].url",
		"inferSQLType":"STRING",
		"inferType":"java.lang.String",
		"precision":121,
		"values":82
	},
	{
		"name":"org",
		"inferSQLType":"STRING",
		"inferType":"java.util.Map",
		"maps":2342,
		"values":2342
	},
	{
		"name":"org.id",
		"inferSQLType":"INT",
		"inferType":"java.lang.Integer",
		"integers":2342,
		"numbers":2342,
		"values":2342
	},
	{
		"name":"org.login",
		"errors":3,
		"inferSQLType":"STRING",
		"inferType":"java.lang.String",
		"precision":36,
		"values":4684
	},
	{
		"name":"org.gravatar_id",
		"inferSQLType":"STRING",
		"inferType":"java.lang.String",
		"nulls":2342,
		"values":4684
	},
	{
		"name":"org.url",
		"inferSQLType":"STRING",
		"inferType":"java.lang.String",
		"precision":64,
		"values":4684
	},
	{
		"name":"org.avatar_url",
		"inferSQLType":"STRING",
		"inferType":"java.lang.String",
		"precision":49,
		"values":4684
	},
	{
		"name":"payload.action",
		"inferSQLType":"STRING",
		"inferType":"java.lang.String",
		"precision":9,
		"values":4210
	},
	{
		"name":"payload.issue",
		"inferSQLType":"STRING",
		"inferType":"java.util.Map",
		"maps":1023,
		"values":1023
	},
	{
		"name":"payload.issue.url",
		"inferSQLType":"STRING",
		"inferType":"java.lang.String",
		"precision":82,
		"values":2046
	},
	{
		"name":"payload.issue.labels_url",
		"inferSQLType":"STRING",
		"inferType":"java.lang.String",
		"precision":96,
		"values":2046
	},
	{
		"name":"payload.issue.comments_url",
		"inferSQLType":"STRING",
		"inferType":"java.lang.String",
		"precision":91,
		"values":2046
	},
	{
		"name":"payload.issue.events_url",
		"inferSQLType":"STRING",
		"inferType":"java.lang.String",
		"precision":89,
		"values":2046
	},
	{
		"name":"payload.issue.html_url",
		"inferSQLType":"STRING",
		"inferType":"java.lang.String",
		"precision":71,
		"values":2046
	},
	{
		"name":"payload.issue.id",
		"inferSQLType":"INT",
		"inferType":"java.lang.Integer",
		"integers":1023,
		"numbers":1023,
		"values":1023
	},
	{
		"name":"payload.issue.number",
		"inferSQLType":"INT",
		"inferType":"java.lang.Integer",
		"integers":1023,
		"numbers":1023,
		"values":1023
	},
	{
		"name":"payload.issue.title",
		"inferSQLType":"STRING",
		"inferType":"java.lang.String",
		"nonAsciiStrings":16,
		"precision":135,
		"values":2046
	},
	{
		"name":"payload.issue.user",
		"inferSQLType":"STRING",
		"inferType":"java.util.Map",
		"maps":1023,
		"values":1023
	},
	{
		"name":"payload.issue.user.login",
		"inferSQLType":"STRING",
		"inferType":"java.lang.String",
		"precision":20,
		"values":2046
	},
	{
		"name":"payload.issue.user.id",
		"inferSQLType":"INT",
		"inferType":"java.lang.Integer",
		"integers":1023,
		"numbers":1023,
		"values":1023
	}
]
{"@type":"com.alibaba.fastjson2.issues_1900.Issue1945$B","aInstance":{"@type":"java.util.HashMap","test":"test"},"clazz":["java.lang.String"]}
{
	"id#0":"#0",
	"#0":"#0"
}
[
	{
		"@type":"vip.joinsun.dto.order.ThirdOrderResponseBO0#0",
		"@value":{}
	},
	{
		"@type":"vip.joinsun.dto.order.ThirdOrderResponseBO1#1",
		"@value":{}
	},
	{
		"@type":"vip.joinsun.dto.order.ThirdOrderResponseBO2#2",
		"@value":{}
	},
	{
		"@type":"vip.joinsun.dto.order.ThirdOrderResponseBO3#3",
		"@value":{}
	},
	{
		"@type":"vip.joinsun.dto.order.ThirdOrderResponseBO4#4",
		"@value":{}
	},
	{
		"@type":"vip.joinsun.dto.order.ThirdOrderResponseBO5#5",
		"@value":{}
	},
	{
		"@type":"vip.joinsun.dto.order.ThirdOrderResponseBO6#6",
		"@value":{}
	},
	{
		"@type":"vip.joinsun.dto.order.ThirdOrderResponseBO7#7",
		"@value":{}
	},
	{
		"@type":"vip.joinsun.dto.order.ThirdOrderResponseBO8#8",
		"@value":{}
	},
	{
		"@type":"vip.joinsun.dto.order.ThirdOrderResponseBO9#9",
		"@value":{}
	},
	{
		"@type":"vip.joinsun.dto.order.ThirdOrderResponseBO10#10",
		"@value":{}
	},
	{
		"@type":"vip.joinsun.dto.order.ThirdOrderResponseBO11#11",
		"@value":{}
	},
	{
		"@type":"vip.joinsun.dto.order.ThirdOrderResponseBO12#12",
		"@value":{}
	},
	{
		"@type":"vip.joinsun.dto.order.ThirdOrderResponseBO13#13",
		"@value":{}
	},
	{
		"@type":"vip.joinsun.dto.order.ThirdOrderResponseBO14#14",
		"@value":{}
	},
	{
		"@type":"vip.joinsun.dto.order.ThirdOrderResponseBO15#15",
		"@value":{}
	},
	{
		"@type":"vip.joinsun.dto.order.ThirdOrderResponseBO16#16",
		"@value":{}
	},
	{
		"@type":"vip.joinsun.dto.order.ThirdOrderResponseBO17#17",
		"@value":{}
	},
	{
		"@type":"vip.joinsun.dto.order.ThirdOrderResponseBO18#18",
		"@value":{}
	},
	{
		"@type":"vip.joinsun.dto.order.ThirdOrderResponseBO19#19",
		"@value":{}
	},
	{
		"@type":"vip.joinsun.dto.order.ThirdOrderResponseBO20#20",
		"@value":{}
	},
	{
		"@type":"vip.joinsun.dto.order.ThirdOrderResponseBO21#21",
		"@value":{}
	},
	{
		"@type":"vip.joinsun.dto.order.ThirdOrderResponseBO22#22",
		"@value":{}
	},
	{
		"@type":"vip.joinsun.dto.order.ThirdOrderResponseBO23#23",
		"@value":{}
	},
	{
		"@type":"vip.joinsun.dto.order.ThirdOrderResponseBO24#24",
		"@value":{}
	},
	{
		"@type":"vip.joinsun.dto.order.ThirdOrderResponseBO25#25",
		"@value":{}
	},
	{
		"@type":"vip.joinsun.dto.order.ThirdOrderResponseBO26#26",
		"@value":{}
	},
	{
		"@type":"vip.joinsun.dto.order.ThirdOrderResponseBO27#27",
		"@value":{}
	},
	{
		"@type":"vip.joinsun.dto.order.ThirdOrderResponseBO28#28",
		"@value":{}
	},
	{
		"@type":"vip.joinsun.dto.order.ThirdOrderResponseBO29#29",
		"@value":{}
	},
	{
		"@type":"vip.joinsun.dto.order.ThirdOrderResponseBO30#30",
		"@value":{}
	},
	{
		"@type":"vip.joinsun.dto.order.ThirdOrderResponseBO31#31",
		"@value":{}
	},
	{
		"@type":"vip.joinsun.dto.order.ThirdOrderResponseBO32#32",
		"@value":{}
	},
	{
		"@type":"vip.joinsun.dto.order.ThirdOrderResponseBO33#33",
		"@value":{}
	},
	{
		"@type":"vip.joinsun.dto.order.ThirdOrderResponseBO34#34",
		"@value":{}
	},
	{
		"@type":"vip.joinsun.dto.order.ThirdOrderResponseBO35#35",
		"@value":{}
	},
	{
		"@type":"vip.joinsun.dto.order.ThirdOrderResponseBO36#36",
		"@value":{}
	},
	{
		"@type":"vip.joinsun.dto.order.ThirdOrderResponseBO37#37",
		"@value":{}
	},
	{
		"@type":"vip.joinsun.dto.order.ThirdOrderResponseBO38#38",
		"@value":{}
	},
	{
		"@type":"vip.joinsun.dto.order.ThirdOrderResponseBO39#39",
		"@value":{}
	},
	{
		"@type":"vip.joinsun.dto.order.ThirdOrderResponseBO40#40",
		"@value":{}
	},
	{
		"@type":"vip.joinsun.dto.order.ThirdOrderResponseBO41#41",
		"@value":{}
	},
	{
		"@type":"vip.joinsun.dto.order.ThirdOrderResponseBO42#42",
		"@value":{}
	},
	{
		"@type":"vip.joinsun.dto.order.ThirdOrderResponseBO43#43",
		"@value":{}
	},
	{
		"@type":"vip.joinsun.dto.order.ThirdOrderResponseBO44#44",
		"@value":{}
	},
	{
		"@type":"vip.joinsun.dto.order.ThirdOrderResponseBO45#45",
		"@value":{}
	},
	{
		"@type":"vip.joinsun.dto.order.ThirdOrderResponseBO46#46",
		"@value":{}
	},
	{
		"@type":"vip.joinsun.dto.order.ThirdOrderResponseBO47#47",
		"@value":{}
	},
	{
		"@type":"vip.joinsun.dto.order.ThirdOrderResponseBO48#48",
		"@value":{}
	},
	{
		"@type":"vip.joinsun.dto.order.ThirdOrderResponseBO49#49",
		"@value":{}
	},
	{
		"@type":"vip.joinsun.dto.order.ThirdOrderResponseBO50#50",
		"@value":{}
	},
	{
		"@type":"vip.joinsun.dto.order.ThirdOrderResponseBO51#51",
		"@value":{}
	},
	{
		"@type":"vip.joinsun.dto.order.ThirdOrderResponseBO52#52",
		"@value":{}
	},
	{
		"@type":"vip.joinsun.dto.order.ThirdOrderResponseBO53#53",
		"@value":{}
	},
	{
		"@type":"vip.joinsun.dto.order.ThirdOrderResponseBO54#54",
		"@value":{}
	},
	{
		"@type":"vip.joinsun.dto.order.ThirdOrderResponseBO55#55",
		"@value":{}
	},
	{
		"@type":"vip.joinsun.dto.order.ThirdOrderResponseBO56#56",
		"@value":{}
	},
	{
		"@type":"vip.joinsun.dto.order.ThirdOrderResponseBO57#57",
		"@value":{}
	},
	{
		"@type":"vip.joinsun.dto.order.ThirdOrderResponseBO58#58",
		"@value":{}
	},
	{
		"@type":"vip.joinsun.dto.order.ThirdOrderResponseBO59#59",
		"@value":{}
	},
	{
		"@type":"vip.joinsun.dto.order.ThirdOrderResponseBO60#60",
		"@value":{}
	},
	{
		"@type":"vip.joinsun.dto.order.ThirdOrderResponseBO61#61",
		"@value":{}
	},
	{
		"@type":"vip.joinsun.dto.order.ThirdOrderResponseBO62#62",
		"@value":{}
	},
	{
		"@type":"vip.joinsun.dto.order.ThirdOrderResponseBO63#63",
		"@value":{}
	},
	{
		"@type":"vip.joinsun.dto.order.ThirdOrderResponseBO64#64",
		"@value":{}
	},
	{
		"@type":"vip.joinsun.dto.order.ThirdOrderResponseBO65#65",
		"@value":{}
	},
	{
		"@type":"vip.joinsun.dto.order.ThirdOrderResponseBO66#66",
		"@value":{}
	},
	{
		"@type":"vip.joinsun.dto.order.ThirdOrderResponseBO67#67",
		"@value":{}
	},
	{
		"@type":"vip.joinsun.dto.order.ThirdOrderResponseBO68#68",
		"@value":{}
	},
	{
		"@type":"vip.joinsun.dto.order.ThirdOrderResponseBO69#69",
		"@value":{}
	},
	{
		"@type":"vip.joinsun.dto.order.ThirdOrderResponseBO70#70",
		"@value":{}
	},
	{
		"@type":"vip.joinsun.dto.order.ThirdOrderResponseBO71#71",
		"@value":{}
	},
	{
		"@type":"vip.joinsun.dto.order.ThirdOrderResponseBO72#72",
		"@value":{}
	},
	{
		"@type":"vip.joinsun.dto.order.ThirdOrderResponseBO73#73",
		"@value":{}
	},
	{
		"@type":"vip.joinsun.dto.order.ThirdOrderResponseBO74#74",
		"@value":{}
	},
	{
		"@type":"vip.joinsun.dto.order.ThirdOrderResponseBO75#75",
		"@value":{}
	},
	{
		"@type":"vip.joinsun.dto.order.ThirdOrderResponseBO76#76",
		"@value":{}
	},
	{
		"@type":"vip.joinsun.dto.order.ThirdOrderResponseBO77#77",
		"@value":{}
	},
	{
		"@type":"vip.joinsun.dto.order.ThirdOrderResponseBO78#78",
		"@value":{}
	},
	{
		"@type":"vip.joinsun.dto.order.ThirdOrderResponseBO79#79",
		"@value":{}
	},
	{
		"@type":"vip.joinsun.dto.order.ThirdOrderResponseBO80#80",
		"@value":{}
	},
	{
		"@type":"vip.joinsun.dto.order.ThirdOrderResponseBO81#81",
		"@value":{}
	},
	{
		"@type":"vip.joinsun.dto.order.ThirdOrderResponseBO82#82",
		"@value":{}
	},
	{
		"@type":"vip.joinsun.dto.order.ThirdOrderResponseBO83#83",
		"@value":{}
	},
	{
		"@type":"vip.joinsun.dto.order.ThirdOrderResponseBO84#84",
		"@value":{}
	},
	{
		"@type":"vip.joinsun.dto.order.ThirdOrderResponseBO85#85",
		"@value":{}
	},
	{
		"@type":"vip.joinsun.dto.order.ThirdOrderResponseBO86#86",
		"@value":{}
	},
	{
		"@type":"vip.joinsun.dto.order.ThirdOrderResponseBO87#87",
		"@value":{}
	},
	{
		"@type":"vip.joinsun.dto.order.ThirdOrderResponseBO88#88",
		"@value":{}
	},
	{
		"@type":"vip.joinsun.dto.order.ThirdOrderResponseBO89#89",
		"@value":{}
	},
	{
		"@type":"vip.joinsun.dto.order.ThirdOrderResponseBO90#90",
		"@value":{}
	},
	{
		"@type":"vip.joinsun.dto.order.ThirdOrderResponseBO91#91",
		"@value":{}
	},
	{
		"@type":"vip.joinsun.dto.order.ThirdOrderResponseBO92#92",
		"@value":{}
	},
	{
		"@type":"vip.joinsun.dto.order.ThirdOrderResponseBO93#93",
		"@value":{}
	},
	{
		"@type":"vip.joinsun.dto.order.ThirdOrderResponseBO94#94",
		"@value":{}
	},
	{
		"@type":"vip.joinsun.dto.order.ThirdOrderResponseBO95#95",
		"@value":{}
	},
	{
		"@type":"vip.joinsun.dto.order.ThirdOrderResponseBO96#96",
		"@value":{}
	},
	{
		"@type":"vip.joinsun.dto.order.ThirdOrderResponseBO97#97",
		"@value":{}
	},
	{
		"@type":"vip.joinsun.dto.order.ThirdOrderResponseBO98#98",
		"@value":{}
	},
	{
		"@type":"vip.joinsun.dto.order.ThirdOrderResponseBO99#99",
		"@value":{}
	},
	{
		"@type":"vip.joinsun.dto.order.ThirdOrderResponseBO100#100",
		"@value":{}
	},
	{
		"@type":"vip.joinsun.dto.order.ThirdOrderResponseBO101#101",
		"@value":{}
	},
	{
		"@type":"vip.joinsun.dto.order.ThirdOrderResponseBO102#102",
		"@value":{}
	},
	{
		"@type":"vip.joinsun.dto.order.ThirdOrderResponseBO103#103",
		"@value":{}
	},
	{
		"@type":"vip.joinsun.dto.order.ThirdOrderResponseBO104#104",
		"@value":{}
	},
	{
		"@type":"vip.joinsun.dto.order.ThirdOrderResponseBO105#105",
		"@value":{}
	},
	{
		"@type":"vip.joinsun.dto.order.ThirdOrderResponseBO106#106",
		"@value":{}
	},
	{
		"@type":"vip.joinsun.dto.order.ThirdOrderResponseBO107#107",
		"@value":{}
	},
	{
		"@type":"vip.joinsun.dto.order.ThirdOrderResponseBO108#108",
		"@value":{}
	},
	{
		"@type":"vip.joinsun.dto.order.ThirdOrderResponseBO109#109",
		"@value":{}
	},
	{
		"@type":"vip.joinsun.dto.order.ThirdOrderResponseBO110#110",
		"@value":{}
	},
	{
		"@type":"vip.joinsun.dto.order.ThirdOrderResponseBO111#111",
		"@value":{}
	},
	{
		"@type":"vip.joinsun.dto.order.ThirdOrderResponseBO112#112",
		"@value":{}
	},
	{
		"@type":"vip.joinsun.dto.order.ThirdOrderResponseBO113#113",
		"@value":{}
	},
	{
		"@type":"vip.joinsun.dto.order.ThirdOrderResponseBO114#114",
		"@value":{}
	},
	{
		"@type":"vip.joinsun.dto.order.ThirdOrderResponseBO115#115",
		"@value":{}
	},
	{
		"@type":"vip.joinsun.dto.order.ThirdOrderResponseBO116#116",
		"@value":{}
	},
	{
		"@type":"vip.joinsun.dto.order.ThirdOrderResponseBO117#117",
		"@value":{}
	},
	{
		"@type":"vip.joinsun.dto.order.ThirdOrderResponseBO118#118",
		"@value":{}
	},
	{
		"@type":"vip.joinsun.dto.order.ThirdOrderResponseBO119#119",
		"@value":{}
	},
	{
		"@type":"vip.joinsun.dto.order.ThirdOrderResponseBO120#120",
		"@value":{}
	},
	{
		"@type":"vip.joinsun.dto.order.ThirdOrderResponseBO121#121",
		"@value":{}
	},
	{
		"@type":"vip.joinsun.dto.order.ThirdOrderResponseBO122#122",
		"@value":{}
	},
	{
		"@type":"vip.joinsun.dto.order.ThirdOrderResponseBO123#123",
		"@value":{}
	},
	{
		"@type":"vip.joinsun.dto.order.ThirdOrderResponseBO124#124",
		"@value":{}
	},
	{
		"@type":"vip.joinsun.dto.order.ThirdOrderResponseBO125#125",
		"@value":{}
	},
	{
		"@type":"vip.joinsun.dto.order.ThirdOrderResponseBO126#126",
		"@value":{}
	},
	{
		"@type":"vip.joinsun.dto.order.ThirdOrderResponseBO127#127",
		"@value":{}
	},
	{
		"@type":"vip.joinsun.dto.order.ThirdOrderResponseBO128#128",
		"@value":{}
	},
	{
		"@type":"vip.joinsun.dto.order.ThirdOrderResponseBO129#129",
		"@value":{}
	},
	{
		"@type":"vip.joinsun.dto.order.ThirdOrderResponseBO130#130",
		"@value":{}
	},
	{
		"@type":"vip.joinsun.dto.order.ThirdOrderResponseBO131#131",
		"@value":{}
	},
	{
		"@type":"vip.joinsun.dto.order.ThirdOrderResponseBO132#132",
		"@value":{}
	},
	{
		"@type":"vip.joinsun.dto.order.ThirdOrderResponseBO133#133",
		"@value":{}
	},
	{
		"@type":"vip.joinsun.dto.order.ThirdOrderResponseBO134#134",
		"@value":{}
	},
	{
		"@type":"vip.joinsun.dto.order.ThirdOrderResponseBO135#135",
		"@value":{}
	},
	{
		"@type":"vip.joinsun.dto.order.ThirdOrderResponseBO136#136",
		"@value":{}
	},
	{
		"@type":"vip.joinsun.dto.goods.ProjectGoodsSkuDTO#137",
		"@value":{}
	}
]
{
	"id":"id#0",
	"id":"#0"
}
{
	"value":""
}
{
	"value":""
}
123
Result1: "abc"
Result2: "hij"
Result: "cde"
Result: "de"

Oct 07, 2026 12:42:26 AM org.javamoney.moneta.DefaultMonetaryContextFactory createMonetaryContextNonNullConfig
INFO: Using custom MathContext: precision=256, roundingMode=HALF_EVEN
{"name2":["name2_0","name2_1"]}
{
	"color":{
		"name":"red"
	}
}
{
	"color":{
		"name":"red"
	}
}
{
	"@type":"java.time.format.DateTimeParseException#0",
	"@value":{
		"detailMessage#1":"msg",
		"parsedString#2":"input",
		"stackTrace#3":[
			{
				"fileName#4":"DubboTest4.java",
				"lineNumber#5":209,
				"className#6":"com.alibaba.fastjson2.dubbo.DubboTest4",
				"methodName#7":"testDateTimeParseException"
			},
			{
				"#4":"DirectMethodHandleAccessor.java",
				"#5":104,
				"#6":"jdk.internal.reflect.DirectMethodHandleAccessor",
				"#7":"invoke"
			},
			{
				"#4":"Method.java",
				"#5":565,
				"#6":"java.lang.reflect.Method",
				"#7":"invoke"
			},
			{
				"#4":"ReflectionUtils.java",
				"#5":787,
				"#6":"org.junit.platform.commons.util.ReflectionUtils",
				"#7":"invokeMethod"
			},
			{
				"#4":"ReflectionSupport.java",
				"#5":478,
				"#6":"org.junit.platform.commons.support.ReflectionSupport",
				"#7":"invokeMethod"
			},
			{
				"#4":"MethodInvocation.java",
				"#5":60,
				"#6":"org.junit.jupiter.engine.execution.MethodInvocation",
				"#7":"proceed"
			},
			{
				"#4":"InvocationInterceptorChain.java",
				"#5":131,
				"#6":"org.junit.jupiter.engine.execution.InvocationInterceptorChain$ValidatingInvocation",
				"#7":"proceed"
			},
			{
				"#4":"TimeoutExtension.java",
				"#5":161,
				"#6":"org.junit.jupiter.engine.extension.TimeoutExtension",
				"#7":"intercept"
			},
			{
				"#4":"TimeoutExtension.java",
				"#5":152,
				"#6":"org.junit.jupiter.engine.extension.TimeoutExtension",
				"#7":"interceptTestableMethod"
			},
			{
				"#4":"TimeoutExtension.java",
				"#5":91,
				"#6":"org.junit.jupiter.engine.extension.TimeoutExtension",
				"#7":"interceptTestMethod"
			},
			{
				"#4":"InterceptingExecutableInvoker.java",
				"#5":112,
				"#6":"org.junit.jupiter.engine.execution.InterceptingExecutableInvoker$ReflectiveInterceptorCall",
				"#7":"lambda$ofVoidMethod$0"
			},
			{
				"#4":"InterceptingExecutableInvoker.java",
				"#5":94,
				"#6":"org.junit.jupiter.engine.execution.InterceptingExecutableInvoker",
				"#7":"lambda$invoke$0"
			},
			{
				"#4":"InvocationInterceptorChain.java",
				"#5":106,
				"#6":"org.junit.jupiter.engine.execution.InvocationInterceptorChain$InterceptedInvocation",
				"#7":"proceed"
			},
			{
				"#4":"InvocationInterceptorChain.java",
				"#5":64,
				"#6":"org.junit.jupiter.engine.execution.InvocationInterceptorChain",
				"#7":"proceed"
			},
			{
				"#4":"InvocationInterceptorChain.java",
				"#5":45,
				"#6":"org.junit.jupiter.engine.execution.InvocationInterceptorChain",
				"#7":"chainAndInvoke"
			},
			{
				"#4":"InvocationInterceptorChain.java",
				"#5":37,
				"#6":"org.junit.jupiter.engine.execution.InvocationInterceptorChain",
				"#7":"invoke"
			},
			{
				"#4":"InterceptingExecutableInvoker.java",
				"#5":93,
				"#6":"org.junit.jupiter.engine.execution.InterceptingExecutableInvoker",
				"#7":"invoke"
			},
			{
				"#4":"InterceptingExecutableInvoker.java",
				"#5":87,
				"#6":"org.junit.jupiter.engine.execution.InterceptingExecutableInvoker",
				"#7":"invoke"
			},
			{
				"#4":"TestMethodTestDescriptor.java",
				"#5":221,
				"#6":"org.junit.jupiter.engine.descriptor.TestMethodTestDescriptor",
				"#7":"lambda$invokeTestMethod$4"
			},
			{
				"#4":"ThrowableCollector.java",
				"#5":73,
				"#6":"org.junit.platform.engine.support.hierarchical.ThrowableCollector",
				"#7":"execute"
			},
			{
				"#4":"TestMethodTestDescriptor.java",
				"#5":217,
				"#6":"org.junit.jupiter.engine.descriptor.TestMethodTestDescriptor",
				"#7":"invokeTestMethod"
			},
			{
				"#4":"TestMethodTestDescriptor.java",
				"#5":159,
				"#6":"org.junit.jupiter.engine.descriptor.TestMethodTestDescriptor",
				"#7":"execute"
			},
			{
				"#4":"TestMethodTestDescriptor.java",
				"#5":70,
				"#6":"org.junit.jupiter.engine.descriptor.TestMethodTestDescriptor",
				"#7":"execute"
			},
			{
				"#4":"NodeTestTask.java",
				"#5":157,
				"#6":"org.junit.platform.engine.support.hierarchical.NodeTestTask",
				"#7":"lambda$executeRecursively$6"
			},
			{
				"#4":"ThrowableCollector.java",
				"#5":73,
				"#6":"org.junit.platform.engine.support.hierarchical.ThrowableCollector",
				"#7":"execute"
			},
			{
				"#4":"NodeTestTask.java",
				"#5":147,
				"#6":"org.junit.platform.engine.support.hierarchical.NodeTestTask",
				"#7":"lambda$executeRecursively$8"
			},
			{
				"#4":"Node.java",
				"#5":137,
				"#6":"org.junit.platform.engine.support.hierarchical.Node",
				"#7":"around"
			},
			{
				"#4":"NodeTestTask.java",
				"#5":145,
				"#6":"org.junit.platform.engine.support.hierarchical.NodeTestTask",
				"#7":"lambda$executeRecursively$9"
			},
			{
				"#4":"ThrowableCollector.java",
				"#5":73,
				"#6":"org.junit.platform.engine.support.hierarchical.ThrowableCollector",
				"#7":"execute"
			},
			{
				"#4":"NodeTestTask.java",
				"#5":144,
				"#6":"org.junit.platform.engine.support.hierarchical.NodeTestTask",
				"#7":"executeRecursively"
			},
			{
				"#4":"NodeTestTask.java",
				"#5":101,
				"#6":"org.junit.platform.engine.support.hierarchical.NodeTestTask",
				"#7":"execute"
			},
			{
				"#4":"ArrayList.java",
				"#5":1604,
				"#6":"java.util.ArrayList",
				"#7":"forEach"
			},
			{
				"#4":"SameThreadHierarchicalTestExecutorService.java",
				"#5":41,
				"#6":"org.junit.platform.engine.support.hierarchical.SameThreadHierarchicalTestExecutorService",
				"#7":"invokeAll"
			},
			{
				"#4":"NodeTestTask.java",
				"#5":161,
				"#6":"org.junit.platform.engine.support.hierarchical.NodeTestTask",
				"#7":"lambda$executeRecursively$6"
			},
			{
				"#4":"ThrowableCollector.java",
				"#5":73,
				"#6":"org.junit.platform.engine.support.hierarchical.ThrowableCollector",
				"#7":"execute"
			},
			{
				"#4":"NodeTestTask.java",
				"#5":147,
				"#6":"org.junit.platform.engine.support.hierarchical.NodeTestTask",
				"#7":"lambda$executeRecursively$8"
			},
			{
				"#4":"Node.java",
				"#5":137,
				"#6":"org.junit.platform.engine.support.hierarchical.Node",
				"#7":"around"
			},
			{
				"#4":"NodeTestTask.java",
				"#5":145,
				"#6":"org.junit.platform.engine.support.hierarchical.NodeTestTask",
				"#7":"lambda$executeRecursively$9"
			},
			{
				"#4":"ThrowableCollector.java",
				"#5":73,
				"#6":"org.junit.platform.engine.support.hierarchical.ThrowableCollector",
				"#7":"execute"
			},
			{
				"#4":"NodeTestTask.java",
				"#5":144,
				"#6":"org.junit.platform.engine.support.hierarchical.NodeTestTask",
				"#7":"executeRecursively"
			},
			{
				"#4":"NodeTestTask.java",
				"#5":101,
				"#6":"org.junit.platform.engine.support.hierarchical.NodeTestTask",
				"#7":"execute"
			},
			{
				"#4":"ArrayList.java",
				"#5":1604,
				"#6":"java.util.ArrayList",
				"#7":"forEach"
			},
			{
				"#4":"SameThreadHierarchicalTestExecutorService.java",
				"#5":41,
				"#6":"org.junit.platform.engine.support.hierarchical.SameThreadHierarchicalTestExecutorService",
				"#7":"invokeAll"
			},
			{
				"#4":"NodeTestTask.java",
				"#5":161,
				"#6":"org.junit.platform.engine.support.hierarchical.NodeTestTask",
				"#7":"lambda$executeRecursively$6"
			},
			{
				"#4":"ThrowableCollector.java",
				"#5":73,
				"#6":"org.junit.platform.engine.support.hierarchical.ThrowableCollector",
				"#7":"execute"
			},
			{
				"#4":"NodeTestTask.java",
				"#5":147,
				"#6":"org.junit.platform.engine.support.hierarchical.NodeTestTask",
				"#7":"lambda$executeRecursively$8"
			},
			{
				"#4":"Node.java",
				"#5":137,
				"#6":"org.junit.platform.engine.support.hierarchical.Node",
				"#7":"around"
			},
			{
				"#4":"NodeTestTask.java",
				"#5":145,
				"#6":"org.junit.platform.engine.support.hierarchical.NodeTestTask",
				"#7":"lambda$executeRecursively$9"
			},
			{
				"#4":"ThrowableCollector.java",
				"#5":73,
				"#6":"org.junit.platform.engine.support.hierarchical.ThrowableCollector",
				"#7":"execute"
			},
			{
				"#4":"NodeTestTask.java",
				"#5":144,
				"#6":"org.junit.platform.engine.support.hierarchical.NodeTestTask",
				"#7":"executeRecursively"
			},
			{
				"#4":"NodeTestTask.java",
				"#5":101,
				"#6":"org.junit.platform.engine.support.hierarchical.NodeTestTask",
				"#7":"execute"
			},
			{
				"#4":"SameThreadHierarchicalTestExecutorService.java",
				"#5":35,
				"#6":"org.junit.platform.engine.support.hierarchical.SameThreadHierarchicalTestExecutorService",
				"#7":"submit"
			},
			{
				"#4":"HierarchicalTestExecutor.java",
				"#5":57,
				"#6":"org.junit.platform.engine.support.hierarchical.HierarchicalTestExecutor",
				"#7":"execute"
			},
			{
				"#4":"HierarchicalTestEngine.java",
				"#5":54,
				"#6":"org.junit.platform.engine.support.hierarchical.HierarchicalTestEngine",
				"#7":"execute"
			},
			{
				"#4":"EngineExecutionOrchestrator.java",
				"#5":230,
				"#6":"org.junit.platform.launcher.core.EngineExecutionOrchestrator",
				"#7":"executeEngine"
			},
			{
				"#4":"EngineExecutionOrchestrator.java",
				"#5":204,
				"#6":"org.junit.platform.launcher.core.EngineExecutionOrchestrator",
				"#7":"failOrExecuteEngine"
			},
			{
				"#4":"EngineExecutionOrchestrator.java",
				"#5":172,
				"#6":"org.junit.platform.launcher.core.EngineExecutionOrchestrator",
				"#7":"execute"
			},
			{
				"#4":"EngineExecutionOrchestrator.java",
				"#5":101,
				"#6":"org.junit.platform.launcher.core.EngineExecutionOrchestrator",
				"#7":"execute"
			},
			{
				"#4":"EngineExecutionOrchestrator.java",
				"#5":64,
				"#6":"org.junit.platform.launcher.core.EngineExecutionOrchestrator",
				"#7":"lambda$execute$0"
			},
			{
				"#4":"EngineExecutionOrchestrator.java",
				"#5":150,
				"#6":"org.junit.platform.launcher.core.EngineExecutionOrchestrator",
				"#7":"withInterceptedStreams"
			},
			{
				"#4":"EngineExecutionOrchestrator.java",
				"#5":63,
				"#6":"org.junit.platform.launcher.core.EngineExecutionOrchestrator",
				"#7":"execute"
			},
			{
				"#4":"DefaultLauncher.java",
				"#5":109,
				"#6":"org.junit.platform.launcher.core.DefaultLauncher",
				"#7":"execute"
			},
			{
				"#4":"DefaultLauncher.java",
				"#5":91,
				"#6":"org.junit.platform.launcher.core.DefaultLauncher",
				"#7":"execute"
			},
			{
				"#4":"DelegatingLauncher.java",
				"#5":47,
				"#6":"org.junit.platform.launcher.core.DelegatingLauncher",
				"#7":"execute"
			},
			{
				"#4":"InterceptingLauncher.java",
				"#5":39,
				"#6":"org.junit.platform.launcher.core.InterceptingLauncher",
				"#7":"lambda$execute$1"
			},
			{
				"#4":"ClasspathAlignmentCheckingLauncherInterceptor.java",
				"#5":25,
				"#6":"org.junit.platform.launcher.core.ClasspathAlignmentCheckingLauncherInterceptor",
				"#7":"intercept"
			},
			{
				"#4":"InterceptingLauncher.java",
				"#5":38,
				"#6":"org.junit.platform.launcher.core.InterceptingLauncher",
				"#7":"execute"
			},
			{
				"#4":"DelegatingLauncher.java",
				"#5":47,
				"#6":"org.junit.platform.launcher.core.DelegatingLauncher",
				"#7":"execute"
			},
			{
				"#4":"LazyLauncher.java",
				"#5":56,
				"#6":"org.apache.maven.surefire.junitplatform.LazyLauncher",
				"#7":"execute"
			},
			{
				"#4":"JUnitPlatformProvider.java",
				"#5":194,
				"#6":"org.apache.maven.surefire.junitplatform.JUnitPlatformProvider",
				"#7":"execute"
			},
			{
				"#4":"JUnitPlatformProvider.java",
				"#5":150,
				"#6":"org.apache.maven.surefire.junitplatform.JUnitPlatformProvider",
				"#7":"invokeAllTests"
			},
			{
				"#4":"JUnitPlatformProvider.java",
				"#5":124,
				"#6":"org.apache.maven.surefire.junitplatform.JUnitPlatformProvider",
				"#7":"invoke"
			},
			{
				"#4":"ForkedBooter.java",
				"#5":385,
				"#6":"org.apache.maven.surefire.booter.ForkedBooter",
				"#7":"runSuitesInProcess"
			},
			{
				"#4":"ForkedBooter.java",
				"#5":162,
				"#6":"org.apache.maven.surefire.booter.ForkedBooter",
				"#7":"execute"
			},
			{
				"#4":"ForkedBooter.java",
				"#5":507,
				"#6":"org.apache.maven.surefire.booter.ForkedBooter",
				"#7":"run"
			},
			{
				"#4":"ForkedBooter.java",
				"#5":495,
				"#6":"org.apache.maven.surefire.booter.ForkedBooter",
				"#7":"main"
			}
		],
		"suppressedExceptions#8":{
			"@type":"java.util.Collections$EmptyList#9",
			"@value":[]
		}
	}
}
{
	"@type":"org.apache.dubbo.springboot.demo.ServiceException",
	"cause":{
		"@type":"org.apache.dubbo.springboot.demo.BusinessException",
		"message":"报错啦。。",
		"stackTrace":[
			{
				"fileName":"DemoServiceImpl.java",
				"lineNumber":42,
				"className":"org.apache.dubbo.springboot.demo.provider.DemoServiceImpl",
				"methodName":"sayHello"
			},
			{
				"fileName":"DemoServiceImplDubboWrap0.java",
				"lineNumber":-1,
				"className":"org.apache.dubbo.springboot.demo.provider.DemoServiceImplDubboWrap0",
				"methodName":"invokeMethod"
			},
			{
				"fileName":"JavassistProxyFactory.java",
				"lineNumber":73,
				"className":"org.apache.dubbo.rpc.proxy.javassist.JavassistProxyFactory$1",
				"methodName":"doInvoke"
			},
			{
				"fileName":"AbstractProxyInvoker.java",
				"lineNumber":100,
				"className":"org.apache.dubbo.rpc.proxy.AbstractProxyInvoker",
				"methodName":"invoke"
			},
			{
				"fileName":"DelegateProviderMetaDataInvoker.java",
				"lineNumber":55,
				"className":"org.apache.dubbo.config.invoker.DelegateProviderMetaDataInvoker",
				"methodName":"invoke"
			},
			{
				"fileName":"InvokerWrapper.java",
				"lineNumber":56,
				"className":"org.apache.dubbo.rpc.protocol.InvokerWrapper",
				"methodName":"invoke"
			},
			{
				"fileName":"ClassLoaderCallbackFilter.java",
				"lineNumber":38,
				"className":"org.apache.dubbo.rpc.filter.ClassLoaderCallbackFilter",
				"methodName":"invoke"
			},
			{
				"fileName":"FilterChainBuilder.java",
				"lineNumber":327,
				"className":"org.apache.dubbo.rpc.cluster.filter.FilterChainBuilder$CopyOfFilterChainNode",
				"methodName":"invoke"
			},
			{
				"fileName":"TraceFilter.java",
				"lineNumber":79,
				"className":"org.apache.dubbo.rpc.protocol.dubbo.filter.TraceFilter",
				"methodName":"invoke"
			},
			{
				"fileName":"FilterChainBuilder.java",
				"lineNumber":327,
				"className":"org.apache.dubbo.rpc.cluster.filter.FilterChainBuilder$CopyOfFilterChainNode",
				"methodName":"invoke"
			},
			{
				"fileName":"TimeoutFilter.java",
				"lineNumber":44,
				"className":"org.apache.dubbo.rpc.filter.TimeoutFilter",
				"methodName":"invoke"
			},
			{
				"fileName":"FilterChainBuilder.java",
				"lineNumber":327,
				"className":"org.apache.dubbo.rpc.cluster.filter.FilterChainBuilder$CopyOfFilterChainNode",
				"methodName":"invoke"
			},
			{
				"fileName":"MonitorFilter.java",
				"lineNumber":100,
				"className":"org.apache.dubbo.monitor.support.MonitorFilter",
				"methodName":"invoke"
			},
			{
				"fileName":"FilterChainBuilder.java",
				"lineNumber":327,
				"className":"org.apache.dubbo.rpc.cluster.filter.FilterChainBuilder$CopyOfFilterChainNode",
				"methodName":"invoke"
			},
			{
				"fileName":"ExceptionFilter.java",
				"lineNumber":54,
				"className":"org.apache.dubbo.rpc.filter.ExceptionFilter",
				"methodName":"invoke"
			},
			{
				"fileName":"FilterChainBuilder.java",
				"lineNumber":327,
				"className":"org.apache.dubbo.rpc.cluster.filter.FilterChainBuilder$CopyOfFilterChainNode",
				"methodName":"invoke"
			},
			{
				"fileName":"DubboExceptionFilter.java",
				"lineNumber":32,
				"className":"org.apache.dubbo.springboot.demo.provider.DubboExceptionFilter",
				"methodName":"invoke"
			},
			{
				"fileName":"FilterChainBuilder.java",
				"lineNumber":327,
				"className":"org.apache.dubbo.rpc.cluster.filter.FilterChainBuilder$CopyOfFilterChainNode",
				"methodName":"invoke"
			},
			{
				"fileName":"GenericFilter.java",
				"lineNumber":192,
				"className":"org.apache.dubbo.rpc.filter.GenericFilter",
				"methodName":"invoke"
			},
			{
				"fileName":"FilterChainBuilder.java",
				"lineNumber":327,
				"className":"org.apache.dubbo.rpc.cluster.filter.FilterChainBuilder$CopyOfFilterChainNode",
				"methodName":"invoke"
			},
			{
				"fileName":"ClassLoaderFilter.java",
				"lineNumber":54,
				"className":"org.apache.dubbo.rpc.filter.ClassLoaderFilter",
				"methodName":"invoke"
			},
			{
				"fileName":"FilterChainBuilder.java",
				"lineNumber":327,
				"className":"org.apache.dubbo.rpc.cluster.filter.FilterChainBuilder$CopyOfFilterChainNode",
				"methodName":"invoke"
			},
			{
				"fileName":"EchoFilter.java",
				"lineNumber":41,
				"className":"org.apache.dubbo.rpc.filter.EchoFilter",
				"methodName":"invoke"
			},
			{
				"fileName":"FilterChainBuilder.java",
				"lineNumber":327,
				"className":"org.apache.dubbo.rpc.cluster.filter.FilterChainBuilder$CopyOfFilterChainNode",
				"methodName":"invoke"
			},
			{
				"fileName":"ProfilerServerFilter.java",
				"lineNumber":58,
				"className":"org.apache.dubbo.rpc.filter.ProfilerServerFilter",
				"methodName":"invoke"
			},
			{
				"fileName":"FilterChainBuilder.java",
				"lineNumber":327,
				"className":"org.apache.dubbo.rpc.cluster.filter.FilterChainBuilder$CopyOfFilterChainNode",
				"methodName":"invoke"
			},
			{
				"fileName":"ContextFilter.java",
				"lineNumber":133,
				"className":"org.apache.dubbo.rpc.filter.ContextFilter",
				"methodName":"invoke"
			},
			{
				"fileName":"FilterChainBuilder.java",
				"lineNumber":327,
				"className":"org.apache.dubbo.rpc.cluster.filter.FilterChainBuilder$CopyOfFilterChainNode",
				"methodName":"invoke"
			},
			{
				"fileName":"FilterChainBuilder.java",
				"lineNumber":194,
				"className":"org.apache.dubbo.rpc.cluster.filter.FilterChainBuilder$CallbackRegistrationInvoker",
				"methodName":"invoke"
			},
			{
				"fileName":"DubboProtocol.java",
				"lineNumber":156,
				"className":"org.apache.dubbo.rpc.protocol.dubbo.DubboProtocol$1",
				"methodName":"reply"
			},
			{
				"fileName":"HeaderExchangeHandler.java",
				"lineNumber":102,
				"className":"org.apache.dubbo.remoting.exchange.support.header.HeaderExchangeHandler",
				"methodName":"handleRequest"
			},
			{
				"fileName":"HeaderExchangeHandler.java",
				"lineNumber":177,
				"className":"org.apache.dubbo.remoting.exchange.support.header.HeaderExchangeHandler",
				"methodName":"received"
			},
			{
				"fileName":"DecodeHandler.java",
				"lineNumber":53,
				"className":"org.apache.dubbo.remoting.transport.DecodeHandler",
				"methodName":"received"
			},
			{
				"fileName":"ChannelEventRunnable.java",
				"lineNumber":62,
				"className":"org.apache.dubbo.remoting.transport.dispatcher.ChannelEventRunnable",
				"methodName":"run"
			},
			{
				"fileName":"ThreadPoolExecutor.java",
				"lineNumber":1149,
				"className":"java.util.concurrent.ThreadPoolExecutor",
				"methodName":"runWorker"
			},
			{
				"fileName":"ThreadPoolExecutor.java",
				"lineNumber":624,
				"className":"java.util.concurrent.ThreadPoolExecutor$Worker",
				"methodName":"run"
			},
			{
				"fileName":"InternalRunnable.java",
				"lineNumber":41,
				"className":"org.apache.dubbo.common.threadlocal.InternalRunnable",
				"methodName":"run"
			},
			{
				"fileName":"Thread.java",
				"lineNumber":748,
				"className":"java.lang.Thread",
				"methodName":"run"
			}
		],
		"suppressedExceptions":{
			"@type":"java.util.Collections$UnmodifiableRandomAccessList",
			"@value":[]
		}
	},
	"detailMessage":"org.apache.dubbo.springboot.demo.BusinessException: 报错啦。。",
	"stackTrace":[
		{
			"fileName":"DubboExceptionFilter.java",
			"lineNumber":41,
			"className":"org.apache.dubbo.springboot.demo.provider.DubboExceptionFilter",
			"methodName":"onResponse"
		},
		{
			"fileName":"FilterChainBuilder.java",
			"lineNumber":218,
			"className":"org.apache.dubbo.rpc.cluster.filter.FilterChainBuilder$CallbackRegistrationInvoker",
			"methodName":"lambda$invoke$1"
		},
		{
			"fileName":"AsyncRpcResult.java",
			"lineNumber":216,
			"className":"org.apache.dubbo.rpc.AsyncRpcResult",
			"methodName":"lambda$whenCompleteWithContext$0"
		},
		{
			"fileName":"CompletableFuture.java",
			"lineNumber":774,
			"className":"java.util.concurrent.CompletableFuture",
			"methodName":"uniWhenComplete"
		},
		{
			"fileName":"CompletableFuture.java",
			"lineNumber":792,
			"className":"java.util.concurrent.CompletableFuture",
			"methodName":"uniWhenCompleteStage"
		},
		{
			"fileName":"CompletableFuture.java",
			"lineNumber":2153,
			"className":"java.util.concurrent.CompletableFuture",
			"methodName":"whenComplete"
		},
		{
			"fileName":"AsyncRpcResult.java",
			"lineNumber":212,
			"className":"org.apache.dubbo.rpc.AsyncRpcResult",
			"methodName":"whenCompleteWithContext"
		},
		{
			"fileName":"FilterChainBuilder.java",
			"lineNumber":195,
			"className":"org.apache.dubbo.rpc.cluster.filter.FilterChainBuilder$CallbackRegistrationInvoker",
			"methodName":"invoke"
		},
		{
			"fileName":"DubboProtocol.java",
			"lineNumber":156,
			"className":"org.apache.dubbo.rpc.protocol.dubbo.DubboProtocol$1",
			"methodName":"reply"
		},
		{
			"fileName":"HeaderExchangeHandler.java",
			"lineNumber":102,
			"className":"org.apache.dubbo.remoting.exchange.support.header.HeaderExchangeHandler",
			"methodName":"handleRequest"
		},
		{
			"fileName":"HeaderExchangeHandler.java",
			"lineNumber":177,
			"className":"org.apache.dubbo.remoting.exchange.support.header.HeaderExchangeHandler",
			"methodName":"received"
		},
		{
			"fileName":"DecodeHandler.java",
			"lineNumber":53,
			"className":"org.apache.dubbo.remoting.transport.DecodeHandler",
			"methodName":"received"
		},
		{
			"fileName":"ChannelEventRunnable.java",
			"lineNumber":62,
			"className":"org.apache.dubbo.remoting.transport.dispatcher.ChannelEventRunnable",
			"methodName":"run"
		},
		{
			"fileName":"ThreadPoolExecutor.java",
			"lineNumber":1149,
			"className":"java.util.concurrent.ThreadPoolExecutor",
			"methodName":"runWorker"
		},
		{
			"fileName":"ThreadPoolExecutor.java",
			"lineNumber":624,
			"className":"java.util.concurrent.ThreadPoolExecutor$Worker",
			"methodName":"run"
		},
		{
			"fileName":"InternalRunnable.java",
			"lineNumber":41,
			"className":"org.apache.dubbo.common.threadlocal.InternalRunnable",
			"methodName":"run"
		},
		{
			"fileName":"Thread.java",
			"lineNumber":748,
			"className":"java.lang.Thread",
			"methodName":"run"
		}
	],
	"suppressedExceptions":{"$ref":"$.cause.suppressedExceptions"}
}
{
	"innerObject":{
		"innerB":234,
		"innerA":"v1",
		"class":"org.apache.dubbo.service.ComplexObject$InnerObject"
	}
}
{
	"@type":"com.alibaba.fastjson2.dubbo.DubboTest0$Pojo#0",
	"@value":{
		"parentClass#1":{
			"@type":"com.alibaba.fastjson2.dubbo.DubboTest0$ChildClass#2",
			"@value":{
				"param#3":"param"
			}
		}
	}
}
{
	"type":"java.lang.String"
}
{
	"bool":false,
	"card":{
		"id":"",
		"level":"C1",
		"levelValue":0,
		"years":0
	},
	"cardOrBuilder":{
		"id":"",
		"level":"C1",
		"levelValue":0,
		"years":0
	},
	"cardsCount":0,
	"cardsList":[
		
	],
	"cardsOrBuilderList":[
		
	],
	"cardsmap":{},
	"cardsmapCount":0,
	"cardsmapMap":{},
	"double":0.0,
	"fixed32":0,
	"fixed64":0,
	"float":0.0,
	"int32":0,
	"int64":0,
	"sfixed32":0,
	"sfixed64":0,
	"sint32":0,
	"sint64":0,
	"string":"some string from client",
	"uint32":0,
	"uint64":0
}
{
	"@type":"org.apache.dubbo.rpc.service.GenericException#0",
	"@value":{
		"exceptionClass#1":"",
		"exceptionMessage#2":"",
		"genericExceptionInfo#3":{
			"exClass#4":"",
			"exMsg#5":"",
			"msg#6":"",
			"stackTrace#7":[
				{
					"fileName#8":"FastJson2ObjectInput.java",
					"lineNumber#9":110,
					"className#10":"org.apache.dubbo.common.serialize.fastjson2.FastJson2ObjectInput",
					"methodName#11":"readObject"
				},
				{
					"#8":"FastJson2ObjectInput.java",
					"#9":98,
					"#10":"org.apache.dubbo.common.serialize.fastjson2.FastJson2ObjectInput",
					"#11":"readObject"
				},
				{
					"#8":"ObjectInput.java",
					"#9":74,
					"#10":"org.apache.dubbo.common.serialize.ObjectInput",
					"#11":"readThrowable"
				},
				{
					"#8":"DecodeableRpcResult.java",
					"#9":171,
					"#10":"org.apache.dubbo.rpc.protocol.dubbo.DecodeableRpcResult",
					"#11":"handleException"
				},
				{
					"#8":"DecodeableRpcResult.java",
					"#9":110,
					"#10":"org.apache.dubbo.rpc.protocol.dubbo.DecodeableRpcResult",
					"#11":"decode"
				},
				{
					"#8":"DecodeableRpcResult.java",
					"#9":138,
					"#10":"org.apache.dubbo.rpc.protocol.dubbo.DecodeableRpcResult",
					"#11":"decode"
				},
				{
					"#8":"DecodeHandler.java",
					"#9":62,
					"#10":"org.apache.dubbo.remoting.transport.DecodeHandler",
					"#11":"decode"
				},
				{
					"#8":"DecodeHandler.java",
					"#9":50,
					"#10":"org.apache.dubbo.remoting.transport.DecodeHandler",
					"#11":"received"
				},
				{
					"#8":"ChannelEventRunnable.java",
					"#9":61,
					"#10":"org.apache.dubbo.remoting.transport.dispatcher.ChannelEventRunnable",
					"#11":"run"
				},
				{
					"#8":"ThreadlessExecutor.java",
					"#9":184,
					"#10":"org.apache.dubbo.common.threadpool.ThreadlessExecutor$RunnableWrapper",
					"#11":"run"
				},
				{
					"#8":"ThreadlessExecutor.java",
					"#9":103,
					"#10":"org.apache.dubbo.common.threadpool.ThreadlessExecutor",
					"#11":"waitAndDrain"
				},
				{
					"#8":"AsyncRpcResult.java",
					"#9":194,
					"#10":"org.apache.dubbo.rpc.AsyncRpcResult",
					"#11":"get"
				},
				{
					"#8":"AbstractInvoker.java",
					"#9":277,
					"#10":"org.apache.dubbo.rpc.protocol.AbstractInvoker",
					"#11":"waitForResultIfSync"
				},
				{
					"#8":"AbstractInvoker.java",
					"#9":181,
					"#10":"org.apache.dubbo.rpc.protocol.AbstractInvoker",
					"#11":"invoke"
				},
				{
					"#8":"ListenerInvokerWrapper.java",
					"#9":70,
					"#10":"org.apache.dubbo.rpc.listener.ListenerInvokerWrapper",
					"#11":"invoke"
				},
				{
					"#8":"GenericImplFilter.java",
					"#9":102,
					"#10":"org.apache.dubbo.rpc.filter.GenericImplFilter",
					"#11":"invoke"
				},
				{
					"#8":"FilterChainBuilder.java",
					"#9":327,
					"#10":"org.apache.dubbo.rpc.cluster.filter.FilterChainBuilder$CopyOfFilterChainNode",
					"#11":"invoke"
				},
				{
					"#8":"CacheFilter.java",
					"#9":95,
					"#10":"org.apache.dubbo.cache.filter.CacheFilter",
					"#11":"invoke"
				},
				{
					"#8":"FilterChainBuilder.java",
					"#9":327,
					"#10":"org.apache.dubbo.rpc.cluster.filter.FilterChainBuilder$CopyOfFilterChainNode",
					"#11":"invoke"
				},
				{
					"#8":"FilterChainBuilder.java",
					"#9":194,
					"#10":"org.apache.dubbo.rpc.cluster.filter.FilterChainBuilder$CallbackRegistrationInvoker",
					"#11":"invoke"
				},
				{
					"#8":"AbstractClusterInvoker.java",
					"#9":379,
					"#10":"org.apache.dubbo.rpc.cluster.support.AbstractClusterInvoker",
					"#11":"invokeWithContext"
				},
				{
					"#8":"FailoverClusterInvoker.java",
					"#9":81,
					"#10":"org.apache.dubbo.rpc.cluster.support.FailoverClusterInvoker",
					"#11":"doInvoke"
				},
				{
					"#8":"AbstractClusterInvoker.java",
					"#9":341,
					"#10":"org.apache.dubbo.rpc.cluster.support.AbstractClusterInvoker",
					"#11":"invoke"
				},
				{
					"#8":"RouterSnapshotFilter.java",
					"#9":46,
					"#10":"org.apache.dubbo.rpc.cluster.router.RouterSnapshotFilter",
					"#11":"invoke"
				},
				{
					"#8":"FilterChainBuilder.java",
					"#9":327,
					"#10":"org.apache.dubbo.rpc.cluster.filter.FilterChainBuilder$CopyOfFilterChainNode",
					"#11":"invoke"
				},
				{
					"#8":"MonitorFilter.java",
					"#9":100,
					"#10":"org.apache.dubbo.monitor.support.MonitorFilter",
					"#11":"invoke"
				},
				{
					"#8":"FilterChainBuilder.java",
					"#9":327,
					"#10":"org.apache.dubbo.rpc.cluster.filter.FilterChainBuilder$CopyOfFilterChainNode",
					"#11":"invoke"
				},
				{
					"#8":"FutureFilter.java",
					"#9":52,
					"#10":"org.apache.dubbo.rpc.protocol.dubbo.filter.FutureFilter",
					"#11":"invoke"
				},
				{
					"#8":"FilterChainBuilder.java",
					"#9":327,
					"#10":"org.apache.dubbo.rpc.cluster.filter.FilterChainBuilder$CopyOfFilterChainNode",
					"#11":"invoke"
				},
				{
					"#8":"ConsumerContextFilter.java",
					"#9":108,
					"#10":"org.apache.dubbo.rpc.cluster.filter.support.ConsumerContextFilter",
					"#11":"invoke"
				},
				{
					"#8":"FilterChainBuilder.java",
					"#9":327,
					"#10":"org.apache.dubbo.rpc.cluster.filter.FilterChainBuilder$CopyOfFilterChainNode",
					"#11":"invoke"
				},
				{
					"#8":"FilterChainBuilder.java",
					"#9":194,
					"#10":"org.apache.dubbo.rpc.cluster.filter.FilterChainBuilder$CallbackRegistrationInvoker",
					"#11":"invoke"
				},
				{
					"#8":"AbstractCluster.java",
					"#9":92,
					"#10":"org.apache.dubbo.rpc.cluster.support.wrapper.AbstractCluster$ClusterFilterInvoker",
					"#11":"invoke"
				},
				{
					"#8":"MockClusterInvoker.java",
					"#9":103,
					"#10":"org.apache.dubbo.rpc.cluster.support.wrapper.MockClusterInvoker",
					"#11":"invoke"
				},
				{
					"#8":"MigrationInvoker.java",
					"#9":282,
					"#10":"org.apache.dubbo.registry.client.migration.MigrationInvoker",
					"#11":"invoke"
				},
				{
					"#8":"InvocationUtil.java",
					"#9":56,
					"#10":"org.apache.dubbo.rpc.proxy.InvocationUtil",
					"#11":"invoke"
				},
				{
					"#8":"InvokerInvocationHandler.java",
					"#9":75,
					"#10":"org.apache.dubbo.rpc.proxy.InvokerInvocationHandler",
					"#11":"invoke"
				},
				{
					"#8":"HelloServiceDubboProxy0.java",
					"#9":-1,
					"#10":"org.apache.dubbo.samples.generic.call.api.HelloServiceDubboProxy0",
					"#11":"notImplementedHello"
				},
				{
					"#8":"NativeMethodAccessorImpl.java",
					"#9":-2,
					"#10":"sun.reflect.NativeMethodAccessorImpl",
					"#11":"invoke0"
				},
				{
					"#8":"NativeMethodAccessorImpl.java",
					"#9":62,
					"#10":"sun.reflect.NativeMethodAccessorImpl",
					"#11":"invoke"
				},
				{
					"#8":"DelegatingMethodAccessorImpl.java",
					"#9":43,
					"#10":"sun.reflect.DelegatingMethodAccessorImpl",
					"#11":"invoke"
				},
				{
					"#8":"Method.java",
					"#9":498,
					"#10":"java.lang.reflect.Method",
					"#11":"invoke"
				},
				{
					"#8":"AopUtils.java",
					"#9":333,
					"#10":"org.springframework.aop.support.AopUtils",
					"#11":"invokeJoinpointUsingReflection"
				},
				{
					"#8":"JdkDynamicAopProxy.java",
					"#9":207,
					"#10":"org.springframework.aop.framework.JdkDynamicAopProxy",
					"#11":"invoke"
				},
				{
					"#8":null,
					"#9":-1,
					"#10":"com.sun.proxy.$Proxy23",
					"#11":"notImplementedHello"
				},
				{
					"#8":"HelloServiceIT.java",
					"#9":49,
					"#10":"org.apache.dubbo.samples.generic.call.HelloServiceIT",
					"#11":"testNotImplementedHello"
				},
				{
					"#8":"NativeMethodAccessorImpl.java",
					"#9":-2,
					"#10":"sun.reflect.NativeMethodAccessorImpl",
					"#11":"invoke0"
				},
				{
					"#8":"NativeMethodAccessorImpl.java",
					"#9":62,
					"#10":"sun.reflect.NativeMethodAccessorImpl",
					"#11":"invoke"
				},
				{
					"#8":"DelegatingMethodAccessorImpl.java",
					"#9":43,
					"#10":"sun.reflect.DelegatingMethodAccessorImpl",
					"#11":"invoke"
				},
				{
					"#8":"Method.java",
					"#9":498,
					"#10":"java.lang.reflect.Method",
					"#11":"invoke"
				},
				{
					"#8":"FrameworkMethod.java",
					"#9":50,
					"#10":"org.junit.runners.model.FrameworkMethod$1",
					"#11":"runReflectiveCall"
				},
				{
					"#8":"ReflectiveCallable.java",
					"#9":12,
					"#10":"org.junit.internal.runners.model.ReflectiveCallable",
					"#11":"run"
				},
				{
					"#8":"FrameworkMethod.java",
					"#9":47,
					"#10":"org.junit.runners.model.FrameworkMethod",
					"#11":"invokeExplosively"
				},
				{
					"#8":"InvokeMethod.java",
					"#9":17,
					"#10":"org.junit.internal.runners.statements.InvokeMethod",
					"#11":"evaluate"
				},
				{
					"#8":"RunBeforeTestMethodCallbacks.java",
					"#9":75,
					"#10":"org.springframework.test.context.junit4.statements.RunBeforeTestMethodCallbacks",
					"#11":"evaluate"
				},
				{
					"#8":"RunAfterTestMethodCallbacks.java",
					"#9":86,
					"#10":"org.springframework.test.context.junit4.statements.RunAfterTestMethodCallbacks",
					"#11":"evaluate"
				},
				{
					"#8":"SpringRepeat.java",
					"#9":84,
					"#10":"org.springframework.test.context.junit4.statements.SpringRepeat",
					"#11":"evaluate"
				},
				{
					"#8":"ParentRunner.java",
					"#9":325,
					"#10":"org.junit.runners.ParentRunner",
					"#11":"runLeaf"
				},
				{
					"#8":"SpringJUnit4ClassRunner.java",
					"#9":252,
					"#10":"org.springframework.test.context.junit4.SpringJUnit4ClassRunner",
					"#11":"runChild"
				},
				{
					"#8":"SpringJUnit4ClassRunner.java",
					"#9":94,
					"#10":"org.springframework.test.context.junit4.SpringJUnit4ClassRunner",
					"#11":"runChild"
				},
				{
					"#8":"ParentRunner.java",
					"#9":290,
					"#10":"org.junit.runners.ParentRunner$3",
					"#11":"run"
				},
				{
					"#8":"ParentRunner.java",
					"#9":71,
					"#10":"org.junit.runners.ParentRunner$1",
					"#11":"schedule"
				},
				{
					"#8":"ParentRunner.java",
					"#9":288,
					"#10":"org.junit.runners.ParentRunner",
					"#11":"runChildren"
				},
				{
					"#8":"ParentRunner.java",
					"#9":58,
					"#10":"org.junit.runners.ParentRunner",
					"#11":"access$000"
				},
				{
					"#8":"ParentRunner.java",
					"#9":268,
					"#10":"org.junit.runners.ParentRunner$2",
					"#11":"evaluate"
				},
				{
					"#8":"RunBeforeTestClassCallbacks.java",
					"#9":61,
					"#10":"org.springframework.test.context.junit4.statements.RunBeforeTestClassCallbacks",
					"#11":"evaluate"
				},
				{
					"#8":"RunAfterTestClassCallbacks.java",
					"#9":70,
					"#10":"org.springframework.test.context.junit4.statements.RunAfterTestClassCallbacks",
					"#11":"evaluate"
				},
				{
					"#8":"ParentRunner.java",
					"#9":363,
					"#10":"org.junit.runners.ParentRunner",
					"#11":"run"
				},
				{
					"#8":"SpringJUnit4ClassRunner.java",
					"#9":191,
					"#10":"org.springframework.test.context.junit4.SpringJUnit4ClassRunner",
					"#11":"run"
				},
				{
					"#8":"JUnit4Provider.java",
					"#9":365,
					"#10":"org.apache.maven.surefire.junit4.JUnit4Provider",
					"#11":"execute"
				},
				{
					"#8":"JUnit4Provider.java",
					"#9":273,
					"#10":"org.apache.maven.surefire.junit4.JUnit4Provider",
					"#11":"executeWithRerun"
				},
				{
					"#8":"JUnit4Provider.java",
					"#9":238,
					"#10":"org.apache.maven.surefire.junit4.JUnit4Provider",
					"#11":"executeTestSet"
				},
				{
					"#8":"JUnit4Provider.java",
					"#9":159,
					"#10":"org.apache.maven.surefire.junit4.JUnit4Provider",
					"#11":"invoke"
				},
				{
					"#8":"NativeMethodAccessorImpl.java",
					"#9":-2,
					"#10":"sun.reflect.NativeMethodAccessorImpl",
					"#11":"invoke0"
				},
				{
					"#8":"NativeMethodAccessorImpl.java",
					"#9":62,
					"#10":"sun.reflect.NativeMethodAccessorImpl",
					"#11":"invoke"
				},
				{
					"#8":"DelegatingMethodAccessorImpl.java",
					"#9":43,
					"#10":"sun.reflect.DelegatingMethodAccessorImpl",
					"#11":"invoke"
				},
				{
					"#8":"Method.java",
					"#9":498,
					"#10":"java.lang.reflect.Method",
					"#11":"invoke"
				},
				{
					"#8":"ReflectionUtils.java",
					"#9":206,
					"#10":"org.apache.maven.surefire.util.ReflectionUtils",
					"#11":"invokeMethodWithArray2"
				},
				{
					"#8":"ProviderFactory.java",
					"#9":161,
					"#10":"org.apache.maven.surefire.booter.ProviderFactory$ProviderProxy",
					"#11":"invoke"
				},
				{
					"#8":"ProviderFactory.java",
					"#9":84,
					"#10":"org.apache.maven.surefire.booter.ProviderFactory",
					"#11":"invokeProvider"
				},
				{
					"#8":"ClassloaderSurefireStarter.java",
					"#9":78,
					"#10":"org.apache.dubbo.test.runner.ClassloaderSurefireStarter",
					"#11":"runSuitesInProcess"
				},
				{
					"#8":"TestRunnerMain.java",
					"#9":185,
					"#10":"org.apache.dubbo.test.runner.TestRunnerMain",
					"#11":"main"
				}
			]
		},
		"message#12":"{\"exClass\":\"\",\"exMsg\":\"\",\"msg\":\"\"}",
		"#7":[
			{
				"#8":"FastJson2ObjectInput.java",
				"#9":110,
				"#10":"org.apache.dubbo.common.serialize.fastjson2.FastJson2ObjectInput",
				"#11":"readObject"
			},
			{
				"#8":"FastJson2ObjectInput.java",
				"#9":98,
				"#10":"org.apache.dubbo.common.serialize.fastjson2.FastJson2ObjectInput",
				"#11":"readObject"
			},
			{
				"#8":"ObjectInput.java",
				"#9":74,
				"#10":"org.apache.dubbo.common.serialize.ObjectInput",
				"#11":"readThrowable"
			},
			{
				"#8":"DecodeableRpcResult.java",
				"#9":171,
				"#10":"org.apache.dubbo.rpc.protocol.dubbo.DecodeableRpcResult",
				"#11":"handleException"
			},
			{
				"#8":"DecodeableRpcResult.java",
				"#9":110,
				"#10":"org.apache.dubbo.rpc.protocol.dubbo.DecodeableRpcResult",
				"#11":"decode"
			},
			{
				"#8":"DecodeableRpcResult.java",
				"#9":138,
				"#10":"org.apache.dubbo.rpc.protocol.dubbo.DecodeableRpcResult",
				"#11":"decode"
			},
			{
				"#8":"DecodeHandler.java",
				"#9":62,
				"#10":"org.apache.dubbo.remoting.transport.DecodeHandler",
				"#11":"decode"
			},
			{
				"#8":"DecodeHandler.java",
				"#9":50,
				"#10":"org.apache.dubbo.remoting.transport.DecodeHandler",
				"#11":"received"
			},
			{
				"#8":"ChannelEventRunnable.java",
				"#9":61,
				"#10":"org.apache.dubbo.remoting.transport.dispatcher.ChannelEventRunnable",
				"#11":"run"
			},
			{
				"#8":"ThreadlessExecutor.java",
				"#9":184,
				"#10":"org.apache.dubbo.common.threadpool.ThreadlessExecutor$RunnableWrapper",
				"#11":"run"
			},
			{
				"#8":"ThreadlessExecutor.java",
				"#9":103,
				"#10":"org.apache.dubbo.common.threadpool.ThreadlessExecutor",
				"#11":"waitAndDrain"
			},
			{
				"#8":"AsyncRpcResult.java",
				"#9":194,
				"#10":"org.apache.dubbo.rpc.AsyncRpcResult",
				"#11":"get"
			},
			{
				"#8":"AbstractInvoker.java",
				"#9":277,
				"#10":"org.apache.dubbo.rpc.protocol.AbstractInvoker",
				"#11":"waitForResultIfSync"
			},
			{
				"#8":"AbstractInvoker.java",
				"#9":181,
				"#10":"org.apache.dubbo.rpc.protocol.AbstractInvoker",
				"#11":"invoke"
			},
			{
				"#8":"ListenerInvokerWrapper.java",
				"#9":70,
				"#10":"org.apache.dubbo.rpc.listener.ListenerInvokerWrapper",
				"#11":"invoke"
			},
			{
				"#8":"GenericImplFilter.java",
				"#9":102,
				"#10":"org.apache.dubbo.rpc.filter.GenericImplFilter",
				"#11":"invoke"
			},
			{
				"#8":"FilterChainBuilder.java",
				"#9":327,
				"#10":"org.apache.dubbo.rpc.cluster.filter.FilterChainBuilder$CopyOfFilterChainNode",
				"#11":"invoke"
			},
			{
				"#8":"CacheFilter.java",
				"#9":95,
				"#10":"org.apache.dubbo.cache.filter.CacheFilter",
				"#11":"invoke"
			},
			{
				"#8":"FilterChainBuilder.java",
				"#9":327,
				"#10":"org.apache.dubbo.rpc.cluster.filter.FilterChainBuilder$CopyOfFilterChainNode",
				"#11":"invoke"
			},
			{
				"#8":"FilterChainBuilder.java",
				"#9":194,
				"#10":"org.apache.dubbo.rpc.cluster.filter.FilterChainBuilder$CallbackRegistrationInvoker",
				"#11":"invoke"
			},
			{
				"#8":"AbstractClusterInvoker.java",
				"#9":379,
				"#10":"org.apache.dubbo.rpc.cluster.support.AbstractClusterInvoker",
				"#11":"invokeWithContext"
			},
			{
				"#8":"FailoverClusterInvoker.java",
				"#9":81,
				"#10":"org.apache.dubbo.rpc.cluster.support.FailoverClusterInvoker",
				"#11":"doInvoke"
			},
			{
				"#8":"AbstractClusterInvoker.java",
				"#9":341,
				"#10":"org.apache.dubbo.rpc.cluster.support.AbstractClusterInvoker",
				"#11":"invoke"
			},
			{
				"#8":"RouterSnapshotFilter.java",
				"#9":46,
				"#10":"org.apache.dubbo.rpc.cluster.router.RouterSnapshotFilter",
				"#11":"invoke"
			},
			{
				"#8":"FilterChainBuilder.java",
				"#9":327,
				"#10":"org.apache.dubbo.rpc.cluster.filter.FilterChainBuilder$CopyOfFilterChainNode",
				"#11":"invoke"
			},
			{
				"#8":"MonitorFilter.java",
				"#9":100,
				"#10":"org.apache.dubbo.monitor.support.MonitorFilter",
				"#11":"invoke"
			},
			{
				"#8":"FilterChainBuilder.java",
				"#9":327,
				"#10":"org.apache.dubbo.rpc.cluster.filter.FilterChainBuilder$CopyOfFilterChainNode",
				"#11":"invoke"
			},
			{
				"#8":"FutureFilter.java",
				"#9":52,
				"#10":"org.apache.dubbo.rpc.protocol.dubbo.filter.FutureFilter",
				"#11":"invoke"
			},
			{
				"#8":"FilterChainBuilder.java",
				"#9":327,
				"#10":"org.apache.dubbo.rpc.cluster.filter.FilterChainBuilder$CopyOfFilterChainNode",
				"#11":"invoke"
			},
			{
				"#8":"ConsumerContextFilter.java",
				"#9":108,
				"#10":"org.apache.dubbo.rpc.cluster.filter.support.ConsumerContextFilter",
				"#11":"invoke"
			},
			{
				"#8":"FilterChainBuilder.java",
				"#9":327,
				"#10":"org.apache.dubbo.rpc.cluster.filter.FilterChainBuilder$CopyOfFilterChainNode",
				"#11":"invoke"
			},
			{
				"#8":"FilterChainBuilder.java",
				"#9":194,
				"#10":"org.apache.dubbo.rpc.cluster.filter.FilterChainBuilder$CallbackRegistrationInvoker",
				"#11":"invoke"
			},
			{
				"#8":"AbstractCluster.java",
				"#9":92,
				"#10":"org.apache.dubbo.rpc.cluster.support.wrapper.AbstractCluster$ClusterFilterInvoker",
				"#11":"invoke"
			},
			{
				"#8":"MockClusterInvoker.java",
				"#9":103,
				"#10":"org.apache.dubbo.rpc.cluster.support.wrapper.MockClusterInvoker",
				"#11":"invoke"
			},
			{
				"#8":"MigrationInvoker.java",
				"#9":282,
				"#10":"org.apache.dubbo.registry.client.migration.MigrationInvoker",
				"#11":"invoke"
			},
			{
				"#8":"InvocationUtil.java",
				"#9":56,
				"#10":"org.apache.dubbo.rpc.proxy.InvocationUtil",
				"#11":"invoke"
			},
			{
				"#8":"InvokerInvocationHandler.java",
				"#9":75,
				"#10":"org.apache.dubbo.rpc.proxy.InvokerInvocationHandler",
				"#11":"invoke"
			},
			{
				"#8":"HelloServiceDubboProxy0.java",
				"#9":-1,
				"#10":"org.apache.dubbo.samples.generic.call.api.HelloServiceDubboProxy0",
				"#11":"notImplementedHello"
			},
			{
				"#8":"NativeMethodAccessorImpl.java",
				"#9":-2,
				"#10":"sun.reflect.NativeMethodAccessorImpl",
				"#11":"invoke0"
			},
			{
				"#8":"NativeMethodAccessorImpl.java",
				"#9":62,
				"#10":"sun.reflect.NativeMethodAccessorImpl",
				"#11":"invoke"
			},
			{
				"#8":"DelegatingMethodAccessorImpl.java",
				"#9":43,
				"#10":"sun.reflect.DelegatingMethodAccessorImpl",
				"#11":"invoke"
			},
			{
				"#8":"Method.java",
				"#9":498,
				"#10":"java.lang.reflect.Method",
				"#11":"invoke"
			},
			{
				"#8":"AopUtils.java",
				"#9":333,
				"#10":"org.springframework.aop.support.AopUtils",
				"#11":"invokeJoinpointUsingReflection"
			},
			{
				"#8":"JdkDynamicAopProxy.java",
				"#9":207,
				"#10":"org.springframework.aop.framework.JdkDynamicAopProxy",
				"#11":"invoke"
			},
			{
				"#8":null,
				"#9":-1,
				"#10":"com.sun.proxy.$Proxy23",
				"#11":"notImplementedHello"
			},
			{
				"#8":"HelloServiceIT.java",
				"#9":49,
				"#10":"org.apache.dubbo.samples.generic.call.HelloServiceIT",
				"#11":"testNotImplementedHello"
			},
			{
				"#8":"NativeMethodAccessorImpl.java",
				"#9":-2,
				"#10":"sun.reflect.NativeMethodAccessorImpl",
				"#11":"invoke0"
			},
			{
				"#8":"NativeMethodAccessorImpl.java",
				"#9":62,
				"#10":"sun.reflect.NativeMethodAccessorImpl",
				"#11":"invoke"
			},
			{
				"#8":"DelegatingMethodAccessorImpl.java",
				"#9":43,
				"#10":"sun.reflect.DelegatingMethodAccessorImpl",
				"#11":"invoke"
			},
			{
				"#8":"Method.java",
				"#9":498,
				"#10":"java.lang.reflect.Method",
				"#11":"invoke"
			},
			{
				"#8":"FrameworkMethod.java",
				"#9":50,
				"#10":"org.junit.runners.model.FrameworkMethod$1",
				"#11":"runReflectiveCall"
			},
			{
				"#8":"ReflectiveCallable.java",
				"#9":12,
				"#10":"org.junit.internal.runners.model.ReflectiveCallable",
				"#11":"run"
			},
			{
				"#8":"FrameworkMethod.java",
				"#9":47,
				"#10":"org.junit.runners.model.FrameworkMethod",
				"#11":"invokeExplosively"
			},
			{
				"#8":"InvokeMethod.java",
				"#9":17,
				"#10":"org.junit.internal.runners.statements.InvokeMethod",
				"#11":"evaluate"
			},
			{
				"#8":"RunBeforeTestMethodCallbacks.java",
				"#9":75,
				"#10":"org.springframework.test.context.junit4.statements.RunBeforeTestMethodCallbacks",
				"#11":"evaluate"
			},
			{
				"#8":"RunAfterTestMethodCallbacks.java",
				"#9":86,
				"#10":"org.springframework.test.context.junit4.statements.RunAfterTestMethodCallbacks",
				"#11":"evaluate"
			},
			{
				"#8":"SpringRepeat.java",
				"#9":84,
				"#10":"org.springframework.test.context.junit4.statements.SpringRepeat",
				"#11":"evaluate"
			},
			{
				"#8":"ParentRunner.java",
				"#9":325,
				"#10":"org.junit.runners.ParentRunner",
				"#11":"runLeaf"
			},
			{
				"#8":"SpringJUnit4ClassRunner.java",
				"#9":252,
				"#10":"org.springframework.test.context.junit4.SpringJUnit4ClassRunner",
				"#11":"runChild"
			},
			{
				"#8":"SpringJUnit4ClassRunner.java",
				"#9":94,
				"#10":"org.springframework.test.context.junit4.SpringJUnit4ClassRunner",
				"#11":"runChild"
			},
			{
				"#8":"ParentRunner.java",
				"#9":290,
				"#10":"org.junit.runners.ParentRunner$3",
				"#11":"run"
			},
			{
				"#8":"ParentRunner.java",
				"#9":71,
				"#10":"org.junit.runners.ParentRunner$1",
				"#11":"schedule"
			},
			{
				"#8":"ParentRunner.java",
				"#9":288,
				"#10":"org.junit.runners.ParentRunner",
				"#11":"runChildren"
			},
			{
				"#8":"ParentRunner.java",
				"#9":58,
				"#10":"org.junit.runners.ParentRunner",
				"#11":"access$000"
			},
			{
				"#8":"ParentRunner.java",
				"#9":268,
				"#10":"org.junit.runners.ParentRunner$2",
				"#11":"evaluate"
			},
			{
				"#8":"RunBeforeTestClassCallbacks.java",
				"#9":61,
				"#10":"org.springframework.test.context.junit4.statements.RunBeforeTestClassCallbacks",
				"#11":"evaluate"
			},
			{
				"#8":"RunAfterTestClassCallbacks.java",
				"#9":70,
				"#10":"org.springframework.test.context.junit4.statements.RunAfterTestClassCallbacks",
				"#11":"evaluate"
			},
			{
				"#8":"ParentRunner.java",
				"#9":363,
				"#10":"org.junit.runners.ParentRunner",
				"#11":"run"
			},
			{
				"#8":"SpringJUnit4ClassRunner.java",
				"#9":191,
				"#10":"org.springframework.test.context.junit4.SpringJUnit4ClassRunner",
				"#11":"run"
			},
			{
				"#8":"JUnit4Provider.java",
				"#9":365,
				"#10":"org.apache.maven.surefire.junit4.JUnit4Provider",
				"#11":"execute"
			},
			{
				"#8":"JUnit4Provider.java",
				"#9":273,
				"#10":"org.apache.maven.surefire.junit4.JUnit4Provider",
				"#11":"executeWithRerun"
			},
			{
				"#8":"JUnit4Provider.java",
				"#9":238,
				"#10":"org.apache.maven.surefire.junit4.JUnit4Provider",
				"#11":"executeTestSet"
			},
			{
				"#8":"JUnit4Provider.java",
				"#9":159,
				"#10":"org.apache.maven.surefire.junit4.JUnit4Provider",
				"#11":"invoke"
			},
			{
				"#8":"NativeMethodAccessorImpl.java",
				"#9":-2,
				"#10":"sun.reflect.NativeMethodAccessorImpl",
				"#11":"invoke0"
			},
			{
				"#8":"NativeMethodAccessorImpl.java",
				"#9":62,
				"#10":"sun.reflect.NativeMethodAccessorImpl",
				"#11":"invoke"
			},
			{
				"#8":"DelegatingMethodAccessorImpl.java",
				"#9":43,
				"#10":"sun.reflect.DelegatingMethodAccessorImpl",
				"#11":"invoke"
			},
			{
				"#8":"Method.java",
				"#9":498,
				"#10":"java.lang.reflect.Method",
				"#11":"invoke"
			},
			{
				"#8":"ReflectionUtils.java",
				"#9":206,
				"#10":"org.apache.maven.surefire.util.ReflectionUtils",
				"#11":"invokeMethodWithArray2"
			},
			{
				"#8":"ProviderFactory.java",
				"#9":161,
				"#10":"org.apache.maven.surefire.booter.ProviderFactory$ProviderProxy",
				"#11":"invoke"
			},
			{
				"#8":"ProviderFactory.java",
				"#9":84,
				"#10":"org.apache.maven.surefire.booter.ProviderFactory",
				"#11":"invokeProvider"
			},
			{
				"#8":"ClassloaderSurefireStarter.java",
				"#9":78,
				"#10":"org.apache.dubbo.test.runner.ClassloaderSurefireStarter",
				"#11":"runSuitesInProcess"
			},
			{
				"#8":"TestRunnerMain.java",
				"#9":185,
				"#10":"org.apache.dubbo.test.runner.TestRunnerMain",
				"#11":"main"
			}
		],
		"suppressed#13":[]
	}
}
{"v0000":[0],"v0001":[],"v0002":[0,0]}
1
{
	"@type":"com.alibaba.fastjson2.aliyun.MapGhostTest$MapGhost#0",
	"@value":{
		"name":"abc",
		"$super$":{
			"@type":"M#1",
			"@value":{
				"name":123
			}
		}
	}
}
{
	"@type":"com.alibaba.fastjson2.eishay.vo.MediaContent#0",
	"@value":[
		[
			[
				768,
				1,
				"Javaone Keynote",
				"http://javaone.com/keynote_large.jpg",
				1024
			],
			[
				240,
				0,
				"Javaone Keynote",
				"http://javaone.com/keynote_small.jpg",
				320
			]
		],
		[
			262144,
			null,
			18000000,
			"video/mpg4",
			480,
			[
				"Bill Gates",
				"Steve Jobs"
			],
			0,
			58982400,
			"Javaone Keynote",
			"http://javaone.com/keynote.mpg",
			640
		]
	]
}
{
	"@type":"com.alibaba.fastjson2.arraymapping.EishayTest$Sample",
	"@value":[
		[
			true,
			false
		],
		false,
		"AB",
		"\u0000",
		[
			1.0,
			2.0,
			3.0
		],
		0.0,
		[
			1.0,
			2.0,
			3.0
		],
		0.0,
		[
			1,
			2
		],
		101,
		[
			1,
			2
		],
		1001,
		null,
		[
			1,
			2
		],
		0,
		null
	]
}
com.alibaba.fastjson2.issues_2400.Issue2440$Bean@6f88319b
{"first_name":"wenshao","id":123}
{"courseId":"6bad799a1c894893bedade17215244a1","userId":"4b99d48f87f84868a59aa3b3ce82fd56"}
{
	"@type":"com.alibaba.fastjson2.eishay.vo.MediaContent",
	"@value":[
		[
			[
				768,
				1,
				"Javaone Keynote",
				"http://javaone.com/keynote_large.jpg",
				1024
			],
			[
				240,
				0,
				"Javaone Keynote",
				"http://javaone.com/keynote_small.jpg",
				320
			]
		],
		[
			262144,
			null,
			18000000,
			"video/mpg4",
			480,
			[
				"Bill Gates",
				"Steve Jobs"
			],
			0,
			58982400,
			"Javaone Keynote",
			"http://javaone.com/keynote.mpg",
			640
		]
	]
}
[[[768,1,"Javaone Keynote","http://javaone.com/keynote_large.jpg",1024],[240,0,"Javaone Keynote","http://javaone.com/keynote_small.jpg",320]],[262144,null,18000000,"video/mpg4",480,["Bill Gates","Steve Jobs"],0,58982400,"Javaone Keynote","http://javaone.com/keynote.mpg",640]]
{
	"@type":"com.alibaba.fastjson2.eishay.vo.MediaContent#0",
	"@value":{
		"images#1":[
			{
				"height#2":768,
				"size#3":1,
				"title#4":"Javaone Keynote",
				"uri#5":"http://javaone.com/keynote_large.jpg",
				"width#6":1024
			},
			{
				"#2":240,
				"#3":0,
				"#4":"Javaone Keynote",
				"#5":"http://javaone.com/keynote_small.jpg",
				"#6":320
			}
		],
		"media#7":{
			"bitrate#8":262144,
			"duration#9":18000000,
			"format#10":"video/mpg4",
			"#2":480,
			"persons#11":[
				"Bill Gates",
				"Steve Jobs"
			],
			"player#12":0,
			"#3":58982400,
			"#4":"Javaone Keynote",
			"#5":"http://javaone.com/keynote.mpg",
			"#6":640
		}
	}
}
[
	[
		[
			768,
			1,
			"Javaone Keynote",
			"http://javaone.com/keynote_large.jpg",
			1024
		],
		[
			240,
			0,
			"Javaone Keynote",
			"http://javaone.com/keynote_small.jpg",
			320
		]
	],
	[
		262144,
		null,
		18000000,
		"video/mpg4",
		480,
		[
			"Bill Gates",
			"Steve Jobs"
		],
		0,
		58982400,
		"Javaone Keynote",
		"http://javaone.com/keynote.mpg",
		640
	]
]
{"values":{"100":[{"id":1001},{"id":1002}],"200":[{"id":2001},{"id":2002}]}}
millis : 246
millis : 237
[name, weight, age]
CSVReaderTest.Person(name=张三, weight=68.2, age=32)
CSVReaderTest.Person(name=李四, weight=75.6, age=28)
[name, weight, age]
CSVReaderTest.Person(name=张三, weight=68.2, age=32)
CSVReaderTest.Person(name=李四, weight=75.6, age=28)
{
	"@type":"com.alibaba.fastjson2.support.ApacheTripleTest$Bean#0",
	"@value":{
		"triple":{
			"@type":"org.apache.commons.lang3.tuple.MutableTriple#1",
			"@value":{
				"left":101,
				"middle":102,
				"right":103
			}
		}
	}
}
{
	"@type":"com.alibaba.fastjson2.support.ApacheTripleTest$Bean#0",
	"@value":{
		"triple":{
			"@type":"org.apache.commons.lang3.tuple.ImmutableTriple#1",
			"@value":{
				"left":101,
				"middle":102,
				"right":103
			}
		}
	}
}
{
	"high":{
		"value":"H"
	},
	"low":{
		"value":"L"
	},
	"mid":{
		"value":"M"
	}
}
Tue Oct 15 10:02:26 CST 2024
Enum Item: LOCKED
JVM_VERSION : 25
-9214723784238596577L,
-9030616758866828325L,
-8335274122997354104L,
-6963030519018899258L,
-4863137578837233966L,
-3653547262287832698L,
-2819277587813726773L,
-2669552864532011468L,
-2458634727370886912L,
-2291619803571459675L,
-1811306045128064037L,
-864440709753525476L,
-779604756358333743L,
8731803887940231L,
1616814008855344660L,
2164749833121980361L,
2688642392827789427L,
3724195282986200606L,
3742915795806478647L,
3977020351318456359L,
4775491097662790952L,
4882459834864833642L,
6033839080488254886L,
7981148566008458638L,
8344106065386396833L,
9215465129261900012L,
27545
27545
1	[1]
2	[2]
3	[3]
4	[4]
5	[5]
6	[6]
7	[7]
8	[8]
9	[9]
10	[10]
11	[11]
12	[12]
13	[13]
14	[14]
15	[15]
16	[16]
17	[17]
18	[18]
19	[19]
20	[20]
21	[21]
22	[22]
23	[23]
24	[24]
25	[25]
26	[26]
27	[27]
28	[28]
29	[29]
30	[30]
31	[31]
32	[32]
33	[33]
34	[34]
35	[35]
36	[36]
37	[37]
38	[38]
39	[39]
40	[40]
41	[41]
42	[42]
43	[43]
44	[44]
45	[45]
46	[46]
47	[47]
48	[48]
49	[49]
50	[50]
51	[51]
52	[52]
53	[53]
54	[54]
55	[55]
56	[56]
57	[57]
58	[58]
59	[59]
60	[60]
61	[61]
62	[62]
63	[63]
64	[64]
65	[65]
66	[66]
67	[67]
68	[68]
69	[69]
70	[70]
71	[71]
72	[72]
73	[73]
74	[74]
75	[75]
76	[76]
77	[77]
78	[78]
79	[79]
80	[80]
81	[81]
82	[82]
83	[83]
84	[84]
85	[85]
86	[86]
87	[87]
88	[88]
89	[89]
90	[90]
91	[91]
92	[92]
93	[93]
94	[94]
95	[95]
96	[96]
97	[97]
98	[98]
99	[99]
100	[100]
101	[101]
102	[102]
103	[103]
104	[104]
105	[105]
106	[106]
107	[107]
108	[108]
109	[109]
110	[110]
111	[111]
112	[112]
113	[113]
114	[114]
115	[115]
116	[116]
117	[117]
118	[118]
119	[119]
120	[120]
121	[121]
122	[122]
123	[123]
124	[124]
125	[125]
126	[126]
127	[127]
128	[-62, -128]
129	[-62, -127]
130	[-62, -126]
131	[-62, -125]
132	[-62, -124]
133	[-62, -123]
134	[-62, -122]
135	[-62, -121]
136	[-62, -120]
137	[-62, -119]
138	[-62, -118]
139	[-62, -117]
140	[-62, -116]
141	[-62, -115]
142	[-62, -114]
143	[-62, -113]
144	[-62, -112]
145	[-62, -111]
146	[-62, -110]
147	[-62, -109]
148	[-62, -108]
149	[-62, -107]
150	[-62, -106]
151	[-62, -105]
152	[-62, -104]
153	[-62, -103]
154	[-62, -102]
155	[-62, -101]
156	[-62, -100]
157	[-62, -99]
158	[-62, -98]
159	[-62, -97]
160	[-62, -96]
161	[-62, -95]
162	[-62, -94]
163	[-62, -93]
164	[-62, -92]
165	[-62, -91]
166	[-62, -90]
167	[-62, -89]
168	[-62, -88]
169	[-62, -87]
170	[-62, -86]
171	[-62, -85]
172	[-62, -84]
173	[-62, -83]
174	[-62, -82]
175	[-62, -81]
176	[-62, -80]
177	[-62, -79]
178	[-62, -78]
179	[-62, -77]
180	[-62, -76]
181	[-62, -75]
182	[-62, -74]
183	[-62, -73]
184	[-62, -72]
185	[-62, -71]
186	[-62, -70]
187	[-62, -69]
188	[-62, -68]
189	[-62, -67]
190	[-62, -66]
191	[-62, -65]
192	[-61, -128]
193	[-61, -127]
194	[-61, -126]
195	[-61, -125]
196	[-61, -124]
197	[-61, -123]
198	[-61, -122]
199	[-61, -121]
200	[-61, -120]
201	[-61, -119]
202	[-61, -118]
203	[-61, -117]
204	[-61, -116]
205	[-61, -115]
206	[-61, -114]
207	[-61, -113]
208	[-61, -112]
209	[-61, -111]
210	[-61, -110]
211	[-61, -109]
212	[-61, -108]
213	[-61, -107]
214	[-61, -106]
215	[-61, -105]
216	[-61, -104]
217	[-61, -103]
218	[-61, -102]
219	[-61, -101]
220	[-61, -100]
221	[-61, -99]
222	[-61, -98]
223	[-61, -97]
224	[-61, -96]
225	[-61, -95]
226	[-61, -94]
227	[-61, -93]
228	[-61, -92]
229	[-61, -91]
230	[-61, -90]
231	[-61, -89]
232	[-61, -88]
233	[-61, -87]
234	[-61, -86]
235	[-61, -85]
236	[-61, -84]
237	[-61, -83]
238	[-61, -82]
239	[-61, -81]
240	[-61, -80]
241	[-61, -79]
242	[-61, -78]
243	[-61, -77]
244	[-61, -76]
245	[-61, -75]
246	[-61, -74]
247	[-61, -73]
248	[-61, -72]
249	[-61, -71]
250	[-61, -70]
251	[-61, -69]
252	[-61, -68]
253	[-61, -67]
254	[-61, -66]
255	[-61, -65]
0.1230095877757914 -> 0.12300958777579141
0.2350383855265228 -> 0.23503838552652279
0.92538989096773 -> 0.9253898909677301
0.687859835705319 -> 0.6878598357053189
0.2052581936968325 -> 0.20525819369683251
0.893883964853391 -> 0.8938839648533911
0.1370970828108833 -> 0.13709708281088329
0.927188832674606 -> 0.9271888326746059
0.789878404584964 -> 0.7898784045849639
0.722708332783148 -> 0.7227083327831481
0.3773417752709258 -> 0.37734177527092583
0.2016460935917017 -> 0.20164609359170171
0.615454856972316 -> 0.6154548569723159
0.1161654010581381 -> 0.11616540105813811
0.553622089394257 -> 0.5536220893942571
0.004120756487243193 -> 0.0041207564872431934
0.37125486690633 -> 0.37125486690633003
0.688153148982731 -> 0.6881531489827311
0.1136880372051099 -> 0.11368803720510989
0.1198364018448227 -> 0.11983640184482269
0.535164553896813 -> 0.5351645538968129
0.548203228892646 -> 0.5482032288926461
0.877168179529004 -> 0.8771681795290041
0.1753426416292133 -> 0.17534264162921331
0.717711538675395 -> 0.7177115386753951
0.762381362409356 -> 0.7623813624093559
0.3947697276297433 -> 0.39476972762974327
0.51551028636738 -> 0.5155102863673801
0.2786826650957481 -> 0.27868266509574813
0.3008637306486662 -> 0.30086373064866623
0.972884508378349 -> 0.9728845083783491
0.0885397397330333 -> 0.08853973973303331
0.827546105462518 -> 0.8275461054625179
0.650201172936895 -> 0.6502011729368951
0.772156882199104 -> 0.7721568821991041
0.720457216639872 -> 0.7204572166398719
0.428719745610288 -> 0.42871974561028803
0.938631147085424 -> 0.9386311470854239
0.693282375889892 -> 0.6932823758898921
0.946868359476638 -> 0.9468683594766381
0.69958719432166 -> 0.6995871943216601
0.671101478515923 -> 0.6711014785159229
0.639614549317087 -> 0.6396145493170869
0.3109148445665533 -> 0.31091484456655327
0.696967576811722 -> 0.6969675768117219
0.2943761462330515 -> 0.29437614623305153
0.2266262164080627 -> 0.22662621640806269
0.3128107909678359 -> 0.31281079096783593
0.50644893951719 -> 0.5064489395171901
0.515930999368095 -> 0.5159309993680949
0.2178776670738478 -> 0.21787766707384781
0.932840364147626 -> 0.9328403641476261
0.692945263784637 -> 0.6929452637846369
0.840289660349334 -> 0.8402896603493341
0.92589372764201 -> 0.9258937276420099
0.883736328887959 -> 0.8837363288879591
0.628364619253931 -> 0.6283646192539309
0.637992974337315 -> 0.6379929743373151
0.1127000576817433 -> 0.11270005768174329
0.524440858323101 -> 0.5244408583231009
0.05294762633942229 -> 0.052947626339422293
0.0971959160194572 -> 0.09719591601945721
0.02744593228584369 -> 0.027445932285843688
0.06119857948015461 -> 0.061198579480154613
0.652926372228467 -> 0.6529263722284669
0.26513953317267 -> 0.26513953317267003
0.4120305352681152 -> 0.41203053526811517
0.642430588181299 -> 0.6424305881812989
0.3229345386408565 -> 0.32293453864085653
0.2907099764223742 -> 0.29070997642237417
0.1371756916461324 -> 0.13717569164613241
0.1938315934456354 -> 0.19383159344563539
0.888281891964185 -> 0.8882818919641851
0.48971163420055 -> 0.48971163420054997
0.3578091566736675 -> 0.35780915667366753
0.2554180586898048 -> 0.25541805868980483
0.1518733680286143 -> 0.15187336802861429
0.2106092059874103 -> 0.21060920598741029
0.678830106032073 -> 0.6788301060320731
0.953167329038833 -> 0.9531673290388331
0.684890197704282 -> 0.6848901977042821
0.961442172257507 -> 0.9614421722575071
0.2085471483161737 -> 0.20854714831617371
0.847923319838987 -> 0.8479233198389871
0.784649616240295 -> 0.7846496162402949
0.4821843154782329 -> 0.48218431547823293
0.03476399165018507 -> 0.034763991650185067
0.976397958768564 -> 0.9763979587685639
0.080531169344089 -> 0.08053116934408899
0.662506548943605 -> 0.6625065489436049
0.1802251292094217 -> 0.18022512920942169
0.843747826100887 -> 0.8437478261008871
0.4905776611117941 -> 0.49057766111179413
0.3504249862557757 -> 0.35042498625577567
0.689136735390735 -> 0.6891367353907349
0.1848951552666004 -> 0.18489515526660039
0.764522145727419 -> 0.7645221457274189
0.4774298052702938 -> 0.47742980527029377
0.2297546140188753 -> 0.22975461401887531
0.96828330160046 -> 0.9682833016004599
0.3219956816855227 -> 0.32199568168552273
0.2214002291800896 -> 0.22140022918008961
0.83069037835192 -> 0.8306903783519199
0.0666997360556617 -> 0.06669973605566171
0.1481405541335198 -> 0.14814055413351979
0.1462772140788101 -> 0.14627721407881011
0.1428402282982595 -> 0.14284022829825949
0.2741814900447406 -> 0.27418149004474057
0.2139787632541751 -> 0.21397876325417509
0.001560615603676485 -> 0.0015606156036764851
0.628378688973457 -> 0.6283786889734569
0.2936308928362866 -> 0.29363089283628663
0.3844230295598767 -> 0.38442302955987673
0.948111657933773 -> 0.9481116579337731
0.0532361301202211 -> 0.053236130120221103
0.1995772340205514 -> 0.19957723402055139
0.1384881301198886 -> 0.13848813011988859
0.03257222593690123 -> 0.032572225936901233
0.05645862222508213 -> 0.056458622225082133
0.1197493686861636 -> 0.11974936868616359
0.3621330614565271 -> 0.36213306145652713
0.4532555386725238 -> 0.45325553867252377
0.654032171117298 -> 0.6540321711172979
0.04083080990977506 -> 0.040830809909775057
0.69720615113612 -> 0.6972061511361199
0.00901175056617154 -> 0.009011750566171539
0.715544686868613 -> 0.7155446868686129
0.0997121507379315 -> 0.09971215073793149
0.931428844175546 -> 0.9314288441755459
0.936546435901148 -> 0.9365464359011479
0.470738188560859 -> 0.47073818856085903
0.848141919729339 -> 0.8481419197293391
0.168275009877369 -> 0.16827500987736899
0.1319608070079029 -> 0.13196080700790291
0.2543600441322382 -> 0.25436004413223823
0.4119774879368234 -> 0.41197748793682343
0.542011289514368 -> 0.5420112895143681
0.776384391184542 -> 0.7763843911845421
0.3017464561100969 -> 0.30174645611009687
0.669315777107165 -> 0.6693157771071651
0.3881120284981808 -> 0.38811202849818083
0.645188749020357 -> 0.6451887490203571
0.743248732317423 -> 0.7432487323174231
0.3560003044791408 -> 0.35600030447914077
0.792726722091253 -> 0.7927267220912531
0.2724691818899522 -> 0.27246918188995217
0.3712254678396468 -> 0.37122546783964683
0.04353461451871787 -> 0.043534614518717873
0.1787088164040498 -> 0.17870881640404979
0.775576355308428 -> 0.7755763553084279
0.1395259520953991 -> 0.13952595209539909
0.547634578529617 -> 0.5476345785296171
0.789004098276263 -> 0.7890040982762631
0.616799150409232 -> 0.6167991504092321
0.770874662780274 -> 0.7708746627802739
0.4656630381286955 -> 0.46566303812869547
0.90447917435288 -> 0.9044791743528801
0.575509936756259 -> 0.5755099367562591
0.041544436086277 -> 0.041544436086277003
0.552297961914961 -> 0.5522979619149611
0.0733678511619359 -> 0.07336785116193589
0.888538433696412 -> 0.8885384336964119
0.2582516132639813 -> 0.25825161326398127
0.2206925755075584 -> 0.22069257550755839
0.812063711934985 -> 0.8120637119349851
0.1529433197950021 -> 0.15294331979500209
0.4838335603076864 -> 0.48383356030768643
0.984005255445422 -> 0.9840052554454219
0.976684008587065 -> 0.9766840085870649
0.978082961064279 -> 0.9780829610642791
0.2983555560830983 -> 0.29835555608309827
0.900971624356042 -> 0.9009716243560419
0.4613191591010046 -> 0.46131915910100463
0.3024242969714592 -> 0.30242429697145923
0.099079229235421 -> 0.09907922923542101
0.092840164398734 -> 0.09284016439873399
0.4529140239670362 -> 0.45291402396703617
0.52676667029384 -> 0.5267666702938399
0.1825894964274727 -> 0.18258949642747269
0.4516620925020082 -> 0.45166209250200817
0.984419170964071 -> 0.9844191709640711
0.905679498261519 -> 0.9056794982615189
0.925232523966872 -> 0.9252325239668719
0.3561318850518779 -> 0.35613188505187787
0.632082967769866 -> 0.6320829677698661
0.1208985411533453 -> 0.12089854115334531
0.3473582679208502 -> 0.34735826792085023
0.01477213991508075 -> 0.014772139915080751
0.846104943168488 -> 0.8461049431684881
0.3125082367374796 -> 0.31250823673747963
0.776284685635311 -> 0.7762846856353109
0.2171357768080764 -> 0.21713577680807639
0.799357676266438 -> 0.7993576762664381
0.805682077785633 -> 0.8056820777856331
0.796797899060046 -> 0.7967978990600461
0.02787376346652304 -> 0.027873763466523038
0.652695692618876 -> 0.6526956926188761
0.4216920857026559 -> 0.42169208570265593
0.673488728211387 -> 0.6734887282113871
0.1487907171996493 -> 0.14879071719964931
0.591415615149189 -> 0.5914156151491889
0.700919537516766 -> 0.7009195375167659
0.720033183665928 -> 0.7200331836659279
0.68935198303827 -> 0.6893519830382701
0.500941244125995 -> 0.5009412441259951
0.3107445590106305 -> 0.31074455901063047
0.7334439058585 -> 0.7334439058584999
0.1410344875062539 -> 0.14103448750625391
0.578803847946118 -> 0.5788038479461181
0.1154847273618771 -> 0.11548472736187709
0.3984180476090112 -> 0.39841804760901123
0.708762589618326 -> 0.7087625896183261
0.741864812169512 -> 0.7418648121695119
0.2719279370268953 -> 0.27192793702689533
0.4603085639936286 -> 0.46030856399362863
0.4861246194396803 -> 0.48612461943968033
0.763014236554517 -> 0.7630142365545169
0.1689931952215631 -> 0.16899319522156309
0.3051553579520144 -> 0.30515535795201443
0.4020564122885322 -> 0.40205641228853217
0.562566995998454 -> 0.5625669959984539
0.1660218275254184 -> 0.16602182752541839
0.408734425525799 -> 0.40873442552579897
0.646841208107859 -> 0.6468412081078589
0.221501250594363 -> 0.22150125059436299
0.710560660190311 -> 0.7105606601903111
0.2999858097245027 -> 0.29998580972450273
0.1320638471932538 -> 0.13206384719325381
0.847367450381247 -> 0.8473674503812469
0.4887032558500293 -> 0.48870325585002927
0.798387962220726 -> 0.7983879622207261
0.924041938971985 -> 0.9240419389719851
0.04709106854138689 -> 0.047091068541386893
0.4599911066464831 -> 0.45999110664648313
0.003805950363549915 -> 0.0038059503635499148
0.04621828027878239 -> 0.046218280278782387
0.1465855351485955 -> 0.14658553514859551
0.265542041487871 -> 0.26554204148787097
0.1364388912878053 -> 0.13643889128780529
0.60919320454011 -> 0.6091932045401099
0.2539698490132066 -> 0.25396984901320663
0.218099463603023 -> 0.21809946360302301
0.128584889635058 -> 0.12858488963505799
0.620076915998722 -> 0.6200769159987219
0.01999473366018867 -> 0.019994733660188668
0.2400332946656797 -> 0.24003329466567969
0.607924616279579 -> 0.6079246162795791
0.2491783928367063 -> 0.24917839283670629
0.4589053545263653 -> 0.45890535452636527
0.4828849535665449 -> 0.48288495356654493
0.59686763761528 -> 0.5968676376152799
0.347680812826308 -> 0.34768081282630803
0.572068251077334 -> 0.5720682510773339
0.086352340278544 -> 0.08635234027854399
0.877012489453944 -> 0.8770124894539441
0.2738849826626715 -> 0.27388498266267147
0.785495275479485 -> 0.7854952754794849
0.854407084193263 -> 0.8544070841932629
0.811308386833757 -> 0.8113083868337569
0.3961786690687015 -> 0.39617866906870147
0.612682346073049 -> 0.6126823460730489
0.4376045879923047 -> 0.43760458799230473
0.810040764974229 -> 0.8100407649742291
0.715331651171284 -> 0.7153316511712841
0.2694092748309245 -> 0.26940927483092447
0.050113850250605 -> 0.050113850250604997
0.4063349683029088 -> 0.40633496830290883
0.936503181795383 -> 0.9365031817953831
0.1102875798105225 -> 0.11028757981052251
0.3109887582689356 -> 0.31098875826893557
0.903147962778794 -> 0.9031479627787939
0.582501220264038 -> 0.5825012202640381
0.663391114628264 -> 0.6633911146282639
0.05076855605140684 -> 0.050768556051406843
0.732000299206575 -> 0.7320002992065749
0.1607401246735395 -> 0.16074012467353949
0.4123031426192241 -> 0.41230314261922407
0.0884313222182792 -> 0.08843132221827921
0.667912341571612 -> 0.6679123415716119
0.59014364604399 -> 0.5901436460439899
0.1476192329091187 -> 0.14761923290911871
0.1391907482214121 -> 0.13919074822141209
0.4943742135721719 -> 0.49437421357217193
0.794267518067653 -> 0.7942675180676529
0.728348738328153 -> 0.7283487383281529
0.364227428835632 -> 0.36422742883563197
0.3481991399865281 -> 0.34819913998652807
0.1065679768457043 -> 0.10656797684570429
0.1562433848302862 -> 0.15624338483028621
0.959380031240678 -> 0.9593800312406781
0.748816961840646 -> 0.7488169618406459
0.707101300417806 -> 0.7071013004178059
0.50063728246625 -> 0.5006372824662501
0.900650412162392 -> 0.9006504121623919
0.889067297542321 -> 0.8890672975423209
0.681739179097754 -> 0.6817391790977539
0.63744073878002 -> 0.6374407387800201
0.983005998286617 -> 0.9830059982866171
0.645232312175056 -> 0.6452323121750561
0.671372241300701 -> 0.6713722413007009
0.521102629080682 -> 0.5211026290806819
0.1318871352051494 -> 0.13188713520514939
0.2487428842670001 -> 0.24874288426700009
0.812977348339396 -> 0.8129773483393961
0.4870677070721183 -> 0.48706770707211833
0.58056038867859 -> 0.5805603886785899
0.732824355484682 -> 0.7328243554846821
0.4428790490428339 -> 0.44287904904283393
0.0992406144376815 -> 0.09924061443768151
0.926459708225779 -> 0.9264597082257791
0.626180440084182 -> 0.6261804400841821
0.756518658849684 -> 0.7565186588496839
0.557790528567429 -> 0.5577905285674289
0.83788114940274 -> 0.8378811494027401
0.897823344724687 -> 0.8978233447246869
0.2037218533249434 -> 0.20372185332494341
0.3853262679541197 -> 0.38532626795411973
0.4078160044991124 -> 0.40781600449911237
0.616843854839007 -> 0.6168438548390071
0.795321738789249 -> 0.7953217387892491
0.4725526477773139 -> 0.47255264777731387
0.613398976508644 -> 0.6133989765086439
0.3953529929559709 -> 0.39535299295597093
0.925805034548493 -> 0.9258050345484931
0.831796184391491 -> 0.8317961843914909
0.3788293064879589 -> 0.37882930648795887
0.2450214159314167 -> 0.24502141593141669
0.04953526329935121 -> 0.049535263299351207
0.4891755527737289 -> 0.48917555277372893
0.8519737873189 -> 0.8519737873189001
0.982166711448828 -> 0.9821667114488279
0.765965550363156 -> 0.7659655503631559
0.54607598703693 -> 0.5460759870369301
0.861749962672893 -> 0.8617499626728931
0.1971262422953277 -> 0.19712624229532771
0.994252904240641 -> 0.9942529042406409
0.2871348871536267 -> 0.28713488715362667
0.0812505290386435 -> 0.08125052903864349
0.2930440500266491 -> 0.29304405002664913
0.623362505515414 -> 0.6233625055154139
0.908326416724135 -> 0.9083264167241351
0.933636124288794 -> 0.9336361242887939
0.1711807476828794 -> 0.17118074768287939
0.1835600942301958 -> 0.18356009423019581
0.682769719200573 -> 0.6827697192005731
0.02469370084008282 -> 0.024693700840082822
0.599175166686367 -> 0.5991751666863669
0.2941867710112612 -> 0.29418677101126123
0.742983024737288 -> 0.7429830247372879
0.774534904617386 -> 0.7745349046173861
0.709023170073039 -> 0.7090231700730391
0.0318558191327496 -> 0.031855819132749597
0.4060372859042575 -> 0.40603728590425747
0.3588959424601115 -> 0.35889594246011147
0.1411581011387779 -> 0.14115810113877791
0.621267734243587 -> 0.6212677342435871
0.957768027722463 -> 0.9577680277224629
0.2095185770132275 -> 0.20951857701322751
0.2095229887075407 -> 0.20952298870754071
0.0640537268846798 -> 0.06405372688467981
0.70523721465743 -> 0.7052372146574299
0.1352495626200758 -> 0.13524956262007581
0.4569275550914563 -> 0.45692755509145633
0.51892000706336 -> 0.5189200070633599
0.52909410576318 -> 0.5290941057631799
0.521912322124021 -> 0.5219123221240211
0.2921086653831447 -> 0.29210866538314473
0.779790128228043 -> 0.7797901282280429
0.680805547952751 -> 0.6808055479527509
0.3035431257553661 -> 0.30354312575536613
0.815438057225433 -> 0.8154380572254331
0.934509974266512 -> 0.9345099742665119
0.576299213428001 -> 0.5762992134280009
0.2420185919332246 -> 0.24201859193322461
0.689596304622417 -> 0.6895963046224169
0.242721774060928 -> 0.24272177406092799
0.589377188609086 -> 0.5893771886090859
0.2671705162772747 -> 0.26717051627727473
0.4793143546252637 -> 0.47931435462526373
0.0666319840868922 -> 0.06663198408689219
0.4035353676149461 -> 0.40353536761494613
0.60499328935683 -> 0.6049932893568301
0.923715158419186 -> 0.9237151584191861
0.3641939281079071 -> 0.36419392810790707
0.0917647951271039 -> 0.09176479512710389
0.1364213027313428 -> 0.13642130273134279
0.2666526608784551 -> 0.26665266087845507
0.68642225560247 -> 0.6864222556024701
0.723118042984428 -> 0.7231180429844281
0.992652840062969 -> 0.9926528400629691
0.848533310175625 -> 0.8485333101756251
0.4498351641789958 -> 0.44983516417899583
0.3523289663500003 -> 0.35232896635000033
0.818200071785742 -> 0.8182000717857419
0.894657951081059 -> 0.8946579510810591
0.1076760002638305 -> 0.10767600026383051
0.4132420237186403 -> 0.41324202371864027
0.564331846967632 -> 0.5643318469676319
0.4929316507563756 -> 0.49293165075637557
0.219146391659907 -> 0.21914639165990701
0.2150163946152749 -> 0.21501639461527489
6.69521183939148E-4 -> 6.695211839391479E-4
0.741302799422142 -> 0.7413027994221419
0.3105036127260348 -> 0.31050361272603477
0.2556969964046166 -> 0.25569699640461663
0.3973671241474033 -> 0.39736712414740327
0.505321733202931 -> 0.5053217332029309
0.1007260020875358 -> 0.10072600208753579
0.1525582561224368 -> 0.15255825612243679
0.959721337311986 -> 0.9597213373119859
0.1807976705052423 -> 0.18079767050524231
0.4489921428867025 -> 0.44899214288670253
0.367069283455459 -> 0.36706928345545897
0.677733238465068 -> 0.6777332384650681
0.3478432177320189 -> 0.34784321773201887
0.3427148370729797 -> 0.34271483707297967
0.2166252572948172 -> 0.21662525729481719
0.828848504583446 -> 0.8288485045834461
0.911531427744181 -> 0.9115314277441811
0.0767862507034257 -> 0.07678625070342571
0.516535300788384 -> 0.5165353007883841
0.867835059553485 -> 0.8678350595534851
0.04267483503990133 -> 0.042674835039901327
0.0873374770563159 -> 0.08733747705631589
0.865617891755252 -> 0.8656178917552519
0.899374519739848 -> 0.8993745197398481
0.4912832726063249 -> 0.49128327260632487
0.4722736040342774 -> 0.47227360403427743
0.1644785281527852 -> 0.16447852815278519
0.685093178980063 -> 0.6850931789800629
0.2550532522545573 -> 0.25505325225455733
0.621451908600892 -> 0.6214519086008919
0.780792570307208 -> 0.7807925703072079
0.66461170405844 -> 0.6646117040584399
0.562000271255021 -> 0.5620002712550209
0.4736914941348426 -> 0.47369149413484257
0.1249277121021709 -> 0.12492771210217091
0.973851179847046 -> 0.9738511798470459
0.568062117620383 -> 0.5680621176203829
0.3708154081646097 -> 0.37081540816460967
0.707540838430398 -> 0.7075408384303979
0.3883798208701221 -> 0.38837982087012213
0.800414477268864 -> 0.8004144772688641
0.1056254594794429 -> 0.10562545947944291
0.587122115828072 -> 0.5871221158280721
0.006479524895396382 -> 0.0064795248953963824
0.890638329531174 -> 0.8906383295311739
0.4886081513725892 -> 0.48860815137258917
0.2418686050920308 -> 0.24186860509203079
0.93670575523131 -> 0.9367057552313101
0.808595802658231 -> 0.8085958026582311
0.827924966442735 -> 0.8279249664427351
0.88598255776439 -> 0.8859825577643901
0.2231353634025839 -> 0.22313536340258389
0.4733437951402166 -> 0.47334379514021663
0.3560487250875011 -> 0.35604872508750107
0.772273407012738 -> 0.7722734070127379
0.3716378009106934 -> 0.37163780091069343
0.919032404932905 -> 0.9190324049329049
0.443075626883807 -> 0.44307562688380697
0.16223033561446 -> 0.16223033561445999
0.593707674533759 -> 0.5937076745337589
0.639888368557122 -> 0.6398883685571219
0.927999870317816 -> 0.9279998703178159
0.0972316437512959 -> 0.09723164375129589
0.402801000232584 -> 0.40280100023258403
0.01382885417340629 -> 0.013828854173406291
0.588488557993535 -> 0.5884885579935351
0.726048208140119 -> 0.7260482081401189
0.2250835454497533 -> 0.22508354544975329
0.924171669307915 -> 0.9241716693079149
0.3922143987395664 -> 0.39221439873956643
0.75050203168238 -> 0.7505020316823801
0.2114627465074327 -> 0.21146274650743269
0.614243675930152 -> 0.6142436759301521
0.3415705923695391 -> 0.34157059236953913
0.428882524950256 -> 0.42888252495025603
0.794188205453009 -> 0.7941882054530091
0.2834474674688717 -> 0.28344746746887173
0.621756294155903 -> 0.6217562941559031
0.3018516669983278 -> 0.30185166699832777
0.1597542359770351 -> 0.15975423597703509
0.2443830372453729 -> 0.24438303724537291
0.4999235562690654 -> 0.49992355626906537
0.2489341937811166 -> 0.24893419378111659
0.799660194049646 -> 0.7996601940496459
0.2299198309837477 -> 0.22991983098374769
0.3657198951441821 -> 0.36571989514418213
0.707886879467509 -> 0.7078868794675089
0.940035820280612 -> 0.9400358202806119
0.1591966617849533 -> 0.15919666178495329
0.0807805871824454 -> 0.08078058718244541
0.0908991966089382 -> 0.09089919660893819
0.57347269499879 -> 0.5734726949987899
0.04198427537142135 -> 0.041984275371421353
0.4159662557744431 -> 0.41596625577444313
0.0086443651069662 -> 0.008644365106966201
0.964653107567988 -> 0.9646531075679881
0.1221693410009611 -> 0.12216934100096111
0.970127657217076 -> 0.9701276572170759
0.692032188682909 -> 0.6920321886829091
0.585824670281964 -> 0.5858246702819641
0.449503182168248 -> 0.44950318216824803
0.3496313526592498 -> 0.34963135265924983
0.88502853054642 -> 0.8850285305464199
0.755508012063487 -> 0.7555080120634869
0.752509364944073 -> 0.7525093649440729
0.66363008677009 -> 0.6636300867700901
0.369831681213697 -> 0.36983168121369703
0.3959861678295373 -> 0.39598616782953733
0.2253723377524499 -> 0.22537233775244991
0.618089132870211 -> 0.6180891328702111
0.994550608869815 -> 0.9945506088698149
0.1844633117853096 -> 0.18446331178530961
0.502587648445669 -> 0.5025876484456691
0.2410784265838085 -> 0.24107842658380851
0.522572472901564 -> 0.5225724729015639
0.481353009257351 -> 0.48135300925735103
0.03261072808830923 -> 0.032610728088309227
0.4607421165737072 -> 0.46074211657370723
0.550037687718196 -> 0.5500376877181959
0.4130885474569366 -> 0.41308854745693657
0.670788167299394 -> 0.6707881672993939
0.181387825205771 -> 0.18138782520577101
0.881220252546075 -> 0.8812202525460749
0.618609445463495 -> 0.6186094454634949
0.4189818991977661 -> 0.41898189919776607
0.926494919852693 -> 0.9264949198526931
0.01542378062105798 -> 0.015423780621057981
0.3198529522102945 -> 0.31985295221029453
0.3757736417960372 -> 0.37577364179603723
0.2601635998356224 -> 0.26016359983562243
0.01309419164390102 -> 0.013094191643901021
0.654249251900411 -> 0.6542492519004111
0.685707113994591 -> 0.6857071139945911
0.712403618184067 -> 0.7124036181840669
0.92014430950428 -> 0.9201443095042799
0.763488708403325 -> 0.7634887084033249
0.1364564364927182 -> 0.13645643649271821
0.3969047153172581 -> 0.39690471531725813
0.632945485496686 -> 0.6329454854966859
0.2152093681641465 -> 0.21520936816414649
0.581204315202069 -> 0.5812043152020691
0.0700673069811606 -> 0.07006730698116059
0.4822075243044254 -> 0.48220752430442537
0.1335997358616864 -> 0.13359973586168639
0.2133474362975082 -> 0.21334743629750819
0.722705119294136 -> 0.7227051192941359
0.1311010134449032 -> 0.13110101344490321
0.468511100620116 -> 0.46851110062011603
0.1408476959941556 -> 0.14084769599415559
0.906003885797733 -> 0.9060038857977331
0.4630081502872124 -> 0.46300815028721243
0.3979446162656399 -> 0.39794461626563993
0.792618801177637 -> 0.7926188011776369
0.1979515596237197 -> 0.19795155962371969
0.2285121149576297 -> 0.22851211495762969
0.2576578810387051 -> 0.25765788103870513
0.94689044304719 -> 0.9468904430471899
0.2174845033619731 -> 0.21748450336197311
0.713587801756216 -> 0.7135878017562159
0.3420327293493651 -> 0.34203272934936513
0.521599679668242 -> 0.5215996796682419
0.1381175140669786 -> 0.13811751406697859
0.1787855205353409 -> 0.17878552053534091
0.1564445348783675 -> 0.15644453487836751
0.749966407368234 -> 0.7499664073682339
0.697171010814642 -> 0.6971710108146419
0.1922063949018432 -> 0.19220639490184321
0.943448462187851 -> 0.9434484621878509
0.0892619625772667 -> 0.08926196257726671
0.603523253026022 -> 0.6035232530260221
0.657325780257559 -> 0.6573257802575589
0.607486958942624 -> 0.6074869589426239
0.2185277594094963 -> 0.21852775940949631
0.2519161175428902 -> 0.25191611754289023
0.902201628175962 -> 0.9022016281759619
0.731870442523817 -> 0.7318704425238171
0.4127569335437066 -> 0.41275693354370657
0.786607133452286 -> 0.7866071334522859
0.631588847106966 -> 0.6315888471069659
0.2976145213255805 -> 0.29761452132558053
0.04239198509414022 -> 0.042391985094140217
0.3494345405635432 -> 0.34943454056354317
0.927734783726265 -> 0.9277347837262651
0.539859598577971 -> 0.5398595985779709
0.988292238436491 -> 0.9882922384364911
0.05925610534248393 -> 0.059256105342483933
0.72449360596147 -> 0.7244936059614701
0.566233731389507 -> 0.5662337313895069
0.4758232296288398 -> 0.47582322962883983
0.3040070961492293 -> 0.30400709614922927
0.00894754935065012 -> 0.008947549350650119
0.1943413611693421 -> 0.19434136116934209
0.578288409895166 -> 0.5782884098951659
0.3596688563262673 -> 0.35966885632626733
0.1842330214628599 -> 0.18423302146285991
0.692186365144214 -> 0.6921863651442141
0.4598946683704839 -> 0.45989466837048387
0.657329180556046 -> 0.6573291805560461
0.2341279688976209 -> 0.23412796889762089
0.886705685989226 -> 0.8867056859892259
0.960107823337291 -> 0.9601078233372911
0.3834866103148937 -> 0.38348661031489373
0.952631253085439 -> 0.9526312530854389
0.989049478936811 -> 0.9890494789368111
0.2214054458780884 -> 0.22140544587808841
0.0730363669817281 -> 0.07303636698172811
0.79958857484925 -> 0.7995885748492499
0.954405720511528 -> 0.9544057205115281
0.3556835919589382 -> 0.35568359195893817
0.121760905108669 -> 0.12176090510866899
0.1953666193430421 -> 0.19536661934304211
0.1235818256256681 -> 0.12358182562566811
0.1201626911497976 -> 0.12016269114979761
0.4896536579051117 -> 0.48965365790511173
0.4535331117357774 -> 0.45353311173577737
0.633120012111343 -> 0.6331200121113429
0.1110002191780236 -> 0.11100021917802361
0.2009953716023095 -> 0.20099537160230951
0.667111156901044 -> 0.6671111569010439
0.475564372019428 -> 0.47556437201942803
0.683462330706679 -> 0.6834623307066791
0.1746279622675352 -> 0.17462796226753519
0.1960475116328355 -> 0.19604751163283551
0.967282165685105 -> 0.9672821656851051
0.4052697415306383 -> 0.40526974153063833
0.817003898192944 -> 0.8170038981929439
0.872282466209161 -> 0.8722824662091609
0.01827767359130761 -> 0.018277673591307608
0.2015615202734896 -> 0.20156152027348961
0.8169670959525 -> 0.8169670959525001
0.844878632034402 -> 0.8448786320344021
0.36303989755794 -> 0.36303989755793997
0.2137905073417634 -> 0.21379050734176341
0.694813441428139 -> 0.6948134414281389
0.975710244501585 -> 0.9757102445015849
0.1578147575582418 -> 0.15781475755824181
0.873326139270794 -> 0.8733261392707941
0.01159394106538958 -> 0.011593941065389579
0.958907492745043 -> 0.9589074927450431
0.282195492521329 -> 0.28219549252132903
0.3335969338464084 -> 0.33359693384640843
0.3795666018138594 -> 0.37956660181385937
0.0713333478734599 -> 0.07133334787345991
0.3670779953512672 -> 0.36707799535126717
0.03974162582448015 -> 0.039741625824480153
0.3318238328985815 -> 0.33182383289858153
0.95537220382061 -> 0.9553722038206101
0.3057791296437605 -> 0.30577912964376053
0.1537607000679274 -> 0.15376070006792741
0.1826868576027426 -> 0.18268685760274261
0.115798901663961 -> 0.11579890166396101
0.556743110494686 -> 0.5567431104946861
0.01394684719820971 -> 0.013946847198209711
0.799268153557743 -> 0.7992681535577431
0.886578258293026 -> 0.8865782582930259
0.1974546453827455 -> 0.19745464538274549
0.571813878137095 -> 0.5718138781370951
0.2770829861571176 -> 0.27708298615711757
0.3611597120735833 -> 0.36115971207358333
0.4962152457405479 -> 0.49621524574054787
0.1577924947807091 -> 0.15779249478070911
0.1676202683068755 -> 0.16762026830687549
0.823349287197294 -> 0.8233492871972941
0.0682451992194213 -> 0.06824519921942129
0.3466130026578432 -> 0.34661300265784323
0.775184859038412 -> 0.7751848590384121
0.756775978743847 -> 0.7567759787438471
0.2650916168514936 -> 0.26509161685149363
0.847436078753874 -> 0.8474360787538739
0.2734736741542034 -> 0.27347367415420343
0.1899604330376473 -> 0.18996043303764731
0.964746288647438 -> 0.9647462886474381
0.707856218181593 -> 0.7078562181815931
0.930405539089667 -> 0.9304055390896671
0.702101337143963 -> 0.7021013371439629
0.0812389215590631 -> 0.08123892155906309
0.2590114343696652 -> 0.25901143436966523
0.3671104491464455 -> 0.36711044914644553
0.4865930115684238 -> 0.48659301156842383
0.3812546957002588 -> 0.38125469570025883
0.642317959551785 -> 0.6423179595517849
0.559353555329481 -> 0.5593535553294809
0.02160614732570376 -> 0.021606147325703762
0.968918853370277 -> 0.9689188533702769
0.2364246391282082 -> 0.23642463912820821
0.763365619258146 -> 0.7633656192581461
0.950762320190707 -> 0.9507623201907071
0.0586765473198444 -> 0.058676547319844397
0.4191411764540314 -> 0.41914117645403137
0.927479042045183 -> 0.9274790420451831
0.880954424750859 -> 0.8809544247508591
0.4671327884758463 -> 0.46713278847584627
0.688329743987733 -> 0.6883297439877329
0.1340233778991302 -> 0.13402337789913021
0.4925800063333515 -> 0.49258000633335153
0.818612547055313 -> 0.8186125470553129
0.3264772616956578 -> 0.32647726169565783
0.05593661914914572 -> 0.055936619149145717
0.583515997971847 -> 0.5835159979718469
0.1363665914974138 -> 0.13636659149741381
0.1902149838269762 -> 0.19021498382697621
0.2005734104736452 -> 0.20057341047364519
0.981676349242183 -> 0.9816763492421831
0.561189053062012 -> 0.5611890530620121
0.03485628723326906 -> 0.034856287233269057
0.876715638858863 -> 0.8767156388588629
0.653582733318191 -> 0.6535827333181909
0.3217010297554109 -> 0.32170102975541093
0.502235781374126 -> 0.5022357813741259
0.2197594394760677 -> 0.21975943947606769
0.768907889929693 -> 0.7689078899296929
0.1286596221735231 -> 0.12865962217352311
0.609363904514651 -> 0.6093639045146509
0.700000258708042 -> 0.7000002587080419
0.2850884104731711 -> 0.28508841047317113
0.4646543197724676 -> 0.46465431977246763
0.2445752328525823 -> 0.24457523285258231
0.215209031641154 -> 0.21520903164115401
0.3222629656201004 -> 0.32226296562010037
0.1644487891143913 -> 0.16444878911439131
0.3850177253827404 -> 0.38501772538274037
0.04501272214484087 -> 0.045012722144840867
0.2263579921601271 -> 0.22635799216012709
0.762850894481579 -> 0.7628508944815789
0.938428277412862 -> 0.9384282774128621
0.740446087289165 -> 0.7404460872891649
0.830993572475691 -> 0.8309935724756909
0.532437673280099 -> 0.5324376732800991
0.2984797182904044 -> 0.29847971829040443
0.3630792003057354 -> 0.36307920030573537
0.57163315296792 -> 0.5716331529679201
0.1445215726878155 -> 0.14452157268781551
0.05398651034779944 -> 0.053986510347799443
0.567363876957308 -> 0.5673638769573081
0.639600516433596 -> 0.6396005164335959
0.639778729891677 -> 0.6397787298916769
0.499780853501715 -> 0.49978085350171497
0.3717594034515668 -> 0.37175940345156677
0.901783602703845 -> 0.9017836027038451
0.1341136688083404 -> 0.13411366880834041
0.04997548163399557 -> 0.049975481633995567
0.05646833829104125 -> 0.056468338291041253
0.14646469478087 -> 0.14646469478086999
0.935919066751216 -> 0.9359190667512159
0.04275400948453267 -> 0.042754009484532673
0.889226718744277 -> 0.8892267187442769
0.4983017062041806 -> 0.49830170620418057
0.858905820482533 -> 0.8589058204825329
0.06212578700969296 -> 0.062125787009692957
0.585480114909047 -> 0.5854801149090469
0.1377470166554393 -> 0.13774701665543931
0.3272415302151854 -> 0.32724153021518543
0.702475144111603 -> 0.7024751441116029
0.2536514732836955 -> 0.25365147328369553
0.2105962881615734 -> 0.21059628816157339
0.4379894660344196 -> 0.43798946603441957
0.3527740502342466 -> 0.35277405023424657
0.1856668236644997 -> 0.18566682366449971
0.4774402425181484 -> 0.47744024251814843
0.2639843363222312 -> 0.26398433632223117
0.2939678443153039 -> 0.29396784431530387
0.2114370784740741 -> 0.21143707847407411
0.2770133587072309 -> 0.27701335870723087
0.934158132367992 -> 0.9341581323679919
0.977157763561254 -> 0.9771577635612539
0.666881909510394 -> 0.6668819095103941
0.01410106257710697 -> 0.014101062577106971
0.3900421006225748 -> 0.39004210062257483
0.3225367289531407 -> 0.32253672895314067
0.981226861290246 -> 0.9812268612902461
0.2968593015746607 -> 0.29685930157466067
0.885850353991743 -> 0.8858503539917429
0.3729100456554095 -> 0.37291004565540953
0.712670085656884 -> 0.7126700856568839
0.02052433219998606 -> 0.020524332199986062
0.2078270494232589 -> 0.20782704942325891
0.4263704729792476 -> 0.42637047297924757
0.2859949717890998 -> 0.28599497178909983
0.639802706325518 -> 0.6398027063255179
0.875528281452085 -> 0.8755282814520851
0.2974597436812981 -> 0.29745974368129813
0.882641065061259 -> 0.8826410650612589
0.4485067151330627 -> 0.44850671513306273
0.4576862001716063 -> 0.45768620017160633
0.2002883304178147 -> 0.20028833041781469
0.463682114848568 -> 0.46368211484856803
0.599379932726469 -> 0.5993799327264689
0.4988150001117512 -> 0.49881500011175117
0.0886898975002317 -> 0.08868989750023171
0.556835152107025 -> 0.5568351521070251
0.730167417332863 -> 0.7301674173328629
0.867184308258031 -> 0.8671843082580309
0.0319524542395998 -> 0.031952454239599803
0.632694305758636 -> 0.6326943057586361
0.3390233426686661 -> 0.33902334266866607
0.823167446839215 -> 0.8231674468392149
0.1450138438209677 -> 0.14501384382096771
0.678580163332066 -> 0.6785801633320661
0.3692427553425566 -> 0.36924275534255657
0.06167328057138299 -> 0.061673280571382993
0.1269896846463653 -> 0.12698968464636529
0.1587050720675207 -> 0.15870507206752071
0.4580552443160886 -> 0.45805524431608857
0.2423538599302585 -> 0.24235385993025849
0.887940098910802 -> 0.8879400989108019
0.506033039577304 -> 0.5060330395773039
0.1979546797729239 -> 0.19795467977292391
0.672241604536505 -> 0.6722416045365051
0.1840290013379451 -> 0.18402900133794509
0.519652350323279 -> 0.5196523503232791
0.3651779480352981 -> 0.36517794803529813
0.818621670020587 -> 0.8186216700205869
0.0870107462833365 -> 0.08701074628333649
0.01113808771507352 -> 0.011138087715073519
0.4457393243511448 -> 0.44573932435114483
0.3225641574924277 -> 0.32256415749242773
0.2317967419905025 -> 0.23179674199050249
0.2602100921821002 -> 0.26021009218210023
0.1886122014173056 -> 0.18861220141730561
0.3727508337915518 -> 0.37275083379155183
0.3813606730879813 -> 0.38136067308798127
0.569538609849569 -> 0.5695386098495691
0.623149480350703 -> 0.6231494803507029
0.4957348320746712 -> 0.49573483207467117
0.626670169970099 -> 0.6266701699700989
0.850828546955331 -> 0.8508285469553311
0.985727970003275 -> 0.9857279700032749
0.979866126170648 -> 0.9798661261706481
0.594508593350837 -> 0.5945085933508369
0.1056306875533587 -> 0.10563068755335869
0.94735161740446 -> 0.9473516174044599
0.2123222514082619 -> 0.21232225140826189
0.720334305251286 -> 0.7203343052512859
0.3281513040982523 -> 0.32815130409825233
0.845981353834589 -> 0.8459813538345889
0.908405860742797 -> 0.9084058607427969
0.757945141960989 -> 0.7579451419609891
0.676552836284324 -> 0.6765528362843241
0.2919651232536912 -> 0.29196512325369117
0.774873941804402 -> 0.7748739418044021
0.03161752329071554 -> 0.031617523290715543
0.397283611531941 -> 0.39728361153194103
0.674152866402911 -> 0.6741528664029111
0.1122830667527508 -> 0.11228306675275079
0.3075294803906857 -> 0.30752948039068573
0.1631646728856848 -> 0.16316467288568481
0.532875695291744 -> 0.5328756952917439
0.722757564602795 -> 0.7227575646027951
0.761313384169022 -> 0.7613133841690219
0.918815543550698 -> 0.9188155435506981
0.154064688649987 -> 0.15406468864998701
0.895945816642366 -> 0.8959458166423661
0.898728180766939 -> 0.8987281807669391
0.604689682929687 -> 0.6046896829296869
0.05670055105562 -> 0.056700551055619997
0.931514300134688 -> 0.9315143001346879
0.4605194393325516 -> 0.46051943933255157
0.750676904385221 -> 0.7506769043852211
0.4200343504504018 -> 0.42003435045040183
0.05490560685593859 -> 0.054905606855938593
0.1720321219373422 -> 0.17203212193734219
0.01027406417754373 -> 0.010274064177543729
0.899255658327828 -> 0.8992556583278279
0.2377315562486466 -> 0.23773155624864661
0.3526974049786539 -> 0.35269740497865387
0.4599788023390948 -> 0.45997880233909483
0.97395325383893 -> 0.9739532538389301
0.3228038207054649 -> 0.32280382070546487
0.2269338084200445 -> 0.22693380842004451
0.538430721942946 -> 0.5384307219429459
0.3837987412171113 -> 0.38379874121711133
0.1566737324284284 -> 0.15667373242842841
0.607257938602837 -> 0.6072579386028371
0.2072282879132228 -> 0.20722828791322279
0.908247419119179 -> 0.9082474191191789
0.574362238788724 -> 0.5743622387887241
0.001159640912286375 -> 0.0011596409122863749
0.3418196282400843 -> 0.34181962824008427
0.1229009159770258 -> 0.12290091597702579
0.738092294408978 -> 0.7380922944089779
0.53049149740064 -> 0.5304914974006401
0.678921327559943 -> 0.6789213275599431
0.57540619113357 -> 0.5754061911335701
0.1794181833110189 -> 0.17941818331101889
0.855011186226247 -> 0.8550111862262471
0.593349401385663 -> 0.5933494013856629
0.33632126506842 -> 0.33632126506841997
0.945913100043902 -> 0.9459131000439021
0.957551422006163 -> 0.9575514220061631
0.661805623351784 -> 0.6618056233517839
0.506547368627215 -> 0.5065473686272149
0.2299172981277985 -> 0.22991729812779849
0.576669424676789 -> 0.5766694246767891
0.3577669100955643 -> 0.35776691009556427
0.947103286566156 -> 0.9471032865661561
0.577284473950262 -> 0.5772844739502619
0.562741512221341 -> 0.5627415122213409
0.4104782556733442 -> 0.41047825567334417
0.4693073116781665 -> 0.46930731167816653
0.673779336746196 -> 0.6737793367461959
0.335744401850641 -> 0.33574440185064103
0.1380214183029531 -> 0.13802141830295311
0.2331261453037866 -> 0.23312614530378661
0.3019274322921289 -> 0.30192743229212893
0.01181324763693714 -> 0.011813247636937141
0.258929950987384 -> 0.25892995098738403
0.2240473331994597 -> 0.22404733319945969
0.1777227203228572 -> 0.17772272032285719
0.554467830307178 -> 0.5544678303071779
0.2622345150464023 -> 0.26223451504640227
0.975370838379437 -> 0.9753708383794371
0.3709642045125984 -> 0.37096420451259837
0.3934117406601291 -> 0.39341174066012907
0.3724627118213443 -> 0.37246271182134427
0.4889638200824378 -> 0.48896382008243777
0.0977857982295448 -> 0.09778579822954481
0.3546685003883914 -> 0.35466850038839137
0.2100192110301803 -> 0.21001921103018029
0.622073009396304 -> 0.6220730093963041
0.610527307831707 -> 0.6105273078317069
0.4573287368446112 -> 0.45732873684461117
0.8269923284672 -> 0.8269923284672001
0.3605861265782698 -> 0.36058612657826983
0.330838628319611 -> 0.33083862831961097
0.81214609854698 -> 0.8121460985469801
0.837387375429059 -> 0.8373873754290591
0.825389330856309 -> 0.8253893308563089
0.039124851852821 -> 0.039124851852820997
0.06083638867916474 -> 0.060836388679164743
0.2925210692565616 -> 0.29252106925656163
0.2060665503939796 -> 0.20606655039397959
0.3513920559428029 -> 0.35139205594280287
0.3979694395885017 -> 0.39796943958850173
0.4547249950682066 -> 0.45472499506820663
0.83788848763689 -> 0.8378884876368899
0.656698174186298 -> 0.6566981741862979
0.3000034652425769 -> 0.30000346524257693
0.2010690054356188 -> 0.20106900543561879
0.3853222577340151 -> 0.38532225773401507
0.4292435133001615 -> 0.42924351330016153
0.01585362349578112 -> 0.015853623495781122
0.676804783488341 -> 0.6768047834883411
0.007539485776498545 -> 0.0075394857764985446
0.06162741658539184 -> 0.061627416585391837
0.2476512094198524 -> 0.24765120941985241
0.825583162198609 -> 0.8255831621986091
0.1298522084096181 -> 0.12985220840961809
0.253739649398771 -> 0.25373964939877103
0.2239525084160051 -> 0.22395250841600511
0.06092114487596045 -> 0.060921144875960453
0.898237098647581 -> 0.8982370986475809
0.2372996691945677 -> 0.23729966919456769
0.847174384074108 -> 0.8471743840741079
0.606083764611067 -> 0.6060837646110671
0.4685874581597472 -> 0.46858745815974723
0.2535736201393958 -> 0.25357362013939577
0.4126218182961017 -> 0.41262181829610167
0.663760028573326 -> 0.6637600285733261
0.644352956750951 -> 0.6443529567509509
0.06191907687544684 -> 0.061919076875446843
0.1444591172862668 -> 0.14445911728626681
0.4448331699314165 -> 0.44483316993141653
0.04394781399120384 -> 0.043947813991203843
0.575894955064086 -> 0.5758949550640859
0.2694319869869021 -> 0.26943198698690207
0.3270903863696836 -> 0.32709038636968357
0.554256461590034 -> 0.5542564615900341
0.546975688094474 -> 0.5469756880944741
0.2838734237021939 -> 0.28387342370219393
0.893181519572603 -> 0.8931815195726031
0.792091381905975 -> 0.7920913819059749
0.0665076967140611 -> 0.06650769671406109
0.3093090445114067 -> 0.30930904451140673
0.618000775824672 -> 0.6180007758246721
0.4111826848732619 -> 0.41118268487326193
0.594348192693888 -> 0.5943481926938879
0.4140243769496533 -> 0.41402437694965333
0.0733640178884628 -> 0.07336401788846281
0.715873561413435 -> 0.7158735614134349
0.696419432934061 -> 0.6964194329340609
0.05558025732241079 -> 0.055580257322410787
0.6287448090785 -> 0.6287448090785001
0.817436749768157 -> 0.8174367497681569
0.710916450855894 -> 0.7109164508558941
0.570606337754824 -> 0.5706063377548239
0.4709404721775656 -> 0.47094047217756563
0.4173756052184803 -> 0.41737560521848027
0.0133621360305487 -> 0.013362136030548699
0.887130105464704 -> 0.8871301054647041
0.995767744740992 -> 0.9957677447409919
0.3489501086098242 -> 0.34895010860982423
0.558353676625785 -> 0.5583536766257849
0.851882427659926 -> 0.8518824276599259
0.005450530424048194 -> 0.0054505304240481944
0.590549793824447 -> 0.5905497938244469
0.4782791732640366 -> 0.47827917326403657
0.4757197775422288 -> 0.47571977754222883
0.65005448381948 -> 0.6500544838194799
0.547384902587499 -> 0.5473849025874989
0.2598009356059163 -> 0.25980093560591633
0.920537870054634 -> 0.9205378700546341
0.932787555745273 -> 0.9327875557452729
0.239618496074001 -> 0.23961849607400099
0.560036395804623 -> 0.5600363958046231
0.749864246277475 -> 0.7498642462774751
0.514023039158993 -> 0.5140230391589929
0.02542163994342783 -> 0.025421639943427832
0.514879011198976 -> 0.5148790111989761
0.667151844530325 -> 0.6671518445303249
0.2576707253787551 -> 0.25767072537875513
0.04812567605808327 -> 0.048125676058083267
0.996956544499843 -> 0.9969565444998429
0.869973417713718 -> 0.8699734177137179
0.4214561433628706 -> 0.42145614336287063
0.1339314330765249 -> 0.13393143307652489
0.02501151950545011 -> 0.025011519505450108
0.2913575225651375 -> 0.29135752256513747
0.1870363866068636 -> 0.18703638660686361
0.962884648089605 -> 0.9628846480896051
0.50571445040363 -> 0.5057144504036299
0.00785547140061127 -> 0.007855471400611269
0.4813715311705625 -> 0.48137153117056253
0.893702548885629 -> 0.8937025488856289
0.2001691534130874 -> 0.20016915341308739
0.1871859465314928 -> 0.18718594653149279
0.3971281826573759 -> 0.39712818265737593
0.633123143951903 -> 0.6331231439519029
0.85208775525621 -> 0.8520877552562101
0.819233517837962 -> 0.8192335178379621
0.613904109145818 -> 0.6139041091458181
0.05940644141652884 -> 0.059406441416528843
0.552907016265827 -> 0.5529070162658269
0.2319809898007026 -> 0.23198098980070259
0.1960575165256878 -> 0.19605751652568781
0.0989308525129503 -> 0.09893085251295031
0.890145976626669 -> 0.8901459766266691
0.888818637763302 -> 0.8888186377633021
0.964276440034533 -> 0.9642764400345329
0.616001410560231 -> 0.6160014105602311
0.0692218158764819 -> 0.06922181587648191
0.006998031030870155 -> 0.0069980310308701554
0.737409844975008 -> 0.7374098449750081
0.919157869551605 -> 0.9191578695516049
0.823401501933197 -> 0.8234015019331971
0.763273797061712 -> 0.7632737970617119
0.4918313865398731 -> 0.49183138653987313
0.1676597758526608 -> 0.16765977585266079
0.884787758590383 -> 0.8847877585903829
0.94498950162084 -> 0.9449895016208399
0.3154298206259393 -> 0.31542982062593927
0.675393524354648 -> 0.6753935243546479
0.237495697361659 -> 0.23749569736165899
0.2436817501320203 -> 0.24368175013202031
0.09399611997237 -> 0.09399611997237001
0.2396560732575823 -> 0.23965607325758231
0.3729101645468407 -> 0.37291016454684067
0.1909010513687769 -> 0.19090105136877689
0.547558931828313 -> 0.5475589318283129
0.4270711279527796 -> 0.42707112795277957
0.618226453359702 -> 0.6182264533597021
0.523066115129803 -> 0.5230661151298031
0.4749553371969992 -> 0.47495533719699923
0.735581340679133 -> 0.7355813406791329
0.28911697686974 -> 0.28911697686974003
0.680488193139622 -> 0.6804881931396221
0.294835892510559 -> 0.29483589251055897
0.681364689248596 -> 0.6813646892485959
0.502719630827066 -> 0.5027196308270661
0.641084327068769 -> 0.6410843270687691
0.572148226959244 -> 0.5721482269592441
0.813739082522627 -> 0.8137390825226271
0.933487795115371 -> 0.9334877951153711
0.3441071918359421 -> 0.34410719183594207
0.2196561416242616 -> 0.21965614162426161
0.006653537692134059 -> 0.0066535376921340594
0.791774102500513 -> 0.7917741025005131
0.01417192873108608 -> 0.014171928731086081
0.729439608034608 -> 0.7294396080346079
0.0742192386491295 -> 0.07421923864912949
0.51837910421201 -> 0.5183791042120099
0.00881538480487598 -> 0.008815384804875981
0.755221163495504 -> 0.7552211634955041
0.1015133890154526 -> 0.10151338901545259
0.796381576282087 -> 0.7963815762820869
0.1539577057575683 -> 0.15395770575756829
0.682503664261289 -> 0.6825036642612889
0.2420214260106026 -> 0.24202142601060261
0.797715849113038 -> 0.7977158491130379
0.650621169847795 -> 0.6506211698477949
0.3781144750641037 -> 0.37811447506410367
0.2849455460807023 -> 0.28494554608070233
0.1040349635712342 -> 0.10403496357123421
0.4125660697852295 -> 0.41256606978522947
0.851469424034278 -> 0.8514694240342781
0.4056687360896645 -> 0.40566873608966447
0.873616189808124 -> 0.8736161898081241
0.400464345419869 -> 0.40046434541986897
0.725145564051558 -> 0.7251455640515579
0.749991992051181 -> 0.7499919920511809
0.664205406832654 -> 0.6642054068326541
0.504244145131791 -> 0.5042441451317911
0.975779529332439 -> 0.9757795293324391
0.787673363118851 -> 0.7876733631188511
0.4692832906590996 -> 0.46928329065909957
0.1257724624872988 -> 0.12577246248729879
0.23387271806986 -> 0.23387271806985999
0.633426315688913 -> 0.6334263156889131
0.1959763530933991 -> 0.19597635309339911
0.2100599830804981 -> 0.21005998308049811
0.978062734441213 -> 0.9780627344412131
0.673321093332303 -> 0.6733210933323029
0.863967633835589 -> 0.8639676338355891
0.2440200558120975 -> 0.24402005581209751
0.637237311338473 -> 0.6372373113384729
0.694878373703607 -> 0.6948783737036071
0.4117155354779303 -> 0.41171553547793027
0.1532279707502089 -> 0.15322797075020889
0.628816228588088 -> 0.6288162285880881
0.834467767529741 -> 0.8344677675297409
0.129775227753281 -> 0.12977522775328099
0.209229873737364 -> 0.20922987373736401
0.1459526883977008 -> 0.14595268839770081
0.3709523868423866 -> 0.37095238684238663
0.3883545163575782 -> 0.38835451635757823
0.917552205371926 -> 0.9175522053719261
0.03362133211900575 -> 0.033621332119005753
0.2849708925958159 -> 0.28497089259581587
0.80425141240768 -> 0.8042514124076801
0.614993904473427 -> 0.6149939044734271
0.801624363753142 -> 0.8016243637531421
0.768831435011121 -> 0.7688314350111209
0.922103583510197 -> 0.9221035835101969
0.887250855485959 -> 0.8872508554859589
0.1443900402184186 -> 0.14439004021841861
0.996245895924947 -> 0.9962458959249469
0.3135962384882581 -> 0.31359623848825813
0.1364348660279774 -> 0.13643486602797739
diff type $, left class java.util.Collections$SingletonMap, right class java.util.Collections$EmptyMap
diff map size $, left 1, right 0, com.alibaba.fastjson2.JSONObject
diff collection size $, left 1, right 0
diff collection size $, left 0, right 1
diff value $, left abc, right aac
diff type $.a, right is null, left class class java.lang.String
diff map $, java.util.Collections$SingletonMap
diff value $, left 1, right 2
diff value $.id, left 1, right 2
diff object $, class null
diff value $.value, left a, right b
diff object $, class null
diff value $.value, left ab, right b
diff object $, class null
diff value $.value, left ab, right ac
diff object $, class null
diff type $.value, right is null, left class class java.lang.String
diff object $, class null
diff type $.value, left is null, right class class java.lang.String
diff object $, class null
diff compare $, class jrt:/java.base/java/lang/String.class
diff array compare $, class null
diff sortedMap compare map $, class jrt:/java.base/java/util/LinkedHashMap.class
diff compare $, class null
d00000c00004e
78
12
13
{1},
{10},
{100},
{1000},
{10000},
{100000},
{1000000},
{10000000},
{100000000},
{1000000000},
{2, 1410065408},
{23, 1215752192},
{232, -727379968},
{2328, 1316134912},
{23283, 276447232},
{232830, -1530494976},
{2328306, 1874919424},
{23283064, 1569325056},
{232830643, -1486618624},
{-1966660860, -1981284352},
{5, 1808227885, 1661992960},
{54, 902409669, -559939584},
{542, 434162106, -1304428544},
{5421, 46653770, -159383552},
{54210, 466537709, -1593835520},
{542101, 370409800, 1241513984},
{5421010, -590869294, -469762048},
{54210108, -1613725636, -402653184},
{542101086, 1042612833, 268435456},
{1, 1126043566, 1836193738, -1610612736},
{12, -1624466224, 1182068202, 1073741824},
{126, 935206946, -1064219866, -2147483648},
{1262, 762134875, -2052264063, 0},
{12621, -968585837, 952195850, 0},
{126217, -1095923776, 932023908, 0},
{1262177, 1925664130, 730304488, 0},
{12621774, 2076772117, -1286889712, 0},
{126217744, -707115303, 16004768, 0},
{1262177448, 1518781562, 160047680, 0},
{2, -263127405, -1992053564, 1600476800, 0},
{29, 1663693251, 1554300843, -1175101184, 0},
{293, -542936671, -1636860747, 1133890048, 0},
{2938, -1134399408, 811261716, -1546001408, 0},
{29387, 1540907809, -477317426, 1719855104, 0},
{293873, -1770791086, -478206960, 18681856, 0},
{2938735, -528041668, -487102304, 186818560, 0},
{29387358, -985449376, -576055744, 1868185600, 0},
{293873587, -1264559160, -1465590140, 1501986816, 0},
{-1356231419, 239310294, -1770999509, 2134966272, 0},
{6, -677412302, -1901864351, -530125902, -125173760, 0},
{68, 1815811577, -1838774318, -1006291715, -1251737600, 0},
{684, 978246591, -1207873989, -1472982551, 367525888, 0},
{6842, 1192531325, 806162004, -1844923622, -619708416, 0},
{68422, -959588637, -528314547, -1269367028, -1902116864, 0},
{684227, -1005951770, -988178167, 191231613, -1841299456, 0},
{6842277, -1469583101, -1291847078, 1912316135, -1233125376, 0},
{68422776, -1810929116, -33568888, 1943292173, 553648128, 0},
{684227765, -929421967, -335688876, -2041914749, 1241513984, 0},
{1, -1747656935, -704285069, 938078541, 1055688992, -469762048, 0},
{15, -296700158, 1547083904, 790850820, 1966955336, -402653184, 0},
{159, 1327965719, -1709030143, -681426388, -1805283111, 268435456, 0},
{1593, 394755308, 89567762, 1775670717, -872961926, -1610612736, 0},
{15930, -347414216, 895677624, 576837993, -139684662, 1073741824, 0},
{159309, 820825138, 366841649, 1473412643, -1396846618, -2147483648, 0},
{
	"@type":"com.google.common.collect.SingletonImmutableBiMap",
	"k1":1
}
{
	"@type":"com.google.common.collect.SingletonImmutableBiMap",
	"k1":1
}
0xF 1111
0xF0 11110000
0x601100000

0	48	110000	3	0	18	0	0
1	49	110001	3	1	18	0	1
2	50	110010	3	2	18	0	2
3	51	110011	3	3	18	0	3
4	52	110100	3	4	18	0	4
5	53	110101	3	5	18	0	5
6	54	110110	3	6	18	0	6
7	55	110111	3	7	18	0	7
8	56	111000	3	8	18	0	8
9	57	111001	3	9	18	0	9
a	97	1100001	6	1	30	a	b
b	98	1100010	6	2	30	a	c
c	99	1100011	6	3	30	a	d
d	100	1100100	6	4	30	a	e
e	101	1100101	6	5	30	a	f
f	102	1100110	6	6	30	a	10
A	65	1000001	4	1	20	a	b
B	66	1000010	4	2	20	a	c
C	67	1000011	4	3	20	a	d
D	68	1000100	4	4	20	a	e
E	69	1000101	4	5	20	a	f
F	70	1000110	4	6	20	a	10
0xF 1111
0xF0 11110000
0x601100000

0 110000 & 11110000 = 110000
1 110001 & 11110000 = 110000
2 110010 & 11110000 = 110000
3 110011 & 11110000 = 110000
4 110100 & 11110000 = 110000
5 110101 & 11110000 = 110000
6 110110 & 11110000 = 110000
7 110111 & 11110000 = 110000
8 111000 & 11110000 = 110000
9 111001 & 11110000 = 110000

0 ((110000) & 1111 + 1100000) & 11110000 = 1100000
1 ((110001) & 1111 + 1100000) & 11110000 = 1100000
2 ((110010) & 1111 + 1100000) & 11110000 = 1100000
3 ((110011) & 1111 + 1100000) & 11110000 = 1100000
4 ((110100) & 1111 + 1100000) & 11110000 = 1100000
5 ((110101) & 1111 + 1100000) & 11110000 = 1100000
6 ((110110) & 1111 + 1100000) & 11110000 = 1100000
7 ((110111) & 1111 + 1100000) & 11110000 = 1100000
8 ((111000) & 1111 + 1100000) & 11110000 = 1100000
9 ((111001) & 1111 + 1100000) & 11110000 = 1100000
0.47851562 -> 0.47851563
{"id":1001,"org":{"id":2001}}
{
	"@type":"java.nio.HeapByteBuffer",
	"@value":[
		1,
		2,
		3
	]
}
{
	"v0000":100.0
}
{
	"v0000":100
}
{
	"id":100
}
{
	"v0000":100
}
{
	"v0000":1234567890
}
{
	"id":"d1b1bdcf-b859-4880-9ce1-1fe1fb990742"
}
{
	"id":100
}
{
	"v0000":100.0
}
{
	"v0000":100
}
{
	"v0000":1234567890
}
{
	"@type":"com.alibaba.fastjson2.issues_1600.Issue1624$Bean1#0",
	"@value":{
		"id":123
	}
}
[34,0,0,0,0,0,0,0,0,0,0,0,16]
{
	"@type":"com.alibaba.fastjson2_vo.Int1#0",
	"@value":{}
}
{}
17
{
	"id":"01234567890ABCDE01234567890ABCDE01234567890ABCDE01234567890ABCDE01234567890ABCDE",
	"v0":1,
	"v1":{},
	"v2":{},
	"v3":[
		1,
		2,
		3,
		4,
		5,
		6,
		7,
		8,
		9,
		0,
		1,
		2,
		3,
		4,
		5,
		6,
		7,
		8,
		9,
		0,
		"A",
		"B",
		"C",
		"D",
		"E",
		"F"
	]
}
[
	{
		"n234#0":13
	},
	{
		"#0":14
	},
	{
		"#0":15
	}
]
{
	"#-1":1,
	"#-2":"DataWorks"
}
jsonb size : 131
{"id":123456789,"v0":"123","v1":123456789012345678,"v2":123456789012345678901234567890,"v3":123.45,"v4":1230000.0,"v5":"abcdefg","v7":"null","v8":true,"v9":false,"v10":{"val":123},"v11":{},"v12":[1234],"v13":[12.34],"v14":[null]}
jsonb size : 131
{"id":123456789,"v0":"123","v1":123456789012345678,"v2":123456789012345678901234567890,"v3":123.45,"v4":1230000.0,"v5":"abcdefg","v7":"null","v8":true,"v9":false,"v10":{"val":123},"v11":{},"v12":[1234],"v13":[12.34],"v14":[null]}
jsonb size : 131
{"id":123456789,"v0":"123","v1":123456789012345678,"v2":123456789012345678901234567890,"v3":123.45,"v4":1230000.0,"v5":"abcdefg","v7":"null","v8":true,"v9":false,"v10":{"val":123},"v11":{},"v12":[1234],"v13":[12.34],"v14":[null]}
jsonb size : 131
{"id":123456789,"v0":"123","v1":123456789012345678,"v2":123456789012345678901234567890,"v3":123.45,"v4":1230000.0,"v5":"abcdefg","v7":"null","v8":true,"v9":false,"v10":{"val":123},"v11":{},"v12":[1234],"v13":[12.34],"v14":[null]}
jsonb size : 131
{"id":123456789,"v0":"123","v1":123456789012345678,"v2":123456789012345678901234567890,"v3":123.45,"v4":1230000.0,"v5":"abcdefg","v7":"null","v8":true,"v9":false,"v10":{"val":123},"v11":{},"v12":[1234],"v13":[12.34],"v14":[null]}
jsonb size : 131
{"id":123456789,"v0":"123","v1":123456789012345678,"v2":123456789012345678901234567890,"v3":123.45,"v4":1230000.0,"v5":"abcdefg","v7":"null","v8":true,"v9":false,"v10":{"val":123},"v11":{},"v12":[1234],"v13":[12.34],"v14":[null]}
jsonb size : 131
{"id":123456789,"v0":"123","v1":123456789012345678,"v2":123456789012345678901234567890,"v3":123.45,"v4":1230000.0,"v5":"abcdefg","v7":"null","v8":true,"v9":false,"v10":{"val":123},"v11":{},"v12":[1234],"v13":[12.34],"v14":[null]}
jsonb size : 131
{"id":123456789,"v0":"123","v1":123456789012345678,"v2":123456789012345678901234567890,"v3":123.45,"v4":1230000.0,"v5":"abcdefg","v7":"null","v8":true,"v9":false,"v10":{"val":123},"v11":{},"v12":[1234],"v13":[12.34],"v14":[null]}
{"value":["a","b","c"]}
{"value":["a","b","c"]}
{"value":["a","b","c"]}
{"value":["a","b","c"]}
{"value":["a","b","c"]}
{"value":["a","b","c"]}
{"value":["a","b","c"]}
{"value":["a","b","c"]}
{"value":["a","b","c"]}
{"value":["a","b","c"]}
{
	"value":"http://a.b.com"
}
{}
{
	"id":101,
	"name":"true",
	"type":"false"
}
"name"
"true"
"0"
"1"
"false"
{"id":"\"'\\\r\n\f\b\t中国😀😉®"}
{"id":"\"'\\\r\n\f\b\t中国😀😉®"}
{
	"value":-9223372036854775808
}
{
	"value":-2147483648
}
{
	"value":32767
}
{
	"value":8388607
}
{
	"value":0
}
{}
{
	"value":0
}
{
	"value":32767
}
{
	"value":8388607
}
{
	"value":2147483647
}
{
	"value":9223372036854775807
}
{
	"value":12345678901234567890123456789012345678901234567890123456789012345678901234567890
}
{
	"value":10
}
Sun Jan 01 08:00:00 CST 1899
Sun Jan 01 08:00:00 CST 1899
{
	"id":[
		54,
		118,
		-15,
		-105,
		117,
		-75,
		70,
		96,
		-105,
		-35,
		74,
		-29,
		-51,
		-93,
		117,
		-100
	]
}
{}
{
	"v0000":[1]
}
{
	"v0000":[1]
}
{"v0000":0,"v0001":1,"v0002":2,"v0003":3,"v0004":4,"v0005":5,"v0006":6,"v0007":7,"v0008":8,"v0009":9}
{"v0000":0,"v0001":-1,"v0002":-2,"v0003":-3,"v0004":-4,"v0005":-5,"v0006":-6,"v0007":-7,"v0008":-8,"v0009":-9}
Serialized JSON with context feature: {"booleanField":false,"otherField":""}
{"checkSqlInjection":false,"expression":{"cacheSqlSegment":false,"groupBy":[{}],"having":[{}],"normal":[{},"EQ",{},"AND",{},"NE",{},"AND",{},"IN",{}],"orderBy":[{}],"sqlSegment":""},"lastSql":{"stringValue":""},"paramNameSeq":0,"paramNameValuePairs":{},"sqlComment":{"stringValue":""},"sqlFirst":{"stringValue":""},"sqlSelect":{"stringValue":"*"},"typedThis":{"$ref":".."}}
A
A
[{"a":"1","a2":"1"},{"a":"2","a2":"2"}]
{"@type":"com.alibaba.fastjson2.issues_2500.Issue2583$Bean","enumMap":{"@type":"java.util.EnumMap"}}
{
	"date":"2023-03-26T10:25:19Z"
}
{"configs":{"FROM":[{"defaultFromId":"birtney"}]}}
1036864783
[{"ActionType":2,"AlgInfo":"","AuthorName":"瓜不瓜","AuthorTags":["日常文"],"BookId":1036864783,"BookIntro":"陆离凭借自己的努力和系统的帮助走上了人生巅峰。至于青梅？啥，我还有青梅竹马啊？","BookName":"被青梅拒绝后，我获得了模拟器","BookStatus":"连载","CategoryId":4,"CategoryName":"都市","Description":"所有人都认为陆离会和徐清在一起。毕竟这俩人郎才女貌，还从小认识。\n可在散伙饭那天，徐清拒绝了陆离的表白。正在陆离怅然之际，突然听到耳边传来的提示音。\n【恭喜您获","Did":"1036864783","Dt":1,"Ex2":"","LastChapterId":0,"LastChapterName":"","LastChapterTime":0,"Pos":0,"RankName":"","ShowTime":1692079200000,"SubCategoryName":"都市生活","Type":0,"WordCount":"58万","day":"15","fbAlg":"","fbAppId":0,"fbId":1036864783,"fbType":1,"isReal":true,"isVip":1,"lastUpdateTimes":"","month":"08","recommendCol":"rengongtuijian","recommendStyle":0,"sp":"{\"exposetime\":1692084881634,\"scene\":\"preface_with_editor\"}","stability":0,"year":"2023"}]
Issue1790.Bean(op=yyy, test={"erw":{"qqq":12313}})
WARNING: Use of the three-letter time zone ID "ACT" is deprecated and it will be removed in a future release
WARNING: Use of the three-letter time zone ID "AET" is deprecated and it will be removed in a future release
WARNING: Use of the three-letter time zone ID "AGT" is deprecated and it will be removed in a future release
WARNING: Use of the three-letter time zone ID "ART" is deprecated and it will be removed in a future release
WARNING: Use of the three-letter time zone ID "AST" is deprecated and it will be removed in a future release
WARNING: Use of the three-letter time zone ID "BET" is deprecated and it will be removed in a future release
WARNING: Use of the three-letter time zone ID "BST" is deprecated and it will be removed in a future release
WARNING: Use of the three-letter time zone ID "CAT" is deprecated and it will be removed in a future release
WARNING: Use of the three-letter time zone ID "CNT" is deprecated and it will be removed in a future release
WARNING: Use of the three-letter time zone ID "CST" is deprecated and it will be removed in a future release
WARNING: Use of the three-letter time zone ID "CTT" is deprecated and it will be removed in a future release
WARNING: Use of the three-letter time zone ID "EAT" is deprecated and it will be removed in a future release
WARNING: Use of the three-letter time zone ID "ECT" is deprecated and it will be removed in a future release
WARNING: Use of the three-letter time zone ID "EST" is deprecated and it will be removed in a future release
WARNING: Use of the three-letter time zone ID "HST" is deprecated and it will be removed in a future release
WARNING: Use of the three-letter time zone ID "IET" is deprecated and it will be removed in a future release
WARNING: Use of the three-letter time zone ID "IST" is deprecated and it will be removed in a future release
WARNING: Use of the three-letter time zone ID "JST" is deprecated and it will be removed in a future release
WARNING: Use of the three-letter time zone ID "MIT" is deprecated and it will be removed in a future release
WARNING: Use of the three-letter time zone ID "MST" is deprecated and it will be removed in a future release
WARNING: Use of the three-letter time zone ID "NET" is deprecated and it will be removed in a future release
WARNING: Use of the three-letter time zone ID "NST" is deprecated and it will be removed in a future release
WARNING: Use of the three-letter time zone ID "PLT" is deprecated and it will be removed in a future release
WARNING: Use of the three-letter time zone ID "PNT" is deprecated and it will be removed in a future release
WARNING: Use of the three-letter time zone ID "PRT" is deprecated and it will be removed in a future release
WARNING: Use of the three-letter time zone ID "PST" is deprecated and it will be removed in a future release
WARNING: Use of the three-letter time zone ID "SST" is deprecated and it will be removed in a future release
WARNING: Use of the three-letter time zone ID "VST" is deprecated and it will be removed in a future release
{"appResp":{"message":"成功","status":"200","timestamp":"2017-03-15 12:13:14"}}
Issue474.Result(items=[Issue474.Item(name=item1), Issue474.Item(name=item2)])
Issue474.Result(items=[Issue474.Item(name=item1), Issue474.Item(name=item2)])
{
	"@type":"com.alibaba.fastjson2.issues.Issue385$Bean#0",
	"@value":{
		"items":{
			"@type":"java.util.Arrays$ArrayList#1",
			"@value":[
				"CamelCase",
				"PascalCase"
			]
		}
	}
}
{"data":{"pageNum":1,"pageSize":100,"records":[{"calledTimes":1,"callerPhone":"大屏演示专用线路","channelCode":"0","chatRound":0,"customerPhone":"xxxx","duration":0,"endTime":"2022-06-27 20:29:51","finishStatusDesc":"占线","finishStatusId":6,"finishStatusName":"BUSY","intentionResult":"D","startTime":"2022-06-27 20:29:07"}],"total":1}}
{"reservationId":"1520799011718696960","mealsAvailable":true,"handBaggageNum":1,"checkedBaggageNum":0}
str = {"test":[{"demo":""}]}
list = Issue464.TestParam(test=[Issue464.Demo(demo=null)])
{"a":"a value","c":"c value"}
{"c":"c value"}
{"a":null,"b":null,"c":"c value"}
{"a":null,"b":"b value","c":null}
Issue448.BasicStaff(boyList=[Issue448.BasicStaff(boyList=null, localDate=2026-10-07, localDateTime=2026-10-07T00:42:41)], localDate=2026-10-07, localDateTime=2026-10-07T00:42:41)
required latitude
2147483650
[{"var1":"d0"}]
{"availableBeginTime":"2026-10-07 00:42:51.284","availableEndTime":"2026-10-07 17:22:51.284"}
{"availableBeginTime":"2026-10-07 00:42:51.285","availableEndTime":"2026-10-07 17:22:51.285"}
{"availableBeginTime":"2026-10-07 00:42:51.285","availableEndTime":"2026-10-07 17:22:51.285"}
{"availableBeginTime":"2026-10-07 00:42:51.285","availableEndTime":"2026-10-07 17:22:51.285"}
{"availableBeginTime":"2026-10-07 00:42:51.285","availableEndTime":"2026-10-07 17:22:51.285"}
{"availableBeginTime":"2026-10-07 00:42:51.285","availableEndTime":"2026-10-07 17:22:51.285"}
{"availableBeginTime":"2026-10-07 00:42:51.285","availableEndTime":"2026-10-07 17:22:51.285"}
{"availableBeginTime":"2026-10-07 00:42:51.285","availableEndTime":"2026-10-07 17:22:51.285"}
{"availableBeginTime":"2026-10-07 00:42:51.285","availableEndTime":"2026-10-07 17:22:51.285"}
{"availableBeginTime":"2026-10-07 00:42:51.285","availableEndTime":"2026-10-07 17:22:51.285"}
{"availableBeginTime":"2026-10-07 00:42:51.285","availableEndTime":"2026-10-07 17:22:51.285"}
{"availableBeginTime":"2026-10-07 00:42:51.285","availableEndTime":"2026-10-07 17:22:51.285"}
{"availableBeginTime":"2026-10-07 00:42:51.285","availableEndTime":"2026-10-07 17:22:51.285"}
{"availableBeginTime":"2026-10-07 00:42:51.285","availableEndTime":"2026-10-07 17:22:51.285"}
{"availableBeginTime":"2026-10-07 00:42:51.285","availableEndTime":"2026-10-07 17:22:51.285"}
{"availableBeginTime":"2026-10-07 00:42:51.285","availableEndTime":"2026-10-07 17:22:51.285"}
{"availableBeginTime":"2026-10-07 00:42:51.285","availableEndTime":"2026-10-07 17:22:51.285"}
{"availableBeginTime":"2026-10-07 00:42:51.285","availableEndTime":"2026-10-07 17:22:51.285"}
{"availableBeginTime":"2026-10-07 00:42:51.285","availableEndTime":"2026-10-07 17:22:51.285"}
{"availableBeginTime":"2026-10-07 00:42:51.285","availableEndTime":"2026-10-07 17:22:51.285"}
{"availableBeginTime":"2026-10-07 00:42:51.285","availableEndTime":"2026-10-07 17:22:51.285"}
{"availableBeginTime":"2026-10-07 00:42:51.285","availableEndTime":"2026-10-07 17:22:51.285"}
{"availableBeginTime":"2026-10-07 00:42:51.285","availableEndTime":"2026-10-07 17:22:51.285"}
{"availableBeginTime":"2026-10-07 00:42:51.285","availableEndTime":"2026-10-07 17:22:51.285"}
{"availableBeginTime":"2026-10-07 00:42:51.285","availableEndTime":"2026-10-07 17:22:51.285"}
{"availableBeginTime":"2026-10-07 00:42:51.285","availableEndTime":"2026-10-07 17:22:51.285"}
{"availableBeginTime":"2026-10-07 00:42:51.285","availableEndTime":"2026-10-07 17:22:51.285"}
{"availableBeginTime":"2026-10-07 00:42:51.285","availableEndTime":"2026-10-07 17:22:51.285"}
{"availableBeginTime":"2026-10-07 00:42:51.285","availableEndTime":"2026-10-07 17:22:51.285"}
{"availableBeginTime":"2026-10-07 00:42:51.285","availableEndTime":"2026-10-07 17:22:51.285"}
{"availableBeginTime":"2026-10-07 00:42:51.285","availableEndTime":"2026-10-07 17:22:51.285"}
{"availableBeginTime":"2026-10-07 00:42:51.285","availableEndTime":"2026-10-07 17:22:51.285"}
{"availableBeginTime":"2026-10-07 00:42:51.285","availableEndTime":"2026-10-07 17:22:51.285"}
{"availableBeginTime":"2026-10-07 00:42:51.285","availableEndTime":"2026-10-07 17:22:51.285"}
{"availableBeginTime":"2026-10-07 00:42:51.285","availableEndTime":"2026-10-07 17:22:51.285"}
{"availableBeginTime":"2026-10-07 00:42:51.285","availableEndTime":"2026-10-07 17:22:51.285"}
{"availableBeginTime":"2026-10-07 00:42:51.285","availableEndTime":"2026-10-07 17:22:51.285"}
{"availableBeginTime":"2026-10-07 00:42:51.285","availableEndTime":"2026-10-07 17:22:51.285"}
{"availableBeginTime":"2026-10-07 00:42:51.285","availableEndTime":"2026-10-07 17:22:51.285"}
{"availableBeginTime":"2026-10-07 00:42:51.285","availableEndTime":"2026-10-07 17:22:51.285"}
{"availableBeginTime":"2026-10-07 00:42:51.285","availableEndTime":"2026-10-07 17:22:51.285"}
{"availableBeginTime":"2026-10-07 00:42:51.285","availableEndTime":"2026-10-07 17:22:51.285"}
{"availableBeginTime":"2026-10-07 00:42:51.285","availableEndTime":"2026-10-07 17:22:51.285"}
{"availableBeginTime":"2026-10-07 00:42:51.285","availableEndTime":"2026-10-07 17:22:51.285"}
{"availableBeginTime":"2026-10-07 00:42:51.285","availableEndTime":"2026-10-07 17:22:51.285"}
{"availableBeginTime":"2026-10-07 00:42:51.285","availableEndTime":"2026-10-07 17:22:51.285"}
{"availableBeginTime":"2026-10-07 00:42:51.285","availableEndTime":"2026-10-07 17:22:51.285"}
{"availableBeginTime":"2026-10-07 00:42:51.285","availableEndTime":"2026-10-07 17:22:51.285"}
{"availableBeginTime":"2026-10-07 00:42:51.285","availableEndTime":"2026-10-07 17:22:51.285"}
{"availableBeginTime":"2026-10-07 00:42:51.285","availableEndTime":"2026-10-07 17:22:51.285"}
{"availableBeginTime":"2026-10-07 00:42:51.285","availableEndTime":"2026-10-07 17:22:51.285"}
{"availableBeginTime":"2026-10-07 00:42:51.285","availableEndTime":"2026-10-07 17:22:51.285"}
{"availableBeginTime":"2026-10-07 00:42:51.285","availableEndTime":"2026-10-07 17:22:51.285"}
{"availableBeginTime":"2026-10-07 00:42:51.285","availableEndTime":"2026-10-07 17:22:51.285"}
{"availableBeginTime":"2026-10-07 00:42:51.285","availableEndTime":"2026-10-07 17:22:51.285"}
{"availableBeginTime":"2026-10-07 00:42:51.285","availableEndTime":"2026-10-07 17:22:51.285"}
{"availableBeginTime":"2026-10-07 00:42:51.285","availableEndTime":"2026-10-07 17:22:51.285"}
{"availableBeginTime":"2026-10-07 00:42:51.285","availableEndTime":"2026-10-07 17:22:51.285"}
{"availableBeginTime":"2026-10-07 00:42:51.285","availableEndTime":"2026-10-07 17:22:51.285"}
{"availableBeginTime":"2026-10-07 00:42:51.285","availableEndTime":"2026-10-07 17:22:51.285"}
{"availableBeginTime":"2026-10-07 00:42:51.285","availableEndTime":"2026-10-07 17:22:51.285"}
{"availableBeginTime":"2026-10-07 00:42:51.285","availableEndTime":"2026-10-07 17:22:51.285"}
{"availableBeginTime":"2026-10-07 00:42:51.285","availableEndTime":"2026-10-07 17:22:51.285"}
{"availableBeginTime":"2026-10-07 00:42:51.285","availableEndTime":"2026-10-07 17:22:51.285"}
{"availableBeginTime":"2026-10-07 00:42:51.285","availableEndTime":"2026-10-07 17:22:51.285"}
{"availableBeginTime":"2026-10-07 00:42:51.285","availableEndTime":"2026-10-07 17:22:51.285"}
{"availableBeginTime":"2026-10-07 00:42:51.285","availableEndTime":"2026-10-07 17:22:51.285"}
{"availableBeginTime":"2026-10-07 00:42:51.285","availableEndTime":"2026-10-07 17:22:51.285"}
{"availableBeginTime":"2026-10-07 00:42:51.285","availableEndTime":"2026-10-07 17:22:51.285"}
{"availableBeginTime":"2026-10-07 00:42:51.285","availableEndTime":"2026-10-07 17:22:51.285"}
{"availableBeginTime":"2026-10-07 00:42:51.285","availableEndTime":"2026-10-07 17:22:51.285"}
{"availableBeginTime":"2026-10-07 00:42:51.285","availableEndTime":"2026-10-07 17:22:51.285"}
{"availableBeginTime":"2026-10-07 00:42:51.285","availableEndTime":"2026-10-07 17:22:51.285"}
{"availableBeginTime":"2026-10-07 00:42:51.285","availableEndTime":"2026-10-07 17:22:51.285"}
{"availableBeginTime":"2026-10-07 00:42:51.285","availableEndTime":"2026-10-07 17:22:51.285"}
{"availableBeginTime":"2026-10-07 00:42:51.285","availableEndTime":"2026-10-07 17:22:51.285"}
{"availableBeginTime":"2026-10-07 00:42:51.285","availableEndTime":"2026-10-07 17:22:51.285"}
{"availableBeginTime":"2026-10-07 00:42:51.285","availableEndTime":"2026-10-07 17:22:51.285"}
{"availableBeginTime":"2026-10-07 00:42:51.285","availableEndTime":"2026-10-07 17:22:51.285"}
{"availableBeginTime":"2026-10-07 00:42:51.285","availableEndTime":"2026-10-07 17:22:51.285"}
{"availableBeginTime":"2026-10-07 00:42:51.285","availableEndTime":"2026-10-07 17:22:51.285"}
{"availableBeginTime":"2026-10-07 00:42:51.285","availableEndTime":"2026-10-07 17:22:51.285"}
{"availableBeginTime":"2026-10-07 00:42:51.285","availableEndTime":"2026-10-07 17:22:51.285"}
{"availableBeginTime":"2026-10-07 00:42:51.285","availableEndTime":"2026-10-07 17:22:51.285"}
{"availableBeginTime":"2026-10-07 00:42:51.285","availableEndTime":"2026-10-07 17:22:51.285"}
{"availableBeginTime":"2026-10-07 00:42:51.285","availableEndTime":"2026-10-07 17:22:51.285"}
{"availableBeginTime":"2026-10-07 00:42:51.285","availableEndTime":"2026-10-07 17:22:51.285"}
{"availableBeginTime":"2026-10-07 00:42:51.285","availableEndTime":"2026-10-07 17:22:51.285"}
{"availableBeginTime":"2026-10-07 00:42:51.285","availableEndTime":"2026-10-07 17:22:51.285"}
{"availableBeginTime":"2026-10-07 00:42:51.285","availableEndTime":"2026-10-07 17:22:51.285"}
{"availableBeginTime":"2026-10-07 00:42:51.285","availableEndTime":"2026-10-07 17:22:51.285"}
{"availableBeginTime":"2026-10-07 00:42:51.285","availableEndTime":"2026-10-07 17:22:51.285"}
{"availableBeginTime":"2026-10-07 00:42:51.285","availableEndTime":"2026-10-07 17:22:51.285"}
{"availableBeginTime":"2026-10-07 00:42:51.285","availableEndTime":"2026-10-07 17:22:51.285"}
{"availableBeginTime":"2026-10-07 00:42:51.285","availableEndTime":"2026-10-07 17:22:51.285"}
{"availableBeginTime":"2026-10-07 00:42:51.285","availableEndTime":"2026-10-07 17:22:51.285"}
{"availableBeginTime":"2026-10-07 00:42:51.285","availableEndTime":"2026-10-07 17:22:51.285"}
{"availableBeginTime":"2026-10-07 00:42:51.285","availableEndTime":"2026-10-07 17:22:51.285"}
{"availableBeginTime":"2026-10-07 00:42:51.285","availableEndTime":"2026-10-07 17:22:51.285"}
{"availableBeginTime":"2026-10-07 00:42:51.285","availableEndTime":"2026-10-07 17:22:51.285"}
{"availableBeginTime":"2026-10-07 00:42:51.285","availableEndTime":"2026-10-07 17:22:51.285"}
{"availableBeginTime":"2026-10-07 00:42:51.286","availableEndTime":"2026-10-07 17:22:51.286"}
{"availableBeginTime":"2026-10-07 00:42:51.286","availableEndTime":"2026-10-07 17:22:51.286"}
{"availableBeginTime":"2026-10-07 00:42:51.286","availableEndTime":"2026-10-07 17:22:51.286"}
{"availableBeginTime":"2026-10-07 00:42:51.286","availableEndTime":"2026-10-07 17:22:51.286"}
{"availableBeginTime":"2026-10-07 00:42:51.286","availableEndTime":"2026-10-07 17:22:51.286"}
{"availableBeginTime":"2026-10-07 00:42:51.286","availableEndTime":"2026-10-07 17:22:51.286"}
{"availableBeginTime":"2026-10-07 00:42:51.286","availableEndTime":"2026-10-07 17:22:51.286"}
{"availableBeginTime":"2026-10-07 00:42:51.286","availableEndTime":"2026-10-07 17:22:51.286"}
{"availableBeginTime":"2026-10-07 00:42:51.286","availableEndTime":"2026-10-07 17:22:51.286"}
{"availableBeginTime":"2026-10-07 00:42:51.286","availableEndTime":"2026-10-07 17:22:51.286"}
{"availableBeginTime":"2026-10-07 00:42:51.286","availableEndTime":"2026-10-07 17:22:51.286"}
{"availableBeginTime":"2026-10-07 00:42:51.286","availableEndTime":"2026-10-07 17:22:51.286"}
{"availableBeginTime":"2026-10-07 00:42:51.286","availableEndTime":"2026-10-07 17:22:51.286"}
{"availableBeginTime":"2026-10-07 00:42:51.286","availableEndTime":"2026-10-07 17:22:51.286"}
{"availableBeginTime":"2026-10-07 00:42:51.286","availableEndTime":"2026-10-07 17:22:51.286"}
{"availableBeginTime":"2026-10-07 00:42:51.286","availableEndTime":"2026-10-07 17:22:51.286"}
{"availableBeginTime":"2026-10-07 00:42:51.286","availableEndTime":"2026-10-07 17:22:51.286"}
{"availableBeginTime":"2026-10-07 00:42:51.286","availableEndTime":"2026-10-07 17:22:51.286"}
{"availableBeginTime":"2026-10-07 00:42:51.286","availableEndTime":"2026-10-07 17:22:51.286"}
{"availableBeginTime":"2026-10-07 00:42:51.286","availableEndTime":"2026-10-07 17:22:51.286"}
{"availableBeginTime":"2026-10-07 00:42:51.286","availableEndTime":"2026-10-07 17:22:51.286"}
{"availableBeginTime":"2026-10-07 00:42:51.286","availableEndTime":"2026-10-07 17:22:51.286"}
{"availableBeginTime":"2026-10-07 00:42:51.286","availableEndTime":"2026-10-07 17:22:51.286"}
{"availableBeginTime":"2026-10-07 00:42:51.286","availableEndTime":"2026-10-07 17:22:51.286"}
{"availableBeginTime":"2026-10-07 00:42:51.286","availableEndTime":"2026-10-07 17:22:51.286"}
{"availableBeginTime":"2026-10-07 00:42:51.286","availableEndTime":"2026-10-07 17:22:51.286"}
{"availableBeginTime":"2026-10-07 00:42:51.286","availableEndTime":"2026-10-07 17:22:51.286"}
{"availableBeginTime":"2026-10-07 00:42:51.286","availableEndTime":"2026-10-07 17:22:51.286"}
{"availableBeginTime":"2026-10-07 00:42:51.286","availableEndTime":"2026-10-07 17:22:51.286"}
{"availableBeginTime":"2026-10-07 00:42:51.286","availableEndTime":"2026-10-07 17:22:51.286"}
{"availableBeginTime":"2026-10-07 00:42:51.286","availableEndTime":"2026-10-07 17:22:51.286"}
{"availableBeginTime":"2026-10-07 00:42:51.286","availableEndTime":"2026-10-07 17:22:51.286"}
{"availableBeginTime":"2026-10-07 00:42:51.286","availableEndTime":"2026-10-07 17:22:51.286"}
{"availableBeginTime":"2026-10-07 00:42:51.286","availableEndTime":"2026-10-07 17:22:51.286"}
{"availableBeginTime":"2026-10-07 00:42:51.286","availableEndTime":"2026-10-07 17:22:51.286"}
{"availableBeginTime":"2026-10-07 00:42:51.286","availableEndTime":"2026-10-07 17:22:51.286"}
{"availableBeginTime":"2026-10-07 00:42:51.286","availableEndTime":"2026-10-07 17:22:51.286"}
{"availableBeginTime":"2026-10-07 00:42:51.286","availableEndTime":"2026-10-07 17:22:51.286"}
{"availableBeginTime":"2026-10-07 00:42:51.286","availableEndTime":"2026-10-07 17:22:51.286"}
{"availableBeginTime":"2026-10-07 00:42:51.286","availableEndTime":"2026-10-07 17:22:51.286"}
{"availableBeginTime":"2026-10-07 00:42:51.286","availableEndTime":"2026-10-07 17:22:51.286"}
{"availableBeginTime":"2026-10-07 00:42:51.286","availableEndTime":"2026-10-07 17:22:51.286"}
{"availableBeginTime":"2026-10-07 00:42:51.286","availableEndTime":"2026-10-07 17:22:51.286"}
{"availableBeginTime":"2026-10-07 00:42:51.286","availableEndTime":"2026-10-07 17:22:51.286"}
{"availableBeginTime":"2026-10-07 00:42:51.286","availableEndTime":"2026-10-07 17:22:51.286"}
{"availableBeginTime":"2026-10-07 00:42:51.286","availableEndTime":"2026-10-07 17:22:51.286"}
{"availableBeginTime":"2026-10-07 00:42:51.286","availableEndTime":"2026-10-07 17:22:51.286"}
{"availableBeginTime":"2026-10-07 00:42:51.286","availableEndTime":"2026-10-07 17:22:51.286"}
{"availableBeginTime":"2026-10-07 00:42:51.286","availableEndTime":"2026-10-07 17:22:51.286"}
{"availableBeginTime":"2026-10-07 00:42:51.286","availableEndTime":"2026-10-07 17:22:51.286"}
{"availableBeginTime":"2026-10-07 00:42:51.286","availableEndTime":"2026-10-07 17:22:51.286"}
{"availableBeginTime":"2026-10-07 00:42:51.286","availableEndTime":"2026-10-07 17:22:51.286"}
{"availableBeginTime":"2026-10-07 00:42:51.286","availableEndTime":"2026-10-07 17:22:51.286"}
{"availableBeginTime":"2026-10-07 00:42:51.286","availableEndTime":"2026-10-07 17:22:51.286"}
{"availableBeginTime":"2026-10-07 00:42:51.286","availableEndTime":"2026-10-07 17:22:51.286"}
{"availableBeginTime":"2026-10-07 00:42:51.286","availableEndTime":"2026-10-07 17:22:51.286"}
{"availableBeginTime":"2026-10-07 00:42:51.286","availableEndTime":"2026-10-07 17:22:51.286"}
{"availableBeginTime":"2026-10-07 00:42:51.286","availableEndTime":"2026-10-07 17:22:51.286"}
{"availableBeginTime":"2026-10-07 00:42:51.286","availableEndTime":"2026-10-07 17:22:51.286"}
{"availableBeginTime":"2026-10-07 00:42:51.286","availableEndTime":"2026-10-07 17:22:51.286"}
{"availableBeginTime":"2026-10-07 00:42:51.286","availableEndTime":"2026-10-07 17:22:51.286"}
{"availableBeginTime":"2026-10-07 00:42:51.286","availableEndTime":"2026-10-07 17:22:51.286"}
{"availableBeginTime":"2026-10-07 00:42:51.286","availableEndTime":"2026-10-07 17:22:51.286"}
{"availableBeginTime":"2026-10-07 00:42:51.286","availableEndTime":"2026-10-07 17:22:51.286"}
{"availableBeginTime":"2026-10-07 00:42:51.286","availableEndTime":"2026-10-07 17:22:51.286"}
{"availableBeginTime":"2026-10-07 00:42:51.286","availableEndTime":"2026-10-07 17:22:51.286"}
{"availableBeginTime":"2026-10-07 00:42:51.286","availableEndTime":"2026-10-07 17:22:51.286"}
{"availableBeginTime":"2026-10-07 00:42:51.286","availableEndTime":"2026-10-07 17:22:51.286"}
{"availableBeginTime":"2026-10-07 00:42:51.286","availableEndTime":"2026-10-07 17:22:51.286"}
{"availableBeginTime":"2026-10-07 00:42:51.286","availableEndTime":"2026-10-07 17:22:51.286"}
{"availableBeginTime":"2026-10-07 00:42:51.286","availableEndTime":"2026-10-07 17:22:51.286"}
{"availableBeginTime":"2026-10-07 00:42:51.286","availableEndTime":"2026-10-07 17:22:51.286"}
{"availableBeginTime":"2026-10-07 00:42:51.286","availableEndTime":"2026-10-07 17:22:51.286"}
{"availableBeginTime":"2026-10-07 00:42:51.286","availableEndTime":"2026-10-07 17:22:51.286"}
{"availableBeginTime":"2026-10-07 00:42:51.286","availableEndTime":"2026-10-07 17:22:51.286"}
{"availableBeginTime":"2026-10-07 00:42:51.286","availableEndTime":"2026-10-07 17:22:51.286"}
{"availableBeginTime":"2026-10-07 00:42:51.286","availableEndTime":"2026-10-07 17:22:51.286"}
{"availableBeginTime":"2026-10-07 00:42:51.286","availableEndTime":"2026-10-07 17:22:51.286"}
{"availableBeginTime":"2026-10-07 00:42:51.286","availableEndTime":"2026-10-07 17:22:51.286"}
{"availableBeginTime":"2026-10-07 00:42:51.286","availableEndTime":"2026-10-07 17:22:51.286"}
{"availableBeginTime":"2026-10-07 00:42:51.286","availableEndTime":"2026-10-07 17:22:51.286"}
{"availableBeginTime":"2026-10-07 00:42:51.286","availableEndTime":"2026-10-07 17:22:51.286"}
{"availableBeginTime":"2026-10-07 00:42:51.286","availableEndTime":"2026-10-07 17:22:51.286"}
{"availableBeginTime":"2026-10-07 00:42:51.286","availableEndTime":"2026-10-07 17:22:51.286"}
{"availableBeginTime":"2026-10-07 00:42:51.286","availableEndTime":"2026-10-07 17:22:51.286"}
{"availableBeginTime":"2026-10-07 00:42:51.286","availableEndTime":"2026-10-07 17:22:51.286"}
{"availableBeginTime":"2026-10-07 00:42:51.286","availableEndTime":"2026-10-07 17:22:51.286"}
{"availableBeginTime":"2026-10-07 00:42:51.286","availableEndTime":"2026-10-07 17:22:51.286"}
{"availableBeginTime":"2026-10-07 00:42:51.286","availableEndTime":"2026-10-07 17:22:51.286"}
{"availableBeginTime":"2026-10-07 00:42:51.286","availableEndTime":"2026-10-07 17:22:51.286"}
{"availableBeginTime":"2026-10-07 00:42:51.286","availableEndTime":"2026-10-07 17:22:51.286"}
{"availableBeginTime":"2026-10-07 00:42:51.286","availableEndTime":"2026-10-07 17:22:51.286"}
{"availableBeginTime":"2026-10-07 00:42:51.286","availableEndTime":"2026-10-07 17:22:51.286"}
{"availableBeginTime":"2026-10-07 00:42:51.286","availableEndTime":"2026-10-07 17:22:51.286"}
{"availableBeginTime":"2026-10-07 00:42:51.286","availableEndTime":"2026-10-07 17:22:51.286"}
{"availableBeginTime":"2026-10-07 00:42:51.286","availableEndTime":"2026-10-07 17:22:51.286"}
{"availableBeginTime":"2026-10-07 00:42:51.286","availableEndTime":"2026-10-07 17:22:51.286"}
{"availableBeginTime":"2026-10-07 00:42:51.286","availableEndTime":"2026-10-07 17:22:51.286"}
{"availableBeginTime":"2026-10-07 00:42:51.286","availableEndTime":"2026-10-07 17:22:51.286"}
{"availableBeginTime":"2026-10-07 00:42:51.286","availableEndTime":"2026-10-07 17:22:51.286"}
{"availableBeginTime":"2026-10-07 00:42:51.286","availableEndTime":"2026-10-07 17:22:51.286"}
{"availableBeginTime":"2026-10-07 00:42:51.286","availableEndTime":"2026-10-07 17:22:51.286"}
{"availableBeginTime":"2026-10-07 00:42:51.286","availableEndTime":"2026-10-07 17:22:51.286"}
{"availableBeginTime":"2026-10-07 00:42:51.286","availableEndTime":"2026-10-07 17:22:51.286"}
{"availableBeginTime":"2026-10-07 00:42:51.286","availableEndTime":"2026-10-07 17:22:51.286"}
{"availableBeginTime":"2026-10-07 00:42:51.286","availableEndTime":"2026-10-07 17:22:51.286"}
{"availableBeginTime":"2026-10-07 00:42:51.286","availableEndTime":"2026-10-07 17:22:51.286"}
{"availableBeginTime":"2026-10-07 00:42:51.286","availableEndTime":"2026-10-07 17:22:51.286"}
{"availableBeginTime":"2026-10-07 00:42:51.286","availableEndTime":"2026-10-07 17:22:51.286"}
{"availableBeginTime":"2026-10-07 00:42:51.286","availableEndTime":"2026-10-07 17:22:51.286"}
{"availableBeginTime":"2026-10-07 00:42:51.286","availableEndTime":"2026-10-07 17:22:51.286"}
{"availableBeginTime":"2026-10-07 00:42:51.286","availableEndTime":"2026-10-07 17:22:51.286"}
{"availableBeginTime":"2026-10-07 00:42:51.286","availableEndTime":"2026-10-07 17:22:51.286"}
{"availableBeginTime":"2026-10-07 00:42:51.286","availableEndTime":"2026-10-07 17:22:51.286"}
{"availableBeginTime":"2026-10-07 00:42:51.286","availableEndTime":"2026-10-07 17:22:51.286"}
{"availableBeginTime":"2026-10-07 00:42:51.286","availableEndTime":"2026-10-07 17:22:51.286"}
{"availableBeginTime":"2026-10-07 00:42:51.286","availableEndTime":"2026-10-07 17:22:51.286"}
{"availableBeginTime":"2026-10-07 00:42:51.286","availableEndTime":"2026-10-07 17:22:51.286"}
{"availableBeginTime":"2026-10-07 00:42:51.286","availableEndTime":"2026-10-07 17:22:51.286"}
{"availableBeginTime":"2026-10-07 00:42:51.286","availableEndTime":"2026-10-07 17:22:51.286"}
{"availableBeginTime":"2026-10-07 00:42:51.286","availableEndTime":"2026-10-07 17:22:51.286"}
{"availableBeginTime":"2026-10-07 00:42:51.286","availableEndTime":"2026-10-07 17:22:51.286"}
{"availableBeginTime":"2026-10-07 00:42:51.286","availableEndTime":"2026-10-07 17:22:51.286"}
{"availableBeginTime":"2026-10-07 00:42:51.286","availableEndTime":"2026-10-07 17:22:51.286"}
{"availableBeginTime":"2026-10-07 00:42:51.286","availableEndTime":"2026-10-07 17:22:51.286"}
{"availableBeginTime":"2026-10-07 00:42:51.286","availableEndTime":"2026-10-07 17:22:51.286"}
{"availableBeginTime":"2026-10-07 00:42:51.286","availableEndTime":"2026-10-07 17:22:51.286"}
{"availableBeginTime":"2026-10-07 00:42:51.286","availableEndTime":"2026-10-07 17:22:51.286"}
{"availableBeginTime":"2026-10-07 00:42:51.286","availableEndTime":"2026-10-07 17:22:51.286"}
{"availableBeginTime":"2026-10-07 00:42:51.286","availableEndTime":"2026-10-07 17:22:51.286"}
{"availableBeginTime":"2026-10-07 00:42:51.286","availableEndTime":"2026-10-07 17:22:51.286"}
{"availableBeginTime":"2026-10-07 00:42:51.286","availableEndTime":"2026-10-07 17:22:51.286"}
{"availableBeginTime":"2026-10-07 00:42:51.286","availableEndTime":"2026-10-07 17:22:51.286"}
{"availableBeginTime":"2026-10-07 00:42:51.286","availableEndTime":"2026-10-07 17:22:51.286"}
{"availableBeginTime":"2026-10-07 00:42:51.286","availableEndTime":"2026-10-07 17:22:51.286"}
{"availableBeginTime":"2026-10-07 00:42:51.286","availableEndTime":"2026-10-07 17:22:51.286"}
{"availableBeginTime":"2026-10-07 00:42:51.286","availableEndTime":"2026-10-07 17:22:51.286"}
{"availableBeginTime":"2026-10-07 00:42:51.286","availableEndTime":"2026-10-07 17:22:51.286"}
{"availableBeginTime":"2026-10-07 00:42:51.286","availableEndTime":"2026-10-07 17:22:51.286"}
{"availableBeginTime":"2026-10-07 00:42:51.286","availableEndTime":"2026-10-07 17:22:51.286"}
{"availableBeginTime":"2026-10-07 00:42:51.286","availableEndTime":"2026-10-07 17:22:51.286"}
{"availableBeginTime":"2026-10-07 00:42:51.286","availableEndTime":"2026-10-07 17:22:51.286"}
{"availableBeginTime":"2026-10-07 00:42:51.286","availableEndTime":"2026-10-07 17:22:51.286"}
{"availableBeginTime":"2026-10-07 00:42:51.286","availableEndTime":"2026-10-07 17:22:51.286"}
{"availableBeginTime":"2026-10-07 00:42:51.286","availableEndTime":"2026-10-07 17:22:51.286"}
{"availableBeginTime":"2026-10-07 00:42:51.286","availableEndTime":"2026-10-07 17:22:51.286"}
{"availableBeginTime":"2026-10-07 00:42:51.286","availableEndTime":"2026-10-07 17:22:51.286"}
{"availableBeginTime":"2026-10-07 00:42:51.286","availableEndTime":"2026-10-07 17:22:51.286"}
{"availableBeginTime":"2026-10-07 00:42:51.286","availableEndTime":"2026-10-07 17:22:51.286"}
{"availableBeginTime":"2026-10-07 00:42:51.286","availableEndTime":"2026-10-07 17:22:51.286"}
{"availableBeginTime":"2026-10-07 00:42:51.286","availableEndTime":"2026-10-07 17:22:51.286"}
{"availableBeginTime":"2026-10-07 00:42:51.286","availableEndTime":"2026-10-07 17:22:51.286"}
{"availableBeginTime":"2026-10-07 00:42:51.286","availableEndTime":"2026-10-07 17:22:51.286"}
{"availableBeginTime":"2026-10-07 00:42:51.286","availableEndTime":"2026-10-07 17:22:51.286"}
{"availableBeginTime":"2026-10-07 00:42:51.286","availableEndTime":"2026-10-07 17:22:51.286"}
{"availableBeginTime":"2026-10-07 00:42:51.286","availableEndTime":"2026-10-07 17:22:51.286"}
{"availableBeginTime":"2026-10-07 00:42:51.286","availableEndTime":"2026-10-07 17:22:51.286"}
{"availableBeginTime":"2026-10-07 00:42:51.286","availableEndTime":"2026-10-07 17:22:51.286"}
{"availableBeginTime":"2026-10-07 00:42:51.286","availableEndTime":"2026-10-07 17:22:51.286"}
{"availableBeginTime":"2026-10-07 00:42:51.286","availableEndTime":"2026-10-07 17:22:51.286"}
{"availableBeginTime":"2026-10-07 00:42:51.286","availableEndTime":"2026-10-07 17:22:51.286"}
{"availableBeginTime":"2026-10-07 00:42:51.286","availableEndTime":"2026-10-07 17:22:51.286"}
{"availableBeginTime":"2026-10-07 00:42:51.286","availableEndTime":"2026-10-07 17:22:51.286"}
{"availableBeginTime":"2026-10-07 00:42:51.286","availableEndTime":"2026-10-07 17:22:51.286"}
{"availableBeginTime":"2026-10-07 00:42:51.286","availableEndTime":"2026-10-07 17:22:51.286"}
{"availableBeginTime":"2026-10-07 00:42:51.286","availableEndTime":"2026-10-07 17:22:51.286"}
{"availableBeginTime":"2026-10-07 00:42:51.286","availableEndTime":"2026-10-07 17:22:51.286"}
{"availableBeginTime":"2026-10-07 00:42:51.286","availableEndTime":"2026-10-07 17:22:51.286"}
{"availableBeginTime":"2026-10-07 00:42:51.286","availableEndTime":"2026-10-07 17:22:51.286"}
{"availableBeginTime":"2026-10-07 00:42:51.286","availableEndTime":"2026-10-07 17:22:51.286"}
{"availableBeginTime":"2026-10-07 00:42:51.286","availableEndTime":"2026-10-07 17:22:51.286"}
{"availableBeginTime":"2026-10-07 00:42:51.286","availableEndTime":"2026-10-07 17:22:51.286"}
{"availableBeginTime":"2026-10-07 00:42:51.286","availableEndTime":"2026-10-07 17:22:51.286"}
{"availableBeginTime":"2026-10-07 00:42:51.286","availableEndTime":"2026-10-07 17:22:51.286"}
{"availableBeginTime":"2026-10-07 00:42:51.286","availableEndTime":"2026-10-07 17:22:51.286"}
{"availableBeginTime":"2026-10-07 00:42:51.286","availableEndTime":"2026-10-07 17:22:51.286"}
{"availableBeginTime":"2026-10-07 00:42:51.286","availableEndTime":"2026-10-07 17:22:51.286"}
{"availableBeginTime":"2026-10-07 00:42:51.286","availableEndTime":"2026-10-07 17:22:51.286"}
{"availableBeginTime":"2026-10-07 00:42:51.286","availableEndTime":"2026-10-07 17:22:51.286"}
{"availableBeginTime":"2026-10-07 00:42:51.286","availableEndTime":"2026-10-07 17:22:51.286"}
{"availableBeginTime":"2026-10-07 00:42:51.286","availableEndTime":"2026-10-07 17:22:51.286"}
{"availableBeginTime":"2026-10-07 00:42:51.286","availableEndTime":"2026-10-07 17:22:51.286"}
{"availableBeginTime":"2026-10-07 00:42:51.286","availableEndTime":"2026-10-07 17:22:51.286"}
{"availableBeginTime":"2026-10-07 00:42:51.286","availableEndTime":"2026-10-07 17:22:51.286"}
{"availableBeginTime":"2026-10-07 00:42:51.286","availableEndTime":"2026-10-07 17:22:51.286"}
{"availableBeginTime":"2026-10-07 00:42:51.286","availableEndTime":"2026-10-07 17:22:51.286"}
{"availableBeginTime":"2026-10-07 00:42:51.286","availableEndTime":"2026-10-07 17:22:51.286"}
{"availableBeginTime":"2026-10-07 00:42:51.286","availableEndTime":"2026-10-07 17:22:51.286"}
{"availableBeginTime":"2026-10-07 00:42:51.286","availableEndTime":"2026-10-07 17:22:51.286"}
{"availableBeginTime":"2026-10-07 00:42:51.286","availableEndTime":"2026-10-07 17:22:51.286"}
{"availableBeginTime":"2026-10-07 00:42:51.286","availableEndTime":"2026-10-07 17:22:51.286"}
{"availableBeginTime":"2026-10-07 00:42:51.286","availableEndTime":"2026-10-07 17:22:51.286"}
{"availableBeginTime":"2026-10-07 00:42:51.286","availableEndTime":"2026-10-07 17:22:51.286"}
{"availableBeginTime":"2026-10-07 00:42:51.286","availableEndTime":"2026-10-07 17:22:51.286"}
{"availableBeginTime":"2026-10-07 00:42:51.286","availableEndTime":"2026-10-07 17:22:51.286"}
{"availableBeginTime":"2026-10-07 00:42:51.286","availableEndTime":"2026-10-07 17:22:51.286"}
{"availableBeginTime":"2026-10-07 00:42:51.286","availableEndTime":"2026-10-07 17:22:51.286"}
{"availableBeginTime":"2026-10-07 00:42:51.286","availableEndTime":"2026-10-07 17:22:51.286"}
{"availableBeginTime":"2026-10-07 00:42:51.286","availableEndTime":"2026-10-07 17:22:51.286"}
{"availableBeginTime":"2026-10-07 00:42:51.286","availableEndTime":"2026-10-07 17:22:51.286"}
{"availableBeginTime":"2026-10-07 00:42:51.286","availableEndTime":"2026-10-07 17:22:51.286"}
{"availableBeginTime":"2026-10-07 00:42:51.286","availableEndTime":"2026-10-07 17:22:51.286"}
{"availableBeginTime":"2026-10-07 00:42:51.286","availableEndTime":"2026-10-07 17:22:51.286"}
{"availableBeginTime":"2026-10-07 00:42:51.286","availableEndTime":"2026-10-07 17:22:51.286"}
{"availableBeginTime":"2026-10-07 00:42:51.286","availableEndTime":"2026-10-07 17:22:51.286"}
{"availableBeginTime":"2026-10-07 00:42:51.286","availableEndTime":"2026-10-07 17:22:51.286"}
{"availableBeginTime":"2026-10-07 00:42:51.286","availableEndTime":"2026-10-07 17:22:51.286"}
{"availableBeginTime":"2026-10-07 00:42:51.286","availableEndTime":"2026-10-07 17:22:51.286"}
{"availableBeginTime":"2026-10-07 00:42:51.286","availableEndTime":"2026-10-07 17:22:51.286"}
{"availableBeginTime":"2026-10-07 00:42:51.286","availableEndTime":"2026-10-07 17:22:51.286"}
{"availableBeginTime":"2026-10-07 00:42:51.286","availableEndTime":"2026-10-07 17:22:51.286"}
{"availableBeginTime":"2026-10-07 00:42:51.286","availableEndTime":"2026-10-07 17:22:51.286"}
{"availableBeginTime":"2026-10-07 00:42:51.286","availableEndTime":"2026-10-07 17:22:51.286"}
{"availableBeginTime":"2026-10-07 00:42:51.286","availableEndTime":"2026-10-07 17:22:51.286"}
{"availableBeginTime":"2026-10-07 00:42:51.286","availableEndTime":"2026-10-07 17:22:51.286"}
{"availableBeginTime":"2026-10-07 00:42:51.286","availableEndTime":"2026-10-07 17:22:51.286"}
{"availableBeginTime":"2026-10-07 00:42:51.286","availableEndTime":"2026-10-07 17:22:51.286"}
{"availableBeginTime":"2026-10-07 00:42:51.286","availableEndTime":"2026-10-07 17:22:51.286"}
{"availableBeginTime":"2026-10-07 00:42:51.286","availableEndTime":"2026-10-07 17:22:51.286"}
{"availableBeginTime":"2026-10-07 00:42:51.286","availableEndTime":"2026-10-07 17:22:51.286"}
{"availableBeginTime":"2026-10-07 00:42:51.286","availableEndTime":"2026-10-07 17:22:51.286"}
{"availableBeginTime":"2026-10-07 00:42:51.286","availableEndTime":"2026-10-07 17:22:51.286"}
{"availableBeginTime":"2026-10-07 00:42:51.286","availableEndTime":"2026-10-07 17:22:51.286"}
{"availableBeginTime":"2026-10-07 00:42:51.286","availableEndTime":"2026-10-07 17:22:51.286"}
{"availableBeginTime":"2026-10-07 00:42:51.286","availableEndTime":"2026-10-07 17:22:51.286"}
{"availableBeginTime":"2026-10-07 00:42:51.286","availableEndTime":"2026-10-07 17:22:51.286"}
{"availableBeginTime":"2026-10-07 00:42:51.286","availableEndTime":"2026-10-07 17:22:51.286"}
{"availableBeginTime":"2026-10-07 00:42:51.287","availableEndTime":"2026-10-07 17:22:51.287"}
{"availableBeginTime":"2026-10-07 00:42:51.287","availableEndTime":"2026-10-07 17:22:51.287"}
{"availableBeginTime":"2026-10-07 00:42:51.287","availableEndTime":"2026-10-07 17:22:51.287"}
{"availableBeginTime":"2026-10-07 00:42:51.287","availableEndTime":"2026-10-07 17:22:51.287"}
{"availableBeginTime":"2026-10-07 00:42:51.287","availableEndTime":"2026-10-07 17:22:51.287"}
{"availableBeginTime":"2026-10-07 00:42:51.287","availableEndTime":"2026-10-07 17:22:51.287"}
{"availableBeginTime":"2026-10-07 00:42:51.287","availableEndTime":"2026-10-07 17:22:51.287"}
{"availableBeginTime":"2026-10-07 00:42:51.287","availableEndTime":"2026-10-07 17:22:51.287"}
{"availableBeginTime":"2026-10-07 00:42:51.287","availableEndTime":"2026-10-07 17:22:51.287"}
{"availableBeginTime":"2026-10-07 00:42:51.287","availableEndTime":"2026-10-07 17:22:51.287"}
{"availableBeginTime":"2026-10-07 00:42:51.287","availableEndTime":"2026-10-07 17:22:51.287"}
{"availableBeginTime":"2026-10-07 00:42:51.287","availableEndTime":"2026-10-07 17:22:51.287"}
{"availableBeginTime":"2026-10-07 00:42:51.287","availableEndTime":"2026-10-07 17:22:51.287"}
{"availableBeginTime":"2026-10-07 00:42:51.287","availableEndTime":"2026-10-07 17:22:51.287"}
{"availableBeginTime":"2026-10-07 00:42:51.287","availableEndTime":"2026-10-07 17:22:51.287"}
{"availableBeginTime":"2026-10-07 00:42:51.287","availableEndTime":"2026-10-07 17:22:51.287"}
{"availableBeginTime":"2026-10-07 00:42:51.287","availableEndTime":"2026-10-07 17:22:51.287"}
{"availableBeginTime":"2026-10-07 00:42:51.287","availableEndTime":"2026-10-07 17:22:51.287"}
{"availableBeginTime":"2026-10-07 00:42:51.287","availableEndTime":"2026-10-07 17:22:51.287"}
{"availableBeginTime":"2026-10-07 00:42:51.287","availableEndTime":"2026-10-07 17:22:51.287"}
{"availableBeginTime":"2026-10-07 00:42:51.287","availableEndTime":"2026-10-07 17:22:51.287"}
{"availableBeginTime":"2026-10-07 00:42:51.287","availableEndTime":"2026-10-07 17:22:51.287"}
{"availableBeginTime":"2026-10-07 00:42:51.287","availableEndTime":"2026-10-07 17:22:51.287"}
{"availableBeginTime":"2026-10-07 00:42:51.287","availableEndTime":"2026-10-07 17:22:51.287"}
{"availableBeginTime":"2026-10-07 00:42:51.287","availableEndTime":"2026-10-07 17:22:51.287"}
{"availableBeginTime":"2026-10-07 00:42:51.287","availableEndTime":"2026-10-07 17:22:51.287"}
{"availableBeginTime":"2026-10-07 00:42:51.287","availableEndTime":"2026-10-07 17:22:51.287"}
{"availableBeginTime":"2026-10-07 00:42:51.287","availableEndTime":"2026-10-07 17:22:51.287"}
{"availableBeginTime":"2026-10-07 00:42:51.287","availableEndTime":"2026-10-07 17:22:51.287"}
{"availableBeginTime":"2026-10-07 00:42:51.287","availableEndTime":"2026-10-07 17:22:51.287"}
{"availableBeginTime":"2026-10-07 00:42:51.287","availableEndTime":"2026-10-07 17:22:51.287"}
{"availableBeginTime":"2026-10-07 00:42:51.287","availableEndTime":"2026-10-07 17:22:51.287"}
{"availableBeginTime":"2026-10-07 00:42:51.287","availableEndTime":"2026-10-07 17:22:51.287"}
{"availableBeginTime":"2026-10-07 00:42:51.287","availableEndTime":"2026-10-07 17:22:51.287"}
{"availableBeginTime":"2026-10-07 00:42:51.287","availableEndTime":"2026-10-07 17:22:51.287"}
{"availableBeginTime":"2026-10-07 00:42:51.287","availableEndTime":"2026-10-07 17:22:51.287"}
{"availableBeginTime":"2026-10-07 00:42:51.287","availableEndTime":"2026-10-07 17:22:51.287"}
{"availableBeginTime":"2026-10-07 00:42:51.287","availableEndTime":"2026-10-07 17:22:51.287"}
{"availableBeginTime":"2026-10-07 00:42:51.287","availableEndTime":"2026-10-07 17:22:51.287"}
{"availableBeginTime":"2026-10-07 00:42:51.287","availableEndTime":"2026-10-07 17:22:51.287"}
{"availableBeginTime":"2026-10-07 00:42:51.287","availableEndTime":"2026-10-07 17:22:51.287"}
{"availableBeginTime":"2026-10-07 00:42:51.287","availableEndTime":"2026-10-07 17:22:51.287"}
{"availableBeginTime":"2026-10-07 00:42:51.287","availableEndTime":"2026-10-07 17:22:51.287"}
{"availableBeginTime":"2026-10-07 00:42:51.287","availableEndTime":"2026-10-07 17:22:51.287"}
{"availableBeginTime":"2026-10-07 00:42:51.287","availableEndTime":"2026-10-07 17:22:51.287"}
{"availableBeginTime":"2026-10-07 00:42:51.287","availableEndTime":"2026-10-07 17:22:51.287"}
{"availableBeginTime":"2026-10-07 00:42:51.287","availableEndTime":"2026-10-07 17:22:51.287"}
{"availableBeginTime":"2026-10-07 00:42:51.287","availableEndTime":"2026-10-07 17:22:51.287"}
{"availableBeginTime":"2026-10-07 00:42:51.287","availableEndTime":"2026-10-07 17:22:51.287"}
{"availableBeginTime":"2026-10-07 00:42:51.287","availableEndTime":"2026-10-07 17:22:51.287"}
{"availableBeginTime":"2026-10-07 00:42:51.287","availableEndTime":"2026-10-07 17:22:51.287"}
{"availableBeginTime":"2026-10-07 00:42:51.287","availableEndTime":"2026-10-07 17:22:51.287"}
{"availableBeginTime":"2026-10-07 00:42:51.287","availableEndTime":"2026-10-07 17:22:51.287"}
{"availableBeginTime":"2026-10-07 00:42:51.287","availableEndTime":"2026-10-07 17:22:51.287"}
{"availableBeginTime":"2026-10-07 00:42:51.287","availableEndTime":"2026-10-07 17:22:51.287"}
{"availableBeginTime":"2026-10-07 00:42:51.287","availableEndTime":"2026-10-07 17:22:51.287"}
{"availableBeginTime":"2026-10-07 00:42:51.287","availableEndTime":"2026-10-07 17:22:51.287"}
{"availableBeginTime":"2026-10-07 00:42:51.287","availableEndTime":"2026-10-07 17:22:51.287"}
{"availableBeginTime":"2026-10-07 00:42:51.287","availableEndTime":"2026-10-07 17:22:51.287"}
{"availableBeginTime":"2026-10-07 00:42:51.287","availableEndTime":"2026-10-07 17:22:51.287"}
{"availableBeginTime":"2026-10-07 00:42:51.287","availableEndTime":"2026-10-07 17:22:51.287"}
{"availableBeginTime":"2026-10-07 00:42:51.287","availableEndTime":"2026-10-07 17:22:51.287"}
{"availableBeginTime":"2026-10-07 00:42:51.287","availableEndTime":"2026-10-07 17:22:51.287"}
{"availableBeginTime":"2026-10-07 00:42:51.287","availableEndTime":"2026-10-07 17:22:51.287"}
{"availableBeginTime":"2026-10-07 00:42:51.287","availableEndTime":"2026-10-07 17:22:51.287"}
{"availableBeginTime":"2026-10-07 00:42:51.287","availableEndTime":"2026-10-07 17:22:51.287"}
{"availableBeginTime":"2026-10-07 00:42:51.287","availableEndTime":"2026-10-07 17:22:51.287"}
{"availableBeginTime":"2026-10-07 00:42:51.287","availableEndTime":"2026-10-07 17:22:51.287"}
{"availableBeginTime":"2026-10-07 00:42:51.287","availableEndTime":"2026-10-07 17:22:51.287"}
{"availableBeginTime":"2026-10-07 00:42:51.287","availableEndTime":"2026-10-07 17:22:51.287"}
{"availableBeginTime":"2026-10-07 00:42:51.287","availableEndTime":"2026-10-07 17:22:51.287"}
{"availableBeginTime":"2026-10-07 00:42:51.287","availableEndTime":"2026-10-07 17:22:51.287"}
{"availableBeginTime":"2026-10-07 00:42:51.287","availableEndTime":"2026-10-07 17:22:51.287"}
{"availableBeginTime":"2026-10-07 00:42:51.287","availableEndTime":"2026-10-07 17:22:51.287"}
{"availableBeginTime":"2026-10-07 00:42:51.287","availableEndTime":"2026-10-07 17:22:51.287"}
{"availableBeginTime":"2026-10-07 00:42:51.287","availableEndTime":"2026-10-07 17:22:51.287"}
{"availableBeginTime":"2026-10-07 00:42:51.287","availableEndTime":"2026-10-07 17:22:51.287"}
{"availableBeginTime":"2026-10-07 00:42:51.287","availableEndTime":"2026-10-07 17:22:51.287"}
{"availableBeginTime":"2026-10-07 00:42:51.287","availableEndTime":"2026-10-07 17:22:51.287"}
{"availableBeginTime":"2026-10-07 00:42:51.287","availableEndTime":"2026-10-07 17:22:51.287"}
{"availableBeginTime":"2026-10-07 00:42:51.287","availableEndTime":"2026-10-07 17:22:51.287"}
{"availableBeginTime":"2026-10-07 00:42:51.287","availableEndTime":"2026-10-07 17:22:51.287"}
{"availableBeginTime":"2026-10-07 00:42:51.287","availableEndTime":"2026-10-07 17:22:51.287"}
{"availableBeginTime":"2026-10-07 00:42:51.287","availableEndTime":"2026-10-07 17:22:51.287"}
{"availableBeginTime":"2026-10-07 00:42:51.287","availableEndTime":"2026-10-07 17:22:51.287"}
{"availableBeginTime":"2026-10-07 00:42:51.287","availableEndTime":"2026-10-07 17:22:51.287"}
{"availableBeginTime":"2026-10-07 00:42:51.287","availableEndTime":"2026-10-07 17:22:51.287"}
{"availableBeginTime":"2026-10-07 00:42:51.287","availableEndTime":"2026-10-07 17:22:51.287"}
{"availableBeginTime":"2026-10-07 00:42:51.287","availableEndTime":"2026-10-07 17:22:51.287"}
{"availableBeginTime":"2026-10-07 00:42:51.287","availableEndTime":"2026-10-07 17:22:51.287"}
{"availableBeginTime":"2026-10-07 00:42:51.287","availableEndTime":"2026-10-07 17:22:51.287"}
{"availableBeginTime":"2026-10-07 00:42:51.287","availableEndTime":"2026-10-07 17:22:51.287"}
{"availableBeginTime":"2026-10-07 00:42:51.287","availableEndTime":"2026-10-07 17:22:51.287"}
{"availableBeginTime":"2026-10-07 00:42:51.287","availableEndTime":"2026-10-07 17:22:51.287"}
{"availableBeginTime":"2026-10-07 00:42:51.287","availableEndTime":"2026-10-07 17:22:51.287"}
{"availableBeginTime":"2026-10-07 00:42:51.287","availableEndTime":"2026-10-07 17:22:51.287"}
{"availableBeginTime":"2026-10-07 00:42:51.287","availableEndTime":"2026-10-07 17:22:51.287"}
{"availableBeginTime":"2026-10-07 00:42:51.287","availableEndTime":"2026-10-07 17:22:51.287"}
{"availableBeginTime":"2026-10-07 00:42:51.287","availableEndTime":"2026-10-07 17:22:51.287"}
{"availableBeginTime":"2026-10-07 00:42:51.287","availableEndTime":"2026-10-07 17:22:51.287"}
{"availableBeginTime":"2026-10-07 00:42:51.287","availableEndTime":"2026-10-07 17:22:51.287"}
{"availableBeginTime":"2026-10-07 00:42:51.287","availableEndTime":"2026-10-07 17:22:51.287"}
{"availableBeginTime":"2026-10-07 00:42:51.287","availableEndTime":"2026-10-07 17:22:51.287"}
{"availableBeginTime":"2026-10-07 00:42:51.287","availableEndTime":"2026-10-07 17:22:51.287"}
{"availableBeginTime":"2026-10-07 00:42:51.287","availableEndTime":"2026-10-07 17:22:51.287"}
{"availableBeginTime":"2026-10-07 00:42:51.287","availableEndTime":"2026-10-07 17:22:51.287"}
{"availableBeginTime":"2026-10-07 00:42:51.287","availableEndTime":"2026-10-07 17:22:51.287"}
{"availableBeginTime":"2026-10-07 00:42:51.287","availableEndTime":"2026-10-07 17:22:51.287"}
{"availableBeginTime":"2026-10-07 00:42:51.287","availableEndTime":"2026-10-07 17:22:51.287"}
{"availableBeginTime":"2026-10-07 00:42:51.287","availableEndTime":"2026-10-07 17:22:51.287"}
{"availableBeginTime":"2026-10-07 00:42:51.287","availableEndTime":"2026-10-07 17:22:51.287"}
{"availableBeginTime":"2026-10-07 00:42:51.287","availableEndTime":"2026-10-07 17:22:51.287"}
{"availableBeginTime":"2026-10-07 00:42:51.287","availableEndTime":"2026-10-07 17:22:51.287"}
{"availableBeginTime":"2026-10-07 00:42:51.287","availableEndTime":"2026-10-07 17:22:51.287"}
{"availableBeginTime":"2026-10-07 00:42:51.287","availableEndTime":"2026-10-07 17:22:51.287"}
{"availableBeginTime":"2026-10-07 00:42:51.287","availableEndTime":"2026-10-07 17:22:51.287"}
{"availableBeginTime":"2026-10-07 00:42:51.287","availableEndTime":"2026-10-07 17:22:51.287"}
{"availableBeginTime":"2026-10-07 00:42:51.287","availableEndTime":"2026-10-07 17:22:51.287"}
{"availableBeginTime":"2026-10-07 00:42:51.287","availableEndTime":"2026-10-07 17:22:51.287"}
{"availableBeginTime":"2026-10-07 00:42:51.287","availableEndTime":"2026-10-07 17:22:51.287"}
{"availableBeginTime":"2026-10-07 00:42:51.287","availableEndTime":"2026-10-07 17:22:51.287"}
{"availableBeginTime":"2026-10-07 00:42:51.287","availableEndTime":"2026-10-07 17:22:51.287"}
{"availableBeginTime":"2026-10-07 00:42:51.287","availableEndTime":"2026-10-07 17:22:51.287"}
{"availableBeginTime":"2026-10-07 00:42:51.287","availableEndTime":"2026-10-07 17:22:51.287"}
{"availableBeginTime":"2026-10-07 00:42:51.287","availableEndTime":"2026-10-07 17:22:51.287"}
{"availableBeginTime":"2026-10-07 00:42:51.287","availableEndTime":"2026-10-07 17:22:51.287"}
{"availableBeginTime":"2026-10-07 00:42:51.287","availableEndTime":"2026-10-07 17:22:51.287"}
{"availableBeginTime":"2026-10-07 00:42:51.287","availableEndTime":"2026-10-07 17:22:51.287"}
{"availableBeginTime":"2026-10-07 00:42:51.287","availableEndTime":"2026-10-07 17:22:51.287"}
{"availableBeginTime":"2026-10-07 00:42:51.287","availableEndTime":"2026-10-07 17:22:51.287"}
{"availableBeginTime":"2026-10-07 00:42:51.287","availableEndTime":"2026-10-07 17:22:51.287"}
{"availableBeginTime":"2026-10-07 00:42:51.287","availableEndTime":"2026-10-07 17:22:51.287"}
{"availableBeginTime":"2026-10-07 00:42:51.287","availableEndTime":"2026-10-07 17:22:51.287"}
{"availableBeginTime":"2026-10-07 00:42:51.287","availableEndTime":"2026-10-07 17:22:51.287"}
{"availableBeginTime":"2026-10-07 00:42:51.287","availableEndTime":"2026-10-07 17:22:51.287"}
{"availableBeginTime":"2026-10-07 00:42:51.287","availableEndTime":"2026-10-07 17:22:51.287"}
{"availableBeginTime":"2026-10-07 00:42:51.287","availableEndTime":"2026-10-07 17:22:51.287"}
{"availableBeginTime":"2026-10-07 00:42:51.287","availableEndTime":"2026-10-07 17:22:51.287"}
{"availableBeginTime":"2026-10-07 00:42:51.287","availableEndTime":"2026-10-07 17:22:51.287"}
{"availableBeginTime":"2026-10-07 00:42:51.287","availableEndTime":"2026-10-07 17:22:51.287"}
{"availableBeginTime":"2026-10-07 00:42:51.287","availableEndTime":"2026-10-07 17:22:51.287"}
{"availableBeginTime":"2026-10-07 00:42:51.287","availableEndTime":"2026-10-07 17:22:51.287"}
{"availableBeginTime":"2026-10-07 00:42:51.287","availableEndTime":"2026-10-07 17:22:51.287"}
{"availableBeginTime":"2026-10-07 00:42:51.287","availableEndTime":"2026-10-07 17:22:51.287"}
{"availableBeginTime":"2026-10-07 00:42:51.287","availableEndTime":"2026-10-07 17:22:51.287"}
{"availableBeginTime":"2026-10-07 00:42:51.287","availableEndTime":"2026-10-07 17:22:51.287"}
{"availableBeginTime":"2026-10-07 00:42:51.287","availableEndTime":"2026-10-07 17:22:51.287"}
{"availableBeginTime":"2026-10-07 00:42:51.287","availableEndTime":"2026-10-07 17:22:51.287"}
{"availableBeginTime":"2026-10-07 00:42:51.287","availableEndTime":"2026-10-07 17:22:51.287"}
{"availableBeginTime":"2026-10-07 00:42:51.287","availableEndTime":"2026-10-07 17:22:51.287"}
{"availableBeginTime":"2026-10-07 00:42:51.287","availableEndTime":"2026-10-07 17:22:51.287"}
{"availableBeginTime":"2026-10-07 00:42:51.287","availableEndTime":"2026-10-07 17:22:51.287"}
{"availableBeginTime":"2026-10-07 00:42:51.287","availableEndTime":"2026-10-07 17:22:51.287"}
{"availableBeginTime":"2026-10-07 00:42:51.287","availableEndTime":"2026-10-07 17:22:51.287"}
{"availableBeginTime":"2026-10-07 00:42:51.287","availableEndTime":"2026-10-07 17:22:51.287"}
{"availableBeginTime":"2026-10-07 00:42:51.287","availableEndTime":"2026-10-07 17:22:51.287"}
{"availableBeginTime":"2026-10-07 00:42:51.287","availableEndTime":"2026-10-07 17:22:51.287"}
{"availableBeginTime":"2026-10-07 00:42:51.287","availableEndTime":"2026-10-07 17:22:51.287"}
{"availableBeginTime":"2026-10-07 00:42:51.287","availableEndTime":"2026-10-07 17:22:51.287"}
{"availableBeginTime":"2026-10-07 00:42:51.287","availableEndTime":"2026-10-07 17:22:51.287"}
{"availableBeginTime":"2026-10-07 00:42:51.287","availableEndTime":"2026-10-07 17:22:51.287"}
{"availableBeginTime":"2026-10-07 00:42:51.287","availableEndTime":"2026-10-07 17:22:51.287"}
{"availableBeginTime":"2026-10-07 00:42:51.287","availableEndTime":"2026-10-07 17:22:51.287"}
{"availableBeginTime":"2026-10-07 00:42:51.287","availableEndTime":"2026-10-07 17:22:51.287"}
{"availableBeginTime":"2026-10-07 00:42:51.287","availableEndTime":"2026-10-07 17:22:51.287"}
{"availableBeginTime":"2026-10-07 00:42:51.287","availableEndTime":"2026-10-07 17:22:51.287"}
{"availableBeginTime":"2026-10-07 00:42:51.287","availableEndTime":"2026-10-07 17:22:51.287"}
{"availableBeginTime":"2026-10-07 00:42:51.287","availableEndTime":"2026-10-07 17:22:51.287"}
{"availableBeginTime":"2026-10-07 00:42:51.287","availableEndTime":"2026-10-07 17:22:51.287"}
{"availableBeginTime":"2026-10-07 00:42:51.287","availableEndTime":"2026-10-07 17:22:51.287"}
{"availableBeginTime":"2026-10-07 00:42:51.287","availableEndTime":"2026-10-07 17:22:51.287"}
{"availableBeginTime":"2026-10-07 00:42:51.287","availableEndTime":"2026-10-07 17:22:51.287"}
{"availableBeginTime":"2026-10-07 00:42:51.287","availableEndTime":"2026-10-07 17:22:51.287"}
{"availableBeginTime":"2026-10-07 00:42:51.287","availableEndTime":"2026-10-07 17:22:51.287"}
{"availableBeginTime":"2026-10-07 00:42:51.287","availableEndTime":"2026-10-07 17:22:51.287"}
{"availableBeginTime":"2026-10-07 00:42:51.287","availableEndTime":"2026-10-07 17:22:51.287"}
{"availableBeginTime":"2026-10-07 00:42:51.287","availableEndTime":"2026-10-07 17:22:51.287"}
{"availableBeginTime":"2026-10-07 00:42:51.287","availableEndTime":"2026-10-07 17:22:51.287"}
{"availableBeginTime":"2026-10-07 00:42:51.287","availableEndTime":"2026-10-07 17:22:51.287"}
{"availableBeginTime":"2026-10-07 00:42:51.287","availableEndTime":"2026-10-07 17:22:51.287"}
{"availableBeginTime":"2026-10-07 00:42:51.287","availableEndTime":"2026-10-07 17:22:51.287"}
{"availableBeginTime":"2026-10-07 00:42:51.287","availableEndTime":"2026-10-07 17:22:51.287"}
{"availableBeginTime":"2026-10-07 00:42:51.287","availableEndTime":"2026-10-07 17:22:51.287"}
{"availableBeginTime":"2026-10-07 00:42:51.287","availableEndTime":"2026-10-07 17:22:51.287"}
{"availableBeginTime":"2026-10-07 00:42:51.287","availableEndTime":"2026-10-07 17:22:51.287"}
{"availableBeginTime":"2026-10-07 00:42:51.287","availableEndTime":"2026-10-07 17:22:51.287"}
{"availableBeginTime":"2026-10-07 00:42:51.287","availableEndTime":"2026-10-07 17:22:51.287"}
{"availableBeginTime":"2026-10-07 00:42:51.287","availableEndTime":"2026-10-07 17:22:51.287"}
{"availableBeginTime":"2026-10-07 00:42:51.287","availableEndTime":"2026-10-07 17:22:51.287"}
{"availableBeginTime":"2026-10-07 00:42:51.287","availableEndTime":"2026-10-07 17:22:51.287"}
{"availableBeginTime":"2026-10-07 00:42:51.287","availableEndTime":"2026-10-07 17:22:51.287"}
{"availableBeginTime":"2026-10-07 00:42:51.287","availableEndTime":"2026-10-07 17:22:51.287"}
{"availableBeginTime":"2026-10-07 00:42:51.287","availableEndTime":"2026-10-07 17:22:51.287"}
{"availableBeginTime":"2026-10-07 00:42:51.287","availableEndTime":"2026-10-07 17:22:51.287"}
{"availableBeginTime":"2026-10-07 00:42:51.287","availableEndTime":"2026-10-07 17:22:51.287"}
{"availableBeginTime":"2026-10-07 00:42:51.287","availableEndTime":"2026-10-07 17:22:51.287"}
{"availableBeginTime":"2026-10-07 00:42:51.287","availableEndTime":"2026-10-07 17:22:51.287"}
{"availableBeginTime":"2026-10-07 00:42:51.287","availableEndTime":"2026-10-07 17:22:51.287"}
{"availableBeginTime":"2026-10-07 00:42:51.287","availableEndTime":"2026-10-07 17:22:51.287"}
{"availableBeginTime":"2026-10-07 00:42:51.287","availableEndTime":"2026-10-07 17:22:51.287"}
{"availableBeginTime":"2026-10-07 00:42:51.287","availableEndTime":"2026-10-07 17:22:51.287"}
{"availableBeginTime":"2026-10-07 00:42:51.287","availableEndTime":"2026-10-07 17:22:51.287"}
{"availableBeginTime":"2026-10-07 00:42:51.287","availableEndTime":"2026-10-07 17:22:51.287"}
{"availableBeginTime":"2026-10-07 00:42:51.287","availableEndTime":"2026-10-07 17:22:51.287"}
{"availableBeginTime":"2026-10-07 00:42:51.287","availableEndTime":"2026-10-07 17:22:51.287"}
{"availableBeginTime":"2026-10-07 00:42:51.287","availableEndTime":"2026-10-07 17:22:51.287"}
{"availableBeginTime":"2026-10-07 00:42:51.287","availableEndTime":"2026-10-07 17:22:51.287"}
{"availableBeginTime":"2026-10-07 00:42:51.287","availableEndTime":"2026-10-07 17:22:51.287"}
{"availableBeginTime":"2026-10-07 00:42:51.287","availableEndTime":"2026-10-07 17:22:51.287"}
{"availableBeginTime":"2026-10-07 00:42:51.287","availableEndTime":"2026-10-07 17:22:51.287"}
{"availableBeginTime":"2026-10-07 00:42:51.287","availableEndTime":"2026-10-07 17:22:51.287"}
{"availableBeginTime":"2026-10-07 00:42:51.287","availableEndTime":"2026-10-07 17:22:51.287"}
{"availableBeginTime":"2026-10-07 00:42:51.287","availableEndTime":"2026-10-07 17:22:51.287"}
{"availableBeginTime":"2026-10-07 00:42:51.287","availableEndTime":"2026-10-07 17:22:51.287"}
{"availableBeginTime":"2026-10-07 00:42:51.287","availableEndTime":"2026-10-07 17:22:51.287"}
{"availableBeginTime":"2026-10-07 00:42:51.287","availableEndTime":"2026-10-07 17:22:51.287"}
{"availableBeginTime":"2026-10-07 00:42:51.287","availableEndTime":"2026-10-07 17:22:51.287"}
{"availableBeginTime":"2026-10-07 00:42:51.287","availableEndTime":"2026-10-07 17:22:51.287"}
{"availableBeginTime":"2026-10-07 00:42:51.287","availableEndTime":"2026-10-07 17:22:51.287"}
{"availableBeginTime":"2026-10-07 00:42:51.287","availableEndTime":"2026-10-07 17:22:51.287"}
{"availableBeginTime":"2026-10-07 00:42:51.287","availableEndTime":"2026-10-07 17:22:51.287"}
{"availableBeginTime":"2026-10-07 00:42:51.287","availableEndTime":"2026-10-07 17:22:51.287"}
{"availableBeginTime":"2026-10-07 00:42:51.287","availableEndTime":"2026-10-07 17:22:51.287"}
{"availableBeginTime":"2026-10-07 00:42:51.287","availableEndTime":"2026-10-07 17:22:51.287"}
{"availableBeginTime":"2026-10-07 00:42:51.287","availableEndTime":"2026-10-07 17:22:51.287"}
{"availableBeginTime":"2026-10-07 00:42:51.287","availableEndTime":"2026-10-07 17:22:51.287"}
{"availableBeginTime":"2026-10-07 00:42:51.287","availableEndTime":"2026-10-07 17:22:51.287"}
{"availableBeginTime":"2026-10-07 00:42:51.287","availableEndTime":"2026-10-07 17:22:51.287"}
{"availableBeginTime":"2026-10-07 00:42:51.287","availableEndTime":"2026-10-07 17:22:51.287"}
{"availableBeginTime":"2026-10-07 00:42:51.287","availableEndTime":"2026-10-07 17:22:51.287"}
{"availableBeginTime":"2026-10-07 00:42:51.287","availableEndTime":"2026-10-07 17:22:51.287"}
{"availableBeginTime":"2026-10-07 00:42:51.287","availableEndTime":"2026-10-07 17:22:51.287"}
{"availableBeginTime":"2026-10-07 00:42:51.287","availableEndTime":"2026-10-07 17:22:51.287"}
{"availableBeginTime":"2026-10-07 00:42:51.288","availableEndTime":"2026-10-07 17:22:51.288"}
{"availableBeginTime":"2026-10-07 00:42:51.288","availableEndTime":"2026-10-07 17:22:51.288"}
{"availableBeginTime":"2026-10-07 00:42:51.288","availableEndTime":"2026-10-07 17:22:51.288"}
{"availableBeginTime":"2026-10-07 00:42:51.288","availableEndTime":"2026-10-07 17:22:51.288"}
{"availableBeginTime":"2026-10-07 00:42:51.288","availableEndTime":"2026-10-07 17:22:51.288"}
{"availableBeginTime":"2026-10-07 00:42:51.288","availableEndTime":"2026-10-07 17:22:51.288"}
{"availableBeginTime":"2026-10-07 00:42:51.288","availableEndTime":"2026-10-07 17:22:51.288"}
{"availableBeginTime":"2026-10-07 00:42:51.288","availableEndTime":"2026-10-07 17:22:51.288"}
{"availableBeginTime":"2026-10-07 00:42:51.288","availableEndTime":"2026-10-07 17:22:51.288"}
{"availableBeginTime":"2026-10-07 00:42:51.288","availableEndTime":"2026-10-07 17:22:51.288"}
{"availableBeginTime":"2026-10-07 00:42:51.288","availableEndTime":"2026-10-07 17:22:51.288"}
{"availableBeginTime":"2026-10-07 00:42:51.288","availableEndTime":"2026-10-07 17:22:51.288"}
{"availableBeginTime":"2026-10-07 00:42:51.288","availableEndTime":"2026-10-07 17:22:51.288"}
{"availableBeginTime":"2026-10-07 00:42:51.288","availableEndTime":"2026-10-07 17:22:51.288"}
{"availableBeginTime":"2026-10-07 00:42:51.288","availableEndTime":"2026-10-07 17:22:51.288"}
{"availableBeginTime":"2026-10-07 00:42:51.288","availableEndTime":"2026-10-07 17:22:51.288"}
{"availableBeginTime":"2026-10-07 00:42:51.288","availableEndTime":"2026-10-07 17:22:51.288"}
{"availableBeginTime":"2026-10-07 00:42:51.288","availableEndTime":"2026-10-07 17:22:51.288"}
{"availableBeginTime":"2026-10-07 00:42:51.288","availableEndTime":"2026-10-07 17:22:51.288"}
{"availableBeginTime":"2026-10-07 00:42:51.288","availableEndTime":"2026-10-07 17:22:51.288"}
{"availableBeginTime":"2026-10-07 00:42:51.288","availableEndTime":"2026-10-07 17:22:51.288"}
{"availableBeginTime":"2026-10-07 00:42:51.288","availableEndTime":"2026-10-07 17:22:51.288"}
{"availableBeginTime":"2026-10-07 00:42:51.288","availableEndTime":"2026-10-07 17:22:51.288"}
{"availableBeginTime":"2026-10-07 00:42:51.288","availableEndTime":"2026-10-07 17:22:51.288"}
{"availableBeginTime":"2026-10-07 00:42:51.288","availableEndTime":"2026-10-07 17:22:51.288"}
{"availableBeginTime":"2026-10-07 00:42:51.288","availableEndTime":"2026-10-07 17:22:51.288"}
{"availableBeginTime":"2026-10-07 00:42:51.288","availableEndTime":"2026-10-07 17:22:51.288"}
{"availableBeginTime":"2026-10-07 00:42:51.288","availableEndTime":"2026-10-07 17:22:51.288"}
{"availableBeginTime":"2026-10-07 00:42:51.288","availableEndTime":"2026-10-07 17:22:51.288"}
{"availableBeginTime":"2026-10-07 00:42:51.288","availableEndTime":"2026-10-07 17:22:51.288"}
{"availableBeginTime":"2026-10-07 00:42:51.288","availableEndTime":"2026-10-07 17:22:51.288"}
{"availableBeginTime":"2026-10-07 00:42:51.288","availableEndTime":"2026-10-07 17:22:51.288"}
{"availableBeginTime":"2026-10-07 00:42:51.288","availableEndTime":"2026-10-07 17:22:51.288"}
{"availableBeginTime":"2026-10-07 00:42:51.288","availableEndTime":"2026-10-07 17:22:51.288"}
{"availableBeginTime":"2026-10-07 00:42:51.288","availableEndTime":"2026-10-07 17:22:51.288"}
{"availableBeginTime":"2026-10-07 00:42:51.288","availableEndTime":"2026-10-07 17:22:51.288"}
{"availableBeginTime":"2026-10-07 00:42:51.288","availableEndTime":"2026-10-07 17:22:51.288"}
{"availableBeginTime":"2026-10-07 00:42:51.288","availableEndTime":"2026-10-07 17:22:51.288"}
{"availableBeginTime":"2026-10-07 00:42:51.288","availableEndTime":"2026-10-07 17:22:51.288"}
{"availableBeginTime":"2026-10-07 00:42:51.288","availableEndTime":"2026-10-07 17:22:51.288"}
{"availableBeginTime":"2026-10-07 00:42:51.288","availableEndTime":"2026-10-07 17:22:51.288"}
{"availableBeginTime":"2026-10-07 00:42:51.288","availableEndTime":"2026-10-07 17:22:51.288"}
{"availableBeginTime":"2026-10-07 00:42:51.288","availableEndTime":"2026-10-07 17:22:51.288"}
{"availableBeginTime":"2026-10-07 00:42:51.288","availableEndTime":"2026-10-07 17:22:51.288"}
{"availableBeginTime":"2026-10-07 00:42:51.288","availableEndTime":"2026-10-07 17:22:51.288"}
{"availableBeginTime":"2026-10-07 00:42:51.288","availableEndTime":"2026-10-07 17:22:51.288"}
{"availableBeginTime":"2026-10-07 00:42:51.288","availableEndTime":"2026-10-07 17:22:51.288"}
{"availableBeginTime":"2026-10-07 00:42:51.288","availableEndTime":"2026-10-07 17:22:51.288"}
{"availableBeginTime":"2026-10-07 00:42:51.288","availableEndTime":"2026-10-07 17:22:51.288"}
{"availableBeginTime":"2026-10-07 00:42:51.288","availableEndTime":"2026-10-07 17:22:51.288"}
{"availableBeginTime":"2026-10-07 00:42:51.288","availableEndTime":"2026-10-07 17:22:51.288"}
{"availableBeginTime":"2026-10-07 00:42:51.288","availableEndTime":"2026-10-07 17:22:51.288"}
{"availableBeginTime":"2026-10-07 00:42:51.288","availableEndTime":"2026-10-07 17:22:51.288"}
{"availableBeginTime":"2026-10-07 00:42:51.288","availableEndTime":"2026-10-07 17:22:51.288"}
{"availableBeginTime":"2026-10-07 00:42:51.288","availableEndTime":"2026-10-07 17:22:51.288"}
{"availableBeginTime":"2026-10-07 00:42:51.288","availableEndTime":"2026-10-07 17:22:51.288"}
{"availableBeginTime":"2026-10-07 00:42:51.288","availableEndTime":"2026-10-07 17:22:51.288"}
{"availableBeginTime":"2026-10-07 00:42:51.288","availableEndTime":"2026-10-07 17:22:51.288"}
{"availableBeginTime":"2026-10-07 00:42:51.288","availableEndTime":"2026-10-07 17:22:51.288"}
{"availableBeginTime":"2026-10-07 00:42:51.288","availableEndTime":"2026-10-07 17:22:51.288"}
{"availableBeginTime":"2026-10-07 00:42:51.288","availableEndTime":"2026-10-07 17:22:51.288"}
{"availableBeginTime":"2026-10-07 00:42:51.288","availableEndTime":"2026-10-07 17:22:51.288"}
{"availableBeginTime":"2026-10-07 00:42:51.288","availableEndTime":"2026-10-07 17:22:51.288"}
{"availableBeginTime":"2026-10-07 00:42:51.288","availableEndTime":"2026-10-07 17:22:51.288"}
{"availableBeginTime":"2026-10-07 00:42:51.288","availableEndTime":"2026-10-07 17:22:51.288"}
{"availableBeginTime":"2026-10-07 00:42:51.288","availableEndTime":"2026-10-07 17:22:51.288"}
{"availableBeginTime":"2026-10-07 00:42:51.288","availableEndTime":"2026-10-07 17:22:51.288"}
{"availableBeginTime":"2026-10-07 00:42:51.288","availableEndTime":"2026-10-07 17:22:51.288"}
{"availableBeginTime":"2026-10-07 00:42:51.288","availableEndTime":"2026-10-07 17:22:51.288"}
{"availableBeginTime":"2026-10-07 00:42:51.288","availableEndTime":"2026-10-07 17:22:51.288"}
{"availableBeginTime":"2026-10-07 00:42:51.288","availableEndTime":"2026-10-07 17:22:51.288"}
{"availableBeginTime":"2026-10-07 00:42:51.288","availableEndTime":"2026-10-07 17:22:51.288"}
{"availableBeginTime":"2026-10-07 00:42:51.288","availableEndTime":"2026-10-07 17:22:51.288"}
{"availableBeginTime":"2026-10-07 00:42:51.288","availableEndTime":"2026-10-07 17:22:51.288"}
{"availableBeginTime":"2026-10-07 00:42:51.288","availableEndTime":"2026-10-07 17:22:51.288"}
{"availableBeginTime":"2026-10-07 00:42:51.288","availableEndTime":"2026-10-07 17:22:51.288"}
{"availableBeginTime":"2026-10-07 00:42:51.288","availableEndTime":"2026-10-07 17:22:51.288"}
{"availableBeginTime":"2026-10-07 00:42:51.288","availableEndTime":"2026-10-07 17:22:51.288"}
{"availableBeginTime":"2026-10-07 00:42:51.288","availableEndTime":"2026-10-07 17:22:51.288"}
{"availableBeginTime":"2026-10-07 00:42:51.288","availableEndTime":"2026-10-07 17:22:51.288"}
{"availableBeginTime":"2026-10-07 00:42:51.288","availableEndTime":"2026-10-07 17:22:51.288"}
{"availableBeginTime":"2026-10-07 00:42:51.288","availableEndTime":"2026-10-07 17:22:51.288"}
{"availableBeginTime":"2026-10-07 00:42:51.288","availableEndTime":"2026-10-07 17:22:51.288"}
{"availableBeginTime":"2026-10-07 00:42:51.288","availableEndTime":"2026-10-07 17:22:51.288"}
{"availableBeginTime":"2026-10-07 00:42:51.288","availableEndTime":"2026-10-07 17:22:51.288"}
{"availableBeginTime":"2026-10-07 00:42:51.288","availableEndTime":"2026-10-07 17:22:51.288"}
{"availableBeginTime":"2026-10-07 00:42:51.288","availableEndTime":"2026-10-07 17:22:51.288"}
{"availableBeginTime":"2026-10-07 00:42:51.288","availableEndTime":"2026-10-07 17:22:51.288"}
{"availableBeginTime":"2026-10-07 00:42:51.288","availableEndTime":"2026-10-07 17:22:51.288"}
{"availableBeginTime":"2026-10-07 00:42:51.288","availableEndTime":"2026-10-07 17:22:51.288"}
{"availableBeginTime":"2026-10-07 00:42:51.288","availableEndTime":"2026-10-07 17:22:51.288"}
{"availableBeginTime":"2026-10-07 00:42:51.288","availableEndTime":"2026-10-07 17:22:51.288"}
{"availableBeginTime":"2026-10-07 00:42:51.288","availableEndTime":"2026-10-07 17:22:51.288"}
{"availableBeginTime":"2026-10-07 00:42:51.288","availableEndTime":"2026-10-07 17:22:51.288"}
{"availableBeginTime":"2026-10-07 00:42:51.288","availableEndTime":"2026-10-07 17:22:51.288"}
{"availableBeginTime":"2026-10-07 00:42:51.288","availableEndTime":"2026-10-07 17:22:51.288"}
{"availableBeginTime":"2026-10-07 00:42:51.288","availableEndTime":"2026-10-07 17:22:51.288"}
{"availableBeginTime":"2026-10-07 00:42:51.288","availableEndTime":"2026-10-07 17:22:51.288"}
{"availableBeginTime":"2026-10-07 00:42:51.288","availableEndTime":"2026-10-07 17:22:51.288"}
{"availableBeginTime":"2026-10-07 00:42:51.288","availableEndTime":"2026-10-07 17:22:51.288"}
{"availableBeginTime":"2026-10-07 00:42:51.288","availableEndTime":"2026-10-07 17:22:51.288"}
{"availableBeginTime":"2026-10-07 00:42:51.288","availableEndTime":"2026-10-07 17:22:51.288"}
{"availableBeginTime":"2026-10-07 00:42:51.288","availableEndTime":"2026-10-07 17:22:51.288"}
{"availableBeginTime":"2026-10-07 00:42:51.288","availableEndTime":"2026-10-07 17:22:51.288"}
{"availableBeginTime":"2026-10-07 00:42:51.288","availableEndTime":"2026-10-07 17:22:51.288"}
{"availableBeginTime":"2026-10-07 00:42:51.288","availableEndTime":"2026-10-07 17:22:51.288"}
{"availableBeginTime":"2026-10-07 00:42:51.288","availableEndTime":"2026-10-07 17:22:51.288"}
{"availableBeginTime":"2026-10-07 00:42:51.288","availableEndTime":"2026-10-07 17:22:51.288"}
{"availableBeginTime":"2026-10-07 00:42:51.288","availableEndTime":"2026-10-07 17:22:51.288"}
{"availableBeginTime":"2026-10-07 00:42:51.288","availableEndTime":"2026-10-07 17:22:51.288"}
{"availableBeginTime":"2026-10-07 00:42:51.288","availableEndTime":"2026-10-07 17:22:51.288"}
{"availableBeginTime":"2026-10-07 00:42:51.288","availableEndTime":"2026-10-07 17:22:51.288"}
{"availableBeginTime":"2026-10-07 00:42:51.288","availableEndTime":"2026-10-07 17:22:51.288"}
{"availableBeginTime":"2026-10-07 00:42:51.288","availableEndTime":"2026-10-07 17:22:51.288"}
{"availableBeginTime":"2026-10-07 00:42:51.288","availableEndTime":"2026-10-07 17:22:51.288"}
{"availableBeginTime":"2026-10-07 00:42:51.288","availableEndTime":"2026-10-07 17:22:51.288"}
{"availableBeginTime":"2026-10-07 00:42:51.288","availableEndTime":"2026-10-07 17:22:51.288"}
{"availableBeginTime":"2026-10-07 00:42:51.288","availableEndTime":"2026-10-07 17:22:51.288"}
{"availableBeginTime":"2026-10-07 00:42:51.288","availableEndTime":"2026-10-07 17:22:51.288"}
{"availableBeginTime":"2026-10-07 00:42:51.288","availableEndTime":"2026-10-07 17:22:51.288"}
{"availableBeginTime":"2026-10-07 00:42:51.288","availableEndTime":"2026-10-07 17:22:51.288"}
{"availableBeginTime":"2026-10-07 00:42:51.288","availableEndTime":"2026-10-07 17:22:51.288"}
{"availableBeginTime":"2026-10-07 00:42:51.288","availableEndTime":"2026-10-07 17:22:51.288"}
{"availableBeginTime":"2026-10-07 00:42:51.288","availableEndTime":"2026-10-07 17:22:51.288"}
{"availableBeginTime":"2026-10-07 00:42:51.288","availableEndTime":"2026-10-07 17:22:51.288"}
{"availableBeginTime":"2026-10-07 00:42:51.288","availableEndTime":"2026-10-07 17:22:51.288"}
{"availableBeginTime":"2026-10-07 00:42:51.288","availableEndTime":"2026-10-07 17:22:51.288"}
{"availableBeginTime":"2026-10-07 00:42:51.288","availableEndTime":"2026-10-07 17:22:51.288"}
{"availableBeginTime":"2026-10-07 00:42:51.288","availableEndTime":"2026-10-07 17:22:51.288"}
{"availableBeginTime":"2026-10-07 00:42:51.288","availableEndTime":"2026-10-07 17:22:51.288"}
{"availableBeginTime":"2026-10-07 00:42:51.288","availableEndTime":"2026-10-07 17:22:51.288"}
{"availableBeginTime":"2026-10-07 00:42:51.288","availableEndTime":"2026-10-07 17:22:51.288"}
{"availableBeginTime":"2026-10-07 00:42:51.288","availableEndTime":"2026-10-07 17:22:51.288"}
{"availableBeginTime":"2026-10-07 00:42:51.288","availableEndTime":"2026-10-07 17:22:51.288"}
{"availableBeginTime":"2026-10-07 00:42:51.288","availableEndTime":"2026-10-07 17:22:51.288"}
{"availableBeginTime":"2026-10-07 00:42:51.288","availableEndTime":"2026-10-07 17:22:51.288"}
{"availableBeginTime":"2026-10-07 00:42:51.288","availableEndTime":"2026-10-07 17:22:51.288"}
{"availableBeginTime":"2026-10-07 00:42:51.288","availableEndTime":"2026-10-07 17:22:51.288"}
{"availableBeginTime":"2026-10-07 00:42:51.288","availableEndTime":"2026-10-07 17:22:51.288"}
{"availableBeginTime":"2026-10-07 00:42:51.288","availableEndTime":"2026-10-07 17:22:51.288"}
{"availableBeginTime":"2026-10-07 00:42:51.288","availableEndTime":"2026-10-07 17:22:51.288"}
{"availableBeginTime":"2026-10-07 00:42:51.288","availableEndTime":"2026-10-07 17:22:51.288"}
{"availableBeginTime":"2026-10-07 00:42:51.288","availableEndTime":"2026-10-07 17:22:51.288"}
{"availableBeginTime":"2026-10-07 00:42:51.288","availableEndTime":"2026-10-07 17:22:51.288"}
{"availableBeginTime":"2026-10-07 00:42:51.288","availableEndTime":"2026-10-07 17:22:51.288"}
{"availableBeginTime":"2026-10-07 00:42:51.288","availableEndTime":"2026-10-07 17:22:51.288"}
{"availableBeginTime":"2026-10-07 00:42:51.288","availableEndTime":"2026-10-07 17:22:51.288"}
{"availableBeginTime":"2026-10-07 00:42:51.288","availableEndTime":"2026-10-07 17:22:51.288"}
{"availableBeginTime":"2026-10-07 00:42:51.288","availableEndTime":"2026-10-07 17:22:51.288"}
{"availableBeginTime":"2026-10-07 00:42:51.288","availableEndTime":"2026-10-07 17:22:51.288"}
{"availableBeginTime":"2026-10-07 00:42:51.288","availableEndTime":"2026-10-07 17:22:51.288"}
{"availableBeginTime":"2026-10-07 00:42:51.288","availableEndTime":"2026-10-07 17:22:51.288"}
{"availableBeginTime":"2026-10-07 00:42:51.288","availableEndTime":"2026-10-07 17:22:51.288"}
{"availableBeginTime":"2026-10-07 00:42:51.288","availableEndTime":"2026-10-07 17:22:51.288"}
{"availableBeginTime":"2026-10-07 00:42:51.288","availableEndTime":"2026-10-07 17:22:51.288"}
{"availableBeginTime":"2026-10-07 00:42:51.288","availableEndTime":"2026-10-07 17:22:51.288"}
{"availableBeginTime":"2026-10-07 00:42:51.288","availableEndTime":"2026-10-07 17:22:51.288"}
{"availableBeginTime":"2026-10-07 00:42:51.288","availableEndTime":"2026-10-07 17:22:51.288"}
{"availableBeginTime":"2026-10-07 00:42:51.288","availableEndTime":"2026-10-07 17:22:51.288"}
{"availableBeginTime":"2026-10-07 00:42:51.288","availableEndTime":"2026-10-07 17:22:51.288"}
{"availableBeginTime":"2026-10-07 00:42:51.288","availableEndTime":"2026-10-07 17:22:51.288"}
{"availableBeginTime":"2026-10-07 00:42:51.288","availableEndTime":"2026-10-07 17:22:51.288"}
{"availableBeginTime":"2026-10-07 00:42:51.288","availableEndTime":"2026-10-07 17:22:51.288"}
{"availableBeginTime":"2026-10-07 00:42:51.288","availableEndTime":"2026-10-07 17:22:51.288"}
{"availableBeginTime":"2026-10-07 00:42:51.288","availableEndTime":"2026-10-07 17:22:51.288"}
{"availableBeginTime":"2026-10-07 00:42:51.288","availableEndTime":"2026-10-07 17:22:51.288"}
{"availableBeginTime":"2026-10-07 00:42:51.288","availableEndTime":"2026-10-07 17:22:51.288"}
{"availableBeginTime":"2026-10-07 00:42:51.288","availableEndTime":"2026-10-07 17:22:51.288"}
{"availableBeginTime":"2026-10-07 00:42:51.288","availableEndTime":"2026-10-07 17:22:51.288"}
{"availableBeginTime":"2026-10-07 00:42:51.288","availableEndTime":"2026-10-07 17:22:51.288"}
{"availableBeginTime":"2026-10-07 00:42:51.288","availableEndTime":"2026-10-07 17:22:51.288"}
{"availableBeginTime":"2026-10-07 00:42:51.288","availableEndTime":"2026-10-07 17:22:51.288"}
{"availableBeginTime":"2026-10-07 00:42:51.288","availableEndTime":"2026-10-07 17:22:51.288"}
{"availableBeginTime":"2026-10-07 00:42:51.288","availableEndTime":"2026-10-07 17:22:51.288"}
{"availableBeginTime":"2026-10-07 00:42:51.288","availableEndTime":"2026-10-07 17:22:51.288"}
{"availableBeginTime":"2026-10-07 00:42:51.288","availableEndTime":"2026-10-07 17:22:51.288"}
{"availableBeginTime":"2026-10-07 00:42:51.288","availableEndTime":"2026-10-07 17:22:51.288"}
{"availableBeginTime":"2026-10-07 00:42:51.288","availableEndTime":"2026-10-07 17:22:51.288"}
{"availableBeginTime":"2026-10-07 00:42:51.288","availableEndTime":"2026-10-07 17:22:51.288"}
{"availableBeginTime":"2026-10-07 00:42:51.288","availableEndTime":"2026-10-07 17:22:51.288"}
{"availableBeginTime":"2026-10-07 00:42:51.288","availableEndTime":"2026-10-07 17:22:51.288"}
{"availableBeginTime":"2026-10-07 00:42:51.288","availableEndTime":"2026-10-07 17:22:51.288"}
{"availableBeginTime":"2026-10-07 00:42:51.288","availableEndTime":"2026-10-07 17:22:51.288"}
{"availableBeginTime":"2026-10-07 00:42:51.288","availableEndTime":"2026-10-07 17:22:51.288"}
{"availableBeginTime":"2026-10-07 00:42:51.288","availableEndTime":"2026-10-07 17:22:51.288"}
{"availableBeginTime":"2026-10-07 00:42:51.288","availableEndTime":"2026-10-07 17:22:51.288"}
{"availableBeginTime":"2026-10-07 00:42:51.288","availableEndTime":"2026-10-07 17:22:51.288"}
{"availableBeginTime":"2026-10-07 00:42:51.288","availableEndTime":"2026-10-07 17:22:51.288"}
{"availableBeginTime":"2026-10-07 00:42:51.288","availableEndTime":"2026-10-07 17:22:51.288"}
{"availableBeginTime":"2026-10-07 00:42:51.288","availableEndTime":"2026-10-07 17:22:51.288"}
{"availableBeginTime":"2026-10-07 00:42:51.288","availableEndTime":"2026-10-07 17:22:51.288"}
{"availableBeginTime":"2026-10-07 00:42:51.288","availableEndTime":"2026-10-07 17:22:51.288"}
{"availableBeginTime":"2026-10-07 00:42:51.288","availableEndTime":"2026-10-07 17:22:51.288"}
{"availableBeginTime":"2026-10-07 00:42:51.288","availableEndTime":"2026-10-07 17:22:51.288"}
{"availableBeginTime":"2026-10-07 00:42:51.288","availableEndTime":"2026-10-07 17:22:51.288"}
{"availableBeginTime":"2026-10-07 00:42:51.288","availableEndTime":"2026-10-07 17:22:51.288"}
{"availableBeginTime":"2026-10-07 00:42:51.288","availableEndTime":"2026-10-07 17:22:51.288"}
{"availableBeginTime":"2026-10-07 00:42:51.288","availableEndTime":"2026-10-07 17:22:51.288"}
{"availableBeginTime":"2026-10-07 00:42:51.288","availableEndTime":"2026-10-07 17:22:51.288"}
{"availableBeginTime":"2026-10-07 00:42:51.288","availableEndTime":"2026-10-07 17:22:51.288"}
{"availableBeginTime":"2026-10-07 00:42:51.288","availableEndTime":"2026-10-07 17:22:51.288"}
{"availableBeginTime":"2026-10-07 00:42:51.288","availableEndTime":"2026-10-07 17:22:51.288"}
{"availableBeginTime":"2026-10-07 00:42:51.288","availableEndTime":"2026-10-07 17:22:51.288"}
{"availableBeginTime":"2026-10-07 00:42:51.288","availableEndTime":"2026-10-07 17:22:51.288"}
{"availableBeginTime":"2026-10-07 00:42:51.288","availableEndTime":"2026-10-07 17:22:51.288"}
{"availableBeginTime":"2026-10-07 00:42:51.288","availableEndTime":"2026-10-07 17:22:51.288"}
{"availableBeginTime":"2026-10-07 00:42:51.288","availableEndTime":"2026-10-07 17:22:51.288"}
{"availableBeginTime":"2026-10-07 00:42:51.288","availableEndTime":"2026-10-07 17:22:51.288"}
{"availableBeginTime":"2026-10-07 00:42:51.288","availableEndTime":"2026-10-07 17:22:51.288"}
{"availableBeginTime":"2026-10-07 00:42:51.288","availableEndTime":"2026-10-07 17:22:51.288"}
{"availableBeginTime":"2026-10-07 00:42:51.288","availableEndTime":"2026-10-07 17:22:51.288"}
{"availableBeginTime":"2026-10-07 00:42:51.288","availableEndTime":"2026-10-07 17:22:51.288"}
{"availableBeginTime":"2026-10-07 00:42:51.288","availableEndTime":"2026-10-07 17:22:51.288"}
{"availableBeginTime":"2026-10-07 00:42:51.288","availableEndTime":"2026-10-07 17:22:51.288"}
{"availableBeginTime":"2026-10-07 00:42:51.288","availableEndTime":"2026-10-07 17:22:51.288"}
{"availableBeginTime":"2026-10-07 00:42:51.288","availableEndTime":"2026-10-07 17:22:51.288"}
{"availableBeginTime":"2026-10-07 00:42:51.288","availableEndTime":"2026-10-07 17:22:51.288"}
{"availableBeginTime":"2026-10-07 00:42:51.288","availableEndTime":"2026-10-07 17:22:51.288"}
{"availableBeginTime":"2026-10-07 00:42:51.288","availableEndTime":"2026-10-07 17:22:51.288"}
{"availableBeginTime":"2026-10-07 00:42:51.288","availableEndTime":"2026-10-07 17:22:51.288"}
{"availableBeginTime":"2026-10-07 00:42:51.288","availableEndTime":"2026-10-07 17:22:51.288"}
{"availableBeginTime":"2026-10-07 00:42:51.288","availableEndTime":"2026-10-07 17:22:51.288"}
{"availableBeginTime":"2026-10-07 00:42:51.288","availableEndTime":"2026-10-07 17:22:51.288"}
{"availableBeginTime":"2026-10-07 00:42:51.288","availableEndTime":"2026-10-07 17:22:51.288"}
{"availableBeginTime":"2026-10-07 00:42:51.288","availableEndTime":"2026-10-07 17:22:51.288"}
{"availableBeginTime":"2026-10-07 00:42:51.288","availableEndTime":"2026-10-07 17:22:51.288"}
{"availableBeginTime":"2026-10-07 00:42:51.288","availableEndTime":"2026-10-07 17:22:51.288"}
{"availableBeginTime":"2026-10-07 00:42:51.288","availableEndTime":"2026-10-07 17:22:51.288"}
{"availableBeginTime":"2026-10-07 00:42:51.288","availableEndTime":"2026-10-07 17:22:51.288"}
{"availableBeginTime":"2026-10-07 00:42:51.288","availableEndTime":"2026-10-07 17:22:51.288"}
{"availableBeginTime":"2026-10-07 00:42:51.288","availableEndTime":"2026-10-07 17:22:51.288"}
{"availableBeginTime":"2026-10-07 00:42:51.288","availableEndTime":"2026-10-07 17:22:51.288"}
{"availableBeginTime":"2026-10-07 00:42:51.288","availableEndTime":"2026-10-07 17:22:51.288"}
{"availableBeginTime":"2026-10-07 00:42:51.288","availableEndTime":"2026-10-07 17:22:51.288"}
{"availableBeginTime":"2026-10-07 00:42:51.288","availableEndTime":"2026-10-07 17:22:51.288"}
{"availableBeginTime":"2026-10-07 00:42:51.288","availableEndTime":"2026-10-07 17:22:51.288"}
{"availableBeginTime":"2026-10-07 00:42:51.288","availableEndTime":"2026-10-07 17:22:51.288"}
{"availableBeginTime":"2026-10-07 00:42:51.288","availableEndTime":"2026-10-07 17:22:51.288"}
{"availableBeginTime":"2026-10-07 00:42:51.288","availableEndTime":"2026-10-07 17:22:51.288"}
{"availableBeginTime":"2026-10-07 00:42:51.288","availableEndTime":"2026-10-07 17:22:51.288"}
{"availableBeginTime":"2026-10-07 00:42:51.288","availableEndTime":"2026-10-07 17:22:51.288"}
{"availableBeginTime":"2026-10-07 00:42:51.288","availableEndTime":"2026-10-07 17:22:51.288"}
{"availableBeginTime":"2026-10-07 00:42:51.288","availableEndTime":"2026-10-07 17:22:51.288"}
{"availableBeginTime":"2026-10-07 00:42:51.288","availableEndTime":"2026-10-07 17:22:51.288"}
{"availableBeginTime":"2026-10-07 00:42:51.288","availableEndTime":"2026-10-07 17:22:51.288"}
{"availableBeginTime":"2026-10-07 00:42:51.288","availableEndTime":"2026-10-07 17:22:51.288"}
{"availableBeginTime":"2026-10-07 00:42:51.288","availableEndTime":"2026-10-07 17:22:51.288"}
{"availableBeginTime":"2026-10-07 00:42:51.288","availableEndTime":"2026-10-07 17:22:51.288"}
{"availableBeginTime":"2026-10-07 00:42:51.288","availableEndTime":"2026-10-07 17:22:51.288"}
{"availableBeginTime":"2026-10-07 00:42:51.288","availableEndTime":"2026-10-07 17:22:51.288"}
{"availableBeginTime":"2026-10-07 00:42:51.288","availableEndTime":"2026-10-07 17:22:51.288"}
{"availableBeginTime":"2026-10-07 00:42:51.288","availableEndTime":"2026-10-07 17:22:51.288"}
{"availableBeginTime":"2026-10-07 00:42:51.288","availableEndTime":"2026-10-07 17:22:51.288"}
{"availableBeginTime":"2026-10-07 00:42:51.288","availableEndTime":"2026-10-07 17:22:51.288"}
{"availableBeginTime":"2026-10-07 00:42:51.288","availableEndTime":"2026-10-07 17:22:51.288"}
{"availableBeginTime":"2026-10-07 00:42:51.288","availableEndTime":"2026-10-07 17:22:51.288"}
{"availableBeginTime":"2026-10-07 00:42:51.288","availableEndTime":"2026-10-07 17:22:51.288"}
{"availableBeginTime":"2026-10-07 00:42:51.288","availableEndTime":"2026-10-07 17:22:51.288"}
{"availableBeginTime":"2026-10-07 00:42:51.288","availableEndTime":"2026-10-07 17:22:51.288"}
{"availableBeginTime":"2026-10-07 00:42:51.288","availableEndTime":"2026-10-07 17:22:51.288"}
{"availableBeginTime":"2026-10-07 00:42:51.288","availableEndTime":"2026-10-07 17:22:51.288"}
{"availableBeginTime":"2026-10-07 00:42:51.288","availableEndTime":"2026-10-07 17:22:51.288"}
{"availableBeginTime":"2026-10-07 00:42:51.288","availableEndTime":"2026-10-07 17:22:51.288"}
{"availableBeginTime":"2026-10-07 00:42:51.288","availableEndTime":"2026-10-07 17:22:51.288"}
{"availableBeginTime":"2026-10-07 00:42:51.288","availableEndTime":"2026-10-07 17:22:51.288"}
{"availableBeginTime":"2026-10-07 00:42:51.288","availableEndTime":"2026-10-07 17:22:51.288"}
{"availableBeginTime":"2026-10-07 00:42:51.288","availableEndTime":"2026-10-07 17:22:51.288"}
{"availableBeginTime":"2026-10-07 00:42:51.288","availableEndTime":"2026-10-07 17:22:51.288"}
{"availableBeginTime":"2026-10-07 00:42:51.288","availableEndTime":"2026-10-07 17:22:51.288"}
{"availableBeginTime":"2026-10-07 00:42:51.288","availableEndTime":"2026-10-07 17:22:51.288"}
{"availableBeginTime":"2026-10-07 00:42:51.288","availableEndTime":"2026-10-07 17:22:51.288"}
{"availableBeginTime":"2026-10-07 00:42:51.288","availableEndTime":"2026-10-07 17:22:51.288"}
{"availableBeginTime":"2026-10-07 00:42:51.288","availableEndTime":"2026-10-07 17:22:51.288"}
{"availableBeginTime":"2026-10-07 00:42:51.288","availableEndTime":"2026-10-07 17:22:51.288"}
{"availableBeginTime":"2026-10-07 00:42:51.288","availableEndTime":"2026-10-07 17:22:51.288"}
{"availableBeginTime":"2026-10-07 00:42:51.288","availableEndTime":"2026-10-07 17:22:51.288"}
{"availableBeginTime":"2026-10-07 00:42:51.288","availableEndTime":"2026-10-07 17:22:51.288"}
{"availableBeginTime":"2026-10-07 00:42:51.288","availableEndTime":"2026-10-07 17:22:51.288"}
{"availableBeginTime":"2026-10-07 00:42:51.288","availableEndTime":"2026-10-07 17:22:51.288"}
{"availableBeginTime":"2026-10-07 00:42:51.288","availableEndTime":"2026-10-07 17:22:51.288"}
{"availableBeginTime":"2026-10-07 00:42:51.288","availableEndTime":"2026-10-07 17:22:51.288"}
{"availableBeginTime":"2026-10-07 00:42:51.288","availableEndTime":"2026-10-07 17:22:51.288"}
{"availableBeginTime":"2026-10-07 00:42:51.288","availableEndTime":"2026-10-07 17:22:51.288"}
{"availableBeginTime":"2026-10-07 00:42:51.288","availableEndTime":"2026-10-07 17:22:51.288"}
{"availableBeginTime":"2026-10-07 00:42:51.288","availableEndTime":"2026-10-07 17:22:51.288"}
{"availableBeginTime":"2026-10-07 00:42:51.288","availableEndTime":"2026-10-07 17:22:51.288"}
{"availableBeginTime":"2026-10-07 00:42:51.288","availableEndTime":"2026-10-07 17:22:51.288"}
{"availableBeginTime":"2026-10-07 00:42:51.288","availableEndTime":"2026-10-07 17:22:51.288"}
{"availableBeginTime":"2026-10-07 00:42:51.288","availableEndTime":"2026-10-07 17:22:51.288"}
{"availableBeginTime":"2026-10-07 00:42:51.288","availableEndTime":"2026-10-07 17:22:51.288"}
{"availableBeginTime":"2026-10-07 00:42:51.288","availableEndTime":"2026-10-07 17:22:51.288"}
{"availableBeginTime":"2026-10-07 00:42:51.288","availableEndTime":"2026-10-07 17:22:51.288"}
{"availableBeginTime":"2026-10-07 00:42:51.288","availableEndTime":"2026-10-07 17:22:51.288"}
{"availableBeginTime":"2026-10-07 00:42:51.288","availableEndTime":"2026-10-07 17:22:51.288"}
{"availableBeginTime":"2026-10-07 00:42:51.288","availableEndTime":"2026-10-07 17:22:51.288"}
{"availableBeginTime":"2026-10-07 00:42:51.288","availableEndTime":"2026-10-07 17:22:51.288"}
{"availableBeginTime":"2026-10-07 00:42:51.288","availableEndTime":"2026-10-07 17:22:51.288"}
{"availableBeginTime":"2026-10-07 00:42:51.288","availableEndTime":"2026-10-07 17:22:51.288"}
{"availableBeginTime":"2026-10-07 00:42:51.288","availableEndTime":"2026-10-07 17:22:51.288"}
{"availableBeginTime":"2026-10-07 00:42:51.288","availableEndTime":"2026-10-07 17:22:51.288"}
{"availableBeginTime":"2026-10-07 00:42:51.288","availableEndTime":"2026-10-07 17:22:51.288"}
{"availableBeginTime":"2026-10-07 00:42:51.288","availableEndTime":"2026-10-07 17:22:51.288"}
{"availableBeginTime":"2026-10-07 00:42:51.288","availableEndTime":"2026-10-07 17:22:51.288"}
{"availableBeginTime":"2026-10-07 00:42:51.288","availableEndTime":"2026-10-07 17:22:51.288"}
{"availableBeginTime":"2026-10-07 00:42:51.288","availableEndTime":"2026-10-07 17:22:51.288"}
{"availableBeginTime":"2026-10-07 00:42:51.288","availableEndTime":"2026-10-07 17:22:51.288"}
{"availableBeginTime":"2026-10-07 00:42:51.288","availableEndTime":"2026-10-07 17:22:51.288"}
{"availableBeginTime":"2026-10-07 00:42:51.288","availableEndTime":"2026-10-07 17:22:51.288"}
{"availableBeginTime":"2026-10-07 00:42:51.288","availableEndTime":"2026-10-07 17:22:51.288"}
{"availableBeginTime":"2026-10-07 00:42:51.288","availableEndTime":"2026-10-07 17:22:51.288"}
{"availableBeginTime":"2026-10-07 00:42:51.288","availableEndTime":"2026-10-07 17:22:51.288"}
{"availableBeginTime":"2026-10-07 00:42:51.288","availableEndTime":"2026-10-07 17:22:51.288"}
{"availableBeginTime":"2026-10-07 00:42:51.288","availableEndTime":"2026-10-07 17:22:51.288"}
{"availableBeginTime":"2026-10-07 00:42:51.288","availableEndTime":"2026-10-07 17:22:51.288"}
{"availableBeginTime":"2026-10-07 00:42:51.288","availableEndTime":"2026-10-07 17:22:51.288"}
{"availableBeginTime":"2026-10-07 00:42:51.288","availableEndTime":"2026-10-07 17:22:51.288"}
{"availableBeginTime":"2026-10-07 00:42:51.288","availableEndTime":"2026-10-07 17:22:51.288"}
{"availableBeginTime":"2026-10-07 00:42:51.288","availableEndTime":"2026-10-07 17:22:51.288"}
{"availableBeginTime":"2026-10-07 00:42:51.288","availableEndTime":"2026-10-07 17:22:51.288"}
{"availableBeginTime":"2026-10-07 00:42:51.288","availableEndTime":"2026-10-07 17:22:51.288"}
{"availableBeginTime":"2026-10-07 00:42:51.288","availableEndTime":"2026-10-07 17:22:51.288"}
{"availableBeginTime":"2026-10-07 00:42:51.288","availableEndTime":"2026-10-07 17:22:51.288"}
{"availableBeginTime":"2026-10-07 00:42:51.288","availableEndTime":"2026-10-07 17:22:51.288"}
{"availableBeginTime":"2026-10-07 00:42:51.288","availableEndTime":"2026-10-07 17:22:51.288"}
{"availableBeginTime":"2026-10-07 00:42:51.288","availableEndTime":"2026-10-07 17:22:51.288"}
{"availableBeginTime":"2026-10-07 00:42:51.288","availableEndTime":"2026-10-07 17:22:51.288"}
{"availableBeginTime":"2026-10-07 00:42:51.288","availableEndTime":"2026-10-07 17:22:51.288"}
{"availableBeginTime":"2026-10-07 00:42:51.288","availableEndTime":"2026-10-07 17:22:51.288"}
{"availableBeginTime":"2026-10-07 00:42:51.288","availableEndTime":"2026-10-07 17:22:51.288"}
{"availableBeginTime":"2026-10-07 00:42:51.288","availableEndTime":"2026-10-07 17:22:51.288"}
{"availableBeginTime":"2026-10-07 00:42:51.288","availableEndTime":"2026-10-07 17:22:51.288"}
{"availableBeginTime":"2026-10-07 00:42:51.288","availableEndTime":"2026-10-07 17:22:51.288"}
{"availableBeginTime":"2026-10-07 00:42:51.288","availableEndTime":"2026-10-07 17:22:51.288"}
{"availableBeginTime":"2026-10-07 00:42:51.288","availableEndTime":"2026-10-07 17:22:51.288"}
{"availableBeginTime":"2026-10-07 00:42:51.288","availableEndTime":"2026-10-07 17:22:51.288"}
{"availableBeginTime":"2026-10-07 00:42:51.288","availableEndTime":"2026-10-07 17:22:51.288"}
{"availableBeginTime":"2026-10-07 00:42:51.288","availableEndTime":"2026-10-07 17:22:51.288"}
{"availableBeginTime":"2026-10-07 00:42:51.288","availableEndTime":"2026-10-07 17:22:51.288"}
{"availableBeginTime":"2026-10-07 00:42:51.288","availableEndTime":"2026-10-07 17:22:51.288"}
{"availableBeginTime":"2026-10-07 00:42:51.288","availableEndTime":"2026-10-07 17:22:51.288"}
{"availableBeginTime":"2026-10-07 00:42:51.288","availableEndTime":"2026-10-07 17:22:51.288"}
{"availableBeginTime":"2026-10-07 00:42:51.288","availableEndTime":"2026-10-07 17:22:51.288"}
{"availableBeginTime":"2026-10-07 00:42:51.288","availableEndTime":"2026-10-07 17:22:51.288"}
{"availableBeginTime":"2026-10-07 00:42:51.288","availableEndTime":"2026-10-07 17:22:51.288"}
{"availableBeginTime":"2026-10-07 00:42:51.288","availableEndTime":"2026-10-07 17:22:51.288"}
{"availableBeginTime":"2026-10-07 00:42:51.288","availableEndTime":"2026-10-07 17:22:51.288"}
{"availableBeginTime":"2026-10-07 00:42:51.288","availableEndTime":"2026-10-07 17:22:51.288"}
{"availableBeginTime":"2026-10-07 00:42:51.288","availableEndTime":"2026-10-07 17:22:51.288"}
{"availableBeginTime":"2026-10-07 00:42:51.288","availableEndTime":"2026-10-07 17:22:51.288"}
{"availableBeginTime":"2026-10-07 00:42:51.288","availableEndTime":"2026-10-07 17:22:51.288"}
{"availableBeginTime":"2026-10-07 00:42:51.288","availableEndTime":"2026-10-07 17:22:51.288"}
{"availableBeginTime":"2026-10-07 00:42:51.288","availableEndTime":"2026-10-07 17:22:51.288"}
{"availableBeginTime":"2026-10-07 00:42:51.288","availableEndTime":"2026-10-07 17:22:51.288"}
{"availableBeginTime":"2026-10-07 00:42:51.288","availableEndTime":"2026-10-07 17:22:51.288"}
{"availableBeginTime":"2026-10-07 00:42:51.288","availableEndTime":"2026-10-07 17:22:51.288"}
{"availableBeginTime":"2026-10-07 00:42:51.288","availableEndTime":"2026-10-07 17:22:51.288"}
{"availableBeginTime":"2026-10-07 00:42:51.288","availableEndTime":"2026-10-07 17:22:51.288"}
{"availableBeginTime":"2026-10-07 00:42:51.288","availableEndTime":"2026-10-07 17:22:51.288"}
{"availableBeginTime":"2026-10-07 00:42:51.288","availableEndTime":"2026-10-07 17:22:51.288"}
{"availableBeginTime":"2026-10-07 00:42:51.288","availableEndTime":"2026-10-07 17:22:51.288"}
{"availableBeginTime":"2026-10-07 00:42:51.288","availableEndTime":"2026-10-07 17:22:51.288"}
{"availableBeginTime":"2026-10-07 00:42:51.288","availableEndTime":"2026-10-07 17:22:51.288"}
{"availableBeginTime":"2026-10-07 00:42:51.288","availableEndTime":"2026-10-07 17:22:51.288"}
{"availableBeginTime":"2026-10-07 00:42:51.288","availableEndTime":"2026-10-07 17:22:51.288"}
{"availableBeginTime":"2026-10-07 00:42:51.288","availableEndTime":"2026-10-07 17:22:51.288"}
{"availableBeginTime":"2026-10-07 00:42:51.288","availableEndTime":"2026-10-07 17:22:51.288"}
{"availableBeginTime":"2026-10-07 00:42:51.288","availableEndTime":"2026-10-07 17:22:51.288"}
{"availableBeginTime":"2026-10-07 00:42:51.288","availableEndTime":"2026-10-07 17:22:51.288"}
{"availableBeginTime":"2026-10-07 00:42:51.288","availableEndTime":"2026-10-07 17:22:51.288"}
{"availableBeginTime":"2026-10-07 00:42:51.288","availableEndTime":"2026-10-07 17:22:51.288"}
{"availableBeginTime":"2026-10-07 00:42:51.288","availableEndTime":"2026-10-07 17:22:51.288"}
{"availableBeginTime":"2026-10-07 00:42:51.288","availableEndTime":"2026-10-07 17:22:51.288"}
{"availableBeginTime":"2026-10-07 00:42:51.288","availableEndTime":"2026-10-07 17:22:51.288"}
{"availableBeginTime":"2026-10-07 00:42:51.288","availableEndTime":"2026-10-07 17:22:51.288"}
{"availableBeginTime":"2026-10-07 00:42:51.288","availableEndTime":"2026-10-07 17:22:51.288"}
{"availableBeginTime":"2026-10-07 00:42:51.288","availableEndTime":"2026-10-07 17:22:51.288"}
{"availableBeginTime":"2026-10-07 00:42:51.288","availableEndTime":"2026-10-07 17:22:51.288"}
{"availableBeginTime":"2026-10-07 00:42:51.288","availableEndTime":"2026-10-07 17:22:51.288"}
{"availableBeginTime":"2026-10-07 00:42:51.288","availableEndTime":"2026-10-07 17:22:51.288"}
{"availableBeginTime":"2026-10-07 00:42:51.288","availableEndTime":"2026-10-07 17:22:51.288"}
{"availableBeginTime":"2026-10-07 00:42:51.288","availableEndTime":"2026-10-07 17:22:51.288"}
{"availableBeginTime":"2026-10-07 00:42:51.288","availableEndTime":"2026-10-07 17:22:51.288"}
{"availableBeginTime":"2026-10-07 00:42:51.288","availableEndTime":"2026-10-07 17:22:51.288"}
{"availableBeginTime":"2026-10-07 00:42:51.288","availableEndTime":"2026-10-07 17:22:51.288"}
{"availableBeginTime":"2026-10-07 00:42:51.288","availableEndTime":"2026-10-07 17:22:51.288"}
{"availableBeginTime":"2026-10-07 00:42:51.288","availableEndTime":"2026-10-07 17:22:51.288"}
{"availableBeginTime":"2026-10-07 00:42:51.288","availableEndTime":"2026-10-07 17:22:51.288"}
{"availableBeginTime":"2026-10-07 00:42:51.288","availableEndTime":"2026-10-07 17:22:51.288"}
{"availableBeginTime":"2026-10-07 00:42:51.288","availableEndTime":"2026-10-07 17:22:51.288"}
{"availableBeginTime":"2026-10-07 00:42:51.288","availableEndTime":"2026-10-07 17:22:51.288"}
{"availableBeginTime":"2026-10-07 00:42:51.288","availableEndTime":"2026-10-07 17:22:51.288"}
{"availableBeginTime":"2026-10-07 00:42:51.288","availableEndTime":"2026-10-07 17:22:51.288"}
{"availableBeginTime":"2026-10-07 00:42:51.288","availableEndTime":"2026-10-07 17:22:51.288"}
{"availableBeginTime":"2026-10-07 00:42:51.288","availableEndTime":"2026-10-07 17:22:51.288"}
{"availableBeginTime":"2026-10-07 00:42:51.288","availableEndTime":"2026-10-07 17:22:51.288"}
{"availableBeginTime":"2026-10-07 00:42:51.288","availableEndTime":"2026-10-07 17:22:51.288"}
{"availableBeginTime":"2026-10-07 00:42:51.288","availableEndTime":"2026-10-07 17:22:51.288"}
{"availableBeginTime":"2026-10-07 00:42:51.288","availableEndTime":"2026-10-07 17:22:51.288"}
{"availableBeginTime":"2026-10-07 00:42:51.288","availableEndTime":"2026-10-07 17:22:51.288"}
{"availableBeginTime":"2026-10-07 00:42:51.288","availableEndTime":"2026-10-07 17:22:51.288"}
{"availableBeginTime":"2026-10-07 00:42:51.288","availableEndTime":"2026-10-07 17:22:51.288"}
{"availableBeginTime":"2026-10-07 00:42:51.288","availableEndTime":"2026-10-07 17:22:51.288"}
{"availableBeginTime":"2026-10-07 00:42:51.288","availableEndTime":"2026-10-07 17:22:51.288"}
{"availableBeginTime":"2026-10-07 00:42:51.288","availableEndTime":"2026-10-07 17:22:51.288"}
{"availableBeginTime":"2026-10-07 00:42:51.288","availableEndTime":"2026-10-07 17:22:51.288"}
{"availableBeginTime":"2026-10-07 00:42:51.288","availableEndTime":"2026-10-07 17:22:51.288"}
{"availableBeginTime":"2026-10-07 00:42:51.288","availableEndTime":"2026-10-07 17:22:51.288"}
{"availableBeginTime":"2026-10-07 00:42:51.288","availableEndTime":"2026-10-07 17:22:51.288"}
{"availableBeginTime":"2026-10-07 00:42:51.288","availableEndTime":"2026-10-07 17:22:51.288"}
{"availableBeginTime":"2026-10-07 00:42:51.288","availableEndTime":"2026-10-07 17:22:51.288"}
{"availableBeginTime":"2026-10-07 00:42:51.288","availableEndTime":"2026-10-07 17:22:51.288"}
{"availableBeginTime":"2026-10-07 00:42:51.288","availableEndTime":"2026-10-07 17:22:51.288"}
{"availableBeginTime":"2026-10-07 00:42:51.288","availableEndTime":"2026-10-07 17:22:51.288"}
{"availableBeginTime":"2026-10-07 00:42:51.288","availableEndTime":"2026-10-07 17:22:51.288"}
{"availableBeginTime":"2026-10-07 00:42:51.288","availableEndTime":"2026-10-07 17:22:51.288"}
{"availableBeginTime":"2026-10-07 00:42:51.288","availableEndTime":"2026-10-07 17:22:51.288"}
{"availableBeginTime":"2026-10-07 00:42:51.288","availableEndTime":"2026-10-07 17:22:51.288"}
{"availableBeginTime":"2026-10-07 00:42:51.288","availableEndTime":"2026-10-07 17:22:51.288"}
{"availableBeginTime":"2026-10-07 00:42:51.288","availableEndTime":"2026-10-07 17:22:51.288"}
{"availableBeginTime":"2026-10-07 00:42:51.288","availableEndTime":"2026-10-07 17:22:51.288"}
{"availableBeginTime":"2026-10-07 00:42:51.288","availableEndTime":"2026-10-07 17:22:51.288"}
{"availableBeginTime":"2026-10-07 00:42:51.288","availableEndTime":"2026-10-07 17:22:51.288"}
{"availableBeginTime":"2026-10-07 00:42:51.288","availableEndTime":"2026-10-07 17:22:51.288"}
{"availableBeginTime":"2026-10-07 00:42:51.288","availableEndTime":"2026-10-07 17:22:51.288"}
{"availableBeginTime":"2026-10-07 00:42:51.288","availableEndTime":"2026-10-07 17:22:51.288"}
{"availableBeginTime":"2026-10-07 00:42:51.288","availableEndTime":"2026-10-07 17:22:51.288"}
{"availableBeginTime":"2026-10-07 00:42:51.288","availableEndTime":"2026-10-07 17:22:51.288"}
{"availableBeginTime":"2026-10-07 00:42:51.288","availableEndTime":"2026-10-07 17:22:51.288"}
{"availableBeginTime":"2026-10-07 00:42:51.288","availableEndTime":"2026-10-07 17:22:51.288"}
{"availableBeginTime":"2026-10-07 00:42:51.288","availableEndTime":"2026-10-07 17:22:51.288"}
{"availableBeginTime":"2026-10-07 00:42:51.288","availableEndTime":"2026-10-07 17:22:51.288"}
{"availableBeginTime":"2026-10-07 00:42:51.288","availableEndTime":"2026-10-07 17:22:51.288"}
{"availableBeginTime":"2026-10-07 00:42:51.288","availableEndTime":"2026-10-07 17:22:51.288"}
{"availableBeginTime":"2026-10-07 00:42:51.288","availableEndTime":"2026-10-07 17:22:51.288"}
{"availableBeginTime":"2026-10-07 00:42:51.288","availableEndTime":"2026-10-07 17:22:51.288"}
{"availableBeginTime":"2026-10-07 00:42:51.288","availableEndTime":"2026-10-07 17:22:51.288"}
{"availableBeginTime":"2026-10-07 00:42:51.288","availableEndTime":"2026-10-07 17:22:51.288"}
{"availableBeginTime":"2026-10-07 00:42:51.288","availableEndTime":"2026-10-07 17:22:51.288"}
{"availableBeginTime":"2026-10-07 00:42:51.288","availableEndTime":"2026-10-07 17:22:51.288"}
{"@type":"com.alibaba.fastjson2.issues.Issue508$Xx","base":{"@type":"com.alibaba.fastjson2.issues.Issue508$Device","id":1,"name":"xxx"}}
Parsed date: Wed Oct 11 00:00:00 CST 2023
Formatted date: {"utilDate":"2023-10-11"}
Parsed time: Sun Jul 05 16:11:10 CST 169108099
Formatted time: {"utilTime":"16:11:10"}
Parsed time: Sun Jul 05 16:11:00 CST 169108099
Formatted time: {"utilTime":"16:11"}
Parsed date: Wed Oct 11 00:00:00 CST 2023
Formatted date: {"utilDate":"2023-10-11"}
{"@type":"com.alibaba.fastjson2.issues.Canal_Issue4186$1"}
{"code":"项目成员1","formatType":0,"id":"a368f1ff-8702-4d80-9cdf-5260b5fe0fdd","level":0}
[Issue255.TestBean(type=text, data={content=hello111}), Issue255.TestBean(type=text, data={content=hello222})]
[Issue255.TestBean(type=text, data={content=hello111}), Issue255.TestBean(type=text, data={content=hello222})]
{"child_count":8,"del_state":0,"display_level":2,"id":54,"item_index":46,"parent_id":1,"path":"/1/54/","phase_id":1,"title":"八年级上","update_time":1596423978669}
{
	"@type":"com.alibaba.fastjson2.issues.Issue752$Bean#0",
	"@value":{
		"param":[
			"int",
			"int"
		]
	}
}
{
	"@type":"com.alibaba.fastjson2.issues.Issue571$Sample",
	"@value":[
		[
			true,
			false,
			false,
			true
		],
		true,
		false,
		"asdfASDF",
		"!",
		"$",
		[
			-1.234,
			-1.23,
			-12.0,
			-1.0,
			0.0,
			1.0,
			12.0,
			1.23,
			1.234
		],
		1.234567,
		7.654321,
		[
			-12.34,
			-12.3,
			-12.0,
			-1.0,
			0.0,
			1.0,
			12.0,
			12.3,
			12.34
		],
		12.345,
		54.321,
		[
			-1234,
			-123,
			-12,
			-1,
			0,
			1,
			12,
			123,
			1234
		],
		123,
		321,
		[
			-123400,
			-12300,
			-1200,
			-100,
			0,
			100,
			1200,
			12300,
			123400
		],
		1230000,
		3210000,
		{"$ref":".."},
		[
			-1234,
			-123,
			-12,
			-1,
			0,
			1,
			12,
			123,
			1234
		],
		12345,
		32100,
		"ABCDEFGHIJKLMNOPQRSTUVWXYZ0123456789"
	]
}
[Ljava.lang.String;@6e145703
true
[[Ljava.lang.String;@121e3c62
true
[[Ljava.lang.String;@14d7d1a8
true
[[Ljava.lang.String;@1f4fc447
true
332
{
	"@type":"com.alibaba.fastjson2.codec.JSONBTableTest4$B10#0",
	"@value":{
		"items":{
			"@type":"A#1",
			"@value":[
				{
					"id":101,
					"name":"DataWorks"
				},
				{
					"id":102,
					"name":"MaxCompute"
				}
			]
		}
	}
}
[-110, 118, 99, 111, 109, 46, 97, 108, 105, 98, 97, 98, 97, 46, 102, 97, 115, 116, 106, 115, 111, 110, 50, 46, 99, 111, 100, 101, 99, 46, 74, 83, 79, 78, 66, 84, 97, 98, 108, 101, 84, 101, 115, 116, 52, 36, 66, 0, -90, 78, 105, 116, 101, 109, 115, -106, -110, 121, 56, 48, 99, 111, 109, 46, 97, 108, 105, 98, 97, 98, 97, 46, 102, 97, 115, 116, 106, 115, 111, 110, 50, 46, 99, 111, 100, 101, 99, 46, 74, 83, 79, 78, 66, 84, 97, 98, 108, 101, 84, 101, 115, 116, 52, 36, 73, 116, 101, 109, 1, -90, 75, 105, 100, 56, 101, 77, 110, 97, 109, 101, 82, 68, 97, 116, 97, 87, 111, 114, 107, 115, -91, -110, 1, -90, 75, 105, 100, 56, 102, 77, 110, 97, 109, 101, 83, 77, 97, 120, 67, 111, 109, 112, 117, 116, 101, -91, -91]
{
	"@type":"com.alibaba.fastjson2.codec.RefTest7$Bean#0",
	"@value":{
		"values":{
			{
				"@type":"com.alibaba.fastjson2.codec.RefTest7$Key#1",
				"@value":{}
			}:{}
		},
		"values1":{
			{
				"@type":"#1",
				"@value":{}
			}:{"$ref":"$.values[0]"}
		}
	}
}
[StackTest.Node()]
[{"name":"DataWorks","id":101},{"id":102}]
{
	"actualTypeArguments":[
		"java.lang.String",
		"java.lang.String"
	],
	"rawType":"java.util.Map"
}
{
	"@type":"IllegalStateException#0",
	"@value":{
		"stackTrace":[
			{
				"fileName":"ExceptionTest.java",
				"lineNumber":61,
				"className":"com.alibaba.fastjson2.codec.ExceptionTest",
				"methodName":"test_exception_jsonb_fieldBased"
			},
			{
				"fileName":"DirectMethodHandleAccessor.java",
				"lineNumber":104,
				"className":"jdk.internal.reflect.DirectMethodHandleAccessor",
				"methodName":"invoke"
			},
			{
				"fileName":"Method.java",
				"lineNumber":565,
				"className":"java.lang.reflect.Method",
				"methodName":"invoke"
			},
			{
				"fileName":"ReflectionUtils.java",
				"lineNumber":787,
				"className":"org.junit.platform.commons.util.ReflectionUtils",
				"methodName":"invokeMethod"
			},
			{
				"fileName":"ReflectionSupport.java",
				"lineNumber":478,
				"className":"org.junit.platform.commons.support.ReflectionSupport",
				"methodName":"invokeMethod"
			},
			{
				"fileName":"MethodInvocation.java",
				"lineNumber":60,
				"className":"org.junit.jupiter.engine.execution.MethodInvocation",
				"methodName":"proceed"
			},
			{
				"fileName":"InvocationInterceptorChain.java",
				"lineNumber":131,
				"className":"org.junit.jupiter.engine.execution.InvocationInterceptorChain$ValidatingInvocation",
				"methodName":"proceed"
			},
			{
				"fileName":"TimeoutExtension.java",
				"lineNumber":161,
				"className":"org.junit.jupiter.engine.extension.TimeoutExtension",
				"methodName":"intercept"
			},
			{
				"fileName":"TimeoutExtension.java",
				"lineNumber":152,
				"className":"org.junit.jupiter.engine.extension.TimeoutExtension",
				"methodName":"interceptTestableMethod"
			},
			{
				"fileName":"TimeoutExtension.java",
				"lineNumber":91,
				"className":"org.junit.jupiter.engine.extension.TimeoutExtension",
				"methodName":"interceptTestMethod"
			},
			{
				"fileName":"InterceptingExecutableInvoker.java",
				"lineNumber":112,
				"className":"org.junit.jupiter.engine.execution.InterceptingExecutableInvoker$ReflectiveInterceptorCall",
				"methodName":"lambda$ofVoidMethod$0"
			},
			{
				"fileName":"InterceptingExecutableInvoker.java",
				"lineNumber":94,
				"className":"org.junit.jupiter.engine.execution.InterceptingExecutableInvoker",
				"methodName":"lambda$invoke$0"
			},
			{
				"fileName":"InvocationInterceptorChain.java",
				"lineNumber":106,
				"className":"org.junit.jupiter.engine.execution.InvocationInterceptorChain$InterceptedInvocation",
				"methodName":"proceed"
			},
			{
				"fileName":"InvocationInterceptorChain.java",
				"lineNumber":64,
				"className":"org.junit.jupiter.engine.execution.InvocationInterceptorChain",
				"methodName":"proceed"
			},
			{
				"fileName":"InvocationInterceptorChain.java",
				"lineNumber":45,
				"className":"org.junit.jupiter.engine.execution.InvocationInterceptorChain",
				"methodName":"chainAndInvoke"
			},
			{
				"fileName":"InvocationInterceptorChain.java",
				"lineNumber":37,
				"className":"org.junit.jupiter.engine.execution.InvocationInterceptorChain",
				"methodName":"invoke"
			},
			{
				"fileName":"InterceptingExecutableInvoker.java",
				"lineNumber":93,
				"className":"org.junit.jupiter.engine.execution.InterceptingExecutableInvoker",
				"methodName":"invoke"
			},
			{
				"fileName":"InterceptingExecutableInvoker.java",
				"lineNumber":87,
				"className":"org.junit.jupiter.engine.execution.InterceptingExecutableInvoker",
				"methodName":"invoke"
			},
			{
				"fileName":"TestMethodTestDescriptor.java",
				"lineNumber":221,
				"className":"org.junit.jupiter.engine.descriptor.TestMethodTestDescriptor",
				"methodName":"lambda$invokeTestMethod$4"
			},
			{
				"fileName":"ThrowableCollector.java",
				"lineNumber":73,
				"className":"org.junit.platform.engine.support.hierarchical.ThrowableCollector",
				"methodName":"execute"
			},
			{
				"fileName":"TestMethodTestDescriptor.java",
				"lineNumber":217,
				"className":"org.junit.jupiter.engine.descriptor.TestMethodTestDescriptor",
				"methodName":"invokeTestMethod"
			},
			{
				"fileName":"TestMethodTestDescriptor.java",
				"lineNumber":159,
				"className":"org.junit.jupiter.engine.descriptor.TestMethodTestDescriptor",
				"methodName":"execute"
			},
			{
				"fileName":"TestMethodTestDescriptor.java",
				"lineNumber":70,
				"className":"org.junit.jupiter.engine.descriptor.TestMethodTestDescriptor",
				"methodName":"execute"
			},
			{
				"fileName":"NodeTestTask.java",
				"lineNumber":157,
				"className":"org.junit.platform.engine.support.hierarchical.NodeTestTask",
				"methodName":"lambda$executeRecursively$6"
			},
			{
				"fileName":"ThrowableCollector.java",
				"lineNumber":73,
				"className":"org.junit.platform.engine.support.hierarchical.ThrowableCollector",
				"methodName":"execute"
			},
			{
				"fileName":"NodeTestTask.java",
				"lineNumber":147,
				"className":"org.junit.platform.engine.support.hierarchical.NodeTestTask",
				"methodName":"lambda$executeRecursively$8"
			},
			{
				"fileName":"Node.java",
				"lineNumber":137,
				"className":"org.junit.platform.engine.support.hierarchical.Node",
				"methodName":"around"
			},
			{
				"fileName":"NodeTestTask.java",
				"lineNumber":145,
				"className":"org.junit.platform.engine.support.hierarchical.NodeTestTask",
				"methodName":"lambda$executeRecursively$9"
			},
			{
				"fileName":"ThrowableCollector.java",
				"lineNumber":73,
				"className":"org.junit.platform.engine.support.hierarchical.ThrowableCollector",
				"methodName":"execute"
			},
			{
				"fileName":"NodeTestTask.java",
				"lineNumber":144,
				"className":"org.junit.platform.engine.support.hierarchical.NodeTestTask",
				"methodName":"executeRecursively"
			},
			{
				"fileName":"NodeTestTask.java",
				"lineNumber":101,
				"className":"org.junit.platform.engine.support.hierarchical.NodeTestTask",
				"methodName":"execute"
			},
			{
				"fileName":"ArrayList.java",
				"lineNumber":1604,
				"className":"java.util.ArrayList",
				"methodName":"forEach"
			},
			{
				"fileName":"SameThreadHierarchicalTestExecutorService.java",
				"lineNumber":41,
				"className":"org.junit.platform.engine.support.hierarchical.SameThreadHierarchicalTestExecutorService",
				"methodName":"invokeAll"
			},
			{
				"fileName":"NodeTestTask.java",
				"lineNumber":161,
				"className":"org.junit.platform.engine.support.hierarchical.NodeTestTask",
				"methodName":"lambda$executeRecursively$6"
			},
			{
				"fileName":"ThrowableCollector.java",
				"lineNumber":73,
				"className":"org.junit.platform.engine.support.hierarchical.ThrowableCollector",
				"methodName":"execute"
			},
			{
				"fileName":"NodeTestTask.java",
				"lineNumber":147,
				"className":"org.junit.platform.engine.support.hierarchical.NodeTestTask",
				"methodName":"lambda$executeRecursively$8"
			},
			{
				"fileName":"Node.java",
				"lineNumber":137,
				"className":"org.junit.platform.engine.support.hierarchical.Node",
				"methodName":"around"
			},
			{
				"fileName":"NodeTestTask.java",
				"lineNumber":145,
				"className":"org.junit.platform.engine.support.hierarchical.NodeTestTask",
				"methodName":"lambda$executeRecursively$9"
			},
			{
				"fileName":"ThrowableCollector.java",
				"lineNumber":73,
				"className":"org.junit.platform.engine.support.hierarchical.ThrowableCollector",
				"methodName":"execute"
			},
			{
				"fileName":"NodeTestTask.java",
				"lineNumber":144,
				"className":"org.junit.platform.engine.support.hierarchical.NodeTestTask",
				"methodName":"executeRecursively"
			},
			{
				"fileName":"NodeTestTask.java",
				"lineNumber":101,
				"className":"org.junit.platform.engine.support.hierarchical.NodeTestTask",
				"methodName":"execute"
			},
			{
				"fileName":"ArrayList.java",
				"lineNumber":1604,
				"className":"java.util.ArrayList",
				"methodName":"forEach"
			},
			{
				"fileName":"SameThreadHierarchicalTestExecutorService.java",
				"lineNumber":41,
				"className":"org.junit.platform.engine.support.hierarchical.SameThreadHierarchicalTestExecutorService",
				"methodName":"invokeAll"
			},
			{
				"fileName":"NodeTestTask.java",
				"lineNumber":161,
				"className":"org.junit.platform.engine.support.hierarchical.NodeTestTask",
				"methodName":"lambda$executeRecursively$6"
			},
			{
				"fileName":"ThrowableCollector.java",
				"lineNumber":73,
				"className":"org.junit.platform.engine.support.hierarchical.ThrowableCollector",
				"methodName":"execute"
			},
			{
				"fileName":"NodeTestTask.java",
				"lineNumber":147,
				"className":"org.junit.platform.engine.support.hierarchical.NodeTestTask",
				"methodName":"lambda$executeRecursively$8"
			},
			{
				"fileName":"Node.java",
				"lineNumber":137,
				"className":"org.junit.platform.engine.support.hierarchical.Node",
				"methodName":"around"
			},
			{
				"fileName":"NodeTestTask.java",
				"lineNumber":145,
				"className":"org.junit.platform.engine.support.hierarchical.NodeTestTask",
				"methodName":"lambda$executeRecursively$9"
			},
			{
				"fileName":"ThrowableCollector.java",
				"lineNumber":73,
				"className":"org.junit.platform.engine.support.hierarchical.ThrowableCollector",
				"methodName":"execute"
			},
			{
				"fileName":"NodeTestTask.java",
				"lineNumber":144,
				"className":"org.junit.platform.engine.support.hierarchical.NodeTestTask",
				"methodName":"executeRecursively"
			},
			{
				"fileName":"NodeTestTask.java",
				"lineNumber":101,
				"className":"org.junit.platform.engine.support.hierarchical.NodeTestTask",
				"methodName":"execute"
			},
			{
				"fileName":"SameThreadHierarchicalTestExecutorService.java",
				"lineNumber":35,
				"className":"org.junit.platform.engine.support.hierarchical.SameThreadHierarchicalTestExecutorService",
				"methodName":"submit"
			},
			{
				"fileName":"HierarchicalTestExecutor.java",
				"lineNumber":57,
				"className":"org.junit.platform.engine.support.hierarchical.HierarchicalTestExecutor",
				"methodName":"execute"
			},
			{
				"fileName":"HierarchicalTestEngine.java",
				"lineNumber":54,
				"className":"org.junit.platform.engine.support.hierarchical.HierarchicalTestEngine",
				"methodName":"execute"
			},
			{
				"fileName":"EngineExecutionOrchestrator.java",
				"lineNumber":230,
				"className":"org.junit.platform.launcher.core.EngineExecutionOrchestrator",
				"methodName":"executeEngine"
			},
			{
				"fileName":"EngineExecutionOrchestrator.java",
				"lineNumber":204,
				"className":"org.junit.platform.launcher.core.EngineExecutionOrchestrator",
				"methodName":"failOrExecuteEngine"
			},
			{
				"fileName":"EngineExecutionOrchestrator.java",
				"lineNumber":172,
				"className":"org.junit.platform.launcher.core.EngineExecutionOrchestrator",
				"methodName":"execute"
			},
			{
				"fileName":"EngineExecutionOrchestrator.java",
				"lineNumber":101,
				"className":"org.junit.platform.launcher.core.EngineExecutionOrchestrator",
				"methodName":"execute"
			},
			{
				"fileName":"EngineExecutionOrchestrator.java",
				"lineNumber":64,
				"className":"org.junit.platform.launcher.core.EngineExecutionOrchestrator",
				"methodName":"lambda$execute$0"
			},
			{
				"fileName":"EngineExecutionOrchestrator.java",
				"lineNumber":150,
				"className":"org.junit.platform.launcher.core.EngineExecutionOrchestrator",
				"methodName":"withInterceptedStreams"
			},
			{
				"fileName":"EngineExecutionOrchestrator.java",
				"lineNumber":63,
				"className":"org.junit.platform.launcher.core.EngineExecutionOrchestrator",
				"methodName":"execute"
			},
			{
				"fileName":"DefaultLauncher.java",
				"lineNumber":109,
				"className":"org.junit.platform.launcher.core.DefaultLauncher",
				"methodName":"execute"
			},
			{
				"fileName":"DefaultLauncher.java",
				"lineNumber":91,
				"className":"org.junit.platform.launcher.core.DefaultLauncher",
				"methodName":"execute"
			},
			{
				"fileName":"DelegatingLauncher.java",
				"lineNumber":47,
				"className":"org.junit.platform.launcher.core.DelegatingLauncher",
				"methodName":"execute"
			},
			{
				"fileName":"InterceptingLauncher.java",
				"lineNumber":39,
				"className":"org.junit.platform.launcher.core.InterceptingLauncher",
				"methodName":"lambda$execute$1"
			},
			{
				"fileName":"ClasspathAlignmentCheckingLauncherInterceptor.java",
				"lineNumber":25,
				"className":"org.junit.platform.launcher.core.ClasspathAlignmentCheckingLauncherInterceptor",
				"methodName":"intercept"
			},
			{
				"fileName":"InterceptingLauncher.java",
				"lineNumber":38,
				"className":"org.junit.platform.launcher.core.InterceptingLauncher",
				"methodName":"execute"
			},
			{
				"fileName":"DelegatingLauncher.java",
				"lineNumber":47,
				"className":"org.junit.platform.launcher.core.DelegatingLauncher",
				"methodName":"execute"
			},
			{
				"fileName":"LazyLauncher.java",
				"lineNumber":56,
				"className":"org.apache.maven.surefire.junitplatform.LazyLauncher",
				"methodName":"execute"
			},
			{
				"fileName":"JUnitPlatformProvider.java",
				"lineNumber":194,
				"className":"org.apache.maven.surefire.junitplatform.JUnitPlatformProvider",
				"methodName":"execute"
			},
			{
				"fileName":"JUnitPlatformProvider.java",
				"lineNumber":150,
				"className":"org.apache.maven.surefire.junitplatform.JUnitPlatformProvider",
				"methodName":"invokeAllTests"
			},
			{
				"fileName":"JUnitPlatformProvider.java",
				"lineNumber":124,
				"className":"org.apache.maven.surefire.junitplatform.JUnitPlatformProvider",
				"methodName":"invoke"
			},
			{
				"fileName":"ForkedBooter.java",
				"lineNumber":385,
				"className":"org.apache.maven.surefire.booter.ForkedBooter",
				"methodName":"runSuitesInProcess"
			},
			{
				"fileName":"ForkedBooter.java",
				"lineNumber":162,
				"className":"org.apache.maven.surefire.booter.ForkedBooter",
				"methodName":"execute"
			},
			{
				"fileName":"ForkedBooter.java",
				"lineNumber":507,
				"className":"org.apache.maven.surefire.booter.ForkedBooter",
				"methodName":"run"
			},
			{
				"fileName":"ForkedBooter.java",
				"lineNumber":495,
				"className":"org.apache.maven.surefire.booter.ForkedBooter",
				"methodName":"main"
			}
		],
		"suppressedExceptions":{
			"@type":"java.util.Collections$EmptyList#1",
			"@value":[]
		}
	}
}
{
	"@type":"java.time.format.DateTimeParseException#0",
	"@value":{
		"detailMessage":"aaa",
		"errorIndex":1,
		"parsedString":"bbb",
		"stackTrace":[
			{
				"fileName":"ExceptionTest.java",
				"lineNumber":76,
				"className":"com.alibaba.fastjson2.codec.ExceptionTest",
				"methodName":"test_exception_jsonb_fieldBased_1"
			},
			{
				"fileName":"DirectMethodHandleAccessor.java",
				"lineNumber":104,
				"className":"jdk.internal.reflect.DirectMethodHandleAccessor",
				"methodName":"invoke"
			},
			{
				"fileName":"Method.java",
				"lineNumber":565,
				"className":"java.lang.reflect.Method",
				"methodName":"invoke"
			},
			{
				"fileName":"ReflectionUtils.java",
				"lineNumber":787,
				"className":"org.junit.platform.commons.util.ReflectionUtils",
				"methodName":"invokeMethod"
			},
			{
				"fileName":"ReflectionSupport.java",
				"lineNumber":478,
				"className":"org.junit.platform.commons.support.ReflectionSupport",
				"methodName":"invokeMethod"
			},
			{
				"fileName":"MethodInvocation.java",
				"lineNumber":60,
				"className":"org.junit.jupiter.engine.execution.MethodInvocation",
				"methodName":"proceed"
			},
			{
				"fileName":"InvocationInterceptorChain.java",
				"lineNumber":131,
				"className":"org.junit.jupiter.engine.execution.InvocationInterceptorChain$ValidatingInvocation",
				"methodName":"proceed"
			},
			{
				"fileName":"TimeoutExtension.java",
				"lineNumber":161,
				"className":"org.junit.jupiter.engine.extension.TimeoutExtension",
				"methodName":"intercept"
			},
			{
				"fileName":"TimeoutExtension.java",
				"lineNumber":152,
				"className":"org.junit.jupiter.engine.extension.TimeoutExtension",
				"methodName":"interceptTestableMethod"
			},
			{
				"fileName":"TimeoutExtension.java",
				"lineNumber":91,
				"className":"org.junit.jupiter.engine.extension.TimeoutExtension",
				"methodName":"interceptTestMethod"
			},
			{
				"fileName":"InterceptingExecutableInvoker.java",
				"lineNumber":112,
				"className":"org.junit.jupiter.engine.execution.InterceptingExecutableInvoker$ReflectiveInterceptorCall",
				"methodName":"lambda$ofVoidMethod$0"
			},
			{
				"fileName":"InterceptingExecutableInvoker.java",
				"lineNumber":94,
				"className":"org.junit.jupiter.engine.execution.InterceptingExecutableInvoker",
				"methodName":"lambda$invoke$0"
			},
			{
				"fileName":"InvocationInterceptorChain.java",
				"lineNumber":106,
				"className":"org.junit.jupiter.engine.execution.InvocationInterceptorChain$InterceptedInvocation",
				"methodName":"proceed"
			},
			{
				"fileName":"InvocationInterceptorChain.java",
				"lineNumber":64,
				"className":"org.junit.jupiter.engine.execution.InvocationInterceptorChain",
				"methodName":"proceed"
			},
			{
				"fileName":"InvocationInterceptorChain.java",
				"lineNumber":45,
				"className":"org.junit.jupiter.engine.execution.InvocationInterceptorChain",
				"methodName":"chainAndInvoke"
			},
			{
				"fileName":"InvocationInterceptorChain.java",
				"lineNumber":37,
				"className":"org.junit.jupiter.engine.execution.InvocationInterceptorChain",
				"methodName":"invoke"
			},
			{
				"fileName":"InterceptingExecutableInvoker.java",
				"lineNumber":93,
				"className":"org.junit.jupiter.engine.execution.InterceptingExecutableInvoker",
				"methodName":"invoke"
			},
			{
				"fileName":"InterceptingExecutableInvoker.java",
				"lineNumber":87,
				"className":"org.junit.jupiter.engine.execution.InterceptingExecutableInvoker",
				"methodName":"invoke"
			},
			{
				"fileName":"TestMethodTestDescriptor.java",
				"lineNumber":221,
				"className":"org.junit.jupiter.engine.descriptor.TestMethodTestDescriptor",
				"methodName":"lambda$invokeTestMethod$4"
			},
			{
				"fileName":"ThrowableCollector.java",
				"lineNumber":73,
				"className":"org.junit.platform.engine.support.hierarchical.ThrowableCollector",
				"methodName":"execute"
			},
			{
				"fileName":"TestMethodTestDescriptor.java",
				"lineNumber":217,
				"className":"org.junit.jupiter.engine.descriptor.TestMethodTestDescriptor",
				"methodName":"invokeTestMethod"
			},
			{
				"fileName":"TestMethodTestDescriptor.java",
				"lineNumber":159,
				"className":"org.junit.jupiter.engine.descriptor.TestMethodTestDescriptor",
				"methodName":"execute"
			},
			{
				"fileName":"TestMethodTestDescriptor.java",
				"lineNumber":70,
				"className":"org.junit.jupiter.engine.descriptor.TestMethodTestDescriptor",
				"methodName":"execute"
			},
			{
				"fileName":"NodeTestTask.java",
				"lineNumber":157,
				"className":"org.junit.platform.engine.support.hierarchical.NodeTestTask",
				"methodName":"lambda$executeRecursively$6"
			},
			{
				"fileName":"ThrowableCollector.java",
				"lineNumber":73,
				"className":"org.junit.platform.engine.support.hierarchical.ThrowableCollector",
				"methodName":"execute"
			},
			{
				"fileName":"NodeTestTask.java",
				"lineNumber":147,
				"className":"org.junit.platform.engine.support.hierarchical.NodeTestTask",
				"methodName":"lambda$executeRecursively$8"
			},
			{
				"fileName":"Node.java",
				"lineNumber":137,
				"className":"org.junit.platform.engine.support.hierarchical.Node",
				"methodName":"around"
			},
			{
				"fileName":"NodeTestTask.java",
				"lineNumber":145,
				"className":"org.junit.platform.engine.support.hierarchical.NodeTestTask",
				"methodName":"lambda$executeRecursively$9"
			},
			{
				"fileName":"ThrowableCollector.java",
				"lineNumber":73,
				"className":"org.junit.platform.engine.support.hierarchical.ThrowableCollector",
				"methodName":"execute"
			},
			{
				"fileName":"NodeTestTask.java",
				"lineNumber":144,
				"className":"org.junit.platform.engine.support.hierarchical.NodeTestTask",
				"methodName":"executeRecursively"
			},
			{
				"fileName":"NodeTestTask.java",
				"lineNumber":101,
				"className":"org.junit.platform.engine.support.hierarchical.NodeTestTask",
				"methodName":"execute"
			},
			{
				"fileName":"ArrayList.java",
				"lineNumber":1604,
				"className":"java.util.ArrayList",
				"methodName":"forEach"
			},
			{
				"fileName":"SameThreadHierarchicalTestExecutorService.java",
				"lineNumber":41,
				"className":"org.junit.platform.engine.support.hierarchical.SameThreadHierarchicalTestExecutorService",
				"methodName":"invokeAll"
			},
			{
				"fileName":"NodeTestTask.java",
				"lineNumber":161,
				"className":"org.junit.platform.engine.support.hierarchical.NodeTestTask",
				"methodName":"lambda$executeRecursively$6"
			},
			{
				"fileName":"ThrowableCollector.java",
				"lineNumber":73,
				"className":"org.junit.platform.engine.support.hierarchical.ThrowableCollector",
				"methodName":"execute"
			},
			{
				"fileName":"NodeTestTask.java",
				"lineNumber":147,
				"className":"org.junit.platform.engine.support.hierarchical.NodeTestTask",
				"methodName":"lambda$executeRecursively$8"
			},
			{
				"fileName":"Node.java",
				"lineNumber":137,
				"className":"org.junit.platform.engine.support.hierarchical.Node",
				"methodName":"around"
			},
			{
				"fileName":"NodeTestTask.java",
				"lineNumber":145,
				"className":"org.junit.platform.engine.support.hierarchical.NodeTestTask",
				"methodName":"lambda$executeRecursively$9"
			},
			{
				"fileName":"ThrowableCollector.java",
				"lineNumber":73,
				"className":"org.junit.platform.engine.support.hierarchical.ThrowableCollector",
				"methodName":"execute"
			},
			{
				"fileName":"NodeTestTask.java",
				"lineNumber":144,
				"className":"org.junit.platform.engine.support.hierarchical.NodeTestTask",
				"methodName":"executeRecursively"
			},
			{
				"fileName":"NodeTestTask.java",
				"lineNumber":101,
				"className":"org.junit.platform.engine.support.hierarchical.NodeTestTask",
				"methodName":"execute"
			},
			{
				"fileName":"ArrayList.java",
				"lineNumber":1604,
				"className":"java.util.ArrayList",
				"methodName":"forEach"
			},
			{
				"fileName":"SameThreadHierarchicalTestExecutorService.java",
				"lineNumber":41,
				"className":"org.junit.platform.engine.support.hierarchical.SameThreadHierarchicalTestExecutorService",
				"methodName":"invokeAll"
			},
			{
				"fileName":"NodeTestTask.java",
				"lineNumber":161,
				"className":"org.junit.platform.engine.support.hierarchical.NodeTestTask",
				"methodName":"lambda$executeRecursively$6"
			},
			{
				"fileName":"ThrowableCollector.java",
				"lineNumber":73,
				"className":"org.junit.platform.engine.support.hierarchical.ThrowableCollector",
				"methodName":"execute"
			},
			{
				"fileName":"NodeTestTask.java",
				"lineNumber":147,
				"className":"org.junit.platform.engine.support.hierarchical.NodeTestTask",
				"methodName":"lambda$executeRecursively$8"
			},
			{
				"fileName":"Node.java",
				"lineNumber":137,
				"className":"org.junit.platform.engine.support.hierarchical.Node",
				"methodName":"around"
			},
			{
				"fileName":"NodeTestTask.java",
				"lineNumber":145,
				"className":"org.junit.platform.engine.support.hierarchical.NodeTestTask",
				"methodName":"lambda$executeRecursively$9"
			},
			{
				"fileName":"ThrowableCollector.java",
				"lineNumber":73,
				"className":"org.junit.platform.engine.support.hierarchical.ThrowableCollector",
				"methodName":"execute"
			},
			{
				"fileName":"NodeTestTask.java",
				"lineNumber":144,
				"className":"org.junit.platform.engine.support.hierarchical.NodeTestTask",
				"methodName":"executeRecursively"
			},
			{
				"fileName":"NodeTestTask.java",
				"lineNumber":101,
				"className":"org.junit.platform.engine.support.hierarchical.NodeTestTask",
				"methodName":"execute"
			},
			{
				"fileName":"SameThreadHierarchicalTestExecutorService.java",
				"lineNumber":35,
				"className":"org.junit.platform.engine.support.hierarchical.SameThreadHierarchicalTestExecutorService",
				"methodName":"submit"
			},
			{
				"fileName":"HierarchicalTestExecutor.java",
				"lineNumber":57,
				"className":"org.junit.platform.engine.support.hierarchical.HierarchicalTestExecutor",
				"methodName":"execute"
			},
			{
				"fileName":"HierarchicalTestEngine.java",
				"lineNumber":54,
				"className":"org.junit.platform.engine.support.hierarchical.HierarchicalTestEngine",
				"methodName":"execute"
			},
			{
				"fileName":"EngineExecutionOrchestrator.java",
				"lineNumber":230,
				"className":"org.junit.platform.launcher.core.EngineExecutionOrchestrator",
				"methodName":"executeEngine"
			},
			{
				"fileName":"EngineExecutionOrchestrator.java",
				"lineNumber":204,
				"className":"org.junit.platform.launcher.core.EngineExecutionOrchestrator",
				"methodName":"failOrExecuteEngine"
			},
			{
				"fileName":"EngineExecutionOrchestrator.java",
				"lineNumber":172,
				"className":"org.junit.platform.launcher.core.EngineExecutionOrchestrator",
				"methodName":"execute"
			},
			{
				"fileName":"EngineExecutionOrchestrator.java",
				"lineNumber":101,
				"className":"org.junit.platform.launcher.core.EngineExecutionOrchestrator",
				"methodName":"execute"
			},
			{
				"fileName":"EngineExecutionOrchestrator.java",
				"lineNumber":64,
				"className":"org.junit.platform.launcher.core.EngineExecutionOrchestrator",
				"methodName":"lambda$execute$0"
			},
			{
				"fileName":"EngineExecutionOrchestrator.java",
				"lineNumber":150,
				"className":"org.junit.platform.launcher.core.EngineExecutionOrchestrator",
				"methodName":"withInterceptedStreams"
			},
			{
				"fileName":"EngineExecutionOrchestrator.java",
				"lineNumber":63,
				"className":"org.junit.platform.launcher.core.EngineExecutionOrchestrator",
				"methodName":"execute"
			},
			{
				"fileName":"DefaultLauncher.java",
				"lineNumber":109,
				"className":"org.junit.platform.launcher.core.DefaultLauncher",
				"methodName":"execute"
			},
			{
				"fileName":"DefaultLauncher.java",
				"lineNumber":91,
				"className":"org.junit.platform.launcher.core.DefaultLauncher",
				"methodName":"execute"
			},
			{
				"fileName":"DelegatingLauncher.java",
				"lineNumber":47,
				"className":"org.junit.platform.launcher.core.DelegatingLauncher",
				"methodName":"execute"
			},
			{
				"fileName":"InterceptingLauncher.java",
				"lineNumber":39,
				"className":"org.junit.platform.launcher.core.InterceptingLauncher",
				"methodName":"lambda$execute$1"
			},
			{
				"fileName":"ClasspathAlignmentCheckingLauncherInterceptor.java",
				"lineNumber":25,
				"className":"org.junit.platform.launcher.core.ClasspathAlignmentCheckingLauncherInterceptor",
				"methodName":"intercept"
			},
			{
				"fileName":"InterceptingLauncher.java",
				"lineNumber":38,
				"className":"org.junit.platform.launcher.core.InterceptingLauncher",
				"methodName":"execute"
			},
			{
				"fileName":"DelegatingLauncher.java",
				"lineNumber":47,
				"className":"org.junit.platform.launcher.core.DelegatingLauncher",
				"methodName":"execute"
			},
			{
				"fileName":"LazyLauncher.java",
				"lineNumber":56,
				"className":"org.apache.maven.surefire.junitplatform.LazyLauncher",
				"methodName":"execute"
			},
			{
				"fileName":"JUnitPlatformProvider.java",
				"lineNumber":194,
				"className":"org.apache.maven.surefire.junitplatform.JUnitPlatformProvider",
				"methodName":"execute"
			},
			{
				"fileName":"JUnitPlatformProvider.java",
				"lineNumber":150,
				"className":"org.apache.maven.surefire.junitplatform.JUnitPlatformProvider",
				"methodName":"invokeAllTests"
			},
			{
				"fileName":"JUnitPlatformProvider.java",
				"lineNumber":124,
				"className":"org.apache.maven.surefire.junitplatform.JUnitPlatformProvider",
				"methodName":"invoke"
			},
			{
				"fileName":"ForkedBooter.java",
				"lineNumber":385,
				"className":"org.apache.maven.surefire.booter.ForkedBooter",
				"methodName":"runSuitesInProcess"
			},
			{
				"fileName":"ForkedBooter.java",
				"lineNumber":162,
				"className":"org.apache.maven.surefire.booter.ForkedBooter",
				"methodName":"execute"
			},
			{
				"fileName":"ForkedBooter.java",
				"lineNumber":507,
				"className":"org.apache.maven.surefire.booter.ForkedBooter",
				"methodName":"run"
			},
			{
				"fileName":"ForkedBooter.java",
				"lineNumber":495,
				"className":"org.apache.maven.surefire.booter.ForkedBooter",
				"methodName":"main"
			}
		],
		"suppressedExceptions":{
			"@type":"java.util.Collections$EmptyList#1",
			"@value":[]
		}
	}
}
{
	"@type":"IllegalStateException#0",
	"@value":{
		"stackTrace":[
			{
				"fileName":"ExceptionTest.java",
				"lineNumber":46,
				"className":"com.alibaba.fastjson2.codec.ExceptionTest",
				"methodName":"test_exception_jsonb"
			},
			{
				"fileName":"DirectMethodHandleAccessor.java",
				"lineNumber":104,
				"className":"jdk.internal.reflect.DirectMethodHandleAccessor",
				"methodName":"invoke"
			},
			{
				"fileName":"Method.java",
				"lineNumber":565,
				"className":"java.lang.reflect.Method",
				"methodName":"invoke"
			},
			{
				"fileName":"ReflectionUtils.java",
				"lineNumber":787,
				"className":"org.junit.platform.commons.util.ReflectionUtils",
				"methodName":"invokeMethod"
			},
			{
				"fileName":"ReflectionSupport.java",
				"lineNumber":478,
				"className":"org.junit.platform.commons.support.ReflectionSupport",
				"methodName":"invokeMethod"
			},
			{
				"fileName":"MethodInvocation.java",
				"lineNumber":60,
				"className":"org.junit.jupiter.engine.execution.MethodInvocation",
				"methodName":"proceed"
			},
			{
				"fileName":"InvocationInterceptorChain.java",
				"lineNumber":131,
				"className":"org.junit.jupiter.engine.execution.InvocationInterceptorChain$ValidatingInvocation",
				"methodName":"proceed"
			},
			{
				"fileName":"TimeoutExtension.java",
				"lineNumber":161,
				"className":"org.junit.jupiter.engine.extension.TimeoutExtension",
				"methodName":"intercept"
			},
			{
				"fileName":"TimeoutExtension.java",
				"lineNumber":152,
				"className":"org.junit.jupiter.engine.extension.TimeoutExtension",
				"methodName":"interceptTestableMethod"
			},
			{
				"fileName":"TimeoutExtension.java",
				"lineNumber":91,
				"className":"org.junit.jupiter.engine.extension.TimeoutExtension",
				"methodName":"interceptTestMethod"
			},
			{
				"fileName":"InterceptingExecutableInvoker.java",
				"lineNumber":112,
				"className":"org.junit.jupiter.engine.execution.InterceptingExecutableInvoker$ReflectiveInterceptorCall",
				"methodName":"lambda$ofVoidMethod$0"
			},
			{
				"fileName":"InterceptingExecutableInvoker.java",
				"lineNumber":94,
				"className":"org.junit.jupiter.engine.execution.InterceptingExecutableInvoker",
				"methodName":"lambda$invoke$0"
			},
			{
				"fileName":"InvocationInterceptorChain.java",
				"lineNumber":106,
				"className":"org.junit.jupiter.engine.execution.InvocationInterceptorChain$InterceptedInvocation",
				"methodName":"proceed"
			},
			{
				"fileName":"InvocationInterceptorChain.java",
				"lineNumber":64,
				"className":"org.junit.jupiter.engine.execution.InvocationInterceptorChain",
				"methodName":"proceed"
			},
			{
				"fileName":"InvocationInterceptorChain.java",
				"lineNumber":45,
				"className":"org.junit.jupiter.engine.execution.InvocationInterceptorChain",
				"methodName":"chainAndInvoke"
			},
			{
				"fileName":"InvocationInterceptorChain.java",
				"lineNumber":37,
				"className":"org.junit.jupiter.engine.execution.InvocationInterceptorChain",
				"methodName":"invoke"
			},
			{
				"fileName":"InterceptingExecutableInvoker.java",
				"lineNumber":93,
				"className":"org.junit.jupiter.engine.execution.InterceptingExecutableInvoker",
				"methodName":"invoke"
			},
			{
				"fileName":"InterceptingExecutableInvoker.java",
				"lineNumber":87,
				"className":"org.junit.jupiter.engine.execution.InterceptingExecutableInvoker",
				"methodName":"invoke"
			},
			{
				"fileName":"TestMethodTestDescriptor.java",
				"lineNumber":221,
				"className":"org.junit.jupiter.engine.descriptor.TestMethodTestDescriptor",
				"methodName":"lambda$invokeTestMethod$4"
			},
			{
				"fileName":"ThrowableCollector.java",
				"lineNumber":73,
				"className":"org.junit.platform.engine.support.hierarchical.ThrowableCollector",
				"methodName":"execute"
			},
			{
				"fileName":"TestMethodTestDescriptor.java",
				"lineNumber":217,
				"className":"org.junit.jupiter.engine.descriptor.TestMethodTestDescriptor",
				"methodName":"invokeTestMethod"
			},
			{
				"fileName":"TestMethodTestDescriptor.java",
				"lineNumber":159,
				"className":"org.junit.jupiter.engine.descriptor.TestMethodTestDescriptor",
				"methodName":"execute"
			},
			{
				"fileName":"TestMethodTestDescriptor.java",
				"lineNumber":70,
				"className":"org.junit.jupiter.engine.descriptor.TestMethodTestDescriptor",
				"methodName":"execute"
			},
			{
				"fileName":"NodeTestTask.java",
				"lineNumber":157,
				"className":"org.junit.platform.engine.support.hierarchical.NodeTestTask",
				"methodName":"lambda$executeRecursively$6"
			},
			{
				"fileName":"ThrowableCollector.java",
				"lineNumber":73,
				"className":"org.junit.platform.engine.support.hierarchical.ThrowableCollector",
				"methodName":"execute"
			},
			{
				"fileName":"NodeTestTask.java",
				"lineNumber":147,
				"className":"org.junit.platform.engine.support.hierarchical.NodeTestTask",
				"methodName":"lambda$executeRecursively$8"
			},
			{
				"fileName":"Node.java",
				"lineNumber":137,
				"className":"org.junit.platform.engine.support.hierarchical.Node",
				"methodName":"around"
			},
			{
				"fileName":"NodeTestTask.java",
				"lineNumber":145,
				"className":"org.junit.platform.engine.support.hierarchical.NodeTestTask",
				"methodName":"lambda$executeRecursively$9"
			},
			{
				"fileName":"ThrowableCollector.java",
				"lineNumber":73,
				"className":"org.junit.platform.engine.support.hierarchical.ThrowableCollector",
				"methodName":"execute"
			},
			{
				"fileName":"NodeTestTask.java",
				"lineNumber":144,
				"className":"org.junit.platform.engine.support.hierarchical.NodeTestTask",
				"methodName":"executeRecursively"
			},
			{
				"fileName":"NodeTestTask.java",
				"lineNumber":101,
				"className":"org.junit.platform.engine.support.hierarchical.NodeTestTask",
				"methodName":"execute"
			},
			{
				"fileName":"ArrayList.java",
				"lineNumber":1604,
				"className":"java.util.ArrayList",
				"methodName":"forEach"
			},
			{
				"fileName":"SameThreadHierarchicalTestExecutorService.java",
				"lineNumber":41,
				"className":"org.junit.platform.engine.support.hierarchical.SameThreadHierarchicalTestExecutorService",
				"methodName":"invokeAll"
			},
			{
				"fileName":"NodeTestTask.java",
				"lineNumber":161,
				"className":"org.junit.platform.engine.support.hierarchical.NodeTestTask",
				"methodName":"lambda$executeRecursively$6"
			},
			{
				"fileName":"ThrowableCollector.java",
				"lineNumber":73,
				"className":"org.junit.platform.engine.support.hierarchical.ThrowableCollector",
				"methodName":"execute"
			},
			{
				"fileName":"NodeTestTask.java",
				"lineNumber":147,
				"className":"org.junit.platform.engine.support.hierarchical.NodeTestTask",
				"methodName":"lambda$executeRecursively$8"
			},
			{
				"fileName":"Node.java",
				"lineNumber":137,
				"className":"org.junit.platform.engine.support.hierarchical.Node",
				"methodName":"around"
			},
			{
				"fileName":"NodeTestTask.java",
				"lineNumber":145,
				"className":"org.junit.platform.engine.support.hierarchical.NodeTestTask",
				"methodName":"lambda$executeRecursively$9"
			},
			{
				"fileName":"ThrowableCollector.java",
				"lineNumber":73,
				"className":"org.junit.platform.engine.support.hierarchical.ThrowableCollector",
				"methodName":"execute"
			},
			{
				"fileName":"NodeTestTask.java",
				"lineNumber":144,
				"className":"org.junit.platform.engine.support.hierarchical.NodeTestTask",
				"methodName":"executeRecursively"
			},
			{
				"fileName":"NodeTestTask.java",
				"lineNumber":101,
				"className":"org.junit.platform.engine.support.hierarchical.NodeTestTask",
				"methodName":"execute"
			},
			{
				"fileName":"ArrayList.java",
				"lineNumber":1604,
				"className":"java.util.ArrayList",
				"methodName":"forEach"
			},
			{
				"fileName":"SameThreadHierarchicalTestExecutorService.java",
				"lineNumber":41,
				"className":"org.junit.platform.engine.support.hierarchical.SameThreadHierarchicalTestExecutorService",
				"methodName":"invokeAll"
			},
			{
				"fileName":"NodeTestTask.java",
				"lineNumber":161,
				"className":"org.junit.platform.engine.support.hierarchical.NodeTestTask",
				"methodName":"lambda$executeRecursively$6"
			},
			{
				"fileName":"ThrowableCollector.java",
				"lineNumber":73,
				"className":"org.junit.platform.engine.support.hierarchical.ThrowableCollector",
				"methodName":"execute"
			},
			{
				"fileName":"NodeTestTask.java",
				"lineNumber":147,
				"className":"org.junit.platform.engine.support.hierarchical.NodeTestTask",
				"methodName":"lambda$executeRecursively$8"
			},
			{
				"fileName":"Node.java",
				"lineNumber":137,
				"className":"org.junit.platform.engine.support.hierarchical.Node",
				"methodName":"around"
			},
			{
				"fileName":"NodeTestTask.java",
				"lineNumber":145,
				"className":"org.junit.platform.engine.support.hierarchical.NodeTestTask",
				"methodName":"lambda$executeRecursively$9"
			},
			{
				"fileName":"ThrowableCollector.java",
				"lineNumber":73,
				"className":"org.junit.platform.engine.support.hierarchical.ThrowableCollector",
				"methodName":"execute"
			},
			{
				"fileName":"NodeTestTask.java",
				"lineNumber":144,
				"className":"org.junit.platform.engine.support.hierarchical.NodeTestTask",
				"methodName":"executeRecursively"
			},
			{
				"fileName":"NodeTestTask.java",
				"lineNumber":101,
				"className":"org.junit.platform.engine.support.hierarchical.NodeTestTask",
				"methodName":"execute"
			},
			{
				"fileName":"SameThreadHierarchicalTestExecutorService.java",
				"lineNumber":35,
				"className":"org.junit.platform.engine.support.hierarchical.SameThreadHierarchicalTestExecutorService",
				"methodName":"submit"
			},
			{
				"fileName":"HierarchicalTestExecutor.java",
				"lineNumber":57,
				"className":"org.junit.platform.engine.support.hierarchical.HierarchicalTestExecutor",
				"methodName":"execute"
			},
			{
				"fileName":"HierarchicalTestEngine.java",
				"lineNumber":54,
				"className":"org.junit.platform.engine.support.hierarchical.HierarchicalTestEngine",
				"methodName":"execute"
			},
			{
				"fileName":"EngineExecutionOrchestrator.java",
				"lineNumber":230,
				"className":"org.junit.platform.launcher.core.EngineExecutionOrchestrator",
				"methodName":"executeEngine"
			},
			{
				"fileName":"EngineExecutionOrchestrator.java",
				"lineNumber":204,
				"className":"org.junit.platform.launcher.core.EngineExecutionOrchestrator",
				"methodName":"failOrExecuteEngine"
			},
			{
				"fileName":"EngineExecutionOrchestrator.java",
				"lineNumber":172,
				"className":"org.junit.platform.launcher.core.EngineExecutionOrchestrator",
				"methodName":"execute"
			},
			{
				"fileName":"EngineExecutionOrchestrator.java",
				"lineNumber":101,
				"className":"org.junit.platform.launcher.core.EngineExecutionOrchestrator",
				"methodName":"execute"
			},
			{
				"fileName":"EngineExecutionOrchestrator.java",
				"lineNumber":64,
				"className":"org.junit.platform.launcher.core.EngineExecutionOrchestrator",
				"methodName":"lambda$execute$0"
			},
			{
				"fileName":"EngineExecutionOrchestrator.java",
				"lineNumber":150,
				"className":"org.junit.platform.launcher.core.EngineExecutionOrchestrator",
				"methodName":"withInterceptedStreams"
			},
			{
				"fileName":"EngineExecutionOrchestrator.java",
				"lineNumber":63,
				"className":"org.junit.platform.launcher.core.EngineExecutionOrchestrator",
				"methodName":"execute"
			},
			{
				"fileName":"DefaultLauncher.java",
				"lineNumber":109,
				"className":"org.junit.platform.launcher.core.DefaultLauncher",
				"methodName":"execute"
			},
			{
				"fileName":"DefaultLauncher.java",
				"lineNumber":91,
				"className":"org.junit.platform.launcher.core.DefaultLauncher",
				"methodName":"execute"
			},
			{
				"fileName":"DelegatingLauncher.java",
				"lineNumber":47,
				"className":"org.junit.platform.launcher.core.DelegatingLauncher",
				"methodName":"execute"
			},
			{
				"fileName":"InterceptingLauncher.java",
				"lineNumber":39,
				"className":"org.junit.platform.launcher.core.InterceptingLauncher",
				"methodName":"lambda$execute$1"
			},
			{
				"fileName":"ClasspathAlignmentCheckingLauncherInterceptor.java",
				"lineNumber":25,
				"className":"org.junit.platform.launcher.core.ClasspathAlignmentCheckingLauncherInterceptor",
				"methodName":"intercept"
			},
			{
				"fileName":"InterceptingLauncher.java",
				"lineNumber":38,
				"className":"org.junit.platform.launcher.core.InterceptingLauncher",
				"methodName":"execute"
			},
			{
				"fileName":"DelegatingLauncher.java",
				"lineNumber":47,
				"className":"org.junit.platform.launcher.core.DelegatingLauncher",
				"methodName":"execute"
			},
			{
				"fileName":"LazyLauncher.java",
				"lineNumber":56,
				"className":"org.apache.maven.surefire.junitplatform.LazyLauncher",
				"methodName":"execute"
			},
			{
				"fileName":"JUnitPlatformProvider.java",
				"lineNumber":194,
				"className":"org.apache.maven.surefire.junitplatform.JUnitPlatformProvider",
				"methodName":"execute"
			},
			{
				"fileName":"JUnitPlatformProvider.java",
				"lineNumber":150,
				"className":"org.apache.maven.surefire.junitplatform.JUnitPlatformProvider",
				"methodName":"invokeAllTests"
			},
			{
				"fileName":"JUnitPlatformProvider.java",
				"lineNumber":124,
				"className":"org.apache.maven.surefire.junitplatform.JUnitPlatformProvider",
				"methodName":"invoke"
			},
			{
				"fileName":"ForkedBooter.java",
				"lineNumber":385,
				"className":"org.apache.maven.surefire.booter.ForkedBooter",
				"methodName":"runSuitesInProcess"
			},
			{
				"fileName":"ForkedBooter.java",
				"lineNumber":162,
				"className":"org.apache.maven.surefire.booter.ForkedBooter",
				"methodName":"execute"
			},
			{
				"fileName":"ForkedBooter.java",
				"lineNumber":507,
				"className":"org.apache.maven.surefire.booter.ForkedBooter",
				"methodName":"run"
			},
			{
				"fileName":"ForkedBooter.java",
				"lineNumber":495,
				"className":"org.apache.maven.surefire.booter.ForkedBooter",
				"methodName":"main"
			}
		],
		"suppressed":[]
	}
}
{
	"ref":{"$ref":".."}
}
{
	"@type":"com.alibaba.fastjson2.codec.JSONBTableTest6$A#0",
	"@value":{
		"a":{
			"id":1001
		},
		"b":{"$ref":"$.a"}
	}
}
{
	"@type":"Cat",
	"catId":1001
}
{
	"@type":"Cat",
	"catId":1001
}
{
	"c1":{},
	"c2":{"$ref":"$.c1"}
}
{
	"c":{},
	"values":[
		{"$ref":"$.c"}
	]
}
{
	"list0":[
		{
			"id":101
		},
		{
			"id":102
		}
	],
	"list1":[
		{
			"id":201
		},
		{
			"id":202
		}
	],
	"list2":[
		{
			"id":201
		},
		{
			"id":202
		}
	]
}
{
	"@type":"com.alibaba.fastjson2.codec.JSONBTableTest2$C#0",
	"@value":{
		"list1":{
			"@type":"A#1",
			"@value":[
				{
					"id":201
				},
				{
					"id":202
				}
			]
		},
		"list2":[
			{
				"@type":"com.alibaba.fastjson2.codec.JSONBTableTest2$Item#2",
				"@value":{
					"id":301
				}
			},
			{
				"@type":"#2",
				"@value":{
					"id":302
				}
			}
		]
	}
}
{
	"@type":"com.alibaba.fastjson2.codec.JSONBTableTest8$Bean",
	"values":{
		"@type":"A",
		"@value":[
			{
				"event":{}
			},
			{
				"event":{"$ref":"$.values[0].event"}
			}
		]
	}
}
{
	"@type":"com.alibaba.fastjson2.codec.JSONBTableTest8$Bean#0",
	"@value":{
		"values":{
			"@type":"A#1",
			"@value":[
				{
					"event":{}
				},
				{"$ref":"$.values[0]"}
			]
		}
	}
}
{
	"v0001":102,
	"v0000":101,
	"v0007":108,
	"x0001":"2026-10-07 00:42:42.897776885",
	"v0006":107,
	"v0009":110,
	"x0003":"中3",
	"v0008":109,
	"x0002":"中2",
	"v0003":"104",
	"x0005":"中华人民共和国",
	"v0002":103,
	"x0004":"中4",
	"v0005":106,
	"v0004":"105"
}
bytes.length=56
bytes.length=87003
bytes.length=81
bytes3.length=174003
bytes.length=81
bytes3.length=174003
{"id":0,"name":"jobs"}
{"@type":"com.alibaba.fastjson2.codec.JSONBTableTest5$B","values":[{"id":101,"name":"DataWorks"},{"id":102,"name":"MaxCompute"}]}
{
	"@type":"JSONObject#0",
	"@value":{
		"@type":"com.alibaba.fastjson2.codec.JSONBTableTest5$B",
		"values":{
			"@type":"JSONArray#1",
			"@value":[
				{
					"@type":"#0",
					"@value":{
						"id":101,
						"name":"DataWorks"
					}
				},
				{
					"@type":"#0",
					"@value":{
						"id":102,
						"name":"MaxCompute"
					}
				}
			]
		}
	}
}
{
	"values":[
		{
			"id":101,
			"name":"DataWorks"
		},
		{
			"id":102,
			"name":"MaxCompute"
		}
	]
}
com.alibaba.fastjson2.JSONException: not support type : OBJECT_END -91, offset 55/55
	at com.alibaba.fastjson2.JSONReaderJSONB.readAny(JSONReaderJSONB.java:1031)
	at com.alibaba.fastjson2.reader.ObjectReaderImplMap.readJSONBObject(ObjectReaderImplMap.java:409)
	at com.alibaba.fastjson2.reader.ORG_1891_1_A.readJSONBObject(Unknown Source)
	at com.alibaba.fastjson2.JSONB.parseObject(JSONB.java:734)
	at com.alibaba.fastjson2.codec.JSONBTableTest5.test_d(JSONBTableTest5.java:34)
	at java.base/jdk.internal.reflect.DirectMethodHandleAccessor.invoke(DirectMethodHandleAccessor.java:104)
	at java.base/java.lang.reflect.Method.invoke(Method.java:565)
	at org.junit.platform.commons.util.ReflectionUtils.invokeMethod(ReflectionUtils.java:787)
	at org.junit.platform.commons.support.ReflectionSupport.invokeMethod(ReflectionSupport.java:478)
	at org.junit.jupiter.engine.execution.MethodInvocation.proceed(MethodInvocation.java:60)
	at org.junit.jupiter.engine.execution.InvocationInterceptorChain$ValidatingInvocation.proceed(InvocationInterceptorChain.java:131)
	at org.junit.jupiter.engine.extension.TimeoutExtension.intercept(TimeoutExtension.java:161)
	at org.junit.jupiter.engine.extension.TimeoutExtension.interceptTestableMethod(TimeoutExtension.java:152)
	at org.junit.jupiter.engine.extension.TimeoutExtension.interceptTestMethod(TimeoutExtension.java:91)
	at org.junit.jupiter.engine.execution.InterceptingExecutableInvoker$ReflectiveInterceptorCall.lambda$ofVoidMethod$0(InterceptingExecutableInvoker.java:112)
	at org.junit.jupiter.engine.execution.InterceptingExecutableInvoker.lambda$invoke$0(InterceptingExecutableInvoker.java:94)
	at org.junit.jupiter.engine.execution.InvocationInterceptorChain$InterceptedInvocation.proceed(InvocationInterceptorChain.java:106)
	at org.junit.jupiter.engine.execution.InvocationInterceptorChain.proceed(InvocationInterceptorChain.java:64)
	at org.junit.jupiter.engine.execution.InvocationInterceptorChain.chainAndInvoke(InvocationInterceptorChain.java:45)
	at org.junit.jupiter.engine.execution.InvocationInterceptorChain.invoke(InvocationInterceptorChain.java:37)
	at org.junit.jupiter.engine.execution.InterceptingExecutableInvoker.invoke(InterceptingExecutableInvoker.java:93)
	at org.junit.jupiter.engine.execution.InterceptingExecutableInvoker.invoke(InterceptingExecutableInvoker.java:87)
	at org.junit.jupiter.engine.descriptor.TestMethodTestDescriptor.lambda$invokeTestMethod$4(TestMethodTestDescriptor.java:221)
	at org.junit.platform.engine.support.hierarchical.ThrowableCollector.execute(ThrowableCollector.java:73)
	at org.junit.jupiter.engine.descriptor.TestMethodTestDescriptor.invokeTestMethod(TestMethodTestDescriptor.java:217)
	at org.junit.jupiter.engine.descriptor.TestMethodTestDescriptor.execute(TestMethodTestDescriptor.java:159)
	at org.junit.jupiter.engine.descriptor.TestMethodTestDescriptor.execute(TestMethodTestDescriptor.java:70)
	at org.junit.platform.engine.support.hierarchical.NodeTestTask.lambda$executeRecursively$6(NodeTestTask.java:157)
	at org.junit.platform.engine.support.hierarchical.ThrowableCollector.execute(ThrowableCollector.java:73)
	at org.junit.platform.engine.support.hierarchical.NodeTestTask.lambda$executeRecursively$8(NodeTestTask.java:147)
	at org.junit.platform.engine.support.hierarchical.Node.around(Node.java:137)
	at org.junit.platform.engine.support.hierarchical.NodeTestTask.lambda$executeRecursively$9(NodeTestTask.java:145)
	at org.junit.platform.engine.support.hierarchical.ThrowableCollector.execute(ThrowableCollector.java:73)
	at org.junit.platform.engine.support.hierarchical.NodeTestTask.executeRecursively(NodeTestTask.java:144)
	at org.junit.platform.engine.support.hierarchical.NodeTestTask.execute(NodeTestTask.java:101)
	at java.base/java.util.ArrayList.forEach(ArrayList.java:1604)
	at org.junit.platform.engine.support.hierarchical.SameThreadHierarchicalTestExecutorService.invokeAll(SameThreadHierarchicalTestExecutorService.java:41)
	at org.junit.platform.engine.support.hierarchical.NodeTestTask.lambda$executeRecursively$6(NodeTestTask.java:161)
	at org.junit.platform.engine.support.hierarchical.ThrowableCollector.execute(ThrowableCollector.java:73)
	at org.junit.platform.engine.support.hierarchical.NodeTestTask.lambda$executeRecursively$8(NodeTestTask.java:147)
	at org.junit.platform.engine.support.hierarchical.Node.around(Node.java:137)
	at org.junit.platform.engine.support.hierarchical.NodeTestTask.lambda$executeRecursively$9(NodeTestTask.java:145)
	at org.junit.platform.engine.support.hierarchical.ThrowableCollector.execute(ThrowableCollector.java:73)
	at org.junit.platform.engine.support.hierarchical.NodeTestTask.executeRecursively(NodeTestTask.java:144)
	at org.junit.platform.engine.support.hierarchical.NodeTestTask.execute(NodeTestTask.java:101)
	at java.base/java.util.ArrayList.forEach(ArrayList.java:1604)
	at org.junit.platform.engine.support.hierarchical.SameThreadHierarchicalTestExecutorService.invokeAll(SameThreadHierarchicalTestExecutorService.java:41)
	at org.junit.platform.engine.support.hierarchical.NodeTestTask.lambda$executeRecursively$6(NodeTestTask.java:161)
	at org.junit.platform.engine.support.hierarchical.ThrowableCollector.execute(ThrowableCollector.java:73)
	at org.junit.platform.engine.support.hierarchical.NodeTestTask.lambda$executeRecursively$8(NodeTestTask.java:147)
	at org.junit.platform.engine.support.hierarchical.Node.around(Node.java:137)
	at org.junit.platform.engine.support.hierarchical.NodeTestTask.lambda$executeRecursively$9(NodeTestTask.java:145)
	at org.junit.platform.engine.support.hierarchical.ThrowableCollector.execute(ThrowableCollector.java:73)
	at org.junit.platform.engine.support.hierarchical.NodeTestTask.executeRecursively(NodeTestTask.java:144)
	at org.junit.platform.engine.support.hierarchical.NodeTestTask.execute(NodeTestTask.java:101)
	at org.junit.platform.engine.support.hierarchical.SameThreadHierarchicalTestExecutorService.submit(SameThreadHierarchicalTestExecutorService.java:35)
	at org.junit.platform.engine.support.hierarchical.HierarchicalTestExecutor.execute(HierarchicalTestExecutor.java:57)
	at org.junit.platform.engine.support.hierarchical.HierarchicalTestEngine.execute(HierarchicalTestEngine.java:54)
	at org.junit.platform.launcher.core.EngineExecutionOrchestrator.executeEngine(EngineExecutionOrchestrator.java:230)
	at org.junit.platform.launcher.core.EngineExecutionOrchestrator.failOrExecuteEngine(EngineExecutionOrchestrator.java:204)
	at org.junit.platform.launcher.core.EngineExecutionOrchestrator.execute(EngineExecutionOrchestrator.java:172)
	at org.junit.platform.launcher.core.EngineExecutionOrchestrator.execute(EngineExecutionOrchestrator.java:101)
	at org.junit.platform.launcher.core.EngineExecutionOrchestrator.lambda$execute$0(EngineExecutionOrchestrator.java:64)
	at org.junit.platform.launcher.core.EngineExecutionOrchestrator.withInterceptedStreams(EngineExecutionOrchestrator.java:150)
	at org.junit.platform.launcher.core.EngineExecutionOrchestrator.execute(EngineExecutionOrchestrator.java:63)
	at org.junit.platform.launcher.core.DefaultLauncher.execute(DefaultLauncher.java:109)
	at org.junit.platform.launcher.core.DefaultLauncher.execute(DefaultLauncher.java:91)
	at org.junit.platform.launcher.core.DelegatingLauncher.execute(DelegatingLauncher.java:47)
	at org.junit.platform.launcher.core.InterceptingLauncher.lambda$execute$1(InterceptingLauncher.java:39)
	at org.junit.platform.launcher.core.ClasspathAlignmentCheckingLauncherInterceptor.intercept(ClasspathAlignmentCheckingLauncherInterceptor.java:25)
	at org.junit.platform.launcher.core.InterceptingLauncher.execute(InterceptingLauncher.java:38)
	at org.junit.platform.launcher.core.DelegatingLauncher.execute(DelegatingLauncher.java:47)
	at org.apache.maven.surefire.junitplatform.LazyLauncher.execute(LazyLauncher.java:56)
	at org.apache.maven.surefire.junitplatform.JUnitPlatformProvider.execute(JUnitPlatformProvider.java:194)
	at org.apache.maven.surefire.junitplatform.JUnitPlatformProvider.invokeAllTests(JUnitPlatformProvider.java:150)
	at org.apache.maven.surefire.junitplatform.JUnitPlatformProvider.invoke(JUnitPlatformProvider.java:124)
	at org.apache.maven.surefire.booter.ForkedBooter.runSuitesInProcess(ForkedBooter.java:385)
	at org.apache.maven.surefire.booter.ForkedBooter.execute(ForkedBooter.java:162)
	at org.apache.maven.surefire.booter.ForkedBooter.run(ForkedBooter.java:507)
	at org.apache.maven.surefire.booter.ForkedBooter.main(ForkedBooter.java:495)
[
	{
		"employees":[
			{
				"id":1
			},
			{
				"id":2
			},
			{
				"id":3
			}
		]
	}
]
1900-01-01	+08:05:43
1900-02-01	+08:05:43
1900-03-01	+08:05:43
1900-04-01	+08:05:43
1900-05-01	+08:05:43
1900-06-01	+08:05:43
1900-07-01	+08:05:43
1900-08-01	+08:05:43
1900-09-01	+08:05:43
1900-10-01	+08:05:43
1900-11-01	+08:05:43
1900-12-01	+08:05:43
1901-01-01	+08:00
1901-02-01	+08:00
1901-03-01	+08:00
1901-04-01	+08:00
1901-05-01	+08:00
1901-06-01	+08:00
1901-07-01	+08:00
1901-08-01	+08:00
1901-09-01	+08:00
1901-10-01	+08:00
1901-11-01	+08:00
1901-12-01	+08:00
1902-01-01	+08:00
1902-02-01	+08:00
1902-03-01	+08:00
1902-04-01	+08:00
1902-05-01	+08:00
1902-06-01	+08:00
1902-07-01	+08:00
1902-08-01	+08:00
1902-09-01	+08:00
1902-10-01	+08:00
1902-11-01	+08:00
1902-12-01	+08:00
1903-01-01	+08:00
1903-02-01	+08:00
1903-03-01	+08:00
1903-04-01	+08:00
1903-05-01	+08:00
1903-06-01	+08:00
1903-07-01	+08:00
1903-08-01	+08:00
1903-09-01	+08:00
1903-10-01	+08:00
1903-11-01	+08:00
1903-12-01	+08:00
1904-01-01	+08:00
1904-02-01	+08:00
1904-03-01	+08:00
1904-04-01	+08:00
1904-05-01	+08:00
1904-06-01	+08:00
1904-07-01	+08:00
1904-08-01	+08:00
1904-09-01	+08:00
1904-10-01	+08:00
1904-11-01	+08:00
1904-12-01	+08:00
1905-01-01	+08:00
1905-02-01	+08:00
1905-03-01	+08:00
1905-04-01	+08:00
1905-05-01	+08:00
1905-06-01	+08:00
1905-07-01	+08:00
1905-08-01	+08:00
1905-09-01	+08:00
1905-10-01	+08:00
1905-11-01	+08:00
1905-12-01	+08:00
1906-01-01	+08:00
1906-02-01	+08:00
1906-03-01	+08:00
1906-04-01	+08:00
1906-05-01	+08:00
1906-06-01	+08:00
1906-07-01	+08:00
1906-08-01	+08:00
1906-09-01	+08:00
1906-10-01	+08:00
1906-11-01	+08:00
1906-12-01	+08:00
1907-01-01	+08:00
1907-02-01	+08:00
1907-03-01	+08:00
1907-04-01	+08:00
1907-05-01	+08:00
1907-06-01	+08:00
1907-07-01	+08:00
1907-08-01	+08:00
1907-09-01	+08:00
1907-10-01	+08:00
1907-11-01	+08:00
1907-12-01	+08:00
1908-01-01	+08:00
1908-02-01	+08:00
1908-03-01	+08:00
1908-04-01	+08:00
1908-05-01	+08:00
1908-06-01	+08:00
1908-07-01	+08:00
1908-08-01	+08:00
1908-09-01	+08:00
1908-10-01	+08:00
1908-11-01	+08:00
1908-12-01	+08:00
1909-01-01	+08:00
1909-02-01	+08:00
1909-03-01	+08:00
1909-04-01	+08:00
1909-05-01	+08:00
1909-06-01	+08:00
1909-07-01	+08:00
1909-08-01	+08:00
1909-09-01	+08:00
1909-10-01	+08:00
1909-11-01	+08:00
1909-12-01	+08:00
1910-01-01	+08:00
1910-02-01	+08:00
1910-03-01	+08:00
1910-04-01	+08:00
1910-05-01	+08:00
1910-06-01	+08:00
1910-07-01	+08:00
1910-08-01	+08:00
1910-09-01	+08:00
1910-10-01	+08:00
1910-11-01	+08:00
1910-12-01	+08:00
1911-01-01	+08:00
1911-02-01	+08:00
1911-03-01	+08:00
1911-04-01	+08:00
1911-05-01	+08:00
1911-06-01	+08:00
1911-07-01	+08:00
1911-08-01	+08:00
1911-09-01	+08:00
1911-10-01	+08:00
1911-11-01	+08:00
1911-12-01	+08:00
1912-01-01	+08:00
1912-02-01	+08:00
1912-03-01	+08:00
1912-04-01	+08:00
1912-05-01	+08:00
1912-06-01	+08:00
1912-07-01	+08:00
1912-08-01	+08:00
1912-09-01	+08:00
1912-10-01	+08:00
1912-11-01	+08:00
1912-12-01	+08:00
1913-01-01	+08:00
1913-02-01	+08:00
1913-03-01	+08:00
1913-04-01	+08:00
1913-05-01	+08:00
1913-06-01	+08:00
1913-07-01	+08:00
1913-08-01	+08:00
1913-09-01	+08:00
1913-10-01	+08:00
1913-11-01	+08:00
1913-12-01	+08:00
1914-01-01	+08:00
1914-02-01	+08:00
1914-03-01	+08:00
1914-04-01	+08:00
1914-05-01	+08:00
1914-06-01	+08:00
1914-07-01	+08:00
1914-08-01	+08:00
1914-09-01	+08:00
1914-10-01	+08:00
1914-11-01	+08:00
1914-12-01	+08:00
1915-01-01	+08:00
1915-02-01	+08:00
1915-03-01	+08:00
1915-04-01	+08:00
1915-05-01	+08:00
1915-06-01	+08:00
1915-07-01	+08:00
1915-08-01	+08:00
1915-09-01	+08:00
1915-10-01	+08:00
1915-11-01	+08:00
1915-12-01	+08:00
1916-01-01	+08:00
1916-02-01	+08:00
1916-03-01	+08:00
1916-04-01	+08:00
1916-05-01	+08:00
1916-06-01	+08:00
1916-07-01	+08:00
1916-08-01	+08:00
1916-09-01	+08:00
1916-10-01	+08:00
1916-11-01	+08:00
1916-12-01	+08:00
1917-01-01	+08:00
1917-02-01	+08:00
1917-03-01	+08:00
1917-04-01	+08:00
1917-05-01	+08:00
1917-06-01	+08:00
1917-07-01	+08:00
1917-08-01	+08:00
1917-09-01	+08:00
1917-10-01	+08:00
1917-11-01	+08:00
1917-12-01	+08:00
1918-01-01	+08:00
1918-02-01	+08:00
1918-03-01	+08:00
1918-04-01	+08:00
1918-05-01	+08:00
1918-06-01	+08:00
1918-07-01	+08:00
1918-08-01	+08:00
1918-09-01	+08:00
1918-10-01	+08:00
1918-11-01	+08:00
1918-12-01	+08:00
1919-01-01	+08:00
1919-02-01	+08:00
1919-03-01	+08:00
1919-04-01	+08:00
1919-05-01	+09:00
1919-06-01	+09:00
1919-07-01	+09:00
1919-08-01	+09:00
1919-09-01	+09:00
1919-10-01	+08:00
1919-11-01	+08:00
1919-12-01	+08:00
1920-01-01	+08:00
1920-02-01	+08:00
1920-03-01	+08:00
1920-04-01	+08:00
1920-05-01	+08:00
1920-06-01	+08:00
1920-07-01	+08:00
1920-08-01	+08:00
1920-09-01	+08:00
1920-10-01	+08:00
1920-11-01	+08:00
1920-12-01	+08:00
1921-01-01	+08:00
1921-02-01	+08:00
1921-03-01	+08:00
1921-04-01	+08:00
1921-05-01	+08:00
1921-06-01	+08:00
1921-07-01	+08:00
1921-08-01	+08:00
1921-09-01	+08:00
1921-10-01	+08:00
1921-11-01	+08:00
1921-12-01	+08:00
1922-01-01	+08:00
1922-02-01	+08:00
1922-03-01	+08:00
1922-04-01	+08:00
1922-05-01	+08:00
1922-06-01	+08:00
1922-07-01	+08:00
1922-08-01	+08:00
1922-09-01	+08:00
1922-10-01	+08:00
1922-11-01	+08:00
1922-12-01	+08:00
1923-01-01	+08:00
1923-02-01	+08:00
1923-03-01	+08:00
1923-04-01	+08:00
1923-05-01	+08:00
1923-06-01	+08:00
1923-07-01	+08:00
1923-08-01	+08:00
1923-09-01	+08:00
1923-10-01	+08:00
1923-11-01	+08:00
1923-12-01	+08:00
1924-01-01	+08:00
1924-02-01	+08:00
1924-03-01	+08:00
1924-04-01	+08:00
1924-05-01	+08:00
1924-06-01	+08:00
1924-07-01	+08:00
1924-08-01	+08:00
1924-09-01	+08:00
1924-10-01	+08:00
1924-11-01	+08:00
1924-12-01	+08:00
1925-01-01	+08:00
1925-02-01	+08:00
1925-03-01	+08:00
1925-04-01	+08:00
1925-05-01	+08:00
1925-06-01	+08:00
1925-07-01	+08:00
1925-08-01	+08:00
1925-09-01	+08:00
1925-10-01	+08:00
1925-11-01	+08:00
1925-12-01	+08:00
1926-01-01	+08:00
1926-02-01	+08:00
1926-03-01	+08:00
1926-04-01	+08:00
1926-05-01	+08:00
1926-06-01	+08:00
1926-07-01	+08:00
1926-08-01	+08:00
1926-09-01	+08:00
1926-10-01	+08:00
1926-11-01	+08:00
1926-12-01	+08:00
1927-01-01	+08:00
1927-02-01	+08:00
1927-03-01	+08:00
1927-04-01	+08:00
1927-05-01	+08:00
1927-06-01	+08:00
1927-07-01	+08:00
1927-08-01	+08:00
1927-09-01	+08:00
1927-10-01	+08:00
1927-11-01	+08:00
1927-12-01	+08:00
1928-01-01	+08:00
1928-02-01	+08:00
1928-03-01	+08:00
1928-04-01	+08:00
1928-05-01	+08:00
1928-06-01	+08:00
1928-07-01	+08:00
1928-08-01	+08:00
1928-09-01	+08:00
1928-10-01	+08:00
1928-11-01	+08:00
1928-12-01	+08:00
1929-01-01	+08:00
1929-02-01	+08:00
1929-03-01	+08:00
1929-04-01	+08:00
1929-05-01	+08:00
1929-06-01	+08:00
1929-07-01	+08:00
1929-08-01	+08:00
1929-09-01	+08:00
1929-10-01	+08:00
1929-11-01	+08:00
1929-12-01	+08:00
1930-01-01	+08:00
1930-02-01	+08:00
1930-03-01	+08:00
1930-04-01	+08:00
1930-05-01	+08:00
1930-06-01	+08:00
1930-07-01	+08:00
1930-08-01	+08:00
1930-09-01	+08:00
1930-10-01	+08:00
1930-11-01	+08:00
1930-12-01	+08:00
1931-01-01	+08:00
1931-02-01	+08:00
1931-03-01	+08:00
1931-04-01	+08:00
1931-05-01	+08:00
1931-06-01	+08:00
1931-07-01	+08:00
1931-08-01	+08:00
1931-09-01	+08:00
1931-10-01	+08:00
1931-11-01	+08:00
1931-12-01	+08:00
1932-01-01	+08:00
1932-02-01	+08:00
1932-03-01	+08:00
1932-04-01	+08:00
1932-05-01	+08:00
1932-06-01	+08:00
1932-07-01	+08:00
1932-08-01	+08:00
1932-09-01	+08:00
1932-10-01	+08:00
1932-11-01	+08:00
1932-12-01	+08:00
1933-01-01	+08:00
1933-02-01	+08:00
1933-03-01	+08:00
1933-04-01	+08:00
1933-05-01	+08:00
1933-06-01	+08:00
1933-07-01	+08:00
1933-08-01	+08:00
1933-09-01	+08:00
1933-10-01	+08:00
1933-11-01	+08:00
1933-12-01	+08:00
1934-01-01	+08:00
1934-02-01	+08:00
1934-03-01	+08:00
1934-04-01	+08:00
1934-05-01	+08:00
1934-06-01	+08:00
1934-07-01	+08:00
1934-08-01	+08:00
1934-09-01	+08:00
1934-10-01	+08:00
1934-11-01	+08:00
1934-12-01	+08:00
1935-01-01	+08:00
1935-02-01	+08:00
1935-03-01	+08:00
1935-04-01	+08:00
1935-05-01	+08:00
1935-06-01	+08:00
1935-07-01	+08:00
1935-08-01	+08:00
1935-09-01	+08:00
1935-10-01	+08:00
1935-11-01	+08:00
1935-12-01	+08:00
1936-01-01	+08:00
1936-02-01	+08:00
1936-03-01	+08:00
1936-04-01	+08:00
1936-05-01	+08:00
1936-06-01	+08:00
1936-07-01	+08:00
1936-08-01	+08:00
1936-09-01	+08:00
1936-10-01	+08:00
1936-11-01	+08:00
1936-12-01	+08:00
1937-01-01	+08:00
1937-02-01	+08:00
1937-03-01	+08:00
1937-04-01	+08:00
1937-05-01	+08:00
1937-06-01	+08:00
1937-07-01	+08:00
1937-08-01	+08:00
1937-09-01	+08:00
1937-10-01	+08:00
1937-11-01	+08:00
1937-12-01	+08:00
1938-01-01	+08:00
1938-02-01	+08:00
1938-03-01	+08:00
1938-04-01	+08:00
1938-05-01	+08:00
1938-06-01	+08:00
1938-07-01	+08:00
1938-08-01	+08:00
1938-09-01	+08:00
1938-10-01	+08:00
1938-11-01	+08:00
1938-12-01	+08:00
1939-01-01	+08:00
1939-02-01	+08:00
1939-03-01	+08:00
1939-04-01	+08:00
1939-05-01	+08:00
1939-06-01	+08:00
1939-07-01	+08:00
1939-08-01	+08:00
1939-09-01	+08:00
1939-10-01	+08:00
1939-11-01	+08:00
1939-12-01	+08:00
1940-01-01	+08:00
1940-02-01	+08:00
1940-03-01	+08:00
1940-04-01	+08:00
1940-05-01	+08:00
1940-06-01	+08:00
1940-07-01	+09:00
1940-08-01	+09:00
1940-09-01	+09:00
1940-10-01	+09:00
1940-11-01	+08:00
1940-12-01	+08:00
1941-01-01	+08:00
1941-02-01	+08:00
1941-03-01	+08:00
1941-04-01	+09:00
1941-05-01	+09:00
1941-06-01	+09:00
1941-07-01	+09:00
1941-08-01	+09:00
1941-09-01	+09:00
1941-10-01	+09:00
1941-11-01	+09:00
1941-12-01	+08:00
1942-01-01	+08:00
1942-02-01	+09:00
1942-03-01	+09:00
1942-04-01	+09:00
1942-05-01	+09:00
1942-06-01	+09:00
1942-07-01	+09:00
1942-08-01	+09:00
1942-09-01	+09:00
1942-10-01	+09:00
1942-11-01	+09:00
1942-12-01	+09:00
1943-01-01	+09:00
1943-02-01	+09:00
1943-03-01	+09:00
1943-04-01	+09:00
1943-05-01	+09:00
1943-06-01	+09:00
1943-07-01	+09:00
1943-08-01	+09:00
1943-09-01	+09:00
1943-10-01	+09:00
1943-11-01	+09:00
1943-12-01	+09:00
1944-01-01	+09:00
1944-02-01	+09:00
1944-03-01	+09:00
1944-04-01	+09:00
1944-05-01	+09:00
1944-06-01	+09:00
1944-07-01	+09:00
1944-08-01	+09:00
1944-09-01	+09:00
1944-10-01	+09:00
1944-11-01	+09:00
1944-12-01	+09:00
1945-01-01	+09:00
1945-02-01	+09:00
1945-03-01	+09:00
1945-04-01	+09:00
1945-05-01	+09:00
1945-06-01	+09:00
1945-07-01	+09:00
1945-08-01	+09:00
1945-09-01	+09:00
1945-10-01	+08:00
1945-11-01	+08:00
1945-12-01	+08:00
1946-01-01	+08:00
1946-02-01	+08:00
1946-03-01	+08:00
1946-04-01	+08:00
1946-05-01	+08:00
1946-06-01	+09:00
1946-07-01	+09:00
1946-08-01	+09:00
1946-09-01	+09:00
1946-10-01	+08:00
1946-11-01	+08:00
1946-12-01	+08:00
1947-01-01	+08:00
1947-02-01	+08:00
1947-03-01	+08:00
1947-04-01	+08:00
1947-05-01	+09:00
1947-06-01	+09:00
1947-07-01	+09:00
1947-08-01	+09:00
1947-09-01	+09:00
1947-10-01	+09:00
1947-11-01	+08:00
1947-12-01	+08:00
1948-01-01	+08:00
1948-02-01	+08:00
1948-03-01	+08:00
1948-04-01	+08:00
1948-05-01	+08:00
1948-06-01	+09:00
1948-07-01	+09:00
1948-08-01	+09:00
1948-09-01	+09:00
1948-10-01	+08:00
1948-11-01	+08:00
1948-12-01	+08:00
1949-01-01	+08:00
1949-02-01	+08:00
1949-03-01	+08:00
1949-04-01	+08:00
1949-05-01	+08:00
1949-06-01	+08:00
1949-07-01	+08:00
1949-08-01	+08:00
1949-09-01	+08:00
1949-10-01	+08:00
1949-11-01	+08:00
1949-12-01	+08:00
1950-01-01	+08:00
1950-02-01	+08:00
1950-03-01	+08:00
1950-04-01	+08:00
1950-05-01	+08:00
1950-06-01	+08:00
1950-07-01	+08:00
1950-08-01	+08:00
1950-09-01	+08:00
1950-10-01	+08:00
1950-11-01	+08:00
1950-12-01	+08:00
1951-01-01	+08:00
1951-02-01	+08:00
1951-03-01	+08:00
1951-04-01	+08:00
1951-05-01	+08:00
1951-06-01	+08:00
1951-07-01	+08:00
1951-08-01	+08:00
1951-09-01	+08:00
1951-10-01	+08:00
1951-11-01	+08:00
1951-12-01	+08:00
1952-01-01	+08:00
1952-02-01	+08:00
1952-03-01	+08:00
1952-04-01	+08:00
1952-05-01	+08:00
1952-06-01	+08:00
1952-07-01	+08:00
1952-08-01	+08:00
1952-09-01	+08:00
1952-10-01	+08:00
1952-11-01	+08:00
1952-12-01	+08:00
1953-01-01	+08:00
1953-02-01	+08:00
1953-03-01	+08:00
1953-04-01	+08:00
1953-05-01	+08:00
1953-06-01	+08:00
1953-07-01	+08:00
1953-08-01	+08:00
1953-09-01	+08:00
1953-10-01	+08:00
1953-11-01	+08:00
1953-12-01	+08:00
1954-01-01	+08:00
1954-02-01	+08:00
1954-03-01	+08:00
1954-04-01	+08:00
1954-05-01	+08:00
1954-06-01	+08:00
1954-07-01	+08:00
1954-08-01	+08:00
1954-09-01	+08:00
1954-10-01	+08:00
1954-11-01	+08:00
1954-12-01	+08:00
1955-01-01	+08:00
1955-02-01	+08:00
1955-03-01	+08:00
1955-04-01	+08:00
1955-05-01	+08:00
1955-06-01	+08:00
1955-07-01	+08:00
1955-08-01	+08:00
1955-09-01	+08:00
1955-10-01	+08:00
1955-11-01	+08:00
1955-12-01	+08:00
1956-01-01	+08:00
1956-02-01	+08:00
1956-03-01	+08:00
1956-04-01	+08:00
1956-05-01	+08:00
1956-06-01	+08:00
1956-07-01	+08:00
1956-08-01	+08:00
1956-09-01	+08:00
1956-10-01	+08:00
1956-11-01	+08:00
1956-12-01	+08:00
1957-01-01	+08:00
1957-02-01	+08:00
1957-03-01	+08:00
1957-04-01	+08:00
1957-05-01	+08:00
1957-06-01	+08:00
1957-07-01	+08:00
1957-08-01	+08:00
1957-09-01	+08:00
1957-10-01	+08:00
1957-11-01	+08:00
1957-12-01	+08:00
1958-01-01	+08:00
1958-02-01	+08:00
1958-03-01	+08:00
1958-04-01	+08:00
1958-05-01	+08:00
1958-06-01	+08:00
1958-07-01	+08:00
1958-08-01	+08:00
1958-09-01	+08:00
1958-10-01	+08:00
1958-11-01	+08:00
1958-12-01	+08:00
1959-01-01	+08:00
1959-02-01	+08:00
1959-03-01	+08:00
1959-04-01	+08:00
1959-05-01	+08:00
1959-06-01	+08:00
1959-07-01	+08:00
1959-08-01	+08:00
1959-09-01	+08:00
1959-10-01	+08:00
1959-11-01	+08:00
1959-12-01	+08:00
1960-01-01	+08:00
1960-02-01	+08:00
1960-03-01	+08:00
1960-04-01	+08:00
1960-05-01	+08:00
1960-06-01	+08:00
1960-07-01	+08:00
1960-08-01	+08:00
1960-09-01	+08:00
1960-10-01	+08:00
1960-11-01	+08:00
1960-12-01	+08:00
1961-01-01	+08:00
1961-02-01	+08:00
1961-03-01	+08:00
1961-04-01	+08:00
1961-05-01	+08:00
1961-06-01	+08:00
1961-07-01	+08:00
1961-08-01	+08:00
1961-09-01	+08:00
1961-10-01	+08:00
1961-11-01	+08:00
1961-12-01	+08:00
1962-01-01	+08:00
1962-02-01	+08:00
1962-03-01	+08:00
1962-04-01	+08:00
1962-05-01	+08:00
1962-06-01	+08:00
1962-07-01	+08:00
1962-08-01	+08:00
1962-09-01	+08:00
1962-10-01	+08:00
1962-11-01	+08:00
1962-12-01	+08:00
1963-01-01	+08:00
1963-02-01	+08:00
1963-03-01	+08:00
1963-04-01	+08:00
1963-05-01	+08:00
1963-06-01	+08:00
1963-07-01	+08:00
1963-08-01	+08:00
1963-09-01	+08:00
1963-10-01	+08:00
1963-11-01	+08:00
1963-12-01	+08:00
1964-01-01	+08:00
1964-02-01	+08:00
1964-03-01	+08:00
1964-04-01	+08:00
1964-05-01	+08:00
1964-06-01	+08:00
1964-07-01	+08:00
1964-08-01	+08:00
1964-09-01	+08:00
1964-10-01	+08:00
1964-11-01	+08:00
1964-12-01	+08:00
1965-01-01	+08:00
1965-02-01	+08:00
1965-03-01	+08:00
1965-04-01	+08:00
1965-05-01	+08:00
1965-06-01	+08:00
1965-07-01	+08:00
1965-08-01	+08:00
1965-09-01	+08:00
1965-10-01	+08:00
1965-11-01	+08:00
1965-12-01	+08:00
1966-01-01	+08:00
1966-02-01	+08:00
1966-03-01	+08:00
1966-04-01	+08:00
1966-05-01	+08:00
1966-06-01	+08:00
1966-07-01	+08:00
1966-08-01	+08:00
1966-09-01	+08:00
1966-10-01	+08:00
1966-11-01	+08:00
1966-12-01	+08:00
1967-01-01	+08:00
1967-02-01	+08:00
1967-03-01	+08:00
1967-04-01	+08:00
1967-05-01	+08:00
1967-06-01	+08:00
1967-07-01	+08:00
1967-08-01	+08:00
1967-09-01	+08:00
1967-10-01	+08:00
1967-11-01	+08:00
1967-12-01	+08:00
1968-01-01	+08:00
1968-02-01	+08:00
1968-03-01	+08:00
1968-04-01	+08:00
1968-05-01	+08:00
1968-06-01	+08:00
1968-07-01	+08:00
1968-08-01	+08:00
1968-09-01	+08:00
1968-10-01	+08:00
1968-11-01	+08:00
1968-12-01	+08:00
1969-01-01	+08:00
1969-02-01	+08:00
1969-03-01	+08:00
1969-04-01	+08:00
1969-05-01	+08:00
1969-06-01	+08:00
1969-07-01	+08:00
1969-08-01	+08:00
1969-09-01	+08:00
1969-10-01	+08:00
1969-11-01	+08:00
1969-12-01	+08:00
1970-01-01	+08:00
1970-02-01	+08:00
1970-03-01	+08:00
1970-04-01	+08:00
1970-05-01	+08:00
1970-06-01	+08:00
1970-07-01	+08:00
1970-08-01	+08:00
1970-09-01	+08:00
1970-10-01	+08:00
1970-11-01	+08:00
1970-12-01	+08:00
1971-01-01	+08:00
1971-02-01	+08:00
1971-03-01	+08:00
1971-04-01	+08:00
1971-05-01	+08:00
1971-06-01	+08:00
1971-07-01	+08:00
1971-08-01	+08:00
1971-09-01	+08:00
1971-10-01	+08:00
1971-11-01	+08:00
1971-12-01	+08:00
1972-01-01	+08:00
1972-02-01	+08:00
1972-03-01	+08:00
1972-04-01	+08:00
1972-05-01	+08:00
1972-06-01	+08:00
1972-07-01	+08:00
1972-08-01	+08:00
1972-09-01	+08:00
1972-10-01	+08:00
1972-11-01	+08:00
1972-12-01	+08:00
1973-01-01	+08:00
1973-02-01	+08:00
1973-03-01	+08:00
1973-04-01	+08:00
1973-05-01	+08:00
1973-06-01	+08:00
1973-07-01	+08:00
1973-08-01	+08:00
1973-09-01	+08:00
1973-10-01	+08:00
1973-11-01	+08:00
1973-12-01	+08:00
1974-01-01	+08:00
1974-02-01	+08:00
1974-03-01	+08:00
1974-04-01	+08:00
1974-05-01	+08:00
1974-06-01	+08:00
1974-07-01	+08:00
1974-08-01	+08:00
1974-09-01	+08:00
1974-10-01	+08:00
1974-11-01	+08:00
1974-12-01	+08:00
1975-01-01	+08:00
1975-02-01	+08:00
1975-03-01	+08:00
1975-04-01	+08:00
1975-05-01	+08:00
1975-06-01	+08:00
1975-07-01	+08:00
1975-08-01	+08:00
1975-09-01	+08:00
1975-10-01	+08:00
1975-11-01	+08:00
1975-12-01	+08:00
1976-01-01	+08:00
1976-02-01	+08:00
1976-03-01	+08:00
1976-04-01	+08:00
1976-05-01	+08:00
1976-06-01	+08:00
1976-07-01	+08:00
1976-08-01	+08:00
1976-09-01	+08:00
1976-10-01	+08:00
1976-11-01	+08:00
1976-12-01	+08:00
1977-01-01	+08:00
1977-02-01	+08:00
1977-03-01	+08:00
1977-04-01	+08:00
1977-05-01	+08:00
1977-06-01	+08:00
1977-07-01	+08:00
1977-08-01	+08:00
1977-09-01	+08:00
1977-10-01	+08:00
1977-11-01	+08:00
1977-12-01	+08:00
1978-01-01	+08:00
1978-02-01	+08:00
1978-03-01	+08:00
1978-04-01	+08:00
1978-05-01	+08:00
1978-06-01	+08:00
1978-07-01	+08:00
1978-08-01	+08:00
1978-09-01	+08:00
1978-10-01	+08:00
1978-11-01	+08:00
1978-12-01	+08:00
1979-01-01	+08:00
1979-02-01	+08:00
1979-03-01	+08:00
1979-04-01	+08:00
1979-05-01	+08:00
1979-06-01	+08:00
1979-07-01	+08:00
1979-08-01	+08:00
1979-09-01	+08:00
1979-10-01	+08:00
1979-11-01	+08:00
1979-12-01	+08:00
1980-01-01	+08:00
1980-02-01	+08:00
1980-03-01	+08:00
1980-04-01	+08:00
1980-05-01	+08:00
1980-06-01	+08:00
1980-07-01	+08:00
1980-08-01	+08:00
1980-09-01	+08:00
1980-10-01	+08:00
1980-11-01	+08:00
1980-12-01	+08:00
1981-01-01	+08:00
1981-02-01	+08:00
1981-03-01	+08:00
1981-04-01	+08:00
1981-05-01	+08:00
1981-06-01	+08:00
1981-07-01	+08:00
1981-08-01	+08:00
1981-09-01	+08:00
1981-10-01	+08:00
1981-11-01	+08:00
1981-12-01	+08:00
1982-01-01	+08:00
1982-02-01	+08:00
1982-03-01	+08:00
1982-04-01	+08:00
1982-05-01	+08:00
1982-06-01	+08:00
1982-07-01	+08:00
1982-08-01	+08:00
1982-09-01	+08:00
1982-10-01	+08:00
1982-11-01	+08:00
1982-12-01	+08:00
1983-01-01	+08:00
1983-02-01	+08:00
1983-03-01	+08:00
1983-04-01	+08:00
1983-05-01	+08:00
1983-06-01	+08:00
1983-07-01	+08:00
1983-08-01	+08:00
1983-09-01	+08:00
1983-10-01	+08:00
1983-11-01	+08:00
1983-12-01	+08:00
1984-01-01	+08:00
1984-02-01	+08:00
1984-03-01	+08:00
1984-04-01	+08:00
1984-05-01	+08:00
1984-06-01	+08:00
1984-07-01	+08:00
1984-08-01	+08:00
1984-09-01	+08:00
1984-10-01	+08:00
1984-11-01	+08:00
1984-12-01	+08:00
1985-01-01	+08:00
1985-02-01	+08:00
1985-03-01	+08:00
1985-04-01	+08:00
1985-05-01	+08:00
1985-06-01	+08:00
1985-07-01	+08:00
1985-08-01	+08:00
1985-09-01	+08:00
1985-10-01	+08:00
1985-11-01	+08:00
1985-12-01	+08:00
1986-01-01	+08:00
1986-02-01	+08:00
1986-03-01	+08:00
1986-04-01	+08:00
1986-05-01	+08:00
1986-06-01	+09:00
1986-07-01	+09:00
1986-08-01	+09:00
1986-09-01	+09:00
1986-10-01	+08:00
1986-11-01	+08:00
1986-12-01	+08:00
1987-01-01	+08:00
1987-02-01	+08:00
1987-03-01	+08:00
1987-04-01	+08:00
1987-05-01	+09:00
1987-06-01	+09:00
1987-07-01	+09:00
1987-08-01	+09:00
1987-09-01	+09:00
1987-10-01	+08:00
1987-11-01	+08:00
1987-12-01	+08:00
1988-01-01	+08:00
1988-02-01	+08:00
1988-03-01	+08:00
1988-04-01	+08:00
1988-05-01	+09:00
1988-06-01	+09:00
1988-07-01	+09:00
1988-08-01	+09:00
1988-09-01	+09:00
1988-10-01	+08:00
1988-11-01	+08:00
1988-12-01	+08:00
1989-01-01	+08:00
1989-02-01	+08:00
1989-03-01	+08:00
1989-04-01	+08:00
1989-05-01	+09:00
1989-06-01	+09:00
1989-07-01	+09:00
1989-08-01	+09:00
1989-09-01	+09:00
1989-10-01	+08:00
1989-11-01	+08:00
1989-12-01	+08:00
1990-01-01	+08:00
1990-02-01	+08:00
1990-03-01	+08:00
1990-04-01	+08:00
1990-05-01	+09:00
1990-06-01	+09:00
1990-07-01	+09:00
1990-08-01	+09:00
1990-09-01	+09:00
1990-10-01	+08:00
1990-11-01	+08:00
1990-12-01	+08:00
1991-01-01	+08:00
1991-02-01	+08:00
1991-03-01	+08:00
1991-04-01	+08:00
1991-05-01	+09:00
1991-06-01	+09:00
1991-07-01	+09:00
1991-08-01	+09:00
1991-09-01	+09:00
1991-10-01	+08:00
1991-11-01	+08:00
1991-12-01	+08:00
1992-01-01	+08:00
1992-02-01	+08:00
1992-03-01	+08:00
1992-04-01	+08:00
1992-05-01	+08:00
1992-06-01	+08:00
1992-07-01	+08:00
1992-08-01	+08:00
1992-09-01	+08:00
1992-10-01	+08:00
1992-11-01	+08:00
1992-12-01	+08:00
1993-01-01	+08:00
1993-02-01	+08:00
1993-03-01	+08:00
1993-04-01	+08:00
1993-05-01	+08:00
1993-06-01	+08:00
1993-07-01	+08:00
1993-08-01	+08:00
1993-09-01	+08:00
1993-10-01	+08:00
1993-11-01	+08:00
1993-12-01	+08:00
1994-01-01	+08:00
1994-02-01	+08:00
1994-03-01	+08:00
1994-04-01	+08:00
1994-05-01	+08:00
1994-06-01	+08:00
1994-07-01	+08:00
1994-08-01	+08:00
1994-09-01	+08:00
1994-10-01	+08:00
1994-11-01	+08:00
1994-12-01	+08:00
1995-01-01	+08:00
1995-02-01	+08:00
1995-03-01	+08:00
1995-04-01	+08:00
1995-05-01	+08:00
1995-06-01	+08:00
1995-07-01	+08:00
1995-08-01	+08:00
1995-09-01	+08:00
1995-10-01	+08:00
1995-11-01	+08:00
1995-12-01	+08:00
1996-01-01	+08:00
1996-02-01	+08:00
1996-03-01	+08:00
1996-04-01	+08:00
1996-05-01	+08:00
1996-06-01	+08:00
1996-07-01	+08:00
1996-08-01	+08:00
1996-09-01	+08:00
1996-10-01	+08:00
1996-11-01	+08:00
1996-12-01	+08:00
1997-01-01	+08:00
1997-02-01	+08:00
1997-03-01	+08:00
1997-04-01	+08:00
1997-05-01	+08:00
1997-06-01	+08:00
1997-07-01	+08:00
1997-08-01	+08:00
1997-09-01	+08:00
1997-10-01	+08:00
1997-11-01	+08:00
1997-12-01	+08:00
1998-01-01	+08:00
1998-02-01	+08:00
1998-03-01	+08:00
1998-04-01	+08:00
1998-05-01	+08:00
1998-06-01	+08:00
1998-07-01	+08:00
1998-08-01	+08:00
1998-09-01	+08:00
1998-10-01	+08:00
1998-11-01	+08:00
1998-12-01	+08:00
1999-01-01	+08:00
1999-02-01	+08:00
1999-03-01	+08:00
1999-04-01	+08:00
1999-05-01	+08:00
1999-06-01	+08:00
1999-07-01	+08:00
1999-08-01	+08:00
1999-09-01	+08:00
1999-10-01	+08:00
1999-11-01	+08:00
1999-12-01	+08:00
{
	"@type":"com.alibaba.fastjson2.issues_2300.Issue2392$Bean",
	"value":{
		"@type":"kotlin.collections.EmptyList",
		"@value":[]
	}
}
{"testField":"My Test"}
{"n0":null,"n1":"1","s0":"","s1":"noear"}
{"v":6.805646932770577E38}
70774423
[Value2{val=1, v_al=2}, Value2{val=2, v_al=2}, Value2{val=3, v_al=2}]  
{"data":{"key1":"value1","key2":"value2"},"success":false}
{"data":["key1","key2"],"success":false}
com.alibaba.fastjson2.JSONException: illegal number, offset 25, char }
	at com.alibaba.fastjson2.JSONReader.numberError(JSONReader.java:6770)
	at com.alibaba.fastjson2.JSONReader.getInt64Value(JSONReader.java:2050)
	at com.alibaba.fastjson2.JSONReader.readInt64ValueOverflow(JSONReader.java:1933)
	at com.alibaba.fastjson2.JSONReaderUTF8.readInt64Value(JSONReaderUTF8.java:3757)
	at com.alibaba.fastjson2.reader.ORG_2077_1_LongVal.readObject(Unknown Source)
	at com.alibaba.fastjson2.JSON.parseObject(JSON.java:992)
	at com.alibaba.fastjson2.v1issues.issue_1400.Issue1423.test_for_issue(Issue1423.java:17)
	at java.base/jdk.internal.reflect.DirectMethodHandleAccessor.invoke(DirectMethodHandleAccessor.java:104)
	at java.base/java.lang.reflect.Method.invoke(Method.java:565)
	at org.junit.platform.commons.util.ReflectionUtils.invokeMethod(ReflectionUtils.java:787)
	at org.junit.platform.commons.support.ReflectionSupport.invokeMethod(ReflectionSupport.java:478)
	at org.junit.jupiter.engine.execution.MethodInvocation.proceed(MethodInvocation.java:60)
	at org.junit.jupiter.engine.execution.InvocationInterceptorChain$ValidatingInvocation.proceed(InvocationInterceptorChain.java:131)
	at org.junit.jupiter.engine.extension.TimeoutExtension.intercept(TimeoutExtension.java:161)
	at org.junit.jupiter.engine.extension.TimeoutExtension.interceptTestableMethod(TimeoutExtension.java:152)
	at org.junit.jupiter.engine.extension.TimeoutExtension.interceptTestMethod(TimeoutExtension.java:91)
	at org.junit.jupiter.engine.execution.InterceptingExecutableInvoker$ReflectiveInterceptorCall.lambda$ofVoidMethod$0(InterceptingExecutableInvoker.java:112)
	at org.junit.jupiter.engine.execution.InterceptingExecutableInvoker.lambda$invoke$0(InterceptingExecutableInvoker.java:94)
	at org.junit.jupiter.engine.execution.InvocationInterceptorChain$InterceptedInvocation.proceed(InvocationInterceptorChain.java:106)
	at org.junit.jupiter.engine.execution.InvocationInterceptorChain.proceed(InvocationInterceptorChain.java:64)
	at org.junit.jupiter.engine.execution.InvocationInterceptorChain.chainAndInvoke(InvocationInterceptorChain.java:45)
	at org.junit.jupiter.engine.execution.InvocationInterceptorChain.invoke(InvocationInterceptorChain.java:37)
	at org.junit.jupiter.engine.execution.InterceptingExecutableInvoker.invoke(InterceptingExecutableInvoker.java:93)
	at org.junit.jupiter.engine.execution.InterceptingExecutableInvoker.invoke(InterceptingExecutableInvoker.java:87)
	at org.junit.jupiter.engine.descriptor.TestMethodTestDescriptor.lambda$invokeTestMethod$4(TestMethodTestDescriptor.java:221)
	at org.junit.platform.engine.support.hierarchical.ThrowableCollector.execute(ThrowableCollector.java:73)
	at org.junit.jupiter.engine.descriptor.TestMethodTestDescriptor.invokeTestMethod(TestMethodTestDescriptor.java:217)
	at org.junit.jupiter.engine.descriptor.TestMethodTestDescriptor.execute(TestMethodTestDescriptor.java:159)
	at org.junit.jupiter.engine.descriptor.TestMethodTestDescriptor.execute(TestMethodTestDescriptor.java:70)
	at org.junit.platform.engine.support.hierarchical.NodeTestTask.lambda$executeRecursively$6(NodeTestTask.java:157)
	at org.junit.platform.engine.support.hierarchical.ThrowableCollector.execute(ThrowableCollector.java:73)
	at org.junit.platform.engine.support.hierarchical.NodeTestTask.lambda$executeRecursively$8(NodeTestTask.java:147)
	at org.junit.platform.engine.support.hierarchical.Node.around(Node.java:137)
	at org.junit.platform.engine.support.hierarchical.NodeTestTask.lambda$executeRecursively$9(NodeTestTask.java:145)
	at org.junit.platform.engine.support.hierarchical.ThrowableCollector.execute(ThrowableCollector.java:73)
	at org.junit.platform.engine.support.hierarchical.NodeTestTask.executeRecursively(NodeTestTask.java:144)
	at org.junit.platform.engine.support.hierarchical.NodeTestTask.execute(NodeTestTask.java:101)
	at java.base/java.util.ArrayList.forEach(ArrayList.java:1604)
	at org.junit.platform.engine.support.hierarchical.SameThreadHierarchicalTestExecutorService.invokeAll(SameThreadHierarchicalTestExecutorService.java:41)
	at org.junit.platform.engine.support.hierarchical.NodeTestTask.lambda$executeRecursively$6(NodeTestTask.java:161)
	at org.junit.platform.engine.support.hierarchical.ThrowableCollector.execute(ThrowableCollector.java:73)
	at org.junit.platform.engine.support.hierarchical.NodeTestTask.lambda$executeRecursively$8(NodeTestTask.java:147)
	at org.junit.platform.engine.support.hierarchical.Node.around(Node.java:137)
	at org.junit.platform.engine.support.hierarchical.NodeTestTask.lambda$executeRecursively$9(NodeTestTask.java:145)
	at org.junit.platform.engine.support.hierarchical.ThrowableCollector.execute(ThrowableCollector.java:73)
	at org.junit.platform.engine.support.hierarchical.NodeTestTask.executeRecursively(NodeTestTask.java:144)
	at org.junit.platform.engine.support.hierarchical.NodeTestTask.execute(NodeTestTask.java:101)
	at java.base/java.util.ArrayList.forEach(ArrayList.java:1604)
	at org.junit.platform.engine.support.hierarchical.SameThreadHierarchicalTestExecutorService.invokeAll(SameThreadHierarchicalTestExecutorService.java:41)
	at org.junit.platform.engine.support.hierarchical.NodeTestTask.lambda$executeRecursively$6(NodeTestTask.java:161)
	at org.junit.platform.engine.support.hierarchical.ThrowableCollector.execute(ThrowableCollector.java:73)
	at org.junit.platform.engine.support.hierarchical.NodeTestTask.lambda$executeRecursively$8(NodeTestTask.java:147)
	at org.junit.platform.engine.support.hierarchical.Node.around(Node.java:137)
	at org.junit.platform.engine.support.hierarchical.NodeTestTask.lambda$executeRecursively$9(NodeTestTask.java:145)
	at org.junit.platform.engine.support.hierarchical.ThrowableCollector.execute(ThrowableCollector.java:73)
	at org.junit.platform.engine.support.hierarchical.NodeTestTask.executeRecursively(NodeTestTask.java:144)
	at org.junit.platform.engine.support.hierarchical.NodeTestTask.execute(NodeTestTask.java:101)
	at org.junit.platform.engine.support.hierarchical.SameThreadHierarchicalTestExecutorService.submit(SameThreadHierarchicalTestExecutorService.java:35)
	at org.junit.platform.engine.support.hierarchical.HierarchicalTestExecutor.execute(HierarchicalTestExecutor.java:57)
	at org.junit.platform.engine.support.hierarchical.HierarchicalTestEngine.execute(HierarchicalTestEngine.java:54)
	at org.junit.platform.launcher.core.EngineExecutionOrchestrator.executeEngine(EngineExecutionOrchestrator.java:230)
	at org.junit.platform.launcher.core.EngineExecutionOrchestrator.failOrExecuteEngine(EngineExecutionOrchestrator.java:204)
	at org.junit.platform.launcher.core.EngineExecutionOrchestrator.execute(EngineExecutionOrchestrator.java:172)
	at org.junit.platform.launcher.core.EngineExecutionOrchestrator.execute(EngineExecutionOrchestrator.java:101)
	at org.junit.platform.launcher.core.EngineExecutionOrchestrator.lambda$execute$0(EngineExecutionOrchestrator.java:64)
	at org.junit.platform.launcher.core.EngineExecutionOrchestrator.withInterceptedStreams(EngineExecutionOrchestrator.java:150)
	at org.junit.platform.launcher.core.EngineExecutionOrchestrator.execute(EngineExecutionOrchestrator.java:63)
	at org.junit.platform.launcher.core.DefaultLauncher.execute(DefaultLauncher.java:109)
	at org.junit.platform.launcher.core.DefaultLauncher.execute(DefaultLauncher.java:91)
	at org.junit.platform.launcher.core.DelegatingLauncher.execute(DelegatingLauncher.java:47)
	at org.junit.platform.launcher.core.InterceptingLauncher.lambda$execute$1(InterceptingLauncher.java:39)
	at org.junit.platform.launcher.core.ClasspathAlignmentCheckingLauncherInterceptor.intercept(ClasspathAlignmentCheckingLauncherInterceptor.java:25)
	at org.junit.platform.launcher.core.InterceptingLauncher.execute(InterceptingLauncher.java:38)
	at org.junit.platform.launcher.core.DelegatingLauncher.execute(DelegatingLauncher.java:47)
	at org.apache.maven.surefire.junitplatform.LazyLauncher.execute(LazyLauncher.java:56)
	at org.apache.maven.surefire.junitplatform.JUnitPlatformProvider.execute(JUnitPlatformProvider.java:194)
	at org.apache.maven.surefire.junitplatform.JUnitPlatformProvider.invokeAllTests(JUnitPlatformProvider.java:150)
	at org.apache.maven.surefire.junitplatform.JUnitPlatformProvider.invoke(JUnitPlatformProvider.java:124)
	at org.apache.maven.surefire.booter.ForkedBooter.runSuitesInProcess(ForkedBooter.java:385)
	at org.apache.maven.surefire.booter.ForkedBooter.execute(ForkedBooter.java:162)
	at org.apache.maven.surefire.booter.ForkedBooter.run(ForkedBooter.java:507)
	at org.apache.maven.surefire.booter.ForkedBooter.main(ForkedBooter.java:495)
com.alibaba.fastjson2.JSONException: illegal number, offset 25, char }
	at com.alibaba.fastjson2.JSONReader.numberError(JSONReader.java:6770)
	at com.alibaba.fastjson2.JSONReader.getInt64Value(JSONReader.java:2050)
	at com.alibaba.fastjson2.JSONReader.readInt64ValueOverflow(JSONReader.java:1933)
	at com.alibaba.fastjson2.JSONReaderUTF8.readInt64Value(JSONReaderUTF8.java:3757)
	at com.alibaba.fastjson2.reader.ORG_2077_1_LongVal.readObject(Unknown Source)
	at com.alibaba.fastjson2.JSON.parseObject(JSON.java:992)
	at com.alibaba.fastjson2.v1issues.issue_1400.Issue1423.test_for_issue(Issue1423.java:17)
	at java.base/jdk.internal.reflect.DirectMethodHandleAccessor.invoke(DirectMethodHandleAccessor.java:104)
	at java.base/java.lang.reflect.Method.invoke(Method.java:565)
	at org.junit.platform.commons.util.ReflectionUtils.invokeMethod(ReflectionUtils.java:787)
	at org.junit.platform.commons.support.ReflectionSupport.invokeMethod(ReflectionSupport.java:478)
	at org.junit.jupiter.engine.execution.MethodInvocation.proceed(MethodInvocation.java:60)
	at org.junit.jupiter.engine.execution.InvocationInterceptorChain$ValidatingInvocation.proceed(InvocationInterceptorChain.java:131)
	at org.junit.jupiter.engine.extension.TimeoutExtension.intercept(TimeoutExtension.java:161)
	at org.junit.jupiter.engine.extension.TimeoutExtension.interceptTestableMethod(TimeoutExtension.java:152)
	at org.junit.jupiter.engine.extension.TimeoutExtension.interceptTestMethod(TimeoutExtension.java:91)
	at org.junit.jupiter.engine.execution.InterceptingExecutableInvoker$ReflectiveInterceptorCall.lambda$ofVoidMethod$0(InterceptingExecutableInvoker.java:112)
	at org.junit.jupiter.engine.execution.InterceptingExecutableInvoker.lambda$invoke$0(InterceptingExecutableInvoker.java:94)
	at org.junit.jupiter.engine.execution.InvocationInterceptorChain$InterceptedInvocation.proceed(InvocationInterceptorChain.java:106)
	at org.junit.jupiter.engine.execution.InvocationInterceptorChain.proceed(InvocationInterceptorChain.java:64)
	at org.junit.jupiter.engine.execution.InvocationInterceptorChain.chainAndInvoke(InvocationInterceptorChain.java:45)
	at org.junit.jupiter.engine.execution.InvocationInterceptorChain.invoke(InvocationInterceptorChain.java:37)
	at org.junit.jupiter.engine.execution.InterceptingExecutableInvoker.invoke(InterceptingExecutableInvoker.java:93)
	at org.junit.jupiter.engine.execution.InterceptingExecutableInvoker.invoke(InterceptingExecutableInvoker.java:87)
	at org.junit.jupiter.engine.descriptor.TestMethodTestDescriptor.lambda$invokeTestMethod$4(TestMethodTestDescriptor.java:221)
	at org.junit.platform.engine.support.hierarchical.ThrowableCollector.execute(ThrowableCollector.java:73)
	at org.junit.jupiter.engine.descriptor.TestMethodTestDescriptor.invokeTestMethod(TestMethodTestDescriptor.java:217)
	at org.junit.jupiter.engine.descriptor.TestMethodTestDescriptor.execute(TestMethodTestDescriptor.java:159)
	at org.junit.jupiter.engine.descriptor.TestMethodTestDescriptor.execute(TestMethodTestDescriptor.java:70)
	at org.junit.platform.engine.support.hierarchical.NodeTestTask.lambda$executeRecursively$6(NodeTestTask.java:157)
	at org.junit.platform.engine.support.hierarchical.ThrowableCollector.execute(ThrowableCollector.java:73)
	at org.junit.platform.engine.support.hierarchical.NodeTestTask.lambda$executeRecursively$8(NodeTestTask.java:147)
	at org.junit.platform.engine.support.hierarchical.Node.around(Node.java:137)
	at org.junit.platform.engine.support.hierarchical.NodeTestTask.lambda$executeRecursively$9(NodeTestTask.java:145)
	at org.junit.platform.engine.support.hierarchical.ThrowableCollector.execute(ThrowableCollector.java:73)
	at org.junit.platform.engine.support.hierarchical.NodeTestTask.executeRecursively(NodeTestTask.java:144)
	at org.junit.platform.engine.support.hierarchical.NodeTestTask.execute(NodeTestTask.java:101)
	at java.base/java.util.ArrayList.forEach(ArrayList.java:1604)
	at org.junit.platform.engine.support.hierarchical.SameThreadHierarchicalTestExecutorService.invokeAll(SameThreadHierarchicalTestExecutorService.java:41)
	at org.junit.platform.engine.support.hierarchical.NodeTestTask.lambda$executeRecursively$6(NodeTestTask.java:161)
	at org.junit.platform.engine.support.hierarchical.ThrowableCollector.execute(ThrowableCollector.java:73)
	at org.junit.platform.engine.support.hierarchical.NodeTestTask.lambda$executeRecursively$8(NodeTestTask.java:147)
	at org.junit.platform.engine.support.hierarchical.Node.around(Node.java:137)
	at org.junit.platform.engine.support.hierarchical.NodeTestTask.lambda$executeRecursively$9(NodeTestTask.java:145)
	at org.junit.platform.engine.support.hierarchical.ThrowableCollector.execute(ThrowableCollector.java:73)
	at org.junit.platform.engine.support.hierarchical.NodeTestTask.executeRecursively(NodeTestTask.java:144)
	at org.junit.platform.engine.support.hierarchical.NodeTestTask.execute(NodeTestTask.java:101)
	at java.base/java.util.ArrayList.forEach(ArrayList.java:1604)
	at org.junit.platform.engine.support.hierarchical.SameThreadHierarchicalTestExecutorService.invokeAll(SameThreadHierarchicalTestExecutorService.java:41)
	at org.junit.platform.engine.support.hierarchical.NodeTestTask.lambda$executeRecursively$6(NodeTestTask.java:161)
	at org.junit.platform.engine.support.hierarchical.ThrowableCollector.execute(ThrowableCollector.java:73)
	at org.junit.platform.engine.support.hierarchical.NodeTestTask.lambda$executeRecursively$8(NodeTestTask.java:147)
	at org.junit.platform.engine.support.hierarchical.Node.around(Node.java:137)
	at org.junit.platform.engine.support.hierarchical.NodeTestTask.lambda$executeRecursively$9(NodeTestTask.java:145)
	at org.junit.platform.engine.support.hierarchical.ThrowableCollector.execute(ThrowableCollector.java:73)
	at org.junit.platform.engine.support.hierarchical.NodeTestTask.executeRecursively(NodeTestTask.java:144)
	at org.junit.platform.engine.support.hierarchical.NodeTestTask.execute(NodeTestTask.java:101)
	at org.junit.platform.engine.support.hierarchical.SameThreadHierarchicalTestExecutorService.submit(SameThreadHierarchicalTestExecutorService.java:35)
	at org.junit.platform.engine.support.hierarchical.HierarchicalTestExecutor.execute(HierarchicalTestExecutor.java:57)
	at org.junit.platform.engine.support.hierarchical.HierarchicalTestEngine.execute(HierarchicalTestEngine.java:54)
	at org.junit.platform.launcher.core.EngineExecutionOrchestrator.executeEngine(EngineExecutionOrchestrator.java:230)
	at org.junit.platform.launcher.core.EngineExecutionOrchestrator.failOrExecuteEngine(EngineExecutionOrchestrator.java:204)
	at org.junit.platform.launcher.core.EngineExecutionOrchestrator.execute(EngineExecutionOrchestrator.java:172)
	at org.junit.platform.launcher.core.EngineExecutionOrchestrator.execute(EngineExecutionOrchestrator.java:101)
	at org.junit.platform.launcher.core.EngineExecutionOrchestrator.lambda$execute$0(EngineExecutionOrchestrator.java:64)
	at org.junit.platform.launcher.core.EngineExecutionOrchestrator.withInterceptedStreams(EngineExecutionOrchestrator.java:150)
	at org.junit.platform.launcher.core.EngineExecutionOrchestrator.execute(EngineExecutionOrchestrator.java:63)
	at org.junit.platform.launcher.core.DefaultLauncher.execute(DefaultLauncher.java:109)
	at org.junit.platform.launcher.core.DefaultLauncher.execute(DefaultLauncher.java:91)
	at org.junit.platform.launcher.core.DelegatingLauncher.execute(DelegatingLauncher.java:47)
	at org.junit.platform.launcher.core.InterceptingLauncher.lambda$execute$1(InterceptingLauncher.java:39)
	at org.junit.platform.launcher.core.ClasspathAlignmentCheckingLauncherInterceptor.intercept(ClasspathAlignmentCheckingLauncherInterceptor.java:25)
	at org.junit.platform.launcher.core.InterceptingLauncher.execute(InterceptingLauncher.java:38)
	at org.junit.platform.launcher.core.DelegatingLauncher.execute(DelegatingLauncher.java:47)
	at org.apache.maven.surefire.junitplatform.LazyLauncher.execute(LazyLauncher.java:56)
	at org.apache.maven.surefire.junitplatform.JUnitPlatformProvider.execute(JUnitPlatformProvider.java:194)
	at org.apache.maven.surefire.junitplatform.JUnitPlatformProvider.invokeAllTests(JUnitPlatformProvider.java:150)
	at org.apache.maven.surefire.junitplatform.JUnitPlatformProvider.invoke(JUnitPlatformProvider.java:124)
	at org.apache.maven.surefire.booter.ForkedBooter.runSuitesInProcess(ForkedBooter.java:385)
	at org.apache.maven.surefire.booter.ForkedBooter.execute(ForkedBooter.java:162)
	at org.apache.maven.surefire.booter.ForkedBooter.run(ForkedBooter.java:507)
	at org.apache.maven.surefire.booter.ForkedBooter.main(ForkedBooter.java:495)
{"code":"A001","name":"测试"}
{"model":{"age":30,"rowIndex":1},"sampleNum":"22B00123"}
{"test":"2017-11-17T00:00:00+08:00"}
{"test":"2017-11-17T00:00:00+08:00"}
[{"map3":["list0","list1"]},{"map2":["list0","list1"]},{"map1":["list0","list1"]},{"map0":["list0","list1"]},{"map7":["list0","list1"]},{"map6":["list0","list1"]},{"map5":["list0","list1"]},{"map4":["list0","list1"]},{"map9":["list0","list1"]},{"map8":["list0","list1"]}]
[map3=[list0, list1], map2=[list0, list1], map1=[list0, list1], map0=[list0, list1], map7=[list0, list1], map6=[list0, list1], map5=[list0, list1], map4=[list0, list1], map9=[list0, list1], map8=[list0, list1]]
{"@type":"com.alibaba.fastjson2.v1issues.issue_1500.Issue1556$ApiResult","code":0,"data":{"@type":"com.alibaba.fastjson2.v1issues.issue_1500.Issue1556$ClassForData","dataName":"dataname","first":{"addr":"It is addr","commonInfo":{"demoDate":"2026-10-07 00:42:44.23"}},"second":{"commonInfo":{"demoDate":"2026-10-07 00:42:44.23"},"name":"It is name"}},"msg":"Success"}
{"@type":"com.alibaba.fastjson2.v1issues.issue_1500.Issue1556$ApiResult","code":0,"data":{"@type":"com.alibaba.fastjson2.v1issues.issue_1500.Issue1556$ClassForData","dataName":"dataname","first":{"addr":"It is addr","commonInfo":{"demoDate":"2026-10-07 00:42:44.23"}},"second":{"commonInfo":{"demoDate":"2026-10-07 00:42:44.23"},"name":"It is name"}},"msg":"Success"}
WARNING: Use of the three-letter time zone ID "AET" is deprecated and it will be removed in a future release
WARNING: Use of the three-letter time zone ID "IST" is deprecated and it will be removed in a future release
WARNING: Use of the three-letter time zone ID "CST" is deprecated and it will be removed in a future release
WARNING: Use of the three-letter time zone ID "NET" is deprecated and it will be removed in a future release
WARNING: Use of the three-letter time zone ID "AGT" is deprecated and it will be removed in a future release
WARNING: Use of the three-letter time zone ID "CAT" is deprecated and it will be removed in a future release
WARNING: Use of the three-letter time zone ID "MIT" is deprecated and it will be removed in a future release
WARNING: Use of the three-letter time zone ID "BET" is deprecated and it will be removed in a future release
WARNING: Use of the three-letter time zone ID "PST" is deprecated and it will be removed in a future release
WARNING: Use of the three-letter time zone ID "ART" is deprecated and it will be removed in a future release
WARNING: Use of the three-letter time zone ID "JST" is deprecated and it will be removed in a future release
WARNING: Use of the three-letter time zone ID "VST" is deprecated and it will be removed in a future release
WARNING: Use of the three-letter time zone ID "IET" is deprecated and it will be removed in a future release
WARNING: Use of the three-letter time zone ID "CNT" is deprecated and it will be removed in a future release
WARNING: Use of the three-letter time zone ID "PLT" is deprecated and it will be removed in a future release
WARNING: Use of the three-letter time zone ID "PNT" is deprecated and it will be removed in a future release
WARNING: Use of the three-letter time zone ID "EST" is deprecated and it will be removed in a future release
WARNING: Use of the three-letter time zone ID "EAT" is deprecated and it will be removed in a future release
WARNING: Use of the three-letter time zone ID "ECT" is deprecated and it will be removed in a future release
WARNING: Use of the three-letter time zone ID "PRT" is deprecated and it will be removed in a future release
WARNING: Use of the three-letter time zone ID "CTT" is deprecated and it will be removed in a future release
WARNING: Use of the three-letter time zone ID "SST" is deprecated and it will be removed in a future release
WARNING: Use of the three-letter time zone ID "MST" is deprecated and it will be removed in a future release
WARNING: Use of the three-letter time zone ID "AST" is deprecated and it will be removed in a future release
WARNING: Use of the three-letter time zone ID "NST" is deprecated and it will be removed in a future release
WARNING: Use of the three-letter time zone ID "HST" is deprecated and it will be removed in a future release
WARNING: Use of the three-letter time zone ID "ACT" is deprecated and it will be removed in a future release
WARNING: Use of the three-letter time zone ID "BST" is deprecated and it will be removed in a future release
WARNING: Use of the three-letter time zone ID "AET" is deprecated and it will be removed in a future release
WARNING: Use of the three-letter time zone ID "IST" is deprecated and it will be removed in a future release
WARNING: Use of the three-letter time zone ID "CST" is deprecated and it will be removed in a future release
WARNING: Use of the three-letter time zone ID "NET" is deprecated and it will be removed in a future release
WARNING: Use of the three-letter time zone ID "AGT" is deprecated and it will be removed in a future release
WARNING: Use of the three-letter time zone ID "CAT" is deprecated and it will be removed in a future release
WARNING: Use of the three-letter time zone ID "MIT" is deprecated and it will be removed in a future release
WARNING: Use of the three-letter time zone ID "BET" is deprecated and it will be removed in a future release
WARNING: Use of the three-letter time zone ID "PST" is deprecated and it will be removed in a future release
WARNING: Use of the three-letter time zone ID "ART" is deprecated and it will be removed in a future release
WARNING: Use of the three-letter time zone ID "JST" is deprecated and it will be removed in a future release
WARNING: Use of the three-letter time zone ID "VST" is deprecated and it will be removed in a future release
WARNING: Use of the three-letter time zone ID "IET" is deprecated and it will be removed in a future release
WARNING: Use of the three-letter time zone ID "CNT" is deprecated and it will be removed in a future release
WARNING: Use of the three-letter time zone ID "PLT" is deprecated and it will be removed in a future release
WARNING: Use of the three-letter time zone ID "PNT" is deprecated and it will be removed in a future release
WARNING: Use of the three-letter time zone ID "EST" is deprecated and it will be removed in a future release
WARNING: Use of the three-letter time zone ID "EAT" is deprecated and it will be removed in a future release
WARNING: Use of the three-letter time zone ID "ECT" is deprecated and it will be removed in a future release
WARNING: Use of the three-letter time zone ID "PRT" is deprecated and it will be removed in a future release
WARNING: Use of the three-letter time zone ID "CTT" is deprecated and it will be removed in a future release
WARNING: Use of the three-letter time zone ID "SST" is deprecated and it will be removed in a future release
WARNING: Use of the three-letter time zone ID "MST" is deprecated and it will be removed in a future release
WARNING: Use of the three-letter time zone ID "AST" is deprecated and it will be removed in a future release
WARNING: Use of the three-letter time zone ID "NST" is deprecated and it will be removed in a future release
WARNING: Use of the three-letter time zone ID "HST" is deprecated and it will be removed in a future release
WARNING: Use of the three-letter time zone ID "ACT" is deprecated and it will be removed in a future release
WARNING: Use of the three-letter time zone ID "BST" is deprecated and it will be removed in a future release
您的预约已经超时
[{"x":"y"},{"x":"y"}]
{"models":[{"x":"y"},{"x":"y"}]}
{"a":{"x":"y"},"b":{"x":"y"}}
{"a":{"x":"y"},"b":{"x":"y"}}
com.alibaba.fastjson2.JSONException: parse enum error, class com.alibaba.fastjson2.v1issues.issue_2000.Issue2065$EnumClass, getCode 0, offset 10, character }, line 1, column 10, fastjson-version 2.0.64 {"code":0}
	at com.alibaba.fastjson2.reader.ObjectReaderImplEnum.readObject(ObjectReaderImplEnum.java:254)
	at com.alibaba.fastjson2.reader.ORG_2176_1_Model.readObject(Unknown Source)
	at com.alibaba.fastjson2.JSON.parseObject(JSON.java:1299)
	at com.alibaba.fastjson2.v1issues.issue_2000.Issue2065.test_for_issue(Issue2065.java:20)
	at java.base/jdk.internal.reflect.DirectMethodHandleAccessor.invoke(DirectMethodHandleAccessor.java:104)
	at java.base/java.lang.reflect.Method.invoke(Method.java:565)
	at org.junit.platform.commons.util.ReflectionUtils.invokeMethod(ReflectionUtils.java:787)
	at org.junit.platform.commons.support.ReflectionSupport.invokeMethod(ReflectionSupport.java:478)
	at org.junit.jupiter.engine.execution.MethodInvocation.proceed(MethodInvocation.java:60)
	at org.junit.jupiter.engine.execution.InvocationInterceptorChain$ValidatingInvocation.proceed(InvocationInterceptorChain.java:131)
	at org.junit.jupiter.engine.extension.TimeoutExtension.intercept(TimeoutExtension.java:161)
	at org.junit.jupiter.engine.extension.TimeoutExtension.interceptTestableMethod(TimeoutExtension.java:152)
	at org.junit.jupiter.engine.extension.TimeoutExtension.interceptTestMethod(TimeoutExtension.java:91)
	at org.junit.jupiter.engine.execution.InterceptingExecutableInvoker$ReflectiveInterceptorCall.lambda$ofVoidMethod$0(InterceptingExecutableInvoker.java:112)
	at org.junit.jupiter.engine.execution.InterceptingExecutableInvoker.lambda$invoke$0(InterceptingExecutableInvoker.java:94)
	at org.junit.jupiter.engine.execution.InvocationInterceptorChain$InterceptedInvocation.proceed(InvocationInterceptorChain.java:106)
	at org.junit.jupiter.engine.execution.InvocationInterceptorChain.proceed(InvocationInterceptorChain.java:64)
	at org.junit.jupiter.engine.execution.InvocationInterceptorChain.chainAndInvoke(InvocationInterceptorChain.java:45)
	at org.junit.jupiter.engine.execution.InvocationInterceptorChain.invoke(InvocationInterceptorChain.java:37)
	at org.junit.jupiter.engine.execution.InterceptingExecutableInvoker.invoke(InterceptingExecutableInvoker.java:93)
	at org.junit.jupiter.engine.execution.InterceptingExecutableInvoker.invoke(InterceptingExecutableInvoker.java:87)
	at org.junit.jupiter.engine.descriptor.TestMethodTestDescriptor.lambda$invokeTestMethod$4(TestMethodTestDescriptor.java:221)
	at org.junit.platform.engine.support.hierarchical.ThrowableCollector.execute(ThrowableCollector.java:73)
	at org.junit.jupiter.engine.descriptor.TestMethodTestDescriptor.invokeTestMethod(TestMethodTestDescriptor.java:217)
	at org.junit.jupiter.engine.descriptor.TestMethodTestDescriptor.execute(TestMethodTestDescriptor.java:159)
	at org.junit.jupiter.engine.descriptor.TestMethodTestDescriptor.execute(TestMethodTestDescriptor.java:70)
	at org.junit.platform.engine.support.hierarchical.NodeTestTask.lambda$executeRecursively$6(NodeTestTask.java:157)
	at org.junit.platform.engine.support.hierarchical.ThrowableCollector.execute(ThrowableCollector.java:73)
	at org.junit.platform.engine.support.hierarchical.NodeTestTask.lambda$executeRecursively$8(NodeTestTask.java:147)
	at org.junit.platform.engine.support.hierarchical.Node.around(Node.java:137)
	at org.junit.platform.engine.support.hierarchical.NodeTestTask.lambda$executeRecursively$9(NodeTestTask.java:145)
	at org.junit.platform.engine.support.hierarchical.ThrowableCollector.execute(ThrowableCollector.java:73)
	at org.junit.platform.engine.support.hierarchical.NodeTestTask.executeRecursively(NodeTestTask.java:144)
	at org.junit.platform.engine.support.hierarchical.NodeTestTask.execute(NodeTestTask.java:101)
	at java.base/java.util.ArrayList.forEach(ArrayList.java:1604)
	at org.junit.platform.engine.support.hierarchical.SameThreadHierarchicalTestExecutorService.invokeAll(SameThreadHierarchicalTestExecutorService.java:41)
	at org.junit.platform.engine.support.hierarchical.NodeTestTask.lambda$executeRecursively$6(NodeTestTask.java:161)
	at org.junit.platform.engine.support.hierarchical.ThrowableCollector.execute(ThrowableCollector.java:73)
	at org.junit.platform.engine.support.hierarchical.NodeTestTask.lambda$executeRecursively$8(NodeTestTask.java:147)
	at org.junit.platform.engine.support.hierarchical.Node.around(Node.java:137)
	at org.junit.platform.engine.support.hierarchical.NodeTestTask.lambda$executeRecursively$9(NodeTestTask.java:145)
	at org.junit.platform.engine.support.hierarchical.ThrowableCollector.execute(ThrowableCollector.java:73)
	at org.junit.platform.engine.support.hierarchical.NodeTestTask.executeRecursively(NodeTestTask.java:144)
	at org.junit.platform.engine.support.hierarchical.NodeTestTask.execute(NodeTestTask.java:101)
	at java.base/java.util.ArrayList.forEach(ArrayList.java:1604)
	at org.junit.platform.engine.support.hierarchical.SameThreadHierarchicalTestExecutorService.invokeAll(SameThreadHierarchicalTestExecutorService.java:41)
	at org.junit.platform.engine.support.hierarchical.NodeTestTask.lambda$executeRecursively$6(NodeTestTask.java:161)
	at org.junit.platform.engine.support.hierarchical.ThrowableCollector.execute(ThrowableCollector.java:73)
	at org.junit.platform.engine.support.hierarchical.NodeTestTask.lambda$executeRecursively$8(NodeTestTask.java:147)
	at org.junit.platform.engine.support.hierarchical.Node.around(Node.java:137)
	at org.junit.platform.engine.support.hierarchical.NodeTestTask.lambda$executeRecursively$9(NodeTestTask.java:145)
	at org.junit.platform.engine.support.hierarchical.ThrowableCollector.execute(ThrowableCollector.java:73)
	at org.junit.platform.engine.support.hierarchical.NodeTestTask.executeRecursively(NodeTestTask.java:144)
	at org.junit.platform.engine.support.hierarchical.NodeTestTask.execute(NodeTestTask.java:101)
	at org.junit.platform.engine.support.hierarchical.SameThreadHierarchicalTestExecutorService.submit(SameThreadHierarchicalTestExecutorService.java:35)
	at org.junit.platform.engine.support.hierarchical.HierarchicalTestExecutor.execute(HierarchicalTestExecutor.java:57)
	at org.junit.platform.engine.support.hierarchical.HierarchicalTestEngine.execute(HierarchicalTestEngine.java:54)
	at org.junit.platform.launcher.core.EngineExecutionOrchestrator.executeEngine(EngineExecutionOrchestrator.java:230)
	at org.junit.platform.launcher.core.EngineExecutionOrchestrator.failOrExecuteEngine(EngineExecutionOrchestrator.java:204)
	at org.junit.platform.launcher.core.EngineExecutionOrchestrator.execute(EngineExecutionOrchestrator.java:172)
	at org.junit.platform.launcher.core.EngineExecutionOrchestrator.execute(EngineExecutionOrchestrator.java:101)
	at org.junit.platform.launcher.core.EngineExecutionOrchestrator.lambda$execute$0(EngineExecutionOrchestrator.java:64)
	at org.junit.platform.launcher.core.EngineExecutionOrchestrator.withInterceptedStreams(EngineExecutionOrchestrator.java:150)
	at org.junit.platform.launcher.core.EngineExecutionOrchestrator.execute(EngineExecutionOrchestrator.java:63)
	at org.junit.platform.launcher.core.DefaultLauncher.execute(DefaultLauncher.java:109)
	at org.junit.platform.launcher.core.DefaultLauncher.execute(DefaultLauncher.java:91)
	at org.junit.platform.launcher.core.DelegatingLauncher.execute(DelegatingLauncher.java:47)
	at org.junit.platform.launcher.core.InterceptingLauncher.lambda$execute$1(InterceptingLauncher.java:39)
	at org.junit.platform.launcher.core.ClasspathAlignmentCheckingLauncherInterceptor.intercept(ClasspathAlignmentCheckingLauncherInterceptor.java:25)
	at org.junit.platform.launcher.core.InterceptingLauncher.execute(InterceptingLauncher.java:38)
	at org.junit.platform.launcher.core.DelegatingLauncher.execute(DelegatingLauncher.java:47)
	at org.apache.maven.surefire.junitplatform.LazyLauncher.execute(LazyLauncher.java:56)
	at org.apache.maven.surefire.junitplatform.JUnitPlatformProvider.execute(JUnitPlatformProvider.java:194)
	at org.apache.maven.surefire.junitplatform.JUnitPlatformProvider.invokeAllTests(JUnitPlatformProvider.java:150)
	at org.apache.maven.surefire.junitplatform.JUnitPlatformProvider.invoke(JUnitPlatformProvider.java:124)
	at org.apache.maven.surefire.booter.ForkedBooter.runSuitesInProcess(ForkedBooter.java:385)
	at org.apache.maven.surefire.booter.ForkedBooter.execute(ForkedBooter.java:162)
	at org.apache.maven.surefire.booter.ForkedBooter.run(ForkedBooter.java:507)
	at org.apache.maven.surefire.booter.ForkedBooter.main(ForkedBooter.java:495)
{"value":10}
fastjson eval: [{"name":"level3","field":"leve3Field","body":{"name":"level4","field":"leve4Field"}}]
com.alibaba.fastjson2.v1issues.issue_1600.issue_1699.obj.RatingDetailBO@21002025
{"data":"","data2":"","data3":"","data4":"","data5":"","data6":"","data7":"","data8":"","data9":""}
{"data":"","data2":"","data3":"","data4":"","data5":"","data6":"","data7":"","data8":"","data9":""}
setter not found, class com.alibaba.fastjson2.v1issues.issue_1200.Issue1271$A, property b
setter not found, class com.alibaba.fastjson2.v1issues.issue_1200.Issue1271$B, property b
setter not found, class com.alibaba.fastjson2.v1issues.issue_1200.Issue1271$A, property b
setter not found, class com.alibaba.fastjson2.v1issues.issue_1200.Issue1271$B, property b
name=id,value=1
name=name,value=name
{"id":1,"nt":"name"}
{}
{"ab":{}}
{"ab":{}}
{"_parentId":"001"}
{"_parentId":"001"}
{"name":"b","value":{"name":"a","value":1},"value1":{"a":{"name":"a","value":1}}}
{"name":"b","value":{"a":{"name":"a","value":1}},"value1":{"name":"a","value":1}}
DataSimpleVO [name=b, value={"a":{"name":"a","value":1}}, value1={"name":"a","value":1}]
{"a":1,"b":"b","bars":{"c":3}}
{"@type":"com.alibaba.fastjson2.v1issues.issue_1300.Issue1319$MyTest","myEnum":"Test1","value":1}
{"myEnum":"Test1","value":1}
com.alibaba.fastjson2.v1issues.issue_1300.Issue1357$Test2Bean@78e88bd7
{"@type":"com.alibaba.fastjson2.v1issues.issue_1300.Issue1319C$MyTest","myEnum":"Test1","value":1}
{"myEnum":"Test1","value":1}
before：Data : aaa
{"stackTrace":[{"fileName":"Issue1344.java","lineNumber":16,"className":"com.alibaba.fastjson2.v1issues.issue_1300.Issue1344","methodName":"test_for_issue"},{"fileName":"DirectMethodHandleAccessor.java","lineNumber":104,"className":"jdk.internal.reflect.DirectMethodHandleAccessor","methodName":"invoke"},{"fileName":"Method.java","lineNumber":565,"className":"java.lang.reflect.Method","methodName":"invoke"},{"fileName":"ReflectionUtils.java","lineNumber":787,"className":"org.junit.platform.commons.util.ReflectionUtils","methodName":"invokeMethod"},{"fileName":"ReflectionSupport.java","lineNumber":478,"className":"org.junit.platform.commons.support.ReflectionSupport","methodName":"invokeMethod"},{"fileName":"MethodInvocation.java","lineNumber":60,"className":"org.junit.jupiter.engine.execution.MethodInvocation","methodName":"proceed"},{"fileName":"InvocationInterceptorChain.java","lineNumber":131,"className":"org.junit.jupiter.engine.execution.InvocationInterceptorChain$ValidatingInvocation","methodName":"proceed"},{"fileName":"TimeoutExtension.java","lineNumber":161,"className":"org.junit.jupiter.engine.extension.TimeoutExtension","methodName":"intercept"},{"fileName":"TimeoutExtension.java","lineNumber":152,"className":"org.junit.jupiter.engine.extension.TimeoutExtension","methodName":"interceptTestableMethod"},{"fileName":"TimeoutExtension.java","lineNumber":91,"className":"org.junit.jupiter.engine.extension.TimeoutExtension","methodName":"interceptTestMethod"},{"fileName":"InterceptingExecutableInvoker.java","lineNumber":112,"className":"org.junit.jupiter.engine.execution.InterceptingExecutableInvoker$ReflectiveInterceptorCall","methodName":"lambda$ofVoidMethod$0"},{"fileName":"InterceptingExecutableInvoker.java","lineNumber":94,"className":"org.junit.jupiter.engine.execution.InterceptingExecutableInvoker","methodName":"lambda$invoke$0"},{"fileName":"InvocationInterceptorChain.java","lineNumber":106,"className":"org.junit.jupiter.engine.execution.InvocationInterceptorChain$InterceptedInvocation","methodName":"proceed"},{"fileName":"InvocationInterceptorChain.java","lineNumber":64,"className":"org.junit.jupiter.engine.execution.InvocationInterceptorChain","methodName":"proceed"},{"fileName":"InvocationInterceptorChain.java","lineNumber":45,"className":"org.junit.jupiter.engine.execution.InvocationInterceptorChain","methodName":"chainAndInvoke"},{"fileName":"InvocationInterceptorChain.java","lineNumber":37,"className":"org.junit.jupiter.engine.execution.InvocationInterceptorChain","methodName":"invoke"},{"fileName":"InterceptingExecutableInvoker.java","lineNumber":93,"className":"org.junit.jupiter.engine.execution.InterceptingExecutableInvoker","methodName":"invoke"},{"fileName":"InterceptingExecutableInvoker.java","lineNumber":87,"className":"org.junit.jupiter.engine.execution.InterceptingExecutableInvoker","methodName":"invoke"},{"fileName":"TestMethodTestDescriptor.java","lineNumber":221,"className":"org.junit.jupiter.engine.descriptor.TestMethodTestDescriptor","methodName":"lambda$invokeTestMethod$4"},{"fileName":"ThrowableCollector.java","lineNumber":73,"className":"org.junit.platform.engine.support.hierarchical.ThrowableCollector","methodName":"execute"},{"fileName":"TestMethodTestDescriptor.java","lineNumber":217,"className":"org.junit.jupiter.engine.descriptor.TestMethodTestDescriptor","methodName":"invokeTestMethod"},{"fileName":"TestMethodTestDescriptor.java","lineNumber":159,"className":"org.junit.jupiter.engine.descriptor.TestMethodTestDescriptor","methodName":"execute"},{"fileName":"TestMethodTestDescriptor.java","lineNumber":70,"className":"org.junit.jupiter.engine.descriptor.TestMethodTestDescriptor","methodName":"execute"},{"fileName":"NodeTestTask.java","lineNumber":157,"className":"org.junit.platform.engine.support.hierarchical.NodeTestTask","methodName":"lambda$executeRecursively$6"},{"fileName":"ThrowableCollector.java","lineNumber":73,"className":"org.junit.platform.engine.support.hierarchical.ThrowableCollector","methodName":"execute"},{"fileName":"NodeTestTask.java","lineNumber":147,"className":"org.junit.platform.engine.support.hierarchical.NodeTestTask","methodName":"lambda$executeRecursively$8"},{"fileName":"Node.java","lineNumber":137,"className":"org.junit.platform.engine.support.hierarchical.Node","methodName":"around"},{"fileName":"NodeTestTask.java","lineNumber":145,"className":"org.junit.platform.engine.support.hierarchical.NodeTestTask","methodName":"lambda$executeRecursively$9"},{"fileName":"ThrowableCollector.java","lineNumber":73,"className":"org.junit.platform.engine.support.hierarchical.ThrowableCollector","methodName":"execute"},{"fileName":"NodeTestTask.java","lineNumber":144,"className":"org.junit.platform.engine.support.hierarchical.NodeTestTask","methodName":"executeRecursively"},{"fileName":"NodeTestTask.java","lineNumber":101,"className":"org.junit.platform.engine.support.hierarchical.NodeTestTask","methodName":"execute"},{"fileName":"ArrayList.java","lineNumber":1604,"className":"java.util.ArrayList","methodName":"forEach"},{"fileName":"SameThreadHierarchicalTestExecutorService.java","lineNumber":41,"className":"org.junit.platform.engine.support.hierarchical.SameThreadHierarchicalTestExecutorService","methodName":"invokeAll"},{"fileName":"NodeTestTask.java","lineNumber":161,"className":"org.junit.platform.engine.support.hierarchical.NodeTestTask","methodName":"lambda$executeRecursively$6"},{"fileName":"ThrowableCollector.java","lineNumber":73,"className":"org.junit.platform.engine.support.hierarchical.ThrowableCollector","methodName":"execute"},{"fileName":"NodeTestTask.java","lineNumber":147,"className":"org.junit.platform.engine.support.hierarchical.NodeTestTask","methodName":"lambda$executeRecursively$8"},{"fileName":"Node.java","lineNumber":137,"className":"org.junit.platform.engine.support.hierarchical.Node","methodName":"around"},{"fileName":"NodeTestTask.java","lineNumber":145,"className":"org.junit.platform.engine.support.hierarchical.NodeTestTask","methodName":"lambda$executeRecursively$9"},{"fileName":"ThrowableCollector.java","lineNumber":73,"className":"org.junit.platform.engine.support.hierarchical.ThrowableCollector","methodName":"execute"},{"fileName":"NodeTestTask.java","lineNumber":144,"className":"org.junit.platform.engine.support.hierarchical.NodeTestTask","methodName":"executeRecursively"},{"fileName":"NodeTestTask.java","lineNumber":101,"className":"org.junit.platform.engine.support.hierarchical.NodeTestTask","methodName":"execute"},{"fileName":"ArrayList.java","lineNumber":1604,"className":"java.util.ArrayList","methodName":"forEach"},{"fileName":"SameThreadHierarchicalTestExecutorService.java","lineNumber":41,"className":"org.junit.platform.engine.support.hierarchical.SameThreadHierarchicalTestExecutorService","methodName":"invokeAll"},{"fileName":"NodeTestTask.java","lineNumber":161,"className":"org.junit.platform.engine.support.hierarchical.NodeTestTask","methodName":"lambda$executeRecursively$6"},{"fileName":"ThrowableCollector.java","lineNumber":73,"className":"org.junit.platform.engine.support.hierarchical.ThrowableCollector","methodName":"execute"},{"fileName":"NodeTestTask.java","lineNumber":147,"className":"org.junit.platform.engine.support.hierarchical.NodeTestTask","methodName":"lambda$executeRecursively$8"},{"fileName":"Node.java","lineNumber":137,"className":"org.junit.platform.engine.support.hierarchical.Node","methodName":"around"},{"fileName":"NodeTestTask.java","lineNumber":145,"className":"org.junit.platform.engine.support.hierarchical.NodeTestTask","methodName":"lambda$executeRecursively$9"},{"fileName":"ThrowableCollector.java","lineNumber":73,"className":"org.junit.platform.engine.support.hierarchical.ThrowableCollector","methodName":"execute"},{"fileName":"NodeTestTask.java","lineNumber":144,"className":"org.junit.platform.engine.support.hierarchical.NodeTestTask","methodName":"executeRecursively"},{"fileName":"NodeTestTask.java","lineNumber":101,"className":"org.junit.platform.engine.support.hierarchical.NodeTestTask","methodName":"execute"},{"fileName":"SameThreadHierarchicalTestExecutorService.java","lineNumber":35,"className":"org.junit.platform.engine.support.hierarchical.SameThreadHierarchicalTestExecutorService","methodName":"submit"},{"fileName":"HierarchicalTestExecutor.java","lineNumber":57,"className":"org.junit.platform.engine.support.hierarchical.HierarchicalTestExecutor","methodName":"execute"},{"fileName":"HierarchicalTestEngine.java","lineNumber":54,"className":"org.junit.platform.engine.support.hierarchical.HierarchicalTestEngine","methodName":"execute"},{"fileName":"EngineExecutionOrchestrator.java","lineNumber":230,"className":"org.junit.platform.launcher.core.EngineExecutionOrchestrator","methodName":"executeEngine"},{"fileName":"EngineExecutionOrchestrator.java","lineNumber":204,"className":"org.junit.platform.launcher.core.EngineExecutionOrchestrator","methodName":"failOrExecuteEngine"},{"fileName":"EngineExecutionOrchestrator.java","lineNumber":172,"className":"org.junit.platform.launcher.core.EngineExecutionOrchestrator","methodName":"execute"},{"fileName":"EngineExecutionOrchestrator.java","lineNumber":101,"className":"org.junit.platform.launcher.core.EngineExecutionOrchestrator","methodName":"execute"},{"fileName":"EngineExecutionOrchestrator.java","lineNumber":64,"className":"org.junit.platform.launcher.core.EngineExecutionOrchestrator","methodName":"lambda$execute$0"},{"fileName":"EngineExecutionOrchestrator.java","lineNumber":150,"className":"org.junit.platform.launcher.core.EngineExecutionOrchestrator","methodName":"withInterceptedStreams"},{"fileName":"EngineExecutionOrchestrator.java","lineNumber":63,"className":"org.junit.platform.launcher.core.EngineExecutionOrchestrator","methodName":"execute"},{"fileName":"DefaultLauncher.java","lineNumber":109,"className":"org.junit.platform.launcher.core.DefaultLauncher","methodName":"execute"},{"fileName":"DefaultLauncher.java","lineNumber":91,"className":"org.junit.platform.launcher.core.DefaultLauncher","methodName":"execute"},{"fileName":"DelegatingLauncher.java","lineNumber":47,"className":"org.junit.platform.launcher.core.DelegatingLauncher","methodName":"execute"},{"fileName":"InterceptingLauncher.java","lineNumber":39,"className":"org.junit.platform.launcher.core.InterceptingLauncher","methodName":"lambda$execute$1"},{"fileName":"ClasspathAlignmentCheckingLauncherInterceptor.java","lineNumber":25,"className":"org.junit.platform.launcher.core.ClasspathAlignmentCheckingLauncherInterceptor","methodName":"intercept"},{"fileName":"InterceptingLauncher.java","lineNumber":38,"className":"org.junit.platform.launcher.core.InterceptingLauncher","methodName":"execute"},{"fileName":"DelegatingLauncher.java","lineNumber":47,"className":"org.junit.platform.launcher.core.DelegatingLauncher","methodName":"execute"},{"fileName":"LazyLauncher.java","lineNumber":56,"className":"org.apache.maven.surefire.junitplatform.LazyLauncher","methodName":"execute"},{"fileName":"JUnitPlatformProvider.java","lineNumber":194,"className":"org.apache.maven.surefire.junitplatform.JUnitPlatformProvider","methodName":"execute"},{"fileName":"JUnitPlatformProvider.java","lineNumber":150,"className":"org.apache.maven.surefire.junitplatform.JUnitPlatformProvider","methodName":"invokeAllTests"},{"fileName":"JUnitPlatformProvider.java","lineNumber":124,"className":"org.apache.maven.surefire.junitplatform.JUnitPlatformProvider","methodName":"invoke"},{"fileName":"ForkedBooter.java","lineNumber":385,"className":"org.apache.maven.surefire.booter.ForkedBooter","methodName":"runSuitesInProcess"},{"fileName":"ForkedBooter.java","lineNumber":162,"className":"org.apache.maven.surefire.booter.ForkedBooter","methodName":"execute"},{"fileName":"ForkedBooter.java","lineNumber":507,"className":"org.apache.maven.surefire.booter.ForkedBooter","methodName":"run"},{"fileName":"ForkedBooter.java","lineNumber":495,"className":"org.apache.maven.surefire.booter.ForkedBooter","methodName":"main"}],"message":"Data : aaa","suppressed":[],"localizedMessage":"Data : aaa"}
after：null
{"aBoolean":false,"aByte":0,"aChar":"\u0000","aDouble":0.0,"aFloat":0.0,"aLong":0,"aShort":0,"anInt":0}
{"aBoolean":true,"aBoolean2":false,"aByte":8,"aByte2":9,"aChar":"J","aDouble":88.88,"aDouble2":99.99,"aFloat":8.8,"aFloat2":9.9,"aLong":8888,"aLong2":9999,"aShort":88,"aShort2":99,"anInt":888,"character":"C","integer":999,"string":"test"}
{"is_judge":true}
{
	"@type":"com.alibaba.fastjson2.hsf.VeryComplexDO#0",
	"@value":{
		"fshort":4,
		"pBaseDO":{},
		"pbyte":5,
		"pdouble":6.6,
		"pfloat":7.7,
		"pint":8,
		"plong":9
	}
}
{
	"@type":"com.alibaba.fastjson2.hsf.VeryComplexDO#0",
	"@value":{
		"fshort":2,
		"pBaseDO":{},
		"pbyte":3,
		"pdouble":9999.9999,
		"pfloat":1.2,
		"pint":69,
		"plist":{
			"@type":"A#1",
			"@value":[
				"taobao",
				"java",
				"linux"
			]
		},
		"plong":56,
		"plongArray":[
			1,
			2,
			3,
			4,
			5,
			6
		]
	}
}
123456789012345678901234567890123456789012345678901234567890
Issue1168.Wrapper(inner=Issue1168.Inner(id=1))
com.alibaba.fastjson2.issues_1000.Issue1457$Test2@1ccfe3ed
{
	"@type":"java.util.Collections$SynchronizedMap"
}
{
	"@type":"java.util.Collections$SynchronizedSet",
	"@value":[
		1,
		2,
		3
	]
}
{
	"@type":"java.util.Collections$SynchronizedRandomAccessList",
	"@value":[
		1,
		2,
		3
	]
}
{
	"@type":"java.util.Collections$SynchronizedNavigableMap"
}
{
	"@type":"java.util.Collections$SynchronizedSortedMap"
}
{
	"@type":"java.util.Collections$SynchronizedSortedSet",
	"@value":[
		1,
		2,
		3
	]
}
{
	"@type":"java.util.Collections$SynchronizedNavigableSet",
	"@value":[
		1,
		2,
		3
	]
}
{
	"@type":"java.util.Collections$SynchronizedCollection",
	"@value":[
		1,
		2,
		3
	]
}
{"testEnum":"E1"}
{"testEnum":"E1"}
"E1"
{"testEnum":3}
false
false
{"name":"{\"paternalSurname\": \"Rodríguez\"}"}
strJson={"@type":"com.alibaba.fastjson2.issues_1000.Issue1069$UserAttrActionInfo","tagInfos":{"@type":"java.util.LinkedHashMap",1234:[1L,2L,3L,4L]}}
fastjson2 data:{"values":[[123,456]]}
{"accountType":2}
