Picked up JAVA_TOOL_OPTIONS: 
WARNING: A restricted method in java.lang.System has been called
WARNING: java.lang.System::load has been called by org.fusesource.jansi.internal.JansiLoader in an unnamed module (file:<maven>/lib/jansi-2.4.1.jar)
WARNING: Use --enable-native-access=ALL-UNNAMED to avoid a warning for callers in this module
WARNING: Restricted methods will be blocked in a future release unless native access is enabled

WARNING: A terminally deprecated method in sun.misc.Unsafe has been called
WARNING: sun.misc.Unsafe::objectFieldOffset has been called by com.google.common.util.concurrent.AbstractFuture$UnsafeAtomicHelper (file:<maven>/lib/guava-33.2.1-jre.jar)
WARNING: Please consider reporting this to the maintainers of class com.google.common.util.concurrent.AbstractFuture$UnsafeAtomicHelper
WARNING: sun.misc.Unsafe::objectFieldOffset will be removed in a future release
Picked up JAVA_TOOL_OPTIONS: 
WARNING: A terminally deprecated method in sun.misc.Unsafe has been called
WARNING: sun.misc.Unsafe::invokeCleaner has been called by nonapi.io.github.classgraph.utils.FileUtils (file:<m2>/repository/io/github/classgraph/classgraph/4.8.83/classgraph-4.8.83.jar)
WARNING: Please consider reporting this to the maintainers of class nonapi.io.github.classgraph.utils.FileUtils
WARNING: sun.misc.Unsafe::invokeCleaner will be removed in a future release
{
	"@type":"com.alibaba.fastjson2.issues_1500.Issue1509$LoginUser#0",
	"@value":{
		"authorities#1":{
			"@type":"java.util.Collections$UnmodifiableSet#2",
			"@value":[]
		},
		"name#3":"张三",
		"realName#4":"zhangsan"
	}
}
Wed, 7 Oct 2026 00:44:27 GMT
{
	"date":1642003200
}
[{"@type":"[O","@value":[{"@type":"com.alibaba.fastjson2.issues_2100.Issue2175.Index$TestER","name":"ER"},0]},{"@type":"[O","@value":[{"@type":"com.alibaba.fastjson2.issues_2100.Issue2175.Index$TestER","name":"ER"},false]}]
1
[{"@type":"[com.alibaba.fastjson2.issues_2100.Issue2175.Index$TestER","@value":[{"name":"ER"},{"name":"ER"}]},{"@type":"[com.alibaba.fastjson2.issues_2100.Issue2175.Index$TestER","@value":[{"name":"ER"},{"name":"ER"}]}]
[{"@type":"[O","@value":[{"@type":"[com.alibaba.fastjson2.issues_2100.Issue2175.Index$TestER","@value":[{"name":"parent"},{"@type":"com.alibaba.fastjson2.issues_2100.Issue2175.Index$Children","age":1,"name":"child"}]},{"@type":"[com.alibaba.fastjson2.issues_2100.Issue2175.Index$TestER","@value":[{"@type":"com.alibaba.fastjson2.issues_2100.Issue2175.Index$Children","age":1,"name":"child"},{"name":"parent"}]}]},{"@type":"[com.alibaba.fastjson2.issues_2100.Issue2175.Index$TestER","@value":[{"@type":"com.alibaba.fastjson2.issues_2100.Issue2175.Index$Children","age":1,"name":"child"},{"name":"parent"}]},{"@type":"[O","@value":[1,false]}]
[{"@type":"[com.alibaba.fastjson2.issues_2100.Issue2175.Index$TestER","@value":[{"name":"parent"},{"@type":"com.alibaba.fastjson2.issues_2100.Issue2175.Index$Children","age":1,"name":"child"}]},{"@type":"[com.alibaba.fastjson2.issues_2100.Issue2175.Index$TestER","@value":[{"@type":"com.alibaba.fastjson2.issues_2100.Issue2175.Index$Children","age":1,"name":"child"},{"name":"parent"}]}]
[[{"name":"parent"},{"@type":"com.alibaba.fastjson2.issues_2100.Issue2175.Index$Children","age":1,"name":"child"}],[{"@type":"com.alibaba.fastjson2.issues_2100.Issue2175.Index$Children","age":1,"name":"child"},{"name":"parent"}]]
{}
{"hash":2138216064,"resolved":"java.util.HashMap","type":{"actualTypeArguments":["java.lang.Integer",{"actualTypeArguments":["java.lang.String"],"rawType":"java.util.List"}],"rawType":"java.util.HashMap"},"typeProvider":{"source":{"declaringClass":"com.alibaba.fastjson2.issues_2100.Issue2103$Bean","name":"myMap"},"type":{"actualTypeArguments":["java.lang.Integer",{"actualTypeArguments":["java.lang.String"],"rawType":"java.util.List"}],"rawType":"java.util.HashMap"}}}"\"\"\"\""
{
	"@type":"org.joda.time.LocalDateTime#0",
	"@value":"2026-10-07 00:44:27.531"
}
{
	"@type":"org.joda.time.LocalDateTime#0",
	"@value":"2026-10-07 00:44:27.536"
}
{
	"@type":"org.joda.time.LocalDateTime#0",
	"@value":{
		"year":2026,
		"month":10,
		"day":6,
		"hour":16,
		"minute":44,
		"second":27,
		"millis":536,
		"chronology":{
			"zoneId":"UTC"
		}
	}
}
{
	"@type":"org.joda.time.LocalDate#0",
	"@value":"2026-10-07"
}
{
	"@type":"org.joda.time.LocalDate#0",
	"@value":"2026-10-07"
}
{
	"@type":"org.joda.time.LocalDate#0",
	"@value":{
		"year":2026,
		"month":10,
		"day":6,
		"chronology":{
			"zoneId":"UTC"
		}
	}
}
{"type":"directory","items":[{"type":"file","data":"Some content ...","name":"my_file.txt"}],"name":"My directory"}
{"type":"object","properties":{"longitude":{"type":["string","number"]},"latitude":{"type":"number","minimum":-90,"maximum":90}},"required":["longitude","latitude"]}
66060288
Serialized JSON with circular reference: {"parent😀":{"child👍":{"$ref":"$"}}}
Test passed - no exception thrown during serialization with circular reference
Serialized JSON: {"key👍":"value3","key😀":"value1","nested":{"nested😀":{"deepValue":"deepValue"}},"key🌍":"value2"}
Test passed - no exception thrown during serialization
Generated JSON: {
	"key👍":"value3",
	"key😀":"value1",
	"key🌍":"value2"
}
Generated JSON with circular reference: {"parent😀":{"child😀":{"parent😀":{"$ref":"parent😀"}}}}
Generated JSON: {"key😀":"value","nested":{"nestedKey":"nestedValue"}}
UrlEntity [name=rose, url=https://www.baidu.com/web/user?name=rose]
[1,2,3]
[1,2,3]
{
	"@type":"com.alibaba.fastjson2.issues_3800.Issue3842$UserData",
	"errorCode":0
}
{
	"@type":"com.alibaba.fastjson2.issues_3800.Issue3828$Data",
	"list":{
		"@type":"java.util.Collections$EmptyList",
		"@value":[]
	}
}
{"AI":[]}
SLF4J(W): No SLF4J providers were found.
SLF4J(W): Defaulting to no-operation (NOP) logger implementation
SLF4J(W): See https://www.slf4j.org/codes.html#noProviders for further details.
{"age1":0,"age2":null,"age3":0,"age5":10,"age6":10}
[
	{
		"id":101,
		"name":"DataWorks"
	},
	{
		"id":102,
		"name":"MaxCompute"
	},
	{
		"id":103,
		"name":"Flink"
	}
]
{"images": [{
      "height":768,
      "size":"LARGE",
      "title":"Javaone Keynote",
      "uri":"http://javaone.com/keynote_large.jpg",
      "width":1024
    }, {
      "height":240,
      "size":"SMALL",
      "title":"Javaone Keynote",
      "uri":"http://javaone.com/keynote_small.jpg",
      "width":320
    }
  ],
  "media": {
    "bitrate":262144,
    "duration":18000000,
    "format":"video/mpg4",
    "height":480,
    "persons": [
      "Bill Gates",
      "Steve Jobs"
    ],
    "player":"JAVA",
    "size":58982400,
    "title":"Javaone Keynote",
    "uri":"http://javaone.com/keynote.mpg",
    "width":640
  }
}

--------------jsonpath/jsonpath_compliance.json--------------
  [00/00]	"$[?@.a]"
  [00/01]	"$[?@.a]"
  [00/02]	"$[?@.a=='b']"
  [00/03]	"$[?@.a=='1']"
  [00/04]	"$[?@.a==\"b\"]"
  [00/05]	"$[?@.a==\"1\"]"
  [00/06]	"$[?@.a==1]"
  [00/07]	"$[?@.a==null]"
  [00/08]	"$[?@.a==null]"
  [00/09]	"$[?@.a==true]"
  [00/10]	"$[?@.a==false]"
  [00/11]	"$[?@.a==@.b]"
  [00/12]	"$[?@.a==@.b]"
  [00/13]	"$[?@.a!='b']"
  [00/14]	"$[?@.a!='1']"
  [00/15]	"$[?@.a!='b']"
  [00/16]	"$[?@.a!=\"b\"]"
  [00/17]	"$[?@.a!=\"1\"]"
  [00/18]	"$[?@.a!=\"b\"]"
  [00/19]	"$[?@.a!=1]"
  [00/20]	"$[?@.a!=1]"
  [00/21]	"$[?@.a!=null]"
  [00/22]	"$[?@.a!=null]"
  [00/23]	"$[?@.a!=true]"
  [00/24]	"$[?@.a!=false]"
  [00/25]	"$[?@.a<'c']"
  [00/26]	"$[?@.a<\"c\"]"
  [00/27]	"$[?@.a<10]"
  [00/28]	"$[?@.a<null]"
  [00/29]	"$[?@.a<true]"
  [00/30]	"$[?@.a<false]"
  [00/31]	"$[?@.a<='c']"
  [00/32]	"$[?@.a<=\"c\"]"
  [00/33]	"$[?@.a<=10]"
  [00/34]	"$[?@.a<=null]"
  [00/35]	"$[?@.a<=true]"
  [00/36]	"$[?@.a<=false]"
  [00/37]	"$[?@.a>'c']"
  [00/38]	"$[?@.a>\"c\"]"
  [00/39]	"$[?@.a>10]"
  [00/40]	"$[?@.a>null]"
  [00/41]	"$[?@.a>true]"
  [00/42]	"$[?@.a>false]"
  [00/43]	"$[?@.a>='c']"
  [00/44]	"$[?@.a>=\"c\"]"
  [00/45]	"$[?@.a>=10]"
  [00/46]	"$[?@.a>=null]"
  [00/47]	"$[?@.a>=true]"
  [00/48]	"$[?@.a>=false]"
  [00/49]	"$[?@.a&&@.a!=null]"
  [00/50]	"$[?@.a&&@.b]"
  [00/51]	"$[?@.a||@.b]"
  [00/52]	"$[?@.a>0&&@.a<10]"
  [00/53]	"$[?@.a=='b'||@.a=='d']"
- [01/54]	"$[?@[0:0]==0]"
- [02/55]	"$[?@[*]==0]"
- [03/56]	"$[?@..a==0]"
  [03/57]	"$[?@.a[*].a==0]"
  [03/58]	"$[?@.a == 1]"
  [03/59]	"$[?@['0'] == 5]"
  [03/60]	"$[?@[0] == 5]"
- [04/61]	"$[?(@[0, 0]==42)]"
- [05/62]	"$[?(@[0, 0]!=42)]"
- [06/63]	"$[?(@[0, 0]<=42)]"
- [07/64]	"$[?(@['a', 'a']==42)]"
- [08/65]	"$[?(@['a', 'a']!=42)]"
- [09/66]	"$[?(@['a', 'a']<=42)]"
  [09/67]	"$[?(@[0, '0']==42)]"
  [09/68]	"$[?(@[0, '0']!=42)]"
  [09/69]	"$[?(@[0, '0']<=42)]"
  [09/70]	"$[?(@.*==42)]"
  [09/71]	"$[?(@.*!=42)]"
  [09/72]	"$[?(@.*<=42)]"
- [10/73]	"$[?(@[0:0]==42)]"
- [11/74]	"$[?(@[0:0]!=42)]"
- [12/75]	"$[?(@[0:0]<=42)]"
  [12/76]	"$[?($[0, 0]==42)]"
  [12/77]	"$[?($[0, 0]!=42)]"
  [12/78]	"$[?($[0, 0]<=42)]"
  [12/79]	"$[?($['a', 'a']==42)]"
  [12/80]	"$[?($['a', 'a']!=42)]"
  [12/81]	"$[?($['a', 'a']<=42)]"
  [12/82]	"$[?($[0, '0']==42)]"
  [12/83]	"$[?($[0, '0']!=42)]"
  [12/84]	"$[?($[0, '0']<=42)]"
  [12/85]	"$[?($.*==42)]"
  [12/86]	"$[?($.*!=42)]"
  [12/87]	"$[?($.*<=42)]"
  [12/88]	"$[?($[0:0]==42)]"
  [12/89]	"$[?($[0:0]!=42)]"
  [12/90]	"$[?($[0:0]<=42)]"
  [12/91]	"$[?@.a==-0]"
  [12/92]	"$[?@.a==1.0]"
  [12/93]	"$[?@.a==1e2]"
  [12/94]	"$[?@.a==1e+2]"
  [12/95]	"$[?@.a==1e-2]"
  [12/96]	"$[?@.a==1.1]"
- [13/97]	"$[?@.a==1.]"
  [13/98]	"$[?@.a==1.1e2]"
  [13/99]	"$[?@.a==1.1e+2]"
  [13/100]	"$[?@.a==1.1e-2]"
  [13/101]	"$[?@<3]"
  [13/102]	"$[?@.a || @.b && @.b]"
  [13/103]	"$[?@.b && @.b || @.a]"
  [13/104]	"$[?@ == \"quoted' literal\"]"
  [13/105]	"$[?@ == 'quoted\" literal']"
  [13/106]	"$[?@ == 'quoted\\' literal']"
  [13/107]	"$[?@ == \"quoted\\\" literal\"]"
b
b
a
b
b
a
a
b
a
b
b
b
b
a
b
a
b
b
b
b
a
a
a
b
b
a
a
b
a
b
b
a
b
a
b
b
b
b
a
a
a
a
b
a
a
a
b
a
a
a
{"id":1,"name":"a"}
{"id":2,"name":"b"}
{"id":1,"name":"a"}
{"id":1,"name":"a"}
{"id":1,"name":"a"}
{"id":1,"name":"a"}
{"id":2,"name":"b"}
{"id":2,"name":"b"}
{"id":1,"name":"a"}
{"id":2,"name":"b"}
{"id":1,"name":"a"}
{"id":1,"name":"a"}
{"id":1,"name":"a"}
{"id":1,"name":"a"}
{"id":2,"name":"b"}
{"id":1,"name":"a"}
{"id":2,"name":"b"}
{"id":2,"name":"b"}
{"id":1,"name":"a"}
{"id":2,"name":"b"}
{"id":2,"name":"b"}
{"id":2,"name":"b"}
{"id":1,"name":"a"}
{"id":2,"name":"b"}
{"id":2,"name":"b"}
{"id":1,"name":"a"}
{"id":1,"name":"a"}
{"id":2,"name":"b"}
{"id":2,"name":"b"}
{"id":1,"name":"a"}
{"id":2,"name":"b"}
{"id":2,"name":"b"}
{"id":2,"name":"b"}
{"id":1,"name":"a"}
{"id":2,"name":"b"}
{"id":1,"name":"a"}
{"id":1,"name":"a"}
{"id":2,"name":"b"}
{"id":2,"name":"b"}
{"id":1,"name":"a"}
{"id":1,"name":"a"}
{"id":2,"name":"b"}
{"id":2,"name":"b"}
{"id":2,"name":"b"}
{"id":1,"name":"a"}
{"id":2,"name":"b"}
{"id":1,"name":"a"}
{"id":2,"name":"b"}
{"id":1,"name":"a"}
{"id":2,"name":"b"}

--------------jsonpath/name_selector.json--------------
  [00/00]	"$[\"a\"]"
  [00/01]	"$[\"c\"]"
  [00/02]	"$[\"a\"]"
- [01/03]	"$[\"\u0000\"]"
- [02/04]	"$[\"\u0001\"]"
- [03/05]	"$[\"\u0002\"]"
- [04/06]	"$[\"\u0003\"]"
- [05/07]	"$[\"\u0004\"]"
- [06/08]	"$[\"\u0005\"]"
- [07/09]	"$[\"\u0006\"]"
- [08/10]	"$[\"\u0007\"]"
- [09/11]	"$[\"\b\"]"
- [10/12]	"$[\"\t\"]"
- [11/13]	"$[\"\n\"]"
- [12/14]	"$[\"\u000b\"]"
- [13/15]	"$[\"\f\"]"
- [14/16]	"$[\"\r\"]"
- [15/17]	"$[\"\u000e\"]"
- [16/18]	"$[\"\u000f\"]"
- [17/19]	"$[\"\u0010\"]"
- [18/20]	"$[\"\u0011\"]"
- [19/21]	"$[\"\u0012\"]"
- [20/22]	"$[\"\u0013\"]"
- [21/23]	"$[\"\u0014\"]"
- [22/24]	"$[\"\u0015\"]"
- [23/25]	"$[\"\u0016\"]"
- [24/26]	"$[\"\u0017\"]"
- [25/27]	"$[\"\u0018\"]"
- [26/28]	"$[\"\u0019\"]"
- [27/29]	"$[\"\u001a\"]"
- [28/30]	"$[\"\u001b\"]"
- [29/31]	"$[\"\u001c\"]"
- [30/32]	"$[\"\u001d\"]"
- [31/33]	"$[\"\u001e\"]"
- [32/34]	"$[\"\u001f\"]"
  [32/35]	"$[\" \"]"
  [32/36]	"$[\"\\\"\"]"
  [32/37]	"$[\"\\\\\"]"
  [32/38]	"$[\"\\/\"]"
  [32/39]	"$[\"\\b\"]"
  [32/40]	"$[\"\\f\"]"
  [32/41]	"$[\"\\n\"]"
  [32/42]	"$[\"\\r\"]"
  [32/43]	"$[\"\\t\"]"
  [32/44]	"$[\"\\u263A\"]"
  [32/45]	"$[\"\\u263a\"]"
  [32/46]	"$[\"\\uD834\\uDD1E\"]"
  [32/47]	"$[\"\\uD83D\\uDE00\"]"
- [33/48]	"$[\"\\'\"]"
  [33/49]	"$[\"\"\"]"
  [33/50]	"$[\"\\\"]"
  [33/51]	"$['a']"
  [33/52]	"$['c']"
  [33/53]	"$['a']"
- [34/54]	"$['\u0000']"
- [35/55]	"$['\u0001']"
- [36/56]	"$['\u0002']"
- [37/57]	"$['\u0003']"
- [38/58]	"$['\u0004']"
- [39/59]	"$['\u0005']"
- [40/60]	"$['\u0006']"
- [41/61]	"$['\u0007']"
- [42/62]	"$['\b']"
- [43/63]	"$['\t']"
- [44/64]	"$['\n']"
- [45/65]	"$['\u000b']"
- [46/66]	"$['\f']"
- [47/67]	"$['\r']"
- [48/68]	"$['\u000e']"
- [49/69]	"$['\u000f']"
- [50/70]	"$['\u0010']"
- [51/71]	"$['\u0011']"
- [52/72]	"$['\u0012']"
- [53/73]	"$['\u0013']"
- [54/74]	"$['\u0014']"
- [55/75]	"$['\u0015']"
- [56/76]	"$['\u0016']"
- [57/77]	"$['\u0017']"
- [58/78]	"$['\u0018']"
- [59/79]	"$['\u0019']"
- [60/80]	"$['\u001a']"
- [61/81]	"$['\u001b']"
- [62/82]	"$['\u001c']"
- [63/83]	"$['\u001d']"
- [64/84]	"$['\u001e']"
- [65/85]	"$['\u001f']"
  [65/86]	"$[' ']"
  [65/87]	"$['\\'']"
  [65/88]	"$['\\\\']"
  [65/89]	"$['\\/']"
  [65/90]	"$['\\b']"
  [65/91]	"$['\\f']"
  [65/92]	"$['\\n']"
  [65/93]	"$['\\r']"
  [65/94]	"$['\\t']"
  [65/95]	"$['\\u263A']"
  [65/96]	"$['\\u263a']"
  [65/97]	"$['\\uD834\\uDD1E']"
  [65/98]	"$['\\uD83D\\uDE00']"
- [66/99]	"$['\\\"']"
  [66/100]	"$[''']"
  [66/101]	"$['\\']"
  [66/102]	"$[\"\"]"
  [66/103]	"$['']"

--------------jsonpath/filter.json--------------
* [01/00]	"$[?@]"
  [01/01]	"$[?@.a]"
  [01/02]	"$[?@.a]"
  [01/03]	"$[?@.a=='b']"
  [01/04]	"$[?@.a=='1']"
  [01/05]	"$[?@.a==\"b\"]"
  [01/06]	"$[?@.a==\"1\"]"
  [01/07]	"$[?@.a==1]"
  [01/08]	"$[?@.a==null]"
  [01/09]	"$[?@.a==null]"
  [01/10]	"$[?@.a==true]"
  [01/11]	"$[?@.a==false]"
* [02/12]	"$[?@==@]"
  [02/13]	"$[?@.a==@.b]"
  [02/14]	"$[?@.a==@.b]"
  [02/15]	"$[?@.a!='b']"
  [02/16]	"$[?@.a!='1']"
  [02/17]	"$[?@.a!='b']"
  [02/18]	"$[?@.a!=\"b\"]"
  [02/19]	"$[?@.a!=\"1\"]"
  [02/20]	"$[?@.a!=\"b\"]"
  [02/21]	"$[?@.a!=1]"
  [02/22]	"$[?@.a!=1]"
  [02/23]	"$[?@.a!=null]"
  [02/24]	"$[?@.a!=null]"
  [02/25]	"$[?@.a!=true]"
  [02/26]	"$[?@.a!=false]"
  [02/27]	"$[?@.a<'c']"
  [02/28]	"$[?@.a<\"c\"]"
  [02/29]	"$[?@.a<10]"
  [02/30]	"$[?@.a<null]"
  [02/31]	"$[?@.a<true]"
  [02/32]	"$[?@.a<false]"
  [02/33]	"$[?@.a<='c']"
  [02/34]	"$[?@.a<=\"c\"]"
  [02/35]	"$[?@.a<=10]"
  [02/36]	"$[?@.a<=null]"
  [02/37]	"$[?@.a<=true]"
  [02/38]	"$[?@.a<=false]"
  [02/39]	"$[?@.a>'c']"
  [02/40]	"$[?@.a>\"c\"]"
  [02/41]	"$[?@.a>10]"
  [02/42]	"$[?@.a>null]"
  [02/43]	"$[?@.a>true]"
  [02/44]	"$[?@.a>false]"
  [02/45]	"$[?@.a>='c']"
  [02/46]	"$[?@.a>=\"c\"]"
  [02/47]	"$[?@.a>=10]"
  [02/48]	"$[?@.a>=null]"
  [02/49]	"$[?@.a>=true]"
  [02/50]	"$[?@.a>=false]"
  [02/51]	"$[?@.a&&@.a!=null]"
  [02/52]	"$[?@.a&&@.b]"
  [02/53]	"$[?@.a||@.b]"
  [02/54]	"$[?@.a>0&&@.a<10]"
  [02/55]	"$[?@.a=='b'||@.a=='d']"
* [03/56]	"$[?!(@.a=='b')]"
* [04/57]	"$[?!@.a]"
* [05/58]	"$[?!@.a]"
* [06/59]	"$[?@.*]"
* [07/60]	"$[?@[0, 0, 'a']]"
* [08/61]	"$[?@[0:2]]"
* [09/62]	"$[?!@.*]"
- [10/63]	"$[?@[0:0]==0]"
- [11/64]	"$[?@[*]==0]"
- [12/65]	"$[?@..a==0]"
  [12/66]	"$[?@.a[*].a==0]"
* [13/67]	"$[?@[?@>1]]"
  [13/68]	"$[?@.a == 1]"
  [13/69]	"$[?@['0'] == 5]"
  [13/70]	"$[?@[0] == 5]"
- [14/71]	"$[?(@[0, 0]==42)]"
- [15/72]	"$[?(@[0, 0]!=42)]"
- [16/73]	"$[?(@[0, 0]<=42)]"
- [17/74]	"$[?(@['a', 'a']==42)]"
- [18/75]	"$[?(@['a', 'a']!=42)]"
- [19/76]	"$[?(@['a', 'a']<=42)]"
  [19/77]	"$[?(@[0, '0']==42)]"
  [19/78]	"$[?(@[0, '0']!=42)]"
  [19/79]	"$[?(@[0, '0']<=42)]"
  [19/80]	"$[?(@.*==42)]"
  [19/81]	"$[?(@.*!=42)]"
  [19/82]	"$[?(@.*<=42)]"
- [20/83]	"$[?(@[0:0]==42)]"
- [21/84]	"$[?(@[0:0]!=42)]"
- [22/85]	"$[?(@[0:0]<=42)]"
  [22/86]	"$[?($[0, 0]==42)]"
  [22/87]	"$[?($[0, 0]!=42)]"
  [22/88]	"$[?($[0, 0]<=42)]"
  [22/89]	"$[?($['a', 'a']==42)]"
  [22/90]	"$[?($['a', 'a']!=42)]"
  [22/91]	"$[?($['a', 'a']<=42)]"
  [22/92]	"$[?($[0, '0']==42)]"
  [22/93]	"$[?($[0, '0']!=42)]"
  [22/94]	"$[?($[0, '0']<=42)]"
  [22/95]	"$[?($.*==42)]"
  [22/96]	"$[?($.*!=42)]"
  [22/97]	"$[?($.*<=42)]"
  [22/98]	"$[?($[0:0]==42)]"
  [22/99]	"$[?($[0:0]!=42)]"
  [22/100]	"$[?($[0:0]<=42)]"
* [23/101]	"$[?@.a,?@.b]"
* [24/102]	"$[?@.a=='b',?@.b=='x']"
* [25/103]	"$[?@.a,?@.d]"
* [26/104]	"$[?@.a,1]"
* [27/105]	"$[?@.a,*]"
* [28/106]	"$[?@.a,1:]"
* [29/107]	"$[1, ?@.a=='b', 1:]"
  [29/108]	"$[?@.a==-0]"
  [29/109]	"$[?@.a==1.0]"
  [29/110]	"$[?@.a==1e2]"
  [29/111]	"$[?@.a==1e+2]"
  [29/112]	"$[?@.a==1e-2]"
  [29/113]	"$[?@.a==1.1]"
- [30/114]	"$[?@.a==1.]"
  [30/115]	"$[?@.a==1.1e2]"
  [30/116]	"$[?@.a==1.1e+2]"
  [30/117]	"$[?@.a==1.1e-2]"
* [31/118]	"$.values[?length(@.a) == value($..c)]"
  [31/119]	"$[?@<3]"
  [31/120]	"$[?@.a || @.b && @.b]"
  [31/121]	"$[?@.b && @.b || @.a]"
* [32/122]	"$[?(@.a || @.b) && @.a]"
* [33/123]	"$[?@.a && (@.b || @.a)]"
* [34/124]	"$[?(@.a || @.b) && @.b]"
  [34/125]	"$[?@ == \"quoted' literal\"]"
  [34/126]	"$[?@ == 'quoted\" literal']"
  [34/127]	"$[?@ == 'quoted\\' literal']"
  [34/128]	"$[?@ == \"quoted\\\" literal\"]"
- [35/129]	"$[?true]"
- [36/130]	"$[?false]"
  [36/131]	"$[?'abc']"
- [37/132]	"$[?2]"
  [37/133]	"$[?2.2]"
- [38/134]	"$[?null]"
- [39/135]	"$[?true && false]"
- [40/136]	"$[?true || false]"
- [41/137]	"$[?true == false && false]"
- [42/138]	"$[?true == false || false]"
- [43/139]	"$[?false && true == false]"
- [44/140]	"$[?false || true == false]"

--------------jsonpath/basic.json--------------
  [00/00]	"$"
- [01/01]	" $"
- [02/02]	"$ "
  [02/03]	"$.a"
  [02/04]	"$.☺"
  [02/05]	"$._"
- [03/06]	"$.&"
- [04/07]	"$.1"
  [04/08]	"$.c"
  [04/09]	"$.a"
  [04/10]	"$.*"
  [04/11]	"$.*"
  [04/12]	"$[*]"
  [04/13]	"$.*.a"
  [04/14]	"$[0,2]"
- [05/15]	"$[0 2]"
* [06/16]	"$['a',1]"
* [07/17]	"$['a',1]"
* [08/18]	"$[1,5:7]"
* [09/19]	"$[1,0:3]"
  [09/20]	"$[1,1]"
* [10/21]	"$[*,1]"
* [11/22]	"$[*,'a']"
* [12/23]	"$[*,0:2]"
* [13/24]	"$[*,*]"
  [13/25]	"$[]"
  [13/26]	"$..[1]"
  [13/27]	"$..a"
  [13/28]	"$..*"
  [13/29]	"$..[*]"
  [13/30]	"$..[*]"
  [13/31]	"$..[*]"
  [13/32]	"$..*"
  [13/33]	"$..*"
  [13/34]	"$..['a','d']"
  [13/35]	"$..['a','d']"
- [14/36]	"$.."

--------------jsonpath/index_selector.json--------------
  [00/00]	"$[0]"
  [00/01]	"$[1]"
  [00/02]	"$[2]"
  [00/03]	"$[231584178474632390847141970017375815706539969331281128078915168015826259279872]"
  [00/04]	"$[231584178474632390847141970017375815706539969331281128078915168SomeRandomText]"
  [00/05]	"$[-1]"
  [00/06]	"$[-2]"
  [00/07]	"$[-3]"
  [00/08]	"$[0]"
- [01/09]	"$[01]"
- [02/10]	"$[-01]"
{
    "code":"success",
    "data":{
        "data2":{
            "id":null,
            "type":null,
            "serveCategoryInfoList":[
                {
                    "id":0,
                    "infoList":[

                    ],
                    "idList":[
                        200226
                    ]
                },
                {
                    "id":1,
                    "idList":[
                        1,
                        2,
                        3,
                        4,
                        5,
                        6,
                        7
                    ]
                }
            ]
        }
    },
    "msg":"",
    "status":"1"
}

[{"id":1001,"salary":4000,"name":"jobs","valid":false},{"id":1001,"salary":5000}]
{
	"@type":"com.alibaba.fastjson2_vo.IntField1",
	"v0000":123
}
{
	"@type":"A#0",
	"@value":[
		{
			"@type":"com.alibaba.fastjson2.autoType.AutoTypeTest10$Bean4#1",
			"@value":{
				"params":{
					"@type":"LinkedList#2",
					"@value":[
						{}
					]
				}
			}
		},
		{
			"@type":"#1",
			"@value":{}
		}
	]
}
{}
{
	"@type":"JO1#0",
	"@value":{
		"data":{
			"@type":"A#1",
			"@value":[
				{
					"@type":"#0",
					"@value":{}
				}
			]
		}
	}
}
{
	"@type":"com.alibaba.fastjson2.autoType.AutoTypeTest10$Bean3#0",
	"@value":{
		"params":{
			"@type":"JO10#1",
			"@value":{}
		}
	}
}
{}
{
	"@type":"com.alibaba.fastjson2.autoType.AutoTypeTest20$Bean2#0",
	"@value":{
		"values":{
			"@type":"LinkedHashSet#1",
			"@value":[
				{
					"@type":"com.alibaba.fastjson2.autoType.AutoTypeTest20$XItem#2",
					"@value":"A"
				},
				{
					"@type":"#2",
					"@value":"B"
				},
				{
					"@type":"#2",
					"@value":"C"
				},
				{
					"@type":"#2",
					"@value":"D"
				}
			]
		}
	}
}
{
	"@type":"com.alibaba.fastjson2.autoType.AutoTypeTest20$Bean1#0",
	"@value":{
		"values":{
			"@type":"LinkedList#1",
			"@value":[
				{
					"@type":"com.alibaba.fastjson2.autoType.AutoTypeTest20$XItem#2",
					"@value":"A"
				},
				{
					"@type":"#2",
					"@value":"B"
				},
				{
					"@type":"#2",
					"@value":"C"
				},
				{
					"@type":"#2",
					"@value":"D"
				}
			]
		}
	}
}
{
	"@type":"com.alibaba.fastjson2.autoType.AutoTypeTest20$Bean2#0",
	"@value":{
		"values":{
			"@type":"LinkedHashSet#1",
			"@value":[
				{
					"@type":"com.alibaba.fastjson2.autoType.AutoTypeTest20$XItem#2",
					"@value":"A"
				},
				{
					"@type":"#2",
					"@value":"B"
				},
				{
					"@type":"#2",
					"@value":"C"
				},
				{
					"@type":"#2",
					"@value":"D"
				}
			]
		}
	}
}
{
	"@type":"com.alibaba.fastjson2.autoType.AutoTypeTest20$Bean3#0",
	"@value":{
		"values":[
			{
				"@type":"com.alibaba.fastjson2.autoType.AutoTypeTest20$XItem#1",
				"@value":"B"
			},
			{
				"@type":"#1",
				"@value":"A"
			},
			{
				"@type":"#1",
				"@value":"D"
			},
			{
				"@type":"#1",
				"@value":"C"
			}
		]
	}
}
{
	"@type":"com.alibaba.fastjson2.autoType.AutoTypeTest21$Bean1#0",
	"@value":{
		"item#1":{
			"id#2":101
		},
		"values#3":{
			"@type":"M#4",
			"@value":{
				{
					"@type":"com.alibaba.fastjson2.autoType.AutoTypeTest21$Item#5",
					"@value":{
						"#2":101
					}
				}:"101"
			}
		},
		"values2#6":{
			"@type":"#4",
			"@value":{
				{"$ref":"$.item"}:null
			}
		}
	}
}
{
	"@type":"com.alibaba.fastjson2.autoType.AutoTypeTest21$Bean1#0",
	"@value":{
		"item":{
			"id":101
		},
		"values":{
			"@type":"LM#1",
			"@value":{
				{
					"@type":"com.alibaba.fastjson2.autoType.AutoTypeTest21$Item#2",
					"@value":{
						"id":101
					}
				}:"101"
			}
		},
		"values2":{
			"@type":"#1",
			"@value":{
				{
					"@type":"#2",
					"@value":{
						"id":101
					}
				}:"101"
			}
		}
	}
}
{
	"@type":"com.alibaba.fastjson2.autoType.AutoTypeTest21$Bean2#0",
	"@value":{
		"item":{
			"id":101
		},
		"values":{
			"@type":"M#1",
			"@value":{
				{
					"@type":"com.alibaba.fastjson2.autoType.AutoTypeTest21$Item#2",
					"@value":{
						"id":101
					}
				}:"101"
			}
		},
		"values2":{
			"@type":"#1",
			"@value":{
				{"$ref":"$.item"}:null
			}
		}
	}
}
{
	"@type":"com.alibaba.fastjson2.autoType.AutoTypeTest16_pairKey$Bean#0",
	"@value":{
		"map":{
			"@type":"M#1",
			"@value":{
				{
					"@type":"org.apache.commons.lang3.tuple.MutablePair#2",
					"@value":{
						"left":1,
						"right":2
					}
				}:"12"
			}
		}
	}
}
{
	"@type":"com.alibaba.fastjson2.autoType.AutoTypeTest16_pairKey$Bean#0",
	"@value":{
		"map":{
			"@type":"M#1",
			"@value":{
				{
					"@type":"org.apache.commons.lang3.tuple.ImmutablePair#2",
					"@value":{
						"left":1,
						"right":2
					}
				}:"12"
			}
		}
	}
}
{
	"@type":"com.alibaba.fastjson2.autoType.AutoTypeTest43_dynamic$Model#0",
	"@value":{
		"id":102
	}
}
{
	"@type":"com.alibaba.fastjson2.autoType.AutoTypeTest29_Byte$Bean1#0",
	"@value":{
		"value":1
	}
}
{
	"@type":"com.alibaba.fastjson2.autoType.AutoTypeTest29_Byte$Bean2#0",
	"@value":{
		"value":1
	}
}
{
	"@type":"com.alibaba.fastjson2.autoType.AutoTypeTest29_Byte$Bean3#0",
	"@value":{
		"value":1
	}
}
{
	"@type":"LinkedList#0",
	"@value":[
		{
			"@type":"com.alibaba.fastjson2.autoType.AutoTypeTest32$Bean#1",
			"@value":{
				"items":{
					"@type":"#0",
					"@value":[
						{},
						{},
						{}
					]
				}
			}
		},
		{
			"@type":"#1",
			"@value":{
				"items":null
			}
		},
		{
			"@type":"#1",
			"@value":{
				"items":null
			}
		}
	]
}
{
	"@type":"LinkedList#0",
	"@value":[
		{
			"@type":"com.alibaba.fastjson2.autoType.AutoTypeTest32$Bean#1",
			"@value":{
				"items":{
					"@type":"#0",
					"@value":[
						{},
						{},
						{}
					]
				}
			}
		},
		{
			"@type":"#1",
			"@value":{
				"items":{
					"@type":"java.util.Collections$SingletonList#2",
					"@value":[
						{}
					]
				}
			}
		},
		{
			"@type":"#1",
			"@value":{
				"items":null
			}
		}
	]
}
{
	"@type":"com.alibaba.fastjson2.autoType.AutoTypeTest22$Bean1#0",
	"@value":{
		"item":{
			"@type":"com.alibaba.fastjson2.autoType.AutoTypeTest22$XItem#1",
			"@value":{
				"id":101
			}
		},
		"item1":{"$ref":"$.item"}
	}
}
{
	"@type":"com.alibaba.fastjson2.autoType.AutoTypeTest9$Bean4#0",
	"@value":{
		"values":[
			{
				"@type":"LM#1",
				"@value":{}
			}
		]
	}
}
{
	"@type":"com.alibaba.fastjson2.autoType.AutoTypeTest9$Bean#0",
	"@value":{
		"values":[]
	}
}
{
	"@type":"com.alibaba.fastjson2.autoType.AutoTypeTest9$Bean2#0",
	"@value":{
		"values":[1]
	}
}
{
	"@type":"com.alibaba.fastjson2.autoType.AutoTypeTest9$Bean3#0",
	"@value":{
		"values":{
			"@type":"JO1#1",
			"@value":{
				"set":{
					"@type":"HashSet#2",
					"@value":[]
				}
			}
		}
	}
}
{
	"@type":"com.alibaba.fastjson2.autoType.AutoTypeTest9$Bean4#0",
	"@value":{
		"values":[
			{
				"@type":"JO1#1",
				"@value":{}
			}
		]
	}
}
{
	"@type":"com.alibaba.fastjson2.autoType.AutoTypeTest9$Bean5#0",
	"@value":{
		"values":{
			"data":{
				"@type":"A#1",
				"@value":[
					{
						"@type":"JO1#2",
						"@value":{}
					}
				]
			}
		}
	}
}
{
	"@type":"com.alibaba.fastjson2.autoType.AutoTypeTest39_ListStr$Bean#0",
	"@value":{
		"items":{
			"@type":"LinkedList#1",
			"@value":[
				"abcde",
				"abcde"
			]
		}
	}
}
{
	"@type":"com.alibaba.fastjson2.autoType.AutoTypeTest39_ListStr$Bean#0",
	"@value":{
		"items":{
			"@type":"java.util.Collections$SingletonList#1",
			"@value":["abc"]
		}
	}
}
{
	"@type":"com.alibaba.fastjson2.autoType.AutoTypeTest39_ListStr$Bean#0",
	"@value":{
		"items":{
			"@type":"java.util.Collections$SingletonList#1",
			"@value":["abc"]
		}
	}
}
{
	"@type":"com.alibaba.fastjson2.autoType.AutoTypeTest39_ListStr$Bean#0",
	"@value":{
		"items":{
			"@type":"java.util.Arrays$ArrayList#1",
			"@value":["abc"]
		}
	}
}
{
	"@type":"com.alibaba.fastjson2.autoType.AutoTypeTest39_ListStr$Bean#0",
	"@value":{
		"items":{
			"@type":"LinkedList#1",
			"@value":["abc"]
		}
	}
}
{
	"@type":"[Long#0",
	"@value":[101]
}
{
	"@type":"[UUID#0",
	"@value":[
		[
			93,
			113,
			91,
			-97,
			58,
			-82,
			73,
			-7,
			-66,
			34,
			97,
			41,
			81,
			-126,
			124,
			-21
		]
	]
}
{
	"@type":"[String#0",
	"@value":["101"]
}
{
	"@type":"[BigDecimal#0",
	"@value":[
		101
	]
}
{
	"@type":"[BigInteger#0",
	"@value":[101]
}
{
	"@type":"com.alibaba.fastjson2.autoType.AutoTypeTest31_array$BeanLong64Array#0",
	"@value":{
		"values":[101]
	}
}
{
	"@type":"[J#0",
	"@value":[101]
}
{
	"@type":"com.alibaba.fastjson2.autoType.AutoTypeTest31_array$BeanInteger64Array#0",
	"@value":{
		"values":[101]
	}
}
{
	"@type":"List#0",
	"@value":[101]
}
{
	"@type":"Set#0",
	"@value":["a"]
}
{
	"@type":"List#0",
	"@value":[101]
}
{
	"@type":"Set#0",
	"@value":["a"]
}
{
	"@type":"Set#0",
	"@value":["a"]
}
{
	"@type":"List#0",
	"@value":[101]
}
{
	"@type":"List#0",
	"@value":[101]
}
{
	"@type":"List#0",
	"@value":[101]
}
{
	"@type":"Set#0",
	"@value":["a"]
}
{
	"@type":"Set#0",
	"@value":["a"]
}
{
	"@type":"com.alibaba.fastjson2.autoType.AutoTypeTest18$Bean1#0",
	"@value":{
		"values":{
			"@type":"LinkedList#1",
			"@value":[
				{
					"@type":"com.alibaba.fastjson2.autoType.AutoTypeTest18$XItem#2",
					"@value":{}
				},
				{
					"@type":"com.alibaba.fastjson2.autoType.AutoTypeTest18$YItem#3",
					"@value":{}
				}
			]
		}
	}
}
{
	"@type":"com.alibaba.fastjson2.autoType.AutoTypeTest18$Bean2#0",
	"@value":{
		"values":{
			"@type":"LinkedHashSet#1",
			"@value":[
				{
					"@type":"com.alibaba.fastjson2.autoType.AutoTypeTest18$XItem#2",
					"@value":{}
				},
				{
					"@type":"com.alibaba.fastjson2.autoType.AutoTypeTest18$YItem#3",
					"@value":{}
				},
				{
					"@type":"com.alibaba.fastjson2.autoType.AutoTypeTest18$ZEnum#4",
					"@value":"A"
				}
			]
		}
	}
}
{
	"@type":"LinkedList#0",
	"@value":[
		{
			"@type":"com.alibaba.fastjson2.autoType.AutoTypeTest33$Bean#1",
			"@value":{
				"items":{
					"@type":"#0",
					"@value":[
						{
							"@type":"com.alibaba.fastjson2.autoType.AutoTypeTest33$Item#2",
							"@value":{}
						},
						{
							"@type":"#2",
							"@value":{}
						},
						{
							"@type":"#2",
							"@value":{}
						}
					]
				}
			}
		},
		{
			"@type":"#1",
			"@value":{
				"items":null
			}
		},
		{
			"@type":"#1",
			"@value":{
				"items":null
			}
		}
	]
}
{
	"@type":"LinkedList#0",
	"@value":[
		{
			"@type":"com.alibaba.fastjson2.autoType.AutoTypeTest33$Bean#1",
			"@value":{
				"items":{
					"@type":"#0",
					"@value":[
						{
							"@type":"com.alibaba.fastjson2.autoType.AutoTypeTest33$Item#2",
							"@value":{}
						},
						{
							"@type":"#2",
							"@value":{}
						},
						{
							"@type":"#2",
							"@value":{}
						}
					]
				}
			}
		},
		{
			"@type":"#1",
			"@value":{
				"items":{
					"@type":"java.util.Collections$SingletonList#3",
					"@value":[
						{
							"@type":"#2",
							"@value":{}
						}
					]
				}
			}
		},
		{
			"@type":"#1",
			"@value":{
				"items":null
			}
		}
	]
}
{
	"@type":"LinkedList#0",
	"@value":[
		{
			"@type":"com.alibaba.fastjson2.autoType.AutoTypeTest33$Bean#1",
			"@value":{
				"items":{
					"@type":"#0",
					"@value":[
						{
							"@type":"com.alibaba.fastjson2.autoType.AutoTypeTest33$Item#2",
							"@value":{}
						},
						{
							"@type":"#2",
							"@value":{}
						},
						{
							"@type":"#2",
							"@value":{}
						}
					]
				}
			}
		},
		{
			"@type":"#1",
			"@value":{
				"items":{
					"@type":"java.util.Collections$SingletonSet#3",
					"@value":[
						{}
					]
				}
			}
		},
		{
			"@type":"#1",
			"@value":{
				"items":null
			}
		}
	]
}
{
	"@type":"com.alibaba.fastjson2.autoType.AutoTypeTest26$Bean1#0",
	"@value":{
		"items":{
			"@type":"java.util.Collections$UnmodifiableMap#1",
			"@value":{}
		}
	}
}
{
	"@type":"com.alibaba.fastjson2.autoType.AutoTypeTest26$Bean1#0",
	"@value":{
		"items":{
			"@type":"java.util.Collections$UnmodifiableSortedMap#1",
			"@value":{}
		}
	}
}
{
	"@type":"com.alibaba.fastjson2.autoType.AutoTypeTest26$Bean1#0",
	"@value":{
		"items":{
			"@type":"java.util.Collections$UnmodifiableNavigableMap#1",
			"@value":{}
		}
	}
}
{
	"@type":"com.alibaba.fastjson2.autoType.AutoTypeTest26$Bean1#0",
	"@value":{
		"items":{
			"@type":"com.google.common.collect.RegularImmutableMap#1",
			"@value":{}
		}
	}
}
{
	"@type":"com.alibaba.fastjson2.autoType.AutoTypeTest26$Bean1#0",
	"@value":{
		"items":{
			"@type":"java.util.Collections$UnmodifiableNavigableMap$EmptyNavigableMap#1",
			"@value":{}
		}
	}
}
{
	"@type":"com.alibaba.fastjson2.autoType.AutoTypeTest26$Bean1#0",
	"@value":{
		"items":{
			"@type":"EmptyMap#1",
			"@value":{}
		}
	}
}
{
	"@type":"com.alibaba.fastjson2.autoType.AutoTypeTest26$Bean1#0",
	"@value":{
		"items":{
			"@type":"java.util.Collections$UnmodifiableNavigableMap$EmptyNavigableMap#1",
			"@value":{}
		}
	}
}
{
	"@type":"com.alibaba.fastjson2.autoType.AutoTypeTest26$Bean1#0",
	"@value":{
		"items":{
			"@type":"com.google.common.collect.SingletonImmutableBiMap#1",
			"@value":{
				"a":0
			}
		}
	}
}
{
	"@type":"com.alibaba.fastjson2.autoType.AutoTypeTest26$Bean1#0",
	"@value":{
		"items":{
			"@type":"java.util.Collections$SingletonMap#1",
			"@value":{
				"a":1
			}
		}
	}
}
{
	"@type":"com.alibaba.fastjson2.autoType.AutoTypeTest23$Bean1#0",
	"@value":{
		"items":{
			"@type":"[com.alibaba.fastjson2.autoType.AutoTypeTest23$XItem#1",
			"@value":[]
		},
		"items1":{"$ref":"$.items"}
	}
}
{
	"@type":"com.alibaba.fastjson2.autoType.AutoTypeTest23$Bean2#0",
	"@value":{
		"items":[
			"a",
			"b"
		],
		"items1":{"$ref":"$.items"}
	}
}
{
	"@type":"com.alibaba.fastjson2.autoType.AutoTypeFilterTest1$RpcException#0",
	"@value":{
		"stackTrace#1":[],
		"suppressedExceptions#2":{
			"@type":"java.util.Collections$EmptyList#3",
			"@value":[]
		}
	}
}
{
	"@type":"com.alibaba.fastjson2.autoType.AutoTypeTest28_Short$Bean1#0",
	"@value":{
		"value":1
	}
}
{
	"@type":"com.alibaba.fastjson2.autoType.AutoTypeTest28_Short$Bean2#0",
	"@value":{
		"value":1
	}
}
{
	"@type":"com.alibaba.fastjson2.autoType.AutoTypeTest28_Short$Bean3#0",
	"@value":{
		"value":1
	}
}
{
	"@type":"com.alibaba.fastjson2.autoType.AutoTypeTest17$Bean2#0",
	"@value":{
		"values":[
			{
				"@type":"com.alibaba.fastjson2.autoType.AutoTypeTest17$XItem#1",
				"@value":{}
			},
			{
				"@type":"com.alibaba.fastjson2.autoType.AutoTypeTest17$Item#2",
				"@value":{}
			}
		]
	}
}
{
	"@type":"com.alibaba.fastjson2.autoType.AutoTypeTest17$Bean3#0",
	"@value":{
		"values":[
			{
				"@type":"com.alibaba.fastjson2.autoType.AutoTypeTest17$XItem#1",
				"@value":{}
			},
			{}
		]
	}
}
{
	"@type":"com.alibaba.fastjson2.autoType.AutoTypeTest17$Bean4#0",
	"@value":{
		"values":{
			"@type":"LM#1",
			"@value":{
				"0":{
					"@type":"com.alibaba.fastjson2.autoType.AutoTypeTest17$XItem#2",
					"@value":{}
				},
				"1":{}
			}
		}
	}
}
{
	"@type":"com.alibaba.fastjson2.autoType.AutoTypeTest17$Bean5#0",
	"@value":{
		"item":{}
	}
}
{
	"@type":"com.alibaba.fastjson2.autoType.AutoTypeTest17$Bean5#0",
	"@value":{
		"item":{
			"@type":"com.alibaba.fastjson2.autoType.AutoTypeTest17$XItem#1",
			"@value":{}
		}
	}
}
{
	"@type":"com.alibaba.fastjson2.autoType.AutoTypeTest17$Bean6#0",
	"@value":{
		"values":{
			"0":{
				"@type":"com.alibaba.fastjson2.autoType.AutoTypeTest17$XItem#1",
				"@value":{}
			},
			"1":{}
		}
	}
}
{
	"@type":"com.alibaba.fastjson2.autoType.AutoTypeTest17$Bean8#0",
	"@value":{
		"values":{
			"@type":"LM#1",
			"@value":{
				0:{
					"@type":"com.alibaba.fastjson2.autoType.AutoTypeTest17$XItem#2",
					"@value":{}
				},
				1:{}
			}
		}
	}
}
{
	"@type":"LM#0",
	"@value":{
		{
			"@type":"java.lang.Class#1",
			"@value":"java.lang.String"
		}:"S"
	}
}
{
	{
		"@type":"HashSet#0",
		"@value":[]
	}:"A",
	{
		"@type":"EmptyMap#1",
		"@value":{}
	}:"C",
	{
		{}:"D"
	}:"E"
}
{
	"@type":"com.alibaba.fastjson2.autoType.AutoTypeTest34_ListStr$Bean#0",
	"@value":{
		"items":{
			"@type":"LinkedList#1",
			"@value":[
				"abcde",
				"abcde"
			]
		}
	}
}
{
	"@type":"com.alibaba.fastjson2.autoType.AutoTypeTest34_ListStr$Bean#0",
	"@value":{
		"items":{
			"@type":"java.util.Collections$SingletonList#1",
			"@value":["abc"]
		}
	}
}
{
	"@type":"com.alibaba.fastjson2.autoType.AutoTypeTest34_ListStr$Bean#0",
	"@value":{
		"items":{
			"@type":"java.util.Collections$SingletonSet#1",
			"@value":["abc"]
		}
	}
}
{
	"@type":"com.alibaba.fastjson2.autoType.AutoTypeTest34_ListStr$Bean#0",
	"@value":{
		"items":{
			"@type":"java.util.Arrays$ArrayList#1",
			"@value":["abc"]
		}
	}
}
{
	"@type":"com.alibaba.fastjson2.autoType.AutoTypeTest34_ListStr$Bean#0",
	"@value":{
		"items":{
			"@type":"java.util.Collections$UnmodifiableCollection#1",
			"@value":["abc"]
		}
	}
}
{
	"@type":"com.alibaba.fastjson2.autoType.AutoTypeTest38_DupType$Bean#0",
	"@value":{
		"first":{
			"@type":"com.alibaba.fastjson2.autoType.AutoTypeTest38_DupType$Item#1",
			"@value":{
				"id":101,
				"name":"DataWorks"
			}
		},
		"second":{
			"@type":"#1",
			"@value":{
				"id":102,
				"name":"MaxCompute"
			}
		},
		"third":{
			"@type":"#1",
			"@value":{
				"id":102,
				"name":"EMR"
			}
		}
	}
}
{
	"@type":"com.alibaba.fastjson2.autoType.AutoTypeTest46_Pair$Bean#0",
	"@value":{
		"pair1#1":{
			"@type":"org.apache.commons.lang3.tuple.ImmutablePair#2",
			"@value":{
				"left#3":"101",
				"right#4":true
			}
		},
		"pair2#5":{
			"@type":"#2",
			"@value":{
				"#3":"102",
				"#4":true
			}
		}
	}
}
{
	"@type":"com.alibaba.fastjson2.autoType.AutoTypeTest36_SetLong$Bean#0",
	"@value":{
		"values":[100],
		"values1":[100]
	}
}
[
	{
		"@type":"com.alibaba.fastjson2.autoType.AutoTypeTest36_SetLong$Bean2#0",
		"@value":{
			"values":[100]
		}
	},
	{
		"@type":"#0",
		"@value":{
			"values":[200]
		}
	},
	{
		"@type":"#0",
		"@value":{
			"values":[300]
		}
	}
]
{
	"@type":"com.alibaba.fastjson2.autoType.AutoTypeTest36_SetLong$Bean2#0",
	"@value":{
		"values":[100]
	}
}
{
	"@type":"com.alibaba.fastjson2.autoType.AutoTypeTest36_MapAtomicLong$Bean#0",
	"@value":{
		"map":{
			"123":{
				"@type":"AtomicLong#1",
				"@value":123
			}
		}
	}
}
{
	"@type":"com.alibaba.fastjson2.autoType.AutoTypeTest36_MapAtomicLong$Bean#0",
	"@value":{
		"map":{
			"123":{
				"@type":"AtomicInteger#1",
				"@value":123
			}
		}
	}
}
{
	"@type":"com.google.common.collect.AbstractMapBasedMultimap$RandomAccessWrappedList#0",
	"@value":[
		101,
		102,
		101
	]
}
{
	"@type":"com.google.common.collect.AbstractMapBasedMultimap$WrappedSet#0",
	"@value":{
		"ancestor":null,
		"ancestorDelegate":null,
		"delegate":{
			"@type":"HashSet#1",
			"@value":[
				101,
				102
			]
		},
		"key":"a",
		"this$0":{
			"@type":"com.google.common.collect.HashMultimap#2",
			"@value":{
				"a":{
					"@type":"#0",
					"@value":{
						"ancestor":null,
						"ancestorDelegate":null,
						"delegate":{"$ref":"$.delegate"},
						"key":"a",
						"this$0":{"$ref":"$.this$0"}
					}
				}
			}
		}
	}
}
{
	"@type":"com.alibaba.fastjson2.autoType.AutoTypeTest27$Bean1#0",
	"@value":{
		"items":{
			"@type":"java.util.Arrays$ArrayList#1",
			"@value":[
				0,
				1,
				2,
				3
			]
		}
	}
}
{
	"@type":"com.alibaba.fastjson2.autoType.AutoTypeTest27$Bean1#0",
	"@value":{
		"items":{
			"@type":"java.util.Collections$EmptySet#1",
			"@value":[]
		}
	}
}
{
	"@type":"com.alibaba.fastjson2.autoType.AutoTypeTest27$Bean1#0",
	"@value":{
		"items":{
			"@type":"java.util.Collections$UnmodifiableCollection#1",
			"@value":[]
		}
	}
}
{
	"@type":"com.alibaba.fastjson2.autoType.AutoTypeTest27$Bean1#0",
	"@value":{
		"items":{
			"@type":"java.util.AbstractList$SubList#1",
			"@value":[0]
		}
	}
}
{
	"@type":"com.alibaba.fastjson2.autoType.AutoTypeTest27$Bean1#0",
	"@value":{
		"items":{
			"@type":"A#1",
			"@value":[0]
		}
	}
}
{
	"@type":"com.alibaba.fastjson2.autoType.AutoTypeTest27$Bean1#0",
	"@value":{
		"items":{
			"@type":"java.util.Collections$UnmodifiableSortedSet#1",
			"@value":["A"]
		}
	}
}
{
	"@type":"com.alibaba.fastjson2.autoType.AutoTypeTest27$Bean1#0",
	"@value":{
		"items":{
			"@type":"java.util.Collections$UnmodifiableNavigableSet#1",
			"@value":["A"]
		}
	}
}
{
	"@type":"com.alibaba.fastjson2.autoType.AutoTypeTest27$Bean1#0",
	"@value":{
		"items":{
			"@type":"java.util.Collections$SingletonSet#1",
			"@value":["1"]
		}
	}
}
{
	"@type":"com.alibaba.fastjson2.autoType.AutoTypeTest27$Bean1#0",
	"@value":{
		"items":{
			"@type":"java.util.Collections$UnmodifiableSet#1",
			"@value":[]
		}
	}
}
{
	"@type":"com.alibaba.fastjson2.autoType.AutoTypeTest45_ListNullItem$Bean#0",
	"@value":{
		"items":[
			null,
			{}
		]
	}
}
diff type $.sesameBlock_1.fields.map, left class java.util.HashMap, right class com.alibaba.fastjson.JSONObject
diff JSONObject1 $.sesameBlock_1.fields
diff map $.sesameBlock_1, com.alibaba.fastjson.JSONObject
diff map $, com.alibaba.fastjson.JSONObject
{
	"@type":"[O#0",
	"@value":[
		{
			"@type":"TimeUnit#1",
			"@value":"DAYS"
		}
	]
}
{
	"a":{
		"@type":"com.alibaba.fastjson2.autoType.AutoTypeTest37_MapBean$Item#0",
		"@value":{
			"child":null,
			"id":101
		}
	},
	"b":{
		"@type":"#0",
		"@value":{
			"child":null,
			"id":102
		}
	},
	"c":{
		"@type":"#0",
		"@value":{
			"child":{},
			"id":103
		}
	}
}
{
	"@type":"com.alibaba.fastjson2.autoType.AutoTypeTest19$Bean2#0",
	"@value":{
		"values":{
			"@type":"LinkedList#1",
			"@value":[
				{
					"@type":"com.alibaba.fastjson2.autoType.AutoTypeTest19$XItem2#2",
					"@value":{
						"id":0,
						"value":0
					}
				},
				{
					"@type":"#2",
					"@value":{
						"id":0,
						"value":0
					}
				},
				{
					"@type":"#2",
					"@value":{
						"id":0,
						"value":0
					}
				}
			]
		}
	}
}
{
	"@type":"com.alibaba.fastjson2.autoType.AutoTypeTest19$Bean1#0",
	"@value":{
		"f1":false,
		"id":123,
		"v1":0,
		"values":{
			"@type":"LinkedList#1",
			"@value":[
				{
					"key":"101",
					"value":1
				},
				{
					"gmtCreate":1791305070746,
					"key":"102",
					"value":2
				},
				{
					"gmtCreate":1791305070746,
					"key":"103",
					"value":"3"
				}
			]
		}
	}
}
{
	"@type":"com.alibaba.fastjson2.autoType.AutoTypeTest19$Bean2#0",
	"@value":{
		"values":{
			"@type":"LinkedList#1",
			"@value":[
				{
					"@type":"com.alibaba.fastjson2.autoType.AutoTypeTest19$XItem2#2",
					"@value":{
						"id":0,
						"value":0
					}
				}
			]
		}
	}
}
{
	"@type":"com.alibaba.fastjson2.autoType.AutoTypeTest25$Bean1#0",
	"@value":{
		"items":{
			"@type":"TreeMap#1",
			"@value":{
				"a":{
					"a1":null,
					"child":null,
					"chilren":null
				}
			}
		}
	}
}
{
	"@type":"com.alibaba.fastjson2.autoType.AutoTypeTest44_customList$1#0",
	"@value":[101]
}
{
	"@type":"com.alibaba.fastjson2.autoType.AutoTypeTest44_customList$2#0",
	"@value":[101]
}
{
	"@type":"M#0",
	"@value":{
		"a":101
	}
}
{
	"@type":"com.alibaba.fastjson2.autoType.AutoTypeTest24$Bean1#0",
	"@value":{
		"items":[
			"1",
			"2"
		]
	}
}
{
	"@type":"com.alibaba.fastjson2.autoType.AutoTypeTest16_enums$Bean1#0",
	"@value":{
		"values":{
			"@type":"LinkedList#1",
			"@value":[
				"DAYS",
				"SECONDS",
				"DAYS"
			]
		}
	}
}
{
	"@type":"com.alibaba.fastjson2.autoType.AutoTypeTest16_enums$Bean2#0",
	"@value":{
		"values":{
			"@type":"LinkedList#1",
			"@value":[
				{
					"children":{
						"@type":"A#2",
						"@value":[
							{
								"id":11
							},
							{
								"id":12
							}
						]
					}
				},
				{
					"children":{
						"@type":"#2",
						"@value":[
							{
								"id":21
							},
							{
								"id":22
							}
						]
					}
				}
			]
		}
	}
}
{
	"@type":"com.alibaba.fastjson2.autoType.AutoTypeTest36_MapLong$Bean#0",
	"@value":{
		"values":{
			"abc":100
		}
	}
}
{
	"@type":"com.alibaba.fastjson2.autoType.AutoTypeTest40_listBeanMap$Bean#0",
	"@value":{
		"items":[
			{
				"@type":"M#1",
				"@value":{}
			}
		]
	}
}
{
	"@type":"com.alibaba.fastjson2.autoType.AutoTypeTest40_listBeanMap$Bean2#0",
	"@value":{
		"items":{
			"a":{
				"@type":"M#1",
				"@value":{}
			}
		}
	}
}
{
	"@type":"com.alibaba.fastjson2.autoType.AutoTypeTest8$Bean#0",
	"@value":{
		"values":{
			"@type":"[com.alibaba.fastjson2.autoType.AutoTypeTest8$A1#1",
			"@value":[
				{}
			]
		}
	}
}
[{}]
[{}]
{
	"@type":"com.alibaba.fastjson2.autoType.AutoTypeTest8$ListBean#0",
	"@value":{
		"values":{
			"@type":"LinkedList#1",
			"@value":[
				{
					"@type":"com.alibaba.fastjson2.autoType.AutoTypeTest8$A#2",
					"@value":{}
				}
			]
		}
	}
}
{
	"@type":"com.alibaba.fastjson2.autoType.AutoTypeTest8$ListBean2#0",
	"@value":{
		"values":[
			{
				"@type":"com.alibaba.fastjson2.autoType.AutoTypeTest8$A#1",
				"@value":{}
			}
		]
	}
}
{
	"@type":"com.alibaba.fastjson2.autoType.AutoTypeTest30$Bean1#0",
	"@value":{
		"items":["101"]
	}
}
{
	"@type":"com.alibaba.fastjson2.autoType.AutoTypeTest30$Bean2#0",
	"@value":{
		"value":"1001"
	}
}
[
	{
		"@type":"com.alibaba.fastjson2.autoType.AutoTypeTest30$Bean1#0",
		"@value":{
			"items":["101"]
		}
	},
	{
		"@type":"#0",
		"@value":{
			"items":["102"]
		}
	},
	{
		"@type":"#0",
		"@value":{
			"items":["103"]
		}
	}
]
{"name":123456789,"id":"abc"}
[
	{
		"name":"id",
		"inferSQLType":"STRING",
		"inferType":"java.lang.String",
		"integers":7702,
		"numbers":7702,
		"precision":10,
		"values":15404
	},
	{
		"name":"type",
		"inferSQLType":"STRING",
		"inferType":"java.lang.String",
		"precision":29,
		"values":15404
	},
	{
		"name":"actor",
		"inferSQLType":"STRING",
		"inferType":"java.util.Map",
		"maps":7702,
		"values":7702
	},
	{
		"name":"actor.id",
		"inferSQLType":"INT",
		"inferType":"java.lang.Integer",
		"integers":7702,
		"numbers":7702,
		"values":7702
	},
	{
		"name":"actor.login",
		"inferSQLType":"STRING",
		"inferType":"java.lang.String",
		"integers":3,
		"numbers":3,
		"precision":27,
		"values":15404
	},
	{
		"name":"actor.gravatar_id",
		"inferSQLType":"STRING",
		"inferType":"java.lang.String",
		"nulls":7702,
		"values":15404
	},
	{
		"name":"actor.url",
		"inferSQLType":"STRING",
		"inferType":"java.lang.String",
		"precision":56,
		"values":15404
	},
	{
		"name":"actor.avatar_url",
		"inferSQLType":"STRING",
		"inferType":"java.lang.String",
		"precision":49,
		"values":15404
	},
	{
		"name":"repo",
		"inferSQLType":"STRING",
		"inferType":"java.util.Map",
		"maps":7702,
		"values":7702
	},
	{
		"name":"repo.id",
		"inferSQLType":"INT",
		"inferType":"java.lang.Integer",
		"integers":7702,
		"numbers":7702,
		"values":7702
	},
	{
		"name":"repo.name",
		"errors":64,
		"inferSQLType":"STRING",
		"inferType":"java.lang.String",
		"precision":54,
		"values":15404
	},
	{
		"name":"repo.url",
		"inferSQLType":"STRING",
		"inferType":"java.lang.String",
		"precision":83,
		"values":15404
	},
	{
		"name":"payload",
		"inferSQLType":"STRING",
		"inferType":"java.util.Map",
		"maps":7702,
		"values":7702
	},
	{
		"name":"payload.push_id",
		"inferSQLType":"INT",
		"inferType":"java.lang.Integer",
		"integers":4280,
		"numbers":4280,
		"values":4280
	},
	{
		"name":"payload.size",
		"inferSQLType":"INT",
		"inferType":"java.lang.Integer",
		"integers":4280,
		"numbers":4280,
		"values":4280
	},
	{
		"name":"payload.distinct_size",
		"inferSQLType":"INT",
		"inferType":"java.lang.Integer",
		"integers":4280,
		"numbers":4280,
		"values":4280
	},
	{
		"name":"payload.ref",
		"errors":192,
		"inferSQLType":"STRING",
		"inferType":"java.lang.String",
		"integers":1,
		"nulls":290,
		"numbers":10,
		"precision":250,
		"scale":4,
		"values":9892
	},
	{
		"name":"payload.head",
		"inferSQLType":"STRING",
		"inferType":"java.lang.String",
		"precision":40,
		"values":8560
	},
	{
		"name":"payload.before",
		"inferSQLType":"STRING",
		"inferType":"java.lang.String",
		"precision":40,
		"values":8560
	},
	{
		"name":"payload.commits",
		"arrays":4280,
		"inferSQLType":"STRING",
		"inferType":"java.util.Collection",
		"maps":5706,
		"values":9986
	},
	{
		"name":"payload.commits[0].sha",
		"inferSQLType":"STRING",
		"inferType":"java.lang.String",
		"precision":40,
		"values":8270
	},
	{
		"name":"payload.commits[0].author",
		"inferSQLType":"STRING",
		"inferType":"java.util.Map",
		"maps":4135,
		"values":4135
	},
	{
		"name":"payload.commits[0].author.email",
		"inferSQLType":"STRING",
		"inferType":"java.lang.String",
		"precision":77,
		"values":8270
	},
	{
		"name":"payload.commits[0].author.name",
		"inferSQLType":"STRING",
		"inferType":"java.lang.String",
		"integers":1,
		"nonAsciiStrings":83,
		"numbers":1,
		"precision":35,
		"values":8270
	},
	{
		"name":"payload.commits[0].message",
		"dates":2,
		"errors":26,
		"inferSQLType":"STRING",
		"inferType":"java.lang.String",
		"integers":19,
		"nonAsciiStrings":64,
		"nulls":6,
		"numbers":20,
		"precision":3949,
		"scale":2,
		"values":8270
	},
	{
		"name":"payload.commits[0].distinct",
		"booleans":4135,
		"inferSQLType":"STRING",
		"inferType":"java.lang.Boolean",
		"values":4135
	},
	{
		"name":"payload.commits[0].url",
		"inferSQLType":"STRING",
		"inferType":"java.lang.String",
		"precision":132,
		"values":8270
	},
	{
		"name":"public",
		"booleans":7702,
		"inferSQLType":"STRING",
		"inferType":"java.lang.Boolean",
		"values":7702
	},
	{
		"name":"created_at",
		"dates":7702,
		"inferSQLType":"STRING",
		"inferType":"java.lang.String",
		"values":15404
	},
	{
		"name":"payload.ref_type",
		"inferSQLType":"STRING",
		"inferType":"java.lang.String",
		"precision":10,
		"values":1912
	},
	{
		"name":"payload.master_branch",
		"inferSQLType":"STRING",
		"inferType":"java.lang.String",
		"precision":13,
		"values":1630
	},
	{
		"name":"payload.description",
		"inferSQLType":"STRING",
		"inferType":"java.lang.String",
		"integers":4,
		"nonAsciiStrings":20,
		"nulls":256,
		"numbers":4,
		"precision":469,
		"values":1576
	},
	{
		"name":"payload.pusher_type",
		"inferSQLType":"STRING",
		"inferType":"java.lang.String",
		"precision":4,
		"values":1912
	},
	{
		"name":"payload.commits[1].sha",
		"inferSQLType":"STRING",
		"inferType":"java.lang.String",
		"precision":40,
		"values":1462
	},
	{
		"name":"payload.commits[1].author",
		"inferSQLType":"STRING",
		"inferType":"java.util.Map",
		"maps":731,
		"values":731
	},
	{
		"name":"payload.commits[1].author.email",
		"inferSQLType":"STRING",
		"inferType":"java.lang.String",
		"precision":77,
		"values":1462
	},
	{
		"name":"payload.commits[1].author.name",
		"inferSQLType":"STRING",
		"inferType":"java.lang.String",
		"nonAsciiStrings":9,
		"precision":30,
		"values":1462
	},
	{
		"name":"payload.commits[1].message",
		"errors":3,
		"inferSQLType":"STRING",
		"inferType":"java.lang.String",
		"nonAsciiStrings":6,
		"numbers":2,
		"precision":2336,
		"scale":4,
		"values":1462
	},
	{
		"name":"payload.commits[1].distinct",
		"booleans":731,
		"inferSQLType":"STRING",
		"inferType":"java.lang.Boolean",
		"values":731
	},
	{
		"name":"payload.commits[1].url",
		"inferSQLType":"STRING",
		"inferType":"java.lang.String",
		"precision":132,
		"values":1462
	},
	{
		"name":"payload.commits[2].sha",
		"inferSQLType":"STRING",
		"inferType":"java.lang.String",
		"precision":40,
		"values":640
	},
	{
		"name":"payload.commits[2].author",
		"inferSQLType":"STRING",
		"inferType":"java.util.Map",
		"maps":320,
		"values":320
	},
	{
		"name":"payload.commits[2].author.email",
		"inferSQLType":"STRING",
		"inferType":"java.lang.String",
		"precision":77,
		"values":640
	},
	{
		"name":"payload.commits[2].author.name",
		"inferSQLType":"STRING",
		"inferType":"java.lang.String",
		"nonAsciiStrings":4,
		"precision":29,
		"values":640
	},
	{
		"name":"payload.commits[2].message",
		"inferSQLType":"STRING",
		"inferType":"java.lang.String",
		"nonAsciiStrings":3,
		"precision":1154,
		"values":640
	},
	{
		"name":"payload.commits[2].distinct",
		"booleans":320,
		"inferSQLType":"STRING",
		"inferType":"java.lang.Boolean",
		"values":320
	},
	{
		"name":"payload.commits[2].url",
		"inferSQLType":"STRING",
		"inferType":"java.lang.String",
		"precision":121,
		"values":640
	},
	{
		"name":"payload.commits[3].sha",
		"inferSQLType":"STRING",
		"inferType":"java.lang.String",
		"precision":40,
		"values":354
	},
	{
		"name":"payload.commits[3].author",
		"inferSQLType":"STRING",
		"inferType":"java.util.Map",
		"maps":177,
		"values":177
	},
	{
		"name":"payload.commits[3].author.email",
		"inferSQLType":"STRING",
		"inferType":"java.lang.String",
		"precision":75,
		"values":354
	},
	{
		"name":"payload.commits[3].author.name",
		"inferSQLType":"STRING",
		"inferType":"java.lang.String",
		"nonAsciiStrings":2,
		"precision":46,
		"values":354
	},
	{
		"name":"payload.commits[3].message",
		"inferSQLType":"STRING",
		"inferType":"java.lang.String",
		"nonAsciiStrings":3,
		"precision":492,
		"values":354
	},
	{
		"name":"payload.commits[3].distinct",
		"booleans":177,
		"inferSQLType":"STRING",
		"inferType":"java.lang.Boolean",
		"values":177
	},
	{
		"name":"payload.commits[3].url",
		"inferSQLType":"STRING",
		"inferType":"java.lang.String",
		"precision":121,
		"values":354
	},
	{
		"name":"payload.commits[4].sha",
		"inferSQLType":"STRING",
		"inferType":"java.lang.String",
		"precision":40,
		"values":238
	},
	{
		"name":"payload.commits[4].author",
		"inferSQLType":"STRING",
		"inferType":"java.util.Map",
		"maps":119,
		"values":119
	},
	{
		"name":"payload.commits[4].author.email",
		"inferSQLType":"STRING",
		"inferType":"java.lang.String",
		"precision":75,
		"values":238
	},
	{
		"name":"payload.commits[4].author.name",
		"inferSQLType":"STRING",
		"inferType":"java.lang.String",
		"nonAsciiStrings":2,
		"precision":29,
		"values":238
	},
	{
		"name":"payload.commits[4].message",
		"inferSQLType":"STRING",
		"inferType":"java.lang.String",
		"nonAsciiStrings":1,
		"precision":654,
		"values":238
	},
	{
		"name":"payload.commits[4].distinct",
		"booleans":119,
		"inferSQLType":"STRING",
		"inferType":"java.lang.Boolean",
		"values":119
	},
	{
		"name":"payload.commits[4].url",
		"inferSQLType":"STRING",
		"inferType":"java.lang.String",
		"precision":121,
		"values":238
	},
	{
		"name":"payload.commits[5].sha",
		"inferSQLType":"STRING",
		"inferType":"java.lang.String",
		"precision":40,
		"values":166
	},
	{
		"name":"payload.commits[5].author",
		"inferSQLType":"STRING",
		"inferType":"java.util.Map",
		"maps":83,
		"values":83
	},
	{
		"name":"payload.commits[5].author.email",
		"inferSQLType":"STRING",
		"inferType":"java.lang.String",
		"precision":75,
		"values":166
	},
	{
		"name":"payload.commits[5].author.name",
		"inferSQLType":"STRING",
		"inferType":"java.lang.String",
		"nonAsciiStrings":1,
		"precision":29,
		"values":166
	},
	{
		"name":"payload.commits[5].message",
		"inferSQLType":"STRING",
		"inferType":"java.lang.String",
		"nonAsciiStrings":1,
		"precision":1164,
		"values":166
	},
	{
		"name":"payload.commits[5].distinct",
		"booleans":83,
		"inferSQLType":"STRING",
		"inferType":"java.lang.Boolean",
		"values":83
	},
	{
		"name":"payload.commits[5].url",
		"inferSQLType":"STRING",
		"inferType":"java.lang.String",
		"precision":121,
		"values":166
	},
	{
		"name":"payload.commits[6].sha",
		"inferSQLType":"STRING",
		"inferType":"java.lang.String",
		"precision":40,
		"values":122
	},
	{
		"name":"payload.commits[6].author",
		"inferSQLType":"STRING",
		"inferType":"java.util.Map",
		"maps":61,
		"values":61
	},
	{
		"name":"payload.commits[6].author.email",
		"inferSQLType":"STRING",
		"inferType":"java.lang.String",
		"precision":75,
		"values":122
	},
	{
		"name":"payload.commits[6].author.name",
		"inferSQLType":"STRING",
		"inferType":"java.lang.String",
		"nonAsciiStrings":2,
		"precision":29,
		"values":122
	},
	{
		"name":"payload.commits[6].message",
		"inferSQLType":"STRING",
		"inferType":"java.lang.String",
		"nonAsciiStrings":1,
		"precision":525,
		"values":122
	},
	{
		"name":"payload.commits[6].distinct",
		"booleans":61,
		"inferSQLType":"STRING",
		"inferType":"java.lang.Boolean",
		"values":61
	},
	{
		"name":"payload.commits[6].url",
		"inferSQLType":"STRING",
		"inferType":"java.lang.String",
		"precision":121,
		"values":122
	},
	{
		"name":"payload.commits[7].sha",
		"inferSQLType":"STRING",
		"inferType":"java.lang.String",
		"precision":40,
		"values":82
	},
	{
		"name":"payload.commits[7].author",
		"inferSQLType":"STRING",
		"inferType":"java.util.Map",
		"maps":41,
		"values":41
	},
	{
		"name":"payload.commits[7].author.email",
		"inferSQLType":"STRING",
		"inferType":"java.lang.String",
		"precision":75,
		"values":82
	},
	{
		"name":"payload.commits[7].author.name",
		"inferSQLType":"STRING",
		"inferType":"java.lang.String",
		"precision":29,
		"values":82
	},
	{
		"name":"payload.commits[7].message",
		"inferSQLType":"STRING",
		"inferType":"java.lang.String",
		"nonAsciiStrings":1,
		"precision":458,
		"values":82
	},
	{
		"name":"payload.commits[7].distinct",
		"booleans":41,
		"inferSQLType":"STRING",
		"inferType":"java.lang.Boolean",
		"values":41
	},
	{
		"name":"payload.commits[7].url",
		"inferSQLType":"STRING",
		"inferType":"java.lang.String",
		"precision":121,
		"values":82
	},
	{
		"name":"org",
		"inferSQLType":"STRING",
		"inferType":"java.util.Map",
		"maps":2342,
		"values":2342
	},
	{
		"name":"org.id",
		"inferSQLType":"INT",
		"inferType":"java.lang.Integer",
		"integers":2342,
		"numbers":2342,
		"values":2342
	},
	{
		"name":"org.login",
		"errors":3,
		"inferSQLType":"STRING",
		"inferType":"java.lang.String",
		"precision":36,
		"values":4684
	},
	{
		"name":"org.gravatar_id",
		"inferSQLType":"STRING",
		"inferType":"java.lang.String",
		"nulls":2342,
		"values":4684
	},
	{
		"name":"org.url",
		"inferSQLType":"STRING",
		"inferType":"java.lang.String",
		"precision":64,
		"values":4684
	},
	{
		"name":"org.avatar_url",
		"inferSQLType":"STRING",
		"inferType":"java.lang.String",
		"precision":49,
		"values":4684
	},
	{
		"name":"payload.action",
		"inferSQLType":"STRING",
		"inferType":"java.lang.String",
		"precision":9,
		"values":4210
	},
	{
		"name":"payload.issue",
		"inferSQLType":"STRING",
		"inferType":"java.util.Map",
		"maps":1023,
		"values":1023
	},
	{
		"name":"payload.issue.url",
		"inferSQLType":"STRING",
		"inferType":"java.lang.String",
		"precision":82,
		"values":2046
	},
	{
		"name":"payload.issue.labels_url",
		"inferSQLType":"STRING",
		"inferType":"java.lang.String",
		"precision":96,
		"values":2046
	},
	{
		"name":"payload.issue.comments_url",
		"inferSQLType":"STRING",
		"inferType":"java.lang.String",
		"precision":91,
		"values":2046
	},
	{
		"name":"payload.issue.events_url",
		"inferSQLType":"STRING",
		"inferType":"java.lang.String",
		"precision":89,
		"values":2046
	},
	{
		"name":"payload.issue.html_url",
		"inferSQLType":"STRING",
		"inferType":"java.lang.String",
		"precision":71,
		"values":2046
	},
	{
		"name":"payload.issue.id",
		"inferSQLType":"INT",
		"inferType":"java.lang.Integer",
		"integers":1023,
		"numbers":1023,
		"values":1023
	},
	{
		"name":"payload.issue.number",
		"inferSQLType":"INT",
		"inferType":"java.lang.Integer",
		"integers":1023,
		"numbers":1023,
		"values":1023
	},
	{
		"name":"payload.issue.title",
		"inferSQLType":"STRING",
		"inferType":"java.lang.String",
		"nonAsciiStrings":16,
		"precision":135,
		"values":2046
	},
	{
		"name":"payload.issue.user",
		"inferSQLType":"STRING",
		"inferType":"java.util.Map",
		"maps":1023,
		"values":1023
	},
	{
		"name":"payload.issue.user.login",
		"inferSQLType":"STRING",
		"inferType":"java.lang.String",
		"precision":20,
		"values":2046
	},
	{
		"name":"payload.issue.user.id",
		"inferSQLType":"INT",
		"inferType":"java.lang.Integer",
		"integers":1023,
		"numbers":1023,
		"values":1023
	}
]
{"@type":"com.alibaba.fastjson2.issues_1900.Issue1945$B","aInstance":{"@type":"java.util.HashMap","test":"test"},"clazz":["java.lang.String"]}
{
	"id#0":"#0",
	"#0":"#0"
}
[
	{
		"@type":"vip.joinsun.dto.order.ThirdOrderResponseBO0#0",
		"@value":{}
	},
	{
		"@type":"vip.joinsun.dto.order.ThirdOrderResponseBO1#1",
		"@value":{}
	},
	{
		"@type":"vip.joinsun.dto.order.ThirdOrderResponseBO2#2",
		"@value":{}
	},
	{
		"@type":"vip.joinsun.dto.order.ThirdOrderResponseBO3#3",
		"@value":{}
	},
	{
		"@type":"vip.joinsun.dto.order.ThirdOrderResponseBO4#4",
		"@value":{}
	},
	{
		"@type":"vip.joinsun.dto.order.ThirdOrderResponseBO5#5",
		"@value":{}
	},
	{
		"@type":"vip.joinsun.dto.order.ThirdOrderResponseBO6#6",
		"@value":{}
	},
	{
		"@type":"vip.joinsun.dto.order.ThirdOrderResponseBO7#7",
		"@value":{}
	},
	{
		"@type":"vip.joinsun.dto.order.ThirdOrderResponseBO8#8",
		"@value":{}
	},
	{
		"@type":"vip.joinsun.dto.order.ThirdOrderResponseBO9#9",
		"@value":{}
	},
	{
		"@type":"vip.joinsun.dto.order.ThirdOrderResponseBO10#10",
		"@value":{}
	},
	{
		"@type":"vip.joinsun.dto.order.ThirdOrderResponseBO11#11",
		"@value":{}
	},
	{
		"@type":"vip.joinsun.dto.order.ThirdOrderResponseBO12#12",
		"@value":{}
	},
	{
		"@type":"vip.joinsun.dto.order.ThirdOrderResponseBO13#13",
		"@value":{}
	},
	{
		"@type":"vip.joinsun.dto.order.ThirdOrderResponseBO14#14",
		"@value":{}
	},
	{
		"@type":"vip.joinsun.dto.order.ThirdOrderResponseBO15#15",
		"@value":{}
	},
	{
		"@type":"vip.joinsun.dto.order.ThirdOrderResponseBO16#16",
		"@value":{}
	},
	{
		"@type":"vip.joinsun.dto.order.ThirdOrderResponseBO17#17",
		"@value":{}
	},
	{
		"@type":"vip.joinsun.dto.order.ThirdOrderResponseBO18#18",
		"@value":{}
	},
	{
		"@type":"vip.joinsun.dto.order.ThirdOrderResponseBO19#19",
		"@value":{}
	},
	{
		"@type":"vip.joinsun.dto.order.ThirdOrderResponseBO20#20",
		"@value":{}
	},
	{
		"@type":"vip.joinsun.dto.order.ThirdOrderResponseBO21#21",
		"@value":{}
	},
	{
		"@type":"vip.joinsun.dto.order.ThirdOrderResponseBO22#22",
		"@value":{}
	},
	{
		"@type":"vip.joinsun.dto.order.ThirdOrderResponseBO23#23",
		"@value":{}
	},
	{
		"@type":"vip.joinsun.dto.order.ThirdOrderResponseBO24#24",
		"@value":{}
	},
	{
		"@type":"vip.joinsun.dto.order.ThirdOrderResponseBO25#25",
		"@value":{}
	},
	{
		"@type":"vip.joinsun.dto.order.ThirdOrderResponseBO26#26",
		"@value":{}
	},
	{
		"@type":"vip.joinsun.dto.order.ThirdOrderResponseBO27#27",
		"@value":{}
	},
	{
		"@type":"vip.joinsun.dto.order.ThirdOrderResponseBO28#28",
		"@value":{}
	},
	{
		"@type":"vip.joinsun.dto.order.ThirdOrderResponseBO29#29",
		"@value":{}
	},
	{
		"@type":"vip.joinsun.dto.order.ThirdOrderResponseBO30#30",
		"@value":{}
	},
	{
		"@type":"vip.joinsun.dto.order.ThirdOrderResponseBO31#31",
		"@value":{}
	},
	{
		"@type":"vip.joinsun.dto.order.ThirdOrderResponseBO32#32",
		"@value":{}
	},
	{
		"@type":"vip.joinsun.dto.order.ThirdOrderResponseBO33#33",
		"@value":{}
	},
	{
		"@type":"vip.joinsun.dto.order.ThirdOrderResponseBO34#34",
		"@value":{}
	},
	{
		"@type":"vip.joinsun.dto.order.ThirdOrderResponseBO35#35",
		"@value":{}
	},
	{
		"@type":"vip.joinsun.dto.order.ThirdOrderResponseBO36#36",
		"@value":{}
	},
	{
		"@type":"vip.joinsun.dto.order.ThirdOrderResponseBO37#37",
		"@value":{}
	},
	{
		"@type":"vip.joinsun.dto.order.ThirdOrderResponseBO38#38",
		"@value":{}
	},
	{
		"@type":"vip.joinsun.dto.order.ThirdOrderResponseBO39#39",
		"@value":{}
	},
	{
		"@type":"vip.joinsun.dto.order.ThirdOrderResponseBO40#40",
		"@value":{}
	},
	{
		"@type":"vip.joinsun.dto.order.ThirdOrderResponseBO41#41",
		"@value":{}
	},
	{
		"@type":"vip.joinsun.dto.order.ThirdOrderResponseBO42#42",
		"@value":{}
	},
	{
		"@type":"vip.joinsun.dto.order.ThirdOrderResponseBO43#43",
		"@value":{}
	},
	{
		"@type":"vip.joinsun.dto.order.ThirdOrderResponseBO44#44",
		"@value":{}
	},
	{
		"@type":"vip.joinsun.dto.order.ThirdOrderResponseBO45#45",
		"@value":{}
	},
	{
		"@type":"vip.joinsun.dto.order.ThirdOrderResponseBO46#46",
		"@value":{}
	},
	{
		"@type":"vip.joinsun.dto.order.ThirdOrderResponseBO47#47",
		"@value":{}
	},
	{
		"@type":"vip.joinsun.dto.order.ThirdOrderResponseBO48#48",
		"@value":{}
	},
	{
		"@type":"vip.joinsun.dto.order.ThirdOrderResponseBO49#49",
		"@value":{}
	},
	{
		"@type":"vip.joinsun.dto.order.ThirdOrderResponseBO50#50",
		"@value":{}
	},
	{
		"@type":"vip.joinsun.dto.order.ThirdOrderResponseBO51#51",
		"@value":{}
	},
	{
		"@type":"vip.joinsun.dto.order.ThirdOrderResponseBO52#52",
		"@value":{}
	},
	{
		"@type":"vip.joinsun.dto.order.ThirdOrderResponseBO53#53",
		"@value":{}
	},
	{
		"@type":"vip.joinsun.dto.order.ThirdOrderResponseBO54#54",
		"@value":{}
	},
	{
		"@type":"vip.joinsun.dto.order.ThirdOrderResponseBO55#55",
		"@value":{}
	},
	{
		"@type":"vip.joinsun.dto.order.ThirdOrderResponseBO56#56",
		"@value":{}
	},
	{
		"@type":"vip.joinsun.dto.order.ThirdOrderResponseBO57#57",
		"@value":{}
	},
	{
		"@type":"vip.joinsun.dto.order.ThirdOrderResponseBO58#58",
		"@value":{}
	},
	{
		"@type":"vip.joinsun.dto.order.ThirdOrderResponseBO59#59",
		"@value":{}
	},
	{
		"@type":"vip.joinsun.dto.order.ThirdOrderResponseBO60#60",
		"@value":{}
	},
	{
		"@type":"vip.joinsun.dto.order.ThirdOrderResponseBO61#61",
		"@value":{}
	},
	{
		"@type":"vip.joinsun.dto.order.ThirdOrderResponseBO62#62",
		"@value":{}
	},
	{
		"@type":"vip.joinsun.dto.order.ThirdOrderResponseBO63#63",
		"@value":{}
	},
	{
		"@type":"vip.joinsun.dto.order.ThirdOrderResponseBO64#64",
		"@value":{}
	},
	{
		"@type":"vip.joinsun.dto.order.ThirdOrderResponseBO65#65",
		"@value":{}
	},
	{
		"@type":"vip.joinsun.dto.order.ThirdOrderResponseBO66#66",
		"@value":{}
	},
	{
		"@type":"vip.joinsun.dto.order.ThirdOrderResponseBO67#67",
		"@value":{}
	},
	{
		"@type":"vip.joinsun.dto.order.ThirdOrderResponseBO68#68",
		"@value":{}
	},
	{
		"@type":"vip.joinsun.dto.order.ThirdOrderResponseBO69#69",
		"@value":{}
	},
	{
		"@type":"vip.joinsun.dto.order.ThirdOrderResponseBO70#70",
		"@value":{}
	},
	{
		"@type":"vip.joinsun.dto.order.ThirdOrderResponseBO71#71",
		"@value":{}
	},
	{
		"@type":"vip.joinsun.dto.order.ThirdOrderResponseBO72#72",
		"@value":{}
	},
	{
		"@type":"vip.joinsun.dto.order.ThirdOrderResponseBO73#73",
		"@value":{}
	},
	{
		"@type":"vip.joinsun.dto.order.ThirdOrderResponseBO74#74",
		"@value":{}
	},
	{
		"@type":"vip.joinsun.dto.order.ThirdOrderResponseBO75#75",
		"@value":{}
	},
	{
		"@type":"vip.joinsun.dto.order.ThirdOrderResponseBO76#76",
		"@value":{}
	},
	{
		"@type":"vip.joinsun.dto.order.ThirdOrderResponseBO77#77",
		"@value":{}
	},
	{
		"@type":"vip.joinsun.dto.order.ThirdOrderResponseBO78#78",
		"@value":{}
	},
	{
		"@type":"vip.joinsun.dto.order.ThirdOrderResponseBO79#79",
		"@value":{}
	},
	{
		"@type":"vip.joinsun.dto.order.ThirdOrderResponseBO80#80",
		"@value":{}
	},
	{
		"@type":"vip.joinsun.dto.order.ThirdOrderResponseBO81#81",
		"@value":{}
	},
	{
		"@type":"vip.joinsun.dto.order.ThirdOrderResponseBO82#82",
		"@value":{}
	},
	{
		"@type":"vip.joinsun.dto.order.ThirdOrderResponseBO83#83",
		"@value":{}
	},
	{
		"@type":"vip.joinsun.dto.order.ThirdOrderResponseBO84#84",
		"@value":{}
	},
	{
		"@type":"vip.joinsun.dto.order.ThirdOrderResponseBO85#85",
		"@value":{}
	},
	{
		"@type":"vip.joinsun.dto.order.ThirdOrderResponseBO86#86",
		"@value":{}
	},
	{
		"@type":"vip.joinsun.dto.order.ThirdOrderResponseBO87#87",
		"@value":{}
	},
	{
		"@type":"vip.joinsun.dto.order.ThirdOrderResponseBO88#88",
		"@value":{}
	},
	{
		"@type":"vip.joinsun.dto.order.ThirdOrderResponseBO89#89",
		"@value":{}
	},
	{
		"@type":"vip.joinsun.dto.order.ThirdOrderResponseBO90#90",
		"@value":{}
	},
	{
		"@type":"vip.joinsun.dto.order.ThirdOrderResponseBO91#91",
		"@value":{}
	},
	{
		"@type":"vip.joinsun.dto.order.ThirdOrderResponseBO92#92",
		"@value":{}
	},
	{
		"@type":"vip.joinsun.dto.order.ThirdOrderResponseBO93#93",
		"@value":{}
	},
	{
		"@type":"vip.joinsun.dto.order.ThirdOrderResponseBO94#94",
		"@value":{}
	},
	{
		"@type":"vip.joinsun.dto.order.ThirdOrderResponseBO95#95",
		"@value":{}
	},
	{
		"@type":"vip.joinsun.dto.order.ThirdOrderResponseBO96#96",
		"@value":{}
	},
	{
		"@type":"vip.joinsun.dto.order.ThirdOrderResponseBO97#97",
		"@value":{}
	},
	{
		"@type":"vip.joinsun.dto.order.ThirdOrderResponseBO98#98",
		"@value":{}
	},
	{
		"@type":"vip.joinsun.dto.order.ThirdOrderResponseBO99#99",
		"@value":{}
	},
	{
		"@type":"vip.joinsun.dto.order.ThirdOrderResponseBO100#100",
		"@value":{}
	},
	{
		"@type":"vip.joinsun.dto.order.ThirdOrderResponseBO101#101",
		"@value":{}
	},
	{
		"@type":"vip.joinsun.dto.order.ThirdOrderResponseBO102#102",
		"@value":{}
	},
	{
		"@type":"vip.joinsun.dto.order.ThirdOrderResponseBO103#103",
		"@value":{}
	},
	{
		"@type":"vip.joinsun.dto.order.ThirdOrderResponseBO104#104",
		"@value":{}
	},
	{
		"@type":"vip.joinsun.dto.order.ThirdOrderResponseBO105#105",
		"@value":{}
	},
	{
		"@type":"vip.joinsun.dto.order.ThirdOrderResponseBO106#106",
		"@value":{}
	},
	{
		"@type":"vip.joinsun.dto.order.ThirdOrderResponseBO107#107",
		"@value":{}
	},
	{
		"@type":"vip.joinsun.dto.order.ThirdOrderResponseBO108#108",
		"@value":{}
	},
	{
		"@type":"vip.joinsun.dto.order.ThirdOrderResponseBO109#109",
		"@value":{}
	},
	{
		"@type":"vip.joinsun.dto.order.ThirdOrderResponseBO110#110",
		"@value":{}
	},
	{
		"@type":"vip.joinsun.dto.order.ThirdOrderResponseBO111#111",
		"@value":{}
	},
	{
		"@type":"vip.joinsun.dto.order.ThirdOrderResponseBO112#112",
		"@value":{}
	},
	{
		"@type":"vip.joinsun.dto.order.ThirdOrderResponseBO113#113",
		"@value":{}
	},
	{
		"@type":"vip.joinsun.dto.order.ThirdOrderResponseBO114#114",
		"@value":{}
	},
	{
		"@type":"vip.joinsun.dto.order.ThirdOrderResponseBO115#115",
		"@value":{}
	},
	{
		"@type":"vip.joinsun.dto.order.ThirdOrderResponseBO116#116",
		"@value":{}
	},
	{
		"@type":"vip.joinsun.dto.order.ThirdOrderResponseBO117#117",
		"@value":{}
	},
	{
		"@type":"vip.joinsun.dto.order.ThirdOrderResponseBO118#118",
		"@value":{}
	},
	{
		"@type":"vip.joinsun.dto.order.ThirdOrderResponseBO119#119",
		"@value":{}
	},
	{
		"@type":"vip.joinsun.dto.order.ThirdOrderResponseBO120#120",
		"@value":{}
	},
	{
		"@type":"vip.joinsun.dto.order.ThirdOrderResponseBO121#121",
		"@value":{}
	},
	{
		"@type":"vip.joinsun.dto.order.ThirdOrderResponseBO122#122",
		"@value":{}
	},
	{
		"@type":"vip.joinsun.dto.order.ThirdOrderResponseBO123#123",
		"@value":{}
	},
	{
		"@type":"vip.joinsun.dto.order.ThirdOrderResponseBO124#124",
		"@value":{}
	},
	{
		"@type":"vip.joinsun.dto.order.ThirdOrderResponseBO125#125",
		"@value":{}
	},
	{
		"@type":"vip.joinsun.dto.order.ThirdOrderResponseBO126#126",
		"@value":{}
	},
	{
		"@type":"vip.joinsun.dto.order.ThirdOrderResponseBO127#127",
		"@value":{}
	},
	{
		"@type":"vip.joinsun.dto.order.ThirdOrderResponseBO128#128",
		"@value":{}
	},
	{
		"@type":"vip.joinsun.dto.order.ThirdOrderResponseBO129#129",
		"@value":{}
	},
	{
		"@type":"vip.joinsun.dto.order.ThirdOrderResponseBO130#130",
		"@value":{}
	},
	{
		"@type":"vip.joinsun.dto.order.ThirdOrderResponseBO131#131",
		"@value":{}
	},
	{
		"@type":"vip.joinsun.dto.order.ThirdOrderResponseBO132#132",
		"@value":{}
	},
	{
		"@type":"vip.joinsun.dto.order.ThirdOrderResponseBO133#133",
		"@value":{}
	},
	{
		"@type":"vip.joinsun.dto.order.ThirdOrderResponseBO134#134",
		"@value":{}
	},
	{
		"@type":"vip.joinsun.dto.order.ThirdOrderResponseBO135#135",
		"@value":{}
	},
	{
		"@type":"vip.joinsun.dto.order.ThirdOrderResponseBO136#136",
		"@value":{}
	},
	{
		"@type":"vip.joinsun.dto.goods.ProjectGoodsSkuDTO#137",
		"@value":{}
	}
]
{
	"id":"id#0",
	"id":"#0"
}
{
	"value":""
}
{
	"value":""
}
123
Result1: "abc"
Result2: "hij"
Result: "cde"
Result: "de"

Oct 07, 2026 12:44:35 AM org.javamoney.moneta.DefaultMonetaryContextFactory createMonetaryContextNonNullConfig
INFO: Using custom MathContext: precision=256, roundingMode=HALF_EVEN
{"name2":["name2_0","name2_1"]}
{
	"color":{
		"name":"red"
	}
}
{
	"color":{
		"name":"red"
	}
}
{
	"@type":"java.time.format.DateTimeParseException#0",
	"@value":{
		"detailMessage#1":"msg",
		"parsedString#2":"input",
		"stackTrace#3":[
			{
				"fileName#4":"DubboTest4.java",
				"lineNumber#5":209,
				"className#6":"com.alibaba.fastjson2.dubbo.DubboTest4",
				"methodName#7":"testDateTimeParseException"
			},
			{
				"#4":"DirectMethodHandleAccessor.java",
				"#5":104,
				"#6":"jdk.internal.reflect.DirectMethodHandleAccessor",
				"#7":"invoke"
			},
			{
				"#4":"Method.java",
				"#5":565,
				"#6":"java.lang.reflect.Method",
				"#7":"invoke"
			},
			{
				"#4":"ReflectionUtils.java",
				"#5":787,
				"#6":"org.junit.platform.commons.util.ReflectionUtils",
				"#7":"invokeMethod"
			},
			{
				"#4":"ReflectionSupport.java",
				"#5":478,
				"#6":"org.junit.platform.commons.support.ReflectionSupport",
				"#7":"invokeMethod"
			},
			{
				"#4":"MethodInvocation.java",
				"#5":60,
				"#6":"org.junit.jupiter.engine.execution.MethodInvocation",
				"#7":"proceed"
			},
			{
				"#4":"InvocationInterceptorChain.java",
				"#5":131,
				"#6":"org.junit.jupiter.engine.execution.InvocationInterceptorChain$ValidatingInvocation",
				"#7":"proceed"
			},
			{
				"#4":"TimeoutExtension.java",
				"#5":161,
				"#6":"org.junit.jupiter.engine.extension.TimeoutExtension",
				"#7":"intercept"
			},
			{
				"#4":"TimeoutExtension.java",
				"#5":152,
				"#6":"org.junit.jupiter.engine.extension.TimeoutExtension",
				"#7":"interceptTestableMethod"
			},
			{
				"#4":"TimeoutExtension.java",
				"#5":91,
				"#6":"org.junit.jupiter.engine.extension.TimeoutExtension",
				"#7":"interceptTestMethod"
			},
			{
				"#4":"InterceptingExecutableInvoker.java",
				"#5":112,
				"#6":"org.junit.jupiter.engine.execution.InterceptingExecutableInvoker$ReflectiveInterceptorCall",
				"#7":"lambda$ofVoidMethod$0"
			},
			{
				"#4":"InterceptingExecutableInvoker.java",
				"#5":94,
				"#6":"org.junit.jupiter.engine.execution.InterceptingExecutableInvoker",
				"#7":"lambda$invoke$0"
			},
			{
				"#4":"InvocationInterceptorChain.java",
				"#5":106,
				"#6":"org.junit.jupiter.engine.execution.InvocationInterceptorChain$InterceptedInvocation",
				"#7":"proceed"
			},
			{
				"#4":"InvocationInterceptorChain.java",
				"#5":64,
				"#6":"org.junit.jupiter.engine.execution.InvocationInterceptorChain",
				"#7":"proceed"
			},
			{
				"#4":"InvocationInterceptorChain.java",
				"#5":45,
				"#6":"org.junit.jupiter.engine.execution.InvocationInterceptorChain",
				"#7":"chainAndInvoke"
			},
			{
				"#4":"InvocationInterceptorChain.java",
				"#5":37,
				"#6":"org.junit.jupiter.engine.execution.InvocationInterceptorChain",
				"#7":"invoke"
			},
			{
				"#4":"InterceptingExecutableInvoker.java",
				"#5":93,
				"#6":"org.junit.jupiter.engine.execution.InterceptingExecutableInvoker",
				"#7":"invoke"
			},
			{
				"#4":"InterceptingExecutableInvoker.java",
				"#5":87,
				"#6":"org.junit.jupiter.engine.execution.InterceptingExecutableInvoker",
				"#7":"invoke"
			},
			{
				"#4":"TestMethodTestDescriptor.java",
				"#5":221,
				"#6":"org.junit.jupiter.engine.descriptor.TestMethodTestDescriptor",
				"#7":"lambda$invokeTestMethod$4"
			},
			{
				"#4":"ThrowableCollector.java",
				"#5":73,
				"#6":"org.junit.platform.engine.support.hierarchical.ThrowableCollector",
				"#7":"execute"
			},
			{
				"#4":"TestMethodTestDescriptor.java",
				"#5":217,
				"#6":"org.junit.jupiter.engine.descriptor.TestMethodTestDescriptor",
				"#7":"invokeTestMethod"
			},
			{
				"#4":"TestMethodTestDescriptor.java",
				"#5":159,
				"#6":"org.junit.jupiter.engine.descriptor.TestMethodTestDescriptor",
				"#7":"execute"
			},
			{
				"#4":"TestMethodTestDescriptor.java",
				"#5":70,
				"#6":"org.junit.jupiter.engine.descriptor.TestMethodTestDescriptor",
				"#7":"execute"
			},
			{
				"#4":"NodeTestTask.java",
				"#5":157,
				"#6":"org.junit.platform.engine.support.hierarchical.NodeTestTask",
				"#7":"lambda$executeRecursively$6"
			},
			{
				"#4":"ThrowableCollector.java",
				"#5":73,
				"#6":"org.junit.platform.engine.support.hierarchical.ThrowableCollector",
				"#7":"execute"
			},
			{
				"#4":"NodeTestTask.java",
				"#5":147,
				"#6":"org.junit.platform.engine.support.hierarchical.NodeTestTask",
				"#7":"lambda$executeRecursively$8"
			},
			{
				"#4":"Node.java",
				"#5":137,
				"#6":"org.junit.platform.engine.support.hierarchical.Node",
				"#7":"around"
			},
			{
				"#4":"NodeTestTask.java",
				"#5":145,
				"#6":"org.junit.platform.engine.support.hierarchical.NodeTestTask",
				"#7":"lambda$executeRecursively$9"
			},
			{
				"#4":"ThrowableCollector.java",
				"#5":73,
				"#6":"org.junit.platform.engine.support.hierarchical.ThrowableCollector",
				"#7":"execute"
			},
			{
				"#4":"NodeTestTask.java",
				"#5":144,
				"#6":"org.junit.platform.engine.support.hierarchical.NodeTestTask",
				"#7":"executeRecursively"
			},
			{
				"#4":"NodeTestTask.java",
				"#5":101,
				"#6":"org.junit.platform.engine.support.hierarchical.NodeTestTask",
				"#7":"execute"
			},
			{
				"#4":"ArrayList.java",
				"#5":1604,
				"#6":"java.util.ArrayList",
				"#7":"forEach"
			},
			{
				"#4":"SameThreadHierarchicalTestExecutorService.java",
				"#5":41,
				"#6":"org.junit.platform.engine.support.hierarchical.SameThreadHierarchicalTestExecutorService",
				"#7":"invokeAll"
			},
			{
				"#4":"NodeTestTask.java",
				"#5":161,
				"#6":"org.junit.platform.engine.support.hierarchical.NodeTestTask",
				"#7":"lambda$executeRecursively$6"
			},
			{
				"#4":"ThrowableCollector.java",
				"#5":73,
				"#6":"org.junit.platform.engine.support.hierarchical.ThrowableCollector",
				"#7":"execute"
			},
			{
				"#4":"NodeTestTask.java",
				"#5":147,
				"#6":"org.junit.platform.engine.support.hierarchical.NodeTestTask",
				"#7":"lambda$executeRecursively$8"
			},
			{
				"#4":"Node.java",
				"#5":137,
				"#6":"org.junit.platform.engine.support.hierarchical.Node",
				"#7":"around"
			},
			{
				"#4":"NodeTestTask.java",
				"#5":145,
				"#6":"org.junit.platform.engine.support.hierarchical.NodeTestTask",
				"#7":"lambda$executeRecursively$9"
			},
			{
				"#4":"ThrowableCollector.java",
				"#5":73,
				"#6":"org.junit.platform.engine.support.hierarchical.ThrowableCollector",
				"#7":"execute"
			},
			{
				"#4":"NodeTestTask.java",
				"#5":144,
				"#6":"org.junit.platform.engine.support.hierarchical.NodeTestTask",
				"#7":"executeRecursively"
			},
			{
				"#4":"NodeTestTask.java",
				"#5":101,
				"#6":"org.junit.platform.engine.support.hierarchical.NodeTestTask",
				"#7":"execute"
			},
			{
				"#4":"ArrayList.java",
				"#5":1604,
				"#6":"java.util.ArrayList",
				"#7":"forEach"
			},
			{
				"#4":"SameThreadHierarchicalTestExecutorService.java",
				"#5":41,
				"#6":"org.junit.platform.engine.support.hierarchical.SameThreadHierarchicalTestExecutorService",
				"#7":"invokeAll"
			},
			{
				"#4":"NodeTestTask.java",
				"#5":161,
				"#6":"org.junit.platform.engine.support.hierarchical.NodeTestTask",
				"#7":"lambda$executeRecursively$6"
			},
			{
				"#4":"ThrowableCollector.java",
				"#5":73,
				"#6":"org.junit.platform.engine.support.hierarchical.ThrowableCollector",
				"#7":"execute"
			},
			{
				"#4":"NodeTestTask.java",
				"#5":147,
				"#6":"org.junit.platform.engine.support.hierarchical.NodeTestTask",
				"#7":"lambda$executeRecursively$8"
			},
			{
				"#4":"Node.java",
				"#5":137,
				"#6":"org.junit.platform.engine.support.hierarchical.Node",
				"#7":"around"
			},
			{
				"#4":"NodeTestTask.java",
				"#5":145,
				"#6":"org.junit.platform.engine.support.hierarchical.NodeTestTask",
				"#7":"lambda$executeRecursively$9"
			},
			{
				"#4":"ThrowableCollector.java",
				"#5":73,
				"#6":"org.junit.platform.engine.support.hierarchical.ThrowableCollector",
				"#7":"execute"
			},
			{
				"#4":"NodeTestTask.java",
				"#5":144,
				"#6":"org.junit.platform.engine.support.hierarchical.NodeTestTask",
				"#7":"executeRecursively"
			},
			{
				"#4":"NodeTestTask.java",
				"#5":101,
				"#6":"org.junit.platform.engine.support.hierarchical.NodeTestTask",
				"#7":"execute"
			},
			{
				"#4":"SameThreadHierarchicalTestExecutorService.java",
				"#5":35,
				"#6":"org.junit.platform.engine.support.hierarchical.SameThreadHierarchicalTestExecutorService",
				"#7":"submit"
			},
			{
				"#4":"HierarchicalTestExecutor.java",
				"#5":57,
				"#6":"org.junit.platform.engine.support.hierarchical.HierarchicalTestExecutor",
				"#7":"execute"
			},
			{
				"#4":"HierarchicalTestEngine.java",
				"#5":54,
				"#6":"org.junit.platform.engine.support.hierarchical.HierarchicalTestEngine",
				"#7":"execute"
			},
			{
				"#4":"EngineExecutionOrchestrator.java",
				"#5":230,
				"#6":"org.junit.platform.launcher.core.EngineExecutionOrchestrator",
				"#7":"executeEngine"
			},
			{
				"#4":"EngineExecutionOrchestrator.java",
				"#5":204,
				"#6":"org.junit.platform.launcher.core.EngineExecutionOrchestrator",
				"#7":"failOrExecuteEngine"
			},
			{
				"#4":"EngineExecutionOrchestrator.java",
				"#5":172,
				"#6":"org.junit.platform.launcher.core.EngineExecutionOrchestrator",
				"#7":"execute"
			},
			{
				"#4":"EngineExecutionOrchestrator.java",
				"#5":101,
				"#6":"org.junit.platform.launcher.core.EngineExecutionOrchestrator",
				"#7":"execute"
			},
			{
				"#4":"EngineExecutionOrchestrator.java",
				"#5":64,
				"#6":"org.junit.platform.launcher.core.EngineExecutionOrchestrator",
				"#7":"lambda$execute$0"
			},
			{
				"#4":"EngineExecutionOrchestrator.java",
				"#5":150,
				"#6":"org.junit.platform.launcher.core.EngineExecutionOrchestrator",
				"#7":"withInterceptedStreams"
			},
			{
				"#4":"EngineExecutionOrchestrator.java",
				"#5":63,
				"#6":"org.junit.platform.launcher.core.EngineExecutionOrchestrator",
				"#7":"execute"
			},
			{
				"#4":"DefaultLauncher.java",
				"#5":109,
				"#6":"org.junit.platform.launcher.core.DefaultLauncher",
				"#7":"execute"
			},
			{
				"#4":"DefaultLauncher.java",
				"#5":91,
				"#6":"org.junit.platform.launcher.core.DefaultLauncher",
				"#7":"execute"
			},
			{
				"#4":"DelegatingLauncher.java",
				"#5":47,
				"#6":"org.junit.platform.launcher.core.DelegatingLauncher",
				"#7":"execute"
			},
			{
				"#4":"InterceptingLauncher.java",
				"#5":39,
				"#6":"org.junit.platform.launcher.core.InterceptingLauncher",
				"#7":"lambda$execute$1"
			},
			{
				"#4":"ClasspathAlignmentCheckingLauncherInterceptor.java",
				"#5":25,
				"#6":"org.junit.platform.launcher.core.ClasspathAlignmentCheckingLauncherInterceptor",
				"#7":"intercept"
			},
			{
				"#4":"InterceptingLauncher.java",
				"#5":38,
				"#6":"org.junit.platform.launcher.core.InterceptingLauncher",
				"#7":"execute"
			},
			{
				"#4":"DelegatingLauncher.java",
				"#5":47,
				"#6":"org.junit.platform.launcher.core.DelegatingLauncher",
				"#7":"execute"
			},
			{
				"#4":"LazyLauncher.java",
				"#5":56,
				"#6":"org.apache.maven.surefire.junitplatform.LazyLauncher",
				"#7":"execute"
			},
			{
				"#4":"JUnitPlatformProvider.java",
				"#5":194,
				"#6":"org.apache.maven.surefire.junitplatform.JUnitPlatformProvider",
				"#7":"execute"
			},
			{
				"#4":"JUnitPlatformProvider.java",
				"#5":150,
				"#6":"org.apache.maven.surefire.junitplatform.JUnitPlatformProvider",
				"#7":"invokeAllTests"
			},
			{
				"#4":"JUnitPlatformProvider.java",
				"#5":124,
				"#6":"org.apache.maven.surefire.junitplatform.JUnitPlatformProvider",
				"#7":"invoke"
			},
			{
				"#4":"ForkedBooter.java",
				"#5":385,
				"#6":"org.apache.maven.surefire.booter.ForkedBooter",
				"#7":"runSuitesInProcess"
			},
			{
				"#4":"ForkedBooter.java",
				"#5":162,
				"#6":"org.apache.maven.surefire.booter.ForkedBooter",
				"#7":"execute"
			},
			{
				"#4":"ForkedBooter.java",
				"#5":507,
				"#6":"org.apache.maven.surefire.booter.ForkedBooter",
				"#7":"run"
			},
			{
				"#4":"ForkedBooter.java",
				"#5":495,
				"#6":"org.apache.maven.surefire.booter.ForkedBooter",
				"#7":"main"
			}
		],
		"suppressedExceptions#8":{
			"@type":"java.util.Collections$EmptyList#9",
			"@value":[]
		}
	}
}
{
	"@type":"org.apache.dubbo.springboot.demo.ServiceException",
	"cause":{
		"@type":"org.apache.dubbo.springboot.demo.BusinessException",
		"message":"报错啦。。",
		"stackTrace":[
			{
				"fileName":"DemoServiceImpl.java",
				"lineNumber":42,
				"className":"org.apache.dubbo.springboot.demo.provider.DemoServiceImpl",
				"methodName":"sayHello"
			},
			{
				"fileName":"DemoServiceImplDubboWrap0.java",
				"lineNumber":-1,
				"className":"org.apache.dubbo.springboot.demo.provider.DemoServiceImplDubboWrap0",
				"methodName":"invokeMethod"
			},
			{
				"fileName":"JavassistProxyFactory.java",
				"lineNumber":73,
				"className":"org.apache.dubbo.rpc.proxy.javassist.JavassistProxyFactory$1",
				"methodName":"doInvoke"
			},
			{
				"fileName":"AbstractProxyInvoker.java",
				"lineNumber":100,
				"className":"org.apache.dubbo.rpc.proxy.AbstractProxyInvoker",
				"methodName":"invoke"
			},
			{
				"fileName":"DelegateProviderMetaDataInvoker.java",
				"lineNumber":55,
				"className":"org.apache.dubbo.config.invoker.DelegateProviderMetaDataInvoker",
				"methodName":"invoke"
			},
			{
				"fileName":"InvokerWrapper.java",
				"lineNumber":56,
				"className":"org.apache.dubbo.rpc.protocol.InvokerWrapper",
				"methodName":"invoke"
			},
			{
				"fileName":"ClassLoaderCallbackFilter.java",
				"lineNumber":38,
				"className":"org.apache.dubbo.rpc.filter.ClassLoaderCallbackFilter",
				"methodName":"invoke"
			},
			{
				"fileName":"FilterChainBuilder.java",
				"lineNumber":327,
				"className":"org.apache.dubbo.rpc.cluster.filter.FilterChainBuilder$CopyOfFilterChainNode",
				"methodName":"invoke"
			},
			{
				"fileName":"TraceFilter.java",
				"lineNumber":79,
				"className":"org.apache.dubbo.rpc.protocol.dubbo.filter.TraceFilter",
				"methodName":"invoke"
			},
			{
				"fileName":"FilterChainBuilder.java",
				"lineNumber":327,
				"className":"org.apache.dubbo.rpc.cluster.filter.FilterChainBuilder$CopyOfFilterChainNode",
				"methodName":"invoke"
			},
			{
				"fileName":"TimeoutFilter.java",
				"lineNumber":44,
				"className":"org.apache.dubbo.rpc.filter.TimeoutFilter",
				"methodName":"invoke"
			},
			{
				"fileName":"FilterChainBuilder.java",
				"lineNumber":327,
				"className":"org.apache.dubbo.rpc.cluster.filter.FilterChainBuilder$CopyOfFilterChainNode",
				"methodName":"invoke"
			},
			{
				"fileName":"MonitorFilter.java",
				"lineNumber":100,
				"className":"org.apache.dubbo.monitor.support.MonitorFilter",
				"methodName":"invoke"
			},
			{
				"fileName":"FilterChainBuilder.java",
				"lineNumber":327,
				"className":"org.apache.dubbo.rpc.cluster.filter.FilterChainBuilder$CopyOfFilterChainNode",
				"methodName":"invoke"
			},
			{
				"fileName":"ExceptionFilter.java",
				"lineNumber":54,
				"className":"org.apache.dubbo.rpc.filter.ExceptionFilter",
				"methodName":"invoke"
			},
			{
				"fileName":"FilterChainBuilder.java",
				"lineNumber":327,
				"className":"org.apache.dubbo.rpc.cluster.filter.FilterChainBuilder$CopyOfFilterChainNode",
				"methodName":"invoke"
			},
			{
				"fileName":"DubboExceptionFilter.java",
				"lineNumber":32,
				"className":"org.apache.dubbo.springboot.demo.provider.DubboExceptionFilter",
				"methodName":"invoke"
			},
			{
				"fileName":"FilterChainBuilder.java",
				"lineNumber":327,
				"className":"org.apache.dubbo.rpc.cluster.filter.FilterChainBuilder$CopyOfFilterChainNode",
				"methodName":"invoke"
			},
			{
				"fileName":"GenericFilter.java",
				"lineNumber":192,
				"className":"org.apache.dubbo.rpc.filter.GenericFilter",
				"methodName":"invoke"
			},
			{
				"fileName":"FilterChainBuilder.java",
				"lineNumber":327,
				"className":"org.apache.dubbo.rpc.cluster.filter.FilterChainBuilder$CopyOfFilterChainNode",
				"methodName":"invoke"
			},
			{
				"fileName":"ClassLoaderFilter.java",
				"lineNumber":54,
				"className":"org.apache.dubbo.rpc.filter.ClassLoaderFilter",
				"methodName":"invoke"
			},
			{
				"fileName":"FilterChainBuilder.java",
				"lineNumber":327,
				"className":"org.apache.dubbo.rpc.cluster.filter.FilterChainBuilder$CopyOfFilterChainNode",
				"methodName":"invoke"
			},
			{
				"fileName":"EchoFilter.java",
				"lineNumber":41,
				"className":"org.apache.dubbo.rpc.filter.EchoFilter",
				"methodName":"invoke"
			},
			{
				"fileName":"FilterChainBuilder.java",
				"lineNumber":327,
				"className":"org.apache.dubbo.rpc.cluster.filter.FilterChainBuilder$CopyOfFilterChainNode",
				"methodName":"invoke"
			},
			{
				"fileName":"ProfilerServerFilter.java",
				"lineNumber":58,
				"className":"org.apache.dubbo.rpc.filter.ProfilerServerFilter",
				"methodName":"invoke"
			},
			{
				"fileName":"FilterChainBuilder.java",
				"lineNumber":327,
				"className":"org.apache.dubbo.rpc.cluster.filter.FilterChainBuilder$CopyOfFilterChainNode",
				"methodName":"invoke"
			},
			{
				"fileName":"ContextFilter.java",
				"lineNumber":133,
				"className":"org.apache.dubbo.rpc.filter.ContextFilter",
				"methodName":"invoke"
			},
			{
				"fileName":"FilterChainBuilder.java",
				"lineNumber":327,
				"className":"org.apache.dubbo.rpc.cluster.filter.FilterChainBuilder$CopyOfFilterChainNode",
				"methodName":"invoke"
			},
			{
				"fileName":"FilterChainBuilder.java",
				"lineNumber":194,
				"className":"org.apache.dubbo.rpc.cluster.filter.FilterChainBuilder$CallbackRegistrationInvoker",
				"methodName":"invoke"
			},
			{
				"fileName":"DubboProtocol.java",
				"lineNumber":156,
				"className":"org.apache.dubbo.rpc.protocol.dubbo.DubboProtocol$1",
				"methodName":"reply"
			},
			{
				"fileName":"HeaderExchangeHandler.java",
				"lineNumber":102,
				"className":"org.apache.dubbo.remoting.exchange.support.header.HeaderExchangeHandler",
				"methodName":"handleRequest"
			},
			{
				"fileName":"HeaderExchangeHandler.java",
				"lineNumber":177,
				"className":"org.apache.dubbo.remoting.exchange.support.header.HeaderExchangeHandler",
				"methodName":"received"
			},
			{
				"fileName":"DecodeHandler.java",
				"lineNumber":53,
				"className":"org.apache.dubbo.remoting.transport.DecodeHandler",
				"methodName":"received"
			},
			{
				"fileName":"ChannelEventRunnable.java",
				"lineNumber":62,
				"className":"org.apache.dubbo.remoting.transport.dispatcher.ChannelEventRunnable",
				"methodName":"run"
			},
			{
				"fileName":"ThreadPoolExecutor.java",
				"lineNumber":1149,
				"className":"java.util.concurrent.ThreadPoolExecutor",
				"methodName":"runWorker"
			},
			{
				"fileName":"ThreadPoolExecutor.java",
				"lineNumber":624,
				"className":"java.util.concurrent.ThreadPoolExecutor$Worker",
				"methodName":"run"
			},
			{
				"fileName":"InternalRunnable.java",
				"lineNumber":41,
				"className":"org.apache.dubbo.common.threadlocal.InternalRunnable",
				"methodName":"run"
			},
			{
				"fileName":"Thread.java",
				"lineNumber":748,
				"className":"java.lang.Thread",
				"methodName":"run"
			}
		],
		"suppressedExceptions":{
			"@type":"java.util.Collections$UnmodifiableRandomAccessList",
			"@value":[]
		}
	},
	"detailMessage":"org.apache.dubbo.springboot.demo.BusinessException: 报错啦。。",
	"stackTrace":[
		{
			"fileName":"DubboExceptionFilter.java",
			"lineNumber":41,
			"className":"org.apache.dubbo.springboot.demo.provider.DubboExceptionFilter",
			"methodName":"onResponse"
		},
		{
			"fileName":"FilterChainBuilder.java",
			"lineNumber":218,
			"className":"org.apache.dubbo.rpc.cluster.filter.FilterChainBuilder$CallbackRegistrationInvoker",
			"methodName":"lambda$invoke$1"
		},
		{
			"fileName":"AsyncRpcResult.java",
			"lineNumber":216,
			"className":"org.apache.dubbo.rpc.AsyncRpcResult",
			"methodName":"lambda$whenCompleteWithContext$0"
		},
		{
			"fileName":"CompletableFuture.java",
			"lineNumber":774,
			"className":"java.util.concurrent.CompletableFuture",
			"methodName":"uniWhenComplete"
		},
		{
			"fileName":"CompletableFuture.java",
			"lineNumber":792,
			"className":"java.util.concurrent.CompletableFuture",
			"methodName":"uniWhenCompleteStage"
		},
		{
			"fileName":"CompletableFuture.java",
			"lineNumber":2153,
			"className":"java.util.concurrent.CompletableFuture",
			"methodName":"whenComplete"
		},
		{
			"fileName":"AsyncRpcResult.java",
			"lineNumber":212,
			"className":"org.apache.dubbo.rpc.AsyncRpcResult",
			"methodName":"whenCompleteWithContext"
		},
		{
			"fileName":"FilterChainBuilder.java",
			"lineNumber":195,
			"className":"org.apache.dubbo.rpc.cluster.filter.FilterChainBuilder$CallbackRegistrationInvoker",
			"methodName":"invoke"
		},
		{
			"fileName":"DubboProtocol.java",
			"lineNumber":156,
			"className":"org.apache.dubbo.rpc.protocol.dubbo.DubboProtocol$1",
			"methodName":"reply"
		},
		{
			"fileName":"HeaderExchangeHandler.java",
			"lineNumber":102,
			"className":"org.apache.dubbo.remoting.exchange.support.header.HeaderExchangeHandler",
			"methodName":"handleRequest"
		},
		{
			"fileName":"HeaderExchangeHandler.java",
			"lineNumber":177,
			"className":"org.apache.dubbo.remoting.exchange.support.header.HeaderExchangeHandler",
			"methodName":"received"
		},
		{
			"fileName":"DecodeHandler.java",
			"lineNumber":53,
			"className":"org.apache.dubbo.remoting.transport.DecodeHandler",
			"methodName":"received"
		},
		{
			"fileName":"ChannelEventRunnable.java",
			"lineNumber":62,
			"className":"org.apache.dubbo.remoting.transport.dispatcher.ChannelEventRunnable",
			"methodName":"run"
		},
		{
			"fileName":"ThreadPoolExecutor.java",
			"lineNumber":1149,
			"className":"java.util.concurrent.ThreadPoolExecutor",
			"methodName":"runWorker"
		},
		{
			"fileName":"ThreadPoolExecutor.java",
			"lineNumber":624,
			"className":"java.util.concurrent.ThreadPoolExecutor$Worker",
			"methodName":"run"
		},
		{
			"fileName":"InternalRunnable.java",
			"lineNumber":41,
			"className":"org.apache.dubbo.common.threadlocal.InternalRunnable",
			"methodName":"run"
		},
		{
			"fileName":"Thread.java",
			"lineNumber":748,
			"className":"java.lang.Thread",
			"methodName":"run"
		}
	],
	"suppressedExceptions":{"$ref":"$.cause.suppressedExceptions"}
}
{
	"innerObject":{
		"innerB":234,
		"innerA":"v1",
		"class":"org.apache.dubbo.service.ComplexObject$InnerObject"
	}
}
{
	"@type":"com.alibaba.fastjson2.dubbo.DubboTest0$Pojo#0",
	"@value":{
		"parentClass#1":{
			"@type":"com.alibaba.fastjson2.dubbo.DubboTest0$ChildClass#2",
			"@value":{
				"param#3":"param"
			}
		}
	}
}
{
	"type":"java.lang.String"
}
{
	"bool":false,
	"card":{
		"id":"",
		"level":"C1",
		"levelValue":0,
		"years":0
	},
	"cardOrBuilder":{
		"id":"",
		"level":"C1",
		"levelValue":0,
		"years":0
	},
	"cardsCount":0,
	"cardsList":[
		
	],
	"cardsOrBuilderList":[
		
	],
	"cardsmap":{},
	"cardsmapCount":0,
	"cardsmapMap":{},
	"double":0.0,
	"fixed32":0,
	"fixed64":0,
	"float":0.0,
	"int32":0,
	"int64":0,
	"sfixed32":0,
	"sfixed64":0,
	"sint32":0,
	"sint64":0,
	"string":"some string from client",
	"uint32":0,
	"uint64":0
}
{
	"@type":"org.apache.dubbo.rpc.service.GenericException#0",
	"@value":{
		"exceptionClass#1":"",
		"exceptionMessage#2":"",
		"genericExceptionInfo#3":{
			"exClass#4":"",
			"exMsg#5":"",
			"msg#6":"",
			"stackTrace#7":[
				{
					"fileName#8":"FastJson2ObjectInput.java",
					"lineNumber#9":110,
					"className#10":"org.apache.dubbo.common.serialize.fastjson2.FastJson2ObjectInput",
					"methodName#11":"readObject"
				},
				{
					"#8":"FastJson2ObjectInput.java",
					"#9":98,
					"#10":"org.apache.dubbo.common.serialize.fastjson2.FastJson2ObjectInput",
					"#11":"readObject"
				},
				{
					"#8":"ObjectInput.java",
					"#9":74,
					"#10":"org.apache.dubbo.common.serialize.ObjectInput",
					"#11":"readThrowable"
				},
				{
					"#8":"DecodeableRpcResult.java",
					"#9":171,
					"#10":"org.apache.dubbo.rpc.protocol.dubbo.DecodeableRpcResult",
					"#11":"handleException"
				},
				{
					"#8":"DecodeableRpcResult.java",
					"#9":110,
					"#10":"org.apache.dubbo.rpc.protocol.dubbo.DecodeableRpcResult",
					"#11":"decode"
				},
				{
					"#8":"DecodeableRpcResult.java",
					"#9":138,
					"#10":"org.apache.dubbo.rpc.protocol.dubbo.DecodeableRpcResult",
					"#11":"decode"
				},
				{
					"#8":"DecodeHandler.java",
					"#9":62,
					"#10":"org.apache.dubbo.remoting.transport.DecodeHandler",
					"#11":"decode"
				},
				{
					"#8":"DecodeHandler.java",
					"#9":50,
					"#10":"org.apache.dubbo.remoting.transport.DecodeHandler",
					"#11":"received"
				},
				{
					"#8":"ChannelEventRunnable.java",
					"#9":61,
					"#10":"org.apache.dubbo.remoting.transport.dispatcher.ChannelEventRunnable",
					"#11":"run"
				},
				{
					"#8":"ThreadlessExecutor.java",
					"#9":184,
					"#10":"org.apache.dubbo.common.threadpool.ThreadlessExecutor$RunnableWrapper",
					"#11":"run"
				},
				{
					"#8":"ThreadlessExecutor.java",
					"#9":103,
					"#10":"org.apache.dubbo.common.threadpool.ThreadlessExecutor",
					"#11":"waitAndDrain"
				},
				{
					"#8":"AsyncRpcResult.java",
					"#9":194,
					"#10":"org.apache.dubbo.rpc.AsyncRpcResult",
					"#11":"get"
				},
				{
					"#8":"AbstractInvoker.java",
					"#9":277,
					"#10":"org.apache.dubbo.rpc.protocol.AbstractInvoker",
					"#11":"waitForResultIfSync"
				},
				{
					"#8":"AbstractInvoker.java",
					"#9":181,
					"#10":"org.apache.dubbo.rpc.protocol.AbstractInvoker",
					"#11":"invoke"
				},
				{
					"#8":"ListenerInvokerWrapper.java",
					"#9":70,
					"#10":"org.apache.dubbo.rpc.listener.ListenerInvokerWrapper",
					"#11":"invoke"
				},
				{
					"#8":"GenericImplFilter.java",
					"#9":102,
					"#10":"org.apache.dubbo.rpc.filter.GenericImplFilter",
					"#11":"invoke"
				},
				{
					"#8":"FilterChainBuilder.java",
					"#9":327,
					"#10":"org.apache.dubbo.rpc.cluster.filter.FilterChainBuilder$CopyOfFilterChainNode",
					"#11":"invoke"
				},
				{
					"#8":"CacheFilter.java",
					"#9":95,
					"#10":"org.apache.dubbo.cache.filter.CacheFilter",
					"#11":"invoke"
				},
				{
					"#8":"FilterChainBuilder.java",
					"#9":327,
					"#10":"org.apache.dubbo.rpc.cluster.filter.FilterChainBuilder$CopyOfFilterChainNode",
					"#11":"invoke"
				},
				{
					"#8":"FilterChainBuilder.java",
					"#9":194,
					"#10":"org.apache.dubbo.rpc.cluster.filter.FilterChainBuilder$CallbackRegistrationInvoker",
					"#11":"invoke"
				},
				{
					"#8":"AbstractClusterInvoker.java",
					"#9":379,
					"#10":"org.apache.dubbo.rpc.cluster.support.AbstractClusterInvoker",
					"#11":"invokeWithContext"
				},
				{
					"#8":"FailoverClusterInvoker.java",
					"#9":81,
					"#10":"org.apache.dubbo.rpc.cluster.support.FailoverClusterInvoker",
					"#11":"doInvoke"
				},
				{
					"#8":"AbstractClusterInvoker.java",
					"#9":341,
					"#10":"org.apache.dubbo.rpc.cluster.support.AbstractClusterInvoker",
					"#11":"invoke"
				},
				{
					"#8":"RouterSnapshotFilter.java",
					"#9":46,
					"#10":"org.apache.dubbo.rpc.cluster.router.RouterSnapshotFilter",
					"#11":"invoke"
				},
				{
					"#8":"FilterChainBuilder.java",
					"#9":327,
					"#10":"org.apache.dubbo.rpc.cluster.filter.FilterChainBuilder$CopyOfFilterChainNode",
					"#11":"invoke"
				},
				{
					"#8":"MonitorFilter.java",
					"#9":100,
					"#10":"org.apache.dubbo.monitor.support.MonitorFilter",
					"#11":"invoke"
				},
				{
					"#8":"FilterChainBuilder.java",
					"#9":327,
					"#10":"org.apache.dubbo.rpc.cluster.filter.FilterChainBuilder$CopyOfFilterChainNode",
					"#11":"invoke"
				},
				{
					"#8":"FutureFilter.java",
					"#9":52,
					"#10":"org.apache.dubbo.rpc.protocol.dubbo.filter.FutureFilter",
					"#11":"invoke"
				},
				{
					"#8":"FilterChainBuilder.java",
					"#9":327,
					"#10":"org.apache.dubbo.rpc.cluster.filter.FilterChainBuilder$CopyOfFilterChainNode",
					"#11":"invoke"
				},
				{
					"#8":"ConsumerContextFilter.java",
					"#9":108,
					"#10":"org.apache.dubbo.rpc.cluster.filter.support.ConsumerContextFilter",
					"#11":"invoke"
				},
				{
					"#8":"FilterChainBuilder.java",
					"#9":327,
					"#10":"org.apache.dubbo.rpc.cluster.filter.FilterChainBuilder$CopyOfFilterChainNode",
					"#11":"invoke"
				},
				{
					"#8":"FilterChainBuilder.java",
					"#9":194,
					"#10":"org.apache.dubbo.rpc.cluster.filter.FilterChainBuilder$CallbackRegistrationInvoker",
					"#11":"invoke"
				},
				{
					"#8":"AbstractCluster.java",
					"#9":92,
					"#10":"org.apache.dubbo.rpc.cluster.support.wrapper.AbstractCluster$ClusterFilterInvoker",
					"#11":"invoke"
				},
				{
					"#8":"MockClusterInvoker.java",
					"#9":103,
					"#10":"org.apache.dubbo.rpc.cluster.support.wrapper.MockClusterInvoker",
					"#11":"invoke"
				},
				{
					"#8":"MigrationInvoker.java",
					"#9":282,
					"#10":"org.apache.dubbo.registry.client.migration.MigrationInvoker",
					"#11":"invoke"
				},
				{
					"#8":"InvocationUtil.java",
					"#9":56,
					"#10":"org.apache.dubbo.rpc.proxy.InvocationUtil",
					"#11":"invoke"
				},
				{
					"#8":"InvokerInvocationHandler.java",
					"#9":75,
					"#10":"org.apache.dubbo.rpc.proxy.InvokerInvocationHandler",
					"#11":"invoke"
				},
				{
					"#8":"HelloServiceDubboProxy0.java",
					"#9":-1,
					"#10":"org.apache.dubbo.samples.generic.call.api.HelloServiceDubboProxy0",
					"#11":"notImplementedHello"
				},
				{
					"#8":"NativeMethodAccessorImpl.java",
					"#9":-2,
					"#10":"sun.reflect.NativeMethodAccessorImpl",
					"#11":"invoke0"
				},
				{
					"#8":"NativeMethodAccessorImpl.java",
					"#9":62,
					"#10":"sun.reflect.NativeMethodAccessorImpl",
					"#11":"invoke"
				},
				{
					"#8":"DelegatingMethodAccessorImpl.java",
					"#9":43,
					"#10":"sun.reflect.DelegatingMethodAccessorImpl",
					"#11":"invoke"
				},
				{
					"#8":"Method.java",
					"#9":498,
					"#10":"java.lang.reflect.Method",
					"#11":"invoke"
				},
				{
					"#8":"AopUtils.java",
					"#9":333,
					"#10":"org.springframework.aop.support.AopUtils",
					"#11":"invokeJoinpointUsingReflection"
				},
				{
					"#8":"JdkDynamicAopProxy.java",
					"#9":207,
					"#10":"org.springframework.aop.framework.JdkDynamicAopProxy",
					"#11":"invoke"
				},
				{
					"#8":null,
					"#9":-1,
					"#10":"com.sun.proxy.$Proxy23",
					"#11":"notImplementedHello"
				},
				{
					"#8":"HelloServiceIT.java",
					"#9":49,
					"#10":"org.apache.dubbo.samples.generic.call.HelloServiceIT",
					"#11":"testNotImplementedHello"
				},
				{
					"#8":"NativeMethodAccessorImpl.java",
					"#9":-2,
					"#10":"sun.reflect.NativeMethodAccessorImpl",
					"#11":"invoke0"
				},
				{
					"#8":"NativeMethodAccessorImpl.java",
					"#9":62,
					"#10":"sun.reflect.NativeMethodAccessorImpl",
					"#11":"invoke"
				},
				{
					"#8":"DelegatingMethodAccessorImpl.java",
					"#9":43,
					"#10":"sun.reflect.DelegatingMethodAccessorImpl",
					"#11":"invoke"
				},
				{
					"#8":"Method.java",
					"#9":498,
					"#10":"java.lang.reflect.Method",
					"#11":"invoke"
				},
				{
					"#8":"FrameworkMethod.java",
					"#9":50,
					"#10":"org.junit.runners.model.FrameworkMethod$1",
					"#11":"runReflectiveCall"
				},
				{
					"#8":"ReflectiveCallable.java",
					"#9":12,
					"#10":"org.junit.internal.runners.model.ReflectiveCallable",
					"#11":"run"
				},
				{
					"#8":"FrameworkMethod.java",
					"#9":47,
					"#10":"org.junit.runners.model.FrameworkMethod",
					"#11":"invokeExplosively"
				},
				{
					"#8":"InvokeMethod.java",
					"#9":17,
					"#10":"org.junit.internal.runners.statements.InvokeMethod",
					"#11":"evaluate"
				},
				{
					"#8":"RunBeforeTestMethodCallbacks.java",
					"#9":75,
					"#10":"org.springframework.test.context.junit4.statements.RunBeforeTestMethodCallbacks",
					"#11":"evaluate"
				},
				{
					"#8":"RunAfterTestMethodCallbacks.java",
					"#9":86,
					"#10":"org.springframework.test.context.junit4.statements.RunAfterTestMethodCallbacks",
					"#11":"evaluate"
				},
				{
					"#8":"SpringRepeat.java",
					"#9":84,
					"#10":"org.springframework.test.context.junit4.statements.SpringRepeat",
					"#11":"evaluate"
				},
				{
					"#8":"ParentRunner.java",
					"#9":325,
					"#10":"org.junit.runners.ParentRunner",
					"#11":"runLeaf"
				},
				{
					"#8":"SpringJUnit4ClassRunner.java",
					"#9":252,
					"#10":"org.springframework.test.context.junit4.SpringJUnit4ClassRunner",
					"#11":"runChild"
				},
				{
					"#8":"SpringJUnit4ClassRunner.java",
					"#9":94,
					"#10":"org.springframework.test.context.junit4.SpringJUnit4ClassRunner",
					"#11":"runChild"
				},
				{
					"#8":"ParentRunner.java",
					"#9":290,
					"#10":"org.junit.runners.ParentRunner$3",
					"#11":"run"
				},
				{
					"#8":"ParentRunner.java",
					"#9":71,
					"#10":"org.junit.runners.ParentRunner$1",
					"#11":"schedule"
				},
				{
					"#8":"ParentRunner.java",
					"#9":288,
					"#10":"org.junit.runners.ParentRunner",
					"#11":"runChildren"
				},
				{
					"#8":"ParentRunner.java",
					"#9":58,
					"#10":"org.junit.runners.ParentRunner",
					"#11":"access$000"
				},
				{
					"#8":"ParentRunner.java",
					"#9":268,
					"#10":"org.junit.runners.ParentRunner$2",
					"#11":"evaluate"
				},
				{
					"#8":"RunBeforeTestClassCallbacks.java",
					"#9":61,
					"#10":"org.springframework.test.context.junit4.statements.RunBeforeTestClassCallbacks",
					"#11":"evaluate"
				},
				{
					"#8":"RunAfterTestClassCallbacks.java",
					"#9":70,
					"#10":"org.springframework.test.context.junit4.statements.RunAfterTestClassCallbacks",
					"#11":"evaluate"
				},
				{
					"#8":"ParentRunner.java",
					"#9":363,
					"#10":"org.junit.runners.ParentRunner",
					"#11":"run"
				},
				{
					"#8":"SpringJUnit4ClassRunner.java",
					"#9":191,
					"#10":"org.springframework.test.context.junit4.SpringJUnit4ClassRunner",
					"#11":"run"
				},
				{
					"#8":"JUnit4Provider.java",
					"#9":365,
					"#10":"org.apache.maven.surefire.junit4.JUnit4Provider",
					"#11":"execute"
				},
				{
					"#8":"JUnit4Provider.java",
					"#9":273,
					"#10":"org.apache.maven.surefire.junit4.JUnit4Provider",
					"#11":"executeWithRerun"
				},
				{
					"#8":"JUnit4Provider.java",
					"#9":238,
					"#10":"org.apache.maven.surefire.junit4.JUnit4Provider",
					"#11":"executeTestSet"
				},
				{
					"#8":"JUnit4Provider.java",
					"#9":159,
					"#10":"org.apache.maven.surefire.junit4.JUnit4Provider",
					"#11":"invoke"
				},
				{
					"#8":"NativeMethodAccessorImpl.java",
					"#9":-2,
					"#10":"sun.reflect.NativeMethodAccessorImpl",
					"#11":"invoke0"
				},
				{
					"#8":"NativeMethodAccessorImpl.java",
					"#9":62,
					"#10":"sun.reflect.NativeMethodAccessorImpl",
					"#11":"invoke"
				},
				{
					"#8":"DelegatingMethodAccessorImpl.java",
					"#9":43,
					"#10":"sun.reflect.DelegatingMethodAccessorImpl",
					"#11":"invoke"
				},
				{
					"#8":"Method.java",
					"#9":498,
					"#10":"java.lang.reflect.Method",
					"#11":"invoke"
				},
				{
					"#8":"ReflectionUtils.java",
					"#9":206,
					"#10":"org.apache.maven.surefire.util.ReflectionUtils",
					"#11":"invokeMethodWithArray2"
				},
				{
					"#8":"ProviderFactory.java",
					"#9":161,
					"#10":"org.apache.maven.surefire.booter.ProviderFactory$ProviderProxy",
					"#11":"invoke"
				},
				{
					"#8":"ProviderFactory.java",
					"#9":84,
					"#10":"org.apache.maven.surefire.booter.ProviderFactory",
					"#11":"invokeProvider"
				},
				{
					"#8":"ClassloaderSurefireStarter.java",
					"#9":78,
					"#10":"org.apache.dubbo.test.runner.ClassloaderSurefireStarter",
					"#11":"runSuitesInProcess"
				},
				{
					"#8":"TestRunnerMain.java",
					"#9":185,
					"#10":"org.apache.dubbo.test.runner.TestRunnerMain",
					"#11":"main"
				}
			]
		},
		"message#12":"{\"exClass\":\"\",\"exMsg\":\"\",\"msg\":\"\"}",
		"#7":[
			{
				"#8":"FastJson2ObjectInput.java",
				"#9":110,
				"#10":"org.apache.dubbo.common.serialize.fastjson2.FastJson2ObjectInput",
				"#11":"readObject"
			},
			{
				"#8":"FastJson2ObjectInput.java",
				"#9":98,
				"#10":"org.apache.dubbo.common.serialize.fastjson2.FastJson2ObjectInput",
				"#11":"readObject"
			},
			{
				"#8":"ObjectInput.java",
				"#9":74,
				"#10":"org.apache.dubbo.common.serialize.ObjectInput",
				"#11":"readThrowable"
			},
			{
				"#8":"DecodeableRpcResult.java",
				"#9":171,
				"#10":"org.apache.dubbo.rpc.protocol.dubbo.DecodeableRpcResult",
				"#11":"handleException"
			},
			{
				"#8":"DecodeableRpcResult.java",
				"#9":110,
				"#10":"org.apache.dubbo.rpc.protocol.dubbo.DecodeableRpcResult",
				"#11":"decode"
			},
			{
				"#8":"DecodeableRpcResult.java",
				"#9":138,
				"#10":"org.apache.dubbo.rpc.protocol.dubbo.DecodeableRpcResult",
				"#11":"decode"
			},
			{
				"#8":"DecodeHandler.java",
				"#9":62,
				"#10":"org.apache.dubbo.remoting.transport.DecodeHandler",
				"#11":"decode"
			},
			{
				"#8":"DecodeHandler.java",
				"#9":50,
				"#10":"org.apache.dubbo.remoting.transport.DecodeHandler",
				"#11":"received"
			},
			{
				"#8":"ChannelEventRunnable.java",
				"#9":61,
				"#10":"org.apache.dubbo.remoting.transport.dispatcher.ChannelEventRunnable",
				"#11":"run"
			},
			{
				"#8":"ThreadlessExecutor.java",
				"#9":184,
				"#10":"org.apache.dubbo.common.threadpool.ThreadlessExecutor$RunnableWrapper",
				"#11":"run"
			},
			{
				"#8":"ThreadlessExecutor.java",
				"#9":103,
				"#10":"org.apache.dubbo.common.threadpool.ThreadlessExecutor",
				"#11":"waitAndDrain"
			},
			{
				"#8":"AsyncRpcResult.java",
				"#9":194,
				"#10":"org.apache.dubbo.rpc.AsyncRpcResult",
				"#11":"get"
			},
			{
				"#8":"AbstractInvoker.java",
				"#9":277,
				"#10":"org.apache.dubbo.rpc.protocol.AbstractInvoker",
				"#11":"waitForResultIfSync"
			},
			{
				"#8":"AbstractInvoker.java",
				"#9":181,
				"#10":"org.apache.dubbo.rpc.protocol.AbstractInvoker",
				"#11":"invoke"
			},
			{
				"#8":"ListenerInvokerWrapper.java",
				"#9":70,
				"#10":"org.apache.dubbo.rpc.listener.ListenerInvokerWrapper",
				"#11":"invoke"
			},
			{
				"#8":"GenericImplFilter.java",
				"#9":102,
				"#10":"org.apache.dubbo.rpc.filter.GenericImplFilter",
				"#11":"invoke"
			},
			{
				"#8":"FilterChainBuilder.java",
				"#9":327,
				"#10":"org.apache.dubbo.rpc.cluster.filter.FilterChainBuilder$CopyOfFilterChainNode",
				"#11":"invoke"
			},
			{
				"#8":"CacheFilter.java",
				"#9":95,
				"#10":"org.apache.dubbo.cache.filter.CacheFilter",
				"#11":"invoke"
			},
			{
				"#8":"FilterChainBuilder.java",
				"#9":327,
				"#10":"org.apache.dubbo.rpc.cluster.filter.FilterChainBuilder$CopyOfFilterChainNode",
				"#11":"invoke"
			},
			{
				"#8":"FilterChainBuilder.java",
				"#9":194,
				"#10":"org.apache.dubbo.rpc.cluster.filter.FilterChainBuilder$CallbackRegistrationInvoker",
				"#11":"invoke"
			},
			{
				"#8":"AbstractClusterInvoker.java",
				"#9":379,
				"#10":"org.apache.dubbo.rpc.cluster.support.AbstractClusterInvoker",
				"#11":"invokeWithContext"
			},
			{
				"#8":"FailoverClusterInvoker.java",
				"#9":81,
				"#10":"org.apache.dubbo.rpc.cluster.support.FailoverClusterInvoker",
				"#11":"doInvoke"
			},
			{
				"#8":"AbstractClusterInvoker.java",
				"#9":341,
				"#10":"org.apache.dubbo.rpc.cluster.support.AbstractClusterInvoker",
				"#11":"invoke"
			},
			{
				"#8":"RouterSnapshotFilter.java",
				"#9":46,
				"#10":"org.apache.dubbo.rpc.cluster.router.RouterSnapshotFilter",
				"#11":"invoke"
			},
			{
				"#8":"FilterChainBuilder.java",
				"#9":327,
				"#10":"org.apache.dubbo.rpc.cluster.filter.FilterChainBuilder$CopyOfFilterChainNode",
				"#11":"invoke"
			},
			{
				"#8":"MonitorFilter.java",
				"#9":100,
				"#10":"org.apache.dubbo.monitor.support.MonitorFilter",
				"#11":"invoke"
			},
			{
				"#8":"FilterChainBuilder.java",
				"#9":327,
				"#10":"org.apache.dubbo.rpc.cluster.filter.FilterChainBuilder$CopyOfFilterChainNode",
				"#11":"invoke"
			},
			{
				"#8":"FutureFilter.java",
				"#9":52,
				"#10":"org.apache.dubbo.rpc.protocol.dubbo.filter.FutureFilter",
				"#11":"invoke"
			},
			{
				"#8":"FilterChainBuilder.java",
				"#9":327,
				"#10":"org.apache.dubbo.rpc.cluster.filter.FilterChainBuilder$CopyOfFilterChainNode",
				"#11":"invoke"
			},
			{
				"#8":"ConsumerContextFilter.java",
				"#9":108,
				"#10":"org.apache.dubbo.rpc.cluster.filter.support.ConsumerContextFilter",
				"#11":"invoke"
			},
			{
				"#8":"FilterChainBuilder.java",
				"#9":327,
				"#10":"org.apache.dubbo.rpc.cluster.filter.FilterChainBuilder$CopyOfFilterChainNode",
				"#11":"invoke"
			},
			{
				"#8":"FilterChainBuilder.java",
				"#9":194,
				"#10":"org.apache.dubbo.rpc.cluster.filter.FilterChainBuilder$CallbackRegistrationInvoker",
				"#11":"invoke"
			},
			{
				"#8":"AbstractCluster.java",
				"#9":92,
				"#10":"org.apache.dubbo.rpc.cluster.support.wrapper.AbstractCluster$ClusterFilterInvoker",
				"#11":"invoke"
			},
			{
				"#8":"MockClusterInvoker.java",
				"#9":103,
				"#10":"org.apache.dubbo.rpc.cluster.support.wrapper.MockClusterInvoker",
				"#11":"invoke"
			},
			{
				"#8":"MigrationInvoker.java",
				"#9":282,
				"#10":"org.apache.dubbo.registry.client.migration.MigrationInvoker",
				"#11":"invoke"
			},
			{
				"#8":"InvocationUtil.java",
				"#9":56,
				"#10":"org.apache.dubbo.rpc.proxy.InvocationUtil",
				"#11":"invoke"
			},
			{
				"#8":"InvokerInvocationHandler.java",
				"#9":75,
				"#10":"org.apache.dubbo.rpc.proxy.InvokerInvocationHandler",
				"#11":"invoke"
			},
			{
				"#8":"HelloServiceDubboProxy0.java",
				"#9":-1,
				"#10":"org.apache.dubbo.samples.generic.call.api.HelloServiceDubboProxy0",
				"#11":"notImplementedHello"
			},
			{
				"#8":"NativeMethodAccessorImpl.java",
				"#9":-2,
				"#10":"sun.reflect.NativeMethodAccessorImpl",
				"#11":"invoke0"
			},
			{
				"#8":"NativeMethodAccessorImpl.java",
				"#9":62,
				"#10":"sun.reflect.NativeMethodAccessorImpl",
				"#11":"invoke"
			},
			{
				"#8":"DelegatingMethodAccessorImpl.java",
				"#9":43,
				"#10":"sun.reflect.DelegatingMethodAccessorImpl",
				"#11":"invoke"
			},
			{
				"#8":"Method.java",
				"#9":498,
				"#10":"java.lang.reflect.Method",
				"#11":"invoke"
			},
			{
				"#8":"AopUtils.java",
				"#9":333,
				"#10":"org.springframework.aop.support.AopUtils",
				"#11":"invokeJoinpointUsingReflection"
			},
			{
				"#8":"JdkDynamicAopProxy.java",
				"#9":207,
				"#10":"org.springframework.aop.framework.JdkDynamicAopProxy",
				"#11":"invoke"
			},
			{
				"#8":null,
				"#9":-1,
				"#10":"com.sun.proxy.$Proxy23",
				"#11":"notImplementedHello"
			},
			{
				"#8":"HelloServiceIT.java",
				"#9":49,
				"#10":"org.apache.dubbo.samples.generic.call.HelloServiceIT",
				"#11":"testNotImplementedHello"
			},
			{
				"#8":"NativeMethodAccessorImpl.java",
				"#9":-2,
				"#10":"sun.reflect.NativeMethodAccessorImpl",
				"#11":"invoke0"
			},
			{
				"#8":"NativeMethodAccessorImpl.java",
				"#9":62,
				"#10":"sun.reflect.NativeMethodAccessorImpl",
				"#11":"invoke"
			},
			{
				"#8":"DelegatingMethodAccessorImpl.java",
				"#9":43,
				"#10":"sun.reflect.DelegatingMethodAccessorImpl",
				"#11":"invoke"
			},
			{
				"#8":"Method.java",
				"#9":498,
				"#10":"java.lang.reflect.Method",
				"#11":"invoke"
			},
			{
				"#8":"FrameworkMethod.java",
				"#9":50,
				"#10":"org.junit.runners.model.FrameworkMethod$1",
				"#11":"runReflectiveCall"
			},
			{
				"#8":"ReflectiveCallable.java",
				"#9":12,
				"#10":"org.junit.internal.runners.model.ReflectiveCallable",
				"#11":"run"
			},
			{
				"#8":"FrameworkMethod.java",
				"#9":47,
				"#10":"org.junit.runners.model.FrameworkMethod",
				"#11":"invokeExplosively"
			},
			{
				"#8":"InvokeMethod.java",
				"#9":17,
				"#10":"org.junit.internal.runners.statements.InvokeMethod",
				"#11":"evaluate"
			},
			{
				"#8":"RunBeforeTestMethodCallbacks.java",
				"#9":75,
				"#10":"org.springframework.test.context.junit4.statements.RunBeforeTestMethodCallbacks",
				"#11":"evaluate"
			},
			{
				"#8":"RunAfterTestMethodCallbacks.java",
				"#9":86,
				"#10":"org.springframework.test.context.junit4.statements.RunAfterTestMethodCallbacks",
				"#11":"evaluate"
			},
			{
				"#8":"SpringRepeat.java",
				"#9":84,
				"#10":"org.springframework.test.context.junit4.statements.SpringRepeat",
				"#11":"evaluate"
			},
			{
				"#8":"ParentRunner.java",
				"#9":325,
				"#10":"org.junit.runners.ParentRunner",
				"#11":"runLeaf"
			},
			{
				"#8":"SpringJUnit4ClassRunner.java",
				"#9":252,
				"#10":"org.springframework.test.context.junit4.SpringJUnit4ClassRunner",
				"#11":"runChild"
			},
			{
				"#8":"SpringJUnit4ClassRunner.java",
				"#9":94,
				"#10":"org.springframework.test.context.junit4.SpringJUnit4ClassRunner",
				"#11":"runChild"
			},
			{
				"#8":"ParentRunner.java",
				"#9":290,
				"#10":"org.junit.runners.ParentRunner$3",
				"#11":"run"
			},
			{
				"#8":"ParentRunner.java",
				"#9":71,
				"#10":"org.junit.runners.ParentRunner$1",
				"#11":"schedule"
			},
			{
				"#8":"ParentRunner.java",
				"#9":288,
				"#10":"org.junit.runners.ParentRunner",
				"#11":"runChildren"
			},
			{
				"#8":"ParentRunner.java",
				"#9":58,
				"#10":"org.junit.runners.ParentRunner",
				"#11":"access$000"
			},
			{
				"#8":"ParentRunner.java",
				"#9":268,
				"#10":"org.junit.runners.ParentRunner$2",
				"#11":"evaluate"
			},
			{
				"#8":"RunBeforeTestClassCallbacks.java",
				"#9":61,
				"#10":"org.springframework.test.context.junit4.statements.RunBeforeTestClassCallbacks",
				"#11":"evaluate"
			},
			{
				"#8":"RunAfterTestClassCallbacks.java",
				"#9":70,
				"#10":"org.springframework.test.context.junit4.statements.RunAfterTestClassCallbacks",
				"#11":"evaluate"
			},
			{
				"#8":"ParentRunner.java",
				"#9":363,
				"#10":"org.junit.runners.ParentRunner",
				"#11":"run"
			},
			{
				"#8":"SpringJUnit4ClassRunner.java",
				"#9":191,
				"#10":"org.springframework.test.context.junit4.SpringJUnit4ClassRunner",
				"#11":"run"
			},
			{
				"#8":"JUnit4Provider.java",
				"#9":365,
				"#10":"org.apache.maven.surefire.junit4.JUnit4Provider",
				"#11":"execute"
			},
			{
				"#8":"JUnit4Provider.java",
				"#9":273,
				"#10":"org.apache.maven.surefire.junit4.JUnit4Provider",
				"#11":"executeWithRerun"
			},
			{
				"#8":"JUnit4Provider.java",
				"#9":238,
				"#10":"org.apache.maven.surefire.junit4.JUnit4Provider",
				"#11":"executeTestSet"
			},
			{
				"#8":"JUnit4Provider.java",
				"#9":159,
				"#10":"org.apache.maven.surefire.junit4.JUnit4Provider",
				"#11":"invoke"
			},
			{
				"#8":"NativeMethodAccessorImpl.java",
				"#9":-2,
				"#10":"sun.reflect.NativeMethodAccessorImpl",
				"#11":"invoke0"
			},
			{
				"#8":"NativeMethodAccessorImpl.java",
				"#9":62,
				"#10":"sun.reflect.NativeMethodAccessorImpl",
				"#11":"invoke"
			},
			{
				"#8":"DelegatingMethodAccessorImpl.java",
				"#9":43,
				"#10":"sun.reflect.DelegatingMethodAccessorImpl",
				"#11":"invoke"
			},
			{
				"#8":"Method.java",
				"#9":498,
				"#10":"java.lang.reflect.Method",
				"#11":"invoke"
			},
			{
				"#8":"ReflectionUtils.java",
				"#9":206,
				"#10":"org.apache.maven.surefire.util.ReflectionUtils",
				"#11":"invokeMethodWithArray2"
			},
			{
				"#8":"ProviderFactory.java",
				"#9":161,
				"#10":"org.apache.maven.surefire.booter.ProviderFactory$ProviderProxy",
				"#11":"invoke"
			},
			{
				"#8":"ProviderFactory.java",
				"#9":84,
				"#10":"org.apache.maven.surefire.booter.ProviderFactory",
				"#11":"invokeProvider"
			},
			{
				"#8":"ClassloaderSurefireStarter.java",
				"#9":78,
				"#10":"org.apache.dubbo.test.runner.ClassloaderSurefireStarter",
				"#11":"runSuitesInProcess"
			},
			{
				"#8":"TestRunnerMain.java",
				"#9":185,
				"#10":"org.apache.dubbo.test.runner.TestRunnerMain",
				"#11":"main"
			}
		],
		"suppressed#13":[]
	}
}
{"v0000":[0],"v0001":[],"v0002":[0,0]}
1
{
	"@type":"com.alibaba.fastjson2.aliyun.MapGhostTest$MapGhost#0",
	"@value":{
		"name":"abc",
		"$super$":{
			"@type":"M#1",
			"@value":{
				"name":123
			}
		}
	}
}
{
	"@type":"com.alibaba.fastjson2.eishay.vo.MediaContent#0",
	"@value":[
		[
			[
				768,
				1,
				"Javaone Keynote",
				"http://javaone.com/keynote_large.jpg",
				1024
			],
			[
				240,
				0,
				"Javaone Keynote",
				"http://javaone.com/keynote_small.jpg",
				320
			]
		],
		[
			262144,
			null,
			18000000,
			"video/mpg4",
			480,
			[
				"Bill Gates",
				"Steve Jobs"
			],
			0,
			58982400,
			"Javaone Keynote",
			"http://javaone.com/keynote.mpg",
			640
		]
	]
}
{
	"@type":"com.alibaba.fastjson2.arraymapping.EishayTest$Sample",
	"@value":[
		[
			true,
			false
		],
		false,
		"AB",
		"\u0000",
		[
			1.0,
			2.0,
			3.0
		],
		0.0,
		[
			1.0,
			2.0,
			3.0
		],
		0.0,
		[
			1,
			2
		],
		101,
		[
			1,
			2
		],
		1001,
		null,
		[
			1,
			2
		],
		0,
		null
	]
}
com.alibaba.fastjson2.issues_2400.Issue2440$Bean@705a793a
{"first_name":"wenshao","id":123}
{"courseId":"6bad799a1c894893bedade17215244a1","userId":"4b99d48f87f84868a59aa3b3ce82fd56"}
{
	"@type":"com.alibaba.fastjson2.eishay.vo.MediaContent",
	"@value":[
		[
			[
				768,
				1,
				"Javaone Keynote",
				"http://javaone.com/keynote_large.jpg",
				1024
			],
			[
				240,
				0,
				"Javaone Keynote",
				"http://javaone.com/keynote_small.jpg",
				320
			]
		],
		[
			262144,
			null,
			18000000,
			"video/mpg4",
			480,
			[
				"Bill Gates",
				"Steve Jobs"
			],
			0,
			58982400,
			"Javaone Keynote",
			"http://javaone.com/keynote.mpg",
			640
		]
	]
}
[[[768,1,"Javaone Keynote","http://javaone.com/keynote_large.jpg",1024],[240,0,"Javaone Keynote","http://javaone.com/keynote_small.jpg",320]],[262144,null,18000000,"video/mpg4",480,["Bill Gates","Steve Jobs"],0,58982400,"Javaone Keynote","http://javaone.com/keynote.mpg",640]]
{
	"@type":"com.alibaba.fastjson2.eishay.vo.MediaContent#0",
	"@value":{
		"images#1":[
			{
				"height#2":768,
				"size#3":1,
				"title#4":"Javaone Keynote",
				"uri#5":"http://javaone.com/keynote_large.jpg",
				"width#6":1024
			},
			{
				"#2":240,
				"#3":0,
				"#4":"Javaone Keynote",
				"#5":"http://javaone.com/keynote_small.jpg",
				"#6":320
			}
		],
		"media#7":{
			"bitrate#8":262144,
			"duration#9":18000000,
			"format#10":"video/mpg4",
			"#2":480,
			"persons#11":[
				"Bill Gates",
				"Steve Jobs"
			],
			"player#12":0,
			"#3":58982400,
			"#4":"Javaone Keynote",
			"#5":"http://javaone.com/keynote.mpg",
			"#6":640
		}
	}
}
[
	[
		[
			768,
			1,
			"Javaone Keynote",
			"http://javaone.com/keynote_large.jpg",
			1024
		],
		[
			240,
			0,
			"Javaone Keynote",
			"http://javaone.com/keynote_small.jpg",
			320
		]
	],
	[
		262144,
		null,
		18000000,
		"video/mpg4",
		480,
		[
			"Bill Gates",
			"Steve Jobs"
		],
		0,
		58982400,
		"Javaone Keynote",
		"http://javaone.com/keynote.mpg",
		640
	]
]
{"values":{"100":[{"id":1001},{"id":1002}],"200":[{"id":2001},{"id":2002}]}}
millis : 256
millis : 258
[name, weight, age]
CSVReaderTest.Person(name=张三, weight=68.2, age=32)
CSVReaderTest.Person(name=李四, weight=75.6, age=28)
[name, weight, age]
CSVReaderTest.Person(name=张三, weight=68.2, age=32)
CSVReaderTest.Person(name=李四, weight=75.6, age=28)
{
	"@type":"com.alibaba.fastjson2.support.ApacheTripleTest$Bean#0",
	"@value":{
		"triple":{
			"@type":"org.apache.commons.lang3.tuple.MutableTriple#1",
			"@value":{
				"left":101,
				"middle":102,
				"right":103
			}
		}
	}
}
{
	"@type":"com.alibaba.fastjson2.support.ApacheTripleTest$Bean#0",
	"@value":{
		"triple":{
			"@type":"org.apache.commons.lang3.tuple.ImmutableTriple#1",
			"@value":{
				"left":101,
				"middle":102,
				"right":103
			}
		}
	}
}
{
	"high":{
		"value":"H"
	},
	"low":{
		"value":"L"
	},
	"mid":{
		"value":"M"
	}
}
Tue Oct 15 10:02:26 CST 2024
Enum Item: LOCKED
JVM_VERSION : 25
-9214723784238596577L,
-9030616758866828325L,
-8335274122997354104L,
-6963030519018899258L,
-4863137578837233966L,
-3653547262287832698L,
-2819277587813726773L,
-2669552864532011468L,
-2458634727370886912L,
-2291619803571459675L,
-1811306045128064037L,
-864440709753525476L,
-779604756358333743L,
8731803887940231L,
1616814008855344660L,
2164749833121980361L,
2688642392827789427L,
3724195282986200606L,
3742915795806478647L,
3977020351318456359L,
4775491097662790952L,
4882459834864833642L,
6033839080488254886L,
7981148566008458638L,
8344106065386396833L,
9215465129261900012L,
27545
27545
1	[1]
2	[2]
3	[3]
4	[4]
5	[5]
6	[6]
7	[7]
8	[8]
9	[9]
10	[10]
11	[11]
12	[12]
13	[13]
14	[14]
15	[15]
16	[16]
17	[17]
18	[18]
19	[19]
20	[20]
21	[21]
22	[22]
23	[23]
24	[24]
25	[25]
26	[26]
27	[27]
28	[28]
29	[29]
30	[30]
31	[31]
32	[32]
33	[33]
34	[34]
35	[35]
36	[36]
37	[37]
38	[38]
39	[39]
40	[40]
41	[41]
42	[42]
43	[43]
44	[44]
45	[45]
46	[46]
47	[47]
48	[48]
49	[49]
50	[50]
51	[51]
52	[52]
53	[53]
54	[54]
55	[55]
56	[56]
57	[57]
58	[58]
59	[59]
60	[60]
61	[61]
62	[62]
63	[63]
64	[64]
65	[65]
66	[66]
67	[67]
68	[68]
69	[69]
70	[70]
71	[71]
72	[72]
73	[73]
74	[74]
75	[75]
76	[76]
77	[77]
78	[78]
79	[79]
80	[80]
81	[81]
82	[82]
83	[83]
84	[84]
85	[85]
86	[86]
87	[87]
88	[88]
89	[89]
90	[90]
91	[91]
92	[92]
93	[93]
94	[94]
95	[95]
96	[96]
97	[97]
98	[98]
99	[99]
100	[100]
101	[101]
102	[102]
103	[103]
104	[104]
105	[105]
106	[106]
107	[107]
108	[108]
109	[109]
110	[110]
111	[111]
112	[112]
113	[113]
114	[114]
115	[115]
116	[116]
117	[117]
118	[118]
119	[119]
120	[120]
121	[121]
122	[122]
123	[123]
124	[124]
125	[125]
126	[126]
127	[127]
128	[-62, -128]
129	[-62, -127]
130	[-62, -126]
131	[-62, -125]
132	[-62, -124]
133	[-62, -123]
134	[-62, -122]
135	[-62, -121]
136	[-62, -120]
137	[-62, -119]
138	[-62, -118]
139	[-62, -117]
140	[-62, -116]
141	[-62, -115]
142	[-62, -114]
143	[-62, -113]
144	[-62, -112]
145	[-62, -111]
146	[-62, -110]
147	[-62, -109]
148	[-62, -108]
149	[-62, -107]
150	[-62, -106]
151	[-62, -105]
152	[-62, -104]
153	[-62, -103]
154	[-62, -102]
155	[-62, -101]
156	[-62, -100]
157	[-62, -99]
158	[-62, -98]
159	[-62, -97]
160	[-62, -96]
161	[-62, -95]
162	[-62, -94]
163	[-62, -93]
164	[-62, -92]
165	[-62, -91]
166	[-62, -90]
167	[-62, -89]
168	[-62, -88]
169	[-62, -87]
170	[-62, -86]
171	[-62, -85]
172	[-62, -84]
173	[-62, -83]
174	[-62, -82]
175	[-62, -81]
176	[-62, -80]
177	[-62, -79]
178	[-62, -78]
179	[-62, -77]
180	[-62, -76]
181	[-62, -75]
182	[-62, -74]
183	[-62, -73]
184	[-62, -72]
185	[-62, -71]
186	[-62, -70]
187	[-62, -69]
188	[-62, -68]
189	[-62, -67]
190	[-62, -66]
191	[-62, -65]
192	[-61, -128]
193	[-61, -127]
194	[-61, -126]
195	[-61, -125]
196	[-61, -124]
197	[-61, -123]
198	[-61, -122]
199	[-61, -121]
200	[-61, -120]
201	[-61, -119]
202	[-61, -118]
203	[-61, -117]
204	[-61, -116]
205	[-61, -115]
206	[-61, -114]
207	[-61, -113]
208	[-61, -112]
209	[-61, -111]
210	[-61, -110]
211	[-61, -109]
212	[-61, -108]
213	[-61, -107]
214	[-61, -106]
215	[-61, -105]
216	[-61, -104]
217	[-61, -103]
218	[-61, -102]
219	[-61, -101]
220	[-61, -100]
221	[-61, -99]
222	[-61, -98]
223	[-61, -97]
224	[-61, -96]
225	[-61, -95]
226	[-61, -94]
227	[-61, -93]
228	[-61, -92]
229	[-61, -91]
230	[-61, -90]
231	[-61, -89]
232	[-61, -88]
233	[-61, -87]
234	[-61, -86]
235	[-61, -85]
236	[-61, -84]
237	[-61, -83]
238	[-61, -82]
239	[-61, -81]
240	[-61, -80]
241	[-61, -79]
242	[-61, -78]
243	[-61, -77]
244	[-61, -76]
245	[-61, -75]
246	[-61, -74]
247	[-61, -73]
248	[-61, -72]
249	[-61, -71]
250	[-61, -70]
251	[-61, -69]
252	[-61, -68]
253	[-61, -67]
254	[-61, -66]
255	[-61, -65]
0.4922262741036805 -> 0.49222627410368047
0.1840059809198238 -> 0.18400598091982379
0.542968314575555 -> 0.5429683145755549
0.537242857328945 -> 0.5372428573289449
0.1278205596578844 -> 0.12782055965788441
0.807694114245952 -> 0.8076941142459521
0.3509875147299025 -> 0.35098751472990253
0.3468737956991714 -> 0.34687379569917143
0.3670317979693902 -> 0.36703179796939023
0.1739630134037463 -> 0.17396301340374631
0.704741637800053 -> 0.7047416378000529
0.1678841452768184 -> 0.16788414527681839
0.850690998492799 -> 0.8506909984927991
0.879011684204068 -> 0.8790116842040679
0.4818942672801311 -> 0.48189426728013107
0.05675405504805087 -> 0.056754055048050867
0.748058439599739 -> 0.7480584395997389
0.759879833686744 -> 0.7598798336867441
0.515879125714302 -> 0.5158791257143019
0.972367051621084 -> 0.9723670516210841
0.4650040622937682 -> 0.46500406229376823
0.693647037970545 -> 0.6936470379705451
0.2151419675450328 -> 0.21514196754503279
0.03957823776288227 -> 0.039578237762882273
0.1468146900569023 -> 0.14681469005690229
0.0945640269094652 -> 0.09456402690946519
0.2748498879627225 -> 0.27484988796272247
0.50993095393408 -> 0.5099309539340799
0.05739912833901872 -> 0.057399128339018723
0.716201148631953 -> 0.7162011486319531
0.827546803978709 -> 0.8275468039787089
0.4814888273655549 -> 0.48148882736555487
0.787039469824866 -> 0.7870394698248659
0.2059469696441142 -> 0.20594696964411419
0.4852704708574824 -> 0.48527047085748243
0.2307487720125211 -> 0.23074877201252109
0.763208505300702 -> 0.7632085053007019
0.834304039639229 -> 0.8343040396392289
0.63500465400278 -> 0.6350046540027799
0.3568462317427816 -> 0.35684623174278163
0.545607280920199 -> 0.5456072809201989
0.841976221076775 -> 0.8419762210767751
0.957049918986907 -> 0.9570499189869069
0.892282658695636 -> 0.8922826586956361
0.05489959729700555 -> 0.054899597297005553
0.1294863766124804 -> 0.12948637661248041
0.2058001979882048 -> 0.20580019798820481
0.05592839446293996 -> 0.055928394462939957
0.199747650187709 -> 0.19974765018770901
0.796709665433114 -> 0.7967096654331139
0.765375941976634 -> 0.7653759419766341
0.4437668734231556 -> 0.44376687342315557
0.850966833402306 -> 0.8509668334023061
0.2953601394627067 -> 0.29536013946270667
0.03938954817678764 -> 0.039389548176787637
0.715551337125581 -> 0.7155513371255811
0.873825252094033 -> 0.8738252520940329
0.566325630973256 -> 0.5663256309732559
0.04738464628242001 -> 0.047384646282420007
0.529243510121645 -> 0.5292435101216451
0.534376143837271 -> 0.5343761438372709
0.618499607982054 -> 0.6184996079820539
0.970529014393611 -> 0.9705290143936109
0.2458162161026788 -> 0.24581621610267879
0.824337504159042 -> 0.8243375041590419
0.2424854234018783 -> 0.24248542340187829
0.619350757632603 -> 0.6193507576326031
0.943950464031518 -> 0.9439504640315181
0.1994321271805196 -> 0.19943212718051961
0.820820406613678 -> 0.8208204066136781
0.708248475606645 -> 0.7082484756066449
0.726084048216667 -> 0.7260840482166671
0.700683241130237 -> 0.7006832411302369
0.714562775028246 -> 0.7145627750282459
0.3782288990104338 -> 0.37822889901043377
0.626183007028492 -> 0.6261830070284919
0.3353188618060505 -> 0.33531886180605053
0.816493498823955 -> 0.8164934988239551
0.3176074577211562 -> 0.31760745772115617
0.926704927968448 -> 0.9267049279684479
0.757896634061412 -> 0.7578966340614119
0.1679442331802561 -> 0.16794423318025609
0.3591400587761093 -> 0.35914005877610933
0.925130755277284 -> 0.9251307552772839
0.2390683297289352 -> 0.23906832972893521
0.0508309657225724 -> 0.050830965722572397
0.4038349670451786 -> 0.40383496704517863
0.642124322498903 -> 0.6421243224989031
0.87855220330139 -> 0.8785522033013899
0.868218103580292 -> 0.8682181035802921
0.4193113300570461 -> 0.41931133005704613
0.3611782346562252 -> 0.36117823465622523
0.05058622139734004 -> 0.050586221397340037
0.1299733269434694 -> 0.12997332694346941
0.62495721354396 -> 0.6249572135439601
0.906451287730972 -> 0.9064512877309721
0.2466313907933083 -> 0.24663139079330831
0.1684022040196511 -> 0.16840220401965111
0.3969958840606507 -> 0.39699588406065067
0.767520341903629 -> 0.7675203419036291
0.992580957556845 -> 0.9925809575568449
0.701684193529791 -> 0.7016841935297909
0.995719257711354 -> 0.9957192577113541
0.601310922521405 -> 0.6013109225214049
0.716821169893123 -> 0.7168211698931229
0.77132002226627 -> 0.7713200222662699
0.662919187650649 -> 0.6629191876506491
0.4523247541430718 -> 0.45232475414307183
0.855897283169264 -> 0.8558972831692639
0.689345374547154 -> 0.6893453745471541
0.842377370191357 -> 0.8423773701913569
0.574076061068373 -> 0.5740760610683729
0.847189105578321 -> 0.8471891055783209
0.4633999130077813 -> 0.46339991300778127
0.4906707287125118 -> 0.49067072871251183
0.974783824667595 -> 0.9747838246675949
0.2612179511418736 -> 0.26121795114187363
0.177566436389738 -> 0.17756643638973801
0.4334008557515103 -> 0.43340085575151033
0.917858167704312 -> 0.9178581677043119
0.559834133716478 -> 0.5598341337164781
0.3739331025309168 -> 0.37393310253091683
0.72758183662157 -> 0.7275818366215701
0.503786589492976 -> 0.5037865894929759
0.4018627887669943 -> 0.40186278876699433
0.718314760104312 -> 0.7183147601043119
0.1869527175869551 -> 0.18695271758695509
0.2385065964763078 -> 0.23850659647630779
0.0805155928706991 -> 0.08051559287069909
0.0960309085713641 -> 0.09603090857136409
0.3297599539393474 -> 0.32975995393934743
0.745823618156015 -> 0.7458236181560149
0.1744557799183203 -> 0.17445577991832029
0.05170459751563505 -> 0.051704597515635053
0.1722487095751183 -> 0.17224870957511829
0.770579134857379 -> 0.7705791348573789
0.678274410755001 -> 0.6782744107550009
0.3550290322625618 -> 0.35502903226256177
0.1842779099042995 -> 0.18427790990429949
0.701210645031835 -> 0.7012106450318349
0.4337583384283554 -> 0.43375833842835543
0.3542061269776485 -> 0.35420612697764853
0.772556901146149 -> 0.7725569011461491
0.2021257548152917 -> 0.20212575481529171
0.03624387253065409 -> 0.036243872530654087
0.631321557151655 -> 0.6313215571516551
0.1512981995857028 -> 0.15129819958570279
0.1893624092523538 -> 0.18936240925235381
0.52196498376007 -> 0.5219649837600699
0.3483102052795157 -> 0.34831020527951573
0.654838221728198 -> 0.6548382217281979
0.97786650263753 -> 0.9778665026375301
0.2910079038155928 -> 0.29100790381559283
0.957003910002517 -> 0.9570039100025171
0.34540841252592 -> 0.34540841252592003
0.1707181303547015 -> 0.17071813035470151
0.922567439289044 -> 0.9225674392890439
0.3391689645762965 -> 0.33916896457629653
0.2174180069829834 -> 0.21741800698298341
0.1332016816859629 -> 0.13320168168596291
0.578057124281459 -> 0.5780571242814589
0.828879883412523 -> 0.8288798834125231
0.2748791204396345 -> 0.27487912043963447
0.637053988982135 -> 0.6370539889821351
0.2316004525550832 -> 0.23160045255508321
0.1433994420743573 -> 0.14339944207435729
0.03887678026672459 -> 0.038876780266724587
0.1872563867195116 -> 0.18725638671951161
0.4463476198185026 -> 0.44634761981850257
0.367292276061952 -> 0.36729227606195203
0.4715227355093424 -> 0.47152273550934243
0.701655469405637 -> 0.7016554694056369
0.3908428868557767 -> 0.39084288685577673
0.1020692579232979 -> 0.10206925792329791
0.1667735803898691 -> 0.16677358038986911
0.0461220912422774 -> 0.046122091242277397
0.781582870699082 -> 0.7815828706990821
0.1943027808871821 -> 0.19430278088718211
0.3771668530726697 -> 0.37716685307266973
0.1941670175471122 -> 0.19416701754711219
0.05214842546307474 -> 0.052148425463074743
0.8489429889349 -> 0.8489429889348999
0.850860888673242 -> 0.8508608886732421
0.3611266197458812 -> 0.36112661974588123
0.06038372702057326 -> 0.060383727020573263
0.1913074476719583 -> 0.19130744767195829
0.589522225436031 -> 0.5895222254360311
0.3636703113053045 -> 0.36367031130530447
0.2501347722467612 -> 0.25013477224676117
0.4484253566696699 -> 0.44842535666966987
0.1939145580789675 -> 0.19391455807896751
0.2275262640709972 -> 0.22752626407099719
0.868724259578392 -> 0.8687242595783921
0.02322897280823699 -> 0.023228972808236992
0.790750264230277 -> 0.7907502642302769
0.3683756676043973 -> 0.36837566760439733
0.3830090435706551 -> 0.38300904357065513
0.514670710593017 -> 0.5146707105930169
0.631158960770207 -> 0.6311589607702069
0.0989613672116939 -> 0.09896136721169391
0.8537384239677 -> 0.8537384239677001
0.881108795750494 -> 0.8811087957504939
0.567830023473265 -> 0.5678300234732651
0.00912044367510667 -> 0.009120443675106671
0.192150475357851 -> 0.19215047535785101
0.1767271938480902 -> 0.17672719384809021
0.881399383230347 -> 0.8813993832303471
0.2247073101644428 -> 0.22470731016444279
0.94094129645315 -> 0.9409412964531499
0.3993323786819373 -> 0.39933237868193727
0.998214377632826 -> 0.9982143776328261
0.1315244838442058 -> 0.13152448384420579
0.2033056489230851 -> 0.20330564892308511
0.1822849883564195 -> 0.18228498835641949
0.3087783531596969 -> 0.30877835315969693
0.2195365760789212 -> 0.21953657607892119
0.3154062294617411 -> 0.31540622946174113
0.753774249275802 -> 0.7537742492758021
0.3912746115565576 -> 0.39127461155655763
0.3832611912539374 -> 0.38326119125393743
0.01657583621940306 -> 0.016575836219403062
0.657502092924449 -> 0.6575020929244491
0.891094822829055 -> 0.8910948228290551
0.4034887836459152 -> 0.40348878364591523
0.3329205926297161 -> 0.33292059262971607
0.55917637290062 -> 0.5591763729006199
0.539316138141335 -> 0.5393161381413351
0.888296586792859 -> 0.8882965867928591
0.856759406481926 -> 0.8567594064819259
0.4714076129440328 -> 0.47140761294403277
0.1637662250765929 -> 0.16376622507659289
0.714308595104096 -> 0.7143085951040959
0.01241144428239327 -> 0.012411444282393269
0.699707268502822 -> 0.6997072685028221
0.3285351675822549 -> 0.32853516758225487
0.591739966186208 -> 0.5917399661862081
0.1045142271959194 -> 0.10451422719591941
0.3736577786942126 -> 0.37365777869421257
0.585283764237782 -> 0.5852837642377819
0.623423151607921 -> 0.6234231516079209
0.561043161975811 -> 0.5610431619758109
0.3851456508702851 -> 0.38514565087028507
0.1919368407414659 -> 0.19193684074146589
0.2756171967489843 -> 0.27561719674898433
0.3243432332337918 -> 0.32434323323379177
0.914717915414964 -> 0.9147179154149639
0.762452800051793 -> 0.7624528000517929
0.05555210928633059 -> 0.055552109286330587
0.1815250255695776 -> 0.18152502556957761
0.71516826788408 -> 0.7151682678840799
0.563825157572238 -> 0.5638251575722379
0.589577115283691 -> 0.5895771152836909
0.1535590822919186 -> 0.15355908229191861
0.339854313917584 -> 0.33985431391758403
0.4281408516129038 -> 0.42814085161290383
0.4884315774472964 -> 0.48843157744729637
0.509468254963306 -> 0.5094682549633061
0.0659317608772979 -> 0.06593176087729791
0.7215736486339 -> 0.7215736486339001
0.912366114249408 -> 0.9123661142494079
0.04129150390271474 -> 0.041291503902714743
0.800350102184126 -> 0.8003501021841261
0.864170658236528 -> 0.8641706582365281
0.1919205309788483 -> 0.19192053097884831
0.956765237338912 -> 0.9567652373389119
0.4657789050007414 -> 0.46577890500074137
0.2078710045736578 -> 0.20787100457365781
0.01840392874726904 -> 0.018403928747269038
0.007469466494000931 -> 0.0074694664940009314
0.04680487743046036 -> 0.046804877430460357
0.2344027285678041 -> 0.23440272856780409
0.771131847766584 -> 0.7711318477665841
0.2428119568608368 -> 0.24281195686083679
0.1615296554310547 -> 0.16152965543105469
0.582663917691638 -> 0.5826639176916379
0.646542845791859 -> 0.6465428457918591
0.05239477567039574 -> 0.052394775670395743
0.03653334638595385 -> 0.036533346385953847
0.1814651510522617 -> 0.18146515105226169
0.999472001664442 -> 0.9994720016644419
0.3341979909012118 -> 0.33419799090121183
0.1718860442267547 -> 0.17188604422675469
0.895212160273058 -> 0.8952121602730581
0.602392636228473 -> 0.6023926362284731
0.532230116773243 -> 0.5322301167732429
0.1775698766172603 -> 0.17756987661726031
0.658098373001824 -> 0.6580983730018241
0.768032366744479 -> 0.7680323667444789
0.1489914123462487 -> 0.14899141234624869
0.879637927600392 -> 0.8796379276003919
0.071525918311509 -> 0.07152591831150901
0.531949702879219 -> 0.5319497028792191
0.2771710876388431 -> 0.27717108763884313
0.601075364920096 -> 0.6010753649200959
0.2168447737859064 -> 0.21684477378590639
0.814272072781903 -> 0.8142720727819029
0.057144961825638 -> 0.057144961825637997
0.744483640535544 -> 0.7444836405355439
0.728033905029077 -> 0.7280339050290771
0.4287870485443738 -> 0.42878704854437377
0.2315247212422855 -> 0.23152472124228551
0.741857288486721 -> 0.7418572884867209
0.927018337398893 -> 0.9270183373988931
0.936075501411124 -> 0.9360755014111239
0.16853389733278 -> 0.16853389733278001
0.838402566864276 -> 0.8384025668642761
0.2332919330617962 -> 0.23329193306179619
0.901919650159204 -> 0.9019196501592039
0.1407121085256373 -> 0.14071210852563731
0.3620911486609176 -> 0.36209114866091763
0.3489815510163293 -> 0.34898155101632933
0.936582508114501 -> 0.9365825081145009
0.9995589898576 -> 0.9995589898576001
0.609352224246342 -> 0.6093522242463419
0.550402747786988 -> 0.5504027477869879
0.4532336817799896 -> 0.45323368177998957
0.867282681508247 -> 0.8672826815082471
0.2712107074628545 -> 0.27121070746285447
0.1526504632384693 -> 0.15265046323846931
0.717912989596938 -> 0.7179129895969379
0.928380234445843 -> 0.9283802344458429
0.3752387156529918 -> 0.37523871565299183
0.4980017141769639 -> 0.49800171417696393
0.4608071043093315 -> 0.46080710430933147
0.2421682156550755 -> 0.24216821565507551
0.3070102927253128 -> 0.30701029272531277
0.2652596511248069 -> 0.26525965112480687
0.844035368574584 -> 0.8440353685745841
0.134771421144688 -> 0.13477142114468799
0.2027748845548175 -> 0.20277488455481751
0.521931609079962 -> 0.5219316090799619
0.199524514753203 -> 0.19952451475320299
0.673968227867976 -> 0.6739682278679761
0.3953190883704851 -> 0.39531908837048513
0.85339979799547 -> 0.8533997979954701
0.551073461954041 -> 0.5510734619540411
0.947359222756121 -> 0.9473592227561211
0.566884669016748 -> 0.5668846690167481
0.2794065860495831 -> 0.27940658604958313
0.005410413562192518 -> 0.0054104135621925176
0.742265941773464 -> 0.7422659417734641
0.80119652251515 -> 0.8011965225151499
0.4950800173049483 -> 0.49508001730494833
0.651377356644743 -> 0.6513773566447431
0.688039431017267 -> 0.6880394310172669
0.4867870470439635 -> 0.48678704704396347
0.05258510122729965 -> 0.052585101227299647
0.3752988572624468 -> 0.37529885726244683
0.03976433858303852 -> 0.039764338583038517
0.4261019912393956 -> 0.42610199123939563
0.921087261030964 -> 0.9210872610309641
0.333817946261074 -> 0.33381794626107397
0.1235336363171936 -> 0.12353363631719361
0.795503592939588 -> 0.7955035929395879
0.670749958955907 -> 0.6707499589559071
0.4188970724167074 -> 0.41889707241670737
0.534563351539664 -> 0.5345633515396639
0.732112198679365 -> 0.7321121986793649
0.4532254513868543 -> 0.45322545138685433
0.823913318192457 -> 0.8239133181924569
0.02015338335109562 -> 0.020153383351095622
0.80134193586593 -> 0.8013419358659301
0.89096485468337 -> 0.8909648546833699
0.739896214322807 -> 0.7398962143228071
0.583993406169453 -> 0.5839934061694531
0.954228575071078 -> 0.9542285750710779
0.3117259382487024 -> 0.31172593824870243
0.432570005657994 -> 0.43257000565799397
0.2174625042594064 -> 0.21746250425940639
0.875508380201865 -> 0.8755083802018651
0.2035684141885893 -> 0.20356841418858929
0.3870696770294694 -> 0.38706967702946937
0.781893780965426 -> 0.7818937809654261
0.713290200829165 -> 0.7132902008291651
0.603044515692923 -> 0.6030445156929231
0.592122699303889 -> 0.5921226993038891
0.03908176537511188 -> 0.039081765375111877
0.2397555538062872 -> 0.23975555380628721
0.1165945606491764 -> 0.11659456064917639
0.601498261627121 -> 0.6014982616271209
0.1976937620656639 -> 0.19769376206566391
0.3435174496136639 -> 0.34351744961366393
0.3378725101391232 -> 0.33787251013912323
0.3756326809129166 -> 0.37563268091291657
0.1853192995329941 -> 0.18531929953299409
0.1472844446881343 -> 0.14728444468813429
0.576747332915097 -> 0.5767473329150971
0.2370545601174361 -> 0.23705456011743609
0.4092293081987671 -> 0.40922930819876713
0.524736950352858 -> 0.5247369503528579
0.782334528010523 -> 0.7823345280105229
0.1779215083769944 -> 0.17792150837699439
0.1332616731959647 -> 0.13326167319596471
0.5285078695439 -> 0.5285078695439001
0.739955076078397 -> 0.7399550760783969
0.677468702781512 -> 0.6774687027815121
0.2218983034629778 -> 0.22189830346297779
0.523682990245739 -> 0.5236829902457391
0.1337140312748165 -> 0.13371403127481651
0.9419731548452 -> 0.9419731548451999
0.1696258395474496 -> 0.16962583954744959
0.972716535978218 -> 0.9727165359782181
0.3094420128042564 -> 0.30944201280425643
0.719955182272979 -> 0.7199551822729791
0.3940539471140381 -> 0.39405394711403807
0.2904212421256053 -> 0.29042124212560527
0.526360925775541 -> 0.5263609257755411
0.717326031088728 -> 0.7173260310887279
0.2716378442839745 -> 0.27163784428397453
0.2069297614590382 -> 0.20692976145903819
0.801062451719808 -> 0.8010624517198081
0.4254309485624512 -> 0.42543094856245123
0.2485447869074804 -> 0.24854478690748039
0.657953462670333 -> 0.6579534626703329
0.3495419586583908 -> 0.34954195865839077
0.865806145627043 -> 0.8658061456270429
0.648074332004483 -> 0.6480743320044829
0.05308209841879152 -> 0.053082098418791523
0.587413632548553 -> 0.5874136325485531
0.04706967831609166 -> 0.047069678316091657
0.2509048169837719 -> 0.25090481698377187
0.748633522161331 -> 0.7486335221613311
0.782893700281242 -> 0.7828937002812421
0.0854588707971441 -> 0.08545887079714409
0.1467931801554304 -> 0.14679318015543041
0.915514991278015 -> 0.9155149912780149
0.2266106428977296 -> 0.22661064289772959
0.635661339309814 -> 0.6356613393098141
0.4844405143755873 -> 0.48444051437558733
0.71297507820389 -> 0.7129750782038899
0.03766175058404286 -> 0.037661750584042863
0.642916588006403 -> 0.6429165880064029
0.2489665288190719 -> 0.24896652881907189
0.1846451009877874 -> 0.18464510098778741
0.584037390210634 -> 0.5840373902106341
0.895776733575327 -> 0.8957767335753271
0.2664360517897503 -> 0.26643605178975027
0.79919363578857 -> 0.7991936357885699
0.4486294180857128 -> 0.44862941808571277
0.591685622633288 -> 0.5916856226332881
0.4767945676254636 -> 0.47679456762546357
0.2862870089312263 -> 0.28628700893122627
0.2657405997216227 -> 0.26574059972162267
0.737980158966763 -> 0.7379801589667629
0.563811406837397 -> 0.5638114068373969
0.664238778189918 -> 0.6642387781899181
0.924717895275252 -> 0.9247178952752521
0.377227829960569 -> 0.37722782996056903
0.989375171242939 -> 0.9893751712429391
0.3832770504930402 -> 0.38327705049304017
0.700058862667782 -> 0.7000588626677819
0.671639670768649 -> 0.6716396707686491
0.545125998563531 -> 0.5451259985635309
0.541219528741889 -> 0.5412195287418891
0.2241792127370449 -> 0.22417921273704489
0.1978405425059271 -> 0.19784054250592709
0.3334318424450258 -> 0.33343184244502577
0.4076533930700246 -> 0.40765339307002457
0.2518160155585977 -> 0.25181601555859767
0.1210963133811035 -> 0.12109631338110349
0.4306934880783371 -> 0.43069348807833707
0.608970452228699 -> 0.6089704522286991
0.2376358253706813 -> 0.23763582537068129
0.0829260156651992 -> 0.08292601566519919
0.05363088409192018 -> 0.053630884091920183
0.0338276487006729 -> 0.033827648700672897
0.1379256937773886 -> 0.13792569377738861
0.508203527220286 -> 0.5082035272202861
0.4112540736413344 -> 0.41125407364133437
0.2487959328054795 -> 0.24879593280547951
0.3809484732661855 -> 0.38094847326618553
0.4892649027853124 -> 0.48926490278531243
0.02732434214261459 -> 0.027324342142614588
0.04554642986700164 -> 0.045546429867001637
0.97078132589242 -> 0.9707813258924201
0.6584841741104 -> 0.6584841741103999
0.2493915774982257 -> 0.24939157749822571
0.2504821475565083 -> 0.25048214755650833
0.2278393508081238 -> 0.22783935080812379
0.0934541078833434 -> 0.09345410788334341
0.2647153338845393 -> 0.26471533388453927
0.4827259988750843 -> 0.48272599887508427
0.978497451383534 -> 0.9784974513835339
0.521455622371576 -> 0.5214556223715761
0.63127634585122 -> 0.6312763458512201
0.167618465572257 -> 0.16761846557225701
0.2720995283799372 -> 0.27209952837993723
0.2616296457573348 -> 0.26162964575733483
0.79063219511235 -> 0.7906321951123499
0.03592257694954459 -> 0.035922576949544593
0.541651658088596 -> 0.5416516580885961
0.01750565816289462 -> 0.017505658162894622
0.2782176749733207 -> 0.27821767497332073
0.3861845316701705 -> 0.38618453167017053
0.691974107979969 -> 0.6919741079799691
0.126572184631477 -> 0.12657218463147701
0.856872086178809 -> 0.8568720861788089
0.698659222291171 -> 0.6986592222911709
0.560377512741632 -> 0.5603775127416319
0.708660714217831 -> 0.7086607142178309
0.2759319644916087 -> 0.27593196449160873
0.578696576343739 -> 0.5786965763437391
0.2922011450389497 -> 0.29220114503894967
0.666111852849051 -> 0.6661118528490509
0.257600003985789 -> 0.25760000398578897
0.0994400300118694 -> 0.09944003001186941
0.582627039512222 -> 0.5826270395122219
0.606678367688469 -> 0.6066783676884689
0.920291771203747 -> 0.9202917712037471
0.670854645288745 -> 0.6708546452887451
0.651815625511662 -> 0.6518156255116619
0.844010050850658 -> 0.8440100508506579
0.571931105073126 -> 0.5719311050731259
0.75678561253144 -> 0.7567856125314401
0.3814569202616582 -> 0.38145692026165823
0.1090283054742388 -> 0.10902830547423881
0.3311363621961185 -> 0.33113636219611853
0.767499324247713 -> 0.7674993242477131
0.990005218836778 -> 0.9900052188367779
0.896443807978272 -> 0.8964438079782719
0.819565352267072 -> 0.8195653522670719
0.933601428727797 -> 0.9336014287277969
0.0885894545929704 -> 0.08858945459297041
0.1412825014881849 -> 0.14128250148818489
0.2227606817786595 -> 0.22276068177865949
0.4660867995340017 -> 0.46608679953400167
0.4290998267943055 -> 0.42909982679430547
0.4413503655814561 -> 0.44135036558145613
0.2309542628846286 -> 0.23095426288462861
0.577781472505909 -> 0.5777814725059091
0.672762241807424 -> 0.6727622418074241
0.4085764716533343 -> 0.40857647165333433
0.831218556037223 -> 0.8312185560372231
0.777238409055863 -> 0.7772384090558631
0.1633559224381642 -> 0.16335592243816421
0.98048209893735 -> 0.9804820989373501
0.3165438708573102 -> 0.31654387085731017
0.1180069373195669 -> 0.11800693731956691
0.2258708413738547 -> 0.22587084137385471
0.641072199407901 -> 0.6410721994079011
0.0669858515391848 -> 0.06698585153918479
0.2114531037977916 -> 0.21145310379779159
0.4379526597230258 -> 0.43795265972302577
0.592546878838002 -> 0.5925468788380019
0.1342989098166847 -> 0.13429890981668469
0.118902473144062 -> 0.11890247314406199
0.3986235319279334 -> 0.39862353192793343
0.1786757200036415 -> 0.17867572000364151
0.634580270431158 -> 0.6345802704311579
0.505989383623 -> 0.5059893836230001
0.997794783777951 -> 0.9977947837779511
0.1451920417594703 -> 0.14519204175947031
0.686667385977416 -> 0.6866673859774159
0.789171306756488 -> 0.7891713067564879
0.978814267003909 -> 0.9788142670039091
0.684476713382627 -> 0.6844767133826269
0.873705690360914 -> 0.8737056903609139
0.781598044481359 -> 0.7815980444813589
0.627397965351775 -> 0.6273979653517751
0.988935389998226 -> 0.9889353899982261
0.03907749545814709 -> 0.039077495458147093
0.7716129253947 -> 0.7716129253947001
0.140619825514381 -> 0.14061982551438101
0.929613571046011 -> 0.9296135710460109
0.612116740807991 -> 0.6121167408079911
0.656926183133204 -> 0.6569261831332039
0.05033479463028823 -> 0.050334794630288227
0.664474634642716 -> 0.6644746346427161
0.638491357266116 -> 0.6384913572661161
0.984829539158598 -> 0.9848295391585981
0.3468030057517206 -> 0.34680300575172063
0.705037906155423 -> 0.7050379061554231
0.681930072202588 -> 0.6819300722025879
0.639099195869754 -> 0.6390991958697541
0.540753158526249 -> 0.5407531585262489
0.775366084362273 -> 0.7753660843622729
0.0405848572566514 -> 0.040584857256651397
0.138000700522507 -> 0.13800070052250701
0.532196816202889 -> 0.5321968162028889
0.532448676630425 -> 0.5324486766304251
0.2806560595161742 -> 0.28065605951617423
0.2357995290103614 -> 0.23579952901036139
0.600758357464449 -> 0.6007583574644491
0.876236002535628 -> 0.8762360025356279
0.4948570457651498 -> 0.49485704576514977
0.03959708977931908 -> 0.039597089779319083
0.1896882732451073 -> 0.18968827324510729
0.01394367635560012 -> 0.013943676355600121
0.878907874450158 -> 0.8789078744501581
0.05442772861105016 -> 0.054427728611050163
0.921018485742435 -> 0.9210184857424349
0.646983860695794 -> 0.6469838606957941
0.01574714552598999 -> 0.015747145525989992
0.410205766729936 -> 0.41020576672993603
0.3625994556970423 -> 0.36259945569704233
0.4520485237456979 -> 0.45204852374569793
0.981587042251788 -> 0.9815870422517879
0.552782711941395 -> 0.5527827119413951
0.258109136996895 -> 0.25810913699689497
0.03634336687207829 -> 0.036343366872078287
0.03442174481565052 -> 0.034421744815650523
0.849861968702115 -> 0.8498619687021149
0.2262122206746323 -> 0.22621222067463231
0.685220998998122 -> 0.6852209989981221
0.992986169211101 -> 0.9929861692111011
0.1943032247441734 -> 0.19430322474417339
0.569071001995407 -> 0.5690710019954071
0.930869735266664 -> 0.9308697352666639
0.4316763673362011 -> 0.43167636733620107
0.835873315241977 -> 0.8358733152419771
0.1517992262154889 -> 0.15179922621548891
0.2487149595269912 -> 0.24871495952699119
0.3097856662188124 -> 0.30978566621881243
0.991949136205241 -> 0.9919491362052411
0.990095196426307 -> 0.9900951964263069
0.519787460889441 -> 0.5197874608894411
0.691776123455142 -> 0.6917761234551419
0.822813644942681 -> 0.8228136449426811
0.0822288674036823 -> 0.08222886740368229
0.4679499836624261 -> 0.46794998366242613
0.03966261248735636 -> 0.039662612487356363
0.332650690003749 -> 0.33265069000374903
0.732863272911149 -> 0.7328632729111491
0.2728170426460442 -> 0.27281704264604423
0.854551781859963 -> 0.8545517818599631
0.2399272376678835 -> 0.23992723766788349
0.4043287705668345 -> 0.40432877056683447
0.4080844959380657 -> 0.40808449593806573
0.369890133158119 -> 0.36989013315811903
0.407416414744423 -> 0.40741641474442303
0.03088362223399377 -> 0.030883622233993768
0.526138964464476 -> 0.5261389644644761
0.007325067567451216 -> 0.0073250675674512156
0.89207193152948 -> 0.8920719315294799
0.861364641447321 -> 0.8613646414473209
0.05724782097141368 -> 0.057247820971413677
0.980499650992603 -> 0.9804996509926029
0.1823810383775505 -> 0.18238103837755049
0.1936190582781636 -> 0.19361905827816361
0.76540195432343 -> 0.7654019543234299
0.889771676481036 -> 0.8897716764810359
0.3713195452380674 -> 0.37131954523806743
0.1953759480753159 -> 0.19537594807531589
0.03410089802216432 -> 0.034100898022164317
0.2158036951089395 -> 0.21580369510893949
0.551597363718834 -> 0.5515973637188341
0.0900031082525432 -> 0.09000310825254321
0.1916591710895479 -> 0.19165917108954789
0.03432997325635034 -> 0.034329973256350343
0.2964554154099798 -> 0.29645541540997977
0.0715287064873198 -> 0.07152870648731979
0.956803452849531 -> 0.9568034528495311
0.03126261179823853 -> 0.031262611798238527
0.945725268104395 -> 0.9457252681043949
0.1567891330089176 -> 0.15678913300891761
0.569565714637498 -> 0.5695657146374981
0.919391291967322 -> 0.9193912919673221
0.1350458114138713 -> 0.13504581141387129
0.33473052253867 -> 0.33473052253866997
0.626868025730764 -> 0.6268680257307639
0.2772031224418188 -> 0.27720312244181877
0.3499650365518924 -> 0.34996503655189237
0.989075715580296 -> 0.9890757155802961
0.2043544591099168 -> 0.20435445910991679
0.3651465491157109 -> 0.36514654911571087
0.681837313372539 -> 0.6818373133725389
0.648246709656566 -> 0.6482467096565659
0.819130000360415 -> 0.8191300003604149
0.1101302005261885 -> 0.11013020052618849
0.1250659681306623 -> 0.12506596813066229
0.874108226505177 -> 0.8741082265051771
0.04552313274229269 -> 0.045523132742292693
0.2097598545051821 -> 0.20975985450518209
0.3731728309290612 -> 0.37317283092906117
0.3183245717180265 -> 0.31832457171802653
0.2660006743196556 -> 0.26600067431965557
0.0895205784392702 -> 0.08952057843927019
0.730912989887538 -> 0.7309129898875379
0.3525722604124574 -> 0.35257226041245737
0.968117597567762 -> 0.9681175975677619
0.773754083215277 -> 0.7737540832152771
0.2840308673700844 -> 0.28403086737008443
0.4344674713269083 -> 0.43446747132690833
0.814906134710148 -> 0.8149061347101479
0.580548572934453 -> 0.5805485729344531
0.948786148430317 -> 0.9487861484303169
0.4713004949285097 -> 0.47130049492850967
0.04438506816334176 -> 0.044385068163341757
0.3917223470731446 -> 0.39172234707314457
0.586911165606745 -> 0.5869111656067449
0.2520296139816601 -> 0.25202961398166013
0.3864669602596775 -> 0.38646696025967753
0.68582633869838 -> 0.6858263386983799
0.04904832902776168 -> 0.049048329027761683
0.776486241559252 -> 0.7764862415592521
0.459593214687571 -> 0.45959321468757097
0.979132582449666 -> 0.9791325824496659
0.2300927676886 -> 0.23009276768859999
0.991033803299117 -> 0.9910338032991171
0.05604636109634498 -> 0.056046361096344977
0.0498700235637165 -> 0.049870023563716503
0.1889990473240135 -> 0.18899904732401351
0.2724111820491045 -> 0.27241118204910453
0.874619543228981 -> 0.8746195432289809
0.666235524022115 -> 0.6662355240221151
0.972202801537909 -> 0.9722028015379089
0.577103490829109 -> 0.5771034908291089
0.796276713064969 -> 0.7962767130649691
0.3396373310552461 -> 0.33963733105524607
0.997623443871894 -> 0.9976234438718939
0.840022908572089 -> 0.8400229085720891
0.751631198044658 -> 0.7516311980446581
0.4293137222816025 -> 0.42931372228160247
0.845317615298461 -> 0.8453176152984609
0.62139343275483 -> 0.6213934327548301
0.685021785710274 -> 0.6850217857102739
0.609150977536492 -> 0.6091509775364921
0.1397665253428617 -> 0.13976652534286171
0.952167641338518 -> 0.9521676413385179
0.754983229413348 -> 0.7549832294133479
0.4342081326398676 -> 0.43420813263986757
0.005982790966220342 -> 0.0059827909662203416
0.06065015976099963 -> 0.060650159760999633
0.1521519191427224 -> 0.15215191914272241
0.700687658482192 -> 0.7006876584821921
0.3912325879599097 -> 0.39123258795990967
0.76302890002439 -> 0.7630289000243901
0.4441649699173221 -> 0.44416496991732213
0.04445699773958545 -> 0.044456997739585447
0.4766363901681199 -> 0.47663639016811987
0.4357449806283408 -> 0.43574498062834077
0.03190178547030997 -> 0.031901785470309973
0.04935188211669728 -> 0.049351882116697277
0.4559034951290519 -> 0.45590349512905193
0.814876765594926 -> 0.8148767655949259
0.05948786282327179 -> 0.059487862823271787
0.2480292246356781 -> 0.24802922463567811
0.2903796480596397 -> 0.29037964805963967
0.3927526970970108 -> 0.39275269709701077
0.4644926729687264 -> 0.46449267296872643
0.507817418674054 -> 0.5078174186740541
0.2322855525791616 -> 0.23228555257916161
0.04995177685508723 -> 0.049951776855087227
0.840420786213463 -> 0.8404207862134629
0.508846046978152 -> 0.5088460469781519
0.0528705000929004 -> 0.052870500092900397
0.4237954573469149 -> 0.42379545734691493
0.007616368644421168 -> 0.0076163686444211676
0.801338604260803 -> 0.8013386042608029
0.0088779216570527 -> 0.008877921657052701
0.1585659197463858 -> 0.15856591974638579
0.0093772912594825 -> 0.009377291259482501
0.309291099153679 -> 0.30929109915367903
0.163602312638347 -> 0.16360231263834701
0.4353485036855613 -> 0.43534850368556133
0.505789869251488 -> 0.5057898692514879
0.3956127688755742 -> 0.39561276887557417
0.2037432241185234 -> 0.20374322411852341
0.790842250823032 -> 0.7908422508230319
0.768436038420306 -> 0.7684360384203059
0.4552879657808864 -> 0.45528796578088637
0.4146014198733112 -> 0.41460141987331123
0.3978003337743167 -> 0.39780033377431667
0.548117388568302 -> 0.5481173885683021
0.2250056080787355 -> 0.22500560807873549
0.641830547516617 -> 0.6418305475166169
0.1460898602126217 -> 0.14608986021262171
0.3232058368342485 -> 0.32320583683424853
0.811664116485247 -> 0.8116641164852469
0.1982902276077705 -> 0.19829022760777049
0.847461533823405 -> 0.8474615338234051
0.856610653506858 -> 0.8566106535068581
0.381946333586101 -> 0.38194633358610097
0.05918032677023621 -> 0.059180326770236213
0.4085739158928198 -> 0.40857391589281977
0.768278924283122 -> 0.7682789242831219
0.958723925959515 -> 0.9587239259595151
0.333074363977408 -> 0.33307436397740797
0.005649446008610282 -> 0.0056494460086102816
0.513096268595228 -> 0.5130962685952279
0.67433270621725 -> 0.6743327062172501
0.2029069842394743 -> 0.20290698423947429
0.756275683827695 -> 0.7562756838276951
0.894697697877539 -> 0.8946976978775391
0.0929417811441604 -> 0.09294178114416041
0.1903232441854147 -> 0.19032324418541469
0.3817113768274982 -> 0.38171137682749823
0.895787476838731 -> 0.8957874768387309
0.978419404803963 -> 0.9784194048039631
0.584452751886888 -> 0.5844527518868879
0.154272387245855 -> 0.15427238724585501
0.57132862138196 -> 0.5713286213819599
0.3659044910170344 -> 0.36590449101703437
0.04344689146731762 -> 0.043446891467317617
0.440447097124643 -> 0.44044709712464303
0.1717717174452459 -> 0.17177171744524589
0.4750774127690435 -> 0.47507741276904347
0.3428372287405482 -> 0.34283722874054823
0.421049820818685 -> 0.42104982081868503
0.645246684237543 -> 0.6452466842375429
0.54642666170227 -> 0.5464266617022699
0.878449717690373 -> 0.8784497176903731
0.676944848325227 -> 0.6769448483252271
0.672989964054376 -> 0.6729899640543761
0.02159813480909001 -> 0.021598134809090008
0.2428555301435774 -> 0.24285553014357741
0.629473760095487 -> 0.6294737600954869
0.539841017289656 -> 0.5398410172896561
0.1993107277397589 -> 0.19931072773975889
0.502400896106937 -> 0.5024008961069369
0.783563289477545 -> 0.7835632894775451
0.02999075527939765 -> 0.029990755279397652
0.1310171735755674 -> 0.13101717357556741
0.03552747147313828 -> 0.035527471473138283
0.775535048910517 -> 0.7755350489105171
0.1659170644380734 -> 0.16591706443807341
0.02962789923906828 -> 0.029627899239068278
0.948526889831177 -> 0.9485268898311769
0.62216557447991 -> 0.6221655744799101
0.92262202993379 -> 0.9226220299337901
0.4762642303734895 -> 0.47626423037348953
0.758527653179701 -> 0.7585276531797009
0.4244484991048805 -> 0.42444849910488047
0.883488193328617 -> 0.8834881933286171
0.4443875223663106 -> 0.44438752236631063
0.2890002118356437 -> 0.28900021183564373
0.998389021792705 -> 0.9983890217927049
0.4193835660176988 -> 0.41938356601769877
0.1532807512430545 -> 0.15328075124305451
0.721511952786902 -> 0.7215119527869021
0.631474546074206 -> 0.6314745460742059
0.835501491890629 -> 0.8355014918906289
0.4514733218068748 -> 0.45147332180687483
0.3250793970426821 -> 0.32507939704268207
0.534451076762888 -> 0.5344510767628881
0.2389692525211322 -> 0.23896925252113221
0.921496860256173 -> 0.9214968602561729
0.0645994574411295 -> 0.06459945744112949
0.978219027934843 -> 0.9782190279348431
0.686767079955866 -> 0.6867670799558661
0.3493246029888811 -> 0.34932460298888113
0.801674329189002 -> 0.8016743291890021
0.785496851358157 -> 0.7854968513581571
0.0799189335619006 -> 0.07991893356190061
0.809895328025173 -> 0.8098953280251729
0.659343198602309 -> 0.6593431986023091
0.975521922060058 -> 0.9755219220600581
0.833578765215994 -> 0.8335787652159941
0.04891067127040594 -> 0.048910671270405937
0.712199582253565 -> 0.7121995822535649
0.1819289129372441 -> 0.18192891293724411
0.413549788036464 -> 0.41354978803646403
0.4365628859835817 -> 0.43656288598358173
0.376845261233237 -> 0.37684526123323703
0.513057624937793 -> 0.5130576249377931
0.718464015767941 -> 0.7184640157679411
0.02605911901845759 -> 0.026059119018457588
0.827676634281932 -> 0.8276766342819321
0.3218477477966111 -> 0.32184774779661107
0.4168279832357977 -> 0.41682798323579773
0.782324925237947 -> 0.7823249252379471
0.4389551991421832 -> 0.43895519914218317
0.959559959283177 -> 0.9595599592831771
0.1056259476533652 -> 0.10562594765336519
0.60021451727906 -> 0.6002145172790599
0.871101222619241 -> 0.8711012226192409
0.0678578196622679 -> 0.06785781966226789
0.1643657818955402 -> 0.16436578189554019
0.4337571433599893 -> 0.43375714335998927
0.652027677215613 -> 0.6520276772156131
0.755757429931391 -> 0.7557574299313909
0.588668820421479 -> 0.5886688204214791
0.1581389347390285 -> 0.15813893473902851
0.4412680330817981 -> 0.44126803308179807
0.722473282517963 -> 0.7224732825179629
0.871063422036154 -> 0.8710634220361539
0.3451850283192405 -> 0.34518502831924047
0.04752437861767023 -> 0.047524378617670227
0.722568430100268 -> 0.7225684301002681
0.748835554347624 -> 0.7488355543476241
0.2399613193442761 -> 0.23996131934427611
0.515227457949404 -> 0.5152274579494041
0.657200419370013 -> 0.6572004193700129
0.3125921993111552 -> 0.31259219931115523
0.4667597349966289 -> 0.46675973499662893
0.4210021213072557 -> 0.42100212130725567
0.2276316203005221 -> 0.22763162030052209
0.1427874294685091 -> 0.14278742946850909
0.860472355398958 -> 0.8604723553989581
0.821148386486171 -> 0.8211483864861709
0.901691655280839 -> 0.9016916552808391
0.4410971862450003 -> 0.44109718624500027
0.3193228302835526 -> 0.31932283028355257
0.2686330216795976 -> 0.26863302167959757
0.1318162497886015 -> 0.13181624978860151
0.881442195452041 -> 0.8814421954520411
0.827387177754559 -> 0.8273871777545589
0.1917346610903332 -> 0.19173466109033321
0.1855871588236052 -> 0.18558715882360521
0.2380735372356272 -> 0.23807353723562719
0.581604919726531 -> 0.5816049197265309
0.2777600675137121 -> 0.27776006751371207
0.853083173849915 -> 0.8530831738499151
0.1803106611116677 -> 0.18031066111166771
0.624875191709305 -> 0.6248751917093049
0.921815716210795 -> 0.9218157162107951
0.4481398156609048 -> 0.44813981566090477
0.4277051730230714 -> 0.42770517302307143
0.858181196961671 -> 0.8581811969616709
0.877341315336089 -> 0.8773413153360889
0.728357054700911 -> 0.7283570547009111
0.837198501334876 -> 0.8371985013348761
0.05650497007844291 -> 0.056504970078442907
0.558664200595756 -> 0.5586642005957561
0.799922418975826 -> 0.7999224189758261
0.1798641702123044 -> 0.17986417021230439
0.3014362351125702 -> 0.30143623511257023
0.923857944796385 -> 0.9238579447963851
0.0967190999688382 -> 0.09671909996883821
0.620671285621544 -> 0.6206712856215441
0.711684991239316 -> 0.7116849912393159
0.805098550091845 -> 0.8050985500918451
0.0634429360711165 -> 0.06344293607111651
0.777550632379508 -> 0.7775506323795081
0.01096541191126743 -> 0.010965411911267431
0.4717961283383241 -> 0.47179612833832407
0.664574079403702 -> 0.6645740794037019
0.03839306185156122 -> 0.038393061851561217
0.749620772924459 -> 0.7496207729244589
0.502045363943251 -> 0.5020453639432511
0.590217780136921 -> 0.5902177801369211
0.819889121500397 -> 0.8198891215003969
0.03451306099104667 -> 0.034513060991046673
0.770605858469186 -> 0.7706058584691859
0.2065194457992756 -> 0.20651944579927561
0.770497372927544 -> 0.7704973729275441
0.830212854824738 -> 0.8302128548247379
0.649209355415236 -> 0.6492093554152359
0.522526900173302 -> 0.5225269001733019
0.511521864225361 -> 0.5115218642253609
0.539639430836445 -> 0.5396394308364451
0.719060108669275 -> 0.7190601086692751
0.943421438292462 -> 0.9434214382924619
0.2735281375077179 -> 0.27352813750771787
0.4932013756740041 -> 0.49320137567400413
0.2425678340351307 -> 0.24256783403513071
0.560806329169314 -> 0.5608063291693141
0.2149437993024471 -> 0.21494379930244711
0.724322160565466 -> 0.7243221605654659
0.648864612413872 -> 0.6488646124138721
0.03349119099551345 -> 0.033491190995513453
0.639010179023698 -> 0.6390101790236981
0.342625119352127 -> 0.34262511935212703
0.540555348896748 -> 0.5405553488967479
0.971069984762923 -> 0.9710699847629231
0.886756605096715 -> 0.8867566050967149
0.0854518589144262 -> 0.08545185891442619
0.626165325578179 -> 0.6261653255781791
0.330375735021361 -> 0.33037573502136097
0.756771140332893 -> 0.7567711403328931
0.3120543951847288 -> 0.31205439518472877
0.543332732247299 -> 0.5433327322472991
0.0394571603617998 -> 0.039457160361799803
0.748241496516519 -> 0.7482414965165189
0.136590497522578 -> 0.13659049752257801
0.919289127269522 -> 0.9192891272695221
0.1333240862534706 -> 0.13332408625347059
0.522502254766467 -> 0.5225022547664669
0.672005749993904 -> 0.6720057499939039
0.825692649162796 -> 0.8256926491627961
0.1510617115868471 -> 0.15106171158684711
0.788552925820105 -> 0.7885529258201051
0.05289960410215944 -> 0.052899604102159437
0.506234730613285 -> 0.5062347306132849
0.4417616699193814 -> 0.44176166991938137
0.1062217986990679 -> 0.10622179869906789
0.1931618034322964 -> 0.19316180343229639
0.3908133294795543 -> 0.39081332947955427
0.983944540985006 -> 0.9839445409850061
0.565530895241873 -> 0.5655308952418731
0.696988793020274 -> 0.6969887930202739
0.699400658133219 -> 0.6994006581332191
0.575267167395557 -> 0.5752671673955571
0.4743965304644365 -> 0.47439653046443653
0.970834016361037 -> 0.9708340163610371
0.625747436555184 -> 0.6257474365551839
0.678583609027334 -> 0.6785836090273339
0.2249975726244655 -> 0.22499757262446551
0.1600382703446631 -> 0.16003827034466311
0.852279250358356 -> 0.8522792503583561
0.2431889286268306 -> 0.24318892862683061
0.592877978919852 -> 0.5928779789198519
0.2269274819112823 -> 0.22692748191128231
0.215534991136779 -> 0.21553499113677899
0.783193358427483 -> 0.7831933584274831
0.2744032325849525 -> 0.27440323258495247
0.84292577686497 -> 0.8429257768649699
0.620180029522789 -> 0.6201800295227889
0.740976030371645 -> 0.7409760303716449
0.678721867455576 -> 0.6787218674555759
0.1264128708084684 -> 0.12641287080846841
0.63904306940326 -> 0.6390430694032599
0.4610057752024527 -> 0.46100577520245267
0.00859963957180676 -> 0.008599639571806761
0.4325372126661228 -> 0.43253721266612277
0.690524130479998 -> 0.6905241304799981
0.807397525859123 -> 0.8073975258591231
0.2075356498517512 -> 0.20753564985175121
0.4168499436883705 -> 0.41684994368837047
0.05087209604502008 -> 0.050872096045020077
0.3062777387700997 -> 0.30627773877009967
0.3023454098772623 -> 0.30234540987726233
0.500494908168232 -> 0.5004949081682319
0.2373940554071685 -> 0.23739405540716851
0.576021601599985 -> 0.5760216015999849
0.763253091799382 -> 0.7632530917993821
0.2737698382245147 -> 0.27376983822451473
0.680158619734407 -> 0.6801586197344071
0.06224306320435136 -> 0.062243063204351357
0.522965310961856 -> 0.5229653109618559
0.01268738385579704 -> 0.012687383855797041
0.3127414763120899 -> 0.31274147631208993
0.92710580132407 -> 0.9271058013240699
0.4009366373908059 -> 0.40093663739080587
0.601477089895813 -> 0.6014770898958131
0.4259298147822351 -> 0.42592981478223513
0.3296698885218107 -> 0.32966988852181067
0.549509347170202 -> 0.5495093471702019
0.1282920413073909 -> 0.12829204130739091
0.736651820533544 -> 0.7366518205335441
0.2389016943090536 -> 0.23890169430905361
0.2429577263120586 -> 0.24295772631205859
0.903828206616134 -> 0.9038282066161339
0.3038017963023599 -> 0.30380179630235993
0.504539249211926 -> 0.5045392492119261
0.3526007875061343 -> 0.35260078750613433
0.1338017062606668 -> 0.13380170626066679
0.1370080209369232 -> 0.13700802093692321
0.1698383855633918 -> 0.16983838556339181
0.673212241128263 -> 0.6732122411282629
0.3588886138149395 -> 0.35888861381493953
0.535248893349415 -> 0.5352488933494149
0.589995637501115 -> 0.5899956375011149
0.693014596169024 -> 0.6930145961690241
0.582275935833309 -> 0.5822759358333091
0.245892824322563 -> 0.24589282432256299
0.3717812251790861 -> 0.37178122517908607
0.1616232228552653 -> 0.16162322285526531
0.574837806194681 -> 0.5748378061946809
0.1304985979550045 -> 0.13049859795500451
0.300659255280012 -> 0.30065925528001203
0.01159436972257022 -> 0.011594369722570219
0.3100439227062253 -> 0.31004392270622527
0.00867507221240127 -> 0.008675072212401269
0.3274757628174432 -> 0.32747576281744317
0.1448526541522034 -> 0.14485265415220339
0.2091921279967872 -> 0.20919212799678721
0.4826371315187514 -> 0.48263713151875143
0.837292253540942 -> 0.8372922535409421
0.0500179320924562 -> 0.050017932092456197
0.0807285508949055 -> 0.08072855089490549
0.420471739544966 -> 0.42047173954496597
0.807652901063522 -> 0.8076529010635221
0.888061872263259 -> 0.8880618722632589
0.578779133164046 -> 0.5787791331640459
0.400812616811104 -> 0.40081261681110403
0.679953270563251 -> 0.6799532705632511
0.690866984575012 -> 0.6908669845750121
0.53596346998812 -> 0.5359634699881199
0.2666569479872338 -> 0.26665694798723383
0.2262821175286268 -> 0.22628211752862681
0.674041582223252 -> 0.6740415822232519
0.125853712488583 -> 0.12585371248858301
0.1015207931048192 -> 0.10152079310481921
0.742205811531296 -> 0.7422058115312959
0.0432073884052625 -> 0.043207388405262503
0.978968042425925 -> 0.9789680424259249
0.55317898100349 -> 0.5531789810034899
0.202998657454716 -> 0.20299865745471601
0.562799414689582 -> 0.5627994146895819
0.571562966272882 -> 0.5715629662728819
0.1781775602400857 -> 0.17817756024008569
0.831989582929964 -> 0.8319895829299641
0.912159026327167 -> 0.9121590263271671
0.690297431747043 -> 0.6902974317470431
0.1943596169957129 -> 0.19435961699571291
0.626135591794932 -> 0.6261355917949319
0.882291220141665 -> 0.8822912201416649
0.04159292043495166 -> 0.041592920434951663
0.03720915899192501 -> 0.037209158991925007
0.2003556831321852 -> 0.20035568313218521
0.03623969588106268 -> 0.036239695881062683
0.3278380274136313 -> 0.32783802741363133
0.005161285780102554 -> 0.0051612857801025536
0.3380727199537715 -> 0.33807271995377153
0.268250703708346 -> 0.26825070370834603
0.737839258196545 -> 0.7378392581965449
0.1873119055913295 -> 0.18731190559132949
0.06080155494733663 -> 0.060801554947336633
0.90407735974747 -> 0.9040773597474701
0.2179336596255287 -> 0.21793365962552869
0.823282855055745 -> 0.8232828550557451
0.4060213669214707 -> 0.40602136692147073
0.508243050402231 -> 0.5082430504022309
0.03163374900369453 -> 0.031633749003694533
0.249237851984507 -> 0.24923785198450699
0.614775603218986 -> 0.6147756032189861
0.3995586988576387 -> 0.39955869885763873
0.832082304133202 -> 0.8320823041332021
0.04628103375069215 -> 0.046281033750692147
0.803392741993116 -> 0.8033927419931161
0.3535648114004942 -> 0.35356481140049423
0.57654712238486 -> 0.5765471223848599
0.723794089183389 -> 0.7237940891833889
0.1777665963907301 -> 0.17776659639073011
0.200378951082699 -> 0.20037895108269899
0.3022682174407402 -> 0.30226821744074017
0.709842615648622 -> 0.7098426156486221
0.3717303074550177 -> 0.37173030745501767
0.3967855151278393 -> 0.39678551512783933
0.799504396192319 -> 0.7995043961923189
0.4139585016333375 -> 0.41395850163333747
0.04399980033306106 -> 0.043999800333061057
0.1889144838230188 -> 0.18891448382301879
0.0841197573711936 -> 0.08411975737119359
0.4964970431182055 -> 0.49649704311820553
0.872702565970152 -> 0.8727025659701521
0.04841717070744345 -> 0.048417170707443447
0.816354504567327 -> 0.8163545045673271
0.2156463115217193 -> 0.21564631152171931
0.847040554579019 -> 0.8470405545790189
0.3397670439401205 -> 0.33976704394012047
0.1016867549102679 -> 0.10168675491026791
0.3011397764358619 -> 0.30113977643586187
0.4299500740837571 -> 0.42995007408375707
0.3032988766967534 -> 0.30329887669675337
0.03572878883093367 -> 0.035728788830933667
0.505725561273974 -> 0.5057255612739739
0.957166495571595 -> 0.9571664955715951
0.4626353391155896 -> 0.46263533911558963
0.4531427911832486 -> 0.45314279118324863
0.69511570777435 -> 0.6951157077743499
0.2938037173540822 -> 0.29380371735408217
0.647136771891133 -> 0.6471367718911329
0.1283460162631508 -> 0.12834601626315079
0.73541352299835 -> 0.7354135229983501
0.1537962771430018 -> 0.15379627714300181
0.2921048726799855 -> 0.29210487267998553
diff type $, left class java.util.Collections$SingletonMap, right class java.util.Collections$EmptyMap
diff map size $, left 1, right 0, com.alibaba.fastjson2.JSONObject
diff collection size $, left 1, right 0
diff collection size $, left 0, right 1
diff value $, left abc, right aac
diff type $.a, right is null, left class class java.lang.String
diff map $, java.util.Collections$SingletonMap
diff value $, left 1, right 2
diff value $.id, left 1, right 2
diff object $, class null
diff value $.value, left a, right b
diff object $, class null
diff value $.value, left ab, right b
diff object $, class null
diff value $.value, left ab, right ac
diff object $, class null
diff type $.value, right is null, left class class java.lang.String
diff object $, class null
diff type $.value, left is null, right class class java.lang.String
diff object $, class null
diff compare $, class jrt:/java.base/java/lang/String.class
diff array compare $, class null
diff sortedMap compare map $, class jrt:/java.base/java/util/LinkedHashMap.class
diff compare $, class null
d00000c00004e
78
12
13
{1},
{10},
{100},
{1000},
{10000},
{100000},
{1000000},
{10000000},
{100000000},
{1000000000},
{2, 1410065408},
{23, 1215752192},
{232, -727379968},
{2328, 1316134912},
{23283, 276447232},
{232830, -1530494976},
{2328306, 1874919424},
{23283064, 1569325056},
{232830643, -1486618624},
{-1966660860, -1981284352},
{5, 1808227885, 1661992960},
{54, 902409669, -559939584},
{542, 434162106, -1304428544},
{5421, 46653770, -159383552},
{54210, 466537709, -1593835520},
{542101, 370409800, 1241513984},
{5421010, -590869294, -469762048},
{54210108, -1613725636, -402653184},
{542101086, 1042612833, 268435456},
{1, 1126043566, 1836193738, -1610612736},
{12, -1624466224, 1182068202, 1073741824},
{126, 935206946, -1064219866, -2147483648},
{1262, 762134875, -2052264063, 0},
{12621, -968585837, 952195850, 0},
{126217, -1095923776, 932023908, 0},
{1262177, 1925664130, 730304488, 0},
{12621774, 2076772117, -1286889712, 0},
{126217744, -707115303, 16004768, 0},
{1262177448, 1518781562, 160047680, 0},
{2, -263127405, -1992053564, 1600476800, 0},
{29, 1663693251, 1554300843, -1175101184, 0},
{293, -542936671, -1636860747, 1133890048, 0},
{2938, -1134399408, 811261716, -1546001408, 0},
{29387, 1540907809, -477317426, 1719855104, 0},
{293873, -1770791086, -478206960, 18681856, 0},
{2938735, -528041668, -487102304, 186818560, 0},
{29387358, -985449376, -576055744, 1868185600, 0},
{293873587, -1264559160, -1465590140, 1501986816, 0},
{-1356231419, 239310294, -1770999509, 2134966272, 0},
{6, -677412302, -1901864351, -530125902, -125173760, 0},
{68, 1815811577, -1838774318, -1006291715, -1251737600, 0},
{684, 978246591, -1207873989, -1472982551, 367525888, 0},
{6842, 1192531325, 806162004, -1844923622, -619708416, 0},
{68422, -959588637, -528314547, -1269367028, -1902116864, 0},
{684227, -1005951770, -988178167, 191231613, -1841299456, 0},
{6842277, -1469583101, -1291847078, 1912316135, -1233125376, 0},
{68422776, -1810929116, -33568888, 1943292173, 553648128, 0},
{684227765, -929421967, -335688876, -2041914749, 1241513984, 0},
{1, -1747656935, -704285069, 938078541, 1055688992, -469762048, 0},
{15, -296700158, 1547083904, 790850820, 1966955336, -402653184, 0},
{159, 1327965719, -1709030143, -681426388, -1805283111, 268435456, 0},
{1593, 394755308, 89567762, 1775670717, -872961926, -1610612736, 0},
{15930, -347414216, 895677624, 576837993, -139684662, 1073741824, 0},
{159309, 820825138, 366841649, 1473412643, -1396846618, -2147483648, 0},
{
	"@type":"com.google.common.collect.SingletonImmutableBiMap",
	"k1":1
}
{
	"@type":"com.google.common.collect.SingletonImmutableBiMap",
	"k1":1
}
0xF 1111
0xF0 11110000
0x601100000

0	48	110000	3	0	18	0	0
1	49	110001	3	1	18	0	1
2	50	110010	3	2	18	0	2
3	51	110011	3	3	18	0	3
4	52	110100	3	4	18	0	4
5	53	110101	3	5	18	0	5
6	54	110110	3	6	18	0	6
7	55	110111	3	7	18	0	7
8	56	111000	3	8	18	0	8
9	57	111001	3	9	18	0	9
a	97	1100001	6	1	30	a	b
b	98	1100010	6	2	30	a	c
c	99	1100011	6	3	30	a	d
d	100	1100100	6	4	30	a	e
e	101	1100101	6	5	30	a	f
f	102	1100110	6	6	30	a	10
A	65	1000001	4	1	20	a	b
B	66	1000010	4	2	20	a	c
C	67	1000011	4	3	20	a	d
D	68	1000100	4	4	20	a	e
E	69	1000101	4	5	20	a	f
F	70	1000110	4	6	20	a	10
0xF 1111
0xF0 11110000
0x601100000

0 110000 & 11110000 = 110000
1 110001 & 11110000 = 110000
2 110010 & 11110000 = 110000
3 110011 & 11110000 = 110000
4 110100 & 11110000 = 110000
5 110101 & 11110000 = 110000
6 110110 & 11110000 = 110000
7 110111 & 11110000 = 110000
8 111000 & 11110000 = 110000
9 111001 & 11110000 = 110000

0 ((110000) & 1111 + 1100000) & 11110000 = 1100000
1 ((110001) & 1111 + 1100000) & 11110000 = 1100000
2 ((110010) & 1111 + 1100000) & 11110000 = 1100000
3 ((110011) & 1111 + 1100000) & 11110000 = 1100000
4 ((110100) & 1111 + 1100000) & 11110000 = 1100000
5 ((110101) & 1111 + 1100000) & 11110000 = 1100000
6 ((110110) & 1111 + 1100000) & 11110000 = 1100000
7 ((110111) & 1111 + 1100000) & 11110000 = 1100000
8 ((111000) & 1111 + 1100000) & 11110000 = 1100000
9 ((111001) & 1111 + 1100000) & 11110000 = 1100000
0.043945312 -> 0.043945313
0.016601562 -> 0.016601563
0.35351562 -> 0.35351563
0.45507812 -> 0.45507813
0.016601562 -> 0.016601563
{"id":1001,"org":{"id":2001}}
{
	"@type":"java.nio.HeapByteBuffer",
	"@value":[
		1,
		2,
		3
	]
}
{
	"v0000":100.0
}
{
	"v0000":100
}
{
	"id":100
}
{
	"v0000":100
}
{
	"v0000":1234567890
}
{
	"id":"f906b64b-28f3-45fa-bbdd-b3a947a902ee"
}
{
	"id":100
}
{
	"v0000":100.0
}
{
	"v0000":100
}
{
	"v0000":1234567890
}
{
	"@type":"com.alibaba.fastjson2.issues_1600.Issue1624$Bean1#0",
	"@value":{
		"id":123
	}
}
[34,0,0,0,0,0,0,0,0,0,0,0,16]
{
	"@type":"com.alibaba.fastjson2_vo.Int1#0",
	"@value":{}
}
{}
17
{
	"id":"01234567890ABCDE01234567890ABCDE01234567890ABCDE01234567890ABCDE01234567890ABCDE",
	"v0":1,
	"v1":{},
	"v2":{},
	"v3":[
		1,
		2,
		3,
		4,
		5,
		6,
		7,
		8,
		9,
		0,
		1,
		2,
		3,
		4,
		5,
		6,
		7,
		8,
		9,
		0,
		"A",
		"B",
		"C",
		"D",
		"E",
		"F"
	]
}
[
	{
		"n234#0":13
	},
	{
		"#0":14
	},
	{
		"#0":15
	}
]
{
	"#-1":1,
	"#-2":"DataWorks"
}
jsonb size : 131
{"id":123456789,"v0":"123","v1":123456789012345678,"v2":123456789012345678901234567890,"v3":123.45,"v4":1230000.0,"v5":"abcdefg","v7":"null","v8":true,"v9":false,"v10":{"val":123},"v11":{},"v12":[1234],"v13":[12.34],"v14":[null]}
jsonb size : 131
{"id":123456789,"v0":"123","v1":123456789012345678,"v2":123456789012345678901234567890,"v3":123.45,"v4":1230000.0,"v5":"abcdefg","v7":"null","v8":true,"v9":false,"v10":{"val":123},"v11":{},"v12":[1234],"v13":[12.34],"v14":[null]}
jsonb size : 131
{"id":123456789,"v0":"123","v1":123456789012345678,"v2":123456789012345678901234567890,"v3":123.45,"v4":1230000.0,"v5":"abcdefg","v7":"null","v8":true,"v9":false,"v10":{"val":123},"v11":{},"v12":[1234],"v13":[12.34],"v14":[null]}
jsonb size : 131
{"id":123456789,"v0":"123","v1":123456789012345678,"v2":123456789012345678901234567890,"v3":123.45,"v4":1230000.0,"v5":"abcdefg","v7":"null","v8":true,"v9":false,"v10":{"val":123},"v11":{},"v12":[1234],"v13":[12.34],"v14":[null]}
jsonb size : 131
{"id":123456789,"v0":"123","v1":123456789012345678,"v2":123456789012345678901234567890,"v3":123.45,"v4":1230000.0,"v5":"abcdefg","v7":"null","v8":true,"v9":false,"v10":{"val":123},"v11":{},"v12":[1234],"v13":[12.34],"v14":[null]}
jsonb size : 131
{"id":123456789,"v0":"123","v1":123456789012345678,"v2":123456789012345678901234567890,"v3":123.45,"v4":1230000.0,"v5":"abcdefg","v7":"null","v8":true,"v9":false,"v10":{"val":123},"v11":{},"v12":[1234],"v13":[12.34],"v14":[null]}
jsonb size : 131
{"id":123456789,"v0":"123","v1":123456789012345678,"v2":123456789012345678901234567890,"v3":123.45,"v4":1230000.0,"v5":"abcdefg","v7":"null","v8":true,"v9":false,"v10":{"val":123},"v11":{},"v12":[1234],"v13":[12.34],"v14":[null]}
jsonb size : 131
{"id":123456789,"v0":"123","v1":123456789012345678,"v2":123456789012345678901234567890,"v3":123.45,"v4":1230000.0,"v5":"abcdefg","v7":"null","v8":true,"v9":false,"v10":{"val":123},"v11":{},"v12":[1234],"v13":[12.34],"v14":[null]}
{"value":["a","b","c"]}
{"value":["a","b","c"]}
{"value":["a","b","c"]}
{"value":["a","b","c"]}
{"value":["a","b","c"]}
{"value":["a","b","c"]}
{"value":["a","b","c"]}
{"value":["a","b","c"]}
{"value":["a","b","c"]}
{"value":["a","b","c"]}
{
	"value":"http://a.b.com"
}
{}
{
	"id":101,
	"name":"true",
	"type":"false"
}
"name"
"true"
"0"
"1"
"false"
{"id":"\"'\\\r\n\f\b\t中国😀😉®"}
{"id":"\"'\\\r\n\f\b\t中国😀😉®"}
{
	"value":-9223372036854775808
}
{
	"value":-2147483648
}
{
	"value":32767
}
{
	"value":8388607
}
{
	"value":0
}
{}
{
	"value":0
}
{
	"value":32767
}
{
	"value":8388607
}
{
	"value":2147483647
}
{
	"value":9223372036854775807
}
{
	"value":12345678901234567890123456789012345678901234567890123456789012345678901234567890
}
{
	"value":10
}
Sun Jan 01 08:00:00 CST 1899
Sun Jan 01 08:00:00 CST 1899
{
	"id":[
		-123,
		95,
		6,
		34,
		96,
		117,
		75,
		-15,
		-105,
		-70,
		88,
		-66,
		-105,
		-3,
		-15,
		-56
	]
}
{}
{
	"v0000":[1]
}
{
	"v0000":[1]
}
{"v0000":0,"v0001":1,"v0002":2,"v0003":3,"v0004":4,"v0005":5,"v0006":6,"v0007":7,"v0008":8,"v0009":9}
{"v0000":0,"v0001":-1,"v0002":-2,"v0003":-3,"v0004":-4,"v0005":-5,"v0006":-6,"v0007":-7,"v0008":-8,"v0009":-9}
Serialized JSON with context feature: {"booleanField":false,"otherField":""}
{"checkSqlInjection":false,"expression":{"cacheSqlSegment":false,"groupBy":[{}],"having":[{}],"normal":[{},"EQ",{},"AND",{},"NE",{},"AND",{},"IN",{}],"orderBy":[{}],"sqlSegment":""},"lastSql":{"stringValue":""},"paramNameSeq":0,"paramNameValuePairs":{},"sqlComment":{"stringValue":""},"sqlFirst":{"stringValue":""},"sqlSelect":{"stringValue":"*"},"typedThis":{"$ref":".."}}
A
A
[{"a":"1","a2":"1"},{"a":"2","a2":"2"}]
{"@type":"com.alibaba.fastjson2.issues_2500.Issue2583$Bean","enumMap":{"@type":"java.util.EnumMap"}}
{
	"date":"2023-03-26T10:25:19Z"
}
{"configs":{"FROM":[{"defaultFromId":"birtney"}]}}
1036864783
[{"ActionType":2,"AlgInfo":"","AuthorName":"瓜不瓜","AuthorTags":["日常文"],"BookId":1036864783,"BookIntro":"陆离凭借自己的努力和系统的帮助走上了人生巅峰。至于青梅？啥，我还有青梅竹马啊？","BookName":"被青梅拒绝后，我获得了模拟器","BookStatus":"连载","CategoryId":4,"CategoryName":"都市","Description":"所有人都认为陆离会和徐清在一起。毕竟这俩人郎才女貌，还从小认识。\n可在散伙饭那天，徐清拒绝了陆离的表白。正在陆离怅然之际，突然听到耳边传来的提示音。\n【恭喜您获","Did":"1036864783","Dt":1,"Ex2":"","LastChapterId":0,"LastChapterName":"","LastChapterTime":0,"Pos":0,"RankName":"","ShowTime":1692079200000,"SubCategoryName":"都市生活","Type":0,"WordCount":"58万","day":"15","fbAlg":"","fbAppId":0,"fbId":1036864783,"fbType":1,"isReal":true,"isVip":1,"lastUpdateTimes":"","month":"08","recommendCol":"rengongtuijian","recommendStyle":0,"sp":"{\"exposetime\":1692084881634,\"scene\":\"preface_with_editor\"}","stability":0,"year":"2023"}]
Issue1790.Bean(op=yyy, test={"erw":{"qqq":12313}})
WARNING: Use of the three-letter time zone ID "ACT" is deprecated and it will be removed in a future release
WARNING: Use of the three-letter time zone ID "AET" is deprecated and it will be removed in a future release
WARNING: Use of the three-letter time zone ID "AGT" is deprecated and it will be removed in a future release
WARNING: Use of the three-letter time zone ID "ART" is deprecated and it will be removed in a future release
WARNING: Use of the three-letter time zone ID "AST" is deprecated and it will be removed in a future release
WARNING: Use of the three-letter time zone ID "BET" is deprecated and it will be removed in a future release
WARNING: Use of the three-letter time zone ID "BST" is deprecated and it will be removed in a future release
WARNING: Use of the three-letter time zone ID "CAT" is deprecated and it will be removed in a future release
WARNING: Use of the three-letter time zone ID "CNT" is deprecated and it will be removed in a future release
WARNING: Use of the three-letter time zone ID "CST" is deprecated and it will be removed in a future release
WARNING: Use of the three-letter time zone ID "CTT" is deprecated and it will be removed in a future release
WARNING: Use of the three-letter time zone ID "EAT" is deprecated and it will be removed in a future release
WARNING: Use of the three-letter time zone ID "ECT" is deprecated and it will be removed in a future release
WARNING: Use of the three-letter time zone ID "EST" is deprecated and it will be removed in a future release
WARNING: Use of the three-letter time zone ID "HST" is deprecated and it will be removed in a future release
WARNING: Use of the three-letter time zone ID "IET" is deprecated and it will be removed in a future release
WARNING: Use of the three-letter time zone ID "IST" is deprecated and it will be removed in a future release
WARNING: Use of the three-letter time zone ID "JST" is deprecated and it will be removed in a future release
WARNING: Use of the three-letter time zone ID "MIT" is deprecated and it will be removed in a future release
WARNING: Use of the three-letter time zone ID "MST" is deprecated and it will be removed in a future release
WARNING: Use of the three-letter time zone ID "NET" is deprecated and it will be removed in a future release
WARNING: Use of the three-letter time zone ID "NST" is deprecated and it will be removed in a future release
WARNING: Use of the three-letter time zone ID "PLT" is deprecated and it will be removed in a future release
WARNING: Use of the three-letter time zone ID "PNT" is deprecated and it will be removed in a future release
WARNING: Use of the three-letter time zone ID "PRT" is deprecated and it will be removed in a future release
WARNING: Use of the three-letter time zone ID "PST" is deprecated and it will be removed in a future release
WARNING: Use of the three-letter time zone ID "SST" is deprecated and it will be removed in a future release
WARNING: Use of the three-letter time zone ID "VST" is deprecated and it will be removed in a future release
{"appResp":{"message":"成功","status":"200","timestamp":"2017-03-15 12:13:14"}}
Issue474.Result(items=[Issue474.Item(name=item1), Issue474.Item(name=item2)])
Issue474.Result(items=[Issue474.Item(name=item1), Issue474.Item(name=item2)])
{
	"@type":"com.alibaba.fastjson2.issues.Issue385$Bean#0",
	"@value":{
		"items":{
			"@type":"java.util.Arrays$ArrayList#1",
			"@value":[
				"CamelCase",
				"PascalCase"
			]
		}
	}
}
{"data":{"pageNum":1,"pageSize":100,"records":[{"calledTimes":1,"callerPhone":"大屏演示专用线路","channelCode":"0","chatRound":0,"customerPhone":"xxxx","duration":0,"endTime":"2022-06-27 20:29:51","finishStatusDesc":"占线","finishStatusId":6,"finishStatusName":"BUSY","intentionResult":"D","startTime":"2022-06-27 20:29:07"}],"total":1}}
{"reservationId":"1520799011718696960","mealsAvailable":true,"handBaggageNum":1,"checkedBaggageNum":0}
str = {"test":[{"demo":""}]}
list = Issue464.TestParam(test=[Issue464.Demo(demo=null)])
{"a":"a value","c":"c value"}
{"c":"c value"}
{"a":null,"b":null,"c":"c value"}
{"a":null,"b":"b value","c":null}
Issue448.BasicStaff(boyList=[Issue448.BasicStaff(boyList=null, localDate=2026-10-07, localDateTime=2026-10-07T00:44:50)], localDate=2026-10-07, localDateTime=2026-10-07T00:44:50)
required latitude
2147483650
[{"var1":"d0"}]
{"availableBeginTime":"2026-10-07 00:45:00.47","availableEndTime":"2026-10-07 17:25:00.47"}
{"availableBeginTime":"2026-10-07 00:45:00.47","availableEndTime":"2026-10-07 17:25:00.47"}
{"availableBeginTime":"2026-10-07 00:45:00.47","availableEndTime":"2026-10-07 17:25:00.47"}
{"availableBeginTime":"2026-10-07 00:45:00.47","availableEndTime":"2026-10-07 17:25:00.47"}
{"availableBeginTime":"2026-10-07 00:45:00.47","availableEndTime":"2026-10-07 17:25:00.47"}
{"availableBeginTime":"2026-10-07 00:45:00.47","availableEndTime":"2026-10-07 17:25:00.47"}
{"availableBeginTime":"2026-10-07 00:45:00.47","availableEndTime":"2026-10-07 17:25:00.47"}
{"availableBeginTime":"2026-10-07 00:45:00.47","availableEndTime":"2026-10-07 17:25:00.47"}
{"availableBeginTime":"2026-10-07 00:45:00.47","availableEndTime":"2026-10-07 17:25:00.47"}
{"availableBeginTime":"2026-10-07 00:45:00.47","availableEndTime":"2026-10-07 17:25:00.47"}
{"availableBeginTime":"2026-10-07 00:45:00.47","availableEndTime":"2026-10-07 17:25:00.47"}
{"availableBeginTime":"2026-10-07 00:45:00.47","availableEndTime":"2026-10-07 17:25:00.47"}
{"availableBeginTime":"2026-10-07 00:45:00.47","availableEndTime":"2026-10-07 17:25:00.47"}
{"availableBeginTime":"2026-10-07 00:45:00.47","availableEndTime":"2026-10-07 17:25:00.47"}
{"availableBeginTime":"2026-10-07 00:45:00.47","availableEndTime":"2026-10-07 17:25:00.47"}
{"availableBeginTime":"2026-10-07 00:45:00.47","availableEndTime":"2026-10-07 17:25:00.47"}
{"availableBeginTime":"2026-10-07 00:45:00.47","availableEndTime":"2026-10-07 17:25:00.47"}
{"availableBeginTime":"2026-10-07 00:45:00.47","availableEndTime":"2026-10-07 17:25:00.47"}
{"availableBeginTime":"2026-10-07 00:45:00.47","availableEndTime":"2026-10-07 17:25:00.47"}
{"availableBeginTime":"2026-10-07 00:45:00.47","availableEndTime":"2026-10-07 17:25:00.47"}
{"availableBeginTime":"2026-10-07 00:45:00.47","availableEndTime":"2026-10-07 17:25:00.47"}
{"availableBeginTime":"2026-10-07 00:45:00.47","availableEndTime":"2026-10-07 17:25:00.47"}
{"availableBeginTime":"2026-10-07 00:45:00.47","availableEndTime":"2026-10-07 17:25:00.47"}
{"availableBeginTime":"2026-10-07 00:45:00.47","availableEndTime":"2026-10-07 17:25:00.47"}
{"availableBeginTime":"2026-10-07 00:45:00.47","availableEndTime":"2026-10-07 17:25:00.47"}
{"availableBeginTime":"2026-10-07 00:45:00.47","availableEndTime":"2026-10-07 17:25:00.47"}
{"availableBeginTime":"2026-10-07 00:45:00.47","availableEndTime":"2026-10-07 17:25:00.47"}
{"availableBeginTime":"2026-10-07 00:45:00.47","availableEndTime":"2026-10-07 17:25:00.47"}
{"availableBeginTime":"2026-10-07 00:45:00.47","availableEndTime":"2026-10-07 17:25:00.47"}
{"availableBeginTime":"2026-10-07 00:45:00.47","availableEndTime":"2026-10-07 17:25:00.47"}
{"availableBeginTime":"2026-10-07 00:45:00.47","availableEndTime":"2026-10-07 17:25:00.47"}
{"availableBeginTime":"2026-10-07 00:45:00.47","availableEndTime":"2026-10-07 17:25:00.47"}
{"availableBeginTime":"2026-10-07 00:45:00.47","availableEndTime":"2026-10-07 17:25:00.47"}
{"availableBeginTime":"2026-10-07 00:45:00.47","availableEndTime":"2026-10-07 17:25:00.47"}
{"availableBeginTime":"2026-10-07 00:45:00.47","availableEndTime":"2026-10-07 17:25:00.47"}
{"availableBeginTime":"2026-10-07 00:45:00.47","availableEndTime":"2026-10-07 17:25:00.47"}
{"availableBeginTime":"2026-10-07 00:45:00.47","availableEndTime":"2026-10-07 17:25:00.47"}
{"availableBeginTime":"2026-10-07 00:45:00.47","availableEndTime":"2026-10-07 17:25:00.47"}
{"availableBeginTime":"2026-10-07 00:45:00.47","availableEndTime":"2026-10-07 17:25:00.47"}
{"availableBeginTime":"2026-10-07 00:45:00.47","availableEndTime":"2026-10-07 17:25:00.47"}
{"availableBeginTime":"2026-10-07 00:45:00.47","availableEndTime":"2026-10-07 17:25:00.47"}
{"availableBeginTime":"2026-10-07 00:45:00.47","availableEndTime":"2026-10-07 17:25:00.47"}
{"availableBeginTime":"2026-10-07 00:45:00.47","availableEndTime":"2026-10-07 17:25:00.47"}
{"availableBeginTime":"2026-10-07 00:45:00.47","availableEndTime":"2026-10-07 17:25:00.47"}
{"availableBeginTime":"2026-10-07 00:45:00.47","availableEndTime":"2026-10-07 17:25:00.47"}
{"availableBeginTime":"2026-10-07 00:45:00.47","availableEndTime":"2026-10-07 17:25:00.47"}
{"availableBeginTime":"2026-10-07 00:45:00.47","availableEndTime":"2026-10-07 17:25:00.47"}
{"availableBeginTime":"2026-10-07 00:45:00.47","availableEndTime":"2026-10-07 17:25:00.47"}
{"availableBeginTime":"2026-10-07 00:45:00.47","availableEndTime":"2026-10-07 17:25:00.47"}
{"availableBeginTime":"2026-10-07 00:45:00.47","availableEndTime":"2026-10-07 17:25:00.47"}
{"availableBeginTime":"2026-10-07 00:45:00.47","availableEndTime":"2026-10-07 17:25:00.47"}
{"availableBeginTime":"2026-10-07 00:45:00.47","availableEndTime":"2026-10-07 17:25:00.47"}
{"availableBeginTime":"2026-10-07 00:45:00.47","availableEndTime":"2026-10-07 17:25:00.47"}
{"availableBeginTime":"2026-10-07 00:45:00.47","availableEndTime":"2026-10-07 17:25:00.47"}
{"availableBeginTime":"2026-10-07 00:45:00.47","availableEndTime":"2026-10-07 17:25:00.47"}
{"availableBeginTime":"2026-10-07 00:45:00.47","availableEndTime":"2026-10-07 17:25:00.47"}
{"availableBeginTime":"2026-10-07 00:45:00.47","availableEndTime":"2026-10-07 17:25:00.47"}
{"availableBeginTime":"2026-10-07 00:45:00.47","availableEndTime":"2026-10-07 17:25:00.47"}
{"availableBeginTime":"2026-10-07 00:45:00.471","availableEndTime":"2026-10-07 17:25:00.471"}
{"availableBeginTime":"2026-10-07 00:45:00.471","availableEndTime":"2026-10-07 17:25:00.471"}
{"availableBeginTime":"2026-10-07 00:45:00.471","availableEndTime":"2026-10-07 17:25:00.471"}
{"availableBeginTime":"2026-10-07 00:45:00.471","availableEndTime":"2026-10-07 17:25:00.471"}
{"availableBeginTime":"2026-10-07 00:45:00.471","availableEndTime":"2026-10-07 17:25:00.471"}
{"availableBeginTime":"2026-10-07 00:45:00.471","availableEndTime":"2026-10-07 17:25:00.471"}
{"availableBeginTime":"2026-10-07 00:45:00.471","availableEndTime":"2026-10-07 17:25:00.471"}
{"availableBeginTime":"2026-10-07 00:45:00.471","availableEndTime":"2026-10-07 17:25:00.471"}
{"availableBeginTime":"2026-10-07 00:45:00.471","availableEndTime":"2026-10-07 17:25:00.471"}
{"availableBeginTime":"2026-10-07 00:45:00.471","availableEndTime":"2026-10-07 17:25:00.471"}
{"availableBeginTime":"2026-10-07 00:45:00.471","availableEndTime":"2026-10-07 17:25:00.471"}
{"availableBeginTime":"2026-10-07 00:45:00.471","availableEndTime":"2026-10-07 17:25:00.471"}
{"availableBeginTime":"2026-10-07 00:45:00.471","availableEndTime":"2026-10-07 17:25:00.471"}
{"availableBeginTime":"2026-10-07 00:45:00.471","availableEndTime":"2026-10-07 17:25:00.471"}
{"availableBeginTime":"2026-10-07 00:45:00.471","availableEndTime":"2026-10-07 17:25:00.471"}
{"availableBeginTime":"2026-10-07 00:45:00.471","availableEndTime":"2026-10-07 17:25:00.471"}
{"availableBeginTime":"2026-10-07 00:45:00.471","availableEndTime":"2026-10-07 17:25:00.471"}
{"availableBeginTime":"2026-10-07 00:45:00.471","availableEndTime":"2026-10-07 17:25:00.471"}
{"availableBeginTime":"2026-10-07 00:45:00.471","availableEndTime":"2026-10-07 17:25:00.471"}
{"availableBeginTime":"2026-10-07 00:45:00.471","availableEndTime":"2026-10-07 17:25:00.471"}
{"availableBeginTime":"2026-10-07 00:45:00.471","availableEndTime":"2026-10-07 17:25:00.471"}
{"availableBeginTime":"2026-10-07 00:45:00.471","availableEndTime":"2026-10-07 17:25:00.471"}
{"availableBeginTime":"2026-10-07 00:45:00.471","availableEndTime":"2026-10-07 17:25:00.471"}
{"availableBeginTime":"2026-10-07 00:45:00.471","availableEndTime":"2026-10-07 17:25:00.471"}
{"availableBeginTime":"2026-10-07 00:45:00.471","availableEndTime":"2026-10-07 17:25:00.471"}
{"availableBeginTime":"2026-10-07 00:45:00.471","availableEndTime":"2026-10-07 17:25:00.471"}
{"availableBeginTime":"2026-10-07 00:45:00.471","availableEndTime":"2026-10-07 17:25:00.471"}
{"availableBeginTime":"2026-10-07 00:45:00.471","availableEndTime":"2026-10-07 17:25:00.471"}
{"availableBeginTime":"2026-10-07 00:45:00.471","availableEndTime":"2026-10-07 17:25:00.471"}
{"availableBeginTime":"2026-10-07 00:45:00.471","availableEndTime":"2026-10-07 17:25:00.471"}
{"availableBeginTime":"2026-10-07 00:45:00.471","availableEndTime":"2026-10-07 17:25:00.471"}
{"availableBeginTime":"2026-10-07 00:45:00.471","availableEndTime":"2026-10-07 17:25:00.471"}
{"availableBeginTime":"2026-10-07 00:45:00.471","availableEndTime":"2026-10-07 17:25:00.471"}
{"availableBeginTime":"2026-10-07 00:45:00.471","availableEndTime":"2026-10-07 17:25:00.471"}
{"availableBeginTime":"2026-10-07 00:45:00.471","availableEndTime":"2026-10-07 17:25:00.471"}
{"availableBeginTime":"2026-10-07 00:45:00.471","availableEndTime":"2026-10-07 17:25:00.471"}
{"availableBeginTime":"2026-10-07 00:45:00.471","availableEndTime":"2026-10-07 17:25:00.471"}
{"availableBeginTime":"2026-10-07 00:45:00.471","availableEndTime":"2026-10-07 17:25:00.471"}
{"availableBeginTime":"2026-10-07 00:45:00.471","availableEndTime":"2026-10-07 17:25:00.471"}
{"availableBeginTime":"2026-10-07 00:45:00.471","availableEndTime":"2026-10-07 17:25:00.471"}
{"availableBeginTime":"2026-10-07 00:45:00.471","availableEndTime":"2026-10-07 17:25:00.471"}
{"availableBeginTime":"2026-10-07 00:45:00.471","availableEndTime":"2026-10-07 17:25:00.471"}
{"availableBeginTime":"2026-10-07 00:45:00.471","availableEndTime":"2026-10-07 17:25:00.471"}
{"availableBeginTime":"2026-10-07 00:45:00.471","availableEndTime":"2026-10-07 17:25:00.471"}
{"availableBeginTime":"2026-10-07 00:45:00.471","availableEndTime":"2026-10-07 17:25:00.471"}
{"availableBeginTime":"2026-10-07 00:45:00.471","availableEndTime":"2026-10-07 17:25:00.471"}
{"availableBeginTime":"2026-10-07 00:45:00.471","availableEndTime":"2026-10-07 17:25:00.471"}
{"availableBeginTime":"2026-10-07 00:45:00.471","availableEndTime":"2026-10-07 17:25:00.471"}
{"availableBeginTime":"2026-10-07 00:45:00.471","availableEndTime":"2026-10-07 17:25:00.471"}
{"availableBeginTime":"2026-10-07 00:45:00.471","availableEndTime":"2026-10-07 17:25:00.471"}
{"availableBeginTime":"2026-10-07 00:45:00.471","availableEndTime":"2026-10-07 17:25:00.471"}
{"availableBeginTime":"2026-10-07 00:45:00.471","availableEndTime":"2026-10-07 17:25:00.471"}
{"availableBeginTime":"2026-10-07 00:45:00.471","availableEndTime":"2026-10-07 17:25:00.471"}
{"availableBeginTime":"2026-10-07 00:45:00.471","availableEndTime":"2026-10-07 17:25:00.471"}
{"availableBeginTime":"2026-10-07 00:45:00.471","availableEndTime":"2026-10-07 17:25:00.471"}
{"availableBeginTime":"2026-10-07 00:45:00.471","availableEndTime":"2026-10-07 17:25:00.471"}
{"availableBeginTime":"2026-10-07 00:45:00.471","availableEndTime":"2026-10-07 17:25:00.471"}
{"availableBeginTime":"2026-10-07 00:45:00.471","availableEndTime":"2026-10-07 17:25:00.471"}
{"availableBeginTime":"2026-10-07 00:45:00.471","availableEndTime":"2026-10-07 17:25:00.471"}
{"availableBeginTime":"2026-10-07 00:45:00.471","availableEndTime":"2026-10-07 17:25:00.471"}
{"availableBeginTime":"2026-10-07 00:45:00.471","availableEndTime":"2026-10-07 17:25:00.471"}
{"availableBeginTime":"2026-10-07 00:45:00.471","availableEndTime":"2026-10-07 17:25:00.471"}
{"availableBeginTime":"2026-10-07 00:45:00.471","availableEndTime":"2026-10-07 17:25:00.471"}
{"availableBeginTime":"2026-10-07 00:45:00.471","availableEndTime":"2026-10-07 17:25:00.471"}
{"availableBeginTime":"2026-10-07 00:45:00.471","availableEndTime":"2026-10-07 17:25:00.471"}
{"availableBeginTime":"2026-10-07 00:45:00.471","availableEndTime":"2026-10-07 17:25:00.471"}
{"availableBeginTime":"2026-10-07 00:45:00.471","availableEndTime":"2026-10-07 17:25:00.471"}
{"availableBeginTime":"2026-10-07 00:45:00.471","availableEndTime":"2026-10-07 17:25:00.471"}
{"availableBeginTime":"2026-10-07 00:45:00.471","availableEndTime":"2026-10-07 17:25:00.471"}
{"availableBeginTime":"2026-10-07 00:45:00.471","availableEndTime":"2026-10-07 17:25:00.471"}
{"availableBeginTime":"2026-10-07 00:45:00.471","availableEndTime":"2026-10-07 17:25:00.471"}
{"availableBeginTime":"2026-10-07 00:45:00.471","availableEndTime":"2026-10-07 17:25:00.471"}
{"availableBeginTime":"2026-10-07 00:45:00.471","availableEndTime":"2026-10-07 17:25:00.471"}
{"availableBeginTime":"2026-10-07 00:45:00.471","availableEndTime":"2026-10-07 17:25:00.471"}
{"availableBeginTime":"2026-10-07 00:45:00.471","availableEndTime":"2026-10-07 17:25:00.471"}
{"availableBeginTime":"2026-10-07 00:45:00.471","availableEndTime":"2026-10-07 17:25:00.471"}
{"availableBeginTime":"2026-10-07 00:45:00.471","availableEndTime":"2026-10-07 17:25:00.471"}
{"availableBeginTime":"2026-10-07 00:45:00.471","availableEndTime":"2026-10-07 17:25:00.471"}
{"availableBeginTime":"2026-10-07 00:45:00.471","availableEndTime":"2026-10-07 17:25:00.471"}
{"availableBeginTime":"2026-10-07 00:45:00.471","availableEndTime":"2026-10-07 17:25:00.471"}
{"availableBeginTime":"2026-10-07 00:45:00.471","availableEndTime":"2026-10-07 17:25:00.471"}
{"availableBeginTime":"2026-10-07 00:45:00.471","availableEndTime":"2026-10-07 17:25:00.471"}
{"availableBeginTime":"2026-10-07 00:45:00.471","availableEndTime":"2026-10-07 17:25:00.471"}
{"availableBeginTime":"2026-10-07 00:45:00.471","availableEndTime":"2026-10-07 17:25:00.471"}
{"availableBeginTime":"2026-10-07 00:45:00.471","availableEndTime":"2026-10-07 17:25:00.471"}
{"availableBeginTime":"2026-10-07 00:45:00.471","availableEndTime":"2026-10-07 17:25:00.471"}
{"availableBeginTime":"2026-10-07 00:45:00.471","availableEndTime":"2026-10-07 17:25:00.471"}
{"availableBeginTime":"2026-10-07 00:45:00.471","availableEndTime":"2026-10-07 17:25:00.471"}
{"availableBeginTime":"2026-10-07 00:45:00.471","availableEndTime":"2026-10-07 17:25:00.471"}
{"availableBeginTime":"2026-10-07 00:45:00.471","availableEndTime":"2026-10-07 17:25:00.471"}
{"availableBeginTime":"2026-10-07 00:45:00.471","availableEndTime":"2026-10-07 17:25:00.471"}
{"availableBeginTime":"2026-10-07 00:45:00.471","availableEndTime":"2026-10-07 17:25:00.471"}
{"availableBeginTime":"2026-10-07 00:45:00.471","availableEndTime":"2026-10-07 17:25:00.471"}
{"availableBeginTime":"2026-10-07 00:45:00.471","availableEndTime":"2026-10-07 17:25:00.471"}
{"availableBeginTime":"2026-10-07 00:45:00.471","availableEndTime":"2026-10-07 17:25:00.471"}
{"availableBeginTime":"2026-10-07 00:45:00.471","availableEndTime":"2026-10-07 17:25:00.471"}
{"availableBeginTime":"2026-10-07 00:45:00.471","availableEndTime":"2026-10-07 17:25:00.471"}
{"availableBeginTime":"2026-10-07 00:45:00.471","availableEndTime":"2026-10-07 17:25:00.471"}
{"availableBeginTime":"2026-10-07 00:45:00.471","availableEndTime":"2026-10-07 17:25:00.471"}
{"availableBeginTime":"2026-10-07 00:45:00.471","availableEndTime":"2026-10-07 17:25:00.471"}
{"availableBeginTime":"2026-10-07 00:45:00.471","availableEndTime":"2026-10-07 17:25:00.471"}
{"availableBeginTime":"2026-10-07 00:45:00.471","availableEndTime":"2026-10-07 17:25:00.471"}
{"availableBeginTime":"2026-10-07 00:45:00.471","availableEndTime":"2026-10-07 17:25:00.471"}
{"availableBeginTime":"2026-10-07 00:45:00.471","availableEndTime":"2026-10-07 17:25:00.471"}
{"availableBeginTime":"2026-10-07 00:45:00.471","availableEndTime":"2026-10-07 17:25:00.471"}
{"availableBeginTime":"2026-10-07 00:45:00.471","availableEndTime":"2026-10-07 17:25:00.471"}
{"availableBeginTime":"2026-10-07 00:45:00.471","availableEndTime":"2026-10-07 17:25:00.471"}
{"availableBeginTime":"2026-10-07 00:45:00.471","availableEndTime":"2026-10-07 17:25:00.471"}
{"availableBeginTime":"2026-10-07 00:45:00.471","availableEndTime":"2026-10-07 17:25:00.471"}
{"availableBeginTime":"2026-10-07 00:45:00.471","availableEndTime":"2026-10-07 17:25:00.471"}
{"availableBeginTime":"2026-10-07 00:45:00.471","availableEndTime":"2026-10-07 17:25:00.471"}
{"availableBeginTime":"2026-10-07 00:45:00.471","availableEndTime":"2026-10-07 17:25:00.471"}
{"availableBeginTime":"2026-10-07 00:45:00.471","availableEndTime":"2026-10-07 17:25:00.471"}
{"availableBeginTime":"2026-10-07 00:45:00.471","availableEndTime":"2026-10-07 17:25:00.471"}
{"availableBeginTime":"2026-10-07 00:45:00.471","availableEndTime":"2026-10-07 17:25:00.471"}
{"availableBeginTime":"2026-10-07 00:45:00.471","availableEndTime":"2026-10-07 17:25:00.471"}
{"availableBeginTime":"2026-10-07 00:45:00.471","availableEndTime":"2026-10-07 17:25:00.471"}
{"availableBeginTime":"2026-10-07 00:45:00.471","availableEndTime":"2026-10-07 17:25:00.471"}
{"availableBeginTime":"2026-10-07 00:45:00.471","availableEndTime":"2026-10-07 17:25:00.471"}
{"availableBeginTime":"2026-10-07 00:45:00.471","availableEndTime":"2026-10-07 17:25:00.471"}
{"availableBeginTime":"2026-10-07 00:45:00.471","availableEndTime":"2026-10-07 17:25:00.471"}
{"availableBeginTime":"2026-10-07 00:45:00.471","availableEndTime":"2026-10-07 17:25:00.471"}
{"availableBeginTime":"2026-10-07 00:45:00.471","availableEndTime":"2026-10-07 17:25:00.471"}
{"availableBeginTime":"2026-10-07 00:45:00.471","availableEndTime":"2026-10-07 17:25:00.471"}
{"availableBeginTime":"2026-10-07 00:45:00.471","availableEndTime":"2026-10-07 17:25:00.471"}
{"availableBeginTime":"2026-10-07 00:45:00.471","availableEndTime":"2026-10-07 17:25:00.471"}
{"availableBeginTime":"2026-10-07 00:45:00.471","availableEndTime":"2026-10-07 17:25:00.471"}
{"availableBeginTime":"2026-10-07 00:45:00.471","availableEndTime":"2026-10-07 17:25:00.471"}
{"availableBeginTime":"2026-10-07 00:45:00.471","availableEndTime":"2026-10-07 17:25:00.471"}
{"availableBeginTime":"2026-10-07 00:45:00.471","availableEndTime":"2026-10-07 17:25:00.471"}
{"availableBeginTime":"2026-10-07 00:45:00.471","availableEndTime":"2026-10-07 17:25:00.471"}
{"availableBeginTime":"2026-10-07 00:45:00.471","availableEndTime":"2026-10-07 17:25:00.471"}
{"availableBeginTime":"2026-10-07 00:45:00.471","availableEndTime":"2026-10-07 17:25:00.471"}
{"availableBeginTime":"2026-10-07 00:45:00.471","availableEndTime":"2026-10-07 17:25:00.471"}
{"availableBeginTime":"2026-10-07 00:45:00.471","availableEndTime":"2026-10-07 17:25:00.471"}
{"availableBeginTime":"2026-10-07 00:45:00.471","availableEndTime":"2026-10-07 17:25:00.471"}
{"availableBeginTime":"2026-10-07 00:45:00.471","availableEndTime":"2026-10-07 17:25:00.471"}
{"availableBeginTime":"2026-10-07 00:45:00.471","availableEndTime":"2026-10-07 17:25:00.471"}
{"availableBeginTime":"2026-10-07 00:45:00.471","availableEndTime":"2026-10-07 17:25:00.471"}
{"availableBeginTime":"2026-10-07 00:45:00.471","availableEndTime":"2026-10-07 17:25:00.471"}
{"availableBeginTime":"2026-10-07 00:45:00.471","availableEndTime":"2026-10-07 17:25:00.471"}
{"availableBeginTime":"2026-10-07 00:45:00.471","availableEndTime":"2026-10-07 17:25:00.471"}
{"availableBeginTime":"2026-10-07 00:45:00.471","availableEndTime":"2026-10-07 17:25:00.471"}
{"availableBeginTime":"2026-10-07 00:45:00.471","availableEndTime":"2026-10-07 17:25:00.471"}
{"availableBeginTime":"2026-10-07 00:45:00.471","availableEndTime":"2026-10-07 17:25:00.471"}
{"availableBeginTime":"2026-10-07 00:45:00.471","availableEndTime":"2026-10-07 17:25:00.471"}
{"availableBeginTime":"2026-10-07 00:45:00.471","availableEndTime":"2026-10-07 17:25:00.471"}
{"availableBeginTime":"2026-10-07 00:45:00.471","availableEndTime":"2026-10-07 17:25:00.471"}
{"availableBeginTime":"2026-10-07 00:45:00.471","availableEndTime":"2026-10-07 17:25:00.471"}
{"availableBeginTime":"2026-10-07 00:45:00.471","availableEndTime":"2026-10-07 17:25:00.471"}
{"availableBeginTime":"2026-10-07 00:45:00.471","availableEndTime":"2026-10-07 17:25:00.471"}
{"availableBeginTime":"2026-10-07 00:45:00.471","availableEndTime":"2026-10-07 17:25:00.471"}
{"availableBeginTime":"2026-10-07 00:45:00.471","availableEndTime":"2026-10-07 17:25:00.471"}
{"availableBeginTime":"2026-10-07 00:45:00.471","availableEndTime":"2026-10-07 17:25:00.471"}
{"availableBeginTime":"2026-10-07 00:45:00.471","availableEndTime":"2026-10-07 17:25:00.471"}
{"availableBeginTime":"2026-10-07 00:45:00.471","availableEndTime":"2026-10-07 17:25:00.471"}
{"availableBeginTime":"2026-10-07 00:45:00.471","availableEndTime":"2026-10-07 17:25:00.471"}
{"availableBeginTime":"2026-10-07 00:45:00.471","availableEndTime":"2026-10-07 17:25:00.471"}
{"availableBeginTime":"2026-10-07 00:45:00.471","availableEndTime":"2026-10-07 17:25:00.471"}
{"availableBeginTime":"2026-10-07 00:45:00.471","availableEndTime":"2026-10-07 17:25:00.471"}
{"availableBeginTime":"2026-10-07 00:45:00.471","availableEndTime":"2026-10-07 17:25:00.471"}
{"availableBeginTime":"2026-10-07 00:45:00.471","availableEndTime":"2026-10-07 17:25:00.471"}
{"availableBeginTime":"2026-10-07 00:45:00.471","availableEndTime":"2026-10-07 17:25:00.471"}
{"availableBeginTime":"2026-10-07 00:45:00.471","availableEndTime":"2026-10-07 17:25:00.471"}
{"availableBeginTime":"2026-10-07 00:45:00.471","availableEndTime":"2026-10-07 17:25:00.471"}
{"availableBeginTime":"2026-10-07 00:45:00.471","availableEndTime":"2026-10-07 17:25:00.471"}
{"availableBeginTime":"2026-10-07 00:45:00.471","availableEndTime":"2026-10-07 17:25:00.471"}
{"availableBeginTime":"2026-10-07 00:45:00.471","availableEndTime":"2026-10-07 17:25:00.471"}
{"availableBeginTime":"2026-10-07 00:45:00.471","availableEndTime":"2026-10-07 17:25:00.471"}
{"availableBeginTime":"2026-10-07 00:45:00.471","availableEndTime":"2026-10-07 17:25:00.471"}
{"availableBeginTime":"2026-10-07 00:45:00.471","availableEndTime":"2026-10-07 17:25:00.471"}
{"availableBeginTime":"2026-10-07 00:45:00.471","availableEndTime":"2026-10-07 17:25:00.471"}
{"availableBeginTime":"2026-10-07 00:45:00.471","availableEndTime":"2026-10-07 17:25:00.471"}
{"availableBeginTime":"2026-10-07 00:45:00.471","availableEndTime":"2026-10-07 17:25:00.471"}
{"availableBeginTime":"2026-10-07 00:45:00.471","availableEndTime":"2026-10-07 17:25:00.471"}
{"availableBeginTime":"2026-10-07 00:45:00.471","availableEndTime":"2026-10-07 17:25:00.471"}
{"availableBeginTime":"2026-10-07 00:45:00.471","availableEndTime":"2026-10-07 17:25:00.471"}
{"availableBeginTime":"2026-10-07 00:45:00.471","availableEndTime":"2026-10-07 17:25:00.471"}
{"availableBeginTime":"2026-10-07 00:45:00.471","availableEndTime":"2026-10-07 17:25:00.471"}
{"availableBeginTime":"2026-10-07 00:45:00.471","availableEndTime":"2026-10-07 17:25:00.471"}
{"availableBeginTime":"2026-10-07 00:45:00.471","availableEndTime":"2026-10-07 17:25:00.471"}
{"availableBeginTime":"2026-10-07 00:45:00.471","availableEndTime":"2026-10-07 17:25:00.471"}
{"availableBeginTime":"2026-10-07 00:45:00.471","availableEndTime":"2026-10-07 17:25:00.471"}
{"availableBeginTime":"2026-10-07 00:45:00.471","availableEndTime":"2026-10-07 17:25:00.471"}
{"availableBeginTime":"2026-10-07 00:45:00.471","availableEndTime":"2026-10-07 17:25:00.471"}
{"availableBeginTime":"2026-10-07 00:45:00.471","availableEndTime":"2026-10-07 17:25:00.471"}
{"availableBeginTime":"2026-10-07 00:45:00.471","availableEndTime":"2026-10-07 17:25:00.471"}
{"availableBeginTime":"2026-10-07 00:45:00.471","availableEndTime":"2026-10-07 17:25:00.471"}
{"availableBeginTime":"2026-10-07 00:45:00.471","availableEndTime":"2026-10-07 17:25:00.471"}
{"availableBeginTime":"2026-10-07 00:45:00.471","availableEndTime":"2026-10-07 17:25:00.471"}
{"availableBeginTime":"2026-10-07 00:45:00.471","availableEndTime":"2026-10-07 17:25:00.471"}
{"availableBeginTime":"2026-10-07 00:45:00.471","availableEndTime":"2026-10-07 17:25:00.471"}
{"availableBeginTime":"2026-10-07 00:45:00.471","availableEndTime":"2026-10-07 17:25:00.471"}
{"availableBeginTime":"2026-10-07 00:45:00.471","availableEndTime":"2026-10-07 17:25:00.471"}
{"availableBeginTime":"2026-10-07 00:45:00.471","availableEndTime":"2026-10-07 17:25:00.471"}
{"availableBeginTime":"2026-10-07 00:45:00.471","availableEndTime":"2026-10-07 17:25:00.471"}
{"availableBeginTime":"2026-10-07 00:45:00.471","availableEndTime":"2026-10-07 17:25:00.471"}
{"availableBeginTime":"2026-10-07 00:45:00.471","availableEndTime":"2026-10-07 17:25:00.471"}
{"availableBeginTime":"2026-10-07 00:45:00.471","availableEndTime":"2026-10-07 17:25:00.471"}
{"availableBeginTime":"2026-10-07 00:45:00.471","availableEndTime":"2026-10-07 17:25:00.471"}
{"availableBeginTime":"2026-10-07 00:45:00.471","availableEndTime":"2026-10-07 17:25:00.471"}
{"availableBeginTime":"2026-10-07 00:45:00.471","availableEndTime":"2026-10-07 17:25:00.471"}
{"availableBeginTime":"2026-10-07 00:45:00.471","availableEndTime":"2026-10-07 17:25:00.471"}
{"availableBeginTime":"2026-10-07 00:45:00.471","availableEndTime":"2026-10-07 17:25:00.471"}
{"availableBeginTime":"2026-10-07 00:45:00.471","availableEndTime":"2026-10-07 17:25:00.471"}
{"availableBeginTime":"2026-10-07 00:45:00.471","availableEndTime":"2026-10-07 17:25:00.471"}
{"availableBeginTime":"2026-10-07 00:45:00.471","availableEndTime":"2026-10-07 17:25:00.471"}
{"availableBeginTime":"2026-10-07 00:45:00.471","availableEndTime":"2026-10-07 17:25:00.471"}
{"availableBeginTime":"2026-10-07 00:45:00.471","availableEndTime":"2026-10-07 17:25:00.471"}
{"availableBeginTime":"2026-10-07 00:45:00.471","availableEndTime":"2026-10-07 17:25:00.471"}
{"availableBeginTime":"2026-10-07 00:45:00.471","availableEndTime":"2026-10-07 17:25:00.471"}
{"availableBeginTime":"2026-10-07 00:45:00.471","availableEndTime":"2026-10-07 17:25:00.471"}
{"availableBeginTime":"2026-10-07 00:45:00.471","availableEndTime":"2026-10-07 17:25:00.471"}
{"availableBeginTime":"2026-10-07 00:45:00.471","availableEndTime":"2026-10-07 17:25:00.471"}
{"availableBeginTime":"2026-10-07 00:45:00.471","availableEndTime":"2026-10-07 17:25:00.471"}
{"availableBeginTime":"2026-10-07 00:45:00.471","availableEndTime":"2026-10-07 17:25:00.471"}
{"availableBeginTime":"2026-10-07 00:45:00.471","availableEndTime":"2026-10-07 17:25:00.471"}
{"availableBeginTime":"2026-10-07 00:45:00.471","availableEndTime":"2026-10-07 17:25:00.471"}
{"availableBeginTime":"2026-10-07 00:45:00.471","availableEndTime":"2026-10-07 17:25:00.471"}
{"availableBeginTime":"2026-10-07 00:45:00.471","availableEndTime":"2026-10-07 17:25:00.471"}
{"availableBeginTime":"2026-10-07 00:45:00.471","availableEndTime":"2026-10-07 17:25:00.471"}
{"availableBeginTime":"2026-10-07 00:45:00.471","availableEndTime":"2026-10-07 17:25:00.471"}
{"availableBeginTime":"2026-10-07 00:45:00.471","availableEndTime":"2026-10-07 17:25:00.471"}
{"availableBeginTime":"2026-10-07 00:45:00.471","availableEndTime":"2026-10-07 17:25:00.471"}
{"availableBeginTime":"2026-10-07 00:45:00.471","availableEndTime":"2026-10-07 17:25:00.471"}
{"availableBeginTime":"2026-10-07 00:45:00.471","availableEndTime":"2026-10-07 17:25:00.471"}
{"availableBeginTime":"2026-10-07 00:45:00.471","availableEndTime":"2026-10-07 17:25:00.471"}
{"availableBeginTime":"2026-10-07 00:45:00.471","availableEndTime":"2026-10-07 17:25:00.471"}
{"availableBeginTime":"2026-10-07 00:45:00.471","availableEndTime":"2026-10-07 17:25:00.471"}
{"availableBeginTime":"2026-10-07 00:45:00.471","availableEndTime":"2026-10-07 17:25:00.471"}
{"availableBeginTime":"2026-10-07 00:45:00.471","availableEndTime":"2026-10-07 17:25:00.471"}
{"availableBeginTime":"2026-10-07 00:45:00.471","availableEndTime":"2026-10-07 17:25:00.471"}
{"availableBeginTime":"2026-10-07 00:45:00.471","availableEndTime":"2026-10-07 17:25:00.471"}
{"availableBeginTime":"2026-10-07 00:45:00.471","availableEndTime":"2026-10-07 17:25:00.471"}
{"availableBeginTime":"2026-10-07 00:45:00.471","availableEndTime":"2026-10-07 17:25:00.471"}
{"availableBeginTime":"2026-10-07 00:45:00.471","availableEndTime":"2026-10-07 17:25:00.471"}
{"availableBeginTime":"2026-10-07 00:45:00.471","availableEndTime":"2026-10-07 17:25:00.471"}
{"availableBeginTime":"2026-10-07 00:45:00.471","availableEndTime":"2026-10-07 17:25:00.471"}
{"availableBeginTime":"2026-10-07 00:45:00.471","availableEndTime":"2026-10-07 17:25:00.471"}
{"availableBeginTime":"2026-10-07 00:45:00.471","availableEndTime":"2026-10-07 17:25:00.471"}
{"availableBeginTime":"2026-10-07 00:45:00.471","availableEndTime":"2026-10-07 17:25:00.471"}
{"availableBeginTime":"2026-10-07 00:45:00.471","availableEndTime":"2026-10-07 17:25:00.471"}
{"availableBeginTime":"2026-10-07 00:45:00.471","availableEndTime":"2026-10-07 17:25:00.471"}
{"availableBeginTime":"2026-10-07 00:45:00.471","availableEndTime":"2026-10-07 17:25:00.471"}
{"availableBeginTime":"2026-10-07 00:45:00.471","availableEndTime":"2026-10-07 17:25:00.471"}
{"availableBeginTime":"2026-10-07 00:45:00.471","availableEndTime":"2026-10-07 17:25:00.471"}
{"availableBeginTime":"2026-10-07 00:45:00.471","availableEndTime":"2026-10-07 17:25:00.471"}
{"availableBeginTime":"2026-10-07 00:45:00.471","availableEndTime":"2026-10-07 17:25:00.471"}
{"availableBeginTime":"2026-10-07 00:45:00.471","availableEndTime":"2026-10-07 17:25:00.471"}
{"availableBeginTime":"2026-10-07 00:45:00.471","availableEndTime":"2026-10-07 17:25:00.471"}
{"availableBeginTime":"2026-10-07 00:45:00.471","availableEndTime":"2026-10-07 17:25:00.471"}
{"availableBeginTime":"2026-10-07 00:45:00.471","availableEndTime":"2026-10-07 17:25:00.471"}
{"availableBeginTime":"2026-10-07 00:45:00.471","availableEndTime":"2026-10-07 17:25:00.471"}
{"availableBeginTime":"2026-10-07 00:45:00.471","availableEndTime":"2026-10-07 17:25:00.471"}
{"availableBeginTime":"2026-10-07 00:45:00.471","availableEndTime":"2026-10-07 17:25:00.471"}
{"availableBeginTime":"2026-10-07 00:45:00.471","availableEndTime":"2026-10-07 17:25:00.471"}
{"availableBeginTime":"2026-10-07 00:45:00.471","availableEndTime":"2026-10-07 17:25:00.471"}
{"availableBeginTime":"2026-10-07 00:45:00.471","availableEndTime":"2026-10-07 17:25:00.471"}
{"availableBeginTime":"2026-10-07 00:45:00.471","availableEndTime":"2026-10-07 17:25:00.471"}
{"availableBeginTime":"2026-10-07 00:45:00.471","availableEndTime":"2026-10-07 17:25:00.471"}
{"availableBeginTime":"2026-10-07 00:45:00.471","availableEndTime":"2026-10-07 17:25:00.471"}
{"availableBeginTime":"2026-10-07 00:45:00.471","availableEndTime":"2026-10-07 17:25:00.471"}
{"availableBeginTime":"2026-10-07 00:45:00.471","availableEndTime":"2026-10-07 17:25:00.471"}
{"availableBeginTime":"2026-10-07 00:45:00.471","availableEndTime":"2026-10-07 17:25:00.471"}
{"availableBeginTime":"2026-10-07 00:45:00.471","availableEndTime":"2026-10-07 17:25:00.471"}
{"availableBeginTime":"2026-10-07 00:45:00.471","availableEndTime":"2026-10-07 17:25:00.471"}
{"availableBeginTime":"2026-10-07 00:45:00.471","availableEndTime":"2026-10-07 17:25:00.471"}
{"availableBeginTime":"2026-10-07 00:45:00.471","availableEndTime":"2026-10-07 17:25:00.471"}
{"availableBeginTime":"2026-10-07 00:45:00.471","availableEndTime":"2026-10-07 17:25:00.471"}
{"availableBeginTime":"2026-10-07 00:45:00.471","availableEndTime":"2026-10-07 17:25:00.471"}
{"availableBeginTime":"2026-10-07 00:45:00.471","availableEndTime":"2026-10-07 17:25:00.471"}
{"availableBeginTime":"2026-10-07 00:45:00.471","availableEndTime":"2026-10-07 17:25:00.471"}
{"availableBeginTime":"2026-10-07 00:45:00.471","availableEndTime":"2026-10-07 17:25:00.471"}
{"availableBeginTime":"2026-10-07 00:45:00.471","availableEndTime":"2026-10-07 17:25:00.471"}
{"availableBeginTime":"2026-10-07 00:45:00.471","availableEndTime":"2026-10-07 17:25:00.471"}
{"availableBeginTime":"2026-10-07 00:45:00.471","availableEndTime":"2026-10-07 17:25:00.471"}
{"availableBeginTime":"2026-10-07 00:45:00.471","availableEndTime":"2026-10-07 17:25:00.471"}
{"availableBeginTime":"2026-10-07 00:45:00.471","availableEndTime":"2026-10-07 17:25:00.471"}
{"availableBeginTime":"2026-10-07 00:45:00.471","availableEndTime":"2026-10-07 17:25:00.471"}
{"availableBeginTime":"2026-10-07 00:45:00.471","availableEndTime":"2026-10-07 17:25:00.471"}
{"availableBeginTime":"2026-10-07 00:45:00.471","availableEndTime":"2026-10-07 17:25:00.471"}
{"availableBeginTime":"2026-10-07 00:45:00.471","availableEndTime":"2026-10-07 17:25:00.471"}
{"availableBeginTime":"2026-10-07 00:45:00.471","availableEndTime":"2026-10-07 17:25:00.471"}
{"availableBeginTime":"2026-10-07 00:45:00.471","availableEndTime":"2026-10-07 17:25:00.471"}
{"availableBeginTime":"2026-10-07 00:45:00.471","availableEndTime":"2026-10-07 17:25:00.471"}
{"availableBeginTime":"2026-10-07 00:45:00.471","availableEndTime":"2026-10-07 17:25:00.471"}
{"availableBeginTime":"2026-10-07 00:45:00.471","availableEndTime":"2026-10-07 17:25:00.471"}
{"availableBeginTime":"2026-10-07 00:45:00.471","availableEndTime":"2026-10-07 17:25:00.471"}
{"availableBeginTime":"2026-10-07 00:45:00.471","availableEndTime":"2026-10-07 17:25:00.471"}
{"availableBeginTime":"2026-10-07 00:45:00.471","availableEndTime":"2026-10-07 17:25:00.471"}
{"availableBeginTime":"2026-10-07 00:45:00.471","availableEndTime":"2026-10-07 17:25:00.471"}
{"availableBeginTime":"2026-10-07 00:45:00.471","availableEndTime":"2026-10-07 17:25:00.471"}
{"availableBeginTime":"2026-10-07 00:45:00.471","availableEndTime":"2026-10-07 17:25:00.471"}
{"availableBeginTime":"2026-10-07 00:45:00.471","availableEndTime":"2026-10-07 17:25:00.471"}
{"availableBeginTime":"2026-10-07 00:45:00.471","availableEndTime":"2026-10-07 17:25:00.471"}
{"availableBeginTime":"2026-10-07 00:45:00.471","availableEndTime":"2026-10-07 17:25:00.471"}
{"availableBeginTime":"2026-10-07 00:45:00.471","availableEndTime":"2026-10-07 17:25:00.471"}
{"availableBeginTime":"2026-10-07 00:45:00.471","availableEndTime":"2026-10-07 17:25:00.471"}
{"availableBeginTime":"2026-10-07 00:45:00.471","availableEndTime":"2026-10-07 17:25:00.471"}
{"availableBeginTime":"2026-10-07 00:45:00.471","availableEndTime":"2026-10-07 17:25:00.471"}
{"availableBeginTime":"2026-10-07 00:45:00.471","availableEndTime":"2026-10-07 17:25:00.471"}
{"availableBeginTime":"2026-10-07 00:45:00.471","availableEndTime":"2026-10-07 17:25:00.471"}
{"availableBeginTime":"2026-10-07 00:45:00.471","availableEndTime":"2026-10-07 17:25:00.471"}
{"availableBeginTime":"2026-10-07 00:45:00.471","availableEndTime":"2026-10-07 17:25:00.471"}
{"availableBeginTime":"2026-10-07 00:45:00.471","availableEndTime":"2026-10-07 17:25:00.471"}
{"availableBeginTime":"2026-10-07 00:45:00.471","availableEndTime":"2026-10-07 17:25:00.471"}
{"availableBeginTime":"2026-10-07 00:45:00.471","availableEndTime":"2026-10-07 17:25:00.471"}
{"availableBeginTime":"2026-10-07 00:45:00.471","availableEndTime":"2026-10-07 17:25:00.471"}
{"availableBeginTime":"2026-10-07 00:45:00.471","availableEndTime":"2026-10-07 17:25:00.471"}
{"availableBeginTime":"2026-10-07 00:45:00.471","availableEndTime":"2026-10-07 17:25:00.471"}
{"availableBeginTime":"2026-10-07 00:45:00.471","availableEndTime":"2026-10-07 17:25:00.471"}
{"availableBeginTime":"2026-10-07 00:45:00.471","availableEndTime":"2026-10-07 17:25:00.471"}
{"availableBeginTime":"2026-10-07 00:45:00.471","availableEndTime":"2026-10-07 17:25:00.471"}
{"availableBeginTime":"2026-10-07 00:45:00.471","availableEndTime":"2026-10-07 17:25:00.471"}
{"availableBeginTime":"2026-10-07 00:45:00.471","availableEndTime":"2026-10-07 17:25:00.471"}
{"availableBeginTime":"2026-10-07 00:45:00.472","availableEndTime":"2026-10-07 17:25:00.472"}
{"availableBeginTime":"2026-10-07 00:45:00.472","availableEndTime":"2026-10-07 17:25:00.472"}
{"availableBeginTime":"2026-10-07 00:45:00.472","availableEndTime":"2026-10-07 17:25:00.472"}
{"availableBeginTime":"2026-10-07 00:45:00.472","availableEndTime":"2026-10-07 17:25:00.472"}
{"availableBeginTime":"2026-10-07 00:45:00.472","availableEndTime":"2026-10-07 17:25:00.472"}
{"availableBeginTime":"2026-10-07 00:45:00.472","availableEndTime":"2026-10-07 17:25:00.472"}
{"availableBeginTime":"2026-10-07 00:45:00.472","availableEndTime":"2026-10-07 17:25:00.472"}
{"availableBeginTime":"2026-10-07 00:45:00.472","availableEndTime":"2026-10-07 17:25:00.472"}
{"availableBeginTime":"2026-10-07 00:45:00.472","availableEndTime":"2026-10-07 17:25:00.472"}
{"availableBeginTime":"2026-10-07 00:45:00.472","availableEndTime":"2026-10-07 17:25:00.472"}
{"availableBeginTime":"2026-10-07 00:45:00.472","availableEndTime":"2026-10-07 17:25:00.472"}
{"availableBeginTime":"2026-10-07 00:45:00.472","availableEndTime":"2026-10-07 17:25:00.472"}
{"availableBeginTime":"2026-10-07 00:45:00.472","availableEndTime":"2026-10-07 17:25:00.472"}
{"availableBeginTime":"2026-10-07 00:45:00.472","availableEndTime":"2026-10-07 17:25:00.472"}
{"availableBeginTime":"2026-10-07 00:45:00.472","availableEndTime":"2026-10-07 17:25:00.472"}
{"availableBeginTime":"2026-10-07 00:45:00.472","availableEndTime":"2026-10-07 17:25:00.472"}
{"availableBeginTime":"2026-10-07 00:45:00.472","availableEndTime":"2026-10-07 17:25:00.472"}
{"availableBeginTime":"2026-10-07 00:45:00.472","availableEndTime":"2026-10-07 17:25:00.472"}
{"availableBeginTime":"2026-10-07 00:45:00.472","availableEndTime":"2026-10-07 17:25:00.472"}
{"availableBeginTime":"2026-10-07 00:45:00.472","availableEndTime":"2026-10-07 17:25:00.472"}
{"availableBeginTime":"2026-10-07 00:45:00.472","availableEndTime":"2026-10-07 17:25:00.472"}
{"availableBeginTime":"2026-10-07 00:45:00.472","availableEndTime":"2026-10-07 17:25:00.472"}
{"availableBeginTime":"2026-10-07 00:45:00.472","availableEndTime":"2026-10-07 17:25:00.472"}
{"availableBeginTime":"2026-10-07 00:45:00.472","availableEndTime":"2026-10-07 17:25:00.472"}
{"availableBeginTime":"2026-10-07 00:45:00.472","availableEndTime":"2026-10-07 17:25:00.472"}
{"availableBeginTime":"2026-10-07 00:45:00.472","availableEndTime":"2026-10-07 17:25:00.472"}
{"availableBeginTime":"2026-10-07 00:45:00.472","availableEndTime":"2026-10-07 17:25:00.472"}
{"availableBeginTime":"2026-10-07 00:45:00.472","availableEndTime":"2026-10-07 17:25:00.472"}
{"availableBeginTime":"2026-10-07 00:45:00.472","availableEndTime":"2026-10-07 17:25:00.472"}
{"availableBeginTime":"2026-10-07 00:45:00.472","availableEndTime":"2026-10-07 17:25:00.472"}
{"availableBeginTime":"2026-10-07 00:45:00.472","availableEndTime":"2026-10-07 17:25:00.472"}
{"availableBeginTime":"2026-10-07 00:45:00.472","availableEndTime":"2026-10-07 17:25:00.472"}
{"availableBeginTime":"2026-10-07 00:45:00.472","availableEndTime":"2026-10-07 17:25:00.472"}
{"availableBeginTime":"2026-10-07 00:45:00.472","availableEndTime":"2026-10-07 17:25:00.472"}
{"availableBeginTime":"2026-10-07 00:45:00.472","availableEndTime":"2026-10-07 17:25:00.472"}
{"availableBeginTime":"2026-10-07 00:45:00.472","availableEndTime":"2026-10-07 17:25:00.472"}
{"availableBeginTime":"2026-10-07 00:45:00.472","availableEndTime":"2026-10-07 17:25:00.472"}
{"availableBeginTime":"2026-10-07 00:45:00.472","availableEndTime":"2026-10-07 17:25:00.472"}
{"availableBeginTime":"2026-10-07 00:45:00.472","availableEndTime":"2026-10-07 17:25:00.472"}
{"availableBeginTime":"2026-10-07 00:45:00.472","availableEndTime":"2026-10-07 17:25:00.472"}
{"availableBeginTime":"2026-10-07 00:45:00.472","availableEndTime":"2026-10-07 17:25:00.472"}
{"availableBeginTime":"2026-10-07 00:45:00.472","availableEndTime":"2026-10-07 17:25:00.472"}
{"availableBeginTime":"2026-10-07 00:45:00.472","availableEndTime":"2026-10-07 17:25:00.472"}
{"availableBeginTime":"2026-10-07 00:45:00.472","availableEndTime":"2026-10-07 17:25:00.472"}
{"availableBeginTime":"2026-10-07 00:45:00.472","availableEndTime":"2026-10-07 17:25:00.472"}
{"availableBeginTime":"2026-10-07 00:45:00.472","availableEndTime":"2026-10-07 17:25:00.472"}
{"availableBeginTime":"2026-10-07 00:45:00.472","availableEndTime":"2026-10-07 17:25:00.472"}
{"availableBeginTime":"2026-10-07 00:45:00.472","availableEndTime":"2026-10-07 17:25:00.472"}
{"availableBeginTime":"2026-10-07 00:45:00.472","availableEndTime":"2026-10-07 17:25:00.472"}
{"availableBeginTime":"2026-10-07 00:45:00.472","availableEndTime":"2026-10-07 17:25:00.472"}
{"availableBeginTime":"2026-10-07 00:45:00.472","availableEndTime":"2026-10-07 17:25:00.472"}
{"availableBeginTime":"2026-10-07 00:45:00.472","availableEndTime":"2026-10-07 17:25:00.472"}
{"availableBeginTime":"2026-10-07 00:45:00.472","availableEndTime":"2026-10-07 17:25:00.472"}
{"availableBeginTime":"2026-10-07 00:45:00.472","availableEndTime":"2026-10-07 17:25:00.472"}
{"availableBeginTime":"2026-10-07 00:45:00.472","availableEndTime":"2026-10-07 17:25:00.472"}
{"availableBeginTime":"2026-10-07 00:45:00.472","availableEndTime":"2026-10-07 17:25:00.472"}
{"availableBeginTime":"2026-10-07 00:45:00.472","availableEndTime":"2026-10-07 17:25:00.472"}
{"availableBeginTime":"2026-10-07 00:45:00.472","availableEndTime":"2026-10-07 17:25:00.472"}
{"availableBeginTime":"2026-10-07 00:45:00.472","availableEndTime":"2026-10-07 17:25:00.472"}
{"availableBeginTime":"2026-10-07 00:45:00.472","availableEndTime":"2026-10-07 17:25:00.472"}
{"availableBeginTime":"2026-10-07 00:45:00.472","availableEndTime":"2026-10-07 17:25:00.472"}
{"availableBeginTime":"2026-10-07 00:45:00.472","availableEndTime":"2026-10-07 17:25:00.472"}
{"availableBeginTime":"2026-10-07 00:45:00.472","availableEndTime":"2026-10-07 17:25:00.472"}
{"availableBeginTime":"2026-10-07 00:45:00.472","availableEndTime":"2026-10-07 17:25:00.472"}
{"availableBeginTime":"2026-10-07 00:45:00.472","availableEndTime":"2026-10-07 17:25:00.472"}
{"availableBeginTime":"2026-10-07 00:45:00.472","availableEndTime":"2026-10-07 17:25:00.472"}
{"availableBeginTime":"2026-10-07 00:45:00.472","availableEndTime":"2026-10-07 17:25:00.472"}
{"availableBeginTime":"2026-10-07 00:45:00.472","availableEndTime":"2026-10-07 17:25:00.472"}
{"availableBeginTime":"2026-10-07 00:45:00.472","availableEndTime":"2026-10-07 17:25:00.472"}
{"availableBeginTime":"2026-10-07 00:45:00.472","availableEndTime":"2026-10-07 17:25:00.472"}
{"availableBeginTime":"2026-10-07 00:45:00.472","availableEndTime":"2026-10-07 17:25:00.472"}
{"availableBeginTime":"2026-10-07 00:45:00.472","availableEndTime":"2026-10-07 17:25:00.472"}
{"availableBeginTime":"2026-10-07 00:45:00.472","availableEndTime":"2026-10-07 17:25:00.472"}
{"availableBeginTime":"2026-10-07 00:45:00.472","availableEndTime":"2026-10-07 17:25:00.472"}
{"availableBeginTime":"2026-10-07 00:45:00.472","availableEndTime":"2026-10-07 17:25:00.472"}
{"availableBeginTime":"2026-10-07 00:45:00.472","availableEndTime":"2026-10-07 17:25:00.472"}
{"availableBeginTime":"2026-10-07 00:45:00.472","availableEndTime":"2026-10-07 17:25:00.472"}
{"availableBeginTime":"2026-10-07 00:45:00.472","availableEndTime":"2026-10-07 17:25:00.472"}
{"availableBeginTime":"2026-10-07 00:45:00.472","availableEndTime":"2026-10-07 17:25:00.472"}
{"availableBeginTime":"2026-10-07 00:45:00.472","availableEndTime":"2026-10-07 17:25:00.472"}
{"availableBeginTime":"2026-10-07 00:45:00.472","availableEndTime":"2026-10-07 17:25:00.472"}
{"availableBeginTime":"2026-10-07 00:45:00.472","availableEndTime":"2026-10-07 17:25:00.472"}
{"availableBeginTime":"2026-10-07 00:45:00.472","availableEndTime":"2026-10-07 17:25:00.472"}
{"availableBeginTime":"2026-10-07 00:45:00.472","availableEndTime":"2026-10-07 17:25:00.472"}
{"availableBeginTime":"2026-10-07 00:45:00.472","availableEndTime":"2026-10-07 17:25:00.472"}
{"availableBeginTime":"2026-10-07 00:45:00.472","availableEndTime":"2026-10-07 17:25:00.472"}
{"availableBeginTime":"2026-10-07 00:45:00.472","availableEndTime":"2026-10-07 17:25:00.472"}
{"availableBeginTime":"2026-10-07 00:45:00.472","availableEndTime":"2026-10-07 17:25:00.472"}
{"availableBeginTime":"2026-10-07 00:45:00.472","availableEndTime":"2026-10-07 17:25:00.472"}
{"availableBeginTime":"2026-10-07 00:45:00.472","availableEndTime":"2026-10-07 17:25:00.472"}
{"availableBeginTime":"2026-10-07 00:45:00.472","availableEndTime":"2026-10-07 17:25:00.472"}
{"availableBeginTime":"2026-10-07 00:45:00.472","availableEndTime":"2026-10-07 17:25:00.472"}
{"availableBeginTime":"2026-10-07 00:45:00.472","availableEndTime":"2026-10-07 17:25:00.472"}
{"availableBeginTime":"2026-10-07 00:45:00.472","availableEndTime":"2026-10-07 17:25:00.472"}
{"availableBeginTime":"2026-10-07 00:45:00.472","availableEndTime":"2026-10-07 17:25:00.472"}
{"availableBeginTime":"2026-10-07 00:45:00.472","availableEndTime":"2026-10-07 17:25:00.472"}
{"availableBeginTime":"2026-10-07 00:45:00.472","availableEndTime":"2026-10-07 17:25:00.472"}
{"availableBeginTime":"2026-10-07 00:45:00.472","availableEndTime":"2026-10-07 17:25:00.472"}
{"availableBeginTime":"2026-10-07 00:45:00.472","availableEndTime":"2026-10-07 17:25:00.472"}
{"availableBeginTime":"2026-10-07 00:45:00.472","availableEndTime":"2026-10-07 17:25:00.472"}
{"availableBeginTime":"2026-10-07 00:45:00.472","availableEndTime":"2026-10-07 17:25:00.472"}
{"availableBeginTime":"2026-10-07 00:45:00.472","availableEndTime":"2026-10-07 17:25:00.472"}
{"availableBeginTime":"2026-10-07 00:45:00.472","availableEndTime":"2026-10-07 17:25:00.472"}
{"availableBeginTime":"2026-10-07 00:45:00.472","availableEndTime":"2026-10-07 17:25:00.472"}
{"availableBeginTime":"2026-10-07 00:45:00.472","availableEndTime":"2026-10-07 17:25:00.472"}
{"availableBeginTime":"2026-10-07 00:45:00.472","availableEndTime":"2026-10-07 17:25:00.472"}
{"availableBeginTime":"2026-10-07 00:45:00.472","availableEndTime":"2026-10-07 17:25:00.472"}
{"availableBeginTime":"2026-10-07 00:45:00.472","availableEndTime":"2026-10-07 17:25:00.472"}
{"availableBeginTime":"2026-10-07 00:45:00.472","availableEndTime":"2026-10-07 17:25:00.472"}
{"availableBeginTime":"2026-10-07 00:45:00.472","availableEndTime":"2026-10-07 17:25:00.472"}
{"availableBeginTime":"2026-10-07 00:45:00.472","availableEndTime":"2026-10-07 17:25:00.472"}
{"availableBeginTime":"2026-10-07 00:45:00.472","availableEndTime":"2026-10-07 17:25:00.472"}
{"availableBeginTime":"2026-10-07 00:45:00.472","availableEndTime":"2026-10-07 17:25:00.472"}
{"availableBeginTime":"2026-10-07 00:45:00.472","availableEndTime":"2026-10-07 17:25:00.472"}
{"availableBeginTime":"2026-10-07 00:45:00.472","availableEndTime":"2026-10-07 17:25:00.472"}
{"availableBeginTime":"2026-10-07 00:45:00.472","availableEndTime":"2026-10-07 17:25:00.472"}
{"availableBeginTime":"2026-10-07 00:45:00.472","availableEndTime":"2026-10-07 17:25:00.472"}
{"availableBeginTime":"2026-10-07 00:45:00.472","availableEndTime":"2026-10-07 17:25:00.472"}
{"availableBeginTime":"2026-10-07 00:45:00.472","availableEndTime":"2026-10-07 17:25:00.472"}
{"availableBeginTime":"2026-10-07 00:45:00.472","availableEndTime":"2026-10-07 17:25:00.472"}
{"availableBeginTime":"2026-10-07 00:45:00.472","availableEndTime":"2026-10-07 17:25:00.472"}
{"availableBeginTime":"2026-10-07 00:45:00.472","availableEndTime":"2026-10-07 17:25:00.472"}
{"availableBeginTime":"2026-10-07 00:45:00.472","availableEndTime":"2026-10-07 17:25:00.472"}
{"availableBeginTime":"2026-10-07 00:45:00.472","availableEndTime":"2026-10-07 17:25:00.472"}
{"availableBeginTime":"2026-10-07 00:45:00.472","availableEndTime":"2026-10-07 17:25:00.472"}
{"availableBeginTime":"2026-10-07 00:45:00.472","availableEndTime":"2026-10-07 17:25:00.472"}
{"availableBeginTime":"2026-10-07 00:45:00.472","availableEndTime":"2026-10-07 17:25:00.472"}
{"availableBeginTime":"2026-10-07 00:45:00.472","availableEndTime":"2026-10-07 17:25:00.472"}
{"availableBeginTime":"2026-10-07 00:45:00.472","availableEndTime":"2026-10-07 17:25:00.472"}
{"availableBeginTime":"2026-10-07 00:45:00.472","availableEndTime":"2026-10-07 17:25:00.472"}
{"availableBeginTime":"2026-10-07 00:45:00.472","availableEndTime":"2026-10-07 17:25:00.472"}
{"availableBeginTime":"2026-10-07 00:45:00.472","availableEndTime":"2026-10-07 17:25:00.472"}
{"availableBeginTime":"2026-10-07 00:45:00.472","availableEndTime":"2026-10-07 17:25:00.472"}
{"availableBeginTime":"2026-10-07 00:45:00.472","availableEndTime":"2026-10-07 17:25:00.472"}
{"availableBeginTime":"2026-10-07 00:45:00.472","availableEndTime":"2026-10-07 17:25:00.472"}
{"availableBeginTime":"2026-10-07 00:45:00.472","availableEndTime":"2026-10-07 17:25:00.472"}
{"availableBeginTime":"2026-10-07 00:45:00.472","availableEndTime":"2026-10-07 17:25:00.472"}
{"availableBeginTime":"2026-10-07 00:45:00.472","availableEndTime":"2026-10-07 17:25:00.472"}
{"availableBeginTime":"2026-10-07 00:45:00.472","availableEndTime":"2026-10-07 17:25:00.472"}
{"availableBeginTime":"2026-10-07 00:45:00.472","availableEndTime":"2026-10-07 17:25:00.472"}
{"availableBeginTime":"2026-10-07 00:45:00.472","availableEndTime":"2026-10-07 17:25:00.472"}
{"availableBeginTime":"2026-10-07 00:45:00.472","availableEndTime":"2026-10-07 17:25:00.472"}
{"availableBeginTime":"2026-10-07 00:45:00.472","availableEndTime":"2026-10-07 17:25:00.472"}
{"availableBeginTime":"2026-10-07 00:45:00.472","availableEndTime":"2026-10-07 17:25:00.472"}
{"availableBeginTime":"2026-10-07 00:45:00.472","availableEndTime":"2026-10-07 17:25:00.472"}
{"availableBeginTime":"2026-10-07 00:45:00.472","availableEndTime":"2026-10-07 17:25:00.472"}
{"availableBeginTime":"2026-10-07 00:45:00.472","availableEndTime":"2026-10-07 17:25:00.472"}
{"availableBeginTime":"2026-10-07 00:45:00.472","availableEndTime":"2026-10-07 17:25:00.472"}
{"availableBeginTime":"2026-10-07 00:45:00.472","availableEndTime":"2026-10-07 17:25:00.472"}
{"availableBeginTime":"2026-10-07 00:45:00.472","availableEndTime":"2026-10-07 17:25:00.472"}
{"availableBeginTime":"2026-10-07 00:45:00.472","availableEndTime":"2026-10-07 17:25:00.472"}
{"availableBeginTime":"2026-10-07 00:45:00.472","availableEndTime":"2026-10-07 17:25:00.472"}
{"availableBeginTime":"2026-10-07 00:45:00.472","availableEndTime":"2026-10-07 17:25:00.472"}
{"availableBeginTime":"2026-10-07 00:45:00.472","availableEndTime":"2026-10-07 17:25:00.472"}
{"availableBeginTime":"2026-10-07 00:45:00.472","availableEndTime":"2026-10-07 17:25:00.472"}
{"availableBeginTime":"2026-10-07 00:45:00.472","availableEndTime":"2026-10-07 17:25:00.472"}
{"availableBeginTime":"2026-10-07 00:45:00.472","availableEndTime":"2026-10-07 17:25:00.472"}
{"availableBeginTime":"2026-10-07 00:45:00.472","availableEndTime":"2026-10-07 17:25:00.472"}
{"availableBeginTime":"2026-10-07 00:45:00.472","availableEndTime":"2026-10-07 17:25:00.472"}
{"availableBeginTime":"2026-10-07 00:45:00.472","availableEndTime":"2026-10-07 17:25:00.472"}
{"availableBeginTime":"2026-10-07 00:45:00.472","availableEndTime":"2026-10-07 17:25:00.472"}
{"availableBeginTime":"2026-10-07 00:45:00.472","availableEndTime":"2026-10-07 17:25:00.472"}
{"availableBeginTime":"2026-10-07 00:45:00.472","availableEndTime":"2026-10-07 17:25:00.472"}
{"availableBeginTime":"2026-10-07 00:45:00.472","availableEndTime":"2026-10-07 17:25:00.472"}
{"availableBeginTime":"2026-10-07 00:45:00.472","availableEndTime":"2026-10-07 17:25:00.472"}
{"availableBeginTime":"2026-10-07 00:45:00.472","availableEndTime":"2026-10-07 17:25:00.472"}
{"availableBeginTime":"2026-10-07 00:45:00.472","availableEndTime":"2026-10-07 17:25:00.472"}
{"availableBeginTime":"2026-10-07 00:45:00.472","availableEndTime":"2026-10-07 17:25:00.472"}
{"availableBeginTime":"2026-10-07 00:45:00.472","availableEndTime":"2026-10-07 17:25:00.472"}
{"availableBeginTime":"2026-10-07 00:45:00.472","availableEndTime":"2026-10-07 17:25:00.472"}
{"availableBeginTime":"2026-10-07 00:45:00.472","availableEndTime":"2026-10-07 17:25:00.472"}
{"availableBeginTime":"2026-10-07 00:45:00.472","availableEndTime":"2026-10-07 17:25:00.472"}
{"availableBeginTime":"2026-10-07 00:45:00.472","availableEndTime":"2026-10-07 17:25:00.472"}
{"availableBeginTime":"2026-10-07 00:45:00.472","availableEndTime":"2026-10-07 17:25:00.472"}
{"availableBeginTime":"2026-10-07 00:45:00.472","availableEndTime":"2026-10-07 17:25:00.472"}
{"availableBeginTime":"2026-10-07 00:45:00.472","availableEndTime":"2026-10-07 17:25:00.472"}
{"availableBeginTime":"2026-10-07 00:45:00.472","availableEndTime":"2026-10-07 17:25:00.472"}
{"availableBeginTime":"2026-10-07 00:45:00.472","availableEndTime":"2026-10-07 17:25:00.472"}
{"availableBeginTime":"2026-10-07 00:45:00.472","availableEndTime":"2026-10-07 17:25:00.472"}
{"availableBeginTime":"2026-10-07 00:45:00.472","availableEndTime":"2026-10-07 17:25:00.472"}
{"availableBeginTime":"2026-10-07 00:45:00.472","availableEndTime":"2026-10-07 17:25:00.472"}
{"availableBeginTime":"2026-10-07 00:45:00.472","availableEndTime":"2026-10-07 17:25:00.472"}
{"availableBeginTime":"2026-10-07 00:45:00.472","availableEndTime":"2026-10-07 17:25:00.472"}
{"availableBeginTime":"2026-10-07 00:45:00.472","availableEndTime":"2026-10-07 17:25:00.472"}
{"availableBeginTime":"2026-10-07 00:45:00.472","availableEndTime":"2026-10-07 17:25:00.472"}
{"availableBeginTime":"2026-10-07 00:45:00.472","availableEndTime":"2026-10-07 17:25:00.472"}
{"availableBeginTime":"2026-10-07 00:45:00.472","availableEndTime":"2026-10-07 17:25:00.472"}
{"availableBeginTime":"2026-10-07 00:45:00.472","availableEndTime":"2026-10-07 17:25:00.472"}
{"availableBeginTime":"2026-10-07 00:45:00.472","availableEndTime":"2026-10-07 17:25:00.472"}
{"availableBeginTime":"2026-10-07 00:45:00.472","availableEndTime":"2026-10-07 17:25:00.472"}
{"availableBeginTime":"2026-10-07 00:45:00.472","availableEndTime":"2026-10-07 17:25:00.472"}
{"availableBeginTime":"2026-10-07 00:45:00.472","availableEndTime":"2026-10-07 17:25:00.472"}
{"availableBeginTime":"2026-10-07 00:45:00.472","availableEndTime":"2026-10-07 17:25:00.472"}
{"availableBeginTime":"2026-10-07 00:45:00.472","availableEndTime":"2026-10-07 17:25:00.472"}
{"availableBeginTime":"2026-10-07 00:45:00.472","availableEndTime":"2026-10-07 17:25:00.472"}
{"availableBeginTime":"2026-10-07 00:45:00.472","availableEndTime":"2026-10-07 17:25:00.472"}
{"availableBeginTime":"2026-10-07 00:45:00.472","availableEndTime":"2026-10-07 17:25:00.472"}
{"availableBeginTime":"2026-10-07 00:45:00.472","availableEndTime":"2026-10-07 17:25:00.472"}
{"availableBeginTime":"2026-10-07 00:45:00.472","availableEndTime":"2026-10-07 17:25:00.472"}
{"availableBeginTime":"2026-10-07 00:45:00.472","availableEndTime":"2026-10-07 17:25:00.472"}
{"availableBeginTime":"2026-10-07 00:45:00.472","availableEndTime":"2026-10-07 17:25:00.472"}
{"availableBeginTime":"2026-10-07 00:45:00.472","availableEndTime":"2026-10-07 17:25:00.472"}
{"availableBeginTime":"2026-10-07 00:45:00.472","availableEndTime":"2026-10-07 17:25:00.472"}
{"availableBeginTime":"2026-10-07 00:45:00.472","availableEndTime":"2026-10-07 17:25:00.472"}
{"availableBeginTime":"2026-10-07 00:45:00.472","availableEndTime":"2026-10-07 17:25:00.472"}
{"availableBeginTime":"2026-10-07 00:45:00.472","availableEndTime":"2026-10-07 17:25:00.472"}
{"availableBeginTime":"2026-10-07 00:45:00.472","availableEndTime":"2026-10-07 17:25:00.472"}
{"availableBeginTime":"2026-10-07 00:45:00.472","availableEndTime":"2026-10-07 17:25:00.472"}
{"availableBeginTime":"2026-10-07 00:45:00.472","availableEndTime":"2026-10-07 17:25:00.472"}
{"availableBeginTime":"2026-10-07 00:45:00.472","availableEndTime":"2026-10-07 17:25:00.472"}
{"availableBeginTime":"2026-10-07 00:45:00.472","availableEndTime":"2026-10-07 17:25:00.472"}
{"availableBeginTime":"2026-10-07 00:45:00.472","availableEndTime":"2026-10-07 17:25:00.472"}
{"availableBeginTime":"2026-10-07 00:45:00.472","availableEndTime":"2026-10-07 17:25:00.472"}
{"availableBeginTime":"2026-10-07 00:45:00.472","availableEndTime":"2026-10-07 17:25:00.472"}
{"availableBeginTime":"2026-10-07 00:45:00.472","availableEndTime":"2026-10-07 17:25:00.472"}
{"availableBeginTime":"2026-10-07 00:45:00.472","availableEndTime":"2026-10-07 17:25:00.472"}
{"availableBeginTime":"2026-10-07 00:45:00.472","availableEndTime":"2026-10-07 17:25:00.472"}
{"availableBeginTime":"2026-10-07 00:45:00.472","availableEndTime":"2026-10-07 17:25:00.472"}
{"availableBeginTime":"2026-10-07 00:45:00.472","availableEndTime":"2026-10-07 17:25:00.472"}
{"availableBeginTime":"2026-10-07 00:45:00.472","availableEndTime":"2026-10-07 17:25:00.472"}
{"availableBeginTime":"2026-10-07 00:45:00.472","availableEndTime":"2026-10-07 17:25:00.472"}
{"availableBeginTime":"2026-10-07 00:45:00.472","availableEndTime":"2026-10-07 17:25:00.472"}
{"availableBeginTime":"2026-10-07 00:45:00.472","availableEndTime":"2026-10-07 17:25:00.472"}
{"availableBeginTime":"2026-10-07 00:45:00.472","availableEndTime":"2026-10-07 17:25:00.472"}
{"availableBeginTime":"2026-10-07 00:45:00.472","availableEndTime":"2026-10-07 17:25:00.472"}
{"availableBeginTime":"2026-10-07 00:45:00.472","availableEndTime":"2026-10-07 17:25:00.472"}
{"availableBeginTime":"2026-10-07 00:45:00.472","availableEndTime":"2026-10-07 17:25:00.472"}
{"availableBeginTime":"2026-10-07 00:45:00.472","availableEndTime":"2026-10-07 17:25:00.472"}
{"availableBeginTime":"2026-10-07 00:45:00.472","availableEndTime":"2026-10-07 17:25:00.472"}
{"availableBeginTime":"2026-10-07 00:45:00.472","availableEndTime":"2026-10-07 17:25:00.472"}
{"availableBeginTime":"2026-10-07 00:45:00.472","availableEndTime":"2026-10-07 17:25:00.472"}
{"availableBeginTime":"2026-10-07 00:45:00.472","availableEndTime":"2026-10-07 17:25:00.472"}
{"availableBeginTime":"2026-10-07 00:45:00.472","availableEndTime":"2026-10-07 17:25:00.472"}
{"availableBeginTime":"2026-10-07 00:45:00.472","availableEndTime":"2026-10-07 17:25:00.472"}
{"availableBeginTime":"2026-10-07 00:45:00.472","availableEndTime":"2026-10-07 17:25:00.472"}
{"availableBeginTime":"2026-10-07 00:45:00.472","availableEndTime":"2026-10-07 17:25:00.472"}
{"availableBeginTime":"2026-10-07 00:45:00.472","availableEndTime":"2026-10-07 17:25:00.472"}
{"availableBeginTime":"2026-10-07 00:45:00.472","availableEndTime":"2026-10-07 17:25:00.472"}
{"availableBeginTime":"2026-10-07 00:45:00.472","availableEndTime":"2026-10-07 17:25:00.472"}
{"availableBeginTime":"2026-10-07 00:45:00.472","availableEndTime":"2026-10-07 17:25:00.472"}
{"availableBeginTime":"2026-10-07 00:45:00.472","availableEndTime":"2026-10-07 17:25:00.472"}
{"availableBeginTime":"2026-10-07 00:45:00.472","availableEndTime":"2026-10-07 17:25:00.472"}
{"availableBeginTime":"2026-10-07 00:45:00.472","availableEndTime":"2026-10-07 17:25:00.472"}
{"availableBeginTime":"2026-10-07 00:45:00.472","availableEndTime":"2026-10-07 17:25:00.472"}
{"availableBeginTime":"2026-10-07 00:45:00.472","availableEndTime":"2026-10-07 17:25:00.472"}
{"availableBeginTime":"2026-10-07 00:45:00.472","availableEndTime":"2026-10-07 17:25:00.472"}
{"availableBeginTime":"2026-10-07 00:45:00.472","availableEndTime":"2026-10-07 17:25:00.472"}
{"availableBeginTime":"2026-10-07 00:45:00.472","availableEndTime":"2026-10-07 17:25:00.472"}
{"availableBeginTime":"2026-10-07 00:45:00.472","availableEndTime":"2026-10-07 17:25:00.472"}
{"availableBeginTime":"2026-10-07 00:45:00.472","availableEndTime":"2026-10-07 17:25:00.472"}
{"availableBeginTime":"2026-10-07 00:45:00.472","availableEndTime":"2026-10-07 17:25:00.472"}
{"availableBeginTime":"2026-10-07 00:45:00.472","availableEndTime":"2026-10-07 17:25:00.472"}
{"availableBeginTime":"2026-10-07 00:45:00.472","availableEndTime":"2026-10-07 17:25:00.472"}
{"availableBeginTime":"2026-10-07 00:45:00.472","availableEndTime":"2026-10-07 17:25:00.472"}
{"availableBeginTime":"2026-10-07 00:45:00.472","availableEndTime":"2026-10-07 17:25:00.472"}
{"availableBeginTime":"2026-10-07 00:45:00.472","availableEndTime":"2026-10-07 17:25:00.472"}
{"availableBeginTime":"2026-10-07 00:45:00.472","availableEndTime":"2026-10-07 17:25:00.472"}
{"availableBeginTime":"2026-10-07 00:45:00.472","availableEndTime":"2026-10-07 17:25:00.472"}
{"availableBeginTime":"2026-10-07 00:45:00.472","availableEndTime":"2026-10-07 17:25:00.472"}
{"availableBeginTime":"2026-10-07 00:45:00.472","availableEndTime":"2026-10-07 17:25:00.472"}
{"availableBeginTime":"2026-10-07 00:45:00.472","availableEndTime":"2026-10-07 17:25:00.472"}
{"availableBeginTime":"2026-10-07 00:45:00.472","availableEndTime":"2026-10-07 17:25:00.472"}
{"availableBeginTime":"2026-10-07 00:45:00.472","availableEndTime":"2026-10-07 17:25:00.472"}
{"availableBeginTime":"2026-10-07 00:45:00.472","availableEndTime":"2026-10-07 17:25:00.472"}
{"availableBeginTime":"2026-10-07 00:45:00.472","availableEndTime":"2026-10-07 17:25:00.472"}
{"availableBeginTime":"2026-10-07 00:45:00.472","availableEndTime":"2026-10-07 17:25:00.472"}
{"availableBeginTime":"2026-10-07 00:45:00.472","availableEndTime":"2026-10-07 17:25:00.472"}
{"availableBeginTime":"2026-10-07 00:45:00.472","availableEndTime":"2026-10-07 17:25:00.472"}
{"availableBeginTime":"2026-10-07 00:45:00.472","availableEndTime":"2026-10-07 17:25:00.472"}
{"availableBeginTime":"2026-10-07 00:45:00.472","availableEndTime":"2026-10-07 17:25:00.472"}
{"availableBeginTime":"2026-10-07 00:45:00.472","availableEndTime":"2026-10-07 17:25:00.472"}
{"availableBeginTime":"2026-10-07 00:45:00.472","availableEndTime":"2026-10-07 17:25:00.472"}
{"availableBeginTime":"2026-10-07 00:45:00.472","availableEndTime":"2026-10-07 17:25:00.472"}
{"availableBeginTime":"2026-10-07 00:45:00.472","availableEndTime":"2026-10-07 17:25:00.472"}
{"availableBeginTime":"2026-10-07 00:45:00.472","availableEndTime":"2026-10-07 17:25:00.472"}
{"availableBeginTime":"2026-10-07 00:45:00.472","availableEndTime":"2026-10-07 17:25:00.472"}
{"availableBeginTime":"2026-10-07 00:45:00.472","availableEndTime":"2026-10-07 17:25:00.472"}
{"availableBeginTime":"2026-10-07 00:45:00.472","availableEndTime":"2026-10-07 17:25:00.472"}
{"availableBeginTime":"2026-10-07 00:45:00.472","availableEndTime":"2026-10-07 17:25:00.472"}
{"availableBeginTime":"2026-10-07 00:45:00.472","availableEndTime":"2026-10-07 17:25:00.472"}
{"availableBeginTime":"2026-10-07 00:45:00.472","availableEndTime":"2026-10-07 17:25:00.472"}
{"availableBeginTime":"2026-10-07 00:45:00.472","availableEndTime":"2026-10-07 17:25:00.472"}
{"availableBeginTime":"2026-10-07 00:45:00.472","availableEndTime":"2026-10-07 17:25:00.472"}
{"availableBeginTime":"2026-10-07 00:45:00.472","availableEndTime":"2026-10-07 17:25:00.472"}
{"availableBeginTime":"2026-10-07 00:45:00.472","availableEndTime":"2026-10-07 17:25:00.472"}
{"availableBeginTime":"2026-10-07 00:45:00.472","availableEndTime":"2026-10-07 17:25:00.472"}
{"availableBeginTime":"2026-10-07 00:45:00.472","availableEndTime":"2026-10-07 17:25:00.472"}
{"availableBeginTime":"2026-10-07 00:45:00.472","availableEndTime":"2026-10-07 17:25:00.472"}
{"availableBeginTime":"2026-10-07 00:45:00.472","availableEndTime":"2026-10-07 17:25:00.472"}
{"availableBeginTime":"2026-10-07 00:45:00.472","availableEndTime":"2026-10-07 17:25:00.472"}
{"availableBeginTime":"2026-10-07 00:45:00.472","availableEndTime":"2026-10-07 17:25:00.472"}
{"availableBeginTime":"2026-10-07 00:45:00.472","availableEndTime":"2026-10-07 17:25:00.472"}
{"availableBeginTime":"2026-10-07 00:45:00.472","availableEndTime":"2026-10-07 17:25:00.472"}
{"availableBeginTime":"2026-10-07 00:45:00.472","availableEndTime":"2026-10-07 17:25:00.472"}
{"availableBeginTime":"2026-10-07 00:45:00.472","availableEndTime":"2026-10-07 17:25:00.472"}
{"availableBeginTime":"2026-10-07 00:45:00.472","availableEndTime":"2026-10-07 17:25:00.472"}
{"availableBeginTime":"2026-10-07 00:45:00.472","availableEndTime":"2026-10-07 17:25:00.472"}
{"availableBeginTime":"2026-10-07 00:45:00.472","availableEndTime":"2026-10-07 17:25:00.472"}
{"availableBeginTime":"2026-10-07 00:45:00.472","availableEndTime":"2026-10-07 17:25:00.472"}
{"availableBeginTime":"2026-10-07 00:45:00.472","availableEndTime":"2026-10-07 17:25:00.472"}
{"availableBeginTime":"2026-10-07 00:45:00.472","availableEndTime":"2026-10-07 17:25:00.472"}
{"availableBeginTime":"2026-10-07 00:45:00.472","availableEndTime":"2026-10-07 17:25:00.472"}
{"availableBeginTime":"2026-10-07 00:45:00.472","availableEndTime":"2026-10-07 17:25:00.472"}
{"availableBeginTime":"2026-10-07 00:45:00.472","availableEndTime":"2026-10-07 17:25:00.472"}
{"availableBeginTime":"2026-10-07 00:45:00.472","availableEndTime":"2026-10-07 17:25:00.472"}
{"availableBeginTime":"2026-10-07 00:45:00.472","availableEndTime":"2026-10-07 17:25:00.472"}
{"availableBeginTime":"2026-10-07 00:45:00.472","availableEndTime":"2026-10-07 17:25:00.472"}
{"availableBeginTime":"2026-10-07 00:45:00.472","availableEndTime":"2026-10-07 17:25:00.472"}
{"availableBeginTime":"2026-10-07 00:45:00.472","availableEndTime":"2026-10-07 17:25:00.472"}
{"availableBeginTime":"2026-10-07 00:45:00.473","availableEndTime":"2026-10-07 17:25:00.473"}
{"availableBeginTime":"2026-10-07 00:45:00.473","availableEndTime":"2026-10-07 17:25:00.473"}
{"availableBeginTime":"2026-10-07 00:45:00.473","availableEndTime":"2026-10-07 17:25:00.473"}
{"availableBeginTime":"2026-10-07 00:45:00.473","availableEndTime":"2026-10-07 17:25:00.473"}
{"availableBeginTime":"2026-10-07 00:45:00.473","availableEndTime":"2026-10-07 17:25:00.473"}
{"availableBeginTime":"2026-10-07 00:45:00.473","availableEndTime":"2026-10-07 17:25:00.473"}
{"availableBeginTime":"2026-10-07 00:45:00.473","availableEndTime":"2026-10-07 17:25:00.473"}
{"availableBeginTime":"2026-10-07 00:45:00.473","availableEndTime":"2026-10-07 17:25:00.473"}
{"availableBeginTime":"2026-10-07 00:45:00.473","availableEndTime":"2026-10-07 17:25:00.473"}
{"availableBeginTime":"2026-10-07 00:45:00.473","availableEndTime":"2026-10-07 17:25:00.473"}
{"availableBeginTime":"2026-10-07 00:45:00.473","availableEndTime":"2026-10-07 17:25:00.473"}
{"availableBeginTime":"2026-10-07 00:45:00.473","availableEndTime":"2026-10-07 17:25:00.473"}
{"availableBeginTime":"2026-10-07 00:45:00.473","availableEndTime":"2026-10-07 17:25:00.473"}
{"availableBeginTime":"2026-10-07 00:45:00.473","availableEndTime":"2026-10-07 17:25:00.473"}
{"availableBeginTime":"2026-10-07 00:45:00.473","availableEndTime":"2026-10-07 17:25:00.473"}
{"availableBeginTime":"2026-10-07 00:45:00.473","availableEndTime":"2026-10-07 17:25:00.473"}
{"availableBeginTime":"2026-10-07 00:45:00.473","availableEndTime":"2026-10-07 17:25:00.473"}
{"availableBeginTime":"2026-10-07 00:45:00.473","availableEndTime":"2026-10-07 17:25:00.473"}
{"availableBeginTime":"2026-10-07 00:45:00.473","availableEndTime":"2026-10-07 17:25:00.473"}
{"availableBeginTime":"2026-10-07 00:45:00.473","availableEndTime":"2026-10-07 17:25:00.473"}
{"availableBeginTime":"2026-10-07 00:45:00.473","availableEndTime":"2026-10-07 17:25:00.473"}
{"availableBeginTime":"2026-10-07 00:45:00.473","availableEndTime":"2026-10-07 17:25:00.473"}
{"availableBeginTime":"2026-10-07 00:45:00.473","availableEndTime":"2026-10-07 17:25:00.473"}
{"availableBeginTime":"2026-10-07 00:45:00.473","availableEndTime":"2026-10-07 17:25:00.473"}
{"availableBeginTime":"2026-10-07 00:45:00.473","availableEndTime":"2026-10-07 17:25:00.473"}
{"availableBeginTime":"2026-10-07 00:45:00.473","availableEndTime":"2026-10-07 17:25:00.473"}
{"availableBeginTime":"2026-10-07 00:45:00.473","availableEndTime":"2026-10-07 17:25:00.473"}
{"availableBeginTime":"2026-10-07 00:45:00.473","availableEndTime":"2026-10-07 17:25:00.473"}
{"availableBeginTime":"2026-10-07 00:45:00.473","availableEndTime":"2026-10-07 17:25:00.473"}
{"availableBeginTime":"2026-10-07 00:45:00.473","availableEndTime":"2026-10-07 17:25:00.473"}
{"availableBeginTime":"2026-10-07 00:45:00.473","availableEndTime":"2026-10-07 17:25:00.473"}
{"availableBeginTime":"2026-10-07 00:45:00.473","availableEndTime":"2026-10-07 17:25:00.473"}
{"availableBeginTime":"2026-10-07 00:45:00.473","availableEndTime":"2026-10-07 17:25:00.473"}
{"availableBeginTime":"2026-10-07 00:45:00.473","availableEndTime":"2026-10-07 17:25:00.473"}
{"availableBeginTime":"2026-10-07 00:45:00.473","availableEndTime":"2026-10-07 17:25:00.473"}
{"availableBeginTime":"2026-10-07 00:45:00.473","availableEndTime":"2026-10-07 17:25:00.473"}
{"availableBeginTime":"2026-10-07 00:45:00.473","availableEndTime":"2026-10-07 17:25:00.473"}
{"availableBeginTime":"2026-10-07 00:45:00.473","availableEndTime":"2026-10-07 17:25:00.473"}
{"availableBeginTime":"2026-10-07 00:45:00.473","availableEndTime":"2026-10-07 17:25:00.473"}
{"availableBeginTime":"2026-10-07 00:45:00.473","availableEndTime":"2026-10-07 17:25:00.473"}
{"availableBeginTime":"2026-10-07 00:45:00.473","availableEndTime":"2026-10-07 17:25:00.473"}
{"availableBeginTime":"2026-10-07 00:45:00.473","availableEndTime":"2026-10-07 17:25:00.473"}
{"availableBeginTime":"2026-10-07 00:45:00.473","availableEndTime":"2026-10-07 17:25:00.473"}
{"availableBeginTime":"2026-10-07 00:45:00.473","availableEndTime":"2026-10-07 17:25:00.473"}
{"availableBeginTime":"2026-10-07 00:45:00.473","availableEndTime":"2026-10-07 17:25:00.473"}
{"availableBeginTime":"2026-10-07 00:45:00.473","availableEndTime":"2026-10-07 17:25:00.473"}
{"availableBeginTime":"2026-10-07 00:45:00.473","availableEndTime":"2026-10-07 17:25:00.473"}
{"availableBeginTime":"2026-10-07 00:45:00.473","availableEndTime":"2026-10-07 17:25:00.473"}
{"availableBeginTime":"2026-10-07 00:45:00.473","availableEndTime":"2026-10-07 17:25:00.473"}
{"availableBeginTime":"2026-10-07 00:45:00.473","availableEndTime":"2026-10-07 17:25:00.473"}
{"availableBeginTime":"2026-10-07 00:45:00.473","availableEndTime":"2026-10-07 17:25:00.473"}
{"availableBeginTime":"2026-10-07 00:45:00.473","availableEndTime":"2026-10-07 17:25:00.473"}
{"availableBeginTime":"2026-10-07 00:45:00.473","availableEndTime":"2026-10-07 17:25:00.473"}
{"availableBeginTime":"2026-10-07 00:45:00.473","availableEndTime":"2026-10-07 17:25:00.473"}
{"availableBeginTime":"2026-10-07 00:45:00.473","availableEndTime":"2026-10-07 17:25:00.473"}
{"availableBeginTime":"2026-10-07 00:45:00.473","availableEndTime":"2026-10-07 17:25:00.473"}
{"availableBeginTime":"2026-10-07 00:45:00.473","availableEndTime":"2026-10-07 17:25:00.473"}
{"availableBeginTime":"2026-10-07 00:45:00.473","availableEndTime":"2026-10-07 17:25:00.473"}
{"availableBeginTime":"2026-10-07 00:45:00.473","availableEndTime":"2026-10-07 17:25:00.473"}
{"availableBeginTime":"2026-10-07 00:45:00.473","availableEndTime":"2026-10-07 17:25:00.473"}
{"availableBeginTime":"2026-10-07 00:45:00.473","availableEndTime":"2026-10-07 17:25:00.473"}
{"availableBeginTime":"2026-10-07 00:45:00.473","availableEndTime":"2026-10-07 17:25:00.473"}
{"availableBeginTime":"2026-10-07 00:45:00.473","availableEndTime":"2026-10-07 17:25:00.473"}
{"availableBeginTime":"2026-10-07 00:45:00.473","availableEndTime":"2026-10-07 17:25:00.473"}
{"availableBeginTime":"2026-10-07 00:45:00.473","availableEndTime":"2026-10-07 17:25:00.473"}
{"availableBeginTime":"2026-10-07 00:45:00.473","availableEndTime":"2026-10-07 17:25:00.473"}
{"availableBeginTime":"2026-10-07 00:45:00.473","availableEndTime":"2026-10-07 17:25:00.473"}
{"availableBeginTime":"2026-10-07 00:45:00.473","availableEndTime":"2026-10-07 17:25:00.473"}
{"availableBeginTime":"2026-10-07 00:45:00.473","availableEndTime":"2026-10-07 17:25:00.473"}
{"availableBeginTime":"2026-10-07 00:45:00.473","availableEndTime":"2026-10-07 17:25:00.473"}
{"availableBeginTime":"2026-10-07 00:45:00.473","availableEndTime":"2026-10-07 17:25:00.473"}
{"availableBeginTime":"2026-10-07 00:45:00.473","availableEndTime":"2026-10-07 17:25:00.473"}
{"availableBeginTime":"2026-10-07 00:45:00.473","availableEndTime":"2026-10-07 17:25:00.473"}
{"availableBeginTime":"2026-10-07 00:45:00.473","availableEndTime":"2026-10-07 17:25:00.473"}
{"availableBeginTime":"2026-10-07 00:45:00.473","availableEndTime":"2026-10-07 17:25:00.473"}
{"availableBeginTime":"2026-10-07 00:45:00.473","availableEndTime":"2026-10-07 17:25:00.473"}
{"availableBeginTime":"2026-10-07 00:45:00.473","availableEndTime":"2026-10-07 17:25:00.473"}
{"availableBeginTime":"2026-10-07 00:45:00.473","availableEndTime":"2026-10-07 17:25:00.473"}
{"availableBeginTime":"2026-10-07 00:45:00.473","availableEndTime":"2026-10-07 17:25:00.473"}
{"availableBeginTime":"2026-10-07 00:45:00.473","availableEndTime":"2026-10-07 17:25:00.473"}
{"availableBeginTime":"2026-10-07 00:45:00.473","availableEndTime":"2026-10-07 17:25:00.473"}
{"availableBeginTime":"2026-10-07 00:45:00.473","availableEndTime":"2026-10-07 17:25:00.473"}
{"availableBeginTime":"2026-10-07 00:45:00.473","availableEndTime":"2026-10-07 17:25:00.473"}
{"availableBeginTime":"2026-10-07 00:45:00.473","availableEndTime":"2026-10-07 17:25:00.473"}
{"availableBeginTime":"2026-10-07 00:45:00.473","availableEndTime":"2026-10-07 17:25:00.473"}
{"availableBeginTime":"2026-10-07 00:45:00.473","availableEndTime":"2026-10-07 17:25:00.473"}
{"availableBeginTime":"2026-10-07 00:45:00.473","availableEndTime":"2026-10-07 17:25:00.473"}
{"availableBeginTime":"2026-10-07 00:45:00.473","availableEndTime":"2026-10-07 17:25:00.473"}
{"availableBeginTime":"2026-10-07 00:45:00.473","availableEndTime":"2026-10-07 17:25:00.473"}
{"availableBeginTime":"2026-10-07 00:45:00.473","availableEndTime":"2026-10-07 17:25:00.473"}
{"availableBeginTime":"2026-10-07 00:45:00.473","availableEndTime":"2026-10-07 17:25:00.473"}
{"availableBeginTime":"2026-10-07 00:45:00.473","availableEndTime":"2026-10-07 17:25:00.473"}
{"availableBeginTime":"2026-10-07 00:45:00.473","availableEndTime":"2026-10-07 17:25:00.473"}
{"availableBeginTime":"2026-10-07 00:45:00.473","availableEndTime":"2026-10-07 17:25:00.473"}
{"availableBeginTime":"2026-10-07 00:45:00.473","availableEndTime":"2026-10-07 17:25:00.473"}
{"availableBeginTime":"2026-10-07 00:45:00.473","availableEndTime":"2026-10-07 17:25:00.473"}
{"availableBeginTime":"2026-10-07 00:45:00.473","availableEndTime":"2026-10-07 17:25:00.473"}
{"availableBeginTime":"2026-10-07 00:45:00.473","availableEndTime":"2026-10-07 17:25:00.473"}
{"availableBeginTime":"2026-10-07 00:45:00.473","availableEndTime":"2026-10-07 17:25:00.473"}
{"availableBeginTime":"2026-10-07 00:45:00.473","availableEndTime":"2026-10-07 17:25:00.473"}
{"availableBeginTime":"2026-10-07 00:45:00.473","availableEndTime":"2026-10-07 17:25:00.473"}
{"availableBeginTime":"2026-10-07 00:45:00.473","availableEndTime":"2026-10-07 17:25:00.473"}
{"availableBeginTime":"2026-10-07 00:45:00.473","availableEndTime":"2026-10-07 17:25:00.473"}
{"availableBeginTime":"2026-10-07 00:45:00.473","availableEndTime":"2026-10-07 17:25:00.473"}
{"availableBeginTime":"2026-10-07 00:45:00.473","availableEndTime":"2026-10-07 17:25:00.473"}
{"availableBeginTime":"2026-10-07 00:45:00.473","availableEndTime":"2026-10-07 17:25:00.473"}
{"availableBeginTime":"2026-10-07 00:45:00.473","availableEndTime":"2026-10-07 17:25:00.473"}
{"availableBeginTime":"2026-10-07 00:45:00.473","availableEndTime":"2026-10-07 17:25:00.473"}
{"availableBeginTime":"2026-10-07 00:45:00.473","availableEndTime":"2026-10-07 17:25:00.473"}
{"availableBeginTime":"2026-10-07 00:45:00.473","availableEndTime":"2026-10-07 17:25:00.473"}
{"availableBeginTime":"2026-10-07 00:45:00.473","availableEndTime":"2026-10-07 17:25:00.473"}
{"availableBeginTime":"2026-10-07 00:45:00.473","availableEndTime":"2026-10-07 17:25:00.473"}
{"availableBeginTime":"2026-10-07 00:45:00.473","availableEndTime":"2026-10-07 17:25:00.473"}
{"availableBeginTime":"2026-10-07 00:45:00.473","availableEndTime":"2026-10-07 17:25:00.473"}
{"availableBeginTime":"2026-10-07 00:45:00.473","availableEndTime":"2026-10-07 17:25:00.473"}
{"availableBeginTime":"2026-10-07 00:45:00.473","availableEndTime":"2026-10-07 17:25:00.473"}
{"availableBeginTime":"2026-10-07 00:45:00.473","availableEndTime":"2026-10-07 17:25:00.473"}
{"availableBeginTime":"2026-10-07 00:45:00.473","availableEndTime":"2026-10-07 17:25:00.473"}
{"availableBeginTime":"2026-10-07 00:45:00.473","availableEndTime":"2026-10-07 17:25:00.473"}
{"availableBeginTime":"2026-10-07 00:45:00.473","availableEndTime":"2026-10-07 17:25:00.473"}
{"availableBeginTime":"2026-10-07 00:45:00.473","availableEndTime":"2026-10-07 17:25:00.473"}
{"availableBeginTime":"2026-10-07 00:45:00.473","availableEndTime":"2026-10-07 17:25:00.473"}
{"availableBeginTime":"2026-10-07 00:45:00.473","availableEndTime":"2026-10-07 17:25:00.473"}
{"availableBeginTime":"2026-10-07 00:45:00.473","availableEndTime":"2026-10-07 17:25:00.473"}
{"availableBeginTime":"2026-10-07 00:45:00.473","availableEndTime":"2026-10-07 17:25:00.473"}
{"availableBeginTime":"2026-10-07 00:45:00.473","availableEndTime":"2026-10-07 17:25:00.473"}
{"availableBeginTime":"2026-10-07 00:45:00.473","availableEndTime":"2026-10-07 17:25:00.473"}
{"availableBeginTime":"2026-10-07 00:45:00.473","availableEndTime":"2026-10-07 17:25:00.473"}
{"availableBeginTime":"2026-10-07 00:45:00.473","availableEndTime":"2026-10-07 17:25:00.473"}
{"availableBeginTime":"2026-10-07 00:45:00.473","availableEndTime":"2026-10-07 17:25:00.473"}
{"availableBeginTime":"2026-10-07 00:45:00.473","availableEndTime":"2026-10-07 17:25:00.473"}
{"availableBeginTime":"2026-10-07 00:45:00.473","availableEndTime":"2026-10-07 17:25:00.473"}
{"availableBeginTime":"2026-10-07 00:45:00.473","availableEndTime":"2026-10-07 17:25:00.473"}
{"availableBeginTime":"2026-10-07 00:45:00.473","availableEndTime":"2026-10-07 17:25:00.473"}
{"availableBeginTime":"2026-10-07 00:45:00.473","availableEndTime":"2026-10-07 17:25:00.473"}
{"availableBeginTime":"2026-10-07 00:45:00.473","availableEndTime":"2026-10-07 17:25:00.473"}
{"availableBeginTime":"2026-10-07 00:45:00.473","availableEndTime":"2026-10-07 17:25:00.473"}
{"availableBeginTime":"2026-10-07 00:45:00.473","availableEndTime":"2026-10-07 17:25:00.473"}
{"availableBeginTime":"2026-10-07 00:45:00.473","availableEndTime":"2026-10-07 17:25:00.473"}
{"availableBeginTime":"2026-10-07 00:45:00.473","availableEndTime":"2026-10-07 17:25:00.473"}
{"availableBeginTime":"2026-10-07 00:45:00.473","availableEndTime":"2026-10-07 17:25:00.473"}
{"availableBeginTime":"2026-10-07 00:45:00.473","availableEndTime":"2026-10-07 17:25:00.473"}
{"availableBeginTime":"2026-10-07 00:45:00.473","availableEndTime":"2026-10-07 17:25:00.473"}
{"availableBeginTime":"2026-10-07 00:45:00.473","availableEndTime":"2026-10-07 17:25:00.473"}
{"availableBeginTime":"2026-10-07 00:45:00.473","availableEndTime":"2026-10-07 17:25:00.473"}
{"availableBeginTime":"2026-10-07 00:45:00.473","availableEndTime":"2026-10-07 17:25:00.473"}
{"availableBeginTime":"2026-10-07 00:45:00.473","availableEndTime":"2026-10-07 17:25:00.473"}
{"availableBeginTime":"2026-10-07 00:45:00.473","availableEndTime":"2026-10-07 17:25:00.473"}
{"availableBeginTime":"2026-10-07 00:45:00.473","availableEndTime":"2026-10-07 17:25:00.473"}
{"availableBeginTime":"2026-10-07 00:45:00.473","availableEndTime":"2026-10-07 17:25:00.473"}
{"availableBeginTime":"2026-10-07 00:45:00.473","availableEndTime":"2026-10-07 17:25:00.473"}
{"availableBeginTime":"2026-10-07 00:45:00.473","availableEndTime":"2026-10-07 17:25:00.473"}
{"availableBeginTime":"2026-10-07 00:45:00.473","availableEndTime":"2026-10-07 17:25:00.473"}
{"availableBeginTime":"2026-10-07 00:45:00.473","availableEndTime":"2026-10-07 17:25:00.473"}
{"availableBeginTime":"2026-10-07 00:45:00.473","availableEndTime":"2026-10-07 17:25:00.473"}
{"availableBeginTime":"2026-10-07 00:45:00.473","availableEndTime":"2026-10-07 17:25:00.473"}
{"availableBeginTime":"2026-10-07 00:45:00.473","availableEndTime":"2026-10-07 17:25:00.473"}
{"availableBeginTime":"2026-10-07 00:45:00.473","availableEndTime":"2026-10-07 17:25:00.473"}
{"availableBeginTime":"2026-10-07 00:45:00.473","availableEndTime":"2026-10-07 17:25:00.473"}
{"availableBeginTime":"2026-10-07 00:45:00.473","availableEndTime":"2026-10-07 17:25:00.473"}
{"availableBeginTime":"2026-10-07 00:45:00.473","availableEndTime":"2026-10-07 17:25:00.473"}
{"availableBeginTime":"2026-10-07 00:45:00.473","availableEndTime":"2026-10-07 17:25:00.473"}
{"availableBeginTime":"2026-10-07 00:45:00.473","availableEndTime":"2026-10-07 17:25:00.473"}
{"availableBeginTime":"2026-10-07 00:45:00.473","availableEndTime":"2026-10-07 17:25:00.473"}
{"availableBeginTime":"2026-10-07 00:45:00.473","availableEndTime":"2026-10-07 17:25:00.473"}
{"availableBeginTime":"2026-10-07 00:45:00.473","availableEndTime":"2026-10-07 17:25:00.473"}
{"availableBeginTime":"2026-10-07 00:45:00.473","availableEndTime":"2026-10-07 17:25:00.473"}
{"availableBeginTime":"2026-10-07 00:45:00.473","availableEndTime":"2026-10-07 17:25:00.473"}
{"availableBeginTime":"2026-10-07 00:45:00.473","availableEndTime":"2026-10-07 17:25:00.473"}
{"availableBeginTime":"2026-10-07 00:45:00.473","availableEndTime":"2026-10-07 17:25:00.473"}
{"availableBeginTime":"2026-10-07 00:45:00.473","availableEndTime":"2026-10-07 17:25:00.473"}
{"availableBeginTime":"2026-10-07 00:45:00.473","availableEndTime":"2026-10-07 17:25:00.473"}
{"availableBeginTime":"2026-10-07 00:45:00.473","availableEndTime":"2026-10-07 17:25:00.473"}
{"availableBeginTime":"2026-10-07 00:45:00.473","availableEndTime":"2026-10-07 17:25:00.473"}
{"availableBeginTime":"2026-10-07 00:45:00.473","availableEndTime":"2026-10-07 17:25:00.473"}
{"availableBeginTime":"2026-10-07 00:45:00.473","availableEndTime":"2026-10-07 17:25:00.473"}
{"availableBeginTime":"2026-10-07 00:45:00.473","availableEndTime":"2026-10-07 17:25:00.473"}
{"availableBeginTime":"2026-10-07 00:45:00.473","availableEndTime":"2026-10-07 17:25:00.473"}
{"availableBeginTime":"2026-10-07 00:45:00.473","availableEndTime":"2026-10-07 17:25:00.473"}
{"availableBeginTime":"2026-10-07 00:45:00.473","availableEndTime":"2026-10-07 17:25:00.473"}
{"availableBeginTime":"2026-10-07 00:45:00.473","availableEndTime":"2026-10-07 17:25:00.473"}
{"availableBeginTime":"2026-10-07 00:45:00.473","availableEndTime":"2026-10-07 17:25:00.473"}
{"availableBeginTime":"2026-10-07 00:45:00.473","availableEndTime":"2026-10-07 17:25:00.473"}
{"availableBeginTime":"2026-10-07 00:45:00.473","availableEndTime":"2026-10-07 17:25:00.473"}
{"availableBeginTime":"2026-10-07 00:45:00.473","availableEndTime":"2026-10-07 17:25:00.473"}
{"availableBeginTime":"2026-10-07 00:45:00.473","availableEndTime":"2026-10-07 17:25:00.473"}
{"availableBeginTime":"2026-10-07 00:45:00.473","availableEndTime":"2026-10-07 17:25:00.473"}
{"availableBeginTime":"2026-10-07 00:45:00.473","availableEndTime":"2026-10-07 17:25:00.473"}
{"availableBeginTime":"2026-10-07 00:45:00.473","availableEndTime":"2026-10-07 17:25:00.473"}
{"availableBeginTime":"2026-10-07 00:45:00.473","availableEndTime":"2026-10-07 17:25:00.473"}
{"availableBeginTime":"2026-10-07 00:45:00.473","availableEndTime":"2026-10-07 17:25:00.473"}
{"availableBeginTime":"2026-10-07 00:45:00.473","availableEndTime":"2026-10-07 17:25:00.473"}
{"availableBeginTime":"2026-10-07 00:45:00.473","availableEndTime":"2026-10-07 17:25:00.473"}
{"availableBeginTime":"2026-10-07 00:45:00.473","availableEndTime":"2026-10-07 17:25:00.473"}
{"availableBeginTime":"2026-10-07 00:45:00.473","availableEndTime":"2026-10-07 17:25:00.473"}
{"availableBeginTime":"2026-10-07 00:45:00.473","availableEndTime":"2026-10-07 17:25:00.473"}
{"availableBeginTime":"2026-10-07 00:45:00.473","availableEndTime":"2026-10-07 17:25:00.473"}
{"availableBeginTime":"2026-10-07 00:45:00.473","availableEndTime":"2026-10-07 17:25:00.473"}
{"availableBeginTime":"2026-10-07 00:45:00.473","availableEndTime":"2026-10-07 17:25:00.473"}
{"availableBeginTime":"2026-10-07 00:45:00.473","availableEndTime":"2026-10-07 17:25:00.473"}
{"availableBeginTime":"2026-10-07 00:45:00.473","availableEndTime":"2026-10-07 17:25:00.473"}
{"availableBeginTime":"2026-10-07 00:45:00.473","availableEndTime":"2026-10-07 17:25:00.473"}
{"availableBeginTime":"2026-10-07 00:45:00.473","availableEndTime":"2026-10-07 17:25:00.473"}
{"availableBeginTime":"2026-10-07 00:45:00.473","availableEndTime":"2026-10-07 17:25:00.473"}
{"availableBeginTime":"2026-10-07 00:45:00.473","availableEndTime":"2026-10-07 17:25:00.473"}
{"availableBeginTime":"2026-10-07 00:45:00.473","availableEndTime":"2026-10-07 17:25:00.473"}
{"availableBeginTime":"2026-10-07 00:45:00.473","availableEndTime":"2026-10-07 17:25:00.473"}
{"availableBeginTime":"2026-10-07 00:45:00.473","availableEndTime":"2026-10-07 17:25:00.473"}
{"availableBeginTime":"2026-10-07 00:45:00.473","availableEndTime":"2026-10-07 17:25:00.473"}
{"availableBeginTime":"2026-10-07 00:45:00.473","availableEndTime":"2026-10-07 17:25:00.473"}
{"availableBeginTime":"2026-10-07 00:45:00.473","availableEndTime":"2026-10-07 17:25:00.473"}
{"availableBeginTime":"2026-10-07 00:45:00.473","availableEndTime":"2026-10-07 17:25:00.473"}
{"availableBeginTime":"2026-10-07 00:45:00.473","availableEndTime":"2026-10-07 17:25:00.473"}
{"availableBeginTime":"2026-10-07 00:45:00.473","availableEndTime":"2026-10-07 17:25:00.473"}
{"availableBeginTime":"2026-10-07 00:45:00.473","availableEndTime":"2026-10-07 17:25:00.473"}
{"availableBeginTime":"2026-10-07 00:45:00.473","availableEndTime":"2026-10-07 17:25:00.473"}
{"availableBeginTime":"2026-10-07 00:45:00.473","availableEndTime":"2026-10-07 17:25:00.473"}
{"availableBeginTime":"2026-10-07 00:45:00.473","availableEndTime":"2026-10-07 17:25:00.473"}
{"availableBeginTime":"2026-10-07 00:45:00.473","availableEndTime":"2026-10-07 17:25:00.473"}
{"availableBeginTime":"2026-10-07 00:45:00.473","availableEndTime":"2026-10-07 17:25:00.473"}
{"availableBeginTime":"2026-10-07 00:45:00.473","availableEndTime":"2026-10-07 17:25:00.473"}
{"availableBeginTime":"2026-10-07 00:45:00.473","availableEndTime":"2026-10-07 17:25:00.473"}
{"availableBeginTime":"2026-10-07 00:45:00.473","availableEndTime":"2026-10-07 17:25:00.473"}
{"availableBeginTime":"2026-10-07 00:45:00.473","availableEndTime":"2026-10-07 17:25:00.473"}
{"availableBeginTime":"2026-10-07 00:45:00.473","availableEndTime":"2026-10-07 17:25:00.473"}
{"availableBeginTime":"2026-10-07 00:45:00.473","availableEndTime":"2026-10-07 17:25:00.473"}
{"availableBeginTime":"2026-10-07 00:45:00.473","availableEndTime":"2026-10-07 17:25:00.473"}
{"availableBeginTime":"2026-10-07 00:45:00.473","availableEndTime":"2026-10-07 17:25:00.473"}
{"availableBeginTime":"2026-10-07 00:45:00.473","availableEndTime":"2026-10-07 17:25:00.473"}
{"availableBeginTime":"2026-10-07 00:45:00.473","availableEndTime":"2026-10-07 17:25:00.473"}
{"availableBeginTime":"2026-10-07 00:45:00.473","availableEndTime":"2026-10-07 17:25:00.473"}
{"availableBeginTime":"2026-10-07 00:45:00.473","availableEndTime":"2026-10-07 17:25:00.473"}
{"availableBeginTime":"2026-10-07 00:45:00.473","availableEndTime":"2026-10-07 17:25:00.473"}
{"availableBeginTime":"2026-10-07 00:45:00.473","availableEndTime":"2026-10-07 17:25:00.473"}
{"availableBeginTime":"2026-10-07 00:45:00.473","availableEndTime":"2026-10-07 17:25:00.473"}
{"availableBeginTime":"2026-10-07 00:45:00.473","availableEndTime":"2026-10-07 17:25:00.473"}
{"availableBeginTime":"2026-10-07 00:45:00.473","availableEndTime":"2026-10-07 17:25:00.473"}
{"availableBeginTime":"2026-10-07 00:45:00.473","availableEndTime":"2026-10-07 17:25:00.473"}
{"availableBeginTime":"2026-10-07 00:45:00.473","availableEndTime":"2026-10-07 17:25:00.473"}
{"availableBeginTime":"2026-10-07 00:45:00.473","availableEndTime":"2026-10-07 17:25:00.473"}
{"availableBeginTime":"2026-10-07 00:45:00.473","availableEndTime":"2026-10-07 17:25:00.473"}
{"availableBeginTime":"2026-10-07 00:45:00.473","availableEndTime":"2026-10-07 17:25:00.473"}
{"availableBeginTime":"2026-10-07 00:45:00.473","availableEndTime":"2026-10-07 17:25:00.473"}
{"availableBeginTime":"2026-10-07 00:45:00.473","availableEndTime":"2026-10-07 17:25:00.473"}
{"availableBeginTime":"2026-10-07 00:45:00.473","availableEndTime":"2026-10-07 17:25:00.473"}
{"availableBeginTime":"2026-10-07 00:45:00.473","availableEndTime":"2026-10-07 17:25:00.473"}
{"availableBeginTime":"2026-10-07 00:45:00.473","availableEndTime":"2026-10-07 17:25:00.473"}
{"availableBeginTime":"2026-10-07 00:45:00.473","availableEndTime":"2026-10-07 17:25:00.473"}
{"availableBeginTime":"2026-10-07 00:45:00.473","availableEndTime":"2026-10-07 17:25:00.473"}
{"availableBeginTime":"2026-10-07 00:45:00.473","availableEndTime":"2026-10-07 17:25:00.473"}
{"availableBeginTime":"2026-10-07 00:45:00.473","availableEndTime":"2026-10-07 17:25:00.473"}
{"availableBeginTime":"2026-10-07 00:45:00.473","availableEndTime":"2026-10-07 17:25:00.473"}
{"availableBeginTime":"2026-10-07 00:45:00.473","availableEndTime":"2026-10-07 17:25:00.473"}
{"availableBeginTime":"2026-10-07 00:45:00.473","availableEndTime":"2026-10-07 17:25:00.473"}
{"availableBeginTime":"2026-10-07 00:45:00.473","availableEndTime":"2026-10-07 17:25:00.473"}
{"availableBeginTime":"2026-10-07 00:45:00.473","availableEndTime":"2026-10-07 17:25:00.473"}
{"availableBeginTime":"2026-10-07 00:45:00.473","availableEndTime":"2026-10-07 17:25:00.473"}
{"availableBeginTime":"2026-10-07 00:45:00.473","availableEndTime":"2026-10-07 17:25:00.473"}
{"availableBeginTime":"2026-10-07 00:45:00.473","availableEndTime":"2026-10-07 17:25:00.473"}
{"availableBeginTime":"2026-10-07 00:45:00.473","availableEndTime":"2026-10-07 17:25:00.473"}
{"availableBeginTime":"2026-10-07 00:45:00.473","availableEndTime":"2026-10-07 17:25:00.473"}
{"availableBeginTime":"2026-10-07 00:45:00.473","availableEndTime":"2026-10-07 17:25:00.473"}
{"availableBeginTime":"2026-10-07 00:45:00.473","availableEndTime":"2026-10-07 17:25:00.473"}
{"availableBeginTime":"2026-10-07 00:45:00.473","availableEndTime":"2026-10-07 17:25:00.473"}
{"availableBeginTime":"2026-10-07 00:45:00.473","availableEndTime":"2026-10-07 17:25:00.473"}
{"availableBeginTime":"2026-10-07 00:45:00.473","availableEndTime":"2026-10-07 17:25:00.473"}
{"availableBeginTime":"2026-10-07 00:45:00.473","availableEndTime":"2026-10-07 17:25:00.473"}
{"availableBeginTime":"2026-10-07 00:45:00.473","availableEndTime":"2026-10-07 17:25:00.473"}
{"availableBeginTime":"2026-10-07 00:45:00.473","availableEndTime":"2026-10-07 17:25:00.473"}
{"availableBeginTime":"2026-10-07 00:45:00.473","availableEndTime":"2026-10-07 17:25:00.473"}
{"availableBeginTime":"2026-10-07 00:45:00.473","availableEndTime":"2026-10-07 17:25:00.473"}
{"availableBeginTime":"2026-10-07 00:45:00.473","availableEndTime":"2026-10-07 17:25:00.473"}
{"availableBeginTime":"2026-10-07 00:45:00.473","availableEndTime":"2026-10-07 17:25:00.473"}
{"availableBeginTime":"2026-10-07 00:45:00.473","availableEndTime":"2026-10-07 17:25:00.473"}
{"availableBeginTime":"2026-10-07 00:45:00.473","availableEndTime":"2026-10-07 17:25:00.473"}
{"availableBeginTime":"2026-10-07 00:45:00.473","availableEndTime":"2026-10-07 17:25:00.473"}
{"availableBeginTime":"2026-10-07 00:45:00.473","availableEndTime":"2026-10-07 17:25:00.473"}
{"availableBeginTime":"2026-10-07 00:45:00.473","availableEndTime":"2026-10-07 17:25:00.473"}
{"availableBeginTime":"2026-10-07 00:45:00.473","availableEndTime":"2026-10-07 17:25:00.473"}
{"availableBeginTime":"2026-10-07 00:45:00.473","availableEndTime":"2026-10-07 17:25:00.473"}
{"availableBeginTime":"2026-10-07 00:45:00.473","availableEndTime":"2026-10-07 17:25:00.473"}
{"availableBeginTime":"2026-10-07 00:45:00.473","availableEndTime":"2026-10-07 17:25:00.473"}
{"availableBeginTime":"2026-10-07 00:45:00.473","availableEndTime":"2026-10-07 17:25:00.473"}
{"availableBeginTime":"2026-10-07 00:45:00.473","availableEndTime":"2026-10-07 17:25:00.473"}
{"availableBeginTime":"2026-10-07 00:45:00.473","availableEndTime":"2026-10-07 17:25:00.473"}
{"availableBeginTime":"2026-10-07 00:45:00.473","availableEndTime":"2026-10-07 17:25:00.473"}
{"availableBeginTime":"2026-10-07 00:45:00.473","availableEndTime":"2026-10-07 17:25:00.473"}
{"availableBeginTime":"2026-10-07 00:45:00.473","availableEndTime":"2026-10-07 17:25:00.473"}
{"availableBeginTime":"2026-10-07 00:45:00.473","availableEndTime":"2026-10-07 17:25:00.473"}
{"availableBeginTime":"2026-10-07 00:45:00.473","availableEndTime":"2026-10-07 17:25:00.473"}
{"availableBeginTime":"2026-10-07 00:45:00.473","availableEndTime":"2026-10-07 17:25:00.473"}
{"availableBeginTime":"2026-10-07 00:45:00.473","availableEndTime":"2026-10-07 17:25:00.473"}
{"availableBeginTime":"2026-10-07 00:45:00.473","availableEndTime":"2026-10-07 17:25:00.473"}
{"availableBeginTime":"2026-10-07 00:45:00.473","availableEndTime":"2026-10-07 17:25:00.473"}
{"availableBeginTime":"2026-10-07 00:45:00.473","availableEndTime":"2026-10-07 17:25:00.473"}
{"availableBeginTime":"2026-10-07 00:45:00.473","availableEndTime":"2026-10-07 17:25:00.473"}
{"availableBeginTime":"2026-10-07 00:45:00.473","availableEndTime":"2026-10-07 17:25:00.473"}
{"availableBeginTime":"2026-10-07 00:45:00.473","availableEndTime":"2026-10-07 17:25:00.473"}
{"availableBeginTime":"2026-10-07 00:45:00.473","availableEndTime":"2026-10-07 17:25:00.473"}
{"availableBeginTime":"2026-10-07 00:45:00.473","availableEndTime":"2026-10-07 17:25:00.473"}
{"availableBeginTime":"2026-10-07 00:45:00.473","availableEndTime":"2026-10-07 17:25:00.473"}
{"availableBeginTime":"2026-10-07 00:45:00.473","availableEndTime":"2026-10-07 17:25:00.473"}
{"availableBeginTime":"2026-10-07 00:45:00.473","availableEndTime":"2026-10-07 17:25:00.473"}
{"availableBeginTime":"2026-10-07 00:45:00.473","availableEndTime":"2026-10-07 17:25:00.473"}
{"availableBeginTime":"2026-10-07 00:45:00.473","availableEndTime":"2026-10-07 17:25:00.473"}
{"availableBeginTime":"2026-10-07 00:45:00.473","availableEndTime":"2026-10-07 17:25:00.473"}
{"availableBeginTime":"2026-10-07 00:45:00.473","availableEndTime":"2026-10-07 17:25:00.473"}
{"availableBeginTime":"2026-10-07 00:45:00.473","availableEndTime":"2026-10-07 17:25:00.473"}
{"availableBeginTime":"2026-10-07 00:45:00.473","availableEndTime":"2026-10-07 17:25:00.473"}
{"availableBeginTime":"2026-10-07 00:45:00.473","availableEndTime":"2026-10-07 17:25:00.473"}
{"availableBeginTime":"2026-10-07 00:45:00.473","availableEndTime":"2026-10-07 17:25:00.473"}
{"availableBeginTime":"2026-10-07 00:45:00.473","availableEndTime":"2026-10-07 17:25:00.473"}
{"availableBeginTime":"2026-10-07 00:45:00.473","availableEndTime":"2026-10-07 17:25:00.473"}
{"availableBeginTime":"2026-10-07 00:45:00.473","availableEndTime":"2026-10-07 17:25:00.473"}
{"availableBeginTime":"2026-10-07 00:45:00.473","availableEndTime":"2026-10-07 17:25:00.473"}
{"availableBeginTime":"2026-10-07 00:45:00.473","availableEndTime":"2026-10-07 17:25:00.473"}
{"availableBeginTime":"2026-10-07 00:45:00.473","availableEndTime":"2026-10-07 17:25:00.473"}
{"availableBeginTime":"2026-10-07 00:45:00.473","availableEndTime":"2026-10-07 17:25:00.473"}
{"@type":"com.alibaba.fastjson2.issues.Issue508$Xx","base":{"@type":"com.alibaba.fastjson2.issues.Issue508$Device","id":1,"name":"xxx"}}
Parsed date: Wed Oct 11 00:00:00 CST 2023
Formatted date: {"utilDate":"2023-10-11"}
Parsed time: Sun Jul 05 16:11:10 CST 169108099
Formatted time: {"utilTime":"16:11:10"}
Parsed time: Sun Jul 05 16:11:00 CST 169108099
Formatted time: {"utilTime":"16:11"}
Parsed date: Wed Oct 11 00:00:00 CST 2023
Formatted date: {"utilDate":"2023-10-11"}
{"@type":"com.alibaba.fastjson2.issues.Canal_Issue4186$1"}
{"code":"项目成员1","formatType":0,"id":"a368f1ff-8702-4d80-9cdf-5260b5fe0fdd","level":0}
[Issue255.TestBean(type=text, data={content=hello111}), Issue255.TestBean(type=text, data={content=hello222})]
[Issue255.TestBean(type=text, data={content=hello111}), Issue255.TestBean(type=text, data={content=hello222})]
{"child_count":8,"del_state":0,"display_level":2,"id":54,"item_index":46,"parent_id":1,"path":"/1/54/","phase_id":1,"title":"八年级上","update_time":1596423978669}
{
	"@type":"com.alibaba.fastjson2.issues.Issue752$Bean#0",
	"@value":{
		"param":[
			"int",
			"int"
		]
	}
}
{
	"@type":"com.alibaba.fastjson2.issues.Issue571$Sample",
	"@value":[
		[
			true,
			false,
			false,
			true
		],
		true,
		false,
		"asdfASDF",
		"!",
		"$",
		[
			-1.234,
			-1.23,
			-12.0,
			-1.0,
			0.0,
			1.0,
			12.0,
			1.23,
			1.234
		],
		1.234567,
		7.654321,
		[
			-12.34,
			-12.3,
			-12.0,
			-1.0,
			0.0,
			1.0,
			12.0,
			12.3,
			12.34
		],
		12.345,
		54.321,
		[
			-1234,
			-123,
			-12,
			-1,
			0,
			1,
			12,
			123,
			1234
		],
		123,
		321,
		[
			-123400,
			-12300,
			-1200,
			-100,
			0,
			100,
			1200,
			12300,
			123400
		],
		1230000,
		3210000,
		{"$ref":".."},
		[
			-1234,
			-123,
			-12,
			-1,
			0,
			1,
			12,
			123,
			1234
		],
		12345,
		32100,
		"ABCDEFGHIJKLMNOPQRSTUVWXYZ0123456789"
	]
}
[Ljava.lang.String;@1b01a0b4
true
[[Ljava.lang.String;@6db47658
true
[[Ljava.lang.String;@6e145703
true
[[Ljava.lang.String;@121e3c62
true
348
{
	"@type":"com.alibaba.fastjson2.codec.JSONBTableTest4$B10#0",
	"@value":{
		"items":{
			"@type":"A#1",
			"@value":[
				{
					"id":101,
					"name":"DataWorks"
				},
				{
					"id":102,
					"name":"MaxCompute"
				}
			]
		}
	}
}
[-110, 118, 99, 111, 109, 46, 97, 108, 105, 98, 97, 98, 97, 46, 102, 97, 115, 116, 106, 115, 111, 110, 50, 46, 99, 111, 100, 101, 99, 46, 74, 83, 79, 78, 66, 84, 97, 98, 108, 101, 84, 101, 115, 116, 52, 36, 66, 0, -90, 78, 105, 116, 101, 109, 115, -106, -110, 121, 56, 48, 99, 111, 109, 46, 97, 108, 105, 98, 97, 98, 97, 46, 102, 97, 115, 116, 106, 115, 111, 110, 50, 46, 99, 111, 100, 101, 99, 46, 74, 83, 79, 78, 66, 84, 97, 98, 108, 101, 84, 101, 115, 116, 52, 36, 73, 116, 101, 109, 1, -90, 75, 105, 100, 56, 101, 77, 110, 97, 109, 101, 82, 68, 97, 116, 97, 87, 111, 114, 107, 115, -91, -110, 1, -90, 75, 105, 100, 56, 102, 77, 110, 97, 109, 101, 83, 77, 97, 120, 67, 111, 109, 112, 117, 116, 101, -91, -91]
{
	"@type":"com.alibaba.fastjson2.codec.RefTest7$Bean#0",
	"@value":{
		"values":{
			{
				"@type":"com.alibaba.fastjson2.codec.RefTest7$Key#1",
				"@value":{}
			}:{}
		},
		"values1":{
			{
				"@type":"#1",
				"@value":{}
			}:{"$ref":"$.values[0]"}
		}
	}
}
[StackTest.Node()]
[{"name":"DataWorks","id":101},{"id":102}]
{
	"actualTypeArguments":[
		"java.lang.String",
		"java.lang.String"
	],
	"rawType":"java.util.Map"
}
{
	"@type":"IllegalStateException#0",
	"@value":{
		"stackTrace":[
			{
				"fileName":"ExceptionTest.java",
				"lineNumber":61,
				"className":"com.alibaba.fastjson2.codec.ExceptionTest",
				"methodName":"test_exception_jsonb_fieldBased"
			},
			{
				"fileName":"DirectMethodHandleAccessor.java",
				"lineNumber":104,
				"className":"jdk.internal.reflect.DirectMethodHandleAccessor",
				"methodName":"invoke"
			},
			{
				"fileName":"Method.java",
				"lineNumber":565,
				"className":"java.lang.reflect.Method",
				"methodName":"invoke"
			},
			{
				"fileName":"ReflectionUtils.java",
				"lineNumber":787,
				"className":"org.junit.platform.commons.util.ReflectionUtils",
				"methodName":"invokeMethod"
			},
			{
				"fileName":"ReflectionSupport.java",
				"lineNumber":478,
				"className":"org.junit.platform.commons.support.ReflectionSupport",
				"methodName":"invokeMethod"
			},
			{
				"fileName":"MethodInvocation.java",
				"lineNumber":60,
				"className":"org.junit.jupiter.engine.execution.MethodInvocation",
				"methodName":"proceed"
			},
			{
				"fileName":"InvocationInterceptorChain.java",
				"lineNumber":131,
				"className":"org.junit.jupiter.engine.execution.InvocationInterceptorChain$ValidatingInvocation",
				"methodName":"proceed"
			},
			{
				"fileName":"TimeoutExtension.java",
				"lineNumber":161,
				"className":"org.junit.jupiter.engine.extension.TimeoutExtension",
				"methodName":"intercept"
			},
			{
				"fileName":"TimeoutExtension.java",
				"lineNumber":152,
				"className":"org.junit.jupiter.engine.extension.TimeoutExtension",
				"methodName":"interceptTestableMethod"
			},
			{
				"fileName":"TimeoutExtension.java",
				"lineNumber":91,
				"className":"org.junit.jupiter.engine.extension.TimeoutExtension",
				"methodName":"interceptTestMethod"
			},
			{
				"fileName":"InterceptingExecutableInvoker.java",
				"lineNumber":112,
				"className":"org.junit.jupiter.engine.execution.InterceptingExecutableInvoker$ReflectiveInterceptorCall",
				"methodName":"lambda$ofVoidMethod$0"
			},
			{
				"fileName":"InterceptingExecutableInvoker.java",
				"lineNumber":94,
				"className":"org.junit.jupiter.engine.execution.InterceptingExecutableInvoker",
				"methodName":"lambda$invoke$0"
			},
			{
				"fileName":"InvocationInterceptorChain.java",
				"lineNumber":106,
				"className":"org.junit.jupiter.engine.execution.InvocationInterceptorChain$InterceptedInvocation",
				"methodName":"proceed"
			},
			{
				"fileName":"InvocationInterceptorChain.java",
				"lineNumber":64,
				"className":"org.junit.jupiter.engine.execution.InvocationInterceptorChain",
				"methodName":"proceed"
			},
			{
				"fileName":"InvocationInterceptorChain.java",
				"lineNumber":45,
				"className":"org.junit.jupiter.engine.execution.InvocationInterceptorChain",
				"methodName":"chainAndInvoke"
			},
			{
				"fileName":"InvocationInterceptorChain.java",
				"lineNumber":37,
				"className":"org.junit.jupiter.engine.execution.InvocationInterceptorChain",
				"methodName":"invoke"
			},
			{
				"fileName":"InterceptingExecutableInvoker.java",
				"lineNumber":93,
				"className":"org.junit.jupiter.engine.execution.InterceptingExecutableInvoker",
				"methodName":"invoke"
			},
			{
				"fileName":"InterceptingExecutableInvoker.java",
				"lineNumber":87,
				"className":"org.junit.jupiter.engine.execution.InterceptingExecutableInvoker",
				"methodName":"invoke"
			},
			{
				"fileName":"TestMethodTestDescriptor.java",
				"lineNumber":221,
				"className":"org.junit.jupiter.engine.descriptor.TestMethodTestDescriptor",
				"methodName":"lambda$invokeTestMethod$4"
			},
			{
				"fileName":"ThrowableCollector.java",
				"lineNumber":73,
				"className":"org.junit.platform.engine.support.hierarchical.ThrowableCollector",
				"methodName":"execute"
			},
			{
				"fileName":"TestMethodTestDescriptor.java",
				"lineNumber":217,
				"className":"org.junit.jupiter.engine.descriptor.TestMethodTestDescriptor",
				"methodName":"invokeTestMethod"
			},
			{
				"fileName":"TestMethodTestDescriptor.java",
				"lineNumber":159,
				"className":"org.junit.jupiter.engine.descriptor.TestMethodTestDescriptor",
				"methodName":"execute"
			},
			{
				"fileName":"TestMethodTestDescriptor.java",
				"lineNumber":70,
				"className":"org.junit.jupiter.engine.descriptor.TestMethodTestDescriptor",
				"methodName":"execute"
			},
			{
				"fileName":"NodeTestTask.java",
				"lineNumber":157,
				"className":"org.junit.platform.engine.support.hierarchical.NodeTestTask",
				"methodName":"lambda$executeRecursively$6"
			},
			{
				"fileName":"ThrowableCollector.java",
				"lineNumber":73,
				"className":"org.junit.platform.engine.support.hierarchical.ThrowableCollector",
				"methodName":"execute"
			},
			{
				"fileName":"NodeTestTask.java",
				"lineNumber":147,
				"className":"org.junit.platform.engine.support.hierarchical.NodeTestTask",
				"methodName":"lambda$executeRecursively$8"
			},
			{
				"fileName":"Node.java",
				"lineNumber":137,
				"className":"org.junit.platform.engine.support.hierarchical.Node",
				"methodName":"around"
			},
			{
				"fileName":"NodeTestTask.java",
				"lineNumber":145,
				"className":"org.junit.platform.engine.support.hierarchical.NodeTestTask",
				"methodName":"lambda$executeRecursively$9"
			},
			{
				"fileName":"ThrowableCollector.java",
				"lineNumber":73,
				"className":"org.junit.platform.engine.support.hierarchical.ThrowableCollector",
				"methodName":"execute"
			},
			{
				"fileName":"NodeTestTask.java",
				"lineNumber":144,
				"className":"org.junit.platform.engine.support.hierarchical.NodeTestTask",
				"methodName":"executeRecursively"
			},
			{
				"fileName":"NodeTestTask.java",
				"lineNumber":101,
				"className":"org.junit.platform.engine.support.hierarchical.NodeTestTask",
				"methodName":"execute"
			},
			{
				"fileName":"ArrayList.java",
				"lineNumber":1604,
				"className":"java.util.ArrayList",
				"methodName":"forEach"
			},
			{
				"fileName":"SameThreadHierarchicalTestExecutorService.java",
				"lineNumber":41,
				"className":"org.junit.platform.engine.support.hierarchical.SameThreadHierarchicalTestExecutorService",
				"methodName":"invokeAll"
			},
			{
				"fileName":"NodeTestTask.java",
				"lineNumber":161,
				"className":"org.junit.platform.engine.support.hierarchical.NodeTestTask",
				"methodName":"lambda$executeRecursively$6"
			},
			{
				"fileName":"ThrowableCollector.java",
				"lineNumber":73,
				"className":"org.junit.platform.engine.support.hierarchical.ThrowableCollector",
				"methodName":"execute"
			},
			{
				"fileName":"NodeTestTask.java",
				"lineNumber":147,
				"className":"org.junit.platform.engine.support.hierarchical.NodeTestTask",
				"methodName":"lambda$executeRecursively$8"
			},
			{
				"fileName":"Node.java",
				"lineNumber":137,
				"className":"org.junit.platform.engine.support.hierarchical.Node",
				"methodName":"around"
			},
			{
				"fileName":"NodeTestTask.java",
				"lineNumber":145,
				"className":"org.junit.platform.engine.support.hierarchical.NodeTestTask",
				"methodName":"lambda$executeRecursively$9"
			},
			{
				"fileName":"ThrowableCollector.java",
				"lineNumber":73,
				"className":"org.junit.platform.engine.support.hierarchical.ThrowableCollector",
				"methodName":"execute"
			},
			{
				"fileName":"NodeTestTask.java",
				"lineNumber":144,
				"className":"org.junit.platform.engine.support.hierarchical.NodeTestTask",
				"methodName":"executeRecursively"
			},
			{
				"fileName":"NodeTestTask.java",
				"lineNumber":101,
				"className":"org.junit.platform.engine.support.hierarchical.NodeTestTask",
				"methodName":"execute"
			},
			{
				"fileName":"ArrayList.java",
				"lineNumber":1604,
				"className":"java.util.ArrayList",
				"methodName":"forEach"
			},
			{
				"fileName":"SameThreadHierarchicalTestExecutorService.java",
				"lineNumber":41,
				"className":"org.junit.platform.engine.support.hierarchical.SameThreadHierarchicalTestExecutorService",
				"methodName":"invokeAll"
			},
			{
				"fileName":"NodeTestTask.java",
				"lineNumber":161,
				"className":"org.junit.platform.engine.support.hierarchical.NodeTestTask",
				"methodName":"lambda$executeRecursively$6"
			},
			{
				"fileName":"ThrowableCollector.java",
				"lineNumber":73,
				"className":"org.junit.platform.engine.support.hierarchical.ThrowableCollector",
				"methodName":"execute"
			},
			{
				"fileName":"NodeTestTask.java",
				"lineNumber":147,
				"className":"org.junit.platform.engine.support.hierarchical.NodeTestTask",
				"methodName":"lambda$executeRecursively$8"
			},
			{
				"fileName":"Node.java",
				"lineNumber":137,
				"className":"org.junit.platform.engine.support.hierarchical.Node",
				"methodName":"around"
			},
			{
				"fileName":"NodeTestTask.java",
				"lineNumber":145,
				"className":"org.junit.platform.engine.support.hierarchical.NodeTestTask",
				"methodName":"lambda$executeRecursively$9"
			},
			{
				"fileName":"ThrowableCollector.java",
				"lineNumber":73,
				"className":"org.junit.platform.engine.support.hierarchical.ThrowableCollector",
				"methodName":"execute"
			},
			{
				"fileName":"NodeTestTask.java",
				"lineNumber":144,
				"className":"org.junit.platform.engine.support.hierarchical.NodeTestTask",
				"methodName":"executeRecursively"
			},
			{
				"fileName":"NodeTestTask.java",
				"lineNumber":101,
				"className":"org.junit.platform.engine.support.hierarchical.NodeTestTask",
				"methodName":"execute"
			},
			{
				"fileName":"SameThreadHierarchicalTestExecutorService.java",
				"lineNumber":35,
				"className":"org.junit.platform.engine.support.hierarchical.SameThreadHierarchicalTestExecutorService",
				"methodName":"submit"
			},
			{
				"fileName":"HierarchicalTestExecutor.java",
				"lineNumber":57,
				"className":"org.junit.platform.engine.support.hierarchical.HierarchicalTestExecutor",
				"methodName":"execute"
			},
			{
				"fileName":"HierarchicalTestEngine.java",
				"lineNumber":54,
				"className":"org.junit.platform.engine.support.hierarchical.HierarchicalTestEngine",
				"methodName":"execute"
			},
			{
				"fileName":"EngineExecutionOrchestrator.java",
				"lineNumber":230,
				"className":"org.junit.platform.launcher.core.EngineExecutionOrchestrator",
				"methodName":"executeEngine"
			},
			{
				"fileName":"EngineExecutionOrchestrator.java",
				"lineNumber":204,
				"className":"org.junit.platform.launcher.core.EngineExecutionOrchestrator",
				"methodName":"failOrExecuteEngine"
			},
			{
				"fileName":"EngineExecutionOrchestrator.java",
				"lineNumber":172,
				"className":"org.junit.platform.launcher.core.EngineExecutionOrchestrator",
				"methodName":"execute"
			},
			{
				"fileName":"EngineExecutionOrchestrator.java",
				"lineNumber":101,
				"className":"org.junit.platform.launcher.core.EngineExecutionOrchestrator",
				"methodName":"execute"
			},
			{
				"fileName":"EngineExecutionOrchestrator.java",
				"lineNumber":64,
				"className":"org.junit.platform.launcher.core.EngineExecutionOrchestrator",
				"methodName":"lambda$execute$0"
			},
			{
				"fileName":"EngineExecutionOrchestrator.java",
				"lineNumber":150,
				"className":"org.junit.platform.launcher.core.EngineExecutionOrchestrator",
				"methodName":"withInterceptedStreams"
			},
			{
				"fileName":"EngineExecutionOrchestrator.java",
				"lineNumber":63,
				"className":"org.junit.platform.launcher.core.EngineExecutionOrchestrator",
				"methodName":"execute"
			},
			{
				"fileName":"DefaultLauncher.java",
				"lineNumber":109,
				"className":"org.junit.platform.launcher.core.DefaultLauncher",
				"methodName":"execute"
			},
			{
				"fileName":"DefaultLauncher.java",
				"lineNumber":91,
				"className":"org.junit.platform.launcher.core.DefaultLauncher",
				"methodName":"execute"
			},
			{
				"fileName":"DelegatingLauncher.java",
				"lineNumber":47,
				"className":"org.junit.platform.launcher.core.DelegatingLauncher",
				"methodName":"execute"
			},
			{
				"fileName":"InterceptingLauncher.java",
				"lineNumber":39,
				"className":"org.junit.platform.launcher.core.InterceptingLauncher",
				"methodName":"lambda$execute$1"
			},
			{
				"fileName":"ClasspathAlignmentCheckingLauncherInterceptor.java",
				"lineNumber":25,
				"className":"org.junit.platform.launcher.core.ClasspathAlignmentCheckingLauncherInterceptor",
				"methodName":"intercept"
			},
			{
				"fileName":"InterceptingLauncher.java",
				"lineNumber":38,
				"className":"org.junit.platform.launcher.core.InterceptingLauncher",
				"methodName":"execute"
			},
			{
				"fileName":"DelegatingLauncher.java",
				"lineNumber":47,
				"className":"org.junit.platform.launcher.core.DelegatingLauncher",
				"methodName":"execute"
			},
			{
				"fileName":"LazyLauncher.java",
				"lineNumber":56,
				"className":"org.apache.maven.surefire.junitplatform.LazyLauncher",
				"methodName":"execute"
			},
			{
				"fileName":"JUnitPlatformProvider.java",
				"lineNumber":194,
				"className":"org.apache.maven.surefire.junitplatform.JUnitPlatformProvider",
				"methodName":"execute"
			},
			{
				"fileName":"JUnitPlatformProvider.java",
				"lineNumber":150,
				"className":"org.apache.maven.surefire.junitplatform.JUnitPlatformProvider",
				"methodName":"invokeAllTests"
			},
			{
				"fileName":"JUnitPlatformProvider.java",
				"lineNumber":124,
				"className":"org.apache.maven.surefire.junitplatform.JUnitPlatformProvider",
				"methodName":"invoke"
			},
			{
				"fileName":"ForkedBooter.java",
				"lineNumber":385,
				"className":"org.apache.maven.surefire.booter.ForkedBooter",
				"methodName":"runSuitesInProcess"
			},
			{
				"fileName":"ForkedBooter.java",
				"lineNumber":162,
				"className":"org.apache.maven.surefire.booter.ForkedBooter",
				"methodName":"execute"
			},
			{
				"fileName":"ForkedBooter.java",
				"lineNumber":507,
				"className":"org.apache.maven.surefire.booter.ForkedBooter",
				"methodName":"run"
			},
			{
				"fileName":"ForkedBooter.java",
				"lineNumber":495,
				"className":"org.apache.maven.surefire.booter.ForkedBooter",
				"methodName":"main"
			}
		],
		"suppressedExceptions":{
			"@type":"java.util.Collections$EmptyList#1",
			"@value":[]
		}
	}
}
{
	"@type":"java.time.format.DateTimeParseException#0",
	"@value":{
		"detailMessage":"aaa",
		"errorIndex":1,
		"parsedString":"bbb",
		"stackTrace":[
			{
				"fileName":"ExceptionTest.java",
				"lineNumber":76,
				"className":"com.alibaba.fastjson2.codec.ExceptionTest",
				"methodName":"test_exception_jsonb_fieldBased_1"
			},
			{
				"fileName":"DirectMethodHandleAccessor.java",
				"lineNumber":104,
				"className":"jdk.internal.reflect.DirectMethodHandleAccessor",
				"methodName":"invoke"
			},
			{
				"fileName":"Method.java",
				"lineNumber":565,
				"className":"java.lang.reflect.Method",
				"methodName":"invoke"
			},
			{
				"fileName":"ReflectionUtils.java",
				"lineNumber":787,
				"className":"org.junit.platform.commons.util.ReflectionUtils",
				"methodName":"invokeMethod"
			},
			{
				"fileName":"ReflectionSupport.java",
				"lineNumber":478,
				"className":"org.junit.platform.commons.support.ReflectionSupport",
				"methodName":"invokeMethod"
			},
			{
				"fileName":"MethodInvocation.java",
				"lineNumber":60,
				"className":"org.junit.jupiter.engine.execution.MethodInvocation",
				"methodName":"proceed"
			},
			{
				"fileName":"InvocationInterceptorChain.java",
				"lineNumber":131,
				"className":"org.junit.jupiter.engine.execution.InvocationInterceptorChain$ValidatingInvocation",
				"methodName":"proceed"
			},
			{
				"fileName":"TimeoutExtension.java",
				"lineNumber":161,
				"className":"org.junit.jupiter.engine.extension.TimeoutExtension",
				"methodName":"intercept"
			},
			{
				"fileName":"TimeoutExtension.java",
				"lineNumber":152,
				"className":"org.junit.jupiter.engine.extension.TimeoutExtension",
				"methodName":"interceptTestableMethod"
			},
			{
				"fileName":"TimeoutExtension.java",
				"lineNumber":91,
				"className":"org.junit.jupiter.engine.extension.TimeoutExtension",
				"methodName":"interceptTestMethod"
			},
			{
				"fileName":"InterceptingExecutableInvoker.java",
				"lineNumber":112,
				"className":"org.junit.jupiter.engine.execution.InterceptingExecutableInvoker$ReflectiveInterceptorCall",
				"methodName":"lambda$ofVoidMethod$0"
			},
			{
				"fileName":"InterceptingExecutableInvoker.java",
				"lineNumber":94,
				"className":"org.junit.jupiter.engine.execution.InterceptingExecutableInvoker",
				"methodName":"lambda$invoke$0"
			},
			{
				"fileName":"InvocationInterceptorChain.java",
				"lineNumber":106,
				"className":"org.junit.jupiter.engine.execution.InvocationInterceptorChain$InterceptedInvocation",
				"methodName":"proceed"
			},
			{
				"fileName":"InvocationInterceptorChain.java",
				"lineNumber":64,
				"className":"org.junit.jupiter.engine.execution.InvocationInterceptorChain",
				"methodName":"proceed"
			},
			{
				"fileName":"InvocationInterceptorChain.java",
				"lineNumber":45,
				"className":"org.junit.jupiter.engine.execution.InvocationInterceptorChain",
				"methodName":"chainAndInvoke"
			},
			{
				"fileName":"InvocationInterceptorChain.java",
				"lineNumber":37,
				"className":"org.junit.jupiter.engine.execution.InvocationInterceptorChain",
				"methodName":"invoke"
			},
			{
				"fileName":"InterceptingExecutableInvoker.java",
				"lineNumber":93,
				"className":"org.junit.jupiter.engine.execution.InterceptingExecutableInvoker",
				"methodName":"invoke"
			},
			{
				"fileName":"InterceptingExecutableInvoker.java",
				"lineNumber":87,
				"className":"org.junit.jupiter.engine.execution.InterceptingExecutableInvoker",
				"methodName":"invoke"
			},
			{
				"fileName":"TestMethodTestDescriptor.java",
				"lineNumber":221,
				"className":"org.junit.jupiter.engine.descriptor.TestMethodTestDescriptor",
				"methodName":"lambda$invokeTestMethod$4"
			},
			{
				"fileName":"ThrowableCollector.java",
				"lineNumber":73,
				"className":"org.junit.platform.engine.support.hierarchical.ThrowableCollector",
				"methodName":"execute"
			},
			{
				"fileName":"TestMethodTestDescriptor.java",
				"lineNumber":217,
				"className":"org.junit.jupiter.engine.descriptor.TestMethodTestDescriptor",
				"methodName":"invokeTestMethod"
			},
			{
				"fileName":"TestMethodTestDescriptor.java",
				"lineNumber":159,
				"className":"org.junit.jupiter.engine.descriptor.TestMethodTestDescriptor",
				"methodName":"execute"
			},
			{
				"fileName":"TestMethodTestDescriptor.java",
				"lineNumber":70,
				"className":"org.junit.jupiter.engine.descriptor.TestMethodTestDescriptor",
				"methodName":"execute"
			},
			{
				"fileName":"NodeTestTask.java",
				"lineNumber":157,
				"className":"org.junit.platform.engine.support.hierarchical.NodeTestTask",
				"methodName":"lambda$executeRecursively$6"
			},
			{
				"fileName":"ThrowableCollector.java",
				"lineNumber":73,
				"className":"org.junit.platform.engine.support.hierarchical.ThrowableCollector",
				"methodName":"execute"
			},
			{
				"fileName":"NodeTestTask.java",
				"lineNumber":147,
				"className":"org.junit.platform.engine.support.hierarchical.NodeTestTask",
				"methodName":"lambda$executeRecursively$8"
			},
			{
				"fileName":"Node.java",
				"lineNumber":137,
				"className":"org.junit.platform.engine.support.hierarchical.Node",
				"methodName":"around"
			},
			{
				"fileName":"NodeTestTask.java",
				"lineNumber":145,
				"className":"org.junit.platform.engine.support.hierarchical.NodeTestTask",
				"methodName":"lambda$executeRecursively$9"
			},
			{
				"fileName":"ThrowableCollector.java",
				"lineNumber":73,
				"className":"org.junit.platform.engine.support.hierarchical.ThrowableCollector",
				"methodName":"execute"
			},
			{
				"fileName":"NodeTestTask.java",
				"lineNumber":144,
				"className":"org.junit.platform.engine.support.hierarchical.NodeTestTask",
				"methodName":"executeRecursively"
			},
			{
				"fileName":"NodeTestTask.java",
				"lineNumber":101,
				"className":"org.junit.platform.engine.support.hierarchical.NodeTestTask",
				"methodName":"execute"
			},
			{
				"fileName":"ArrayList.java",
				"lineNumber":1604,
				"className":"java.util.ArrayList",
				"methodName":"forEach"
			},
			{
				"fileName":"SameThreadHierarchicalTestExecutorService.java",
				"lineNumber":41,
				"className":"org.junit.platform.engine.support.hierarchical.SameThreadHierarchicalTestExecutorService",
				"methodName":"invokeAll"
			},
			{
				"fileName":"NodeTestTask.java",
				"lineNumber":161,
				"className":"org.junit.platform.engine.support.hierarchical.NodeTestTask",
				"methodName":"lambda$executeRecursively$6"
			},
			{
				"fileName":"ThrowableCollector.java",
				"lineNumber":73,
				"className":"org.junit.platform.engine.support.hierarchical.ThrowableCollector",
				"methodName":"execute"
			},
			{
				"fileName":"NodeTestTask.java",
				"lineNumber":147,
				"className":"org.junit.platform.engine.support.hierarchical.NodeTestTask",
				"methodName":"lambda$executeRecursively$8"
			},
			{
				"fileName":"Node.java",
				"lineNumber":137,
				"className":"org.junit.platform.engine.support.hierarchical.Node",
				"methodName":"around"
			},
			{
				"fileName":"NodeTestTask.java",
				"lineNumber":145,
				"className":"org.junit.platform.engine.support.hierarchical.NodeTestTask",
				"methodName":"lambda$executeRecursively$9"
			},
			{
				"fileName":"ThrowableCollector.java",
				"lineNumber":73,
				"className":"org.junit.platform.engine.support.hierarchical.ThrowableCollector",
				"methodName":"execute"
			},
			{
				"fileName":"NodeTestTask.java",
				"lineNumber":144,
				"className":"org.junit.platform.engine.support.hierarchical.NodeTestTask",
				"methodName":"executeRecursively"
			},
			{
				"fileName":"NodeTestTask.java",
				"lineNumber":101,
				"className":"org.junit.platform.engine.support.hierarchical.NodeTestTask",
				"methodName":"execute"
			},
			{
				"fileName":"ArrayList.java",
				"lineNumber":1604,
				"className":"java.util.ArrayList",
				"methodName":"forEach"
			},
			{
				"fileName":"SameThreadHierarchicalTestExecutorService.java",
				"lineNumber":41,
				"className":"org.junit.platform.engine.support.hierarchical.SameThreadHierarchicalTestExecutorService",
				"methodName":"invokeAll"
			},
			{
				"fileName":"NodeTestTask.java",
				"lineNumber":161,
				"className":"org.junit.platform.engine.support.hierarchical.NodeTestTask",
				"methodName":"lambda$executeRecursively$6"
			},
			{
				"fileName":"ThrowableCollector.java",
				"lineNumber":73,
				"className":"org.junit.platform.engine.support.hierarchical.ThrowableCollector",
				"methodName":"execute"
			},
			{
				"fileName":"NodeTestTask.java",
				"lineNumber":147,
				"className":"org.junit.platform.engine.support.hierarchical.NodeTestTask",
				"methodName":"lambda$executeRecursively$8"
			},
			{
				"fileName":"Node.java",
				"lineNumber":137,
				"className":"org.junit.platform.engine.support.hierarchical.Node",
				"methodName":"around"
			},
			{
				"fileName":"NodeTestTask.java",
				"lineNumber":145,
				"className":"org.junit.platform.engine.support.hierarchical.NodeTestTask",
				"methodName":"lambda$executeRecursively$9"
			},
			{
				"fileName":"ThrowableCollector.java",
				"lineNumber":73,
				"className":"org.junit.platform.engine.support.hierarchical.ThrowableCollector",
				"methodName":"execute"
			},
			{
				"fileName":"NodeTestTask.java",
				"lineNumber":144,
				"className":"org.junit.platform.engine.support.hierarchical.NodeTestTask",
				"methodName":"executeRecursively"
			},
			{
				"fileName":"NodeTestTask.java",
				"lineNumber":101,
				"className":"org.junit.platform.engine.support.hierarchical.NodeTestTask",
				"methodName":"execute"
			},
			{
				"fileName":"SameThreadHierarchicalTestExecutorService.java",
				"lineNumber":35,
				"className":"org.junit.platform.engine.support.hierarchical.SameThreadHierarchicalTestExecutorService",
				"methodName":"submit"
			},
			{
				"fileName":"HierarchicalTestExecutor.java",
				"lineNumber":57,
				"className":"org.junit.platform.engine.support.hierarchical.HierarchicalTestExecutor",
				"methodName":"execute"
			},
			{
				"fileName":"HierarchicalTestEngine.java",
				"lineNumber":54,
				"className":"org.junit.platform.engine.support.hierarchical.HierarchicalTestEngine",
				"methodName":"execute"
			},
			{
				"fileName":"EngineExecutionOrchestrator.java",
				"lineNumber":230,
				"className":"org.junit.platform.launcher.core.EngineExecutionOrchestrator",
				"methodName":"executeEngine"
			},
			{
				"fileName":"EngineExecutionOrchestrator.java",
				"lineNumber":204,
				"className":"org.junit.platform.launcher.core.EngineExecutionOrchestrator",
				"methodName":"failOrExecuteEngine"
			},
			{
				"fileName":"EngineExecutionOrchestrator.java",
				"lineNumber":172,
				"className":"org.junit.platform.launcher.core.EngineExecutionOrchestrator",
				"methodName":"execute"
			},
			{
				"fileName":"EngineExecutionOrchestrator.java",
				"lineNumber":101,
				"className":"org.junit.platform.launcher.core.EngineExecutionOrchestrator",
				"methodName":"execute"
			},
			{
				"fileName":"EngineExecutionOrchestrator.java",
				"lineNumber":64,
				"className":"org.junit.platform.launcher.core.EngineExecutionOrchestrator",
				"methodName":"lambda$execute$0"
			},
			{
				"fileName":"EngineExecutionOrchestrator.java",
				"lineNumber":150,
				"className":"org.junit.platform.launcher.core.EngineExecutionOrchestrator",
				"methodName":"withInterceptedStreams"
			},
			{
				"fileName":"EngineExecutionOrchestrator.java",
				"lineNumber":63,
				"className":"org.junit.platform.launcher.core.EngineExecutionOrchestrator",
				"methodName":"execute"
			},
			{
				"fileName":"DefaultLauncher.java",
				"lineNumber":109,
				"className":"org.junit.platform.launcher.core.DefaultLauncher",
				"methodName":"execute"
			},
			{
				"fileName":"DefaultLauncher.java",
				"lineNumber":91,
				"className":"org.junit.platform.launcher.core.DefaultLauncher",
				"methodName":"execute"
			},
			{
				"fileName":"DelegatingLauncher.java",
				"lineNumber":47,
				"className":"org.junit.platform.launcher.core.DelegatingLauncher",
				"methodName":"execute"
			},
			{
				"fileName":"InterceptingLauncher.java",
				"lineNumber":39,
				"className":"org.junit.platform.launcher.core.InterceptingLauncher",
				"methodName":"lambda$execute$1"
			},
			{
				"fileName":"ClasspathAlignmentCheckingLauncherInterceptor.java",
				"lineNumber":25,
				"className":"org.junit.platform.launcher.core.ClasspathAlignmentCheckingLauncherInterceptor",
				"methodName":"intercept"
			},
			{
				"fileName":"InterceptingLauncher.java",
				"lineNumber":38,
				"className":"org.junit.platform.launcher.core.InterceptingLauncher",
				"methodName":"execute"
			},
			{
				"fileName":"DelegatingLauncher.java",
				"lineNumber":47,
				"className":"org.junit.platform.launcher.core.DelegatingLauncher",
				"methodName":"execute"
			},
			{
				"fileName":"LazyLauncher.java",
				"lineNumber":56,
				"className":"org.apache.maven.surefire.junitplatform.LazyLauncher",
				"methodName":"execute"
			},
			{
				"fileName":"JUnitPlatformProvider.java",
				"lineNumber":194,
				"className":"org.apache.maven.surefire.junitplatform.JUnitPlatformProvider",
				"methodName":"execute"
			},
			{
				"fileName":"JUnitPlatformProvider.java",
				"lineNumber":150,
				"className":"org.apache.maven.surefire.junitplatform.JUnitPlatformProvider",
				"methodName":"invokeAllTests"
			},
			{
				"fileName":"JUnitPlatformProvider.java",
				"lineNumber":124,
				"className":"org.apache.maven.surefire.junitplatform.JUnitPlatformProvider",
				"methodName":"invoke"
			},
			{
				"fileName":"ForkedBooter.java",
				"lineNumber":385,
				"className":"org.apache.maven.surefire.booter.ForkedBooter",
				"methodName":"runSuitesInProcess"
			},
			{
				"fileName":"ForkedBooter.java",
				"lineNumber":162,
				"className":"org.apache.maven.surefire.booter.ForkedBooter",
				"methodName":"execute"
			},
			{
				"fileName":"ForkedBooter.java",
				"lineNumber":507,
				"className":"org.apache.maven.surefire.booter.ForkedBooter",
				"methodName":"run"
			},
			{
				"fileName":"ForkedBooter.java",
				"lineNumber":495,
				"className":"org.apache.maven.surefire.booter.ForkedBooter",
				"methodName":"main"
			}
		],
		"suppressedExceptions":{
			"@type":"java.util.Collections$EmptyList#1",
			"@value":[]
		}
	}
}
{
	"@type":"IllegalStateException#0",
	"@value":{
		"stackTrace":[
			{
				"fileName":"ExceptionTest.java",
				"lineNumber":46,
				"className":"com.alibaba.fastjson2.codec.ExceptionTest",
				"methodName":"test_exception_jsonb"
			},
			{
				"fileName":"DirectMethodHandleAccessor.java",
				"lineNumber":104,
				"className":"jdk.internal.reflect.DirectMethodHandleAccessor",
				"methodName":"invoke"
			},
			{
				"fileName":"Method.java",
				"lineNumber":565,
				"className":"java.lang.reflect.Method",
				"methodName":"invoke"
			},
			{
				"fileName":"ReflectionUtils.java",
				"lineNumber":787,
				"className":"org.junit.platform.commons.util.ReflectionUtils",
				"methodName":"invokeMethod"
			},
			{
				"fileName":"ReflectionSupport.java",
				"lineNumber":478,
				"className":"org.junit.platform.commons.support.ReflectionSupport",
				"methodName":"invokeMethod"
			},
			{
				"fileName":"MethodInvocation.java",
				"lineNumber":60,
				"className":"org.junit.jupiter.engine.execution.MethodInvocation",
				"methodName":"proceed"
			},
			{
				"fileName":"InvocationInterceptorChain.java",
				"lineNumber":131,
				"className":"org.junit.jupiter.engine.execution.InvocationInterceptorChain$ValidatingInvocation",
				"methodName":"proceed"
			},
			{
				"fileName":"TimeoutExtension.java",
				"lineNumber":161,
				"className":"org.junit.jupiter.engine.extension.TimeoutExtension",
				"methodName":"intercept"
			},
			{
				"fileName":"TimeoutExtension.java",
				"lineNumber":152,
				"className":"org.junit.jupiter.engine.extension.TimeoutExtension",
				"methodName":"interceptTestableMethod"
			},
			{
				"fileName":"TimeoutExtension.java",
				"lineNumber":91,
				"className":"org.junit.jupiter.engine.extension.TimeoutExtension",
				"methodName":"interceptTestMethod"
			},
			{
				"fileName":"InterceptingExecutableInvoker.java",
				"lineNumber":112,
				"className":"org.junit.jupiter.engine.execution.InterceptingExecutableInvoker$ReflectiveInterceptorCall",
				"methodName":"lambda$ofVoidMethod$0"
			},
			{
				"fileName":"InterceptingExecutableInvoker.java",
				"lineNumber":94,
				"className":"org.junit.jupiter.engine.execution.InterceptingExecutableInvoker",
				"methodName":"lambda$invoke$0"
			},
			{
				"fileName":"InvocationInterceptorChain.java",
				"lineNumber":106,
				"className":"org.junit.jupiter.engine.execution.InvocationInterceptorChain$InterceptedInvocation",
				"methodName":"proceed"
			},
			{
				"fileName":"InvocationInterceptorChain.java",
				"lineNumber":64,
				"className":"org.junit.jupiter.engine.execution.InvocationInterceptorChain",
				"methodName":"proceed"
			},
			{
				"fileName":"InvocationInterceptorChain.java",
				"lineNumber":45,
				"className":"org.junit.jupiter.engine.execution.InvocationInterceptorChain",
				"methodName":"chainAndInvoke"
			},
			{
				"fileName":"InvocationInterceptorChain.java",
				"lineNumber":37,
				"className":"org.junit.jupiter.engine.execution.InvocationInterceptorChain",
				"methodName":"invoke"
			},
			{
				"fileName":"InterceptingExecutableInvoker.java",
				"lineNumber":93,
				"className":"org.junit.jupiter.engine.execution.InterceptingExecutableInvoker",
				"methodName":"invoke"
			},
			{
				"fileName":"InterceptingExecutableInvoker.java",
				"lineNumber":87,
				"className":"org.junit.jupiter.engine.execution.InterceptingExecutableInvoker",
				"methodName":"invoke"
			},
			{
				"fileName":"TestMethodTestDescriptor.java",
				"lineNumber":221,
				"className":"org.junit.jupiter.engine.descriptor.TestMethodTestDescriptor",
				"methodName":"lambda$invokeTestMethod$4"
			},
			{
				"fileName":"ThrowableCollector.java",
				"lineNumber":73,
				"className":"org.junit.platform.engine.support.hierarchical.ThrowableCollector",
				"methodName":"execute"
			},
			{
				"fileName":"TestMethodTestDescriptor.java",
				"lineNumber":217,
				"className":"org.junit.jupiter.engine.descriptor.TestMethodTestDescriptor",
				"methodName":"invokeTestMethod"
			},
			{
				"fileName":"TestMethodTestDescriptor.java",
				"lineNumber":159,
				"className":"org.junit.jupiter.engine.descriptor.TestMethodTestDescriptor",
				"methodName":"execute"
			},
			{
				"fileName":"TestMethodTestDescriptor.java",
				"lineNumber":70,
				"className":"org.junit.jupiter.engine.descriptor.TestMethodTestDescriptor",
				"methodName":"execute"
			},
			{
				"fileName":"NodeTestTask.java",
				"lineNumber":157,
				"className":"org.junit.platform.engine.support.hierarchical.NodeTestTask",
				"methodName":"lambda$executeRecursively$6"
			},
			{
				"fileName":"ThrowableCollector.java",
				"lineNumber":73,
				"className":"org.junit.platform.engine.support.hierarchical.ThrowableCollector",
				"methodName":"execute"
			},
			{
				"fileName":"NodeTestTask.java",
				"lineNumber":147,
				"className":"org.junit.platform.engine.support.hierarchical.NodeTestTask",
				"methodName":"lambda$executeRecursively$8"
			},
			{
				"fileName":"Node.java",
				"lineNumber":137,
				"className":"org.junit.platform.engine.support.hierarchical.Node",
				"methodName":"around"
			},
			{
				"fileName":"NodeTestTask.java",
				"lineNumber":145,
				"className":"org.junit.platform.engine.support.hierarchical.NodeTestTask",
				"methodName":"lambda$executeRecursively$9"
			},
			{
				"fileName":"ThrowableCollector.java",
				"lineNumber":73,
				"className":"org.junit.platform.engine.support.hierarchical.ThrowableCollector",
				"methodName":"execute"
			},
			{
				"fileName":"NodeTestTask.java",
				"lineNumber":144,
				"className":"org.junit.platform.engine.support.hierarchical.NodeTestTask",
				"methodName":"executeRecursively"
			},
			{
				"fileName":"NodeTestTask.java",
				"lineNumber":101,
				"className":"org.junit.platform.engine.support.hierarchical.NodeTestTask",
				"methodName":"execute"
			},
			{
				"fileName":"ArrayList.java",
				"lineNumber":1604,
				"className":"java.util.ArrayList",
				"methodName":"forEach"
			},
			{
				"fileName":"SameThreadHierarchicalTestExecutorService.java",
				"lineNumber":41,
				"className":"org.junit.platform.engine.support.hierarchical.SameThreadHierarchicalTestExecutorService",
				"methodName":"invokeAll"
			},
			{
				"fileName":"NodeTestTask.java",
				"lineNumber":161,
				"className":"org.junit.platform.engine.support.hierarchical.NodeTestTask",
				"methodName":"lambda$executeRecursively$6"
			},
			{
				"fileName":"ThrowableCollector.java",
				"lineNumber":73,
				"className":"org.junit.platform.engine.support.hierarchical.ThrowableCollector",
				"methodName":"execute"
			},
			{
				"fileName":"NodeTestTask.java",
				"lineNumber":147,
				"className":"org.junit.platform.engine.support.hierarchical.NodeTestTask",
				"methodName":"lambda$executeRecursively$8"
			},
			{
				"fileName":"Node.java",
				"lineNumber":137,
				"className":"org.junit.platform.engine.support.hierarchical.Node",
				"methodName":"around"
			},
			{
				"fileName":"NodeTestTask.java",
				"lineNumber":145,
				"className":"org.junit.platform.engine.support.hierarchical.NodeTestTask",
				"methodName":"lambda$executeRecursively$9"
			},
			{
				"fileName":"ThrowableCollector.java",
				"lineNumber":73,
				"className":"org.junit.platform.engine.support.hierarchical.ThrowableCollector",
				"methodName":"execute"
			},
			{
				"fileName":"NodeTestTask.java",
				"lineNumber":144,
				"className":"org.junit.platform.engine.support.hierarchical.NodeTestTask",
				"methodName":"executeRecursively"
			},
			{
				"fileName":"NodeTestTask.java",
				"lineNumber":101,
				"className":"org.junit.platform.engine.support.hierarchical.NodeTestTask",
				"methodName":"execute"
			},
			{
				"fileName":"ArrayList.java",
				"lineNumber":1604,
				"className":"java.util.ArrayList",
				"methodName":"forEach"
			},
			{
				"fileName":"SameThreadHierarchicalTestExecutorService.java",
				"lineNumber":41,
				"className":"org.junit.platform.engine.support.hierarchical.SameThreadHierarchicalTestExecutorService",
				"methodName":"invokeAll"
			},
			{
				"fileName":"NodeTestTask.java",
				"lineNumber":161,
				"className":"org.junit.platform.engine.support.hierarchical.NodeTestTask",
				"methodName":"lambda$executeRecursively$6"
			},
			{
				"fileName":"ThrowableCollector.java",
				"lineNumber":73,
				"className":"org.junit.platform.engine.support.hierarchical.ThrowableCollector",
				"methodName":"execute"
			},
			{
				"fileName":"NodeTestTask.java",
				"lineNumber":147,
				"className":"org.junit.platform.engine.support.hierarchical.NodeTestTask",
				"methodName":"lambda$executeRecursively$8"
			},
			{
				"fileName":"Node.java",
				"lineNumber":137,
				"className":"org.junit.platform.engine.support.hierarchical.Node",
				"methodName":"around"
			},
			{
				"fileName":"NodeTestTask.java",
				"lineNumber":145,
				"className":"org.junit.platform.engine.support.hierarchical.NodeTestTask",
				"methodName":"lambda$executeRecursively$9"
			},
			{
				"fileName":"ThrowableCollector.java",
				"lineNumber":73,
				"className":"org.junit.platform.engine.support.hierarchical.ThrowableCollector",
				"methodName":"execute"
			},
			{
				"fileName":"NodeTestTask.java",
				"lineNumber":144,
				"className":"org.junit.platform.engine.support.hierarchical.NodeTestTask",
				"methodName":"executeRecursively"
			},
			{
				"fileName":"NodeTestTask.java",
				"lineNumber":101,
				"className":"org.junit.platform.engine.support.hierarchical.NodeTestTask",
				"methodName":"execute"
			},
			{
				"fileName":"SameThreadHierarchicalTestExecutorService.java",
				"lineNumber":35,
				"className":"org.junit.platform.engine.support.hierarchical.SameThreadHierarchicalTestExecutorService",
				"methodName":"submit"
			},
			{
				"fileName":"HierarchicalTestExecutor.java",
				"lineNumber":57,
				"className":"org.junit.platform.engine.support.hierarchical.HierarchicalTestExecutor",
				"methodName":"execute"
			},
			{
				"fileName":"HierarchicalTestEngine.java",
				"lineNumber":54,
				"className":"org.junit.platform.engine.support.hierarchical.HierarchicalTestEngine",
				"methodName":"execute"
			},
			{
				"fileName":"EngineExecutionOrchestrator.java",
				"lineNumber":230,
				"className":"org.junit.platform.launcher.core.EngineExecutionOrchestrator",
				"methodName":"executeEngine"
			},
			{
				"fileName":"EngineExecutionOrchestrator.java",
				"lineNumber":204,
				"className":"org.junit.platform.launcher.core.EngineExecutionOrchestrator",
				"methodName":"failOrExecuteEngine"
			},
			{
				"fileName":"EngineExecutionOrchestrator.java",
				"lineNumber":172,
				"className":"org.junit.platform.launcher.core.EngineExecutionOrchestrator",
				"methodName":"execute"
			},
			{
				"fileName":"EngineExecutionOrchestrator.java",
				"lineNumber":101,
				"className":"org.junit.platform.launcher.core.EngineExecutionOrchestrator",
				"methodName":"execute"
			},
			{
				"fileName":"EngineExecutionOrchestrator.java",
				"lineNumber":64,
				"className":"org.junit.platform.launcher.core.EngineExecutionOrchestrator",
				"methodName":"lambda$execute$0"
			},
			{
				"fileName":"EngineExecutionOrchestrator.java",
				"lineNumber":150,
				"className":"org.junit.platform.launcher.core.EngineExecutionOrchestrator",
				"methodName":"withInterceptedStreams"
			},
			{
				"fileName":"EngineExecutionOrchestrator.java",
				"lineNumber":63,
				"className":"org.junit.platform.launcher.core.EngineExecutionOrchestrator",
				"methodName":"execute"
			},
			{
				"fileName":"DefaultLauncher.java",
				"lineNumber":109,
				"className":"org.junit.platform.launcher.core.DefaultLauncher",
				"methodName":"execute"
			},
			{
				"fileName":"DefaultLauncher.java",
				"lineNumber":91,
				"className":"org.junit.platform.launcher.core.DefaultLauncher",
				"methodName":"execute"
			},
			{
				"fileName":"DelegatingLauncher.java",
				"lineNumber":47,
				"className":"org.junit.platform.launcher.core.DelegatingLauncher",
				"methodName":"execute"
			},
			{
				"fileName":"InterceptingLauncher.java",
				"lineNumber":39,
				"className":"org.junit.platform.launcher.core.InterceptingLauncher",
				"methodName":"lambda$execute$1"
			},
			{
				"fileName":"ClasspathAlignmentCheckingLauncherInterceptor.java",
				"lineNumber":25,
				"className":"org.junit.platform.launcher.core.ClasspathAlignmentCheckingLauncherInterceptor",
				"methodName":"intercept"
			},
			{
				"fileName":"InterceptingLauncher.java",
				"lineNumber":38,
				"className":"org.junit.platform.launcher.core.InterceptingLauncher",
				"methodName":"execute"
			},
			{
				"fileName":"DelegatingLauncher.java",
				"lineNumber":47,
				"className":"org.junit.platform.launcher.core.DelegatingLauncher",
				"methodName":"execute"
			},
			{
				"fileName":"LazyLauncher.java",
				"lineNumber":56,
				"className":"org.apache.maven.surefire.junitplatform.LazyLauncher",
				"methodName":"execute"
			},
			{
				"fileName":"JUnitPlatformProvider.java",
				"lineNumber":194,
				"className":"org.apache.maven.surefire.junitplatform.JUnitPlatformProvider",
				"methodName":"execute"
			},
			{
				"fileName":"JUnitPlatformProvider.java",
				"lineNumber":150,
				"className":"org.apache.maven.surefire.junitplatform.JUnitPlatformProvider",
				"methodName":"invokeAllTests"
			},
			{
				"fileName":"JUnitPlatformProvider.java",
				"lineNumber":124,
				"className":"org.apache.maven.surefire.junitplatform.JUnitPlatformProvider",
				"methodName":"invoke"
			},
			{
				"fileName":"ForkedBooter.java",
				"lineNumber":385,
				"className":"org.apache.maven.surefire.booter.ForkedBooter",
				"methodName":"runSuitesInProcess"
			},
			{
				"fileName":"ForkedBooter.java",
				"lineNumber":162,
				"className":"org.apache.maven.surefire.booter.ForkedBooter",
				"methodName":"execute"
			},
			{
				"fileName":"ForkedBooter.java",
				"lineNumber":507,
				"className":"org.apache.maven.surefire.booter.ForkedBooter",
				"methodName":"run"
			},
			{
				"fileName":"ForkedBooter.java",
				"lineNumber":495,
				"className":"org.apache.maven.surefire.booter.ForkedBooter",
				"methodName":"main"
			}
		],
		"suppressed":[]
	}
}
{
	"ref":{"$ref":".."}
}
{
	"@type":"com.alibaba.fastjson2.codec.JSONBTableTest6$A#0",
	"@value":{
		"a":{
			"id":1001
		},
		"b":{"$ref":"$.a"}
	}
}
{
	"@type":"Cat",
	"catId":1001
}
{
	"@type":"Cat",
	"catId":1001
}
{
	"c1":{},
	"c2":{"$ref":"$.c1"}
}
{
	"c":{},
	"values":[
		{"$ref":"$.c"}
	]
}
{
	"list0":[
		{
			"id":101
		},
		{
			"id":102
		}
	],
	"list1":[
		{
			"id":201
		},
		{
			"id":202
		}
	],
	"list2":[
		{
			"id":201
		},
		{
			"id":202
		}
	]
}
{
	"@type":"com.alibaba.fastjson2.codec.JSONBTableTest2$C#0",
	"@value":{
		"list1":{
			"@type":"A#1",
			"@value":[
				{
					"id":201
				},
				{
					"id":202
				}
			]
		},
		"list2":[
			{
				"@type":"com.alibaba.fastjson2.codec.JSONBTableTest2$Item#2",
				"@value":{
					"id":301
				}
			},
			{
				"@type":"#2",
				"@value":{
					"id":302
				}
			}
		]
	}
}
{
	"@type":"com.alibaba.fastjson2.codec.JSONBTableTest8$Bean",
	"values":{
		"@type":"A",
		"@value":[
			{
				"event":{}
			},
			{
				"event":{"$ref":"$.values[0].event"}
			}
		]
	}
}
{
	"@type":"com.alibaba.fastjson2.codec.JSONBTableTest8$Bean#0",
	"@value":{
		"values":{
			"@type":"A#1",
			"@value":[
				{
					"event":{}
				},
				{"$ref":"$.values[0]"}
			]
		}
	}
}
{
	"v0001":102,
	"v0000":101,
	"v0007":108,
	"x0001":"2026-10-07 00:44:52.086072286",
	"v0006":107,
	"v0009":110,
	"x0003":"中3",
	"v0008":109,
	"x0002":"中2",
	"v0003":"104",
	"x0005":"中华人民共和国",
	"v0002":103,
	"x0004":"中4",
	"v0005":106,
	"v0004":"105"
}
bytes.length=56
bytes.length=87003
bytes.length=81
bytes3.length=174003
bytes.length=81
bytes3.length=174003
{"id":0,"name":"jobs"}
{"@type":"com.alibaba.fastjson2.codec.JSONBTableTest5$B","values":[{"id":101,"name":"DataWorks"},{"id":102,"name":"MaxCompute"}]}
{
	"@type":"JSONObject#0",
	"@value":{
		"@type":"com.alibaba.fastjson2.codec.JSONBTableTest5$B",
		"values":{
			"@type":"JSONArray#1",
			"@value":[
				{
					"@type":"#0",
					"@value":{
						"id":101,
						"name":"DataWorks"
					}
				},
				{
					"@type":"#0",
					"@value":{
						"id":102,
						"name":"MaxCompute"
					}
				}
			]
		}
	}
}
{
	"values":[
		{
			"id":101,
			"name":"DataWorks"
		},
		{
			"id":102,
			"name":"MaxCompute"
		}
	]
}
com.alibaba.fastjson2.JSONException: not support type : OBJECT_END -91, offset 55/55
	at com.alibaba.fastjson2.JSONReaderJSONB.readAny(JSONReaderJSONB.java:1031)
	at com.alibaba.fastjson2.reader.ObjectReaderImplMap.readJSONBObject(ObjectReaderImplMap.java:409)
	at com.alibaba.fastjson2.reader.ORG_1891_1_A.readJSONBObject(Unknown Source)
	at com.alibaba.fastjson2.JSONB.parseObject(JSONB.java:734)
	at com.alibaba.fastjson2.codec.JSONBTableTest5.test_d(JSONBTableTest5.java:34)
	at java.base/jdk.internal.reflect.DirectMethodHandleAccessor.invoke(DirectMethodHandleAccessor.java:104)
	at java.base/java.lang.reflect.Method.invoke(Method.java:565)
	at org.junit.platform.commons.util.ReflectionUtils.invokeMethod(ReflectionUtils.java:787)
	at org.junit.platform.commons.support.ReflectionSupport.invokeMethod(ReflectionSupport.java:478)
	at org.junit.jupiter.engine.execution.MethodInvocation.proceed(MethodInvocation.java:60)
	at org.junit.jupiter.engine.execution.InvocationInterceptorChain$ValidatingInvocation.proceed(InvocationInterceptorChain.java:131)
	at org.junit.jupiter.engine.extension.TimeoutExtension.intercept(TimeoutExtension.java:161)
	at org.junit.jupiter.engine.extension.TimeoutExtension.interceptTestableMethod(TimeoutExtension.java:152)
	at org.junit.jupiter.engine.extension.TimeoutExtension.interceptTestMethod(TimeoutExtension.java:91)
	at org.junit.jupiter.engine.execution.InterceptingExecutableInvoker$ReflectiveInterceptorCall.lambda$ofVoidMethod$0(InterceptingExecutableInvoker.java:112)
	at org.junit.jupiter.engine.execution.InterceptingExecutableInvoker.lambda$invoke$0(InterceptingExecutableInvoker.java:94)
	at org.junit.jupiter.engine.execution.InvocationInterceptorChain$InterceptedInvocation.proceed(InvocationInterceptorChain.java:106)
	at org.junit.jupiter.engine.execution.InvocationInterceptorChain.proceed(InvocationInterceptorChain.java:64)
	at org.junit.jupiter.engine.execution.InvocationInterceptorChain.chainAndInvoke(InvocationInterceptorChain.java:45)
	at org.junit.jupiter.engine.execution.InvocationInterceptorChain.invoke(InvocationInterceptorChain.java:37)
	at org.junit.jupiter.engine.execution.InterceptingExecutableInvoker.invoke(InterceptingExecutableInvoker.java:93)
	at org.junit.jupiter.engine.execution.InterceptingExecutableInvoker.invoke(InterceptingExecutableInvoker.java:87)
	at org.junit.jupiter.engine.descriptor.TestMethodTestDescriptor.lambda$invokeTestMethod$4(TestMethodTestDescriptor.java:221)
	at org.junit.platform.engine.support.hierarchical.ThrowableCollector.execute(ThrowableCollector.java:73)
	at org.junit.jupiter.engine.descriptor.TestMethodTestDescriptor.invokeTestMethod(TestMethodTestDescriptor.java:217)
	at org.junit.jupiter.engine.descriptor.TestMethodTestDescriptor.execute(TestMethodTestDescriptor.java:159)
	at org.junit.jupiter.engine.descriptor.TestMethodTestDescriptor.execute(TestMethodTestDescriptor.java:70)
	at org.junit.platform.engine.support.hierarchical.NodeTestTask.lambda$executeRecursively$6(NodeTestTask.java:157)
	at org.junit.platform.engine.support.hierarchical.ThrowableCollector.execute(ThrowableCollector.java:73)
	at org.junit.platform.engine.support.hierarchical.NodeTestTask.lambda$executeRecursively$8(NodeTestTask.java:147)
	at org.junit.platform.engine.support.hierarchical.Node.around(Node.java:137)
	at org.junit.platform.engine.support.hierarchical.NodeTestTask.lambda$executeRecursively$9(NodeTestTask.java:145)
	at org.junit.platform.engine.support.hierarchical.ThrowableCollector.execute(ThrowableCollector.java:73)
	at org.junit.platform.engine.support.hierarchical.NodeTestTask.executeRecursively(NodeTestTask.java:144)
	at org.junit.platform.engine.support.hierarchical.NodeTestTask.execute(NodeTestTask.java:101)
	at java.base/java.util.ArrayList.forEach(ArrayList.java:1604)
	at org.junit.platform.engine.support.hierarchical.SameThreadHierarchicalTestExecutorService.invokeAll(SameThreadHierarchicalTestExecutorService.java:41)
	at org.junit.platform.engine.support.hierarchical.NodeTestTask.lambda$executeRecursively$6(NodeTestTask.java:161)
	at org.junit.platform.engine.support.hierarchical.ThrowableCollector.execute(ThrowableCollector.java:73)
	at org.junit.platform.engine.support.hierarchical.NodeTestTask.lambda$executeRecursively$8(NodeTestTask.java:147)
	at org.junit.platform.engine.support.hierarchical.Node.around(Node.java:137)
	at org.junit.platform.engine.support.hierarchical.NodeTestTask.lambda$executeRecursively$9(NodeTestTask.java:145)
	at org.junit.platform.engine.support.hierarchical.ThrowableCollector.execute(ThrowableCollector.java:73)
	at org.junit.platform.engine.support.hierarchical.NodeTestTask.executeRecursively(NodeTestTask.java:144)
	at org.junit.platform.engine.support.hierarchical.NodeTestTask.execute(NodeTestTask.java:101)
	at java.base/java.util.ArrayList.forEach(ArrayList.java:1604)
	at org.junit.platform.engine.support.hierarchical.SameThreadHierarchicalTestExecutorService.invokeAll(SameThreadHierarchicalTestExecutorService.java:41)
	at org.junit.platform.engine.support.hierarchical.NodeTestTask.lambda$executeRecursively$6(NodeTestTask.java:161)
	at org.junit.platform.engine.support.hierarchical.ThrowableCollector.execute(ThrowableCollector.java:73)
	at org.junit.platform.engine.support.hierarchical.NodeTestTask.lambda$executeRecursively$8(NodeTestTask.java:147)
	at org.junit.platform.engine.support.hierarchical.Node.around(Node.java:137)
	at org.junit.platform.engine.support.hierarchical.NodeTestTask.lambda$executeRecursively$9(NodeTestTask.java:145)
	at org.junit.platform.engine.support.hierarchical.ThrowableCollector.execute(ThrowableCollector.java:73)
	at org.junit.platform.engine.support.hierarchical.NodeTestTask.executeRecursively(NodeTestTask.java:144)
	at org.junit.platform.engine.support.hierarchical.NodeTestTask.execute(NodeTestTask.java:101)
	at org.junit.platform.engine.support.hierarchical.SameThreadHierarchicalTestExecutorService.submit(SameThreadHierarchicalTestExecutorService.java:35)
	at org.junit.platform.engine.support.hierarchical.HierarchicalTestExecutor.execute(HierarchicalTestExecutor.java:57)
	at org.junit.platform.engine.support.hierarchical.HierarchicalTestEngine.execute(HierarchicalTestEngine.java:54)
	at org.junit.platform.launcher.core.EngineExecutionOrchestrator.executeEngine(EngineExecutionOrchestrator.java:230)
	at org.junit.platform.launcher.core.EngineExecutionOrchestrator.failOrExecuteEngine(EngineExecutionOrchestrator.java:204)
	at org.junit.platform.launcher.core.EngineExecutionOrchestrator.execute(EngineExecutionOrchestrator.java:172)
	at org.junit.platform.launcher.core.EngineExecutionOrchestrator.execute(EngineExecutionOrchestrator.java:101)
	at org.junit.platform.launcher.core.EngineExecutionOrchestrator.lambda$execute$0(EngineExecutionOrchestrator.java:64)
	at org.junit.platform.launcher.core.EngineExecutionOrchestrator.withInterceptedStreams(EngineExecutionOrchestrator.java:150)
	at org.junit.platform.launcher.core.EngineExecutionOrchestrator.execute(EngineExecutionOrchestrator.java:63)
	at org.junit.platform.launcher.core.DefaultLauncher.execute(DefaultLauncher.java:109)
	at org.junit.platform.launcher.core.DefaultLauncher.execute(DefaultLauncher.java:91)
	at org.junit.platform.launcher.core.DelegatingLauncher.execute(DelegatingLauncher.java:47)
	at org.junit.platform.launcher.core.InterceptingLauncher.lambda$execute$1(InterceptingLauncher.java:39)
	at org.junit.platform.launcher.core.ClasspathAlignmentCheckingLauncherInterceptor.intercept(ClasspathAlignmentCheckingLauncherInterceptor.java:25)
	at org.junit.platform.launcher.core.InterceptingLauncher.execute(InterceptingLauncher.java:38)
	at org.junit.platform.launcher.core.DelegatingLauncher.execute(DelegatingLauncher.java:47)
	at org.apache.maven.surefire.junitplatform.LazyLauncher.execute(LazyLauncher.java:56)
	at org.apache.maven.surefire.junitplatform.JUnitPlatformProvider.execute(JUnitPlatformProvider.java:194)
	at org.apache.maven.surefire.junitplatform.JUnitPlatformProvider.invokeAllTests(JUnitPlatformProvider.java:150)
	at org.apache.maven.surefire.junitplatform.JUnitPlatformProvider.invoke(JUnitPlatformProvider.java:124)
	at org.apache.maven.surefire.booter.ForkedBooter.runSuitesInProcess(ForkedBooter.java:385)
	at org.apache.maven.surefire.booter.ForkedBooter.execute(ForkedBooter.java:162)
	at org.apache.maven.surefire.booter.ForkedBooter.run(ForkedBooter.java:507)
	at org.apache.maven.surefire.booter.ForkedBooter.main(ForkedBooter.java:495)
[
	{
		"employees":[
			{
				"id":1
			},
			{
				"id":2
			},
			{
				"id":3
			}
		]
	}
]
1900-01-01	+08:05:43
1900-02-01	+08:05:43
1900-03-01	+08:05:43
1900-04-01	+08:05:43
1900-05-01	+08:05:43
1900-06-01	+08:05:43
1900-07-01	+08:05:43
1900-08-01	+08:05:43
1900-09-01	+08:05:43
1900-10-01	+08:05:43
1900-11-01	+08:05:43
1900-12-01	+08:05:43
1901-01-01	+08:00
1901-02-01	+08:00
1901-03-01	+08:00
1901-04-01	+08:00
1901-05-01	+08:00
1901-06-01	+08:00
1901-07-01	+08:00
1901-08-01	+08:00
1901-09-01	+08:00
1901-10-01	+08:00
1901-11-01	+08:00
1901-12-01	+08:00
1902-01-01	+08:00
1902-02-01	+08:00
1902-03-01	+08:00
1902-04-01	+08:00
1902-05-01	+08:00
1902-06-01	+08:00
1902-07-01	+08:00
1902-08-01	+08:00
1902-09-01	+08:00
1902-10-01	+08:00
1902-11-01	+08:00
1902-12-01	+08:00
1903-01-01	+08:00
1903-02-01	+08:00
1903-03-01	+08:00
1903-04-01	+08:00
1903-05-01	+08:00
1903-06-01	+08:00
1903-07-01	+08:00
1903-08-01	+08:00
1903-09-01	+08:00
1903-10-01	+08:00
1903-11-01	+08:00
1903-12-01	+08:00
1904-01-01	+08:00
1904-02-01	+08:00
1904-03-01	+08:00
1904-04-01	+08:00
1904-05-01	+08:00
1904-06-01	+08:00
1904-07-01	+08:00
1904-08-01	+08:00
1904-09-01	+08:00
1904-10-01	+08:00
1904-11-01	+08:00
1904-12-01	+08:00
1905-01-01	+08:00
1905-02-01	+08:00
1905-03-01	+08:00
1905-04-01	+08:00
1905-05-01	+08:00
1905-06-01	+08:00
1905-07-01	+08:00
1905-08-01	+08:00
1905-09-01	+08:00
1905-10-01	+08:00
1905-11-01	+08:00
1905-12-01	+08:00
1906-01-01	+08:00
1906-02-01	+08:00
1906-03-01	+08:00
1906-04-01	+08:00
1906-05-01	+08:00
1906-06-01	+08:00
1906-07-01	+08:00
1906-08-01	+08:00
1906-09-01	+08:00
1906-10-01	+08:00
1906-11-01	+08:00
1906-12-01	+08:00
1907-01-01	+08:00
1907-02-01	+08:00
1907-03-01	+08:00
1907-04-01	+08:00
1907-05-01	+08:00
1907-06-01	+08:00
1907-07-01	+08:00
1907-08-01	+08:00
1907-09-01	+08:00
1907-10-01	+08:00
1907-11-01	+08:00
1907-12-01	+08:00
1908-01-01	+08:00
1908-02-01	+08:00
1908-03-01	+08:00
1908-04-01	+08:00
1908-05-01	+08:00
1908-06-01	+08:00
1908-07-01	+08:00
1908-08-01	+08:00
1908-09-01	+08:00
1908-10-01	+08:00
1908-11-01	+08:00
1908-12-01	+08:00
1909-01-01	+08:00
1909-02-01	+08:00
1909-03-01	+08:00
1909-04-01	+08:00
1909-05-01	+08:00
1909-06-01	+08:00
1909-07-01	+08:00
1909-08-01	+08:00
1909-09-01	+08:00
1909-10-01	+08:00
1909-11-01	+08:00
1909-12-01	+08:00
1910-01-01	+08:00
1910-02-01	+08:00
1910-03-01	+08:00
1910-04-01	+08:00
1910-05-01	+08:00
1910-06-01	+08:00
1910-07-01	+08:00
1910-08-01	+08:00
1910-09-01	+08:00
1910-10-01	+08:00
1910-11-01	+08:00
1910-12-01	+08:00
1911-01-01	+08:00
1911-02-01	+08:00
1911-03-01	+08:00
1911-04-01	+08:00
1911-05-01	+08:00
1911-06-01	+08:00
1911-07-01	+08:00
1911-08-01	+08:00
1911-09-01	+08:00
1911-10-01	+08:00
1911-11-01	+08:00
1911-12-01	+08:00
1912-01-01	+08:00
1912-02-01	+08:00
1912-03-01	+08:00
1912-04-01	+08:00
1912-05-01	+08:00
1912-06-01	+08:00
1912-07-01	+08:00
1912-08-01	+08:00
1912-09-01	+08:00
1912-10-01	+08:00
1912-11-01	+08:00
1912-12-01	+08:00
1913-01-01	+08:00
1913-02-01	+08:00
1913-03-01	+08:00
1913-04-01	+08:00
1913-05-01	+08:00
1913-06-01	+08:00
1913-07-01	+08:00
1913-08-01	+08:00
1913-09-01	+08:00
1913-10-01	+08:00
1913-11-01	+08:00
1913-12-01	+08:00
1914-01-01	+08:00
1914-02-01	+08:00
1914-03-01	+08:00
1914-04-01	+08:00
1914-05-01	+08:00
1914-06-01	+08:00
1914-07-01	+08:00
1914-08-01	+08:00
1914-09-01	+08:00
1914-10-01	+08:00
1914-11-01	+08:00
1914-12-01	+08:00
1915-01-01	+08:00
1915-02-01	+08:00
1915-03-01	+08:00
1915-04-01	+08:00
1915-05-01	+08:00
1915-06-01	+08:00
1915-07-01	+08:00
1915-08-01	+08:00
1915-09-01	+08:00
1915-10-01	+08:00
1915-11-01	+08:00
1915-12-01	+08:00
1916-01-01	+08:00
1916-02-01	+08:00
1916-03-01	+08:00
1916-04-01	+08:00
1916-05-01	+08:00
1916-06-01	+08:00
1916-07-01	+08:00
1916-08-01	+08:00
1916-09-01	+08:00
1916-10-01	+08:00
1916-11-01	+08:00
1916-12-01	+08:00
1917-01-01	+08:00
1917-02-01	+08:00
1917-03-01	+08:00
1917-04-01	+08:00
1917-05-01	+08:00
1917-06-01	+08:00
1917-07-01	+08:00
1917-08-01	+08:00
1917-09-01	+08:00
1917-10-01	+08:00
1917-11-01	+08:00
1917-12-01	+08:00
1918-01-01	+08:00
1918-02-01	+08:00
1918-03-01	+08:00
1918-04-01	+08:00
1918-05-01	+08:00
1918-06-01	+08:00
1918-07-01	+08:00
1918-08-01	+08:00
1918-09-01	+08:00
1918-10-01	+08:00
1918-11-01	+08:00
1918-12-01	+08:00
1919-01-01	+08:00
1919-02-01	+08:00
1919-03-01	+08:00
1919-04-01	+08:00
1919-05-01	+09:00
1919-06-01	+09:00
1919-07-01	+09:00
1919-08-01	+09:00
1919-09-01	+09:00
1919-10-01	+08:00
1919-11-01	+08:00
1919-12-01	+08:00
1920-01-01	+08:00
1920-02-01	+08:00
1920-03-01	+08:00
1920-04-01	+08:00
1920-05-01	+08:00
1920-06-01	+08:00
1920-07-01	+08:00
1920-08-01	+08:00
1920-09-01	+08:00
1920-10-01	+08:00
1920-11-01	+08:00
1920-12-01	+08:00
1921-01-01	+08:00
1921-02-01	+08:00
1921-03-01	+08:00
1921-04-01	+08:00
1921-05-01	+08:00
1921-06-01	+08:00
1921-07-01	+08:00
1921-08-01	+08:00
1921-09-01	+08:00
1921-10-01	+08:00
1921-11-01	+08:00
1921-12-01	+08:00
1922-01-01	+08:00
1922-02-01	+08:00
1922-03-01	+08:00
1922-04-01	+08:00
1922-05-01	+08:00
1922-06-01	+08:00
1922-07-01	+08:00
1922-08-01	+08:00
1922-09-01	+08:00
1922-10-01	+08:00
1922-11-01	+08:00
1922-12-01	+08:00
1923-01-01	+08:00
1923-02-01	+08:00
1923-03-01	+08:00
1923-04-01	+08:00
1923-05-01	+08:00
1923-06-01	+08:00
1923-07-01	+08:00
1923-08-01	+08:00
1923-09-01	+08:00
1923-10-01	+08:00
1923-11-01	+08:00
1923-12-01	+08:00
1924-01-01	+08:00
1924-02-01	+08:00
1924-03-01	+08:00
1924-04-01	+08:00
1924-05-01	+08:00
1924-06-01	+08:00
1924-07-01	+08:00
1924-08-01	+08:00
1924-09-01	+08:00
1924-10-01	+08:00
1924-11-01	+08:00
1924-12-01	+08:00
1925-01-01	+08:00
1925-02-01	+08:00
1925-03-01	+08:00
1925-04-01	+08:00
1925-05-01	+08:00
1925-06-01	+08:00
1925-07-01	+08:00
1925-08-01	+08:00
1925-09-01	+08:00
1925-10-01	+08:00
1925-11-01	+08:00
1925-12-01	+08:00
1926-01-01	+08:00
1926-02-01	+08:00
1926-03-01	+08:00
1926-04-01	+08:00
1926-05-01	+08:00
1926-06-01	+08:00
1926-07-01	+08:00
1926-08-01	+08:00
1926-09-01	+08:00
1926-10-01	+08:00
1926-11-01	+08:00
1926-12-01	+08:00
1927-01-01	+08:00
1927-02-01	+08:00
1927-03-01	+08:00
1927-04-01	+08:00
1927-05-01	+08:00
1927-06-01	+08:00
1927-07-01	+08:00
1927-08-01	+08:00
1927-09-01	+08:00
1927-10-01	+08:00
1927-11-01	+08:00
1927-12-01	+08:00
1928-01-01	+08:00
1928-02-01	+08:00
1928-03-01	+08:00
1928-04-01	+08:00
1928-05-01	+08:00
1928-06-01	+08:00
1928-07-01	+08:00
1928-08-01	+08:00
1928-09-01	+08:00
1928-10-01	+08:00
1928-11-01	+08:00
1928-12-01	+08:00
1929-01-01	+08:00
1929-02-01	+08:00
1929-03-01	+08:00
1929-04-01	+08:00
1929-05-01	+08:00
1929-06-01	+08:00
1929-07-01	+08:00
1929-08-01	+08:00
1929-09-01	+08:00
1929-10-01	+08:00
1929-11-01	+08:00
1929-12-01	+08:00
1930-01-01	+08:00
1930-02-01	+08:00
1930-03-01	+08:00
1930-04-01	+08:00
1930-05-01	+08:00
1930-06-01	+08:00
1930-07-01	+08:00
1930-08-01	+08:00
1930-09-01	+08:00
1930-10-01	+08:00
1930-11-01	+08:00
1930-12-01	+08:00
1931-01-01	+08:00
1931-02-01	+08:00
1931-03-01	+08:00
1931-04-01	+08:00
1931-05-01	+08:00
1931-06-01	+08:00
1931-07-01	+08:00
1931-08-01	+08:00
1931-09-01	+08:00
1931-10-01	+08:00
1931-11-01	+08:00
1931-12-01	+08:00
1932-01-01	+08:00
1932-02-01	+08:00
1932-03-01	+08:00
1932-04-01	+08:00
1932-05-01	+08:00
1932-06-01	+08:00
1932-07-01	+08:00
1932-08-01	+08:00
1932-09-01	+08:00
1932-10-01	+08:00
1932-11-01	+08:00
1932-12-01	+08:00
1933-01-01	+08:00
1933-02-01	+08:00
1933-03-01	+08:00
1933-04-01	+08:00
1933-05-01	+08:00
1933-06-01	+08:00
1933-07-01	+08:00
1933-08-01	+08:00
1933-09-01	+08:00
1933-10-01	+08:00
1933-11-01	+08:00
1933-12-01	+08:00
1934-01-01	+08:00
1934-02-01	+08:00
1934-03-01	+08:00
1934-04-01	+08:00
1934-05-01	+08:00
1934-06-01	+08:00
1934-07-01	+08:00
1934-08-01	+08:00
1934-09-01	+08:00
1934-10-01	+08:00
1934-11-01	+08:00
1934-12-01	+08:00
1935-01-01	+08:00
1935-02-01	+08:00
1935-03-01	+08:00
1935-04-01	+08:00
1935-05-01	+08:00
1935-06-01	+08:00
1935-07-01	+08:00
1935-08-01	+08:00
1935-09-01	+08:00
1935-10-01	+08:00
1935-11-01	+08:00
1935-12-01	+08:00
1936-01-01	+08:00
1936-02-01	+08:00
1936-03-01	+08:00
1936-04-01	+08:00
1936-05-01	+08:00
1936-06-01	+08:00
1936-07-01	+08:00
1936-08-01	+08:00
1936-09-01	+08:00
1936-10-01	+08:00
1936-11-01	+08:00
1936-12-01	+08:00
1937-01-01	+08:00
1937-02-01	+08:00
1937-03-01	+08:00
1937-04-01	+08:00
1937-05-01	+08:00
1937-06-01	+08:00
1937-07-01	+08:00
1937-08-01	+08:00
1937-09-01	+08:00
1937-10-01	+08:00
1937-11-01	+08:00
1937-12-01	+08:00
1938-01-01	+08:00
1938-02-01	+08:00
1938-03-01	+08:00
1938-04-01	+08:00
1938-05-01	+08:00
1938-06-01	+08:00
1938-07-01	+08:00
1938-08-01	+08:00
1938-09-01	+08:00
1938-10-01	+08:00
1938-11-01	+08:00
1938-12-01	+08:00
1939-01-01	+08:00
1939-02-01	+08:00
1939-03-01	+08:00
1939-04-01	+08:00
1939-05-01	+08:00
1939-06-01	+08:00
1939-07-01	+08:00
1939-08-01	+08:00
1939-09-01	+08:00
1939-10-01	+08:00
1939-11-01	+08:00
1939-12-01	+08:00
1940-01-01	+08:00
1940-02-01	+08:00
1940-03-01	+08:00
1940-04-01	+08:00
1940-05-01	+08:00
1940-06-01	+08:00
1940-07-01	+09:00
1940-08-01	+09:00
1940-09-01	+09:00
1940-10-01	+09:00
1940-11-01	+08:00
1940-12-01	+08:00
1941-01-01	+08:00
1941-02-01	+08:00
1941-03-01	+08:00
1941-04-01	+09:00
1941-05-01	+09:00
1941-06-01	+09:00
1941-07-01	+09:00
1941-08-01	+09:00
1941-09-01	+09:00
1941-10-01	+09:00
1941-11-01	+09:00
1941-12-01	+08:00
1942-01-01	+08:00
1942-02-01	+09:00
1942-03-01	+09:00
1942-04-01	+09:00
1942-05-01	+09:00
1942-06-01	+09:00
1942-07-01	+09:00
1942-08-01	+09:00
1942-09-01	+09:00
1942-10-01	+09:00
1942-11-01	+09:00
1942-12-01	+09:00
1943-01-01	+09:00
1943-02-01	+09:00
1943-03-01	+09:00
1943-04-01	+09:00
1943-05-01	+09:00
1943-06-01	+09:00
1943-07-01	+09:00
1943-08-01	+09:00
1943-09-01	+09:00
1943-10-01	+09:00
1943-11-01	+09:00
1943-12-01	+09:00
1944-01-01	+09:00
1944-02-01	+09:00
1944-03-01	+09:00
1944-04-01	+09:00
1944-05-01	+09:00
1944-06-01	+09:00
1944-07-01	+09:00
1944-08-01	+09:00
1944-09-01	+09:00
1944-10-01	+09:00
1944-11-01	+09:00
1944-12-01	+09:00
1945-01-01	+09:00
1945-02-01	+09:00
1945-03-01	+09:00
1945-04-01	+09:00
1945-05-01	+09:00
1945-06-01	+09:00
1945-07-01	+09:00
1945-08-01	+09:00
1945-09-01	+09:00
1945-10-01	+08:00
1945-11-01	+08:00
1945-12-01	+08:00
1946-01-01	+08:00
1946-02-01	+08:00
1946-03-01	+08:00
1946-04-01	+08:00
1946-05-01	+08:00
1946-06-01	+09:00
1946-07-01	+09:00
1946-08-01	+09:00
1946-09-01	+09:00
1946-10-01	+08:00
1946-11-01	+08:00
1946-12-01	+08:00
1947-01-01	+08:00
1947-02-01	+08:00
1947-03-01	+08:00
1947-04-01	+08:00
1947-05-01	+09:00
1947-06-01	+09:00
1947-07-01	+09:00
1947-08-01	+09:00
1947-09-01	+09:00
1947-10-01	+09:00
1947-11-01	+08:00
1947-12-01	+08:00
1948-01-01	+08:00
1948-02-01	+08:00
1948-03-01	+08:00
1948-04-01	+08:00
1948-05-01	+08:00
1948-06-01	+09:00
1948-07-01	+09:00
1948-08-01	+09:00
1948-09-01	+09:00
1948-10-01	+08:00
1948-11-01	+08:00
1948-12-01	+08:00
1949-01-01	+08:00
1949-02-01	+08:00
1949-03-01	+08:00
1949-04-01	+08:00
1949-05-01	+08:00
1949-06-01	+08:00
1949-07-01	+08:00
1949-08-01	+08:00
1949-09-01	+08:00
1949-10-01	+08:00
1949-11-01	+08:00
1949-12-01	+08:00
1950-01-01	+08:00
1950-02-01	+08:00
1950-03-01	+08:00
1950-04-01	+08:00
1950-05-01	+08:00
1950-06-01	+08:00
1950-07-01	+08:00
1950-08-01	+08:00
1950-09-01	+08:00
1950-10-01	+08:00
1950-11-01	+08:00
1950-12-01	+08:00
1951-01-01	+08:00
1951-02-01	+08:00
1951-03-01	+08:00
1951-04-01	+08:00
1951-05-01	+08:00
1951-06-01	+08:00
1951-07-01	+08:00
1951-08-01	+08:00
1951-09-01	+08:00
1951-10-01	+08:00
1951-11-01	+08:00
1951-12-01	+08:00
1952-01-01	+08:00
1952-02-01	+08:00
1952-03-01	+08:00
1952-04-01	+08:00
1952-05-01	+08:00
1952-06-01	+08:00
1952-07-01	+08:00
1952-08-01	+08:00
1952-09-01	+08:00
1952-10-01	+08:00
1952-11-01	+08:00
1952-12-01	+08:00
1953-01-01	+08:00
1953-02-01	+08:00
1953-03-01	+08:00
1953-04-01	+08:00
1953-05-01	+08:00
1953-06-01	+08:00
1953-07-01	+08:00
1953-08-01	+08:00
1953-09-01	+08:00
1953-10-01	+08:00
1953-11-01	+08:00
1953-12-01	+08:00
1954-01-01	+08:00
1954-02-01	+08:00
1954-03-01	+08:00
1954-04-01	+08:00
1954-05-01	+08:00
1954-06-01	+08:00
1954-07-01	+08:00
1954-08-01	+08:00
1954-09-01	+08:00
1954-10-01	+08:00
1954-11-01	+08:00
1954-12-01	+08:00
1955-01-01	+08:00
1955-02-01	+08:00
1955-03-01	+08:00
1955-04-01	+08:00
1955-05-01	+08:00
1955-06-01	+08:00
1955-07-01	+08:00
1955-08-01	+08:00
1955-09-01	+08:00
1955-10-01	+08:00
1955-11-01	+08:00
1955-12-01	+08:00
1956-01-01	+08:00
1956-02-01	+08:00
1956-03-01	+08:00
1956-04-01	+08:00
1956-05-01	+08:00
1956-06-01	+08:00
1956-07-01	+08:00
1956-08-01	+08:00
1956-09-01	+08:00
1956-10-01	+08:00
1956-11-01	+08:00
1956-12-01	+08:00
1957-01-01	+08:00
1957-02-01	+08:00
1957-03-01	+08:00
1957-04-01	+08:00
1957-05-01	+08:00
1957-06-01	+08:00
1957-07-01	+08:00
1957-08-01	+08:00
1957-09-01	+08:00
1957-10-01	+08:00
1957-11-01	+08:00
1957-12-01	+08:00
1958-01-01	+08:00
1958-02-01	+08:00
1958-03-01	+08:00
1958-04-01	+08:00
1958-05-01	+08:00
1958-06-01	+08:00
1958-07-01	+08:00
1958-08-01	+08:00
1958-09-01	+08:00
1958-10-01	+08:00
1958-11-01	+08:00
1958-12-01	+08:00
1959-01-01	+08:00
1959-02-01	+08:00
1959-03-01	+08:00
1959-04-01	+08:00
1959-05-01	+08:00
1959-06-01	+08:00
1959-07-01	+08:00
1959-08-01	+08:00
1959-09-01	+08:00
1959-10-01	+08:00
1959-11-01	+08:00
1959-12-01	+08:00
1960-01-01	+08:00
1960-02-01	+08:00
1960-03-01	+08:00
1960-04-01	+08:00
1960-05-01	+08:00
1960-06-01	+08:00
1960-07-01	+08:00
1960-08-01	+08:00
1960-09-01	+08:00
1960-10-01	+08:00
1960-11-01	+08:00
1960-12-01	+08:00
1961-01-01	+08:00
1961-02-01	+08:00
1961-03-01	+08:00
1961-04-01	+08:00
1961-05-01	+08:00
1961-06-01	+08:00
1961-07-01	+08:00
1961-08-01	+08:00
1961-09-01	+08:00
1961-10-01	+08:00
1961-11-01	+08:00
1961-12-01	+08:00
1962-01-01	+08:00
1962-02-01	+08:00
1962-03-01	+08:00
1962-04-01	+08:00
1962-05-01	+08:00
1962-06-01	+08:00
1962-07-01	+08:00
1962-08-01	+08:00
1962-09-01	+08:00
1962-10-01	+08:00
1962-11-01	+08:00
1962-12-01	+08:00
1963-01-01	+08:00
1963-02-01	+08:00
1963-03-01	+08:00
1963-04-01	+08:00
1963-05-01	+08:00
1963-06-01	+08:00
1963-07-01	+08:00
1963-08-01	+08:00
1963-09-01	+08:00
1963-10-01	+08:00
1963-11-01	+08:00
1963-12-01	+08:00
1964-01-01	+08:00
1964-02-01	+08:00
1964-03-01	+08:00
1964-04-01	+08:00
1964-05-01	+08:00
1964-06-01	+08:00
1964-07-01	+08:00
1964-08-01	+08:00
1964-09-01	+08:00
1964-10-01	+08:00
1964-11-01	+08:00
1964-12-01	+08:00
1965-01-01	+08:00
1965-02-01	+08:00
1965-03-01	+08:00
1965-04-01	+08:00
1965-05-01	+08:00
1965-06-01	+08:00
1965-07-01	+08:00
1965-08-01	+08:00
1965-09-01	+08:00
1965-10-01	+08:00
1965-11-01	+08:00
1965-12-01	+08:00
1966-01-01	+08:00
1966-02-01	+08:00
1966-03-01	+08:00
1966-04-01	+08:00
1966-05-01	+08:00
1966-06-01	+08:00
1966-07-01	+08:00
1966-08-01	+08:00
1966-09-01	+08:00
1966-10-01	+08:00
1966-11-01	+08:00
1966-12-01	+08:00
1967-01-01	+08:00
1967-02-01	+08:00
1967-03-01	+08:00
1967-04-01	+08:00
1967-05-01	+08:00
1967-06-01	+08:00
1967-07-01	+08:00
1967-08-01	+08:00
1967-09-01	+08:00
1967-10-01	+08:00
1967-11-01	+08:00
1967-12-01	+08:00
1968-01-01	+08:00
1968-02-01	+08:00
1968-03-01	+08:00
1968-04-01	+08:00
1968-05-01	+08:00
1968-06-01	+08:00
1968-07-01	+08:00
1968-08-01	+08:00
1968-09-01	+08:00
1968-10-01	+08:00
1968-11-01	+08:00
1968-12-01	+08:00
1969-01-01	+08:00
1969-02-01	+08:00
1969-03-01	+08:00
1969-04-01	+08:00
1969-05-01	+08:00
1969-06-01	+08:00
1969-07-01	+08:00
1969-08-01	+08:00
1969-09-01	+08:00
1969-10-01	+08:00
1969-11-01	+08:00
1969-12-01	+08:00
1970-01-01	+08:00
1970-02-01	+08:00
1970-03-01	+08:00
1970-04-01	+08:00
1970-05-01	+08:00
1970-06-01	+08:00
1970-07-01	+08:00
1970-08-01	+08:00
1970-09-01	+08:00
1970-10-01	+08:00
1970-11-01	+08:00
1970-12-01	+08:00
1971-01-01	+08:00
1971-02-01	+08:00
1971-03-01	+08:00
1971-04-01	+08:00
1971-05-01	+08:00
1971-06-01	+08:00
1971-07-01	+08:00
1971-08-01	+08:00
1971-09-01	+08:00
1971-10-01	+08:00
1971-11-01	+08:00
1971-12-01	+08:00
1972-01-01	+08:00
1972-02-01	+08:00
1972-03-01	+08:00
1972-04-01	+08:00
1972-05-01	+08:00
1972-06-01	+08:00
1972-07-01	+08:00
1972-08-01	+08:00
1972-09-01	+08:00
1972-10-01	+08:00
1972-11-01	+08:00
1972-12-01	+08:00
1973-01-01	+08:00
1973-02-01	+08:00
1973-03-01	+08:00
1973-04-01	+08:00
1973-05-01	+08:00
1973-06-01	+08:00
1973-07-01	+08:00
1973-08-01	+08:00
1973-09-01	+08:00
1973-10-01	+08:00
1973-11-01	+08:00
1973-12-01	+08:00
1974-01-01	+08:00
1974-02-01	+08:00
1974-03-01	+08:00
1974-04-01	+08:00
1974-05-01	+08:00
1974-06-01	+08:00
1974-07-01	+08:00
1974-08-01	+08:00
1974-09-01	+08:00
1974-10-01	+08:00
1974-11-01	+08:00
1974-12-01	+08:00
1975-01-01	+08:00
1975-02-01	+08:00
1975-03-01	+08:00
1975-04-01	+08:00
1975-05-01	+08:00
1975-06-01	+08:00
1975-07-01	+08:00
1975-08-01	+08:00
1975-09-01	+08:00
1975-10-01	+08:00
1975-11-01	+08:00
1975-12-01	+08:00
1976-01-01	+08:00
1976-02-01	+08:00
1976-03-01	+08:00
1976-04-01	+08:00
1976-05-01	+08:00
1976-06-01	+08:00
1976-07-01	+08:00
1976-08-01	+08:00
1976-09-01	+08:00
1976-10-01	+08:00
1976-11-01	+08:00
1976-12-01	+08:00
1977-01-01	+08:00
1977-02-01	+08:00
1977-03-01	+08:00
1977-04-01	+08:00
1977-05-01	+08:00
1977-06-01	+08:00
1977-07-01	+08:00
1977-08-01	+08:00
1977-09-01	+08:00
1977-10-01	+08:00
1977-11-01	+08:00
1977-12-01	+08:00
1978-01-01	+08:00
1978-02-01	+08:00
1978-03-01	+08:00
1978-04-01	+08:00
1978-05-01	+08:00
1978-06-01	+08:00
1978-07-01	+08:00
1978-08-01	+08:00
1978-09-01	+08:00
1978-10-01	+08:00
1978-11-01	+08:00
1978-12-01	+08:00
1979-01-01	+08:00
1979-02-01	+08:00
1979-03-01	+08:00
1979-04-01	+08:00
1979-05-01	+08:00
1979-06-01	+08:00
1979-07-01	+08:00
1979-08-01	+08:00
1979-09-01	+08:00
1979-10-01	+08:00
1979-11-01	+08:00
1979-12-01	+08:00
1980-01-01	+08:00
1980-02-01	+08:00
1980-03-01	+08:00
1980-04-01	+08:00
1980-05-01	+08:00
1980-06-01	+08:00
1980-07-01	+08:00
1980-08-01	+08:00
1980-09-01	+08:00
1980-10-01	+08:00
1980-11-01	+08:00
1980-12-01	+08:00
1981-01-01	+08:00
1981-02-01	+08:00
1981-03-01	+08:00
1981-04-01	+08:00
1981-05-01	+08:00
1981-06-01	+08:00
1981-07-01	+08:00
1981-08-01	+08:00
1981-09-01	+08:00
1981-10-01	+08:00
1981-11-01	+08:00
1981-12-01	+08:00
1982-01-01	+08:00
1982-02-01	+08:00
1982-03-01	+08:00
1982-04-01	+08:00
1982-05-01	+08:00
1982-06-01	+08:00
1982-07-01	+08:00
1982-08-01	+08:00
1982-09-01	+08:00
1982-10-01	+08:00
1982-11-01	+08:00
1982-12-01	+08:00
1983-01-01	+08:00
1983-02-01	+08:00
1983-03-01	+08:00
1983-04-01	+08:00
1983-05-01	+08:00
1983-06-01	+08:00
1983-07-01	+08:00
1983-08-01	+08:00
1983-09-01	+08:00
1983-10-01	+08:00
1983-11-01	+08:00
1983-12-01	+08:00
1984-01-01	+08:00
1984-02-01	+08:00
1984-03-01	+08:00
1984-04-01	+08:00
1984-05-01	+08:00
1984-06-01	+08:00
1984-07-01	+08:00
1984-08-01	+08:00
1984-09-01	+08:00
1984-10-01	+08:00
1984-11-01	+08:00
1984-12-01	+08:00
1985-01-01	+08:00
1985-02-01	+08:00
1985-03-01	+08:00
1985-04-01	+08:00
1985-05-01	+08:00
1985-06-01	+08:00
1985-07-01	+08:00
1985-08-01	+08:00
1985-09-01	+08:00
1985-10-01	+08:00
1985-11-01	+08:00
1985-12-01	+08:00
1986-01-01	+08:00
1986-02-01	+08:00
1986-03-01	+08:00
1986-04-01	+08:00
1986-05-01	+08:00
1986-06-01	+09:00
1986-07-01	+09:00
1986-08-01	+09:00
1986-09-01	+09:00
1986-10-01	+08:00
1986-11-01	+08:00
1986-12-01	+08:00
1987-01-01	+08:00
1987-02-01	+08:00
1987-03-01	+08:00
1987-04-01	+08:00
1987-05-01	+09:00
1987-06-01	+09:00
1987-07-01	+09:00
1987-08-01	+09:00
1987-09-01	+09:00
1987-10-01	+08:00
1987-11-01	+08:00
1987-12-01	+08:00
1988-01-01	+08:00
1988-02-01	+08:00
1988-03-01	+08:00
1988-04-01	+08:00
1988-05-01	+09:00
1988-06-01	+09:00
1988-07-01	+09:00
1988-08-01	+09:00
1988-09-01	+09:00
1988-10-01	+08:00
1988-11-01	+08:00
1988-12-01	+08:00
1989-01-01	+08:00
1989-02-01	+08:00
1989-03-01	+08:00
1989-04-01	+08:00
1989-05-01	+09:00
1989-06-01	+09:00
1989-07-01	+09:00
1989-08-01	+09:00
1989-09-01	+09:00
1989-10-01	+08:00
1989-11-01	+08:00
1989-12-01	+08:00
1990-01-01	+08:00
1990-02-01	+08:00
1990-03-01	+08:00
1990-04-01	+08:00
1990-05-01	+09:00
1990-06-01	+09:00
1990-07-01	+09:00
1990-08-01	+09:00
1990-09-01	+09:00
1990-10-01	+08:00
1990-11-01	+08:00
1990-12-01	+08:00
1991-01-01	+08:00
1991-02-01	+08:00
1991-03-01	+08:00
1991-04-01	+08:00
1991-05-01	+09:00
1991-06-01	+09:00
1991-07-01	+09:00
1991-08-01	+09:00
1991-09-01	+09:00
1991-10-01	+08:00
1991-11-01	+08:00
1991-12-01	+08:00
1992-01-01	+08:00
1992-02-01	+08:00
1992-03-01	+08:00
1992-04-01	+08:00
1992-05-01	+08:00
1992-06-01	+08:00
1992-07-01	+08:00
1992-08-01	+08:00
1992-09-01	+08:00
1992-10-01	+08:00
1992-11-01	+08:00
1992-12-01	+08:00
1993-01-01	+08:00
1993-02-01	+08:00
1993-03-01	+08:00
1993-04-01	+08:00
1993-05-01	+08:00
1993-06-01	+08:00
1993-07-01	+08:00
1993-08-01	+08:00
1993-09-01	+08:00
1993-10-01	+08:00
1993-11-01	+08:00
1993-12-01	+08:00
1994-01-01	+08:00
1994-02-01	+08:00
1994-03-01	+08:00
1994-04-01	+08:00
1994-05-01	+08:00
1994-06-01	+08:00
1994-07-01	+08:00
1994-08-01	+08:00
1994-09-01	+08:00
1994-10-01	+08:00
1994-11-01	+08:00
1994-12-01	+08:00
1995-01-01	+08:00
1995-02-01	+08:00
1995-03-01	+08:00
1995-04-01	+08:00
1995-05-01	+08:00
1995-06-01	+08:00
1995-07-01	+08:00
1995-08-01	+08:00
1995-09-01	+08:00
1995-10-01	+08:00
1995-11-01	+08:00
1995-12-01	+08:00
1996-01-01	+08:00
1996-02-01	+08:00
1996-03-01	+08:00
1996-04-01	+08:00
1996-05-01	+08:00
1996-06-01	+08:00
1996-07-01	+08:00
1996-08-01	+08:00
1996-09-01	+08:00
1996-10-01	+08:00
1996-11-01	+08:00
1996-12-01	+08:00
1997-01-01	+08:00
1997-02-01	+08:00
1997-03-01	+08:00
1997-04-01	+08:00
1997-05-01	+08:00
1997-06-01	+08:00
1997-07-01	+08:00
1997-08-01	+08:00
1997-09-01	+08:00
1997-10-01	+08:00
1997-11-01	+08:00
1997-12-01	+08:00
1998-01-01	+08:00
1998-02-01	+08:00
1998-03-01	+08:00
1998-04-01	+08:00
1998-05-01	+08:00
1998-06-01	+08:00
1998-07-01	+08:00
1998-08-01	+08:00
1998-09-01	+08:00
1998-10-01	+08:00
1998-11-01	+08:00
1998-12-01	+08:00
1999-01-01	+08:00
1999-02-01	+08:00
1999-03-01	+08:00
1999-04-01	+08:00
1999-05-01	+08:00
1999-06-01	+08:00
1999-07-01	+08:00
1999-08-01	+08:00
1999-09-01	+08:00
1999-10-01	+08:00
1999-11-01	+08:00
1999-12-01	+08:00
{
	"@type":"com.alibaba.fastjson2.issues_2300.Issue2392$Bean",
	"value":{
		"@type":"kotlin.collections.EmptyList",
		"@value":[]
	}
}
{"testField":"My Test"}
{"n0":null,"n1":"1","s0":"","s1":"noear"}
{"v":6.805646932770577E38}
178850374
[Value2{val=1, v_al=2}, Value2{val=2, v_al=2}, Value2{val=3, v_al=2}]  
{"data":{"key1":"value1","key2":"value2"},"success":false}
{"data":["key1","key2"],"success":false}
com.alibaba.fastjson2.JSONException: illegal number, offset 25, char }
	at com.alibaba.fastjson2.JSONReader.numberError(JSONReader.java:6770)
	at com.alibaba.fastjson2.JSONReader.getInt64Value(JSONReader.java:2050)
	at com.alibaba.fastjson2.JSONReader.readInt64ValueOverflow(JSONReader.java:1933)
	at com.alibaba.fastjson2.JSONReaderUTF8.readInt64Value(JSONReaderUTF8.java:3757)
	at com.alibaba.fastjson2.reader.ORG_2077_1_LongVal.readObject(Unknown Source)
	at com.alibaba.fastjson2.JSON.parseObject(JSON.java:992)
	at com.alibaba.fastjson2.v1issues.issue_1400.Issue1423.test_for_issue(Issue1423.java:17)
	at java.base/jdk.internal.reflect.DirectMethodHandleAccessor.invoke(DirectMethodHandleAccessor.java:104)
	at java.base/java.lang.reflect.Method.invoke(Method.java:565)
	at org.junit.platform.commons.util.ReflectionUtils.invokeMethod(ReflectionUtils.java:787)
	at org.junit.platform.commons.support.ReflectionSupport.invokeMethod(ReflectionSupport.java:478)
	at org.junit.jupiter.engine.execution.MethodInvocation.proceed(MethodInvocation.java:60)
	at org.junit.jupiter.engine.execution.InvocationInterceptorChain$ValidatingInvocation.proceed(InvocationInterceptorChain.java:131)
	at org.junit.jupiter.engine.extension.TimeoutExtension.intercept(TimeoutExtension.java:161)
	at org.junit.jupiter.engine.extension.TimeoutExtension.interceptTestableMethod(TimeoutExtension.java:152)
	at org.junit.jupiter.engine.extension.TimeoutExtension.interceptTestMethod(TimeoutExtension.java:91)
	at org.junit.jupiter.engine.execution.InterceptingExecutableInvoker$ReflectiveInterceptorCall.lambda$ofVoidMethod$0(InterceptingExecutableInvoker.java:112)
	at org.junit.jupiter.engine.execution.InterceptingExecutableInvoker.lambda$invoke$0(InterceptingExecutableInvoker.java:94)
	at org.junit.jupiter.engine.execution.InvocationInterceptorChain$InterceptedInvocation.proceed(InvocationInterceptorChain.java:106)
	at org.junit.jupiter.engine.execution.InvocationInterceptorChain.proceed(InvocationInterceptorChain.java:64)
	at org.junit.jupiter.engine.execution.InvocationInterceptorChain.chainAndInvoke(InvocationInterceptorChain.java:45)
	at org.junit.jupiter.engine.execution.InvocationInterceptorChain.invoke(InvocationInterceptorChain.java:37)
	at org.junit.jupiter.engine.execution.InterceptingExecutableInvoker.invoke(InterceptingExecutableInvoker.java:93)
	at org.junit.jupiter.engine.execution.InterceptingExecutableInvoker.invoke(InterceptingExecutableInvoker.java:87)
	at org.junit.jupiter.engine.descriptor.TestMethodTestDescriptor.lambda$invokeTestMethod$4(TestMethodTestDescriptor.java:221)
	at org.junit.platform.engine.support.hierarchical.ThrowableCollector.execute(ThrowableCollector.java:73)
	at org.junit.jupiter.engine.descriptor.TestMethodTestDescriptor.invokeTestMethod(TestMethodTestDescriptor.java:217)
	at org.junit.jupiter.engine.descriptor.TestMethodTestDescriptor.execute(TestMethodTestDescriptor.java:159)
	at org.junit.jupiter.engine.descriptor.TestMethodTestDescriptor.execute(TestMethodTestDescriptor.java:70)
	at org.junit.platform.engine.support.hierarchical.NodeTestTask.lambda$executeRecursively$6(NodeTestTask.java:157)
	at org.junit.platform.engine.support.hierarchical.ThrowableCollector.execute(ThrowableCollector.java:73)
	at org.junit.platform.engine.support.hierarchical.NodeTestTask.lambda$executeRecursively$8(NodeTestTask.java:147)
	at org.junit.platform.engine.support.hierarchical.Node.around(Node.java:137)
	at org.junit.platform.engine.support.hierarchical.NodeTestTask.lambda$executeRecursively$9(NodeTestTask.java:145)
	at org.junit.platform.engine.support.hierarchical.ThrowableCollector.execute(ThrowableCollector.java:73)
	at org.junit.platform.engine.support.hierarchical.NodeTestTask.executeRecursively(NodeTestTask.java:144)
	at org.junit.platform.engine.support.hierarchical.NodeTestTask.execute(NodeTestTask.java:101)
	at java.base/java.util.ArrayList.forEach(ArrayList.java:1604)
	at org.junit.platform.engine.support.hierarchical.SameThreadHierarchicalTestExecutorService.invokeAll(SameThreadHierarchicalTestExecutorService.java:41)
	at org.junit.platform.engine.support.hierarchical.NodeTestTask.lambda$executeRecursively$6(NodeTestTask.java:161)
	at org.junit.platform.engine.support.hierarchical.ThrowableCollector.execute(ThrowableCollector.java:73)
	at org.junit.platform.engine.support.hierarchical.NodeTestTask.lambda$executeRecursively$8(NodeTestTask.java:147)
	at org.junit.platform.engine.support.hierarchical.Node.around(Node.java:137)
	at org.junit.platform.engine.support.hierarchical.NodeTestTask.lambda$executeRecursively$9(NodeTestTask.java:145)
	at org.junit.platform.engine.support.hierarchical.ThrowableCollector.execute(ThrowableCollector.java:73)
	at org.junit.platform.engine.support.hierarchical.NodeTestTask.executeRecursively(NodeTestTask.java:144)
	at org.junit.platform.engine.support.hierarchical.NodeTestTask.execute(NodeTestTask.java:101)
	at java.base/java.util.ArrayList.forEach(ArrayList.java:1604)
	at org.junit.platform.engine.support.hierarchical.SameThreadHierarchicalTestExecutorService.invokeAll(SameThreadHierarchicalTestExecutorService.java:41)
	at org.junit.platform.engine.support.hierarchical.NodeTestTask.lambda$executeRecursively$6(NodeTestTask.java:161)
	at org.junit.platform.engine.support.hierarchical.ThrowableCollector.execute(ThrowableCollector.java:73)
	at org.junit.platform.engine.support.hierarchical.NodeTestTask.lambda$executeRecursively$8(NodeTestTask.java:147)
	at org.junit.platform.engine.support.hierarchical.Node.around(Node.java:137)
	at org.junit.platform.engine.support.hierarchical.NodeTestTask.lambda$executeRecursively$9(NodeTestTask.java:145)
	at org.junit.platform.engine.support.hierarchical.ThrowableCollector.execute(ThrowableCollector.java:73)
	at org.junit.platform.engine.support.hierarchical.NodeTestTask.executeRecursively(NodeTestTask.java:144)
	at org.junit.platform.engine.support.hierarchical.NodeTestTask.execute(NodeTestTask.java:101)
	at org.junit.platform.engine.support.hierarchical.SameThreadHierarchicalTestExecutorService.submit(SameThreadHierarchicalTestExecutorService.java:35)
	at org.junit.platform.engine.support.hierarchical.HierarchicalTestExecutor.execute(HierarchicalTestExecutor.java:57)
	at org.junit.platform.engine.support.hierarchical.HierarchicalTestEngine.execute(HierarchicalTestEngine.java:54)
	at org.junit.platform.launcher.core.EngineExecutionOrchestrator.executeEngine(EngineExecutionOrchestrator.java:230)
	at org.junit.platform.launcher.core.EngineExecutionOrchestrator.failOrExecuteEngine(EngineExecutionOrchestrator.java:204)
	at org.junit.platform.launcher.core.EngineExecutionOrchestrator.execute(EngineExecutionOrchestrator.java:172)
	at org.junit.platform.launcher.core.EngineExecutionOrchestrator.execute(EngineExecutionOrchestrator.java:101)
	at org.junit.platform.launcher.core.EngineExecutionOrchestrator.lambda$execute$0(EngineExecutionOrchestrator.java:64)
	at org.junit.platform.launcher.core.EngineExecutionOrchestrator.withInterceptedStreams(EngineExecutionOrchestrator.java:150)
	at org.junit.platform.launcher.core.EngineExecutionOrchestrator.execute(EngineExecutionOrchestrator.java:63)
	at org.junit.platform.launcher.core.DefaultLauncher.execute(DefaultLauncher.java:109)
	at org.junit.platform.launcher.core.DefaultLauncher.execute(DefaultLauncher.java:91)
	at org.junit.platform.launcher.core.DelegatingLauncher.execute(DelegatingLauncher.java:47)
	at org.junit.platform.launcher.core.InterceptingLauncher.lambda$execute$1(InterceptingLauncher.java:39)
	at org.junit.platform.launcher.core.ClasspathAlignmentCheckingLauncherInterceptor.intercept(ClasspathAlignmentCheckingLauncherInterceptor.java:25)
	at org.junit.platform.launcher.core.InterceptingLauncher.execute(InterceptingLauncher.java:38)
	at org.junit.platform.launcher.core.DelegatingLauncher.execute(DelegatingLauncher.java:47)
	at org.apache.maven.surefire.junitplatform.LazyLauncher.execute(LazyLauncher.java:56)
	at org.apache.maven.surefire.junitplatform.JUnitPlatformProvider.execute(JUnitPlatformProvider.java:194)
	at org.apache.maven.surefire.junitplatform.JUnitPlatformProvider.invokeAllTests(JUnitPlatformProvider.java:150)
	at org.apache.maven.surefire.junitplatform.JUnitPlatformProvider.invoke(JUnitPlatformProvider.java:124)
	at org.apache.maven.surefire.booter.ForkedBooter.runSuitesInProcess(ForkedBooter.java:385)
	at org.apache.maven.surefire.booter.ForkedBooter.execute(ForkedBooter.java:162)
	at org.apache.maven.surefire.booter.ForkedBooter.run(ForkedBooter.java:507)
	at org.apache.maven.surefire.booter.ForkedBooter.main(ForkedBooter.java:495)
com.alibaba.fastjson2.JSONException: illegal number, offset 25, char }
	at com.alibaba.fastjson2.JSONReader.numberError(JSONReader.java:6770)
	at com.alibaba.fastjson2.JSONReader.getInt64Value(JSONReader.java:2050)
	at com.alibaba.fastjson2.JSONReader.readInt64ValueOverflow(JSONReader.java:1933)
	at com.alibaba.fastjson2.JSONReaderUTF8.readInt64Value(JSONReaderUTF8.java:3757)
	at com.alibaba.fastjson2.reader.ORG_2077_1_LongVal.readObject(Unknown Source)
	at com.alibaba.fastjson2.JSON.parseObject(JSON.java:992)
	at com.alibaba.fastjson2.v1issues.issue_1400.Issue1423.test_for_issue(Issue1423.java:17)
	at java.base/jdk.internal.reflect.DirectMethodHandleAccessor.invoke(DirectMethodHandleAccessor.java:104)
	at java.base/java.lang.reflect.Method.invoke(Method.java:565)
	at org.junit.platform.commons.util.ReflectionUtils.invokeMethod(ReflectionUtils.java:787)
	at org.junit.platform.commons.support.ReflectionSupport.invokeMethod(ReflectionSupport.java:478)
	at org.junit.jupiter.engine.execution.MethodInvocation.proceed(MethodInvocation.java:60)
	at org.junit.jupiter.engine.execution.InvocationInterceptorChain$ValidatingInvocation.proceed(InvocationInterceptorChain.java:131)
	at org.junit.jupiter.engine.extension.TimeoutExtension.intercept(TimeoutExtension.java:161)
	at org.junit.jupiter.engine.extension.TimeoutExtension.interceptTestableMethod(TimeoutExtension.java:152)
	at org.junit.jupiter.engine.extension.TimeoutExtension.interceptTestMethod(TimeoutExtension.java:91)
	at org.junit.jupiter.engine.execution.InterceptingExecutableInvoker$ReflectiveInterceptorCall.lambda$ofVoidMethod$0(InterceptingExecutableInvoker.java:112)
	at org.junit.jupiter.engine.execution.InterceptingExecutableInvoker.lambda$invoke$0(InterceptingExecutableInvoker.java:94)
	at org.junit.jupiter.engine.execution.InvocationInterceptorChain$InterceptedInvocation.proceed(InvocationInterceptorChain.java:106)
	at org.junit.jupiter.engine.execution.InvocationInterceptorChain.proceed(InvocationInterceptorChain.java:64)
	at org.junit.jupiter.engine.execution.InvocationInterceptorChain.chainAndInvoke(InvocationInterceptorChain.java:45)
	at org.junit.jupiter.engine.execution.InvocationInterceptorChain.invoke(InvocationInterceptorChain.java:37)
	at org.junit.jupiter.engine.execution.InterceptingExecutableInvoker.invoke(InterceptingExecutableInvoker.java:93)
	at org.junit.jupiter.engine.execution.InterceptingExecutableInvoker.invoke(InterceptingExecutableInvoker.java:87)
	at org.junit.jupiter.engine.descriptor.TestMethodTestDescriptor.lambda$invokeTestMethod$4(TestMethodTestDescriptor.java:221)
	at org.junit.platform.engine.support.hierarchical.ThrowableCollector.execute(ThrowableCollector.java:73)
	at org.junit.jupiter.engine.descriptor.TestMethodTestDescriptor.invokeTestMethod(TestMethodTestDescriptor.java:217)
	at org.junit.jupiter.engine.descriptor.TestMethodTestDescriptor.execute(TestMethodTestDescriptor.java:159)
	at org.junit.jupiter.engine.descriptor.TestMethodTestDescriptor.execute(TestMethodTestDescriptor.java:70)
	at org.junit.platform.engine.support.hierarchical.NodeTestTask.lambda$executeRecursively$6(NodeTestTask.java:157)
	at org.junit.platform.engine.support.hierarchical.ThrowableCollector.execute(ThrowableCollector.java:73)
	at org.junit.platform.engine.support.hierarchical.NodeTestTask.lambda$executeRecursively$8(NodeTestTask.java:147)
	at org.junit.platform.engine.support.hierarchical.Node.around(Node.java:137)
	at org.junit.platform.engine.support.hierarchical.NodeTestTask.lambda$executeRecursively$9(NodeTestTask.java:145)
	at org.junit.platform.engine.support.hierarchical.ThrowableCollector.execute(ThrowableCollector.java:73)
	at org.junit.platform.engine.support.hierarchical.NodeTestTask.executeRecursively(NodeTestTask.java:144)
	at org.junit.platform.engine.support.hierarchical.NodeTestTask.execute(NodeTestTask.java:101)
	at java.base/java.util.ArrayList.forEach(ArrayList.java:1604)
	at org.junit.platform.engine.support.hierarchical.SameThreadHierarchicalTestExecutorService.invokeAll(SameThreadHierarchicalTestExecutorService.java:41)
	at org.junit.platform.engine.support.hierarchical.NodeTestTask.lambda$executeRecursively$6(NodeTestTask.java:161)
	at org.junit.platform.engine.support.hierarchical.ThrowableCollector.execute(ThrowableCollector.java:73)
	at org.junit.platform.engine.support.hierarchical.NodeTestTask.lambda$executeRecursively$8(NodeTestTask.java:147)
	at org.junit.platform.engine.support.hierarchical.Node.around(Node.java:137)
	at org.junit.platform.engine.support.hierarchical.NodeTestTask.lambda$executeRecursively$9(NodeTestTask.java:145)
	at org.junit.platform.engine.support.hierarchical.ThrowableCollector.execute(ThrowableCollector.java:73)
	at org.junit.platform.engine.support.hierarchical.NodeTestTask.executeRecursively(NodeTestTask.java:144)
	at org.junit.platform.engine.support.hierarchical.NodeTestTask.execute(NodeTestTask.java:101)
	at java.base/java.util.ArrayList.forEach(ArrayList.java:1604)
	at org.junit.platform.engine.support.hierarchical.SameThreadHierarchicalTestExecutorService.invokeAll(SameThreadHierarchicalTestExecutorService.java:41)
	at org.junit.platform.engine.support.hierarchical.NodeTestTask.lambda$executeRecursively$6(NodeTestTask.java:161)
	at org.junit.platform.engine.support.hierarchical.ThrowableCollector.execute(ThrowableCollector.java:73)
	at org.junit.platform.engine.support.hierarchical.NodeTestTask.lambda$executeRecursively$8(NodeTestTask.java:147)
	at org.junit.platform.engine.support.hierarchical.Node.around(Node.java:137)
	at org.junit.platform.engine.support.hierarchical.NodeTestTask.lambda$executeRecursively$9(NodeTestTask.java:145)
	at org.junit.platform.engine.support.hierarchical.ThrowableCollector.execute(ThrowableCollector.java:73)
	at org.junit.platform.engine.support.hierarchical.NodeTestTask.executeRecursively(NodeTestTask.java:144)
	at org.junit.platform.engine.support.hierarchical.NodeTestTask.execute(NodeTestTask.java:101)
	at org.junit.platform.engine.support.hierarchical.SameThreadHierarchicalTestExecutorService.submit(SameThreadHierarchicalTestExecutorService.java:35)
	at org.junit.platform.engine.support.hierarchical.HierarchicalTestExecutor.execute(HierarchicalTestExecutor.java:57)
	at org.junit.platform.engine.support.hierarchical.HierarchicalTestEngine.execute(HierarchicalTestEngine.java:54)
	at org.junit.platform.launcher.core.EngineExecutionOrchestrator.executeEngine(EngineExecutionOrchestrator.java:230)
	at org.junit.platform.launcher.core.EngineExecutionOrchestrator.failOrExecuteEngine(EngineExecutionOrchestrator.java:204)
	at org.junit.platform.launcher.core.EngineExecutionOrchestrator.execute(EngineExecutionOrchestrator.java:172)
	at org.junit.platform.launcher.core.EngineExecutionOrchestrator.execute(EngineExecutionOrchestrator.java:101)
	at org.junit.platform.launcher.core.EngineExecutionOrchestrator.lambda$execute$0(EngineExecutionOrchestrator.java:64)
	at org.junit.platform.launcher.core.EngineExecutionOrchestrator.withInterceptedStreams(EngineExecutionOrchestrator.java:150)
	at org.junit.platform.launcher.core.EngineExecutionOrchestrator.execute(EngineExecutionOrchestrator.java:63)
	at org.junit.platform.launcher.core.DefaultLauncher.execute(DefaultLauncher.java:109)
	at org.junit.platform.launcher.core.DefaultLauncher.execute(DefaultLauncher.java:91)
	at org.junit.platform.launcher.core.DelegatingLauncher.execute(DelegatingLauncher.java:47)
	at org.junit.platform.launcher.core.InterceptingLauncher.lambda$execute$1(InterceptingLauncher.java:39)
	at org.junit.platform.launcher.core.ClasspathAlignmentCheckingLauncherInterceptor.intercept(ClasspathAlignmentCheckingLauncherInterceptor.java:25)
	at org.junit.platform.launcher.core.InterceptingLauncher.execute(InterceptingLauncher.java:38)
	at org.junit.platform.launcher.core.DelegatingLauncher.execute(DelegatingLauncher.java:47)
	at org.apache.maven.surefire.junitplatform.LazyLauncher.execute(LazyLauncher.java:56)
	at org.apache.maven.surefire.junitplatform.JUnitPlatformProvider.execute(JUnitPlatformProvider.java:194)
	at org.apache.maven.surefire.junitplatform.JUnitPlatformProvider.invokeAllTests(JUnitPlatformProvider.java:150)
	at org.apache.maven.surefire.junitplatform.JUnitPlatformProvider.invoke(JUnitPlatformProvider.java:124)
	at org.apache.maven.surefire.booter.ForkedBooter.runSuitesInProcess(ForkedBooter.java:385)
	at org.apache.maven.surefire.booter.ForkedBooter.execute(ForkedBooter.java:162)
	at org.apache.maven.surefire.booter.ForkedBooter.run(ForkedBooter.java:507)
	at org.apache.maven.surefire.booter.ForkedBooter.main(ForkedBooter.java:495)
{"code":"A001","name":"测试"}
{"model":{"age":30,"rowIndex":1},"sampleNum":"22B00123"}
{"test":"2017-11-17T00:00:00+08:00"}
{"test":"2017-11-17T00:00:00+08:00"}
[{"map3":["list0","list1"]},{"map2":["list0","list1"]},{"map1":["list0","list1"]},{"map0":["list0","list1"]},{"map7":["list0","list1"]},{"map6":["list0","list1"]},{"map5":["list0","list1"]},{"map4":["list0","list1"]},{"map9":["list0","list1"]},{"map8":["list0","list1"]}]
[map3=[list0, list1], map2=[list0, list1], map1=[list0, list1], map0=[list0, list1], map7=[list0, list1], map6=[list0, list1], map5=[list0, list1], map4=[list0, list1], map9=[list0, list1], map8=[list0, list1]]
{"@type":"com.alibaba.fastjson2.v1issues.issue_1500.Issue1556$ApiResult","code":0,"data":{"@type":"com.alibaba.fastjson2.v1issues.issue_1500.Issue1556$ClassForData","dataName":"dataname","first":{"addr":"It is addr","commonInfo":{"demoDate":"2026-10-07 00:44:53.362"}},"second":{"commonInfo":{"demoDate":"2026-10-07 00:44:53.362"},"name":"It is name"}},"msg":"Success"}
{"@type":"com.alibaba.fastjson2.v1issues.issue_1500.Issue1556$ApiResult","code":0,"data":{"@type":"com.alibaba.fastjson2.v1issues.issue_1500.Issue1556$ClassForData","dataName":"dataname","first":{"addr":"It is addr","commonInfo":{"demoDate":"2026-10-07 00:44:53.362"}},"second":{"commonInfo":{"demoDate":"2026-10-07 00:44:53.362"},"name":"It is name"}},"msg":"Success"}
WARNING: Use of the three-letter time zone ID "EAT" is deprecated and it will be removed in a future release
WARNING: Use of the three-letter time zone ID "EST" is deprecated and it will be removed in a future release
WARNING: Use of the three-letter time zone ID "PNT" is deprecated and it will be removed in a future release
WARNING: Use of the three-letter time zone ID "PLT" is deprecated and it will be removed in a future release
WARNING: Use of the three-letter time zone ID "CNT" is deprecated and it will be removed in a future release
WARNING: Use of the three-letter time zone ID "IET" is deprecated and it will be removed in a future release
WARNING: Use of the three-letter time zone ID "VST" is deprecated and it will be removed in a future release
WARNING: Use of the three-letter time zone ID "JST" is deprecated and it will be removed in a future release
WARNING: Use of the three-letter time zone ID "ART" is deprecated and it will be removed in a future release
WARNING: Use of the three-letter time zone ID "PST" is deprecated and it will be removed in a future release
WARNING: Use of the three-letter time zone ID "BET" is deprecated and it will be removed in a future release
WARNING: Use of the three-letter time zone ID "MIT" is deprecated and it will be removed in a future release
WARNING: Use of the three-letter time zone ID "CAT" is deprecated and it will be removed in a future release
WARNING: Use of the three-letter time zone ID "AGT" is deprecated and it will be removed in a future release
WARNING: Use of the three-letter time zone ID "NET" is deprecated and it will be removed in a future release
WARNING: Use of the three-letter time zone ID "CST" is deprecated and it will be removed in a future release
WARNING: Use of the three-letter time zone ID "IST" is deprecated and it will be removed in a future release
WARNING: Use of the three-letter time zone ID "AET" is deprecated and it will be removed in a future release
WARNING: Use of the three-letter time zone ID "BST" is deprecated and it will be removed in a future release
WARNING: Use of the three-letter time zone ID "ACT" is deprecated and it will be removed in a future release
WARNING: Use of the three-letter time zone ID "HST" is deprecated and it will be removed in a future release
WARNING: Use of the three-letter time zone ID "NST" is deprecated and it will be removed in a future release
WARNING: Use of the three-letter time zone ID "AST" is deprecated and it will be removed in a future release
WARNING: Use of the three-letter time zone ID "MST" is deprecated and it will be removed in a future release
WARNING: Use of the three-letter time zone ID "SST" is deprecated and it will be removed in a future release
WARNING: Use of the three-letter time zone ID "CTT" is deprecated and it will be removed in a future release
WARNING: Use of the three-letter time zone ID "PRT" is deprecated and it will be removed in a future release
WARNING: Use of the three-letter time zone ID "ECT" is deprecated and it will be removed in a future release
WARNING: Use of the three-letter time zone ID "EAT" is deprecated and it will be removed in a future release
WARNING: Use of the three-letter time zone ID "EST" is deprecated and it will be removed in a future release
WARNING: Use of the three-letter time zone ID "PNT" is deprecated and it will be removed in a future release
WARNING: Use of the three-letter time zone ID "PLT" is deprecated and it will be removed in a future release
WARNING: Use of the three-letter time zone ID "CNT" is deprecated and it will be removed in a future release
WARNING: Use of the three-letter time zone ID "IET" is deprecated and it will be removed in a future release
WARNING: Use of the three-letter time zone ID "VST" is deprecated and it will be removed in a future release
WARNING: Use of the three-letter time zone ID "JST" is deprecated and it will be removed in a future release
WARNING: Use of the three-letter time zone ID "ART" is deprecated and it will be removed in a future release
WARNING: Use of the three-letter time zone ID "PST" is deprecated and it will be removed in a future release
WARNING: Use of the three-letter time zone ID "BET" is deprecated and it will be removed in a future release
WARNING: Use of the three-letter time zone ID "MIT" is deprecated and it will be removed in a future release
WARNING: Use of the three-letter time zone ID "CAT" is deprecated and it will be removed in a future release
WARNING: Use of the three-letter time zone ID "AGT" is deprecated and it will be removed in a future release
WARNING: Use of the three-letter time zone ID "NET" is deprecated and it will be removed in a future release
WARNING: Use of the three-letter time zone ID "CST" is deprecated and it will be removed in a future release
WARNING: Use of the three-letter time zone ID "IST" is deprecated and it will be removed in a future release
WARNING: Use of the three-letter time zone ID "AET" is deprecated and it will be removed in a future release
WARNING: Use of the three-letter time zone ID "BST" is deprecated and it will be removed in a future release
WARNING: Use of the three-letter time zone ID "ACT" is deprecated and it will be removed in a future release
WARNING: Use of the three-letter time zone ID "HST" is deprecated and it will be removed in a future release
WARNING: Use of the three-letter time zone ID "NST" is deprecated and it will be removed in a future release
WARNING: Use of the three-letter time zone ID "AST" is deprecated and it will be removed in a future release
WARNING: Use of the three-letter time zone ID "MST" is deprecated and it will be removed in a future release
WARNING: Use of the three-letter time zone ID "SST" is deprecated and it will be removed in a future release
WARNING: Use of the three-letter time zone ID "CTT" is deprecated and it will be removed in a future release
WARNING: Use of the three-letter time zone ID "PRT" is deprecated and it will be removed in a future release
WARNING: Use of the three-letter time zone ID "ECT" is deprecated and it will be removed in a future release
您的预约已经超时
[{"x":"y"},{"x":"y"}]
{"models":[{"x":"y"},{"x":"y"}]}
{"a":{"x":"y"},"b":{"x":"y"}}
{"a":{"x":"y"},"b":{"x":"y"}}
com.alibaba.fastjson2.JSONException: parse enum error, class com.alibaba.fastjson2.v1issues.issue_2000.Issue2065$EnumClass, getCode 0, offset 10, character }, line 1, column 10, fastjson-version 2.0.64 {"code":0}
	at com.alibaba.fastjson2.reader.ObjectReaderImplEnum.readObject(ObjectReaderImplEnum.java:254)
	at com.alibaba.fastjson2.reader.ORG_2176_1_Model.readObject(Unknown Source)
	at com.alibaba.fastjson2.JSON.parseObject(JSON.java:1299)
	at com.alibaba.fastjson2.v1issues.issue_2000.Issue2065.test_for_issue(Issue2065.java:20)
	at java.base/jdk.internal.reflect.DirectMethodHandleAccessor.invoke(DirectMethodHandleAccessor.java:104)
	at java.base/java.lang.reflect.Method.invoke(Method.java:565)
	at org.junit.platform.commons.util.ReflectionUtils.invokeMethod(ReflectionUtils.java:787)
	at org.junit.platform.commons.support.ReflectionSupport.invokeMethod(ReflectionSupport.java:478)
	at org.junit.jupiter.engine.execution.MethodInvocation.proceed(MethodInvocation.java:60)
	at org.junit.jupiter.engine.execution.InvocationInterceptorChain$ValidatingInvocation.proceed(InvocationInterceptorChain.java:131)
	at org.junit.jupiter.engine.extension.TimeoutExtension.intercept(TimeoutExtension.java:161)
	at org.junit.jupiter.engine.extension.TimeoutExtension.interceptTestableMethod(TimeoutExtension.java:152)
	at org.junit.jupiter.engine.extension.TimeoutExtension.interceptTestMethod(TimeoutExtension.java:91)
	at org.junit.jupiter.engine.execution.InterceptingExecutableInvoker$ReflectiveInterceptorCall.lambda$ofVoidMethod$0(InterceptingExecutableInvoker.java:112)
	at org.junit.jupiter.engine.execution.InterceptingExecutableInvoker.lambda$invoke$0(InterceptingExecutableInvoker.java:94)
	at org.junit.jupiter.engine.execution.InvocationInterceptorChain$InterceptedInvocation.proceed(InvocationInterceptorChain.java:106)
	at org.junit.jupiter.engine.execution.InvocationInterceptorChain.proceed(InvocationInterceptorChain.java:64)
	at org.junit.jupiter.engine.execution.InvocationInterceptorChain.chainAndInvoke(InvocationInterceptorChain.java:45)
	at org.junit.jupiter.engine.execution.InvocationInterceptorChain.invoke(InvocationInterceptorChain.java:37)
	at org.junit.jupiter.engine.execution.InterceptingExecutableInvoker.invoke(InterceptingExecutableInvoker.java:93)
	at org.junit.jupiter.engine.execution.InterceptingExecutableInvoker.invoke(InterceptingExecutableInvoker.java:87)
	at org.junit.jupiter.engine.descriptor.TestMethodTestDescriptor.lambda$invokeTestMethod$4(TestMethodTestDescriptor.java:221)
	at org.junit.platform.engine.support.hierarchical.ThrowableCollector.execute(ThrowableCollector.java:73)
	at org.junit.jupiter.engine.descriptor.TestMethodTestDescriptor.invokeTestMethod(TestMethodTestDescriptor.java:217)
	at org.junit.jupiter.engine.descriptor.TestMethodTestDescriptor.execute(TestMethodTestDescriptor.java:159)
	at org.junit.jupiter.engine.descriptor.TestMethodTestDescriptor.execute(TestMethodTestDescriptor.java:70)
	at org.junit.platform.engine.support.hierarchical.NodeTestTask.lambda$executeRecursively$6(NodeTestTask.java:157)
	at org.junit.platform.engine.support.hierarchical.ThrowableCollector.execute(ThrowableCollector.java:73)
	at org.junit.platform.engine.support.hierarchical.NodeTestTask.lambda$executeRecursively$8(NodeTestTask.java:147)
	at org.junit.platform.engine.support.hierarchical.Node.around(Node.java:137)
	at org.junit.platform.engine.support.hierarchical.NodeTestTask.lambda$executeRecursively$9(NodeTestTask.java:145)
	at org.junit.platform.engine.support.hierarchical.ThrowableCollector.execute(ThrowableCollector.java:73)
	at org.junit.platform.engine.support.hierarchical.NodeTestTask.executeRecursively(NodeTestTask.java:144)
	at org.junit.platform.engine.support.hierarchical.NodeTestTask.execute(NodeTestTask.java:101)
	at java.base/java.util.ArrayList.forEach(ArrayList.java:1604)
	at org.junit.platform.engine.support.hierarchical.SameThreadHierarchicalTestExecutorService.invokeAll(SameThreadHierarchicalTestExecutorService.java:41)
	at org.junit.platform.engine.support.hierarchical.NodeTestTask.lambda$executeRecursively$6(NodeTestTask.java:161)
	at org.junit.platform.engine.support.hierarchical.ThrowableCollector.execute(ThrowableCollector.java:73)
	at org.junit.platform.engine.support.hierarchical.NodeTestTask.lambda$executeRecursively$8(NodeTestTask.java:147)
	at org.junit.platform.engine.support.hierarchical.Node.around(Node.java:137)
	at org.junit.platform.engine.support.hierarchical.NodeTestTask.lambda$executeRecursively$9(NodeTestTask.java:145)
	at org.junit.platform.engine.support.hierarchical.ThrowableCollector.execute(ThrowableCollector.java:73)
	at org.junit.platform.engine.support.hierarchical.NodeTestTask.executeRecursively(NodeTestTask.java:144)
	at org.junit.platform.engine.support.hierarchical.NodeTestTask.execute(NodeTestTask.java:101)
	at java.base/java.util.ArrayList.forEach(ArrayList.java:1604)
	at org.junit.platform.engine.support.hierarchical.SameThreadHierarchicalTestExecutorService.invokeAll(SameThreadHierarchicalTestExecutorService.java:41)
	at org.junit.platform.engine.support.hierarchical.NodeTestTask.lambda$executeRecursively$6(NodeTestTask.java:161)
	at org.junit.platform.engine.support.hierarchical.ThrowableCollector.execute(ThrowableCollector.java:73)
	at org.junit.platform.engine.support.hierarchical.NodeTestTask.lambda$executeRecursively$8(NodeTestTask.java:147)
	at org.junit.platform.engine.support.hierarchical.Node.around(Node.java:137)
	at org.junit.platform.engine.support.hierarchical.NodeTestTask.lambda$executeRecursively$9(NodeTestTask.java:145)
	at org.junit.platform.engine.support.hierarchical.ThrowableCollector.execute(ThrowableCollector.java:73)
	at org.junit.platform.engine.support.hierarchical.NodeTestTask.executeRecursively(NodeTestTask.java:144)
	at org.junit.platform.engine.support.hierarchical.NodeTestTask.execute(NodeTestTask.java:101)
	at org.junit.platform.engine.support.hierarchical.SameThreadHierarchicalTestExecutorService.submit(SameThreadHierarchicalTestExecutorService.java:35)
	at org.junit.platform.engine.support.hierarchical.HierarchicalTestExecutor.execute(HierarchicalTestExecutor.java:57)
	at org.junit.platform.engine.support.hierarchical.HierarchicalTestEngine.execute(HierarchicalTestEngine.java:54)
	at org.junit.platform.launcher.core.EngineExecutionOrchestrator.executeEngine(EngineExecutionOrchestrator.java:230)
	at org.junit.platform.launcher.core.EngineExecutionOrchestrator.failOrExecuteEngine(EngineExecutionOrchestrator.java:204)
	at org.junit.platform.launcher.core.EngineExecutionOrchestrator.execute(EngineExecutionOrchestrator.java:172)
	at org.junit.platform.launcher.core.EngineExecutionOrchestrator.execute(EngineExecutionOrchestrator.java:101)
	at org.junit.platform.launcher.core.EngineExecutionOrchestrator.lambda$execute$0(EngineExecutionOrchestrator.java:64)
	at org.junit.platform.launcher.core.EngineExecutionOrchestrator.withInterceptedStreams(EngineExecutionOrchestrator.java:150)
	at org.junit.platform.launcher.core.EngineExecutionOrchestrator.execute(EngineExecutionOrchestrator.java:63)
	at org.junit.platform.launcher.core.DefaultLauncher.execute(DefaultLauncher.java:109)
	at org.junit.platform.launcher.core.DefaultLauncher.execute(DefaultLauncher.java:91)
	at org.junit.platform.launcher.core.DelegatingLauncher.execute(DelegatingLauncher.java:47)
	at org.junit.platform.launcher.core.InterceptingLauncher.lambda$execute$1(InterceptingLauncher.java:39)
	at org.junit.platform.launcher.core.ClasspathAlignmentCheckingLauncherInterceptor.intercept(ClasspathAlignmentCheckingLauncherInterceptor.java:25)
	at org.junit.platform.launcher.core.InterceptingLauncher.execute(InterceptingLauncher.java:38)
	at org.junit.platform.launcher.core.DelegatingLauncher.execute(DelegatingLauncher.java:47)
	at org.apache.maven.surefire.junitplatform.LazyLauncher.execute(LazyLauncher.java:56)
	at org.apache.maven.surefire.junitplatform.JUnitPlatformProvider.execute(JUnitPlatformProvider.java:194)
	at org.apache.maven.surefire.junitplatform.JUnitPlatformProvider.invokeAllTests(JUnitPlatformProvider.java:150)
	at org.apache.maven.surefire.junitplatform.JUnitPlatformProvider.invoke(JUnitPlatformProvider.java:124)
	at org.apache.maven.surefire.booter.ForkedBooter.runSuitesInProcess(ForkedBooter.java:385)
	at org.apache.maven.surefire.booter.ForkedBooter.execute(ForkedBooter.java:162)
	at org.apache.maven.surefire.booter.ForkedBooter.run(ForkedBooter.java:507)
	at org.apache.maven.surefire.booter.ForkedBooter.main(ForkedBooter.java:495)
{"value":10}
fastjson eval: [{"name":"level3","field":"leve3Field","body":{"name":"level4","field":"leve4Field"}}]
com.alibaba.fastjson2.v1issues.issue_1600.issue_1699.obj.RatingDetailBO@76c944ce
{"data":"","data2":"","data3":"","data4":"","data5":"","data6":"","data7":"","data8":"","data9":""}
{"data":"","data2":"","data3":"","data4":"","data5":"","data6":"","data7":"","data8":"","data9":""}
setter not found, class com.alibaba.fastjson2.v1issues.issue_1200.Issue1271$A, property b
setter not found, class com.alibaba.fastjson2.v1issues.issue_1200.Issue1271$B, property b
setter not found, class com.alibaba.fastjson2.v1issues.issue_1200.Issue1271$A, property b
setter not found, class com.alibaba.fastjson2.v1issues.issue_1200.Issue1271$B, property b
name=id,value=1
name=name,value=name
{"id":1,"nt":"name"}
{}
{"ab":{}}
{"ab":{}}
{"_parentId":"001"}
{"_parentId":"001"}
{"name":"b","value":{"name":"a","value":1},"value1":{"a":{"name":"a","value":1}}}
{"name":"b","value":{"a":{"name":"a","value":1}},"value1":{"name":"a","value":1}}
DataSimpleVO [name=b, value={"a":{"name":"a","value":1}}, value1={"name":"a","value":1}]
{"a":1,"b":"b","bars":{"c":3}}
{"@type":"com.alibaba.fastjson2.v1issues.issue_1300.Issue1319$MyTest","myEnum":"Test1","value":1}
{"myEnum":"Test1","value":1}
com.alibaba.fastjson2.v1issues.issue_1300.Issue1357$Test2Bean@3c5c64d6
{"@type":"com.alibaba.fastjson2.v1issues.issue_1300.Issue1319C$MyTest","myEnum":"Test1","value":1}
{"myEnum":"Test1","value":1}
before：Data : aaa
{"stackTrace":[{"fileName":"Issue1344.java","lineNumber":16,"className":"com.alibaba.fastjson2.v1issues.issue_1300.Issue1344","methodName":"test_for_issue"},{"fileName":"DirectMethodHandleAccessor.java","lineNumber":104,"className":"jdk.internal.reflect.DirectMethodHandleAccessor","methodName":"invoke"},{"fileName":"Method.java","lineNumber":565,"className":"java.lang.reflect.Method","methodName":"invoke"},{"fileName":"ReflectionUtils.java","lineNumber":787,"className":"org.junit.platform.commons.util.ReflectionUtils","methodName":"invokeMethod"},{"fileName":"ReflectionSupport.java","lineNumber":478,"className":"org.junit.platform.commons.support.ReflectionSupport","methodName":"invokeMethod"},{"fileName":"MethodInvocation.java","lineNumber":60,"className":"org.junit.jupiter.engine.execution.MethodInvocation","methodName":"proceed"},{"fileName":"InvocationInterceptorChain.java","lineNumber":131,"className":"org.junit.jupiter.engine.execution.InvocationInterceptorChain$ValidatingInvocation","methodName":"proceed"},{"fileName":"TimeoutExtension.java","lineNumber":161,"className":"org.junit.jupiter.engine.extension.TimeoutExtension","methodName":"intercept"},{"fileName":"TimeoutExtension.java","lineNumber":152,"className":"org.junit.jupiter.engine.extension.TimeoutExtension","methodName":"interceptTestableMethod"},{"fileName":"TimeoutExtension.java","lineNumber":91,"className":"org.junit.jupiter.engine.extension.TimeoutExtension","methodName":"interceptTestMethod"},{"fileName":"InterceptingExecutableInvoker.java","lineNumber":112,"className":"org.junit.jupiter.engine.execution.InterceptingExecutableInvoker$ReflectiveInterceptorCall","methodName":"lambda$ofVoidMethod$0"},{"fileName":"InterceptingExecutableInvoker.java","lineNumber":94,"className":"org.junit.jupiter.engine.execution.InterceptingExecutableInvoker","methodName":"lambda$invoke$0"},{"fileName":"InvocationInterceptorChain.java","lineNumber":106,"className":"org.junit.jupiter.engine.execution.InvocationInterceptorChain$InterceptedInvocation","methodName":"proceed"},{"fileName":"InvocationInterceptorChain.java","lineNumber":64,"className":"org.junit.jupiter.engine.execution.InvocationInterceptorChain","methodName":"proceed"},{"fileName":"InvocationInterceptorChain.java","lineNumber":45,"className":"org.junit.jupiter.engine.execution.InvocationInterceptorChain","methodName":"chainAndInvoke"},{"fileName":"InvocationInterceptorChain.java","lineNumber":37,"className":"org.junit.jupiter.engine.execution.InvocationInterceptorChain","methodName":"invoke"},{"fileName":"InterceptingExecutableInvoker.java","lineNumber":93,"className":"org.junit.jupiter.engine.execution.InterceptingExecutableInvoker","methodName":"invoke"},{"fileName":"InterceptingExecutableInvoker.java","lineNumber":87,"className":"org.junit.jupiter.engine.execution.InterceptingExecutableInvoker","methodName":"invoke"},{"fileName":"TestMethodTestDescriptor.java","lineNumber":221,"className":"org.junit.jupiter.engine.descriptor.TestMethodTestDescriptor","methodName":"lambda$invokeTestMethod$4"},{"fileName":"ThrowableCollector.java","lineNumber":73,"className":"org.junit.platform.engine.support.hierarchical.ThrowableCollector","methodName":"execute"},{"fileName":"TestMethodTestDescriptor.java","lineNumber":217,"className":"org.junit.jupiter.engine.descriptor.TestMethodTestDescriptor","methodName":"invokeTestMethod"},{"fileName":"TestMethodTestDescriptor.java","lineNumber":159,"className":"org.junit.jupiter.engine.descriptor.TestMethodTestDescriptor","methodName":"execute"},{"fileName":"TestMethodTestDescriptor.java","lineNumber":70,"className":"org.junit.jupiter.engine.descriptor.TestMethodTestDescriptor","methodName":"execute"},{"fileName":"NodeTestTask.java","lineNumber":157,"className":"org.junit.platform.engine.support.hierarchical.NodeTestTask","methodName":"lambda$executeRecursively$6"},{"fileName":"ThrowableCollector.java","lineNumber":73,"className":"org.junit.platform.engine.support.hierarchical.ThrowableCollector","methodName":"execute"},{"fileName":"NodeTestTask.java","lineNumber":147,"className":"org.junit.platform.engine.support.hierarchical.NodeTestTask","methodName":"lambda$executeRecursively$8"},{"fileName":"Node.java","lineNumber":137,"className":"org.junit.platform.engine.support.hierarchical.Node","methodName":"around"},{"fileName":"NodeTestTask.java","lineNumber":145,"className":"org.junit.platform.engine.support.hierarchical.NodeTestTask","methodName":"lambda$executeRecursively$9"},{"fileName":"ThrowableCollector.java","lineNumber":73,"className":"org.junit.platform.engine.support.hierarchical.ThrowableCollector","methodName":"execute"},{"fileName":"NodeTestTask.java","lineNumber":144,"className":"org.junit.platform.engine.support.hierarchical.NodeTestTask","methodName":"executeRecursively"},{"fileName":"NodeTestTask.java","lineNumber":101,"className":"org.junit.platform.engine.support.hierarchical.NodeTestTask","methodName":"execute"},{"fileName":"ArrayList.java","lineNumber":1604,"className":"java.util.ArrayList","methodName":"forEach"},{"fileName":"SameThreadHierarchicalTestExecutorService.java","lineNumber":41,"className":"org.junit.platform.engine.support.hierarchical.SameThreadHierarchicalTestExecutorService","methodName":"invokeAll"},{"fileName":"NodeTestTask.java","lineNumber":161,"className":"org.junit.platform.engine.support.hierarchical.NodeTestTask","methodName":"lambda$executeRecursively$6"},{"fileName":"ThrowableCollector.java","lineNumber":73,"className":"org.junit.platform.engine.support.hierarchical.ThrowableCollector","methodName":"execute"},{"fileName":"NodeTestTask.java","lineNumber":147,"className":"org.junit.platform.engine.support.hierarchical.NodeTestTask","methodName":"lambda$executeRecursively$8"},{"fileName":"Node.java","lineNumber":137,"className":"org.junit.platform.engine.support.hierarchical.Node","methodName":"around"},{"fileName":"NodeTestTask.java","lineNumber":145,"className":"org.junit.platform.engine.support.hierarchical.NodeTestTask","methodName":"lambda$executeRecursively$9"},{"fileName":"ThrowableCollector.java","lineNumber":73,"className":"org.junit.platform.engine.support.hierarchical.ThrowableCollector","methodName":"execute"},{"fileName":"NodeTestTask.java","lineNumber":144,"className":"org.junit.platform.engine.support.hierarchical.NodeTestTask","methodName":"executeRecursively"},{"fileName":"NodeTestTask.java","lineNumber":101,"className":"org.junit.platform.engine.support.hierarchical.NodeTestTask","methodName":"execute"},{"fileName":"ArrayList.java","lineNumber":1604,"className":"java.util.ArrayList","methodName":"forEach"},{"fileName":"SameThreadHierarchicalTestExecutorService.java","lineNumber":41,"className":"org.junit.platform.engine.support.hierarchical.SameThreadHierarchicalTestExecutorService","methodName":"invokeAll"},{"fileName":"NodeTestTask.java","lineNumber":161,"className":"org.junit.platform.engine.support.hierarchical.NodeTestTask","methodName":"lambda$executeRecursively$6"},{"fileName":"ThrowableCollector.java","lineNumber":73,"className":"org.junit.platform.engine.support.hierarchical.ThrowableCollector","methodName":"execute"},{"fileName":"NodeTestTask.java","lineNumber":147,"className":"org.junit.platform.engine.support.hierarchical.NodeTestTask","methodName":"lambda$executeRecursively$8"},{"fileName":"Node.java","lineNumber":137,"className":"org.junit.platform.engine.support.hierarchical.Node","methodName":"around"},{"fileName":"NodeTestTask.java","lineNumber":145,"className":"org.junit.platform.engine.support.hierarchical.NodeTestTask","methodName":"lambda$executeRecursively$9"},{"fileName":"ThrowableCollector.java","lineNumber":73,"className":"org.junit.platform.engine.support.hierarchical.ThrowableCollector","methodName":"execute"},{"fileName":"NodeTestTask.java","lineNumber":144,"className":"org.junit.platform.engine.support.hierarchical.NodeTestTask","methodName":"executeRecursively"},{"fileName":"NodeTestTask.java","lineNumber":101,"className":"org.junit.platform.engine.support.hierarchical.NodeTestTask","methodName":"execute"},{"fileName":"SameThreadHierarchicalTestExecutorService.java","lineNumber":35,"className":"org.junit.platform.engine.support.hierarchical.SameThreadHierarchicalTestExecutorService","methodName":"submit"},{"fileName":"HierarchicalTestExecutor.java","lineNumber":57,"className":"org.junit.platform.engine.support.hierarchical.HierarchicalTestExecutor","methodName":"execute"},{"fileName":"HierarchicalTestEngine.java","lineNumber":54,"className":"org.junit.platform.engine.support.hierarchical.HierarchicalTestEngine","methodName":"execute"},{"fileName":"EngineExecutionOrchestrator.java","lineNumber":230,"className":"org.junit.platform.launcher.core.EngineExecutionOrchestrator","methodName":"executeEngine"},{"fileName":"EngineExecutionOrchestrator.java","lineNumber":204,"className":"org.junit.platform.launcher.core.EngineExecutionOrchestrator","methodName":"failOrExecuteEngine"},{"fileName":"EngineExecutionOrchestrator.java","lineNumber":172,"className":"org.junit.platform.launcher.core.EngineExecutionOrchestrator","methodName":"execute"},{"fileName":"EngineExecutionOrchestrator.java","lineNumber":101,"className":"org.junit.platform.launcher.core.EngineExecutionOrchestrator","methodName":"execute"},{"fileName":"EngineExecutionOrchestrator.java","lineNumber":64,"className":"org.junit.platform.launcher.core.EngineExecutionOrchestrator","methodName":"lambda$execute$0"},{"fileName":"EngineExecutionOrchestrator.java","lineNumber":150,"className":"org.junit.platform.launcher.core.EngineExecutionOrchestrator","methodName":"withInterceptedStreams"},{"fileName":"EngineExecutionOrchestrator.java","lineNumber":63,"className":"org.junit.platform.launcher.core.EngineExecutionOrchestrator","methodName":"execute"},{"fileName":"DefaultLauncher.java","lineNumber":109,"className":"org.junit.platform.launcher.core.DefaultLauncher","methodName":"execute"},{"fileName":"DefaultLauncher.java","lineNumber":91,"className":"org.junit.platform.launcher.core.DefaultLauncher","methodName":"execute"},{"fileName":"DelegatingLauncher.java","lineNumber":47,"className":"org.junit.platform.launcher.core.DelegatingLauncher","methodName":"execute"},{"fileName":"InterceptingLauncher.java","lineNumber":39,"className":"org.junit.platform.launcher.core.InterceptingLauncher","methodName":"lambda$execute$1"},{"fileName":"ClasspathAlignmentCheckingLauncherInterceptor.java","lineNumber":25,"className":"org.junit.platform.launcher.core.ClasspathAlignmentCheckingLauncherInterceptor","methodName":"intercept"},{"fileName":"InterceptingLauncher.java","lineNumber":38,"className":"org.junit.platform.launcher.core.InterceptingLauncher","methodName":"execute"},{"fileName":"DelegatingLauncher.java","lineNumber":47,"className":"org.junit.platform.launcher.core.DelegatingLauncher","methodName":"execute"},{"fileName":"LazyLauncher.java","lineNumber":56,"className":"org.apache.maven.surefire.junitplatform.LazyLauncher","methodName":"execute"},{"fileName":"JUnitPlatformProvider.java","lineNumber":194,"className":"org.apache.maven.surefire.junitplatform.JUnitPlatformProvider","methodName":"execute"},{"fileName":"JUnitPlatformProvider.java","lineNumber":150,"className":"org.apache.maven.surefire.junitplatform.JUnitPlatformProvider","methodName":"invokeAllTests"},{"fileName":"JUnitPlatformProvider.java","lineNumber":124,"className":"org.apache.maven.surefire.junitplatform.JUnitPlatformProvider","methodName":"invoke"},{"fileName":"ForkedBooter.java","lineNumber":385,"className":"org.apache.maven.surefire.booter.ForkedBooter","methodName":"runSuitesInProcess"},{"fileName":"ForkedBooter.java","lineNumber":162,"className":"org.apache.maven.surefire.booter.ForkedBooter","methodName":"execute"},{"fileName":"ForkedBooter.java","lineNumber":507,"className":"org.apache.maven.surefire.booter.ForkedBooter","methodName":"run"},{"fileName":"ForkedBooter.java","lineNumber":495,"className":"org.apache.maven.surefire.booter.ForkedBooter","methodName":"main"}],"message":"Data : aaa","suppressed":[],"localizedMessage":"Data : aaa"}
after：null
{"aBoolean":false,"aByte":0,"aChar":"\u0000","aDouble":0.0,"aFloat":0.0,"aLong":0,"aShort":0,"anInt":0}
{"aBoolean":true,"aBoolean2":false,"aByte":8,"aByte2":9,"aChar":"J","aDouble":88.88,"aDouble2":99.99,"aFloat":8.8,"aFloat2":9.9,"aLong":8888,"aLong2":9999,"aShort":88,"aShort2":99,"anInt":888,"character":"C","integer":999,"string":"test"}
{"is_judge":true}
{
	"@type":"com.alibaba.fastjson2.hsf.VeryComplexDO#0",
	"@value":{
		"fshort":4,
		"pBaseDO":{},
		"pbyte":5,
		"pdouble":6.6,
		"pfloat":7.7,
		"pint":8,
		"plong":9
	}
}
{
	"@type":"com.alibaba.fastjson2.hsf.VeryComplexDO#0",
	"@value":{
		"fshort":2,
		"pBaseDO":{},
		"pbyte":3,
		"pdouble":9999.9999,
		"pfloat":1.2,
		"pint":69,
		"plist":{
			"@type":"A#1",
			"@value":[
				"taobao",
				"java",
				"linux"
			]
		},
		"plong":56,
		"plongArray":[
			1,
			2,
			3,
			4,
			5,
			6
		]
	}
}
123456789012345678901234567890123456789012345678901234567890
Issue1168.Wrapper(inner=Issue1168.Inner(id=1))
com.alibaba.fastjson2.issues_1000.Issue1457$Test2@2ccb0929
{
	"@type":"java.util.Collections$SynchronizedMap"
}
{
	"@type":"java.util.Collections$SynchronizedSet",
	"@value":[
		1,
		2,
		3
	]
}
{
	"@type":"java.util.Collections$SynchronizedRandomAccessList",
	"@value":[
		1,
		2,
		3
	]
}
{
	"@type":"java.util.Collections$SynchronizedNavigableMap"
}
{
	"@type":"java.util.Collections$SynchronizedSortedMap"
}
{
	"@type":"java.util.Collections$SynchronizedSortedSet",
	"@value":[
		1,
		2,
		3
	]
}
{
	"@type":"java.util.Collections$SynchronizedNavigableSet",
	"@value":[
		1,
		2,
		3
	]
}
{
	"@type":"java.util.Collections$SynchronizedCollection",
	"@value":[
		1,
		2,
		3
	]
}
{"testEnum":"E1"}
{"testEnum":"E1"}
"E1"
{"testEnum":3}
false
false
{"name":"{\"paternalSurname\": \"Rodríguez\"}"}
strJson={"@type":"com.alibaba.fastjson2.issues_1000.Issue1069$UserAttrActionInfo","tagInfos":{"@type":"java.util.LinkedHashMap",1234:[1L,2L,3L,4L]}}
fastjson2 data:{"values":[[123,456]]}
{"accountType":2}
