Picked up JAVA_TOOL_OPTIONS: 
WARNING: A restricted method in java.lang.System has been called
WARNING: java.lang.System::load has been called by org.fusesource.jansi.internal.JansiLoader in an unnamed module (file:<maven>/lib/jansi-2.4.1.jar)
WARNING: Use --enable-native-access=ALL-UNNAMED to avoid a warning for callers in this module
WARNING: Restricted methods will be blocked in a future release unless native access is enabled

WARNING: A terminally deprecated method in sun.misc.Unsafe has been called
WARNING: sun.misc.Unsafe::objectFieldOffset has been called by com.google.common.util.concurrent.AbstractFuture$UnsafeAtomicHelper (file:<maven>/lib/guava-33.2.1-jre.jar)
WARNING: Please consider reporting this to the maintainers of class com.google.common.util.concurrent.AbstractFuture$UnsafeAtomicHelper
WARNING: sun.misc.Unsafe::objectFieldOffset will be removed in a future release
Picked up JAVA_TOOL_OPTIONS: 
WARNING: A terminally deprecated method in sun.misc.Unsafe has been called
WARNING: sun.misc.Unsafe::invokeCleaner has been called by nonapi.io.github.classgraph.utils.FileUtils (file:<m2>/repository/io/github/classgraph/classgraph/4.8.83/classgraph-4.8.83.jar)
WARNING: Please consider reporting this to the maintainers of class nonapi.io.github.classgraph.utils.FileUtils
WARNING: sun.misc.Unsafe::invokeCleaner will be removed in a future release
{
	"@type":"com.alibaba.fastjson2.issues_1500.Issue1509$LoginUser#0",
	"@value":{
		"authorities#1":{
			"@type":"java.util.Collections$UnmodifiableSet#2",
			"@value":[]
		},
		"name#3":"张三",
		"realName#4":"zhangsan"
	}
}
Wed, 7 Oct 2026 00:41:11 GMT
{
	"date":1642003200
}
[{"@type":"[O","@value":[{"@type":"com.alibaba.fastjson2.issues_2100.Issue2175.Index$TestER","name":"ER"},0]},{"@type":"[O","@value":[{"@type":"com.alibaba.fastjson2.issues_2100.Issue2175.Index$TestER","name":"ER"},false]}]
1
[{"@type":"[com.alibaba.fastjson2.issues_2100.Issue2175.Index$TestER","@value":[{"name":"ER"},{"name":"ER"}]},{"@type":"[com.alibaba.fastjson2.issues_2100.Issue2175.Index$TestER","@value":[{"name":"ER"},{"name":"ER"}]}]
[{"@type":"[O","@value":[{"@type":"[com.alibaba.fastjson2.issues_2100.Issue2175.Index$TestER","@value":[{"name":"parent"},{"@type":"com.alibaba.fastjson2.issues_2100.Issue2175.Index$Children","age":1,"name":"child"}]},{"@type":"[com.alibaba.fastjson2.issues_2100.Issue2175.Index$TestER","@value":[{"@type":"com.alibaba.fastjson2.issues_2100.Issue2175.Index$Children","age":1,"name":"child"},{"name":"parent"}]}]},{"@type":"[com.alibaba.fastjson2.issues_2100.Issue2175.Index$TestER","@value":[{"@type":"com.alibaba.fastjson2.issues_2100.Issue2175.Index$Children","age":1,"name":"child"},{"name":"parent"}]},{"@type":"[O","@value":[1,false]}]
[{"@type":"[com.alibaba.fastjson2.issues_2100.Issue2175.Index$TestER","@value":[{"name":"parent"},{"@type":"com.alibaba.fastjson2.issues_2100.Issue2175.Index$Children","age":1,"name":"child"}]},{"@type":"[com.alibaba.fastjson2.issues_2100.Issue2175.Index$TestER","@value":[{"@type":"com.alibaba.fastjson2.issues_2100.Issue2175.Index$Children","age":1,"name":"child"},{"name":"parent"}]}]
[[{"name":"parent"},{"@type":"com.alibaba.fastjson2.issues_2100.Issue2175.Index$Children","age":1,"name":"child"}],[{"@type":"com.alibaba.fastjson2.issues_2100.Issue2175.Index$Children","age":1,"name":"child"},{"name":"parent"}]]
{}
{"hash":2138216064,"resolved":"java.util.HashMap","type":{"actualTypeArguments":["java.lang.Integer",{"actualTypeArguments":["java.lang.String"],"rawType":"java.util.List"}],"rawType":"java.util.HashMap"},"typeProvider":{"source":{"declaringClass":"com.alibaba.fastjson2.issues_2100.Issue2103$Bean","name":"myMap"},"type":{"actualTypeArguments":["java.lang.Integer",{"actualTypeArguments":["java.lang.String"],"rawType":"java.util.List"}],"rawType":"java.util.HashMap"}}}"\"\"\"\""
{
	"@type":"org.joda.time.LocalDateTime#0",
	"@value":"2026-10-07 00:41:12.352"
}
{
	"@type":"org.joda.time.LocalDateTime#0",
	"@value":"2026-10-07 00:41:12.356"
}
{
	"@type":"org.joda.time.LocalDateTime#0",
	"@value":{
		"year":2026,
		"month":10,
		"day":6,
		"hour":16,
		"minute":41,
		"second":12,
		"millis":357,
		"chronology":{
			"zoneId":"UTC"
		}
	}
}
{
	"@type":"org.joda.time.LocalDate#0",
	"@value":"2026-10-07"
}
{
	"@type":"org.joda.time.LocalDate#0",
	"@value":"2026-10-07"
}
{
	"@type":"org.joda.time.LocalDate#0",
	"@value":{
		"year":2026,
		"month":10,
		"day":6,
		"chronology":{
			"zoneId":"UTC"
		}
	}
}
{"type":"directory","items":[{"type":"file","data":"Some content ...","name":"my_file.txt"}],"name":"My directory"}
{"type":"object","properties":{"longitude":{"type":["string","number"]},"latitude":{"type":"number","minimum":-90,"maximum":90}},"required":["longitude","latitude"]}
66060288
Serialized JSON with circular reference: {"parent😀":{"child👍":{"$ref":"$"}}}
Test passed - no exception thrown during serialization with circular reference
Serialized JSON: {"key👍":"value3","key😀":"value1","nested":{"nested😀":{"deepValue":"deepValue"}},"key🌍":"value2"}
Test passed - no exception thrown during serialization
Generated JSON: {
	"key👍":"value3",
	"key😀":"value1",
	"key🌍":"value2"
}
Generated JSON with circular reference: {"parent😀":{"child😀":{"parent😀":{"$ref":"parent😀"}}}}
Generated JSON: {"key😀":"value","nested":{"nestedKey":"nestedValue"}}
UrlEntity [name=rose, url=https://www.baidu.com/web/user?name=rose]
[1,2,3]
[1,2,3]
{
	"@type":"com.alibaba.fastjson2.issues_3800.Issue3842$UserData",
	"errorCode":0
}
{
	"@type":"com.alibaba.fastjson2.issues_3800.Issue3828$Data",
	"list":{
		"@type":"java.util.Collections$EmptyList",
		"@value":[]
	}
}
{"AI":[]}
SLF4J(W): No SLF4J providers were found.
SLF4J(W): Defaulting to no-operation (NOP) logger implementation
SLF4J(W): See https://www.slf4j.org/codes.html#noProviders for further details.
{"age1":0,"age2":null,"age3":0,"age5":10,"age6":10}
[
	{
		"id":101,
		"name":"DataWorks"
	},
	{
		"id":102,
		"name":"MaxCompute"
	},
	{
		"id":103,
		"name":"Flink"
	}
]
{"images": [{
      "height":768,
      "size":"LARGE",
      "title":"Javaone Keynote",
      "uri":"http://javaone.com/keynote_large.jpg",
      "width":1024
    }, {
      "height":240,
      "size":"SMALL",
      "title":"Javaone Keynote",
      "uri":"http://javaone.com/keynote_small.jpg",
      "width":320
    }
  ],
  "media": {
    "bitrate":262144,
    "duration":18000000,
    "format":"video/mpg4",
    "height":480,
    "persons": [
      "Bill Gates",
      "Steve Jobs"
    ],
    "player":"JAVA",
    "size":58982400,
    "title":"Javaone Keynote",
    "uri":"http://javaone.com/keynote.mpg",
    "width":640
  }
}

--------------jsonpath/jsonpath_compliance.json--------------
  [00/00]	"$[?@.a]"
  [00/01]	"$[?@.a]"
  [00/02]	"$[?@.a=='b']"
  [00/03]	"$[?@.a=='1']"
  [00/04]	"$[?@.a==\"b\"]"
  [00/05]	"$[?@.a==\"1\"]"
  [00/06]	"$[?@.a==1]"
  [00/07]	"$[?@.a==null]"
  [00/08]	"$[?@.a==null]"
  [00/09]	"$[?@.a==true]"
  [00/10]	"$[?@.a==false]"
  [00/11]	"$[?@.a==@.b]"
  [00/12]	"$[?@.a==@.b]"
  [00/13]	"$[?@.a!='b']"
  [00/14]	"$[?@.a!='1']"
  [00/15]	"$[?@.a!='b']"
  [00/16]	"$[?@.a!=\"b\"]"
  [00/17]	"$[?@.a!=\"1\"]"
  [00/18]	"$[?@.a!=\"b\"]"
  [00/19]	"$[?@.a!=1]"
  [00/20]	"$[?@.a!=1]"
  [00/21]	"$[?@.a!=null]"
  [00/22]	"$[?@.a!=null]"
  [00/23]	"$[?@.a!=true]"
  [00/24]	"$[?@.a!=false]"
  [00/25]	"$[?@.a<'c']"
  [00/26]	"$[?@.a<\"c\"]"
  [00/27]	"$[?@.a<10]"
  [00/28]	"$[?@.a<null]"
  [00/29]	"$[?@.a<true]"
  [00/30]	"$[?@.a<false]"
  [00/31]	"$[?@.a<='c']"
  [00/32]	"$[?@.a<=\"c\"]"
  [00/33]	"$[?@.a<=10]"
  [00/34]	"$[?@.a<=null]"
  [00/35]	"$[?@.a<=true]"
  [00/36]	"$[?@.a<=false]"
  [00/37]	"$[?@.a>'c']"
  [00/38]	"$[?@.a>\"c\"]"
  [00/39]	"$[?@.a>10]"
  [00/40]	"$[?@.a>null]"
  [00/41]	"$[?@.a>true]"
  [00/42]	"$[?@.a>false]"
  [00/43]	"$[?@.a>='c']"
  [00/44]	"$[?@.a>=\"c\"]"
  [00/45]	"$[?@.a>=10]"
  [00/46]	"$[?@.a>=null]"
  [00/47]	"$[?@.a>=true]"
  [00/48]	"$[?@.a>=false]"
  [00/49]	"$[?@.a&&@.a!=null]"
  [00/50]	"$[?@.a&&@.b]"
  [00/51]	"$[?@.a||@.b]"
  [00/52]	"$[?@.a>0&&@.a<10]"
  [00/53]	"$[?@.a=='b'||@.a=='d']"
- [01/54]	"$[?@[0:0]==0]"
- [02/55]	"$[?@[*]==0]"
- [03/56]	"$[?@..a==0]"
  [03/57]	"$[?@.a[*].a==0]"
  [03/58]	"$[?@.a == 1]"
  [03/59]	"$[?@['0'] == 5]"
  [03/60]	"$[?@[0] == 5]"
- [04/61]	"$[?(@[0, 0]==42)]"
- [05/62]	"$[?(@[0, 0]!=42)]"
- [06/63]	"$[?(@[0, 0]<=42)]"
- [07/64]	"$[?(@['a', 'a']==42)]"
- [08/65]	"$[?(@['a', 'a']!=42)]"
- [09/66]	"$[?(@['a', 'a']<=42)]"
  [09/67]	"$[?(@[0, '0']==42)]"
  [09/68]	"$[?(@[0, '0']!=42)]"
  [09/69]	"$[?(@[0, '0']<=42)]"
  [09/70]	"$[?(@.*==42)]"
  [09/71]	"$[?(@.*!=42)]"
  [09/72]	"$[?(@.*<=42)]"
- [10/73]	"$[?(@[0:0]==42)]"
- [11/74]	"$[?(@[0:0]!=42)]"
- [12/75]	"$[?(@[0:0]<=42)]"
  [12/76]	"$[?($[0, 0]==42)]"
  [12/77]	"$[?($[0, 0]!=42)]"
  [12/78]	"$[?($[0, 0]<=42)]"
  [12/79]	"$[?($['a', 'a']==42)]"
  [12/80]	"$[?($['a', 'a']!=42)]"
  [12/81]	"$[?($['a', 'a']<=42)]"
  [12/82]	"$[?($[0, '0']==42)]"
  [12/83]	"$[?($[0, '0']!=42)]"
  [12/84]	"$[?($[0, '0']<=42)]"
  [12/85]	"$[?($.*==42)]"
  [12/86]	"$[?($.*!=42)]"
  [12/87]	"$[?($.*<=42)]"
  [12/88]	"$[?($[0:0]==42)]"
  [12/89]	"$[?($[0:0]!=42)]"
  [12/90]	"$[?($[0:0]<=42)]"
  [12/91]	"$[?@.a==-0]"
  [12/92]	"$[?@.a==1.0]"
  [12/93]	"$[?@.a==1e2]"
  [12/94]	"$[?@.a==1e+2]"
  [12/95]	"$[?@.a==1e-2]"
  [12/96]	"$[?@.a==1.1]"
- [13/97]	"$[?@.a==1.]"
  [13/98]	"$[?@.a==1.1e2]"
  [13/99]	"$[?@.a==1.1e+2]"
  [13/100]	"$[?@.a==1.1e-2]"
  [13/101]	"$[?@<3]"
  [13/102]	"$[?@.a || @.b && @.b]"
  [13/103]	"$[?@.b && @.b || @.a]"
  [13/104]	"$[?@ == \"quoted' literal\"]"
  [13/105]	"$[?@ == 'quoted\" literal']"
  [13/106]	"$[?@ == 'quoted\\' literal']"
  [13/107]	"$[?@ == \"quoted\\\" literal\"]"
b
b
b
b
b
b
a
b
a
a
a
b
b
a
b
a
b
b
b
b
b
b
a
a
b
b
a
a
a
b
b
a
b
b
a
b
b
a
b
a
b
a
a
a
b
a
a
a
a
a
{"id":2,"name":"b"}
{"id":2,"name":"b"}
{"id":2,"name":"b"}
{"id":1,"name":"a"}
{"id":2,"name":"b"}
{"id":1,"name":"a"}
{"id":1,"name":"a"}
{"id":2,"name":"b"}
{"id":2,"name":"b"}
{"id":2,"name":"b"}
{"id":2,"name":"b"}
{"id":1,"name":"a"}
{"id":1,"name":"a"}
{"id":1,"name":"a"}
{"id":2,"name":"b"}
{"id":2,"name":"b"}
{"id":1,"name":"a"}
{"id":2,"name":"b"}
{"id":2,"name":"b"}
{"id":1,"name":"a"}
{"id":2,"name":"b"}
{"id":1,"name":"a"}
{"id":2,"name":"b"}
{"id":2,"name":"b"}
{"id":1,"name":"a"}
{"id":2,"name":"b"}
{"id":2,"name":"b"}
{"id":1,"name":"a"}
{"id":1,"name":"a"}
{"id":2,"name":"b"}
{"id":1,"name":"a"}
{"id":2,"name":"b"}
{"id":2,"name":"b"}
{"id":1,"name":"a"}
{"id":2,"name":"b"}
{"id":1,"name":"a"}
{"id":2,"name":"b"}
{"id":1,"name":"a"}
{"id":1,"name":"a"}
{"id":1,"name":"a"}
{"id":2,"name":"b"}
{"id":1,"name":"a"}
{"id":2,"name":"b"}
{"id":1,"name":"a"}
{"id":2,"name":"b"}
{"id":2,"name":"b"}
{"id":1,"name":"a"}
{"id":1,"name":"a"}
{"id":2,"name":"b"}
{"id":2,"name":"b"}

--------------jsonpath/name_selector.json--------------
  [00/00]	"$[\"a\"]"
  [00/01]	"$[\"c\"]"
  [00/02]	"$[\"a\"]"
- [01/03]	"$[\"\u0000\"]"
- [02/04]	"$[\"\u0001\"]"
- [03/05]	"$[\"\u0002\"]"
- [04/06]	"$[\"\u0003\"]"
- [05/07]	"$[\"\u0004\"]"
- [06/08]	"$[\"\u0005\"]"
- [07/09]	"$[\"\u0006\"]"
- [08/10]	"$[\"\u0007\"]"
- [09/11]	"$[\"\b\"]"
- [10/12]	"$[\"\t\"]"
- [11/13]	"$[\"\n\"]"
- [12/14]	"$[\"\u000b\"]"
- [13/15]	"$[\"\f\"]"
- [14/16]	"$[\"\r\"]"
- [15/17]	"$[\"\u000e\"]"
- [16/18]	"$[\"\u000f\"]"
- [17/19]	"$[\"\u0010\"]"
- [18/20]	"$[\"\u0011\"]"
- [19/21]	"$[\"\u0012\"]"
- [20/22]	"$[\"\u0013\"]"
- [21/23]	"$[\"\u0014\"]"
- [22/24]	"$[\"\u0015\"]"
- [23/25]	"$[\"\u0016\"]"
- [24/26]	"$[\"\u0017\"]"
- [25/27]	"$[\"\u0018\"]"
- [26/28]	"$[\"\u0019\"]"
- [27/29]	"$[\"\u001a\"]"
- [28/30]	"$[\"\u001b\"]"
- [29/31]	"$[\"\u001c\"]"
- [30/32]	"$[\"\u001d\"]"
- [31/33]	"$[\"\u001e\"]"
- [32/34]	"$[\"\u001f\"]"
  [32/35]	"$[\" \"]"
  [32/36]	"$[\"\\\"\"]"
  [32/37]	"$[\"\\\\\"]"
  [32/38]	"$[\"\\/\"]"
  [32/39]	"$[\"\\b\"]"
  [32/40]	"$[\"\\f\"]"
  [32/41]	"$[\"\\n\"]"
  [32/42]	"$[\"\\r\"]"
  [32/43]	"$[\"\\t\"]"
  [32/44]	"$[\"\\u263A\"]"
  [32/45]	"$[\"\\u263a\"]"
  [32/46]	"$[\"\\uD834\\uDD1E\"]"
  [32/47]	"$[\"\\uD83D\\uDE00\"]"
- [33/48]	"$[\"\\'\"]"
  [33/49]	"$[\"\"\"]"
  [33/50]	"$[\"\\\"]"
  [33/51]	"$['a']"
  [33/52]	"$['c']"
  [33/53]	"$['a']"
- [34/54]	"$['\u0000']"
- [35/55]	"$['\u0001']"
- [36/56]	"$['\u0002']"
- [37/57]	"$['\u0003']"
- [38/58]	"$['\u0004']"
- [39/59]	"$['\u0005']"
- [40/60]	"$['\u0006']"
- [41/61]	"$['\u0007']"
- [42/62]	"$['\b']"
- [43/63]	"$['\t']"
- [44/64]	"$['\n']"
- [45/65]	"$['\u000b']"
- [46/66]	"$['\f']"
- [47/67]	"$['\r']"
- [48/68]	"$['\u000e']"
- [49/69]	"$['\u000f']"
- [50/70]	"$['\u0010']"
- [51/71]	"$['\u0011']"
- [52/72]	"$['\u0012']"
- [53/73]	"$['\u0013']"
- [54/74]	"$['\u0014']"
- [55/75]	"$['\u0015']"
- [56/76]	"$['\u0016']"
- [57/77]	"$['\u0017']"
- [58/78]	"$['\u0018']"
- [59/79]	"$['\u0019']"
- [60/80]	"$['\u001a']"
- [61/81]	"$['\u001b']"
- [62/82]	"$['\u001c']"
- [63/83]	"$['\u001d']"
- [64/84]	"$['\u001e']"
- [65/85]	"$['\u001f']"
  [65/86]	"$[' ']"
  [65/87]	"$['\\'']"
  [65/88]	"$['\\\\']"
  [65/89]	"$['\\/']"
  [65/90]	"$['\\b']"
  [65/91]	"$['\\f']"
  [65/92]	"$['\\n']"
  [65/93]	"$['\\r']"
  [65/94]	"$['\\t']"
  [65/95]	"$['\\u263A']"
  [65/96]	"$['\\u263a']"
  [65/97]	"$['\\uD834\\uDD1E']"
  [65/98]	"$['\\uD83D\\uDE00']"
- [66/99]	"$['\\\"']"
  [66/100]	"$[''']"
  [66/101]	"$['\\']"
  [66/102]	"$[\"\"]"
  [66/103]	"$['']"

--------------jsonpath/filter.json--------------
* [01/00]	"$[?@]"
  [01/01]	"$[?@.a]"
  [01/02]	"$[?@.a]"
  [01/03]	"$[?@.a=='b']"
  [01/04]	"$[?@.a=='1']"
  [01/05]	"$[?@.a==\"b\"]"
  [01/06]	"$[?@.a==\"1\"]"
  [01/07]	"$[?@.a==1]"
  [01/08]	"$[?@.a==null]"
  [01/09]	"$[?@.a==null]"
  [01/10]	"$[?@.a==true]"
  [01/11]	"$[?@.a==false]"
* [02/12]	"$[?@==@]"
  [02/13]	"$[?@.a==@.b]"
  [02/14]	"$[?@.a==@.b]"
  [02/15]	"$[?@.a!='b']"
  [02/16]	"$[?@.a!='1']"
  [02/17]	"$[?@.a!='b']"
  [02/18]	"$[?@.a!=\"b\"]"
  [02/19]	"$[?@.a!=\"1\"]"
  [02/20]	"$[?@.a!=\"b\"]"
  [02/21]	"$[?@.a!=1]"
  [02/22]	"$[?@.a!=1]"
  [02/23]	"$[?@.a!=null]"
  [02/24]	"$[?@.a!=null]"
  [02/25]	"$[?@.a!=true]"
  [02/26]	"$[?@.a!=false]"
  [02/27]	"$[?@.a<'c']"
  [02/28]	"$[?@.a<\"c\"]"
  [02/29]	"$[?@.a<10]"
  [02/30]	"$[?@.a<null]"
  [02/31]	"$[?@.a<true]"
  [02/32]	"$[?@.a<false]"
  [02/33]	"$[?@.a<='c']"
  [02/34]	"$[?@.a<=\"c\"]"
  [02/35]	"$[?@.a<=10]"
  [02/36]	"$[?@.a<=null]"
  [02/37]	"$[?@.a<=true]"
  [02/38]	"$[?@.a<=false]"
  [02/39]	"$[?@.a>'c']"
  [02/40]	"$[?@.a>\"c\"]"
  [02/41]	"$[?@.a>10]"
  [02/42]	"$[?@.a>null]"
  [02/43]	"$[?@.a>true]"
  [02/44]	"$[?@.a>false]"
  [02/45]	"$[?@.a>='c']"
  [02/46]	"$[?@.a>=\"c\"]"
  [02/47]	"$[?@.a>=10]"
  [02/48]	"$[?@.a>=null]"
  [02/49]	"$[?@.a>=true]"
  [02/50]	"$[?@.a>=false]"
  [02/51]	"$[?@.a&&@.a!=null]"
  [02/52]	"$[?@.a&&@.b]"
  [02/53]	"$[?@.a||@.b]"
  [02/54]	"$[?@.a>0&&@.a<10]"
  [02/55]	"$[?@.a=='b'||@.a=='d']"
* [03/56]	"$[?!(@.a=='b')]"
* [04/57]	"$[?!@.a]"
* [05/58]	"$[?!@.a]"
* [06/59]	"$[?@.*]"
* [07/60]	"$[?@[0, 0, 'a']]"
* [08/61]	"$[?@[0:2]]"
* [09/62]	"$[?!@.*]"
- [10/63]	"$[?@[0:0]==0]"
- [11/64]	"$[?@[*]==0]"
- [12/65]	"$[?@..a==0]"
  [12/66]	"$[?@.a[*].a==0]"
* [13/67]	"$[?@[?@>1]]"
  [13/68]	"$[?@.a == 1]"
  [13/69]	"$[?@['0'] == 5]"
  [13/70]	"$[?@[0] == 5]"
- [14/71]	"$[?(@[0, 0]==42)]"
- [15/72]	"$[?(@[0, 0]!=42)]"
- [16/73]	"$[?(@[0, 0]<=42)]"
- [17/74]	"$[?(@['a', 'a']==42)]"
- [18/75]	"$[?(@['a', 'a']!=42)]"
- [19/76]	"$[?(@['a', 'a']<=42)]"
  [19/77]	"$[?(@[0, '0']==42)]"
  [19/78]	"$[?(@[0, '0']!=42)]"
  [19/79]	"$[?(@[0, '0']<=42)]"
  [19/80]	"$[?(@.*==42)]"
  [19/81]	"$[?(@.*!=42)]"
  [19/82]	"$[?(@.*<=42)]"
- [20/83]	"$[?(@[0:0]==42)]"
- [21/84]	"$[?(@[0:0]!=42)]"
- [22/85]	"$[?(@[0:0]<=42)]"
  [22/86]	"$[?($[0, 0]==42)]"
  [22/87]	"$[?($[0, 0]!=42)]"
  [22/88]	"$[?($[0, 0]<=42)]"
  [22/89]	"$[?($['a', 'a']==42)]"
  [22/90]	"$[?($['a', 'a']!=42)]"
  [22/91]	"$[?($['a', 'a']<=42)]"
  [22/92]	"$[?($[0, '0']==42)]"
  [22/93]	"$[?($[0, '0']!=42)]"
  [22/94]	"$[?($[0, '0']<=42)]"
  [22/95]	"$[?($.*==42)]"
  [22/96]	"$[?($.*!=42)]"
  [22/97]	"$[?($.*<=42)]"
  [22/98]	"$[?($[0:0]==42)]"
  [22/99]	"$[?($[0:0]!=42)]"
  [22/100]	"$[?($[0:0]<=42)]"
* [23/101]	"$[?@.a,?@.b]"
* [24/102]	"$[?@.a=='b',?@.b=='x']"
* [25/103]	"$[?@.a,?@.d]"
* [26/104]	"$[?@.a,1]"
* [27/105]	"$[?@.a,*]"
* [28/106]	"$[?@.a,1:]"
* [29/107]	"$[1, ?@.a=='b', 1:]"
  [29/108]	"$[?@.a==-0]"
  [29/109]	"$[?@.a==1.0]"
  [29/110]	"$[?@.a==1e2]"
  [29/111]	"$[?@.a==1e+2]"
  [29/112]	"$[?@.a==1e-2]"
  [29/113]	"$[?@.a==1.1]"
- [30/114]	"$[?@.a==1.]"
  [30/115]	"$[?@.a==1.1e2]"
  [30/116]	"$[?@.a==1.1e+2]"
  [30/117]	"$[?@.a==1.1e-2]"
* [31/118]	"$.values[?length(@.a) == value($..c)]"
  [31/119]	"$[?@<3]"
  [31/120]	"$[?@.a || @.b && @.b]"
  [31/121]	"$[?@.b && @.b || @.a]"
* [32/122]	"$[?(@.a || @.b) && @.a]"
* [33/123]	"$[?@.a && (@.b || @.a)]"
* [34/124]	"$[?(@.a || @.b) && @.b]"
  [34/125]	"$[?@ == \"quoted' literal\"]"
  [34/126]	"$[?@ == 'quoted\" literal']"
  [34/127]	"$[?@ == 'quoted\\' literal']"
  [34/128]	"$[?@ == \"quoted\\\" literal\"]"
- [35/129]	"$[?true]"
- [36/130]	"$[?false]"
  [36/131]	"$[?'abc']"
- [37/132]	"$[?2]"
  [37/133]	"$[?2.2]"
- [38/134]	"$[?null]"
- [39/135]	"$[?true && false]"
- [40/136]	"$[?true || false]"
- [41/137]	"$[?true == false && false]"
- [42/138]	"$[?true == false || false]"
- [43/139]	"$[?false && true == false]"
- [44/140]	"$[?false || true == false]"

--------------jsonpath/basic.json--------------
  [00/00]	"$"
- [01/01]	" $"
- [02/02]	"$ "
  [02/03]	"$.a"
  [02/04]	"$.☺"
  [02/05]	"$._"
- [03/06]	"$.&"
- [04/07]	"$.1"
  [04/08]	"$.c"
  [04/09]	"$.a"
  [04/10]	"$.*"
  [04/11]	"$.*"
  [04/12]	"$[*]"
  [04/13]	"$.*.a"
  [04/14]	"$[0,2]"
- [05/15]	"$[0 2]"
* [06/16]	"$['a',1]"
* [07/17]	"$['a',1]"
* [08/18]	"$[1,5:7]"
* [09/19]	"$[1,0:3]"
  [09/20]	"$[1,1]"
* [10/21]	"$[*,1]"
* [11/22]	"$[*,'a']"
* [12/23]	"$[*,0:2]"
* [13/24]	"$[*,*]"
  [13/25]	"$[]"
  [13/26]	"$..[1]"
  [13/27]	"$..a"
  [13/28]	"$..*"
  [13/29]	"$..[*]"
  [13/30]	"$..[*]"
  [13/31]	"$..[*]"
  [13/32]	"$..*"
  [13/33]	"$..*"
  [13/34]	"$..['a','d']"
  [13/35]	"$..['a','d']"
- [14/36]	"$.."

--------------jsonpath/index_selector.json--------------
  [00/00]	"$[0]"
  [00/01]	"$[1]"
  [00/02]	"$[2]"
  [00/03]	"$[231584178474632390847141970017375815706539969331281128078915168015826259279872]"
  [00/04]	"$[231584178474632390847141970017375815706539969331281128078915168SomeRandomText]"
  [00/05]	"$[-1]"
  [00/06]	"$[-2]"
  [00/07]	"$[-3]"
  [00/08]	"$[0]"
- [01/09]	"$[01]"
- [02/10]	"$[-01]"
{
    "code":"success",
    "data":{
        "data2":{
            "id":null,
            "type":null,
            "serveCategoryInfoList":[
                {
                    "id":0,
                    "infoList":[

                    ],
                    "idList":[
                        200226
                    ]
                },
                {
                    "id":1,
                    "idList":[
                        1,
                        2,
                        3,
                        4,
                        5,
                        6,
                        7
                    ]
                }
            ]
        }
    },
    "msg":"",
    "status":"1"
}

[{"id":1001,"salary":4000,"name":"jobs","valid":false},{"id":1001,"salary":5000}]
{
	"@type":"com.alibaba.fastjson2_vo.IntField1",
	"v0000":123
}
{
	"@type":"A#0",
	"@value":[
		{
			"@type":"com.alibaba.fastjson2.autoType.AutoTypeTest10$Bean4#1",
			"@value":{
				"params":{
					"@type":"LinkedList#2",
					"@value":[
						{}
					]
				}
			}
		},
		{
			"@type":"#1",
			"@value":{}
		}
	]
}
{}
{
	"@type":"JO1#0",
	"@value":{
		"data":{
			"@type":"A#1",
			"@value":[
				{
					"@type":"#0",
					"@value":{}
				}
			]
		}
	}
}
{
	"@type":"com.alibaba.fastjson2.autoType.AutoTypeTest10$Bean3#0",
	"@value":{
		"params":{
			"@type":"JO10#1",
			"@value":{}
		}
	}
}
{}
{
	"@type":"com.alibaba.fastjson2.autoType.AutoTypeTest20$Bean2#0",
	"@value":{
		"values":{
			"@type":"LinkedHashSet#1",
			"@value":[
				{
					"@type":"com.alibaba.fastjson2.autoType.AutoTypeTest20$XItem#2",
					"@value":"A"
				},
				{
					"@type":"#2",
					"@value":"B"
				},
				{
					"@type":"#2",
					"@value":"C"
				},
				{
					"@type":"#2",
					"@value":"D"
				}
			]
		}
	}
}
{
	"@type":"com.alibaba.fastjson2.autoType.AutoTypeTest20$Bean1#0",
	"@value":{
		"values":{
			"@type":"LinkedList#1",
			"@value":[
				{
					"@type":"com.alibaba.fastjson2.autoType.AutoTypeTest20$XItem#2",
					"@value":"A"
				},
				{
					"@type":"#2",
					"@value":"B"
				},
				{
					"@type":"#2",
					"@value":"C"
				},
				{
					"@type":"#2",
					"@value":"D"
				}
			]
		}
	}
}
{
	"@type":"com.alibaba.fastjson2.autoType.AutoTypeTest20$Bean2#0",
	"@value":{
		"values":{
			"@type":"LinkedHashSet#1",
			"@value":[
				{
					"@type":"com.alibaba.fastjson2.autoType.AutoTypeTest20$XItem#2",
					"@value":"A"
				},
				{
					"@type":"#2",
					"@value":"B"
				},
				{
					"@type":"#2",
					"@value":"C"
				},
				{
					"@type":"#2",
					"@value":"D"
				}
			]
		}
	}
}
{
	"@type":"com.alibaba.fastjson2.autoType.AutoTypeTest20$Bean3#0",
	"@value":{
		"values":[
			{
				"@type":"com.alibaba.fastjson2.autoType.AutoTypeTest20$XItem#1",
				"@value":"A"
			},
			{
				"@type":"#1",
				"@value":"D"
			},
			{
				"@type":"#1",
				"@value":"C"
			},
			{
				"@type":"#1",
				"@value":"B"
			}
		]
	}
}
{
	"@type":"com.alibaba.fastjson2.autoType.AutoTypeTest21$Bean1#0",
	"@value":{
		"item#1":{
			"id#2":101
		},
		"values#3":{
			"@type":"M#4",
			"@value":{
				{
					"@type":"com.alibaba.fastjson2.autoType.AutoTypeTest21$Item#5",
					"@value":{
						"#2":101
					}
				}:"101"
			}
		},
		"values2#6":{
			"@type":"#4",
			"@value":{
				{"$ref":"$.item"}:null
			}
		}
	}
}
{
	"@type":"com.alibaba.fastjson2.autoType.AutoTypeTest21$Bean1#0",
	"@value":{
		"item":{
			"id":101
		},
		"values":{
			"@type":"LM#1",
			"@value":{
				{
					"@type":"com.alibaba.fastjson2.autoType.AutoTypeTest21$Item#2",
					"@value":{
						"id":101
					}
				}:"101"
			}
		},
		"values2":{
			"@type":"#1",
			"@value":{
				{
					"@type":"#2",
					"@value":{
						"id":101
					}
				}:"101"
			}
		}
	}
}
{
	"@type":"com.alibaba.fastjson2.autoType.AutoTypeTest21$Bean2#0",
	"@value":{
		"item":{
			"id":101
		},
		"values":{
			"@type":"M#1",
			"@value":{
				{
					"@type":"com.alibaba.fastjson2.autoType.AutoTypeTest21$Item#2",
					"@value":{
						"id":101
					}
				}:"101"
			}
		},
		"values2":{
			"@type":"#1",
			"@value":{
				{"$ref":"$.item"}:null
			}
		}
	}
}
{
	"@type":"com.alibaba.fastjson2.autoType.AutoTypeTest16_pairKey$Bean#0",
	"@value":{
		"map":{
			"@type":"M#1",
			"@value":{
				{
					"@type":"org.apache.commons.lang3.tuple.MutablePair#2",
					"@value":{
						"left":1,
						"right":2
					}
				}:"12"
			}
		}
	}
}
{
	"@type":"com.alibaba.fastjson2.autoType.AutoTypeTest16_pairKey$Bean#0",
	"@value":{
		"map":{
			"@type":"M#1",
			"@value":{
				{
					"@type":"org.apache.commons.lang3.tuple.ImmutablePair#2",
					"@value":{
						"left":1,
						"right":2
					}
				}:"12"
			}
		}
	}
}
{
	"@type":"com.alibaba.fastjson2.autoType.AutoTypeTest43_dynamic$Model#0",
	"@value":{
		"id":102
	}
}
{
	"@type":"com.alibaba.fastjson2.autoType.AutoTypeTest29_Byte$Bean1#0",
	"@value":{
		"value":1
	}
}
{
	"@type":"com.alibaba.fastjson2.autoType.AutoTypeTest29_Byte$Bean2#0",
	"@value":{
		"value":1
	}
}
{
	"@type":"com.alibaba.fastjson2.autoType.AutoTypeTest29_Byte$Bean3#0",
	"@value":{
		"value":1
	}
}
{
	"@type":"LinkedList#0",
	"@value":[
		{
			"@type":"com.alibaba.fastjson2.autoType.AutoTypeTest32$Bean#1",
			"@value":{
				"items":{
					"@type":"#0",
					"@value":[
						{},
						{},
						{}
					]
				}
			}
		},
		{
			"@type":"#1",
			"@value":{
				"items":null
			}
		},
		{
			"@type":"#1",
			"@value":{
				"items":null
			}
		}
	]
}
{
	"@type":"LinkedList#0",
	"@value":[
		{
			"@type":"com.alibaba.fastjson2.autoType.AutoTypeTest32$Bean#1",
			"@value":{
				"items":{
					"@type":"#0",
					"@value":[
						{},
						{},
						{}
					]
				}
			}
		},
		{
			"@type":"#1",
			"@value":{
				"items":{
					"@type":"java.util.Collections$SingletonList#2",
					"@value":[
						{}
					]
				}
			}
		},
		{
			"@type":"#1",
			"@value":{
				"items":null
			}
		}
	]
}
{
	"@type":"com.alibaba.fastjson2.autoType.AutoTypeTest22$Bean1#0",
	"@value":{
		"item":{
			"@type":"com.alibaba.fastjson2.autoType.AutoTypeTest22$XItem#1",
			"@value":{
				"id":101
			}
		},
		"item1":{"$ref":"$.item"}
	}
}
{
	"@type":"com.alibaba.fastjson2.autoType.AutoTypeTest9$Bean4#0",
	"@value":{
		"values":[
			{
				"@type":"LM#1",
				"@value":{}
			}
		]
	}
}
{
	"@type":"com.alibaba.fastjson2.autoType.AutoTypeTest9$Bean#0",
	"@value":{
		"values":[]
	}
}
{
	"@type":"com.alibaba.fastjson2.autoType.AutoTypeTest9$Bean2#0",
	"@value":{
		"values":[1]
	}
}
{
	"@type":"com.alibaba.fastjson2.autoType.AutoTypeTest9$Bean3#0",
	"@value":{
		"values":{
			"@type":"JO1#1",
			"@value":{
				"set":{
					"@type":"HashSet#2",
					"@value":[]
				}
			}
		}
	}
}
{
	"@type":"com.alibaba.fastjson2.autoType.AutoTypeTest9$Bean4#0",
	"@value":{
		"values":[
			{
				"@type":"JO1#1",
				"@value":{}
			}
		]
	}
}
{
	"@type":"com.alibaba.fastjson2.autoType.AutoTypeTest9$Bean5#0",
	"@value":{
		"values":{
			"data":{
				"@type":"A#1",
				"@value":[
					{
						"@type":"JO1#2",
						"@value":{}
					}
				]
			}
		}
	}
}
{
	"@type":"com.alibaba.fastjson2.autoType.AutoTypeTest39_ListStr$Bean#0",
	"@value":{
		"items":{
			"@type":"LinkedList#1",
			"@value":[
				"abcde",
				"abcde"
			]
		}
	}
}
{
	"@type":"com.alibaba.fastjson2.autoType.AutoTypeTest39_ListStr$Bean#0",
	"@value":{
		"items":{
			"@type":"java.util.Collections$SingletonList#1",
			"@value":["abc"]
		}
	}
}
{
	"@type":"com.alibaba.fastjson2.autoType.AutoTypeTest39_ListStr$Bean#0",
	"@value":{
		"items":{
			"@type":"java.util.Collections$SingletonList#1",
			"@value":["abc"]
		}
	}
}
{
	"@type":"com.alibaba.fastjson2.autoType.AutoTypeTest39_ListStr$Bean#0",
	"@value":{
		"items":{
			"@type":"java.util.Arrays$ArrayList#1",
			"@value":["abc"]
		}
	}
}
{
	"@type":"com.alibaba.fastjson2.autoType.AutoTypeTest39_ListStr$Bean#0",
	"@value":{
		"items":{
			"@type":"LinkedList#1",
			"@value":["abc"]
		}
	}
}
{
	"@type":"[Long#0",
	"@value":[101]
}
{
	"@type":"[UUID#0",
	"@value":[
		[
			-65,
			120,
			118,
			-88,
			-36,
			-96,
			68,
			-71,
			-69,
			-109,
			125,
			123,
			-112,
			-18,
			-59,
			-43
		]
	]
}
{
	"@type":"[String#0",
	"@value":["101"]
}
{
	"@type":"[BigDecimal#0",
	"@value":[
		101
	]
}
{
	"@type":"[BigInteger#0",
	"@value":[101]
}
{
	"@type":"com.alibaba.fastjson2.autoType.AutoTypeTest31_array$BeanLong64Array#0",
	"@value":{
		"values":[101]
	}
}
{
	"@type":"[J#0",
	"@value":[101]
}
{
	"@type":"com.alibaba.fastjson2.autoType.AutoTypeTest31_array$BeanInteger64Array#0",
	"@value":{
		"values":[101]
	}
}
{
	"@type":"List#0",
	"@value":[101]
}
{
	"@type":"Set#0",
	"@value":["a"]
}
{
	"@type":"List#0",
	"@value":[101]
}
{
	"@type":"Set#0",
	"@value":["a"]
}
{
	"@type":"Set#0",
	"@value":["a"]
}
{
	"@type":"List#0",
	"@value":[101]
}
{
	"@type":"List#0",
	"@value":[101]
}
{
	"@type":"List#0",
	"@value":[101]
}
{
	"@type":"Set#0",
	"@value":["a"]
}
{
	"@type":"Set#0",
	"@value":["a"]
}
{
	"@type":"com.alibaba.fastjson2.autoType.AutoTypeTest18$Bean1#0",
	"@value":{
		"values":{
			"@type":"LinkedList#1",
			"@value":[
				{
					"@type":"com.alibaba.fastjson2.autoType.AutoTypeTest18$XItem#2",
					"@value":{}
				},
				{
					"@type":"com.alibaba.fastjson2.autoType.AutoTypeTest18$YItem#3",
					"@value":{}
				}
			]
		}
	}
}
{
	"@type":"com.alibaba.fastjson2.autoType.AutoTypeTest18$Bean2#0",
	"@value":{
		"values":{
			"@type":"LinkedHashSet#1",
			"@value":[
				{
					"@type":"com.alibaba.fastjson2.autoType.AutoTypeTest18$XItem#2",
					"@value":{}
				},
				{
					"@type":"com.alibaba.fastjson2.autoType.AutoTypeTest18$YItem#3",
					"@value":{}
				},
				{
					"@type":"com.alibaba.fastjson2.autoType.AutoTypeTest18$ZEnum#4",
					"@value":"A"
				}
			]
		}
	}
}
{
	"@type":"LinkedList#0",
	"@value":[
		{
			"@type":"com.alibaba.fastjson2.autoType.AutoTypeTest33$Bean#1",
			"@value":{
				"items":{
					"@type":"#0",
					"@value":[
						{
							"@type":"com.alibaba.fastjson2.autoType.AutoTypeTest33$Item#2",
							"@value":{}
						},
						{
							"@type":"#2",
							"@value":{}
						},
						{
							"@type":"#2",
							"@value":{}
						}
					]
				}
			}
		},
		{
			"@type":"#1",
			"@value":{
				"items":null
			}
		},
		{
			"@type":"#1",
			"@value":{
				"items":null
			}
		}
	]
}
{
	"@type":"LinkedList#0",
	"@value":[
		{
			"@type":"com.alibaba.fastjson2.autoType.AutoTypeTest33$Bean#1",
			"@value":{
				"items":{
					"@type":"#0",
					"@value":[
						{
							"@type":"com.alibaba.fastjson2.autoType.AutoTypeTest33$Item#2",
							"@value":{}
						},
						{
							"@type":"#2",
							"@value":{}
						},
						{
							"@type":"#2",
							"@value":{}
						}
					]
				}
			}
		},
		{
			"@type":"#1",
			"@value":{
				"items":{
					"@type":"java.util.Collections$SingletonList#3",
					"@value":[
						{
							"@type":"#2",
							"@value":{}
						}
					]
				}
			}
		},
		{
			"@type":"#1",
			"@value":{
				"items":null
			}
		}
	]
}
{
	"@type":"LinkedList#0",
	"@value":[
		{
			"@type":"com.alibaba.fastjson2.autoType.AutoTypeTest33$Bean#1",
			"@value":{
				"items":{
					"@type":"#0",
					"@value":[
						{
							"@type":"com.alibaba.fastjson2.autoType.AutoTypeTest33$Item#2",
							"@value":{}
						},
						{
							"@type":"#2",
							"@value":{}
						},
						{
							"@type":"#2",
							"@value":{}
						}
					]
				}
			}
		},
		{
			"@type":"#1",
			"@value":{
				"items":{
					"@type":"java.util.Collections$SingletonSet#3",
					"@value":[
						{}
					]
				}
			}
		},
		{
			"@type":"#1",
			"@value":{
				"items":null
			}
		}
	]
}
{
	"@type":"com.alibaba.fastjson2.autoType.AutoTypeTest26$Bean1#0",
	"@value":{
		"items":{
			"@type":"java.util.Collections$UnmodifiableMap#1",
			"@value":{}
		}
	}
}
{
	"@type":"com.alibaba.fastjson2.autoType.AutoTypeTest26$Bean1#0",
	"@value":{
		"items":{
			"@type":"java.util.Collections$UnmodifiableSortedMap#1",
			"@value":{}
		}
	}
}
{
	"@type":"com.alibaba.fastjson2.autoType.AutoTypeTest26$Bean1#0",
	"@value":{
		"items":{
			"@type":"java.util.Collections$UnmodifiableNavigableMap#1",
			"@value":{}
		}
	}
}
{
	"@type":"com.alibaba.fastjson2.autoType.AutoTypeTest26$Bean1#0",
	"@value":{
		"items":{
			"@type":"com.google.common.collect.RegularImmutableMap#1",
			"@value":{}
		}
	}
}
{
	"@type":"com.alibaba.fastjson2.autoType.AutoTypeTest26$Bean1#0",
	"@value":{
		"items":{
			"@type":"java.util.Collections$UnmodifiableNavigableMap$EmptyNavigableMap#1",
			"@value":{}
		}
	}
}
{
	"@type":"com.alibaba.fastjson2.autoType.AutoTypeTest26$Bean1#0",
	"@value":{
		"items":{
			"@type":"EmptyMap#1",
			"@value":{}
		}
	}
}
{
	"@type":"com.alibaba.fastjson2.autoType.AutoTypeTest26$Bean1#0",
	"@value":{
		"items":{
			"@type":"java.util.Collections$UnmodifiableNavigableMap$EmptyNavigableMap#1",
			"@value":{}
		}
	}
}
{
	"@type":"com.alibaba.fastjson2.autoType.AutoTypeTest26$Bean1#0",
	"@value":{
		"items":{
			"@type":"com.google.common.collect.SingletonImmutableBiMap#1",
			"@value":{
				"a":0
			}
		}
	}
}
{
	"@type":"com.alibaba.fastjson2.autoType.AutoTypeTest26$Bean1#0",
	"@value":{
		"items":{
			"@type":"java.util.Collections$SingletonMap#1",
			"@value":{
				"a":1
			}
		}
	}
}
{
	"@type":"com.alibaba.fastjson2.autoType.AutoTypeTest23$Bean1#0",
	"@value":{
		"items":{
			"@type":"[com.alibaba.fastjson2.autoType.AutoTypeTest23$XItem#1",
			"@value":[]
		},
		"items1":{"$ref":"$.items"}
	}
}
{
	"@type":"com.alibaba.fastjson2.autoType.AutoTypeTest23$Bean2#0",
	"@value":{
		"items":[
			"a",
			"b"
		],
		"items1":{"$ref":"$.items"}
	}
}
{
	"@type":"com.alibaba.fastjson2.autoType.AutoTypeFilterTest1$RpcException#0",
	"@value":{
		"stackTrace#1":[],
		"suppressedExceptions#2":{
			"@type":"java.util.Collections$EmptyList#3",
			"@value":[]
		}
	}
}
{
	"@type":"com.alibaba.fastjson2.autoType.AutoTypeTest28_Short$Bean1#0",
	"@value":{
		"value":1
	}
}
{
	"@type":"com.alibaba.fastjson2.autoType.AutoTypeTest28_Short$Bean2#0",
	"@value":{
		"value":1
	}
}
{
	"@type":"com.alibaba.fastjson2.autoType.AutoTypeTest28_Short$Bean3#0",
	"@value":{
		"value":1
	}
}
{
	"@type":"com.alibaba.fastjson2.autoType.AutoTypeTest17$Bean2#0",
	"@value":{
		"values":[
			{
				"@type":"com.alibaba.fastjson2.autoType.AutoTypeTest17$XItem#1",
				"@value":{}
			},
			{
				"@type":"com.alibaba.fastjson2.autoType.AutoTypeTest17$Item#2",
				"@value":{}
			}
		]
	}
}
{
	"@type":"com.alibaba.fastjson2.autoType.AutoTypeTest17$Bean3#0",
	"@value":{
		"values":[
			{
				"@type":"com.alibaba.fastjson2.autoType.AutoTypeTest17$XItem#1",
				"@value":{}
			},
			{}
		]
	}
}
{
	"@type":"com.alibaba.fastjson2.autoType.AutoTypeTest17$Bean4#0",
	"@value":{
		"values":{
			"@type":"LM#1",
			"@value":{
				"0":{
					"@type":"com.alibaba.fastjson2.autoType.AutoTypeTest17$XItem#2",
					"@value":{}
				},
				"1":{}
			}
		}
	}
}
{
	"@type":"com.alibaba.fastjson2.autoType.AutoTypeTest17$Bean5#0",
	"@value":{
		"item":{}
	}
}
{
	"@type":"com.alibaba.fastjson2.autoType.AutoTypeTest17$Bean5#0",
	"@value":{
		"item":{
			"@type":"com.alibaba.fastjson2.autoType.AutoTypeTest17$XItem#1",
			"@value":{}
		}
	}
}
{
	"@type":"com.alibaba.fastjson2.autoType.AutoTypeTest17$Bean6#0",
	"@value":{
		"values":{
			"0":{
				"@type":"com.alibaba.fastjson2.autoType.AutoTypeTest17$XItem#1",
				"@value":{}
			},
			"1":{}
		}
	}
}
{
	"@type":"com.alibaba.fastjson2.autoType.AutoTypeTest17$Bean8#0",
	"@value":{
		"values":{
			"@type":"LM#1",
			"@value":{
				0:{
					"@type":"com.alibaba.fastjson2.autoType.AutoTypeTest17$XItem#2",
					"@value":{}
				},
				1:{}
			}
		}
	}
}
{
	"@type":"LM#0",
	"@value":{
		{
			"@type":"java.lang.Class#1",
			"@value":"java.lang.String"
		}:"S"
	}
}
{
	{
		"@type":"HashSet#0",
		"@value":[]
	}:"A",
	{
		"@type":"EmptyMap#1",
		"@value":{}
	}:"C",
	{
		{}:"D"
	}:"E"
}
{
	"@type":"com.alibaba.fastjson2.autoType.AutoTypeTest34_ListStr$Bean#0",
	"@value":{
		"items":{
			"@type":"LinkedList#1",
			"@value":[
				"abcde",
				"abcde"
			]
		}
	}
}
{
	"@type":"com.alibaba.fastjson2.autoType.AutoTypeTest34_ListStr$Bean#0",
	"@value":{
		"items":{
			"@type":"java.util.Collections$SingletonList#1",
			"@value":["abc"]
		}
	}
}
{
	"@type":"com.alibaba.fastjson2.autoType.AutoTypeTest34_ListStr$Bean#0",
	"@value":{
		"items":{
			"@type":"java.util.Collections$SingletonSet#1",
			"@value":["abc"]
		}
	}
}
{
	"@type":"com.alibaba.fastjson2.autoType.AutoTypeTest34_ListStr$Bean#0",
	"@value":{
		"items":{
			"@type":"java.util.Arrays$ArrayList#1",
			"@value":["abc"]
		}
	}
}
{
	"@type":"com.alibaba.fastjson2.autoType.AutoTypeTest34_ListStr$Bean#0",
	"@value":{
		"items":{
			"@type":"java.util.Collections$UnmodifiableCollection#1",
			"@value":["abc"]
		}
	}
}
{
	"@type":"com.alibaba.fastjson2.autoType.AutoTypeTest38_DupType$Bean#0",
	"@value":{
		"first":{
			"@type":"com.alibaba.fastjson2.autoType.AutoTypeTest38_DupType$Item#1",
			"@value":{
				"id":101,
				"name":"DataWorks"
			}
		},
		"second":{
			"@type":"#1",
			"@value":{
				"id":102,
				"name":"MaxCompute"
			}
		},
		"third":{
			"@type":"#1",
			"@value":{
				"id":102,
				"name":"EMR"
			}
		}
	}
}
{
	"@type":"com.alibaba.fastjson2.autoType.AutoTypeTest46_Pair$Bean#0",
	"@value":{
		"pair1#1":{
			"@type":"org.apache.commons.lang3.tuple.ImmutablePair#2",
			"@value":{
				"left#3":"101",
				"right#4":true
			}
		},
		"pair2#5":{
			"@type":"#2",
			"@value":{
				"#3":"102",
				"#4":true
			}
		}
	}
}
{
	"@type":"com.alibaba.fastjson2.autoType.AutoTypeTest36_SetLong$Bean#0",
	"@value":{
		"values":[100],
		"values1":[100]
	}
}
[
	{
		"@type":"com.alibaba.fastjson2.autoType.AutoTypeTest36_SetLong$Bean2#0",
		"@value":{
			"values":[100]
		}
	},
	{
		"@type":"#0",
		"@value":{
			"values":[200]
		}
	},
	{
		"@type":"#0",
		"@value":{
			"values":[300]
		}
	}
]
{
	"@type":"com.alibaba.fastjson2.autoType.AutoTypeTest36_SetLong$Bean2#0",
	"@value":{
		"values":[100]
	}
}
{
	"@type":"com.alibaba.fastjson2.autoType.AutoTypeTest36_MapAtomicLong$Bean#0",
	"@value":{
		"map":{
			"123":{
				"@type":"AtomicLong#1",
				"@value":123
			}
		}
	}
}
{
	"@type":"com.alibaba.fastjson2.autoType.AutoTypeTest36_MapAtomicLong$Bean#0",
	"@value":{
		"map":{
			"123":{
				"@type":"AtomicInteger#1",
				"@value":123
			}
		}
	}
}
{
	"@type":"com.google.common.collect.AbstractMapBasedMultimap$RandomAccessWrappedList#0",
	"@value":[
		101,
		102,
		101
	]
}
{
	"@type":"com.google.common.collect.AbstractMapBasedMultimap$WrappedSet#0",
	"@value":{
		"ancestor":null,
		"ancestorDelegate":null,
		"delegate":{
			"@type":"HashSet#1",
			"@value":[
				101,
				102
			]
		},
		"key":"a",
		"this$0":{
			"@type":"com.google.common.collect.HashMultimap#2",
			"@value":{
				"a":{
					"@type":"#0",
					"@value":{
						"ancestor":null,
						"ancestorDelegate":null,
						"delegate":{"$ref":"$.delegate"},
						"key":"a",
						"this$0":{"$ref":"$.this$0"}
					}
				}
			}
		}
	}
}
{
	"@type":"com.alibaba.fastjson2.autoType.AutoTypeTest27$Bean1#0",
	"@value":{
		"items":{
			"@type":"java.util.Arrays$ArrayList#1",
			"@value":[
				0,
				1,
				2,
				3
			]
		}
	}
}
{
	"@type":"com.alibaba.fastjson2.autoType.AutoTypeTest27$Bean1#0",
	"@value":{
		"items":{
			"@type":"java.util.Collections$EmptySet#1",
			"@value":[]
		}
	}
}
{
	"@type":"com.alibaba.fastjson2.autoType.AutoTypeTest27$Bean1#0",
	"@value":{
		"items":{
			"@type":"java.util.Collections$UnmodifiableCollection#1",
			"@value":[]
		}
	}
}
{
	"@type":"com.alibaba.fastjson2.autoType.AutoTypeTest27$Bean1#0",
	"@value":{
		"items":{
			"@type":"java.util.AbstractList$SubList#1",
			"@value":[0]
		}
	}
}
{
	"@type":"com.alibaba.fastjson2.autoType.AutoTypeTest27$Bean1#0",
	"@value":{
		"items":{
			"@type":"A#1",
			"@value":[0]
		}
	}
}
{
	"@type":"com.alibaba.fastjson2.autoType.AutoTypeTest27$Bean1#0",
	"@value":{
		"items":{
			"@type":"java.util.Collections$UnmodifiableSortedSet#1",
			"@value":["A"]
		}
	}
}
{
	"@type":"com.alibaba.fastjson2.autoType.AutoTypeTest27$Bean1#0",
	"@value":{
		"items":{
			"@type":"java.util.Collections$UnmodifiableNavigableSet#1",
			"@value":["A"]
		}
	}
}
{
	"@type":"com.alibaba.fastjson2.autoType.AutoTypeTest27$Bean1#0",
	"@value":{
		"items":{
			"@type":"java.util.Collections$SingletonSet#1",
			"@value":["1"]
		}
	}
}
{
	"@type":"com.alibaba.fastjson2.autoType.AutoTypeTest27$Bean1#0",
	"@value":{
		"items":{
			"@type":"java.util.Collections$UnmodifiableSet#1",
			"@value":[]
		}
	}
}
{
	"@type":"com.alibaba.fastjson2.autoType.AutoTypeTest45_ListNullItem$Bean#0",
	"@value":{
		"items":[
			null,
			{}
		]
	}
}
diff type $.sesameBlock_1.fields.map, left class java.util.HashMap, right class com.alibaba.fastjson.JSONObject
diff JSONObject1 $.sesameBlock_1.fields
diff map $.sesameBlock_1, com.alibaba.fastjson.JSONObject
diff map $, com.alibaba.fastjson.JSONObject
{
	"@type":"[O#0",
	"@value":[
		{
			"@type":"TimeUnit#1",
			"@value":"DAYS"
		}
	]
}
{
	"a":{
		"@type":"com.alibaba.fastjson2.autoType.AutoTypeTest37_MapBean$Item#0",
		"@value":{
			"child":null,
			"id":101
		}
	},
	"b":{
		"@type":"#0",
		"@value":{
			"child":null,
			"id":102
		}
	},
	"c":{
		"@type":"#0",
		"@value":{
			"child":{},
			"id":103
		}
	}
}
{
	"@type":"com.alibaba.fastjson2.autoType.AutoTypeTest19$Bean2#0",
	"@value":{
		"values":{
			"@type":"LinkedList#1",
			"@value":[
				{
					"@type":"com.alibaba.fastjson2.autoType.AutoTypeTest19$XItem2#2",
					"@value":{
						"id":0,
						"value":0
					}
				},
				{
					"@type":"#2",
					"@value":{
						"id":0,
						"value":0
					}
				},
				{
					"@type":"#2",
					"@value":{
						"id":0,
						"value":0
					}
				}
			]
		}
	}
}
{
	"@type":"com.alibaba.fastjson2.autoType.AutoTypeTest19$Bean1#0",
	"@value":{
		"f1":false,
		"id":123,
		"v1":0,
		"values":{
			"@type":"LinkedList#1",
			"@value":[
				{
					"key":"101",
					"value":1
				},
				{
					"gmtCreate":1791304875495,
					"key":"102",
					"value":2
				},
				{
					"gmtCreate":1791304875495,
					"key":"103",
					"value":"3"
				}
			]
		}
	}
}
{
	"@type":"com.alibaba.fastjson2.autoType.AutoTypeTest19$Bean2#0",
	"@value":{
		"values":{
			"@type":"LinkedList#1",
			"@value":[
				{
					"@type":"com.alibaba.fastjson2.autoType.AutoTypeTest19$XItem2#2",
					"@value":{
						"id":0,
						"value":0
					}
				}
			]
		}
	}
}
{
	"@type":"com.alibaba.fastjson2.autoType.AutoTypeTest25$Bean1#0",
	"@value":{
		"items":{
			"@type":"TreeMap#1",
			"@value":{
				"a":{
					"a1":null,
					"child":null,
					"chilren":null
				}
			}
		}
	}
}
{
	"@type":"com.alibaba.fastjson2.autoType.AutoTypeTest44_customList$1#0",
	"@value":[101]
}
{
	"@type":"com.alibaba.fastjson2.autoType.AutoTypeTest44_customList$2#0",
	"@value":[101]
}
{
	"@type":"M#0",
	"@value":{
		"a":101
	}
}
{
	"@type":"com.alibaba.fastjson2.autoType.AutoTypeTest24$Bean1#0",
	"@value":{
		"items":[
			"1",
			"2"
		]
	}
}
{
	"@type":"com.alibaba.fastjson2.autoType.AutoTypeTest16_enums$Bean1#0",
	"@value":{
		"values":{
			"@type":"LinkedList#1",
			"@value":[
				"DAYS",
				"SECONDS",
				"DAYS"
			]
		}
	}
}
{
	"@type":"com.alibaba.fastjson2.autoType.AutoTypeTest16_enums$Bean2#0",
	"@value":{
		"values":{
			"@type":"LinkedList#1",
			"@value":[
				{
					"children":{
						"@type":"A#2",
						"@value":[
							{
								"id":11
							},
							{
								"id":12
							}
						]
					}
				},
				{
					"children":{
						"@type":"#2",
						"@value":[
							{
								"id":21
							},
							{
								"id":22
							}
						]
					}
				}
			]
		}
	}
}
{
	"@type":"com.alibaba.fastjson2.autoType.AutoTypeTest36_MapLong$Bean#0",
	"@value":{
		"values":{
			"abc":100
		}
	}
}
{
	"@type":"com.alibaba.fastjson2.autoType.AutoTypeTest40_listBeanMap$Bean#0",
	"@value":{
		"items":[
			{
				"@type":"M#1",
				"@value":{}
			}
		]
	}
}
{
	"@type":"com.alibaba.fastjson2.autoType.AutoTypeTest40_listBeanMap$Bean2#0",
	"@value":{
		"items":{
			"a":{
				"@type":"M#1",
				"@value":{}
			}
		}
	}
}
{
	"@type":"com.alibaba.fastjson2.autoType.AutoTypeTest8$Bean#0",
	"@value":{
		"values":{
			"@type":"[com.alibaba.fastjson2.autoType.AutoTypeTest8$A1#1",
			"@value":[
				{}
			]
		}
	}
}
[{}]
[{}]
{
	"@type":"com.alibaba.fastjson2.autoType.AutoTypeTest8$ListBean#0",
	"@value":{
		"values":{
			"@type":"LinkedList#1",
			"@value":[
				{
					"@type":"com.alibaba.fastjson2.autoType.AutoTypeTest8$A#2",
					"@value":{}
				}
			]
		}
	}
}
{
	"@type":"com.alibaba.fastjson2.autoType.AutoTypeTest8$ListBean2#0",
	"@value":{
		"values":[
			{
				"@type":"com.alibaba.fastjson2.autoType.AutoTypeTest8$A#1",
				"@value":{}
			}
		]
	}
}
{
	"@type":"com.alibaba.fastjson2.autoType.AutoTypeTest30$Bean1#0",
	"@value":{
		"items":["101"]
	}
}
{
	"@type":"com.alibaba.fastjson2.autoType.AutoTypeTest30$Bean2#0",
	"@value":{
		"value":"1001"
	}
}
[
	{
		"@type":"com.alibaba.fastjson2.autoType.AutoTypeTest30$Bean1#0",
		"@value":{
			"items":["101"]
		}
	},
	{
		"@type":"#0",
		"@value":{
			"items":["102"]
		}
	},
	{
		"@type":"#0",
		"@value":{
			"items":["103"]
		}
	}
]
{"name":123456789,"id":"abc"}
[
	{
		"name":"id",
		"inferSQLType":"STRING",
		"inferType":"java.lang.String",
		"integers":7702,
		"numbers":7702,
		"precision":10,
		"values":15404
	},
	{
		"name":"type",
		"inferSQLType":"STRING",
		"inferType":"java.lang.String",
		"precision":29,
		"values":15404
	},
	{
		"name":"actor",
		"inferSQLType":"STRING",
		"inferType":"java.util.Map",
		"maps":7702,
		"values":7702
	},
	{
		"name":"actor.id",
		"inferSQLType":"INT",
		"inferType":"java.lang.Integer",
		"integers":7702,
		"numbers":7702,
		"values":7702
	},
	{
		"name":"actor.login",
		"inferSQLType":"STRING",
		"inferType":"java.lang.String",
		"integers":3,
		"numbers":3,
		"precision":27,
		"values":15404
	},
	{
		"name":"actor.gravatar_id",
		"inferSQLType":"STRING",
		"inferType":"java.lang.String",
		"nulls":7702,
		"values":15404
	},
	{
		"name":"actor.url",
		"inferSQLType":"STRING",
		"inferType":"java.lang.String",
		"precision":56,
		"values":15404
	},
	{
		"name":"actor.avatar_url",
		"inferSQLType":"STRING",
		"inferType":"java.lang.String",
		"precision":49,
		"values":15404
	},
	{
		"name":"repo",
		"inferSQLType":"STRING",
		"inferType":"java.util.Map",
		"maps":7702,
		"values":7702
	},
	{
		"name":"repo.id",
		"inferSQLType":"INT",
		"inferType":"java.lang.Integer",
		"integers":7702,
		"numbers":7702,
		"values":7702
	},
	{
		"name":"repo.name",
		"errors":64,
		"inferSQLType":"STRING",
		"inferType":"java.lang.String",
		"precision":54,
		"values":15404
	},
	{
		"name":"repo.url",
		"inferSQLType":"STRING",
		"inferType":"java.lang.String",
		"precision":83,
		"values":15404
	},
	{
		"name":"payload",
		"inferSQLType":"STRING",
		"inferType":"java.util.Map",
		"maps":7702,
		"values":7702
	},
	{
		"name":"payload.push_id",
		"inferSQLType":"INT",
		"inferType":"java.lang.Integer",
		"integers":4280,
		"numbers":4280,
		"values":4280
	},
	{
		"name":"payload.size",
		"inferSQLType":"INT",
		"inferType":"java.lang.Integer",
		"integers":4280,
		"numbers":4280,
		"values":4280
	},
	{
		"name":"payload.distinct_size",
		"inferSQLType":"INT",
		"inferType":"java.lang.Integer",
		"integers":4280,
		"numbers":4280,
		"values":4280
	},
	{
		"name":"payload.ref",
		"errors":192,
		"inferSQLType":"STRING",
		"inferType":"java.lang.String",
		"integers":1,
		"nulls":290,
		"numbers":10,
		"precision":250,
		"scale":4,
		"values":9892
	},
	{
		"name":"payload.head",
		"inferSQLType":"STRING",
		"inferType":"java.lang.String",
		"precision":40,
		"values":8560
	},
	{
		"name":"payload.before",
		"inferSQLType":"STRING",
		"inferType":"java.lang.String",
		"precision":40,
		"values":8560
	},
	{
		"name":"payload.commits",
		"arrays":4280,
		"inferSQLType":"STRING",
		"inferType":"java.util.Collection",
		"maps":5706,
		"values":9986
	},
	{
		"name":"payload.commits[0].sha",
		"inferSQLType":"STRING",
		"inferType":"java.lang.String",
		"precision":40,
		"values":8270
	},
	{
		"name":"payload.commits[0].author",
		"inferSQLType":"STRING",
		"inferType":"java.util.Map",
		"maps":4135,
		"values":4135
	},
	{
		"name":"payload.commits[0].author.email",
		"inferSQLType":"STRING",
		"inferType":"java.lang.String",
		"precision":77,
		"values":8270
	},
	{
		"name":"payload.commits[0].author.name",
		"inferSQLType":"STRING",
		"inferType":"java.lang.String",
		"integers":1,
		"nonAsciiStrings":83,
		"numbers":1,
		"precision":35,
		"values":8270
	},
	{
		"name":"payload.commits[0].message",
		"dates":2,
		"errors":26,
		"inferSQLType":"STRING",
		"inferType":"java.lang.String",
		"integers":19,
		"nonAsciiStrings":64,
		"nulls":6,
		"numbers":20,
		"precision":3949,
		"scale":2,
		"values":8270
	},
	{
		"name":"payload.commits[0].distinct",
		"booleans":4135,
		"inferSQLType":"STRING",
		"inferType":"java.lang.Boolean",
		"values":4135
	},
	{
		"name":"payload.commits[0].url",
		"inferSQLType":"STRING",
		"inferType":"java.lang.String",
		"precision":132,
		"values":8270
	},
	{
		"name":"public",
		"booleans":7702,
		"inferSQLType":"STRING",
		"inferType":"java.lang.Boolean",
		"values":7702
	},
	{
		"name":"created_at",
		"dates":7702,
		"inferSQLType":"STRING",
		"inferType":"java.lang.String",
		"values":15404
	},
	{
		"name":"payload.ref_type",
		"inferSQLType":"STRING",
		"inferType":"java.lang.String",
		"precision":10,
		"values":1912
	},
	{
		"name":"payload.master_branch",
		"inferSQLType":"STRING",
		"inferType":"java.lang.String",
		"precision":13,
		"values":1630
	},
	{
		"name":"payload.description",
		"inferSQLType":"STRING",
		"inferType":"java.lang.String",
		"integers":4,
		"nonAsciiStrings":20,
		"nulls":256,
		"numbers":4,
		"precision":469,
		"values":1576
	},
	{
		"name":"payload.pusher_type",
		"inferSQLType":"STRING",
		"inferType":"java.lang.String",
		"precision":4,
		"values":1912
	},
	{
		"name":"payload.commits[1].sha",
		"inferSQLType":"STRING",
		"inferType":"java.lang.String",
		"precision":40,
		"values":1462
	},
	{
		"name":"payload.commits[1].author",
		"inferSQLType":"STRING",
		"inferType":"java.util.Map",
		"maps":731,
		"values":731
	},
	{
		"name":"payload.commits[1].author.email",
		"inferSQLType":"STRING",
		"inferType":"java.lang.String",
		"precision":77,
		"values":1462
	},
	{
		"name":"payload.commits[1].author.name",
		"inferSQLType":"STRING",
		"inferType":"java.lang.String",
		"nonAsciiStrings":9,
		"precision":30,
		"values":1462
	},
	{
		"name":"payload.commits[1].message",
		"errors":3,
		"inferSQLType":"STRING",
		"inferType":"java.lang.String",
		"nonAsciiStrings":6,
		"numbers":2,
		"precision":2336,
		"scale":4,
		"values":1462
	},
	{
		"name":"payload.commits[1].distinct",
		"booleans":731,
		"inferSQLType":"STRING",
		"inferType":"java.lang.Boolean",
		"values":731
	},
	{
		"name":"payload.commits[1].url",
		"inferSQLType":"STRING",
		"inferType":"java.lang.String",
		"precision":132,
		"values":1462
	},
	{
		"name":"payload.commits[2].sha",
		"inferSQLType":"STRING",
		"inferType":"java.lang.String",
		"precision":40,
		"values":640
	},
	{
		"name":"payload.commits[2].author",
		"inferSQLType":"STRING",
		"inferType":"java.util.Map",
		"maps":320,
		"values":320
	},
	{
		"name":"payload.commits[2].author.email",
		"inferSQLType":"STRING",
		"inferType":"java.lang.String",
		"precision":77,
		"values":640
	},
	{
		"name":"payload.commits[2].author.name",
		"inferSQLType":"STRING",
		"inferType":"java.lang.String",
		"nonAsciiStrings":4,
		"precision":29,
		"values":640
	},
	{
		"name":"payload.commits[2].message",
		"inferSQLType":"STRING",
		"inferType":"java.lang.String",
		"nonAsciiStrings":3,
		"precision":1154,
		"values":640
	},
	{
		"name":"payload.commits[2].distinct",
		"booleans":320,
		"inferSQLType":"STRING",
		"inferType":"java.lang.Boolean",
		"values":320
	},
	{
		"name":"payload.commits[2].url",
		"inferSQLType":"STRING",
		"inferType":"java.lang.String",
		"precision":121,
		"values":640
	},
	{
		"name":"payload.commits[3].sha",
		"inferSQLType":"STRING",
		"inferType":"java.lang.String",
		"precision":40,
		"values":354
	},
	{
		"name":"payload.commits[3].author",
		"inferSQLType":"STRING",
		"inferType":"java.util.Map",
		"maps":177,
		"values":177
	},
	{
		"name":"payload.commits[3].author.email",
		"inferSQLType":"STRING",
		"inferType":"java.lang.String",
		"precision":75,
		"values":354
	},
	{
		"name":"payload.commits[3].author.name",
		"inferSQLType":"STRING",
		"inferType":"java.lang.String",
		"nonAsciiStrings":2,
		"precision":46,
		"values":354
	},
	{
		"name":"payload.commits[3].message",
		"inferSQLType":"STRING",
		"inferType":"java.lang.String",
		"nonAsciiStrings":3,
		"precision":492,
		"values":354
	},
	{
		"name":"payload.commits[3].distinct",
		"booleans":177,
		"inferSQLType":"STRING",
		"inferType":"java.lang.Boolean",
		"values":177
	},
	{
		"name":"payload.commits[3].url",
		"inferSQLType":"STRING",
		"inferType":"java.lang.String",
		"precision":121,
		"values":354
	},
	{
		"name":"payload.commits[4].sha",
		"inferSQLType":"STRING",
		"inferType":"java.lang.String",
		"precision":40,
		"values":238
	},
	{
		"name":"payload.commits[4].author",
		"inferSQLType":"STRING",
		"inferType":"java.util.Map",
		"maps":119,
		"values":119
	},
	{
		"name":"payload.commits[4].author.email",
		"inferSQLType":"STRING",
		"inferType":"java.lang.String",
		"precision":75,
		"values":238
	},
	{
		"name":"payload.commits[4].author.name",
		"inferSQLType":"STRING",
		"inferType":"java.lang.String",
		"nonAsciiStrings":2,
		"precision":29,
		"values":238
	},
	{
		"name":"payload.commits[4].message",
		"inferSQLType":"STRING",
		"inferType":"java.lang.String",
		"nonAsciiStrings":1,
		"precision":654,
		"values":238
	},
	{
		"name":"payload.commits[4].distinct",
		"booleans":119,
		"inferSQLType":"STRING",
		"inferType":"java.lang.Boolean",
		"values":119
	},
	{
		"name":"payload.commits[4].url",
		"inferSQLType":"STRING",
		"inferType":"java.lang.String",
		"precision":121,
		"values":238
	},
	{
		"name":"payload.commits[5].sha",
		"inferSQLType":"STRING",
		"inferType":"java.lang.String",
		"precision":40,
		"values":166
	},
	{
		"name":"payload.commits[5].author",
		"inferSQLType":"STRING",
		"inferType":"java.util.Map",
		"maps":83,
		"values":83
	},
	{
		"name":"payload.commits[5].author.email",
		"inferSQLType":"STRING",
		"inferType":"java.lang.String",
		"precision":75,
		"values":166
	},
	{
		"name":"payload.commits[5].author.name",
		"inferSQLType":"STRING",
		"inferType":"java.lang.String",
		"nonAsciiStrings":1,
		"precision":29,
		"values":166
	},
	{
		"name":"payload.commits[5].message",
		"inferSQLType":"STRING",
		"inferType":"java.lang.String",
		"nonAsciiStrings":1,
		"precision":1164,
		"values":166
	},
	{
		"name":"payload.commits[5].distinct",
		"booleans":83,
		"inferSQLType":"STRING",
		"inferType":"java.lang.Boolean",
		"values":83
	},
	{
		"name":"payload.commits[5].url",
		"inferSQLType":"STRING",
		"inferType":"java.lang.String",
		"precision":121,
		"values":166
	},
	{
		"name":"payload.commits[6].sha",
		"inferSQLType":"STRING",
		"inferType":"java.lang.String",
		"precision":40,
		"values":122
	},
	{
		"name":"payload.commits[6].author",
		"inferSQLType":"STRING",
		"inferType":"java.util.Map",
		"maps":61,
		"values":61
	},
	{
		"name":"payload.commits[6].author.email",
		"inferSQLType":"STRING",
		"inferType":"java.lang.String",
		"precision":75,
		"values":122
	},
	{
		"name":"payload.commits[6].author.name",
		"inferSQLType":"STRING",
		"inferType":"java.lang.String",
		"nonAsciiStrings":2,
		"precision":29,
		"values":122
	},
	{
		"name":"payload.commits[6].message",
		"inferSQLType":"STRING",
		"inferType":"java.lang.String",
		"nonAsciiStrings":1,
		"precision":525,
		"values":122
	},
	{
		"name":"payload.commits[6].distinct",
		"booleans":61,
		"inferSQLType":"STRING",
		"inferType":"java.lang.Boolean",
		"values":61
	},
	{
		"name":"payload.commits[6].url",
		"inferSQLType":"STRING",
		"inferType":"java.lang.String",
		"precision":121,
		"values":122
	},
	{
		"name":"payload.commits[7].sha",
		"inferSQLType":"STRING",
		"inferType":"java.lang.String",
		"precision":40,
		"values":82
	},
	{
		"name":"payload.commits[7].author",
		"inferSQLType":"STRING",
		"inferType":"java.util.Map",
		"maps":41,
		"values":41
	},
	{
		"name":"payload.commits[7].author.email",
		"inferSQLType":"STRING",
		"inferType":"java.lang.String",
		"precision":75,
		"values":82
	},
	{
		"name":"payload.commits[7].author.name",
		"inferSQLType":"STRING",
		"inferType":"java.lang.String",
		"precision":29,
		"values":82
	},
	{
		"name":"payload.commits[7].message",
		"inferSQLType":"STRING",
		"inferType":"java.lang.String",
		"nonAsciiStrings":1,
		"precision":458,
		"values":82
	},
	{
		"name":"payload.commits[7].distinct",
		"booleans":41,
		"inferSQLType":"STRING",
		"inferType":"java.lang.Boolean",
		"values":41
	},
	{
		"name":"payload.commits[7].url",
		"inferSQLType":"STRING",
		"inferType":"java.lang.String",
		"precision":121,
		"values":82
	},
	{
		"name":"org",
		"inferSQLType":"STRING",
		"inferType":"java.util.Map",
		"maps":2342,
		"values":2342
	},
	{
		"name":"org.id",
		"inferSQLType":"INT",
		"inferType":"java.lang.Integer",
		"integers":2342,
		"numbers":2342,
		"values":2342
	},
	{
		"name":"org.login",
		"errors":3,
		"inferSQLType":"STRING",
		"inferType":"java.lang.String",
		"precision":36,
		"values":4684
	},
	{
		"name":"org.gravatar_id",
		"inferSQLType":"STRING",
		"inferType":"java.lang.String",
		"nulls":2342,
		"values":4684
	},
	{
		"name":"org.url",
		"inferSQLType":"STRING",
		"inferType":"java.lang.String",
		"precision":64,
		"values":4684
	},
	{
		"name":"org.avatar_url",
		"inferSQLType":"STRING",
		"inferType":"java.lang.String",
		"precision":49,
		"values":4684
	},
	{
		"name":"payload.action",
		"inferSQLType":"STRING",
		"inferType":"java.lang.String",
		"precision":9,
		"values":4210
	},
	{
		"name":"payload.issue",
		"inferSQLType":"STRING",
		"inferType":"java.util.Map",
		"maps":1023,
		"values":1023
	},
	{
		"name":"payload.issue.url",
		"inferSQLType":"STRING",
		"inferType":"java.lang.String",
		"precision":82,
		"values":2046
	},
	{
		"name":"payload.issue.labels_url",
		"inferSQLType":"STRING",
		"inferType":"java.lang.String",
		"precision":96,
		"values":2046
	},
	{
		"name":"payload.issue.comments_url",
		"inferSQLType":"STRING",
		"inferType":"java.lang.String",
		"precision":91,
		"values":2046
	},
	{
		"name":"payload.issue.events_url",
		"inferSQLType":"STRING",
		"inferType":"java.lang.String",
		"precision":89,
		"values":2046
	},
	{
		"name":"payload.issue.html_url",
		"inferSQLType":"STRING",
		"inferType":"java.lang.String",
		"precision":71,
		"values":2046
	},
	{
		"name":"payload.issue.id",
		"inferSQLType":"INT",
		"inferType":"java.lang.Integer",
		"integers":1023,
		"numbers":1023,
		"values":1023
	},
	{
		"name":"payload.issue.number",
		"inferSQLType":"INT",
		"inferType":"java.lang.Integer",
		"integers":1023,
		"numbers":1023,
		"values":1023
	},
	{
		"name":"payload.issue.title",
		"inferSQLType":"STRING",
		"inferType":"java.lang.String",
		"nonAsciiStrings":16,
		"precision":135,
		"values":2046
	},
	{
		"name":"payload.issue.user",
		"inferSQLType":"STRING",
		"inferType":"java.util.Map",
		"maps":1023,
		"values":1023
	},
	{
		"name":"payload.issue.user.login",
		"inferSQLType":"STRING",
		"inferType":"java.lang.String",
		"precision":20,
		"values":2046
	},
	{
		"name":"payload.issue.user.id",
		"inferSQLType":"INT",
		"inferType":"java.lang.Integer",
		"integers":1023,
		"numbers":1023,
		"values":1023
	}
]
{"@type":"com.alibaba.fastjson2.issues_1900.Issue1945$B","aInstance":{"@type":"java.util.HashMap","test":"test"},"clazz":["java.lang.String"]}
{
	"id#0":"#0",
	"#0":"#0"
}
[
	{
		"@type":"vip.joinsun.dto.order.ThirdOrderResponseBO0#0",
		"@value":{}
	},
	{
		"@type":"vip.joinsun.dto.order.ThirdOrderResponseBO1#1",
		"@value":{}
	},
	{
		"@type":"vip.joinsun.dto.order.ThirdOrderResponseBO2#2",
		"@value":{}
	},
	{
		"@type":"vip.joinsun.dto.order.ThirdOrderResponseBO3#3",
		"@value":{}
	},
	{
		"@type":"vip.joinsun.dto.order.ThirdOrderResponseBO4#4",
		"@value":{}
	},
	{
		"@type":"vip.joinsun.dto.order.ThirdOrderResponseBO5#5",
		"@value":{}
	},
	{
		"@type":"vip.joinsun.dto.order.ThirdOrderResponseBO6#6",
		"@value":{}
	},
	{
		"@type":"vip.joinsun.dto.order.ThirdOrderResponseBO7#7",
		"@value":{}
	},
	{
		"@type":"vip.joinsun.dto.order.ThirdOrderResponseBO8#8",
		"@value":{}
	},
	{
		"@type":"vip.joinsun.dto.order.ThirdOrderResponseBO9#9",
		"@value":{}
	},
	{
		"@type":"vip.joinsun.dto.order.ThirdOrderResponseBO10#10",
		"@value":{}
	},
	{
		"@type":"vip.joinsun.dto.order.ThirdOrderResponseBO11#11",
		"@value":{}
	},
	{
		"@type":"vip.joinsun.dto.order.ThirdOrderResponseBO12#12",
		"@value":{}
	},
	{
		"@type":"vip.joinsun.dto.order.ThirdOrderResponseBO13#13",
		"@value":{}
	},
	{
		"@type":"vip.joinsun.dto.order.ThirdOrderResponseBO14#14",
		"@value":{}
	},
	{
		"@type":"vip.joinsun.dto.order.ThirdOrderResponseBO15#15",
		"@value":{}
	},
	{
		"@type":"vip.joinsun.dto.order.ThirdOrderResponseBO16#16",
		"@value":{}
	},
	{
		"@type":"vip.joinsun.dto.order.ThirdOrderResponseBO17#17",
		"@value":{}
	},
	{
		"@type":"vip.joinsun.dto.order.ThirdOrderResponseBO18#18",
		"@value":{}
	},
	{
		"@type":"vip.joinsun.dto.order.ThirdOrderResponseBO19#19",
		"@value":{}
	},
	{
		"@type":"vip.joinsun.dto.order.ThirdOrderResponseBO20#20",
		"@value":{}
	},
	{
		"@type":"vip.joinsun.dto.order.ThirdOrderResponseBO21#21",
		"@value":{}
	},
	{
		"@type":"vip.joinsun.dto.order.ThirdOrderResponseBO22#22",
		"@value":{}
	},
	{
		"@type":"vip.joinsun.dto.order.ThirdOrderResponseBO23#23",
		"@value":{}
	},
	{
		"@type":"vip.joinsun.dto.order.ThirdOrderResponseBO24#24",
		"@value":{}
	},
	{
		"@type":"vip.joinsun.dto.order.ThirdOrderResponseBO25#25",
		"@value":{}
	},
	{
		"@type":"vip.joinsun.dto.order.ThirdOrderResponseBO26#26",
		"@value":{}
	},
	{
		"@type":"vip.joinsun.dto.order.ThirdOrderResponseBO27#27",
		"@value":{}
	},
	{
		"@type":"vip.joinsun.dto.order.ThirdOrderResponseBO28#28",
		"@value":{}
	},
	{
		"@type":"vip.joinsun.dto.order.ThirdOrderResponseBO29#29",
		"@value":{}
	},
	{
		"@type":"vip.joinsun.dto.order.ThirdOrderResponseBO30#30",
		"@value":{}
	},
	{
		"@type":"vip.joinsun.dto.order.ThirdOrderResponseBO31#31",
		"@value":{}
	},
	{
		"@type":"vip.joinsun.dto.order.ThirdOrderResponseBO32#32",
		"@value":{}
	},
	{
		"@type":"vip.joinsun.dto.order.ThirdOrderResponseBO33#33",
		"@value":{}
	},
	{
		"@type":"vip.joinsun.dto.order.ThirdOrderResponseBO34#34",
		"@value":{}
	},
	{
		"@type":"vip.joinsun.dto.order.ThirdOrderResponseBO35#35",
		"@value":{}
	},
	{
		"@type":"vip.joinsun.dto.order.ThirdOrderResponseBO36#36",
		"@value":{}
	},
	{
		"@type":"vip.joinsun.dto.order.ThirdOrderResponseBO37#37",
		"@value":{}
	},
	{
		"@type":"vip.joinsun.dto.order.ThirdOrderResponseBO38#38",
		"@value":{}
	},
	{
		"@type":"vip.joinsun.dto.order.ThirdOrderResponseBO39#39",
		"@value":{}
	},
	{
		"@type":"vip.joinsun.dto.order.ThirdOrderResponseBO40#40",
		"@value":{}
	},
	{
		"@type":"vip.joinsun.dto.order.ThirdOrderResponseBO41#41",
		"@value":{}
	},
	{
		"@type":"vip.joinsun.dto.order.ThirdOrderResponseBO42#42",
		"@value":{}
	},
	{
		"@type":"vip.joinsun.dto.order.ThirdOrderResponseBO43#43",
		"@value":{}
	},
	{
		"@type":"vip.joinsun.dto.order.ThirdOrderResponseBO44#44",
		"@value":{}
	},
	{
		"@type":"vip.joinsun.dto.order.ThirdOrderResponseBO45#45",
		"@value":{}
	},
	{
		"@type":"vip.joinsun.dto.order.ThirdOrderResponseBO46#46",
		"@value":{}
	},
	{
		"@type":"vip.joinsun.dto.order.ThirdOrderResponseBO47#47",
		"@value":{}
	},
	{
		"@type":"vip.joinsun.dto.order.ThirdOrderResponseBO48#48",
		"@value":{}
	},
	{
		"@type":"vip.joinsun.dto.order.ThirdOrderResponseBO49#49",
		"@value":{}
	},
	{
		"@type":"vip.joinsun.dto.order.ThirdOrderResponseBO50#50",
		"@value":{}
	},
	{
		"@type":"vip.joinsun.dto.order.ThirdOrderResponseBO51#51",
		"@value":{}
	},
	{
		"@type":"vip.joinsun.dto.order.ThirdOrderResponseBO52#52",
		"@value":{}
	},
	{
		"@type":"vip.joinsun.dto.order.ThirdOrderResponseBO53#53",
		"@value":{}
	},
	{
		"@type":"vip.joinsun.dto.order.ThirdOrderResponseBO54#54",
		"@value":{}
	},
	{
		"@type":"vip.joinsun.dto.order.ThirdOrderResponseBO55#55",
		"@value":{}
	},
	{
		"@type":"vip.joinsun.dto.order.ThirdOrderResponseBO56#56",
		"@value":{}
	},
	{
		"@type":"vip.joinsun.dto.order.ThirdOrderResponseBO57#57",
		"@value":{}
	},
	{
		"@type":"vip.joinsun.dto.order.ThirdOrderResponseBO58#58",
		"@value":{}
	},
	{
		"@type":"vip.joinsun.dto.order.ThirdOrderResponseBO59#59",
		"@value":{}
	},
	{
		"@type":"vip.joinsun.dto.order.ThirdOrderResponseBO60#60",
		"@value":{}
	},
	{
		"@type":"vip.joinsun.dto.order.ThirdOrderResponseBO61#61",
		"@value":{}
	},
	{
		"@type":"vip.joinsun.dto.order.ThirdOrderResponseBO62#62",
		"@value":{}
	},
	{
		"@type":"vip.joinsun.dto.order.ThirdOrderResponseBO63#63",
		"@value":{}
	},
	{
		"@type":"vip.joinsun.dto.order.ThirdOrderResponseBO64#64",
		"@value":{}
	},
	{
		"@type":"vip.joinsun.dto.order.ThirdOrderResponseBO65#65",
		"@value":{}
	},
	{
		"@type":"vip.joinsun.dto.order.ThirdOrderResponseBO66#66",
		"@value":{}
	},
	{
		"@type":"vip.joinsun.dto.order.ThirdOrderResponseBO67#67",
		"@value":{}
	},
	{
		"@type":"vip.joinsun.dto.order.ThirdOrderResponseBO68#68",
		"@value":{}
	},
	{
		"@type":"vip.joinsun.dto.order.ThirdOrderResponseBO69#69",
		"@value":{}
	},
	{
		"@type":"vip.joinsun.dto.order.ThirdOrderResponseBO70#70",
		"@value":{}
	},
	{
		"@type":"vip.joinsun.dto.order.ThirdOrderResponseBO71#71",
		"@value":{}
	},
	{
		"@type":"vip.joinsun.dto.order.ThirdOrderResponseBO72#72",
		"@value":{}
	},
	{
		"@type":"vip.joinsun.dto.order.ThirdOrderResponseBO73#73",
		"@value":{}
	},
	{
		"@type":"vip.joinsun.dto.order.ThirdOrderResponseBO74#74",
		"@value":{}
	},
	{
		"@type":"vip.joinsun.dto.order.ThirdOrderResponseBO75#75",
		"@value":{}
	},
	{
		"@type":"vip.joinsun.dto.order.ThirdOrderResponseBO76#76",
		"@value":{}
	},
	{
		"@type":"vip.joinsun.dto.order.ThirdOrderResponseBO77#77",
		"@value":{}
	},
	{
		"@type":"vip.joinsun.dto.order.ThirdOrderResponseBO78#78",
		"@value":{}
	},
	{
		"@type":"vip.joinsun.dto.order.ThirdOrderResponseBO79#79",
		"@value":{}
	},
	{
		"@type":"vip.joinsun.dto.order.ThirdOrderResponseBO80#80",
		"@value":{}
	},
	{
		"@type":"vip.joinsun.dto.order.ThirdOrderResponseBO81#81",
		"@value":{}
	},
	{
		"@type":"vip.joinsun.dto.order.ThirdOrderResponseBO82#82",
		"@value":{}
	},
	{
		"@type":"vip.joinsun.dto.order.ThirdOrderResponseBO83#83",
		"@value":{}
	},
	{
		"@type":"vip.joinsun.dto.order.ThirdOrderResponseBO84#84",
		"@value":{}
	},
	{
		"@type":"vip.joinsun.dto.order.ThirdOrderResponseBO85#85",
		"@value":{}
	},
	{
		"@type":"vip.joinsun.dto.order.ThirdOrderResponseBO86#86",
		"@value":{}
	},
	{
		"@type":"vip.joinsun.dto.order.ThirdOrderResponseBO87#87",
		"@value":{}
	},
	{
		"@type":"vip.joinsun.dto.order.ThirdOrderResponseBO88#88",
		"@value":{}
	},
	{
		"@type":"vip.joinsun.dto.order.ThirdOrderResponseBO89#89",
		"@value":{}
	},
	{
		"@type":"vip.joinsun.dto.order.ThirdOrderResponseBO90#90",
		"@value":{}
	},
	{
		"@type":"vip.joinsun.dto.order.ThirdOrderResponseBO91#91",
		"@value":{}
	},
	{
		"@type":"vip.joinsun.dto.order.ThirdOrderResponseBO92#92",
		"@value":{}
	},
	{
		"@type":"vip.joinsun.dto.order.ThirdOrderResponseBO93#93",
		"@value":{}
	},
	{
		"@type":"vip.joinsun.dto.order.ThirdOrderResponseBO94#94",
		"@value":{}
	},
	{
		"@type":"vip.joinsun.dto.order.ThirdOrderResponseBO95#95",
		"@value":{}
	},
	{
		"@type":"vip.joinsun.dto.order.ThirdOrderResponseBO96#96",
		"@value":{}
	},
	{
		"@type":"vip.joinsun.dto.order.ThirdOrderResponseBO97#97",
		"@value":{}
	},
	{
		"@type":"vip.joinsun.dto.order.ThirdOrderResponseBO98#98",
		"@value":{}
	},
	{
		"@type":"vip.joinsun.dto.order.ThirdOrderResponseBO99#99",
		"@value":{}
	},
	{
		"@type":"vip.joinsun.dto.order.ThirdOrderResponseBO100#100",
		"@value":{}
	},
	{
		"@type":"vip.joinsun.dto.order.ThirdOrderResponseBO101#101",
		"@value":{}
	},
	{
		"@type":"vip.joinsun.dto.order.ThirdOrderResponseBO102#102",
		"@value":{}
	},
	{
		"@type":"vip.joinsun.dto.order.ThirdOrderResponseBO103#103",
		"@value":{}
	},
	{
		"@type":"vip.joinsun.dto.order.ThirdOrderResponseBO104#104",
		"@value":{}
	},
	{
		"@type":"vip.joinsun.dto.order.ThirdOrderResponseBO105#105",
		"@value":{}
	},
	{
		"@type":"vip.joinsun.dto.order.ThirdOrderResponseBO106#106",
		"@value":{}
	},
	{
		"@type":"vip.joinsun.dto.order.ThirdOrderResponseBO107#107",
		"@value":{}
	},
	{
		"@type":"vip.joinsun.dto.order.ThirdOrderResponseBO108#108",
		"@value":{}
	},
	{
		"@type":"vip.joinsun.dto.order.ThirdOrderResponseBO109#109",
		"@value":{}
	},
	{
		"@type":"vip.joinsun.dto.order.ThirdOrderResponseBO110#110",
		"@value":{}
	},
	{
		"@type":"vip.joinsun.dto.order.ThirdOrderResponseBO111#111",
		"@value":{}
	},
	{
		"@type":"vip.joinsun.dto.order.ThirdOrderResponseBO112#112",
		"@value":{}
	},
	{
		"@type":"vip.joinsun.dto.order.ThirdOrderResponseBO113#113",
		"@value":{}
	},
	{
		"@type":"vip.joinsun.dto.order.ThirdOrderResponseBO114#114",
		"@value":{}
	},
	{
		"@type":"vip.joinsun.dto.order.ThirdOrderResponseBO115#115",
		"@value":{}
	},
	{
		"@type":"vip.joinsun.dto.order.ThirdOrderResponseBO116#116",
		"@value":{}
	},
	{
		"@type":"vip.joinsun.dto.order.ThirdOrderResponseBO117#117",
		"@value":{}
	},
	{
		"@type":"vip.joinsun.dto.order.ThirdOrderResponseBO118#118",
		"@value":{}
	},
	{
		"@type":"vip.joinsun.dto.order.ThirdOrderResponseBO119#119",
		"@value":{}
	},
	{
		"@type":"vip.joinsun.dto.order.ThirdOrderResponseBO120#120",
		"@value":{}
	},
	{
		"@type":"vip.joinsun.dto.order.ThirdOrderResponseBO121#121",
		"@value":{}
	},
	{
		"@type":"vip.joinsun.dto.order.ThirdOrderResponseBO122#122",
		"@value":{}
	},
	{
		"@type":"vip.joinsun.dto.order.ThirdOrderResponseBO123#123",
		"@value":{}
	},
	{
		"@type":"vip.joinsun.dto.order.ThirdOrderResponseBO124#124",
		"@value":{}
	},
	{
		"@type":"vip.joinsun.dto.order.ThirdOrderResponseBO125#125",
		"@value":{}
	},
	{
		"@type":"vip.joinsun.dto.order.ThirdOrderResponseBO126#126",
		"@value":{}
	},
	{
		"@type":"vip.joinsun.dto.order.ThirdOrderResponseBO127#127",
		"@value":{}
	},
	{
		"@type":"vip.joinsun.dto.order.ThirdOrderResponseBO128#128",
		"@value":{}
	},
	{
		"@type":"vip.joinsun.dto.order.ThirdOrderResponseBO129#129",
		"@value":{}
	},
	{
		"@type":"vip.joinsun.dto.order.ThirdOrderResponseBO130#130",
		"@value":{}
	},
	{
		"@type":"vip.joinsun.dto.order.ThirdOrderResponseBO131#131",
		"@value":{}
	},
	{
		"@type":"vip.joinsun.dto.order.ThirdOrderResponseBO132#132",
		"@value":{}
	},
	{
		"@type":"vip.joinsun.dto.order.ThirdOrderResponseBO133#133",
		"@value":{}
	},
	{
		"@type":"vip.joinsun.dto.order.ThirdOrderResponseBO134#134",
		"@value":{}
	},
	{
		"@type":"vip.joinsun.dto.order.ThirdOrderResponseBO135#135",
		"@value":{}
	},
	{
		"@type":"vip.joinsun.dto.order.ThirdOrderResponseBO136#136",
		"@value":{}
	},
	{
		"@type":"vip.joinsun.dto.goods.ProjectGoodsSkuDTO#137",
		"@value":{}
	}
]
{
	"id":"id#0",
	"id":"#0"
}
{
	"value":""
}
{
	"value":""
}
123
Result1: "abc"
Result2: "hij"
Result: "cde"
Result: "de"

Oct 07, 2026 12:41:20 AM org.javamoney.moneta.DefaultMonetaryContextFactory createMonetaryContextNonNullConfig
INFO: Using custom MathContext: precision=256, roundingMode=HALF_EVEN
{"name2":["name2_0","name2_1"]}
{
	"color":{
		"name":"red"
	}
}
{
	"color":{
		"name":"red"
	}
}
{
	"@type":"java.time.format.DateTimeParseException#0",
	"@value":{
		"detailMessage#1":"msg",
		"parsedString#2":"input",
		"stackTrace#3":[
			{
				"fileName#4":"DubboTest4.java",
				"lineNumber#5":209,
				"className#6":"com.alibaba.fastjson2.dubbo.DubboTest4",
				"methodName#7":"testDateTimeParseException"
			},
			{
				"#4":"DirectMethodHandleAccessor.java",
				"#5":104,
				"#6":"jdk.internal.reflect.DirectMethodHandleAccessor",
				"#7":"invoke"
			},
			{
				"#4":"Method.java",
				"#5":565,
				"#6":"java.lang.reflect.Method",
				"#7":"invoke"
			},
			{
				"#4":"ReflectionUtils.java",
				"#5":787,
				"#6":"org.junit.platform.commons.util.ReflectionUtils",
				"#7":"invokeMethod"
			},
			{
				"#4":"ReflectionSupport.java",
				"#5":478,
				"#6":"org.junit.platform.commons.support.ReflectionSupport",
				"#7":"invokeMethod"
			},
			{
				"#4":"MethodInvocation.java",
				"#5":60,
				"#6":"org.junit.jupiter.engine.execution.MethodInvocation",
				"#7":"proceed"
			},
			{
				"#4":"InvocationInterceptorChain.java",
				"#5":131,
				"#6":"org.junit.jupiter.engine.execution.InvocationInterceptorChain$ValidatingInvocation",
				"#7":"proceed"
			},
			{
				"#4":"TimeoutExtension.java",
				"#5":161,
				"#6":"org.junit.jupiter.engine.extension.TimeoutExtension",
				"#7":"intercept"
			},
			{
				"#4":"TimeoutExtension.java",
				"#5":152,
				"#6":"org.junit.jupiter.engine.extension.TimeoutExtension",
				"#7":"interceptTestableMethod"
			},
			{
				"#4":"TimeoutExtension.java",
				"#5":91,
				"#6":"org.junit.jupiter.engine.extension.TimeoutExtension",
				"#7":"interceptTestMethod"
			},
			{
				"#4":"InterceptingExecutableInvoker.java",
				"#5":112,
				"#6":"org.junit.jupiter.engine.execution.InterceptingExecutableInvoker$ReflectiveInterceptorCall",
				"#7":"lambda$ofVoidMethod$0"
			},
			{
				"#4":"InterceptingExecutableInvoker.java",
				"#5":94,
				"#6":"org.junit.jupiter.engine.execution.InterceptingExecutableInvoker",
				"#7":"lambda$invoke$0"
			},
			{
				"#4":"InvocationInterceptorChain.java",
				"#5":106,
				"#6":"org.junit.jupiter.engine.execution.InvocationInterceptorChain$InterceptedInvocation",
				"#7":"proceed"
			},
			{
				"#4":"InvocationInterceptorChain.java",
				"#5":64,
				"#6":"org.junit.jupiter.engine.execution.InvocationInterceptorChain",
				"#7":"proceed"
			},
			{
				"#4":"InvocationInterceptorChain.java",
				"#5":45,
				"#6":"org.junit.jupiter.engine.execution.InvocationInterceptorChain",
				"#7":"chainAndInvoke"
			},
			{
				"#4":"InvocationInterceptorChain.java",
				"#5":37,
				"#6":"org.junit.jupiter.engine.execution.InvocationInterceptorChain",
				"#7":"invoke"
			},
			{
				"#4":"InterceptingExecutableInvoker.java",
				"#5":93,
				"#6":"org.junit.jupiter.engine.execution.InterceptingExecutableInvoker",
				"#7":"invoke"
			},
			{
				"#4":"InterceptingExecutableInvoker.java",
				"#5":87,
				"#6":"org.junit.jupiter.engine.execution.InterceptingExecutableInvoker",
				"#7":"invoke"
			},
			{
				"#4":"TestMethodTestDescriptor.java",
				"#5":221,
				"#6":"org.junit.jupiter.engine.descriptor.TestMethodTestDescriptor",
				"#7":"lambda$invokeTestMethod$4"
			},
			{
				"#4":"ThrowableCollector.java",
				"#5":73,
				"#6":"org.junit.platform.engine.support.hierarchical.ThrowableCollector",
				"#7":"execute"
			},
			{
				"#4":"TestMethodTestDescriptor.java",
				"#5":217,
				"#6":"org.junit.jupiter.engine.descriptor.TestMethodTestDescriptor",
				"#7":"invokeTestMethod"
			},
			{
				"#4":"TestMethodTestDescriptor.java",
				"#5":159,
				"#6":"org.junit.jupiter.engine.descriptor.TestMethodTestDescriptor",
				"#7":"execute"
			},
			{
				"#4":"TestMethodTestDescriptor.java",
				"#5":70,
				"#6":"org.junit.jupiter.engine.descriptor.TestMethodTestDescriptor",
				"#7":"execute"
			},
			{
				"#4":"NodeTestTask.java",
				"#5":157,
				"#6":"org.junit.platform.engine.support.hierarchical.NodeTestTask",
				"#7":"lambda$executeRecursively$6"
			},
			{
				"#4":"ThrowableCollector.java",
				"#5":73,
				"#6":"org.junit.platform.engine.support.hierarchical.ThrowableCollector",
				"#7":"execute"
			},
			{
				"#4":"NodeTestTask.java",
				"#5":147,
				"#6":"org.junit.platform.engine.support.hierarchical.NodeTestTask",
				"#7":"lambda$executeRecursively$8"
			},
			{
				"#4":"Node.java",
				"#5":137,
				"#6":"org.junit.platform.engine.support.hierarchical.Node",
				"#7":"around"
			},
			{
				"#4":"NodeTestTask.java",
				"#5":145,
				"#6":"org.junit.platform.engine.support.hierarchical.NodeTestTask",
				"#7":"lambda$executeRecursively$9"
			},
			{
				"#4":"ThrowableCollector.java",
				"#5":73,
				"#6":"org.junit.platform.engine.support.hierarchical.ThrowableCollector",
				"#7":"execute"
			},
			{
				"#4":"NodeTestTask.java",
				"#5":144,
				"#6":"org.junit.platform.engine.support.hierarchical.NodeTestTask",
				"#7":"executeRecursively"
			},
			{
				"#4":"NodeTestTask.java",
				"#5":101,
				"#6":"org.junit.platform.engine.support.hierarchical.NodeTestTask",
				"#7":"execute"
			},
			{
				"#4":"ArrayList.java",
				"#5":1604,
				"#6":"java.util.ArrayList",
				"#7":"forEach"
			},
			{
				"#4":"SameThreadHierarchicalTestExecutorService.java",
				"#5":41,
				"#6":"org.junit.platform.engine.support.hierarchical.SameThreadHierarchicalTestExecutorService",
				"#7":"invokeAll"
			},
			{
				"#4":"NodeTestTask.java",
				"#5":161,
				"#6":"org.junit.platform.engine.support.hierarchical.NodeTestTask",
				"#7":"lambda$executeRecursively$6"
			},
			{
				"#4":"ThrowableCollector.java",
				"#5":73,
				"#6":"org.junit.platform.engine.support.hierarchical.ThrowableCollector",
				"#7":"execute"
			},
			{
				"#4":"NodeTestTask.java",
				"#5":147,
				"#6":"org.junit.platform.engine.support.hierarchical.NodeTestTask",
				"#7":"lambda$executeRecursively$8"
			},
			{
				"#4":"Node.java",
				"#5":137,
				"#6":"org.junit.platform.engine.support.hierarchical.Node",
				"#7":"around"
			},
			{
				"#4":"NodeTestTask.java",
				"#5":145,
				"#6":"org.junit.platform.engine.support.hierarchical.NodeTestTask",
				"#7":"lambda$executeRecursively$9"
			},
			{
				"#4":"ThrowableCollector.java",
				"#5":73,
				"#6":"org.junit.platform.engine.support.hierarchical.ThrowableCollector",
				"#7":"execute"
			},
			{
				"#4":"NodeTestTask.java",
				"#5":144,
				"#6":"org.junit.platform.engine.support.hierarchical.NodeTestTask",
				"#7":"executeRecursively"
			},
			{
				"#4":"NodeTestTask.java",
				"#5":101,
				"#6":"org.junit.platform.engine.support.hierarchical.NodeTestTask",
				"#7":"execute"
			},
			{
				"#4":"ArrayList.java",
				"#5":1604,
				"#6":"java.util.ArrayList",
				"#7":"forEach"
			},
			{
				"#4":"SameThreadHierarchicalTestExecutorService.java",
				"#5":41,
				"#6":"org.junit.platform.engine.support.hierarchical.SameThreadHierarchicalTestExecutorService",
				"#7":"invokeAll"
			},
			{
				"#4":"NodeTestTask.java",
				"#5":161,
				"#6":"org.junit.platform.engine.support.hierarchical.NodeTestTask",
				"#7":"lambda$executeRecursively$6"
			},
			{
				"#4":"ThrowableCollector.java",
				"#5":73,
				"#6":"org.junit.platform.engine.support.hierarchical.ThrowableCollector",
				"#7":"execute"
			},
			{
				"#4":"NodeTestTask.java",
				"#5":147,
				"#6":"org.junit.platform.engine.support.hierarchical.NodeTestTask",
				"#7":"lambda$executeRecursively$8"
			},
			{
				"#4":"Node.java",
				"#5":137,
				"#6":"org.junit.platform.engine.support.hierarchical.Node",
				"#7":"around"
			},
			{
				"#4":"NodeTestTask.java",
				"#5":145,
				"#6":"org.junit.platform.engine.support.hierarchical.NodeTestTask",
				"#7":"lambda$executeRecursively$9"
			},
			{
				"#4":"ThrowableCollector.java",
				"#5":73,
				"#6":"org.junit.platform.engine.support.hierarchical.ThrowableCollector",
				"#7":"execute"
			},
			{
				"#4":"NodeTestTask.java",
				"#5":144,
				"#6":"org.junit.platform.engine.support.hierarchical.NodeTestTask",
				"#7":"executeRecursively"
			},
			{
				"#4":"NodeTestTask.java",
				"#5":101,
				"#6":"org.junit.platform.engine.support.hierarchical.NodeTestTask",
				"#7":"execute"
			},
			{
				"#4":"SameThreadHierarchicalTestExecutorService.java",
				"#5":35,
				"#6":"org.junit.platform.engine.support.hierarchical.SameThreadHierarchicalTestExecutorService",
				"#7":"submit"
			},
			{
				"#4":"HierarchicalTestExecutor.java",
				"#5":57,
				"#6":"org.junit.platform.engine.support.hierarchical.HierarchicalTestExecutor",
				"#7":"execute"
			},
			{
				"#4":"HierarchicalTestEngine.java",
				"#5":54,
				"#6":"org.junit.platform.engine.support.hierarchical.HierarchicalTestEngine",
				"#7":"execute"
			},
			{
				"#4":"EngineExecutionOrchestrator.java",
				"#5":230,
				"#6":"org.junit.platform.launcher.core.EngineExecutionOrchestrator",
				"#7":"executeEngine"
			},
			{
				"#4":"EngineExecutionOrchestrator.java",
				"#5":204,
				"#6":"org.junit.platform.launcher.core.EngineExecutionOrchestrator",
				"#7":"failOrExecuteEngine"
			},
			{
				"#4":"EngineExecutionOrchestrator.java",
				"#5":172,
				"#6":"org.junit.platform.launcher.core.EngineExecutionOrchestrator",
				"#7":"execute"
			},
			{
				"#4":"EngineExecutionOrchestrator.java",
				"#5":101,
				"#6":"org.junit.platform.launcher.core.EngineExecutionOrchestrator",
				"#7":"execute"
			},
			{
				"#4":"EngineExecutionOrchestrator.java",
				"#5":64,
				"#6":"org.junit.platform.launcher.core.EngineExecutionOrchestrator",
				"#7":"lambda$execute$0"
			},
			{
				"#4":"EngineExecutionOrchestrator.java",
				"#5":150,
				"#6":"org.junit.platform.launcher.core.EngineExecutionOrchestrator",
				"#7":"withInterceptedStreams"
			},
			{
				"#4":"EngineExecutionOrchestrator.java",
				"#5":63,
				"#6":"org.junit.platform.launcher.core.EngineExecutionOrchestrator",
				"#7":"execute"
			},
			{
				"#4":"DefaultLauncher.java",
				"#5":109,
				"#6":"org.junit.platform.launcher.core.DefaultLauncher",
				"#7":"execute"
			},
			{
				"#4":"DefaultLauncher.java",
				"#5":91,
				"#6":"org.junit.platform.launcher.core.DefaultLauncher",
				"#7":"execute"
			},
			{
				"#4":"DelegatingLauncher.java",
				"#5":47,
				"#6":"org.junit.platform.launcher.core.DelegatingLauncher",
				"#7":"execute"
			},
			{
				"#4":"InterceptingLauncher.java",
				"#5":39,
				"#6":"org.junit.platform.launcher.core.InterceptingLauncher",
				"#7":"lambda$execute$1"
			},
			{
				"#4":"ClasspathAlignmentCheckingLauncherInterceptor.java",
				"#5":25,
				"#6":"org.junit.platform.launcher.core.ClasspathAlignmentCheckingLauncherInterceptor",
				"#7":"intercept"
			},
			{
				"#4":"InterceptingLauncher.java",
				"#5":38,
				"#6":"org.junit.platform.launcher.core.InterceptingLauncher",
				"#7":"execute"
			},
			{
				"#4":"DelegatingLauncher.java",
				"#5":47,
				"#6":"org.junit.platform.launcher.core.DelegatingLauncher",
				"#7":"execute"
			},
			{
				"#4":"LazyLauncher.java",
				"#5":56,
				"#6":"org.apache.maven.surefire.junitplatform.LazyLauncher",
				"#7":"execute"
			},
			{
				"#4":"JUnitPlatformProvider.java",
				"#5":194,
				"#6":"org.apache.maven.surefire.junitplatform.JUnitPlatformProvider",
				"#7":"execute"
			},
			{
				"#4":"JUnitPlatformProvider.java",
				"#5":150,
				"#6":"org.apache.maven.surefire.junitplatform.JUnitPlatformProvider",
				"#7":"invokeAllTests"
			},
			{
				"#4":"JUnitPlatformProvider.java",
				"#5":124,
				"#6":"org.apache.maven.surefire.junitplatform.JUnitPlatformProvider",
				"#7":"invoke"
			},
			{
				"#4":"ForkedBooter.java",
				"#5":385,
				"#6":"org.apache.maven.surefire.booter.ForkedBooter",
				"#7":"runSuitesInProcess"
			},
			{
				"#4":"ForkedBooter.java",
				"#5":162,
				"#6":"org.apache.maven.surefire.booter.ForkedBooter",
				"#7":"execute"
			},
			{
				"#4":"ForkedBooter.java",
				"#5":507,
				"#6":"org.apache.maven.surefire.booter.ForkedBooter",
				"#7":"run"
			},
			{
				"#4":"ForkedBooter.java",
				"#5":495,
				"#6":"org.apache.maven.surefire.booter.ForkedBooter",
				"#7":"main"
			}
		],
		"suppressedExceptions#8":{
			"@type":"java.util.Collections$EmptyList#9",
			"@value":[]
		}
	}
}
{
	"@type":"org.apache.dubbo.springboot.demo.ServiceException",
	"cause":{
		"@type":"org.apache.dubbo.springboot.demo.BusinessException",
		"message":"报错啦。。",
		"stackTrace":[
			{
				"fileName":"DemoServiceImpl.java",
				"lineNumber":42,
				"className":"org.apache.dubbo.springboot.demo.provider.DemoServiceImpl",
				"methodName":"sayHello"
			},
			{
				"fileName":"DemoServiceImplDubboWrap0.java",
				"lineNumber":-1,
				"className":"org.apache.dubbo.springboot.demo.provider.DemoServiceImplDubboWrap0",
				"methodName":"invokeMethod"
			},
			{
				"fileName":"JavassistProxyFactory.java",
				"lineNumber":73,
				"className":"org.apache.dubbo.rpc.proxy.javassist.JavassistProxyFactory$1",
				"methodName":"doInvoke"
			},
			{
				"fileName":"AbstractProxyInvoker.java",
				"lineNumber":100,
				"className":"org.apache.dubbo.rpc.proxy.AbstractProxyInvoker",
				"methodName":"invoke"
			},
			{
				"fileName":"DelegateProviderMetaDataInvoker.java",
				"lineNumber":55,
				"className":"org.apache.dubbo.config.invoker.DelegateProviderMetaDataInvoker",
				"methodName":"invoke"
			},
			{
				"fileName":"InvokerWrapper.java",
				"lineNumber":56,
				"className":"org.apache.dubbo.rpc.protocol.InvokerWrapper",
				"methodName":"invoke"
			},
			{
				"fileName":"ClassLoaderCallbackFilter.java",
				"lineNumber":38,
				"className":"org.apache.dubbo.rpc.filter.ClassLoaderCallbackFilter",
				"methodName":"invoke"
			},
			{
				"fileName":"FilterChainBuilder.java",
				"lineNumber":327,
				"className":"org.apache.dubbo.rpc.cluster.filter.FilterChainBuilder$CopyOfFilterChainNode",
				"methodName":"invoke"
			},
			{
				"fileName":"TraceFilter.java",
				"lineNumber":79,
				"className":"org.apache.dubbo.rpc.protocol.dubbo.filter.TraceFilter",
				"methodName":"invoke"
			},
			{
				"fileName":"FilterChainBuilder.java",
				"lineNumber":327,
				"className":"org.apache.dubbo.rpc.cluster.filter.FilterChainBuilder$CopyOfFilterChainNode",
				"methodName":"invoke"
			},
			{
				"fileName":"TimeoutFilter.java",
				"lineNumber":44,
				"className":"org.apache.dubbo.rpc.filter.TimeoutFilter",
				"methodName":"invoke"
			},
			{
				"fileName":"FilterChainBuilder.java",
				"lineNumber":327,
				"className":"org.apache.dubbo.rpc.cluster.filter.FilterChainBuilder$CopyOfFilterChainNode",
				"methodName":"invoke"
			},
			{
				"fileName":"MonitorFilter.java",
				"lineNumber":100,
				"className":"org.apache.dubbo.monitor.support.MonitorFilter",
				"methodName":"invoke"
			},
			{
				"fileName":"FilterChainBuilder.java",
				"lineNumber":327,
				"className":"org.apache.dubbo.rpc.cluster.filter.FilterChainBuilder$CopyOfFilterChainNode",
				"methodName":"invoke"
			},
			{
				"fileName":"ExceptionFilter.java",
				"lineNumber":54,
				"className":"org.apache.dubbo.rpc.filter.ExceptionFilter",
				"methodName":"invoke"
			},
			{
				"fileName":"FilterChainBuilder.java",
				"lineNumber":327,
				"className":"org.apache.dubbo.rpc.cluster.filter.FilterChainBuilder$CopyOfFilterChainNode",
				"methodName":"invoke"
			},
			{
				"fileName":"DubboExceptionFilter.java",
				"lineNumber":32,
				"className":"org.apache.dubbo.springboot.demo.provider.DubboExceptionFilter",
				"methodName":"invoke"
			},
			{
				"fileName":"FilterChainBuilder.java",
				"lineNumber":327,
				"className":"org.apache.dubbo.rpc.cluster.filter.FilterChainBuilder$CopyOfFilterChainNode",
				"methodName":"invoke"
			},
			{
				"fileName":"GenericFilter.java",
				"lineNumber":192,
				"className":"org.apache.dubbo.rpc.filter.GenericFilter",
				"methodName":"invoke"
			},
			{
				"fileName":"FilterChainBuilder.java",
				"lineNumber":327,
				"className":"org.apache.dubbo.rpc.cluster.filter.FilterChainBuilder$CopyOfFilterChainNode",
				"methodName":"invoke"
			},
			{
				"fileName":"ClassLoaderFilter.java",
				"lineNumber":54,
				"className":"org.apache.dubbo.rpc.filter.ClassLoaderFilter",
				"methodName":"invoke"
			},
			{
				"fileName":"FilterChainBuilder.java",
				"lineNumber":327,
				"className":"org.apache.dubbo.rpc.cluster.filter.FilterChainBuilder$CopyOfFilterChainNode",
				"methodName":"invoke"
			},
			{
				"fileName":"EchoFilter.java",
				"lineNumber":41,
				"className":"org.apache.dubbo.rpc.filter.EchoFilter",
				"methodName":"invoke"
			},
			{
				"fileName":"FilterChainBuilder.java",
				"lineNumber":327,
				"className":"org.apache.dubbo.rpc.cluster.filter.FilterChainBuilder$CopyOfFilterChainNode",
				"methodName":"invoke"
			},
			{
				"fileName":"ProfilerServerFilter.java",
				"lineNumber":58,
				"className":"org.apache.dubbo.rpc.filter.ProfilerServerFilter",
				"methodName":"invoke"
			},
			{
				"fileName":"FilterChainBuilder.java",
				"lineNumber":327,
				"className":"org.apache.dubbo.rpc.cluster.filter.FilterChainBuilder$CopyOfFilterChainNode",
				"methodName":"invoke"
			},
			{
				"fileName":"ContextFilter.java",
				"lineNumber":133,
				"className":"org.apache.dubbo.rpc.filter.ContextFilter",
				"methodName":"invoke"
			},
			{
				"fileName":"FilterChainBuilder.java",
				"lineNumber":327,
				"className":"org.apache.dubbo.rpc.cluster.filter.FilterChainBuilder$CopyOfFilterChainNode",
				"methodName":"invoke"
			},
			{
				"fileName":"FilterChainBuilder.java",
				"lineNumber":194,
				"className":"org.apache.dubbo.rpc.cluster.filter.FilterChainBuilder$CallbackRegistrationInvoker",
				"methodName":"invoke"
			},
			{
				"fileName":"DubboProtocol.java",
				"lineNumber":156,
				"className":"org.apache.dubbo.rpc.protocol.dubbo.DubboProtocol$1",
				"methodName":"reply"
			},
			{
				"fileName":"HeaderExchangeHandler.java",
				"lineNumber":102,
				"className":"org.apache.dubbo.remoting.exchange.support.header.HeaderExchangeHandler",
				"methodName":"handleRequest"
			},
			{
				"fileName":"HeaderExchangeHandler.java",
				"lineNumber":177,
				"className":"org.apache.dubbo.remoting.exchange.support.header.HeaderExchangeHandler",
				"methodName":"received"
			},
			{
				"fileName":"DecodeHandler.java",
				"lineNumber":53,
				"className":"org.apache.dubbo.remoting.transport.DecodeHandler",
				"methodName":"received"
			},
			{
				"fileName":"ChannelEventRunnable.java",
				"lineNumber":62,
				"className":"org.apache.dubbo.remoting.transport.dispatcher.ChannelEventRunnable",
				"methodName":"run"
			},
			{
				"fileName":"ThreadPoolExecutor.java",
				"lineNumber":1149,
				"className":"java.util.concurrent.ThreadPoolExecutor",
				"methodName":"runWorker"
			},
			{
				"fileName":"ThreadPoolExecutor.java",
				"lineNumber":624,
				"className":"java.util.concurrent.ThreadPoolExecutor$Worker",
				"methodName":"run"
			},
			{
				"fileName":"InternalRunnable.java",
				"lineNumber":41,
				"className":"org.apache.dubbo.common.threadlocal.InternalRunnable",
				"methodName":"run"
			},
			{
				"fileName":"Thread.java",
				"lineNumber":748,
				"className":"java.lang.Thread",
				"methodName":"run"
			}
		],
		"suppressedExceptions":{
			"@type":"java.util.Collections$UnmodifiableRandomAccessList",
			"@value":[]
		}
	},
	"detailMessage":"org.apache.dubbo.springboot.demo.BusinessException: 报错啦。。",
	"stackTrace":[
		{
			"fileName":"DubboExceptionFilter.java",
			"lineNumber":41,
			"className":"org.apache.dubbo.springboot.demo.provider.DubboExceptionFilter",
			"methodName":"onResponse"
		},
		{
			"fileName":"FilterChainBuilder.java",
			"lineNumber":218,
			"className":"org.apache.dubbo.rpc.cluster.filter.FilterChainBuilder$CallbackRegistrationInvoker",
			"methodName":"lambda$invoke$1"
		},
		{
			"fileName":"AsyncRpcResult.java",
			"lineNumber":216,
			"className":"org.apache.dubbo.rpc.AsyncRpcResult",
			"methodName":"lambda$whenCompleteWithContext$0"
		},
		{
			"fileName":"CompletableFuture.java",
			"lineNumber":774,
			"className":"java.util.concurrent.CompletableFuture",
			"methodName":"uniWhenComplete"
		},
		{
			"fileName":"CompletableFuture.java",
			"lineNumber":792,
			"className":"java.util.concurrent.CompletableFuture",
			"methodName":"uniWhenCompleteStage"
		},
		{
			"fileName":"CompletableFuture.java",
			"lineNumber":2153,
			"className":"java.util.concurrent.CompletableFuture",
			"methodName":"whenComplete"
		},
		{
			"fileName":"AsyncRpcResult.java",
			"lineNumber":212,
			"className":"org.apache.dubbo.rpc.AsyncRpcResult",
			"methodName":"whenCompleteWithContext"
		},
		{
			"fileName":"FilterChainBuilder.java",
			"lineNumber":195,
			"className":"org.apache.dubbo.rpc.cluster.filter.FilterChainBuilder$CallbackRegistrationInvoker",
			"methodName":"invoke"
		},
		{
			"fileName":"DubboProtocol.java",
			"lineNumber":156,
			"className":"org.apache.dubbo.rpc.protocol.dubbo.DubboProtocol$1",
			"methodName":"reply"
		},
		{
			"fileName":"HeaderExchangeHandler.java",
			"lineNumber":102,
			"className":"org.apache.dubbo.remoting.exchange.support.header.HeaderExchangeHandler",
			"methodName":"handleRequest"
		},
		{
			"fileName":"HeaderExchangeHandler.java",
			"lineNumber":177,
			"className":"org.apache.dubbo.remoting.exchange.support.header.HeaderExchangeHandler",
			"methodName":"received"
		},
		{
			"fileName":"DecodeHandler.java",
			"lineNumber":53,
			"className":"org.apache.dubbo.remoting.transport.DecodeHandler",
			"methodName":"received"
		},
		{
			"fileName":"ChannelEventRunnable.java",
			"lineNumber":62,
			"className":"org.apache.dubbo.remoting.transport.dispatcher.ChannelEventRunnable",
			"methodName":"run"
		},
		{
			"fileName":"ThreadPoolExecutor.java",
			"lineNumber":1149,
			"className":"java.util.concurrent.ThreadPoolExecutor",
			"methodName":"runWorker"
		},
		{
			"fileName":"ThreadPoolExecutor.java",
			"lineNumber":624,
			"className":"java.util.concurrent.ThreadPoolExecutor$Worker",
			"methodName":"run"
		},
		{
			"fileName":"InternalRunnable.java",
			"lineNumber":41,
			"className":"org.apache.dubbo.common.threadlocal.InternalRunnable",
			"methodName":"run"
		},
		{
			"fileName":"Thread.java",
			"lineNumber":748,
			"className":"java.lang.Thread",
			"methodName":"run"
		}
	],
	"suppressedExceptions":{"$ref":"$.cause.suppressedExceptions"}
}
{
	"innerObject":{
		"innerB":234,
		"innerA":"v1",
		"class":"org.apache.dubbo.service.ComplexObject$InnerObject"
	}
}
{
	"@type":"com.alibaba.fastjson2.dubbo.DubboTest0$Pojo#0",
	"@value":{
		"parentClass#1":{
			"@type":"com.alibaba.fastjson2.dubbo.DubboTest0$ChildClass#2",
			"@value":{
				"param#3":"param"
			}
		}
	}
}
{
	"type":"java.lang.String"
}
{
	"bool":false,
	"card":{
		"id":"",
		"level":"C1",
		"levelValue":0,
		"years":0
	},
	"cardOrBuilder":{
		"id":"",
		"level":"C1",
		"levelValue":0,
		"years":0
	},
	"cardsCount":0,
	"cardsList":[
		
	],
	"cardsOrBuilderList":[
		
	],
	"cardsmap":{},
	"cardsmapCount":0,
	"cardsmapMap":{},
	"double":0.0,
	"fixed32":0,
	"fixed64":0,
	"float":0.0,
	"int32":0,
	"int64":0,
	"sfixed32":0,
	"sfixed64":0,
	"sint32":0,
	"sint64":0,
	"string":"some string from client",
	"uint32":0,
	"uint64":0
}
{
	"@type":"org.apache.dubbo.rpc.service.GenericException#0",
	"@value":{
		"exceptionClass#1":"",
		"exceptionMessage#2":"",
		"genericExceptionInfo#3":{
			"exClass#4":"",
			"exMsg#5":"",
			"msg#6":"",
			"stackTrace#7":[
				{
					"fileName#8":"FastJson2ObjectInput.java",
					"lineNumber#9":110,
					"className#10":"org.apache.dubbo.common.serialize.fastjson2.FastJson2ObjectInput",
					"methodName#11":"readObject"
				},
				{
					"#8":"FastJson2ObjectInput.java",
					"#9":98,
					"#10":"org.apache.dubbo.common.serialize.fastjson2.FastJson2ObjectInput",
					"#11":"readObject"
				},
				{
					"#8":"ObjectInput.java",
					"#9":74,
					"#10":"org.apache.dubbo.common.serialize.ObjectInput",
					"#11":"readThrowable"
				},
				{
					"#8":"DecodeableRpcResult.java",
					"#9":171,
					"#10":"org.apache.dubbo.rpc.protocol.dubbo.DecodeableRpcResult",
					"#11":"handleException"
				},
				{
					"#8":"DecodeableRpcResult.java",
					"#9":110,
					"#10":"org.apache.dubbo.rpc.protocol.dubbo.DecodeableRpcResult",
					"#11":"decode"
				},
				{
					"#8":"DecodeableRpcResult.java",
					"#9":138,
					"#10":"org.apache.dubbo.rpc.protocol.dubbo.DecodeableRpcResult",
					"#11":"decode"
				},
				{
					"#8":"DecodeHandler.java",
					"#9":62,
					"#10":"org.apache.dubbo.remoting.transport.DecodeHandler",
					"#11":"decode"
				},
				{
					"#8":"DecodeHandler.java",
					"#9":50,
					"#10":"org.apache.dubbo.remoting.transport.DecodeHandler",
					"#11":"received"
				},
				{
					"#8":"ChannelEventRunnable.java",
					"#9":61,
					"#10":"org.apache.dubbo.remoting.transport.dispatcher.ChannelEventRunnable",
					"#11":"run"
				},
				{
					"#8":"ThreadlessExecutor.java",
					"#9":184,
					"#10":"org.apache.dubbo.common.threadpool.ThreadlessExecutor$RunnableWrapper",
					"#11":"run"
				},
				{
					"#8":"ThreadlessExecutor.java",
					"#9":103,
					"#10":"org.apache.dubbo.common.threadpool.ThreadlessExecutor",
					"#11":"waitAndDrain"
				},
				{
					"#8":"AsyncRpcResult.java",
					"#9":194,
					"#10":"org.apache.dubbo.rpc.AsyncRpcResult",
					"#11":"get"
				},
				{
					"#8":"AbstractInvoker.java",
					"#9":277,
					"#10":"org.apache.dubbo.rpc.protocol.AbstractInvoker",
					"#11":"waitForResultIfSync"
				},
				{
					"#8":"AbstractInvoker.java",
					"#9":181,
					"#10":"org.apache.dubbo.rpc.protocol.AbstractInvoker",
					"#11":"invoke"
				},
				{
					"#8":"ListenerInvokerWrapper.java",
					"#9":70,
					"#10":"org.apache.dubbo.rpc.listener.ListenerInvokerWrapper",
					"#11":"invoke"
				},
				{
					"#8":"GenericImplFilter.java",
					"#9":102,
					"#10":"org.apache.dubbo.rpc.filter.GenericImplFilter",
					"#11":"invoke"
				},
				{
					"#8":"FilterChainBuilder.java",
					"#9":327,
					"#10":"org.apache.dubbo.rpc.cluster.filter.FilterChainBuilder$CopyOfFilterChainNode",
					"#11":"invoke"
				},
				{
					"#8":"CacheFilter.java",
					"#9":95,
					"#10":"org.apache.dubbo.cache.filter.CacheFilter",
					"#11":"invoke"
				},
				{
					"#8":"FilterChainBuilder.java",
					"#9":327,
					"#10":"org.apache.dubbo.rpc.cluster.filter.FilterChainBuilder$CopyOfFilterChainNode",
					"#11":"invoke"
				},
				{
					"#8":"FilterChainBuilder.java",
					"#9":194,
					"#10":"org.apache.dubbo.rpc.cluster.filter.FilterChainBuilder$CallbackRegistrationInvoker",
					"#11":"invoke"
				},
				{
					"#8":"AbstractClusterInvoker.java",
					"#9":379,
					"#10":"org.apache.dubbo.rpc.cluster.support.AbstractClusterInvoker",
					"#11":"invokeWithContext"
				},
				{
					"#8":"FailoverClusterInvoker.java",
					"#9":81,
					"#10":"org.apache.dubbo.rpc.cluster.support.FailoverClusterInvoker",
					"#11":"doInvoke"
				},
				{
					"#8":"AbstractClusterInvoker.java",
					"#9":341,
					"#10":"org.apache.dubbo.rpc.cluster.support.AbstractClusterInvoker",
					"#11":"invoke"
				},
				{
					"#8":"RouterSnapshotFilter.java",
					"#9":46,
					"#10":"org.apache.dubbo.rpc.cluster.router.RouterSnapshotFilter",
					"#11":"invoke"
				},
				{
					"#8":"FilterChainBuilder.java",
					"#9":327,
					"#10":"org.apache.dubbo.rpc.cluster.filter.FilterChainBuilder$CopyOfFilterChainNode",
					"#11":"invoke"
				},
				{
					"#8":"MonitorFilter.java",
					"#9":100,
					"#10":"org.apache.dubbo.monitor.support.MonitorFilter",
					"#11":"invoke"
				},
				{
					"#8":"FilterChainBuilder.java",
					"#9":327,
					"#10":"org.apache.dubbo.rpc.cluster.filter.FilterChainBuilder$CopyOfFilterChainNode",
					"#11":"invoke"
				},
				{
					"#8":"FutureFilter.java",
					"#9":52,
					"#10":"org.apache.dubbo.rpc.protocol.dubbo.filter.FutureFilter",
					"#11":"invoke"
				},
				{
					"#8":"FilterChainBuilder.java",
					"#9":327,
					"#10":"org.apache.dubbo.rpc.cluster.filter.FilterChainBuilder$CopyOfFilterChainNode",
					"#11":"invoke"
				},
				{
					"#8":"ConsumerContextFilter.java",
					"#9":108,
					"#10":"org.apache.dubbo.rpc.cluster.filter.support.ConsumerContextFilter",
					"#11":"invoke"
				},
				{
					"#8":"FilterChainBuilder.java",
					"#9":327,
					"#10":"org.apache.dubbo.rpc.cluster.filter.FilterChainBuilder$CopyOfFilterChainNode",
					"#11":"invoke"
				},
				{
					"#8":"FilterChainBuilder.java",
					"#9":194,
					"#10":"org.apache.dubbo.rpc.cluster.filter.FilterChainBuilder$CallbackRegistrationInvoker",
					"#11":"invoke"
				},
				{
					"#8":"AbstractCluster.java",
					"#9":92,
					"#10":"org.apache.dubbo.rpc.cluster.support.wrapper.AbstractCluster$ClusterFilterInvoker",
					"#11":"invoke"
				},
				{
					"#8":"MockClusterInvoker.java",
					"#9":103,
					"#10":"org.apache.dubbo.rpc.cluster.support.wrapper.MockClusterInvoker",
					"#11":"invoke"
				},
				{
					"#8":"MigrationInvoker.java",
					"#9":282,
					"#10":"org.apache.dubbo.registry.client.migration.MigrationInvoker",
					"#11":"invoke"
				},
				{
					"#8":"InvocationUtil.java",
					"#9":56,
					"#10":"org.apache.dubbo.rpc.proxy.InvocationUtil",
					"#11":"invoke"
				},
				{
					"#8":"InvokerInvocationHandler.java",
					"#9":75,
					"#10":"org.apache.dubbo.rpc.proxy.InvokerInvocationHandler",
					"#11":"invoke"
				},
				{
					"#8":"HelloServiceDubboProxy0.java",
					"#9":-1,
					"#10":"org.apache.dubbo.samples.generic.call.api.HelloServiceDubboProxy0",
					"#11":"notImplementedHello"
				},
				{
					"#8":"NativeMethodAccessorImpl.java",
					"#9":-2,
					"#10":"sun.reflect.NativeMethodAccessorImpl",
					"#11":"invoke0"
				},
				{
					"#8":"NativeMethodAccessorImpl.java",
					"#9":62,
					"#10":"sun.reflect.NativeMethodAccessorImpl",
					"#11":"invoke"
				},
				{
					"#8":"DelegatingMethodAccessorImpl.java",
					"#9":43,
					"#10":"sun.reflect.DelegatingMethodAccessorImpl",
					"#11":"invoke"
				},
				{
					"#8":"Method.java",
					"#9":498,
					"#10":"java.lang.reflect.Method",
					"#11":"invoke"
				},
				{
					"#8":"AopUtils.java",
					"#9":333,
					"#10":"org.springframework.aop.support.AopUtils",
					"#11":"invokeJoinpointUsingReflection"
				},
				{
					"#8":"JdkDynamicAopProxy.java",
					"#9":207,
					"#10":"org.springframework.aop.framework.JdkDynamicAopProxy",
					"#11":"invoke"
				},
				{
					"#8":null,
					"#9":-1,
					"#10":"com.sun.proxy.$Proxy23",
					"#11":"notImplementedHello"
				},
				{
					"#8":"HelloServiceIT.java",
					"#9":49,
					"#10":"org.apache.dubbo.samples.generic.call.HelloServiceIT",
					"#11":"testNotImplementedHello"
				},
				{
					"#8":"NativeMethodAccessorImpl.java",
					"#9":-2,
					"#10":"sun.reflect.NativeMethodAccessorImpl",
					"#11":"invoke0"
				},
				{
					"#8":"NativeMethodAccessorImpl.java",
					"#9":62,
					"#10":"sun.reflect.NativeMethodAccessorImpl",
					"#11":"invoke"
				},
				{
					"#8":"DelegatingMethodAccessorImpl.java",
					"#9":43,
					"#10":"sun.reflect.DelegatingMethodAccessorImpl",
					"#11":"invoke"
				},
				{
					"#8":"Method.java",
					"#9":498,
					"#10":"java.lang.reflect.Method",
					"#11":"invoke"
				},
				{
					"#8":"FrameworkMethod.java",
					"#9":50,
					"#10":"org.junit.runners.model.FrameworkMethod$1",
					"#11":"runReflectiveCall"
				},
				{
					"#8":"ReflectiveCallable.java",
					"#9":12,
					"#10":"org.junit.internal.runners.model.ReflectiveCallable",
					"#11":"run"
				},
				{
					"#8":"FrameworkMethod.java",
					"#9":47,
					"#10":"org.junit.runners.model.FrameworkMethod",
					"#11":"invokeExplosively"
				},
				{
					"#8":"InvokeMethod.java",
					"#9":17,
					"#10":"org.junit.internal.runners.statements.InvokeMethod",
					"#11":"evaluate"
				},
				{
					"#8":"RunBeforeTestMethodCallbacks.java",
					"#9":75,
					"#10":"org.springframework.test.context.junit4.statements.RunBeforeTestMethodCallbacks",
					"#11":"evaluate"
				},
				{
					"#8":"RunAfterTestMethodCallbacks.java",
					"#9":86,
					"#10":"org.springframework.test.context.junit4.statements.RunAfterTestMethodCallbacks",
					"#11":"evaluate"
				},
				{
					"#8":"SpringRepeat.java",
					"#9":84,
					"#10":"org.springframework.test.context.junit4.statements.SpringRepeat",
					"#11":"evaluate"
				},
				{
					"#8":"ParentRunner.java",
					"#9":325,
					"#10":"org.junit.runners.ParentRunner",
					"#11":"runLeaf"
				},
				{
					"#8":"SpringJUnit4ClassRunner.java",
					"#9":252,
					"#10":"org.springframework.test.context.junit4.SpringJUnit4ClassRunner",
					"#11":"runChild"
				},
				{
					"#8":"SpringJUnit4ClassRunner.java",
					"#9":94,
					"#10":"org.springframework.test.context.junit4.SpringJUnit4ClassRunner",
					"#11":"runChild"
				},
				{
					"#8":"ParentRunner.java",
					"#9":290,
					"#10":"org.junit.runners.ParentRunner$3",
					"#11":"run"
				},
				{
					"#8":"ParentRunner.java",
					"#9":71,
					"#10":"org.junit.runners.ParentRunner$1",
					"#11":"schedule"
				},
				{
					"#8":"ParentRunner.java",
					"#9":288,
					"#10":"org.junit.runners.ParentRunner",
					"#11":"runChildren"
				},
				{
					"#8":"ParentRunner.java",
					"#9":58,
					"#10":"org.junit.runners.ParentRunner",
					"#11":"access$000"
				},
				{
					"#8":"ParentRunner.java",
					"#9":268,
					"#10":"org.junit.runners.ParentRunner$2",
					"#11":"evaluate"
				},
				{
					"#8":"RunBeforeTestClassCallbacks.java",
					"#9":61,
					"#10":"org.springframework.test.context.junit4.statements.RunBeforeTestClassCallbacks",
					"#11":"evaluate"
				},
				{
					"#8":"RunAfterTestClassCallbacks.java",
					"#9":70,
					"#10":"org.springframework.test.context.junit4.statements.RunAfterTestClassCallbacks",
					"#11":"evaluate"
				},
				{
					"#8":"ParentRunner.java",
					"#9":363,
					"#10":"org.junit.runners.ParentRunner",
					"#11":"run"
				},
				{
					"#8":"SpringJUnit4ClassRunner.java",
					"#9":191,
					"#10":"org.springframework.test.context.junit4.SpringJUnit4ClassRunner",
					"#11":"run"
				},
				{
					"#8":"JUnit4Provider.java",
					"#9":365,
					"#10":"org.apache.maven.surefire.junit4.JUnit4Provider",
					"#11":"execute"
				},
				{
					"#8":"JUnit4Provider.java",
					"#9":273,
					"#10":"org.apache.maven.surefire.junit4.JUnit4Provider",
					"#11":"executeWithRerun"
				},
				{
					"#8":"JUnit4Provider.java",
					"#9":238,
					"#10":"org.apache.maven.surefire.junit4.JUnit4Provider",
					"#11":"executeTestSet"
				},
				{
					"#8":"JUnit4Provider.java",
					"#9":159,
					"#10":"org.apache.maven.surefire.junit4.JUnit4Provider",
					"#11":"invoke"
				},
				{
					"#8":"NativeMethodAccessorImpl.java",
					"#9":-2,
					"#10":"sun.reflect.NativeMethodAccessorImpl",
					"#11":"invoke0"
				},
				{
					"#8":"NativeMethodAccessorImpl.java",
					"#9":62,
					"#10":"sun.reflect.NativeMethodAccessorImpl",
					"#11":"invoke"
				},
				{
					"#8":"DelegatingMethodAccessorImpl.java",
					"#9":43,
					"#10":"sun.reflect.DelegatingMethodAccessorImpl",
					"#11":"invoke"
				},
				{
					"#8":"Method.java",
					"#9":498,
					"#10":"java.lang.reflect.Method",
					"#11":"invoke"
				},
				{
					"#8":"ReflectionUtils.java",
					"#9":206,
					"#10":"org.apache.maven.surefire.util.ReflectionUtils",
					"#11":"invokeMethodWithArray2"
				},
				{
					"#8":"ProviderFactory.java",
					"#9":161,
					"#10":"org.apache.maven.surefire.booter.ProviderFactory$ProviderProxy",
					"#11":"invoke"
				},
				{
					"#8":"ProviderFactory.java",
					"#9":84,
					"#10":"org.apache.maven.surefire.booter.ProviderFactory",
					"#11":"invokeProvider"
				},
				{
					"#8":"ClassloaderSurefireStarter.java",
					"#9":78,
					"#10":"org.apache.dubbo.test.runner.ClassloaderSurefireStarter",
					"#11":"runSuitesInProcess"
				},
				{
					"#8":"TestRunnerMain.java",
					"#9":185,
					"#10":"org.apache.dubbo.test.runner.TestRunnerMain",
					"#11":"main"
				}
			]
		},
		"message#12":"{\"exClass\":\"\",\"exMsg\":\"\",\"msg\":\"\"}",
		"#7":[
			{
				"#8":"FastJson2ObjectInput.java",
				"#9":110,
				"#10":"org.apache.dubbo.common.serialize.fastjson2.FastJson2ObjectInput",
				"#11":"readObject"
			},
			{
				"#8":"FastJson2ObjectInput.java",
				"#9":98,
				"#10":"org.apache.dubbo.common.serialize.fastjson2.FastJson2ObjectInput",
				"#11":"readObject"
			},
			{
				"#8":"ObjectInput.java",
				"#9":74,
				"#10":"org.apache.dubbo.common.serialize.ObjectInput",
				"#11":"readThrowable"
			},
			{
				"#8":"DecodeableRpcResult.java",
				"#9":171,
				"#10":"org.apache.dubbo.rpc.protocol.dubbo.DecodeableRpcResult",
				"#11":"handleException"
			},
			{
				"#8":"DecodeableRpcResult.java",
				"#9":110,
				"#10":"org.apache.dubbo.rpc.protocol.dubbo.DecodeableRpcResult",
				"#11":"decode"
			},
			{
				"#8":"DecodeableRpcResult.java",
				"#9":138,
				"#10":"org.apache.dubbo.rpc.protocol.dubbo.DecodeableRpcResult",
				"#11":"decode"
			},
			{
				"#8":"DecodeHandler.java",
				"#9":62,
				"#10":"org.apache.dubbo.remoting.transport.DecodeHandler",
				"#11":"decode"
			},
			{
				"#8":"DecodeHandler.java",
				"#9":50,
				"#10":"org.apache.dubbo.remoting.transport.DecodeHandler",
				"#11":"received"
			},
			{
				"#8":"ChannelEventRunnable.java",
				"#9":61,
				"#10":"org.apache.dubbo.remoting.transport.dispatcher.ChannelEventRunnable",
				"#11":"run"
			},
			{
				"#8":"ThreadlessExecutor.java",
				"#9":184,
				"#10":"org.apache.dubbo.common.threadpool.ThreadlessExecutor$RunnableWrapper",
				"#11":"run"
			},
			{
				"#8":"ThreadlessExecutor.java",
				"#9":103,
				"#10":"org.apache.dubbo.common.threadpool.ThreadlessExecutor",
				"#11":"waitAndDrain"
			},
			{
				"#8":"AsyncRpcResult.java",
				"#9":194,
				"#10":"org.apache.dubbo.rpc.AsyncRpcResult",
				"#11":"get"
			},
			{
				"#8":"AbstractInvoker.java",
				"#9":277,
				"#10":"org.apache.dubbo.rpc.protocol.AbstractInvoker",
				"#11":"waitForResultIfSync"
			},
			{
				"#8":"AbstractInvoker.java",
				"#9":181,
				"#10":"org.apache.dubbo.rpc.protocol.AbstractInvoker",
				"#11":"invoke"
			},
			{
				"#8":"ListenerInvokerWrapper.java",
				"#9":70,
				"#10":"org.apache.dubbo.rpc.listener.ListenerInvokerWrapper",
				"#11":"invoke"
			},
			{
				"#8":"GenericImplFilter.java",
				"#9":102,
				"#10":"org.apache.dubbo.rpc.filter.GenericImplFilter",
				"#11":"invoke"
			},
			{
				"#8":"FilterChainBuilder.java",
				"#9":327,
				"#10":"org.apache.dubbo.rpc.cluster.filter.FilterChainBuilder$CopyOfFilterChainNode",
				"#11":"invoke"
			},
			{
				"#8":"CacheFilter.java",
				"#9":95,
				"#10":"org.apache.dubbo.cache.filter.CacheFilter",
				"#11":"invoke"
			},
			{
				"#8":"FilterChainBuilder.java",
				"#9":327,
				"#10":"org.apache.dubbo.rpc.cluster.filter.FilterChainBuilder$CopyOfFilterChainNode",
				"#11":"invoke"
			},
			{
				"#8":"FilterChainBuilder.java",
				"#9":194,
				"#10":"org.apache.dubbo.rpc.cluster.filter.FilterChainBuilder$CallbackRegistrationInvoker",
				"#11":"invoke"
			},
			{
				"#8":"AbstractClusterInvoker.java",
				"#9":379,
				"#10":"org.apache.dubbo.rpc.cluster.support.AbstractClusterInvoker",
				"#11":"invokeWithContext"
			},
			{
				"#8":"FailoverClusterInvoker.java",
				"#9":81,
				"#10":"org.apache.dubbo.rpc.cluster.support.FailoverClusterInvoker",
				"#11":"doInvoke"
			},
			{
				"#8":"AbstractClusterInvoker.java",
				"#9":341,
				"#10":"org.apache.dubbo.rpc.cluster.support.AbstractClusterInvoker",
				"#11":"invoke"
			},
			{
				"#8":"RouterSnapshotFilter.java",
				"#9":46,
				"#10":"org.apache.dubbo.rpc.cluster.router.RouterSnapshotFilter",
				"#11":"invoke"
			},
			{
				"#8":"FilterChainBuilder.java",
				"#9":327,
				"#10":"org.apache.dubbo.rpc.cluster.filter.FilterChainBuilder$CopyOfFilterChainNode",
				"#11":"invoke"
			},
			{
				"#8":"MonitorFilter.java",
				"#9":100,
				"#10":"org.apache.dubbo.monitor.support.MonitorFilter",
				"#11":"invoke"
			},
			{
				"#8":"FilterChainBuilder.java",
				"#9":327,
				"#10":"org.apache.dubbo.rpc.cluster.filter.FilterChainBuilder$CopyOfFilterChainNode",
				"#11":"invoke"
			},
			{
				"#8":"FutureFilter.java",
				"#9":52,
				"#10":"org.apache.dubbo.rpc.protocol.dubbo.filter.FutureFilter",
				"#11":"invoke"
			},
			{
				"#8":"FilterChainBuilder.java",
				"#9":327,
				"#10":"org.apache.dubbo.rpc.cluster.filter.FilterChainBuilder$CopyOfFilterChainNode",
				"#11":"invoke"
			},
			{
				"#8":"ConsumerContextFilter.java",
				"#9":108,
				"#10":"org.apache.dubbo.rpc.cluster.filter.support.ConsumerContextFilter",
				"#11":"invoke"
			},
			{
				"#8":"FilterChainBuilder.java",
				"#9":327,
				"#10":"org.apache.dubbo.rpc.cluster.filter.FilterChainBuilder$CopyOfFilterChainNode",
				"#11":"invoke"
			},
			{
				"#8":"FilterChainBuilder.java",
				"#9":194,
				"#10":"org.apache.dubbo.rpc.cluster.filter.FilterChainBuilder$CallbackRegistrationInvoker",
				"#11":"invoke"
			},
			{
				"#8":"AbstractCluster.java",
				"#9":92,
				"#10":"org.apache.dubbo.rpc.cluster.support.wrapper.AbstractCluster$ClusterFilterInvoker",
				"#11":"invoke"
			},
			{
				"#8":"MockClusterInvoker.java",
				"#9":103,
				"#10":"org.apache.dubbo.rpc.cluster.support.wrapper.MockClusterInvoker",
				"#11":"invoke"
			},
			{
				"#8":"MigrationInvoker.java",
				"#9":282,
				"#10":"org.apache.dubbo.registry.client.migration.MigrationInvoker",
				"#11":"invoke"
			},
			{
				"#8":"InvocationUtil.java",
				"#9":56,
				"#10":"org.apache.dubbo.rpc.proxy.InvocationUtil",
				"#11":"invoke"
			},
			{
				"#8":"InvokerInvocationHandler.java",
				"#9":75,
				"#10":"org.apache.dubbo.rpc.proxy.InvokerInvocationHandler",
				"#11":"invoke"
			},
			{
				"#8":"HelloServiceDubboProxy0.java",
				"#9":-1,
				"#10":"org.apache.dubbo.samples.generic.call.api.HelloServiceDubboProxy0",
				"#11":"notImplementedHello"
			},
			{
				"#8":"NativeMethodAccessorImpl.java",
				"#9":-2,
				"#10":"sun.reflect.NativeMethodAccessorImpl",
				"#11":"invoke0"
			},
			{
				"#8":"NativeMethodAccessorImpl.java",
				"#9":62,
				"#10":"sun.reflect.NativeMethodAccessorImpl",
				"#11":"invoke"
			},
			{
				"#8":"DelegatingMethodAccessorImpl.java",
				"#9":43,
				"#10":"sun.reflect.DelegatingMethodAccessorImpl",
				"#11":"invoke"
			},
			{
				"#8":"Method.java",
				"#9":498,
				"#10":"java.lang.reflect.Method",
				"#11":"invoke"
			},
			{
				"#8":"AopUtils.java",
				"#9":333,
				"#10":"org.springframework.aop.support.AopUtils",
				"#11":"invokeJoinpointUsingReflection"
			},
			{
				"#8":"JdkDynamicAopProxy.java",
				"#9":207,
				"#10":"org.springframework.aop.framework.JdkDynamicAopProxy",
				"#11":"invoke"
			},
			{
				"#8":null,
				"#9":-1,
				"#10":"com.sun.proxy.$Proxy23",
				"#11":"notImplementedHello"
			},
			{
				"#8":"HelloServiceIT.java",
				"#9":49,
				"#10":"org.apache.dubbo.samples.generic.call.HelloServiceIT",
				"#11":"testNotImplementedHello"
			},
			{
				"#8":"NativeMethodAccessorImpl.java",
				"#9":-2,
				"#10":"sun.reflect.NativeMethodAccessorImpl",
				"#11":"invoke0"
			},
			{
				"#8":"NativeMethodAccessorImpl.java",
				"#9":62,
				"#10":"sun.reflect.NativeMethodAccessorImpl",
				"#11":"invoke"
			},
			{
				"#8":"DelegatingMethodAccessorImpl.java",
				"#9":43,
				"#10":"sun.reflect.DelegatingMethodAccessorImpl",
				"#11":"invoke"
			},
			{
				"#8":"Method.java",
				"#9":498,
				"#10":"java.lang.reflect.Method",
				"#11":"invoke"
			},
			{
				"#8":"FrameworkMethod.java",
				"#9":50,
				"#10":"org.junit.runners.model.FrameworkMethod$1",
				"#11":"runReflectiveCall"
			},
			{
				"#8":"ReflectiveCallable.java",
				"#9":12,
				"#10":"org.junit.internal.runners.model.ReflectiveCallable",
				"#11":"run"
			},
			{
				"#8":"FrameworkMethod.java",
				"#9":47,
				"#10":"org.junit.runners.model.FrameworkMethod",
				"#11":"invokeExplosively"
			},
			{
				"#8":"InvokeMethod.java",
				"#9":17,
				"#10":"org.junit.internal.runners.statements.InvokeMethod",
				"#11":"evaluate"
			},
			{
				"#8":"RunBeforeTestMethodCallbacks.java",
				"#9":75,
				"#10":"org.springframework.test.context.junit4.statements.RunBeforeTestMethodCallbacks",
				"#11":"evaluate"
			},
			{
				"#8":"RunAfterTestMethodCallbacks.java",
				"#9":86,
				"#10":"org.springframework.test.context.junit4.statements.RunAfterTestMethodCallbacks",
				"#11":"evaluate"
			},
			{
				"#8":"SpringRepeat.java",
				"#9":84,
				"#10":"org.springframework.test.context.junit4.statements.SpringRepeat",
				"#11":"evaluate"
			},
			{
				"#8":"ParentRunner.java",
				"#9":325,
				"#10":"org.junit.runners.ParentRunner",
				"#11":"runLeaf"
			},
			{
				"#8":"SpringJUnit4ClassRunner.java",
				"#9":252,
				"#10":"org.springframework.test.context.junit4.SpringJUnit4ClassRunner",
				"#11":"runChild"
			},
			{
				"#8":"SpringJUnit4ClassRunner.java",
				"#9":94,
				"#10":"org.springframework.test.context.junit4.SpringJUnit4ClassRunner",
				"#11":"runChild"
			},
			{
				"#8":"ParentRunner.java",
				"#9":290,
				"#10":"org.junit.runners.ParentRunner$3",
				"#11":"run"
			},
			{
				"#8":"ParentRunner.java",
				"#9":71,
				"#10":"org.junit.runners.ParentRunner$1",
				"#11":"schedule"
			},
			{
				"#8":"ParentRunner.java",
				"#9":288,
				"#10":"org.junit.runners.ParentRunner",
				"#11":"runChildren"
			},
			{
				"#8":"ParentRunner.java",
				"#9":58,
				"#10":"org.junit.runners.ParentRunner",
				"#11":"access$000"
			},
			{
				"#8":"ParentRunner.java",
				"#9":268,
				"#10":"org.junit.runners.ParentRunner$2",
				"#11":"evaluate"
			},
			{
				"#8":"RunBeforeTestClassCallbacks.java",
				"#9":61,
				"#10":"org.springframework.test.context.junit4.statements.RunBeforeTestClassCallbacks",
				"#11":"evaluate"
			},
			{
				"#8":"RunAfterTestClassCallbacks.java",
				"#9":70,
				"#10":"org.springframework.test.context.junit4.statements.RunAfterTestClassCallbacks",
				"#11":"evaluate"
			},
			{
				"#8":"ParentRunner.java",
				"#9":363,
				"#10":"org.junit.runners.ParentRunner",
				"#11":"run"
			},
			{
				"#8":"SpringJUnit4ClassRunner.java",
				"#9":191,
				"#10":"org.springframework.test.context.junit4.SpringJUnit4ClassRunner",
				"#11":"run"
			},
			{
				"#8":"JUnit4Provider.java",
				"#9":365,
				"#10":"org.apache.maven.surefire.junit4.JUnit4Provider",
				"#11":"execute"
			},
			{
				"#8":"JUnit4Provider.java",
				"#9":273,
				"#10":"org.apache.maven.surefire.junit4.JUnit4Provider",
				"#11":"executeWithRerun"
			},
			{
				"#8":"JUnit4Provider.java",
				"#9":238,
				"#10":"org.apache.maven.surefire.junit4.JUnit4Provider",
				"#11":"executeTestSet"
			},
			{
				"#8":"JUnit4Provider.java",
				"#9":159,
				"#10":"org.apache.maven.surefire.junit4.JUnit4Provider",
				"#11":"invoke"
			},
			{
				"#8":"NativeMethodAccessorImpl.java",
				"#9":-2,
				"#10":"sun.reflect.NativeMethodAccessorImpl",
				"#11":"invoke0"
			},
			{
				"#8":"NativeMethodAccessorImpl.java",
				"#9":62,
				"#10":"sun.reflect.NativeMethodAccessorImpl",
				"#11":"invoke"
			},
			{
				"#8":"DelegatingMethodAccessorImpl.java",
				"#9":43,
				"#10":"sun.reflect.DelegatingMethodAccessorImpl",
				"#11":"invoke"
			},
			{
				"#8":"Method.java",
				"#9":498,
				"#10":"java.lang.reflect.Method",
				"#11":"invoke"
			},
			{
				"#8":"ReflectionUtils.java",
				"#9":206,
				"#10":"org.apache.maven.surefire.util.ReflectionUtils",
				"#11":"invokeMethodWithArray2"
			},
			{
				"#8":"ProviderFactory.java",
				"#9":161,
				"#10":"org.apache.maven.surefire.booter.ProviderFactory$ProviderProxy",
				"#11":"invoke"
			},
			{
				"#8":"ProviderFactory.java",
				"#9":84,
				"#10":"org.apache.maven.surefire.booter.ProviderFactory",
				"#11":"invokeProvider"
			},
			{
				"#8":"ClassloaderSurefireStarter.java",
				"#9":78,
				"#10":"org.apache.dubbo.test.runner.ClassloaderSurefireStarter",
				"#11":"runSuitesInProcess"
			},
			{
				"#8":"TestRunnerMain.java",
				"#9":185,
				"#10":"org.apache.dubbo.test.runner.TestRunnerMain",
				"#11":"main"
			}
		],
		"suppressed#13":[]
	}
}
{"v0000":[0],"v0001":[],"v0002":[0,0]}
1
{
	"@type":"com.alibaba.fastjson2.aliyun.MapGhostTest$MapGhost#0",
	"@value":{
		"name":"abc",
		"$super$":{
			"@type":"M#1",
			"@value":{
				"name":123
			}
		}
	}
}
{
	"@type":"com.alibaba.fastjson2.eishay.vo.MediaContent#0",
	"@value":[
		[
			[
				768,
				1,
				"Javaone Keynote",
				"http://javaone.com/keynote_large.jpg",
				1024
			],
			[
				240,
				0,
				"Javaone Keynote",
				"http://javaone.com/keynote_small.jpg",
				320
			]
		],
		[
			262144,
			null,
			18000000,
			"video/mpg4",
			480,
			[
				"Bill Gates",
				"Steve Jobs"
			],
			0,
			58982400,
			"Javaone Keynote",
			"http://javaone.com/keynote.mpg",
			640
		]
	]
}
{
	"@type":"com.alibaba.fastjson2.arraymapping.EishayTest$Sample",
	"@value":[
		[
			true,
			false
		],
		false,
		"AB",
		"\u0000",
		[
			1.0,
			2.0,
			3.0
		],
		0.0,
		[
			1.0,
			2.0,
			3.0
		],
		0.0,
		[
			1,
			2
		],
		101,
		[
			1,
			2
		],
		1001,
		null,
		[
			1,
			2
		],
		0,
		null
	]
}
com.alibaba.fastjson2.issues_2400.Issue2440$Bean@705a793a
{"first_name":"wenshao","id":123}
{"courseId":"6bad799a1c894893bedade17215244a1","userId":"4b99d48f87f84868a59aa3b3ce82fd56"}
{
	"@type":"com.alibaba.fastjson2.eishay.vo.MediaContent",
	"@value":[
		[
			[
				768,
				1,
				"Javaone Keynote",
				"http://javaone.com/keynote_large.jpg",
				1024
			],
			[
				240,
				0,
				"Javaone Keynote",
				"http://javaone.com/keynote_small.jpg",
				320
			]
		],
		[
			262144,
			null,
			18000000,
			"video/mpg4",
			480,
			[
				"Bill Gates",
				"Steve Jobs"
			],
			0,
			58982400,
			"Javaone Keynote",
			"http://javaone.com/keynote.mpg",
			640
		]
	]
}
[[[768,1,"Javaone Keynote","http://javaone.com/keynote_large.jpg",1024],[240,0,"Javaone Keynote","http://javaone.com/keynote_small.jpg",320]],[262144,null,18000000,"video/mpg4",480,["Bill Gates","Steve Jobs"],0,58982400,"Javaone Keynote","http://javaone.com/keynote.mpg",640]]
{
	"@type":"com.alibaba.fastjson2.eishay.vo.MediaContent#0",
	"@value":{
		"images#1":[
			{
				"height#2":768,
				"size#3":1,
				"title#4":"Javaone Keynote",
				"uri#5":"http://javaone.com/keynote_large.jpg",
				"width#6":1024
			},
			{
				"#2":240,
				"#3":0,
				"#4":"Javaone Keynote",
				"#5":"http://javaone.com/keynote_small.jpg",
				"#6":320
			}
		],
		"media#7":{
			"bitrate#8":262144,
			"duration#9":18000000,
			"format#10":"video/mpg4",
			"#2":480,
			"persons#11":[
				"Bill Gates",
				"Steve Jobs"
			],
			"player#12":0,
			"#3":58982400,
			"#4":"Javaone Keynote",
			"#5":"http://javaone.com/keynote.mpg",
			"#6":640
		}
	}
}
[
	[
		[
			768,
			1,
			"Javaone Keynote",
			"http://javaone.com/keynote_large.jpg",
			1024
		],
		[
			240,
			0,
			"Javaone Keynote",
			"http://javaone.com/keynote_small.jpg",
			320
		]
	],
	[
		262144,
		null,
		18000000,
		"video/mpg4",
		480,
		[
			"Bill Gates",
			"Steve Jobs"
		],
		0,
		58982400,
		"Javaone Keynote",
		"http://javaone.com/keynote.mpg",
		640
	]
]
{"values":{"100":[{"id":1001},{"id":1002}],"200":[{"id":2001},{"id":2002}]}}
millis : 265
millis : 235
[name, weight, age]
CSVReaderTest.Person(name=张三, weight=68.2, age=32)
CSVReaderTest.Person(name=李四, weight=75.6, age=28)
[name, weight, age]
CSVReaderTest.Person(name=张三, weight=68.2, age=32)
CSVReaderTest.Person(name=李四, weight=75.6, age=28)
{
	"@type":"com.alibaba.fastjson2.support.ApacheTripleTest$Bean#0",
	"@value":{
		"triple":{
			"@type":"org.apache.commons.lang3.tuple.MutableTriple#1",
			"@value":{
				"left":101,
				"middle":102,
				"right":103
			}
		}
	}
}
{
	"@type":"com.alibaba.fastjson2.support.ApacheTripleTest$Bean#0",
	"@value":{
		"triple":{
			"@type":"org.apache.commons.lang3.tuple.ImmutableTriple#1",
			"@value":{
				"left":101,
				"middle":102,
				"right":103
			}
		}
	}
}
{
	"high":{
		"value":"H"
	},
	"low":{
		"value":"L"
	},
	"mid":{
		"value":"M"
	}
}
Tue Oct 15 10:02:26 CST 2024
Enum Item: LOCKED
JVM_VERSION : 25
-9214723784238596577L,
-9030616758866828325L,
-8335274122997354104L,
-6963030519018899258L,
-4863137578837233966L,
-3653547262287832698L,
-2819277587813726773L,
-2669552864532011468L,
-2458634727370886912L,
-2291619803571459675L,
-1811306045128064037L,
-864440709753525476L,
-779604756358333743L,
8731803887940231L,
1616814008855344660L,
2164749833121980361L,
2688642392827789427L,
3724195282986200606L,
3742915795806478647L,
3977020351318456359L,
4775491097662790952L,
4882459834864833642L,
6033839080488254886L,
7981148566008458638L,
8344106065386396833L,
9215465129261900012L,
27545
27545
1	[1]
2	[2]
3	[3]
4	[4]
5	[5]
6	[6]
7	[7]
8	[8]
9	[9]
10	[10]
11	[11]
12	[12]
13	[13]
14	[14]
15	[15]
16	[16]
17	[17]
18	[18]
19	[19]
20	[20]
21	[21]
22	[22]
23	[23]
24	[24]
25	[25]
26	[26]
27	[27]
28	[28]
29	[29]
30	[30]
31	[31]
32	[32]
33	[33]
34	[34]
35	[35]
36	[36]
37	[37]
38	[38]
39	[39]
40	[40]
41	[41]
42	[42]
43	[43]
44	[44]
45	[45]
46	[46]
47	[47]
48	[48]
49	[49]
50	[50]
51	[51]
52	[52]
53	[53]
54	[54]
55	[55]
56	[56]
57	[57]
58	[58]
59	[59]
60	[60]
61	[61]
62	[62]
63	[63]
64	[64]
65	[65]
66	[66]
67	[67]
68	[68]
69	[69]
70	[70]
71	[71]
72	[72]
73	[73]
74	[74]
75	[75]
76	[76]
77	[77]
78	[78]
79	[79]
80	[80]
81	[81]
82	[82]
83	[83]
84	[84]
85	[85]
86	[86]
87	[87]
88	[88]
89	[89]
90	[90]
91	[91]
92	[92]
93	[93]
94	[94]
95	[95]
96	[96]
97	[97]
98	[98]
99	[99]
100	[100]
101	[101]
102	[102]
103	[103]
104	[104]
105	[105]
106	[106]
107	[107]
108	[108]
109	[109]
110	[110]
111	[111]
112	[112]
113	[113]
114	[114]
115	[115]
116	[116]
117	[117]
118	[118]
119	[119]
120	[120]
121	[121]
122	[122]
123	[123]
124	[124]
125	[125]
126	[126]
127	[127]
128	[-62, -128]
129	[-62, -127]
130	[-62, -126]
131	[-62, -125]
132	[-62, -124]
133	[-62, -123]
134	[-62, -122]
135	[-62, -121]
136	[-62, -120]
137	[-62, -119]
138	[-62, -118]
139	[-62, -117]
140	[-62, -116]
141	[-62, -115]
142	[-62, -114]
143	[-62, -113]
144	[-62, -112]
145	[-62, -111]
146	[-62, -110]
147	[-62, -109]
148	[-62, -108]
149	[-62, -107]
150	[-62, -106]
151	[-62, -105]
152	[-62, -104]
153	[-62, -103]
154	[-62, -102]
155	[-62, -101]
156	[-62, -100]
157	[-62, -99]
158	[-62, -98]
159	[-62, -97]
160	[-62, -96]
161	[-62, -95]
162	[-62, -94]
163	[-62, -93]
164	[-62, -92]
165	[-62, -91]
166	[-62, -90]
167	[-62, -89]
168	[-62, -88]
169	[-62, -87]
170	[-62, -86]
171	[-62, -85]
172	[-62, -84]
173	[-62, -83]
174	[-62, -82]
175	[-62, -81]
176	[-62, -80]
177	[-62, -79]
178	[-62, -78]
179	[-62, -77]
180	[-62, -76]
181	[-62, -75]
182	[-62, -74]
183	[-62, -73]
184	[-62, -72]
185	[-62, -71]
186	[-62, -70]
187	[-62, -69]
188	[-62, -68]
189	[-62, -67]
190	[-62, -66]
191	[-62, -65]
192	[-61, -128]
193	[-61, -127]
194	[-61, -126]
195	[-61, -125]
196	[-61, -124]
197	[-61, -123]
198	[-61, -122]
199	[-61, -121]
200	[-61, -120]
201	[-61, -119]
202	[-61, -118]
203	[-61, -117]
204	[-61, -116]
205	[-61, -115]
206	[-61, -114]
207	[-61, -113]
208	[-61, -112]
209	[-61, -111]
210	[-61, -110]
211	[-61, -109]
212	[-61, -108]
213	[-61, -107]
214	[-61, -106]
215	[-61, -105]
216	[-61, -104]
217	[-61, -103]
218	[-61, -102]
219	[-61, -101]
220	[-61, -100]
221	[-61, -99]
222	[-61, -98]
223	[-61, -97]
224	[-61, -96]
225	[-61, -95]
226	[-61, -94]
227	[-61, -93]
228	[-61, -92]
229	[-61, -91]
230	[-61, -90]
231	[-61, -89]
232	[-61, -88]
233	[-61, -87]
234	[-61, -86]
235	[-61, -85]
236	[-61, -84]
237	[-61, -83]
238	[-61, -82]
239	[-61, -81]
240	[-61, -80]
241	[-61, -79]
242	[-61, -78]
243	[-61, -77]
244	[-61, -76]
245	[-61, -75]
246	[-61, -74]
247	[-61, -73]
248	[-61, -72]
249	[-61, -71]
250	[-61, -70]
251	[-61, -69]
252	[-61, -68]
253	[-61, -67]
254	[-61, -66]
255	[-61, -65]
0.1287900005618242 -> 0.12879000056182421
0.630680600824922 -> 0.6306806008249221
0.4601799081898513 -> 0.46017990818985133
0.4462232647305652 -> 0.44622326473056517
0.621256486574639 -> 0.6212564865746391
0.2470082228733015 -> 0.24700822287330149
0.632886989158224 -> 0.6328869891582239
0.762543150588814 -> 0.7625431505888139
0.783719653002312 -> 0.7837196530023119
0.1030004966243716 -> 0.10300049662437161
0.1590432897268549 -> 0.15904328972685489
0.4976175730725447 -> 0.49761757307254473
0.4560705786847776 -> 0.45607057868477763
0.184743483067889 -> 0.18474348306788901
0.824954617601592 -> 0.8249546176015921
0.784030701375729 -> 0.7840307013757289
0.1830475046136779 -> 0.18304750461367791
0.896338014303316 -> 0.8963380143033161
0.2795742280061356 -> 0.27957422800613563
0.01657445766369736 -> 0.016574457663697362
0.122134215570594 -> 0.12213421557059401
0.2489713312319526 -> 0.24897133123195259
0.710166613880372 -> 0.7101666138803721
0.1985420474905394 -> 0.19854204749053939
0.4419035432195835 -> 0.44190354321958347
0.994522753977717 -> 0.9945227539777169
0.1767498052640709 -> 0.17674980526407091
0.635595370163827 -> 0.6355953701638269
0.568727769688883 -> 0.5687277696888829
0.1410148740020538 -> 0.14101487400205381
0.1571571052525189 -> 0.15715710525251891
0.02870612230930558 -> 0.028706122309305582
0.3481828992490065 -> 0.34818289924900647
0.0267881644677308 -> 0.026788164467730802
0.3381648892367837 -> 0.33816488923678367
0.835419612222218 -> 0.8354196122222181
0.0299897977256276 -> 0.029989797725627598
0.03285199347217738 -> 0.032851993472177377
0.4250009939488332 -> 0.42500099394883317
0.804633170498048 -> 0.8046331704980479
0.701241821409402 -> 0.7012418214094021
0.674403015730555 -> 0.6744030157305551
0.927173893203805 -> 0.9271738932038051
0.4484504230244514 -> 0.44845042302445137
0.834704676398278 -> 0.8347046763982779
0.663179348223567 -> 0.6631793482235669
0.4099226441842099 -> 0.40992264418420987
0.05585209014235459 -> 0.055852090142354593
0.567066836364228 -> 0.5670668363642281
0.3526524638510595 -> 0.35265246385105953
0.3331494404048225 -> 0.33314944040482253
0.66880207398732 -> 0.6688020739873199
0.727138417294729 -> 0.7271384172947289
0.501397979606166 -> 0.5013979796061661
0.947079823231953 -> 0.9470798232319531
0.3278441392582295 -> 0.32784413925822953
0.0780949324932163 -> 0.07809493249321631
0.75476340921474 -> 0.7547634092147401
0.2670176215535566 -> 0.26701762155355657
0.819672148899177 -> 0.8196721488991771
0.74288805765839 -> 0.7428880576583901
0.669338089715869 -> 0.6693380897158689
0.3987249918039871 -> 0.39872499180398713
0.1863159962840958 -> 0.18631599628409579
0.2085538862943319 -> 0.20855388629433191
0.01380815118662193 -> 0.013808151186621931
0.882965429963046 -> 0.8829654299630459
0.2752872740321958 -> 0.27528727403219577
0.753305057010279 -> 0.7533050570102789
0.777632554633438 -> 0.7776325546334379
0.945890810735803 -> 0.9458908107358029
0.1459390482283731 -> 0.14593904822837311
0.839818384788173 -> 0.8398183847881729
0.1362460283804625 -> 0.13624602838046251
0.645213289962906 -> 0.6452132899629059
0.629619331829188 -> 0.6296193318291879
0.578220085117853 -> 0.5782200851178531
0.944379397982335 -> 0.9443793979823349
0.983138794444746 -> 0.9831387944447459
0.184142684286958 -> 0.18414268428695801
0.621584938393344 -> 0.6215849383933441
0.3968660422652385 -> 0.39686604226523847
0.403874425210311 -> 0.40387442521031103
0.740807600632231 -> 0.7408076006322309
0.629028796842866 -> 0.6290287968428659
0.3947643131838732 -> 0.39476431318387317
0.1336054864981049 -> 0.13360548649810489
0.759746648286658 -> 0.7597466482866581
0.3185912355681704 -> 0.31859123556817037
0.4054863589733744 -> 0.40548635897337437
0.975264987762058 -> 0.9752649877620581
0.1470115057082685 -> 0.14701150570826849
0.3958114999763718 -> 0.39581149997637177
0.917286360162268 -> 0.9172863601622681
0.2845924756063479 -> 0.28459247560634793
0.2497470895125702 -> 0.24974708951257019
0.925074911015557 -> 0.9250749110155571
0.59463543993397 -> 0.5946354399339699
0.1193492904134641 -> 0.11934929041346409
0.1596786767323327 -> 0.15967867673233271
0.529034484051706 -> 0.5290344840517061
0.04171069216502565 -> 0.041710692165025653
0.2298560398973961 -> 0.22985603989739611
0.2887252911109566 -> 0.28872529111095657
0.671956429743577 -> 0.6719564297435771
0.339749296184124 -> 0.33974929618412397
0.3296890689109854 -> 0.32968906891098537
0.927802161352902 -> 0.9278021613529021
0.4545477278971016 -> 0.45454772789710163
0.2493929112856864 -> 0.24939291128568641
0.1880860610815729 -> 0.18808606108157289
0.2328965604749237 -> 0.23289656047492369
0.568682809766969 -> 0.5686828097669691
0.79887552459451 -> 0.7988755245945099
0.639687520007791 -> 0.6396875200077911
0.165693635485179 -> 0.16569363548517901
0.4028360839938602 -> 0.40283608399386017
0.2247659236948958 -> 0.22476592369489579
0.3031152048671443 -> 0.30311520486714427
0.1878557333756775 -> 0.18785573337567751
0.002246339974666278 -> 0.0022463399746662782
0.0923774726022265 -> 0.09237747260222651
0.004998350926313178 -> 0.0049983509263131776
0.2417748119698616 -> 0.24177481196986161
0.731126353452 -> 0.7311263534520001
0.2446231280592467 -> 0.24462312805924669
0.553494415449929 -> 0.5534944154499289
0.960982356430856 -> 0.9609823564308561
0.987645132963965 -> 0.9876451329639649
0.721612671761447 -> 0.7216126717614471
0.889022652104486 -> 0.8890226521044861
0.0827526279511498 -> 0.08275262795114979
0.857880802438515 -> 0.8578808024385151
0.1961516704586206 -> 0.19615167045862059
0.04177046230332759 -> 0.041770462303327593
0.700326170075595 -> 0.7003261700755949
0.963359347198742 -> 0.9633593471987421
0.882732109220076 -> 0.8827321092200761
0.44483509501422 -> 0.44483509501422003
0.819795882252982 -> 0.8197958822529821
0.4846101090236066 -> 0.48461010902360657
0.916330577625108 -> 0.9163305776251079
0.785871250489036 -> 0.7858712504890361
0.4159022728831894 -> 0.41590227288318937
0.937577984777689 -> 0.9375779847776891
0.4196961449538055 -> 0.41969614495380547
0.1688612583167899 -> 0.16886125831678989
0.666543982127279 -> 0.6665439821272791
0.910145564848791 -> 0.9101455648487911
0.889798918930297 -> 0.8897989189302969
0.795800332680555 -> 0.7958003326805549
0.880029370680042 -> 0.8800293706800419
0.3061892786031781 -> 0.30618927860317813
0.53941805927059 -> 0.5394180592705899
0.368141412326945 -> 0.36814141232694497
0.3325147755066096 -> 0.33251477550660957
0.967498070417736 -> 0.9674980704177359
0.322877230705196 -> 0.32287723070519603
0.655058660210665 -> 0.6550586602106649
0.522393013278939 -> 0.5223930132789389
0.965718918700536 -> 0.9657189187005361
0.583275015120508 -> 0.5832750151205079
0.1655803117187543 -> 0.16558031171875431
0.962274358259328 -> 0.9622743582593281
0.969726779481835 -> 0.9697267794818351
0.0790021200158132 -> 0.07900212001581319
0.1952007585774337 -> 0.19520075857743369
0.04008091806428404 -> 0.040080918064284043
0.1438029966944082 -> 0.14380299669440821
0.771868144385985 -> 0.7718681443859851
0.223950792635234 -> 0.22395079263523399
0.683529485846536 -> 0.6835294858465359
0.704827613634396 -> 0.7048276136343961
0.138585999725806 -> 0.13858599972580599
0.1629420469456727 -> 0.16294204694567271
0.4026786514684981 -> 0.40267865146849813
0.68434788373048 -> 0.6843478837304801
0.1239173667563035 -> 0.12391736675630349
0.93843329278755 -> 0.9384332927875501
0.563021513244992 -> 0.5630215132449919
0.2141167936036351 -> 0.21411679360363511
0.04113867030711316 -> 0.041138670307113157
0.2740339691087815 -> 0.27403396910878153
0.706513747947421 -> 0.7065137479474209
0.853170197974986 -> 0.8531701979749861
0.2230589162878963 -> 0.22305891628789631
0.2182045301766007 -> 0.21820453017660069
0.550933996441828 -> 0.5509339964418279
0.1217728147133934 -> 0.12177281471339341
0.968157256807263 -> 0.9681572568072629
0.1464378370948516 -> 0.14643783709485159
0.917478631069438 -> 0.9174786310694381
0.65535858713056 -> 0.6553585871305601
0.0323916686073118 -> 0.032391668607311797
0.4510658037503327 -> 0.45106580375033267
0.2067275848929193 -> 0.20672758489291931
0.3497107390953966 -> 0.34971073909539663
0.3313503387485425 -> 0.33135033874854247
0.3984039541319708 -> 0.39840395413197083
0.1966597482026783 -> 0.19665974820267829
0.826780010717656 -> 0.8267800107176561
0.3974253751196202 -> 0.39742537511962017
0.663851290004354 -> 0.6638512900043541
0.2510589439106998 -> 0.25105894391069983
0.1723412360562495 -> 0.17234123605624951
0.841492337013031 -> 0.8414923370130311
0.508734377143298 -> 0.5087343771432981
0.995544302396212 -> 0.9955443023962121
0.4394569230751528 -> 0.43945692307515283
0.950619600677234 -> 0.9506196006772339
0.920316312431048 -> 0.9203163124310479
0.1755112497965612 -> 0.17551124979656119
0.1461251032595242 -> 0.14612510325952421
0.2472707282659138 -> 0.24727072826591379
0.1169926090438329 -> 0.11699260904383291
0.186104345272308 -> 0.18610434527230801
0.851632136457458 -> 0.8516321364574581
0.03133970272401276 -> 0.031339702724012763
0.843687143497101 -> 0.8436871434971011
0.2470056598091145 -> 0.24700565980911449
0.06228890002583665 -> 0.062288900025836647
0.3018573540954195 -> 0.30185735409541947
0.3496425985987133 -> 0.34964259859871327
0.578987477045735 -> 0.5789874770457351
0.660451002723698 -> 0.6604510027236981
0.928206585394104 -> 0.9282065853941039
0.3271002929222597 -> 0.32710029292225973
0.0665589946598849 -> 0.06655899465988491
0.80128884501823 -> 0.8012888450182299
0.796105205652268 -> 0.7961052056522681
0.04624042025712383 -> 0.046240420257123827
0.3791196574872642 -> 0.37911965748726417
0.3017782745898204 -> 0.30177827458982043
0.842207126912282 -> 0.8422071269122819
0.3202370282064467 -> 0.32023702820644673
0.541151825452932 -> 0.5411518254529319
0.1193747274122735 -> 0.11937472741227351
0.0761537852449874 -> 0.07615378524498739
0.4889081578972094 -> 0.48890815789720943
0.4900633972888431 -> 0.49006339728884307
0.780960582246293 -> 0.7809605822462929
0.567264620606934 -> 0.5672646206069339
0.927804876969268 -> 0.9278048769692681
0.1431457618709744 -> 0.14314576187097439
0.1625604055273039 -> 0.16256040552730389
0.2338926630041991 -> 0.23389266300419909
0.1616946550980045 -> 0.16169465509800451
0.001731244827141598 -> 0.0017312448271415981
0.590834883064909 -> 0.5908348830649091
0.533896761261135 -> 0.5338967612611351
0.969687652886078 -> 0.9696876528860781
0.643885218491486 -> 0.6438852184914861
0.4657766142680346 -> 0.46577661426803463
0.3301714799036434 -> 0.33017147990364337
0.511498290424863 -> 0.5114982904248629
0.580117785057571 -> 0.5801177850575709
0.2084319503839588 -> 0.20843195038395879
0.03854783444606125 -> 0.038547834446061247
0.3352244540932868 -> 0.33522445409328683
0.587173389648249 -> 0.5871733896482489
0.776178339543869 -> 0.7761783395438689
0.185093874448213 -> 0.18509387444821301
0.02597775294913174 -> 0.025977752949131738
0.2829014730616147 -> 0.28290147306161473
0.4132639249212888 -> 0.41326392492128883
0.03388002181829863 -> 0.033880021818298633
0.923904135561535 -> 0.9239041355615349
0.05050494587543242 -> 0.050504945875432417
0.975475799030947 -> 0.9754757990309471
0.066520247213665 -> 0.06652024721366501
0.1472962636549109 -> 0.14729626365491089
0.0785070083888827 -> 0.07850700838888269
0.2214931884290504 -> 0.22149318842905041
0.55574241553789 -> 0.5557424155378901
0.2475584114512729 -> 0.24755841145127289
0.757704773792024 -> 0.7577047737920239
0.3369262123718266 -> 0.33692621237182663
0.417357909844878 -> 0.41735790984487797
0.383940768748222 -> 0.38394076874822203
0.2442662156684169 -> 0.24426621566841689
0.540862039217127 -> 0.5408620392171271
0.3378961945789207 -> 0.33789619457892073
0.0965973318390888 -> 0.09659733183908881
0.1357591905835175 -> 0.13575919058351749
0.3198405552274384 -> 0.31984055522743837
0.573454429299808 -> 0.5734544292998081
0.901823575052838 -> 0.9018235750528379
0.2296265813722317 -> 0.22962658137223169
0.1474986972755261 -> 0.14749869727552611
0.4207066299468393 -> 0.42070662994683927
0.03167919817176457 -> 0.031679198171764567
0.1667503626342174 -> 0.16675036263421739
0.05763233988379746 -> 0.057632339883797457
0.4093559455458953 -> 0.40935594554589527
0.628384762586848 -> 0.6283847625868479
0.658178544548013 -> 0.6581785445480129
0.957522908946355 -> 0.9575229089463549
0.3481811818561312 -> 0.34818118185613123
0.01445293385347557 -> 0.014452933853475569
0.574126058800632 -> 0.5741260588006321
0.2631507516718605 -> 0.26315075167186053
0.2603172700732653 -> 0.26031727007326533
0.461860263652802 -> 0.46186026365280197
0.345103021784017 -> 0.34510302178401697
0.746160339353725 -> 0.7461603393537251
0.929376323619375 -> 0.9293763236193751
0.3441793903298557 -> 0.34417939032985567
0.520568898286004 -> 0.5205688982860039
0.949342692499551 -> 0.9493426924995511
0.2419550223201027 -> 0.24195502232010269
0.6969854770601 -> 0.6969854770600999
0.566188576360314 -> 0.5661885763603141
0.3260155948191997 -> 0.32601559481919973
0.03001010214042177 -> 0.030010102140421768
0.0901933024866357 -> 0.09019330248663571
0.3164538236904266 -> 0.31645382369042663
0.62648162905318 -> 0.6264816290531799
0.890288501669596 -> 0.8902885016695961
0.506114843191177 -> 0.5061148431911771
0.01564011408720767 -> 0.015640114087207668
0.761972758233809 -> 0.7619727582338091
0.04190090585485318 -> 0.041900905854853177
0.1936184721182551 -> 0.19361847211825511
0.3559454960235304 -> 0.35594549602353043
0.2263680548450724 -> 0.22636805484507239
0.622466378704084 -> 0.6224663787040839
0.2817099246777027 -> 0.28170992467770273
0.886183418950029 -> 0.8861834189500289
0.96877102307488 -> 0.9687710230748801
0.93900647810165 -> 0.9390064781016501
0.60925637348792 -> 0.6092563734879201
0.3278566704986767 -> 0.32785667049867673
0.996342890337303 -> 0.9963428903373031
0.80567207693199 -> 0.8056720769319901
0.514468410693597 -> 0.5144684106935969
0.4855183837588605 -> 0.48551838375886047
0.489726185944761 -> 0.48972618594476103
0.4512139509967035 -> 0.45121395099670347
0.531099759175857 -> 0.5310997591758569
0.267856647818179 -> 0.26785664781817897
0.995239674548622 -> 0.9952396745486221
0.500816841450409 -> 0.5008168414504089
0.705034070118639 -> 0.7050340701186389
0.2668890221101686 -> 0.26688902211016863
0.737109625159657 -> 0.7371096251596569
0.804688286734975 -> 0.8046882867349749
0.727525112864085 -> 0.7275251128640851
0.507290593211217 -> 0.5072905932112169
0.871560624538188 -> 0.8715606245381879
0.765855145822604 -> 0.7658551458226041
0.3467018386831415 -> 0.34670183868314153
0.998582587504732 -> 0.9985825875047321
0.0884886281325672 -> 0.08848862813256719
0.822857973156014 -> 0.8228579731560141
0.1843484473890976 -> 0.18434844738909761
0.864046694136894 -> 0.8640466941368939
0.3817849021937261 -> 0.38178490219372607
0.899129229311806 -> 0.8991292293118061
0.1500654152905153 -> 0.15006541529051531
0.1593755571133013 -> 0.15937555711330131
0.96849179157352 -> 0.9684917915735199
0.3233027300501293 -> 0.32330273005012933
0.4895509553751414 -> 0.48955095537514137
0.722097713912284 -> 0.7220977139122839
0.2131666033776871 -> 0.21316660337768711
0.1475916387677947 -> 0.14759163876779469
0.772560438564662 -> 0.7725604385646621
0.1322472632051266 -> 0.13224726320512659
0.02010692920113555 -> 0.020106929201135548
0.1347868639580624 -> 0.13478686395806239
0.4795341464450322 -> 0.47953414644503223
0.2293529016392475 -> 0.22935290163924749
0.62395121347443 -> 0.6239512134744301
0.2687243675045419 -> 0.26872436750454187
0.1860062340034737 -> 0.18600623400347371
0.2403911188391782 -> 0.24039111883917819
0.0642096560120008 -> 0.06420965601200079
0.971805516843327 -> 0.9718055168433271
0.503550325908314 -> 0.5035503259083139
0.1637581838238268 -> 0.16375818382382679
0.888581399486084 -> 0.8885813994860839
0.4810299148995065 -> 0.48102991489950653
0.1615686925646833 -> 0.16156869256468331
0.925434554570779 -> 0.9254345545707791
0.506237022662198 -> 0.5062370226621981
0.4698120447893884 -> 0.46981204478938843
0.971797677424799 -> 0.9717976774247989
0.912636981823505 -> 0.9126369818235049
0.3809129913004973 -> 0.38091299130049727
0.4388732033173183 -> 0.43887320331731827
0.649195222672659 -> 0.6491952226726589
0.1999497835744002 -> 0.19994978357440019
0.705592975812181 -> 0.7055929758121809
0.742295571406901 -> 0.7422955714069009
0.974427387583575 -> 0.9744273875835751
0.3438557907079067 -> 0.34385579070790673
0.2399717681657315 -> 0.23997176816573151
0.2022950328857578 -> 0.20229503288575779
0.04198826165178993 -> 0.041988261651789927
0.0916783489247135 -> 0.09167834892471349
0.04096499215372695 -> 0.040964992153726953
0.817151531686443 -> 0.8171515316864429
0.1971793788851154 -> 0.19717937888511539
0.2169863508185952 -> 0.21698635081859519
0.2453177333192713 -> 0.24531773331927131
0.3672178575530263 -> 0.36721785755302627
0.1532166166165463 -> 0.15321661661654629
0.726829973186986 -> 0.7268299731869859
0.723973518674006 -> 0.7239735186740059
0.825104850452617 -> 0.8251048504526169
0.97460058653803 -> 0.9746005865380299
0.982340036485779 -> 0.9823400364857789
0.784139820929803 -> 0.7841398209298031
0.789030669720097 -> 0.7890306697200971
0.939907332062695 -> 0.9399073320626949
0.612783370401006 -> 0.6127833704010059
0.2269743451358225 -> 0.22697434513582249
0.670703479585883 -> 0.6707034795858829
0.1769644781040942 -> 0.17696447810409421
0.639410672556672 -> 0.6394106725566721
0.668944026869218 -> 0.6689440268692179
0.828423609628197 -> 0.8284236096281971
0.470345090315719 -> 0.47034509031571903
0.883996941007615 -> 0.8839969410076149
0.766100014670203 -> 0.7661000146702029
0.688294040142093 -> 0.6882940401420931
0.861046059742476 -> 0.8610460597424761
0.2435892871952514 -> 0.24358928719525141
0.84811189246016 -> 0.8481118924601601
0.972852741536193 -> 0.9728527415361931
0.3234689857363304 -> 0.32346898573633043
0.196602202946752 -> 0.19660220294675201
0.02020825099335599 -> 0.020208250993355992
0.1510828057673579 -> 0.15108280576735789
0.4398398684756957 -> 0.43983986847569567
0.713280439524623 -> 0.7132804395246229
0.678481751763717 -> 0.6784817517637169
0.2399971881448867 -> 0.23999718814488669
0.4183597577300949 -> 0.41835975773009493
0.2877488417361799 -> 0.28774884173617987
0.1780492916646952 -> 0.17804929166469519
0.1267221429414883 -> 0.12672214294148831
0.4262708313220612 -> 0.42627083132206123
0.536470595904253 -> 0.5364705959042529
0.3797892056614042 -> 0.37978920566140417
0.0633143733005661 -> 0.06331437330056611
0.06203187590734471 -> 0.062031875907344713
0.2748433291209397 -> 0.27484332912093967
0.29476435572029 -> 0.29476435572029003
0.87348326518253 -> 0.8734832651825301
0.4579676116726141 -> 0.45796761167261413
0.98924859052163 -> 0.9892485905216299
0.977496010094765 -> 0.9774960100947651
0.3216882270503926 -> 0.32168822705039257
0.725846492407554 -> 0.7258464924075539
0.3857493474444115 -> 0.38574934744441147
0.4797481420713611 -> 0.47974814207136107
0.777726657145625 -> 0.7777266571456251
0.992932402300507 -> 0.9929324023005071
0.952159615032314 -> 0.9521596150323141
0.978252910928677 -> 0.9782529109286771
0.182991033629871 -> 0.18299103362987101
0.1395925368510018 -> 0.13959253685100181
0.04288566177019126 -> 0.042885661770191263
0.98575964174281 -> 0.9857596417428101
0.3416689103401854 -> 0.34166891034018543
0.2514155249844022 -> 0.25141552498440223
0.2769157807943117 -> 0.27691578079431167
0.1994427517470201 -> 0.19944275174702009
0.3465500074494339 -> 0.34655000744943387
0.05784867134070815 -> 0.057848671340708147
0.2894818478613779 -> 0.28948184786137787
0.4136967732634452 -> 0.41369677326344523
0.3167559257778991 -> 0.31675592577789913
0.860067790393303 -> 0.8600677903933031
0.05690159343718992 -> 0.056901593437189923
0.05472621097102481 -> 0.054726210971024813
0.996628860186693 -> 0.9966288601866931
0.604874113697978 -> 0.6048741136979781
0.1219059563201026 -> 0.12190595632010259
0.01848214802927939 -> 0.018482148029279388
0.753998600897755 -> 0.7539986008977549
0.706658276988195 -> 0.7066582769881951
0.875818862295 -> 0.8758188622949999
0.3438417884270559 -> 0.34384178842705593
0.853870740001133 -> 0.8538707400011331
0.824287994082122 -> 0.8242879940821221
0.507195062857348 -> 0.5071950628573479
0.3145748539991087 -> 0.31457485399910867
0.637767525405113 -> 0.6377675254051129
0.805850317685396 -> 0.8058503176853959
0.867540085740028 -> 0.8675400857400281
0.631545528200327 -> 0.6315455282003271
0.689198329357605 -> 0.6891983293576051
0.4830866569145639 -> 0.48308665691456387
0.560535631681572 -> 0.5605356316815721
0.697505927570577 -> 0.6975059275705769
0.583888044946341 -> 0.5838880449463409
0.1056751595709381 -> 0.10567515957093809
0.3109851270774803 -> 0.31098512707748027
0.274592602538517 -> 0.27459260253851703
0.4298525368074885 -> 0.42985253680748847
0.01399560259755006 -> 0.013995602597550061
0.2430236358542225 -> 0.24302363585422249
0.581964999774851 -> 0.5819649997748511
0.665022156110814 -> 0.6650221561108139
0.526913520282212 -> 0.5269135202822119
0.647372346173196 -> 0.6473723461731959
0.853047130506911 -> 0.8530471305069111
0.1588586042733484 -> 0.15885860427334841
0.467492080524018 -> 0.46749208052401803
0.616057987785881 -> 0.6160579877858809
0.91982772502797 -> 0.9198277250279699
0.0961694819994885 -> 0.09616948199948849
0.1816523113410453 -> 0.18165231134104531
0.728644557993191 -> 0.7286445579931911
0.3802113754918722 -> 0.38021137549187223
0.0871535294387994 -> 0.08715352943879939
0.575731999368086 -> 0.5757319993680859
0.4095397934711901 -> 0.40953979347119007
0.961925439459761 -> 0.9619254394597609
0.664851123864519 -> 0.6648511238645189
0.0832576291026682 -> 0.08325762910266821
0.3255012087674721 -> 0.32550120876747213
0.691285120777063 -> 0.6912851207770629
0.81645544777647 -> 0.8164554477764699
0.634921424762455 -> 0.6349214247624549
0.03850480733055495 -> 0.038504807330554947
0.925403731524785 -> 0.9254037315247849
0.614437185125356 -> 0.6144371851253559
0.1362630638617328 -> 0.13626306386173281
0.1185503935329889 -> 0.11855039353298891
0.2503608701522613 -> 0.25036087015226127
0.2268932989146175 -> 0.22689329891461751
0.59671856200765 -> 0.5967185620076501
0.718223353666052 -> 0.7182233536660519
0.2325276152229553 -> 0.23252761522295529
0.808032266684583 -> 0.8080322666845829
0.3765502622814694 -> 0.37655026228146937
0.00469602200703978 -> 0.0046960220070397796
0.3095335865140664 -> 0.30953358651406637
0.1289850729908706 -> 0.12898507299087059
0.946682310489181 -> 0.9466823104891809
0.538886312278335 -> 0.5388863122783349
0.996840449034539 -> 0.9968404490345389
0.4703906851389624 -> 0.47039068513896243
0.1316910088376506 -> 0.13169100883765061
0.717497630705556 -> 0.7174976307055561
0.564629186419147 -> 0.5646291864191469
0.4243559830543778 -> 0.42435598305437783
0.948745508242613 -> 0.9487455082426129
0.2266521426282294 -> 0.22665214262822941
0.674478878513252 -> 0.6744788785132519
0.95168432369771 -> 0.9516843236977101
0.693767766005913 -> 0.6937677660059129
0.632541165814758 -> 0.6325411658147581
0.924288385982937 -> 0.9242883859829371
0.2453438494960999 -> 0.24534384949609989
0.2413861967549603 -> 0.24138619675496031
0.981024615309879 -> 0.9810246153098789
0.259966135818645 -> 0.25996613581864503
0.745502541358046 -> 0.7455025413580459
0.1652292810147412 -> 0.16522928101474121
0.520409597294129 -> 0.5204095972941289
0.965248916541182 -> 0.9652489165411819
0.502926881686173 -> 0.5029268816861731
0.86317392070408 -> 0.8631739207040801
0.1827961981535524 -> 0.18279619815355241
0.554092234599667 -> 0.5540922345996671
0.02938005486591788 -> 0.029380054865917882
0.2313350949179971 -> 0.23133509491799709
0.976766621913499 -> 0.9767666219134989
0.913968088559239 -> 0.9139680885592389
0.887712675991778 -> 0.8877126759917781
0.4760504198402358 -> 0.47605041984023577
0.2684405468165941 -> 0.26844054681659413
0.4328432284557929 -> 0.43284322845579293
0.1229684696559512 -> 0.12296846965595121
0.4473023362992328 -> 0.44730233629923277
0.0660016719015264 -> 0.06600167190152639
0.3417789828970276 -> 0.34177898289702757
0.919919492131617 -> 0.9199194921316169
0.1307709470937891 -> 0.13077094709378911
0.3697761150253355 -> 0.36977611502533547
0.4952973417962169 -> 0.49529734179621687
0.776840896864121 -> 0.7768408968641211
0.958873906498452 -> 0.9588739064984521
0.253316944061207 -> 0.25331694406120697
0.533384070116178 -> 0.5333840701161781
0.636074018691762 -> 0.6360740186917621
0.536774200755677 -> 0.5367742007556769
0.1997721817535867 -> 0.19977218175358669
0.3128992367053752 -> 0.31289923670537523
0.946967118482337 -> 0.9469671184823369
0.1329801291347288 -> 0.13298012913472879
0.4619579195406395 -> 0.46195791954063947
0.683531221704129 -> 0.6835312217041291
0.2153643044201453 -> 0.21536430442014531
0.3964390052942873 -> 0.39643900529428733
0.4441612252698732 -> 0.44416122526987323
0.828261730638506 -> 0.8282617306385061
0.988182244397039 -> 0.9881822443970389
0.1680619834641255 -> 0.16806198346412549
0.718519452787794 -> 0.7185194527877941
0.3210961748068554 -> 0.32109617480685537
0.05304960489399713 -> 0.053049604893997127
0.312939977896075 -> 0.31293997789607497
0.706003200035556 -> 0.7060032000355559
0.4539486425844452 -> 0.45394864258444523
0.834913006666752 -> 0.8349130066667519
0.06117888942594207 -> 0.061178889425942073
0.677347219864395 -> 0.6773472198643949
0.576600661566743 -> 0.5766006615667429
0.619835205964614 -> 0.6198352059646141
0.3482907981195906 -> 0.34829079811959063
0.654347095035755 -> 0.6543470950357551
0.3034262006592853 -> 0.30342620065928527
0.05754678470617813 -> 0.057546784706178133
0.714637505172178 -> 0.7146375051721779
0.989980145871799 -> 0.9899801458717991
0.69133602418001 -> 0.6913360241800099
0.64673516467719 -> 0.6467351646771901
0.545950005940048 -> 0.5459500059400481
0.928843135647272 -> 0.9288431356472719
0.796271110745221 -> 0.7962711107452209
0.1875722462722723 -> 0.18757224627227231
0.748872969191894 -> 0.7488729691918939
0.3885674524451945 -> 0.38856745244519453
0.3508329114432647 -> 0.35083291144326467
0.696847389404119 -> 0.6968473894041191
0.715741206330822 -> 0.7157412063308221
0.825374366418062 -> 0.8253743664180621
0.4245390280308525 -> 0.42453902803085253
0.1531636400602817 -> 0.15316364006028171
0.769656440951415 -> 0.7696564409514151
0.508611170753899 -> 0.5086111707538989
0.950770426791473 -> 0.9507704267914729
0.2622635922522564 -> 0.26226359225225637
0.985777251601963 -> 0.9857772516019629
0.600313854401405 -> 0.6003138544014049
0.1458745048496808 -> 0.14587450484968079
0.0897552464911806 -> 0.08975524649118061
0.689819731497958 -> 0.6898197314979581
0.2402508169055282 -> 0.24025081690552819
0.815477191560323 -> 0.8154771915603229
0.4768147289861909 -> 0.47681472898619093
0.855004359646028 -> 0.8550043596460279
0.708838141806652 -> 0.7088381418066519
0.720223669213161 -> 0.7202236692131611
0.624119038145936 -> 0.6241190381459359
0.3416581962058097 -> 0.34165819620580973
0.763229570397779 -> 0.7632295703977789
0.05191199139202907 -> 0.051911991392029067
0.3395093099000073 -> 0.33950930990000727
0.2408315713708611 -> 0.24083157137086109
0.641091720598921 -> 0.6410917205989211
0.188664229137101 -> 0.18866422913710101
0.954642410039583 -> 0.9546424100395829
0.737340067771801 -> 0.7373400677718011
0.720744138018864 -> 0.7207441380188639
0.519334109696933 -> 0.5193341096969331
0.3649780369563492 -> 0.36497803695634923
0.809759364114294 -> 0.8097593641142939
0.509396117230626 -> 0.5093961172306261
0.227221826460015 -> 0.22722182646001499
0.1544800931966578 -> 0.15448009319665779
0.2040927226671959 -> 0.20409272266719591
0.0897580748807233 -> 0.08975807488072329
0.585578041629293 -> 0.5855780416292929
0.0650802940576427 -> 0.06508029405764271
0.1352960744407984 -> 0.13529607444079839
0.2638924088672224 -> 0.26389240886722243
0.0190676955577862 -> 0.019067695557786202
0.05306472630487424 -> 0.053064726304874243
0.907227301320571 -> 0.9072273013205709
0.1453907830840553 -> 0.14539078308405529
0.1713179195696133 -> 0.17131791956961329
0.2388001229409734 -> 0.23880012294097341
0.818319608752826 -> 0.8183196087528261
0.04465919707742683 -> 0.044659197077426827
0.4518867225264456 -> 0.45188672252644557
0.779525662264482 -> 0.7795256622644821
0.4744528772458457 -> 0.47445287724584573
0.975366151558201 -> 0.9753661515582011
0.697340300846437 -> 0.6973403008464369
0.02269251356826185 -> 0.022692513568261852
0.644669694432286 -> 0.6446696944322859
0.846636672363067 -> 0.8466366723630671
0.2952267897565998 -> 0.29522678975659977
0.723894653541513 -> 0.7238946535415129
0.537498476636806 -> 0.5374984766368061
0.05093656091940146 -> 0.050936560919401463
0.688533885783638 -> 0.6885338857836381
0.921256547741026 -> 0.9212565477410261
0.02599469659121534 -> 0.025994696591215338
0.913968030491423 -> 0.9139680304914229
0.501238791120937 -> 0.5012387911209371
0.4461249802591781 -> 0.44612498025917813
0.1827854711954673 -> 0.18278547119546729
0.3667374663742968 -> 0.36673746637429683
0.02010543701125511 -> 0.020105437011255112
0.831005466792684 -> 0.8310054667926841
0.0834322000105212 -> 0.08343220001052121
0.684398213325145 -> 0.6843982133251451
0.809717668361775 -> 0.8097176683617749
0.2388897621757229 -> 0.23888976217572289
0.637577465155376 -> 0.6375774651553761
0.660184219984637 -> 0.6601842199846371
0.769619178505279 -> 0.7696191785052789
0.952004411723193 -> 0.9520044117231929
0.531300941908113 -> 0.5313009419081129
0.3169444572067526 -> 0.31694445720675257
0.4367926908258912 -> 0.43679269082589123
0.914772336775938 -> 0.9147723367759381
0.1341173711430068 -> 0.13411737114300681
0.987321259493323 -> 0.9873212594933229
0.983572733714628 -> 0.9835727337146279
0.03480084267169559 -> 0.034800842671695587
0.1428389214596716 -> 0.14283892145967159
0.3520935071719761 -> 0.35209350717197607
0.2454956726822939 -> 0.24549567268229389
0.2179235261959067 -> 0.21792352619590671
0.0784711606336067 -> 0.07847116063360671
0.2948327892499851 -> 0.29483278924998513
0.05208311934082532 -> 0.052083119340825323
0.4865432415875173 -> 0.48654324158751727
0.1337844481591869 -> 0.13378444815918689
0.938449062076328 -> 0.9384490620763281
0.853888843334281 -> 0.8538888433342809
0.3281525183028213 -> 0.32815251830282133
0.711456214158319 -> 0.7114562141583189
0.1357802102501212 -> 0.13578021025012121
0.507621597802211 -> 0.5076215978022111
0.03176960519212901 -> 0.031769605192129013
0.59918126142125 -> 0.5991812614212501
0.717075343337714 -> 0.7170753433377141
0.4164883947045043 -> 0.41648839470450427
0.2771851087791182 -> 0.27718510877911817
0.622928035796182 -> 0.6229280357961819
0.613928371179359 -> 0.6139283711793589
0.880940993844678 -> 0.8809409938446781
0.1433610739563871 -> 0.14336107395638709
0.4670417647705358 -> 0.46704176477053583
0.4598826853908973 -> 0.45988268539089727
0.250307813628143 -> 0.25030781362814303
0.577276227004831 -> 0.5772762270048311
0.801224164183095 -> 0.8012241641830949
0.3856194655188456 -> 0.38561946551884563
0.790204114708493 -> 0.7902041147084931
0.4099948746641843 -> 0.40999487466418427
0.827081143873516 -> 0.8270811438735159
0.521054041905262 -> 0.5210540419052621
0.4212973635930575 -> 0.42129736359305747
0.1700458333522019 -> 0.17004583335220191
0.05758732454820625 -> 0.057587324548206253
0.866491438751609 -> 0.8664914387516091
0.2121131531930983 -> 0.21211315319309831
0.2494998289063559 -> 0.24949982890635591
0.818260042056212 -> 0.8182600420562119
0.98307309280006 -> 0.9830730928000601
0.3407271802158022 -> 0.34072718021580217
0.685314557556366 -> 0.6853145575563661
0.82430429110747 -> 0.8243042911074701
0.474717476734103 -> 0.47471747673410303
0.97159514460377 -> 0.9715951446037699
0.80635459225403 -> 0.8063545922540299
0.679898372911589 -> 0.6798983729115891
0.761352851215019 -> 0.7613528512150191
0.3656964988244574 -> 0.36569649882445743
0.89820150223945 -> 0.8982015022394499
0.681276236326605 -> 0.6812762363266049
0.3163463380895776 -> 0.31634633808957757
0.867330211107811 -> 0.8673302111078111
0.2290890937757286 -> 0.22908909377572861
0.3015390725512406 -> 0.30153907255124057
0.900278748194626 -> 0.9002787481946261
0.52965813621176 -> 0.5296581362117599
0.517297296883863 -> 0.5172972968838629
0.82166451303825 -> 0.8216645130382501
0.972912526581518 -> 0.9729125265815179
0.938254986133711 -> 0.9382549861337111
0.4115621986518955 -> 0.41156219865189547
0.0661762118621727 -> 0.06617621186217271
0.312866086581399 -> 0.31286608658139903
0.2588362950142509 -> 0.25883629501425087
0.0626926881141271 -> 0.06269268811412709
0.696899132637884 -> 0.6968991326378839
0.741376169352643 -> 0.7413761693526431
0.3775690446236524 -> 0.37756904462365237
0.72596467089583 -> 0.7259646708958301
0.547175546450896 -> 0.5471755464508961
0.1494089789256383 -> 0.14940897892563831
0.852515057517579 -> 0.8525150575175789
0.2276321869660448 -> 0.22763218696604481
0.05953667427647635 -> 0.059536674276476353
0.362616938343056 -> 0.36261693834305597
0.98390694270272 -> 0.9839069427027201
0.750900542547909 -> 0.7509005425479089
0.3221280924327313 -> 0.32212809243273133
0.04797409125760577 -> 0.047974091257605767
0.3469718820602887 -> 0.34697188206028873
0.4511843114342243 -> 0.45118431143422433
0.87966585212067 -> 0.8796658521206701
0.4204783219811076 -> 0.42047832198110757
0.940506744001743 -> 0.9405067440017429
0.873858923807943 -> 0.8738589238079431
0.01543748760823238 -> 0.015437487608232381
0.2073006346079279 -> 0.20730063460792791
0.1922868772718309 -> 0.19228687727183091
0.3513660481791335 -> 0.35136604817913353
0.3775584208500187 -> 0.37755842085001867
0.3828525305053396 -> 0.38285253050533963
0.575647781801572 -> 0.5756477818015719
0.697020931572294 -> 0.6970209315722939
0.694380226650054 -> 0.6943802266500541
0.4632372404668402 -> 0.46323724046684023
0.979547854761115 -> 0.9795478547611151
0.05503936972903389 -> 0.055039369729033893
0.909558030269703 -> 0.9095580302697031
0.2625592797367928 -> 0.26255927973679283
0.2597150488801446 -> 0.25971504888014463
0.4396139971782764 -> 0.43961399717827643
0.737359239366357 -> 0.7373592393663571
0.697114744801066 -> 0.6971147448010661
0.695320495481834 -> 0.6953204954818339
0.3287577652512296 -> 0.32875776525122957
0.73573959061916 -> 0.7357395906191601
0.834149201530133 -> 0.8341492015301331
0.2493514173723652 -> 0.24935141737236521
0.570317325878615 -> 0.5703173258786149
0.732149460505715 -> 0.7321494605057151
0.897528518405247 -> 0.8975285184052469
0.3277492023929581 -> 0.32774920239295813
0.06020853236317791 -> 0.060208532363177913
0.05703072427637235 -> 0.057030724276372347
0.643397997236482 -> 0.6433979972364821
0.2246294523397213 -> 0.22462945233972131
0.2492519799614379 -> 0.24925197996143789
0.576666347334925 -> 0.5766663473349249
0.134465566488412 -> 0.13446556648841201
0.823879550787949 -> 0.8238795507879491
0.579308740967655 -> 0.5793087409676549
0.2026442590459442 -> 0.20264425904594419
0.793551798988196 -> 0.7935517989881961
0.963186995277656 -> 0.9631869952776561
0.3020043930631717 -> 0.30200439306317173
0.01226381915147401 -> 0.012263819151474009
0.763505907740265 -> 0.7635059077402651
0.0747136661954848 -> 0.07471366619548481
0.809411938469837 -> 0.8094119384698369
0.1441991699958486 -> 0.14419916999584859
0.1815120882393675 -> 0.18151208823936749
0.794422543270976 -> 0.7944225432709759
0.1299339189429113 -> 0.12993391894291129
0.03607922456329982 -> 0.036079224563299817
0.0997745317464327 -> 0.09977453174643269
0.617249845511813 -> 0.6172498455118129
0.0823024969906807 -> 0.08230249699068071
0.855568246034975 -> 0.8555682460349751
0.2503986893672073 -> 0.25039868936720733
0.2321972231106154 -> 0.23219722311061541
0.89727272884532 -> 0.8972727288453199
0.1920980829773241 -> 0.19209808297732411
0.61382844511661 -> 0.6138284451166101
0.801886823151924 -> 0.8018868231519241
0.0385857982076061 -> 0.038585798207606103
0.98105455517654 -> 0.9810545551765401
0.2142912425380641 -> 0.21429124253806409
0.4923900857696972 -> 0.49239008576969723
0.0685597253920378 -> 0.06855972539203781
0.535845359575364 -> 0.5358453595753641
0.2662245614984802 -> 0.26622456149848017
0.911388790932185 -> 0.9113887909321849
0.986916708029765 -> 0.9869167080297651
0.609689699942148 -> 0.6096896999421479
0.1770255228917995 -> 0.17702552289179951
0.2912379686226719 -> 0.29123796862267193
0.2407278340304322 -> 0.24072783403043219
0.566131055919532 -> 0.5661310559195319
0.04685672843536293 -> 0.046856728435362927
0.785133101664305 -> 0.7851331016643051
0.4656825217649532 -> 0.46568252176495317
0.4317739854616994 -> 0.43177398546169943
0.2175197112938798 -> 0.21751971129387981
0.911625586603728 -> 0.9116255866037281
0.974827314345105 -> 0.9748273143451049
0.1387440625243581 -> 0.13874406252435811
0.986922828158803 -> 0.9869228281588029
0.807555050056113 -> 0.8075550500561131
0.706741614917548 -> 0.7067416149175479
0.1598637884391544 -> 0.15986378843915439
0.824495526398973 -> 0.8244955263989731
0.842091668696967 -> 0.8420916686969671
0.3710101384316771 -> 0.37101013843167707
0.3489345529599647 -> 0.34893455295996467
0.501156575407881 -> 0.5011565754078811
0.820039825607007 -> 0.8200398256070069
0.786554252668553 -> 0.7865542526685529
0.0631247750647198 -> 0.06312477506471981
0.1693823067146598 -> 0.16938230671465981
0.2061562359809299 -> 0.20615623598092991
0.2964817418693175 -> 0.29648174186931753
0.0917303092114179 -> 0.09173030921141789
0.80376024917326 -> 0.8037602491732601
0.609656822329462 -> 0.6096568223294619
0.754791355797718 -> 0.7547913557977181
0.647369940238052 -> 0.6473699402380521
0.4423661312067175 -> 0.44236613120671753
0.0761962551987223 -> 0.07619625519872231
0.3242099628523957 -> 0.32420996285239567
0.05309721265130651 -> 0.053097212651306513
0.4202317135600456 -> 0.42023171356004563
0.981952402715979 -> 0.9819524027159789
0.332797779872367 -> 0.33279777987236703
0.4792845022168086 -> 0.47928450221680863
0.3738171049900261 -> 0.37381710499002607
0.1932128766265684 -> 0.19321287662656839
0.642532197255477 -> 0.6425321972554769
0.784025768318312 -> 0.7840257683183121
0.0196625822910913 -> 0.019662582291091302
0.4469487486570001 -> 0.44694874865700007
0.638856988478887 -> 0.6388569884788869
0.607235152847102 -> 0.6072351528471021
0.522170829401226 -> 0.5221708294012261
0.0715810529830938 -> 0.07158105298309381
0.4888213634767756 -> 0.48882136347677563
0.1657505831032242 -> 0.16575058310322421
0.3813935846989501 -> 0.38139358469895013
0.1997699969802781 -> 0.19976999698027809
0.985741397649814 -> 0.9857413976498141
0.2392578416967477 -> 0.23925784169674769
0.660041820351219 -> 0.6600418203512191
0.92055366692335 -> 0.9205536669233499
0.944770892301039 -> 0.9447708923010389
0.3864390672553841 -> 0.38643906725538413
0.4448780091280575 -> 0.44487800912805753
0.2759191899605761 -> 0.27591918996057607
0.1950641458428337 -> 0.19506414584283371
0.438863912139522 -> 0.43886391213952203
0.95840671419897 -> 0.9584067141989699
0.0859473102788696 -> 0.08594731027886959
0.2022703684237631 -> 0.20227036842376311
0.4438992523424726 -> 0.44389925234247263
0.01421853219178315 -> 0.014218532191783151
0.04231978558956229 -> 0.042319785589562287
0.1567775902123726 -> 0.15677759021237259
0.736809322206396 -> 0.7368093222063959
0.1787222603205081 -> 0.17872226032050809
0.01033814478266848 -> 0.010338144782668479
0.563593107036718 -> 0.5635931070367181
0.1158963303305015 -> 0.11589633033050151
0.620466876874952 -> 0.6204668768749519
0.936404173940453 -> 0.9364041739404531
0.619353838801807 -> 0.6193538388018071
0.553752449360915 -> 0.5537524493609149
0.94061929533409 -> 0.9406192953340901
0.0831189472563112 -> 0.08311894725631119
0.504610813555394 -> 0.5046108135553941
0.509141015134079 -> 0.5091410151340789
0.03059125757831971 -> 0.030591257578319708
0.2303196973387064 -> 0.23031969733870639
0.3813846332987679 -> 0.38138463329876793
0.918755246401393 -> 0.9187552464013931
0.4077455551583338 -> 0.40774555515833377
0.674740874449062 -> 0.6747408744490619
0.01220022489044048 -> 0.012200224890440481
0.1439955619480109 -> 0.14399556194801089
0.164347407888791 -> 0.16434740788879099
0.1343693654115551 -> 0.13436936541155509
0.4860649357481929 -> 0.48606493574819287
0.994499545406968 -> 0.9944995454069681
0.806257172588908 -> 0.8062571725889081
0.510531826967003 -> 0.5105318269670031
0.593605744149518 -> 0.5936057441495181
0.525518197172751 -> 0.5255181971727509
0.55702442941225 -> 0.5570244294122501
0.2505193983127946 -> 0.25051939831279457
0.704194971887873 -> 0.7041949718878729
0.4387381938310633 -> 0.43873819383106327
0.2086432108735259 -> 0.20864321087352589
0.3352397056274872 -> 0.33523970562748717
0.3841119066731358 -> 0.38411190667313577
0.706836802057281 -> 0.7068368020572811
0.571169403865114 -> 0.5711694038651139
0.2299507634951342 -> 0.22995076349513421
0.834045094527399 -> 0.8340450945273989
0.665536625910988 -> 0.6655366259109879
0.41892388395763 -> 0.41892388395763003
0.905221931175826 -> 0.9052219311758259
0.1279132855829095 -> 0.12791328558290949
0.2061488969655456 -> 0.20614889696554561
0.2989539444818545 -> 0.29895394448185453
0.740376605813652 -> 0.7403766058136519
0.76746902517151 -> 0.7674690251715101
0.753880591829933 -> 0.7538805918299329
0.4731418434691885 -> 0.47314184346918853
0.1324384394489556 -> 0.13243843944895561
0.705684054702371 -> 0.7056840547023711
0.2208045682804992 -> 0.22080456828049921
0.539530226825435 -> 0.5395302268254351
0.440972481487272 -> 0.44097248148727197
0.04851669124190661 -> 0.048516691241906607
0.762993471426267 -> 0.7629934714262669
0.749547185242253 -> 0.7495471852422529
0.3050419300487828 -> 0.30504193004878277
0.2859304205321824 -> 0.28593042053218243
0.675855745792105 -> 0.6758557457921049
0.0918250628363474 -> 0.09182506283634739
0.933222898042325 -> 0.9332228980423251
0.532671157450541 -> 0.5326711574505411
0.03738755304940777 -> 0.037387553049407773
0.746995127884096 -> 0.7469951278840961
0.1253942644889635 -> 0.12539426448896351
0.64424873434919 -> 0.6442487343491901
0.1264892595705258 -> 0.12648925957052581
0.563920545338571 -> 0.5639205453385711
0.1414734522912552 -> 0.14147345229125519
0.595742908963314 -> 0.5957429089633141
0.973417794940796 -> 0.9734177949407961
0.1956525291705037 -> 0.19565252917050369
0.657482162365917 -> 0.6574821623659169
0.4675219972718688 -> 0.46752199727186883
0.816526002198459 -> 0.8165260021984591
0.2336241374009249 -> 0.23362413740092491
0.800851150585353 -> 0.8008511505853531
0.130895882930554 -> 0.13089588293055399
0.2047127875494026 -> 0.20471278754940259
0.1776855049512195 -> 0.17768550495121949
0.999384440580875 -> 0.9993844405808751
0.4698332522758982 -> 0.46983325227589823
0.1496178536823458 -> 0.14961785368234581
0.796343983109497 -> 0.7963439831094969
0.640767591041633 -> 0.6407675910416329
0.2914485184379145 -> 0.29144851843791453
0.2023442482166702 -> 0.20234424821667019
0.587770506269018 -> 0.5877705062690179
0.1887444024587107 -> 0.18874440245871071
0.756377556824746 -> 0.7563775568247459
0.258936182030334 -> 0.25893618203033397
0.2172171271908898 -> 0.21721712719088981
0.574527732788153 -> 0.5745277327881529
0.919582208235387 -> 0.9195822082353871
0.06056797260659064 -> 0.060567972606590637
0.05592278275946427 -> 0.055922782759464273
0.03138264092667176 -> 0.031382640926671757
0.1399205077441633 -> 0.13992050774416331
0.906824954223377 -> 0.9068249542233771
0.527331946957385 -> 0.5273319469573849
0.00943705991325794 -> 0.009437059913257939
0.988565719562362 -> 0.9885657195623621
0.4398769368780652 -> 0.43987693687806517
0.1495448649071177 -> 0.14954486490711771
0.599635018132261 -> 0.5996350181322611
0.507492308516099 -> 0.5074923085160991
0.844695134021686 -> 0.8446951340216859
0.616891871558297 -> 0.6168918715582969
0.2294313855649147 -> 0.22943138556491471
0.568772161454489 -> 0.5687721614544889
0.3535450230663367 -> 0.35354502306633673
0.957243284438621 -> 0.9572432844386209
0.790270597512508 -> 0.7902705975125081
0.564805883148568 -> 0.5648058831485681
0.726825211100321 -> 0.7268252111003209
0.3719989919328687 -> 0.37199899193286867
0.1380834271429109 -> 0.13808342714291089
0.2680813040343831 -> 0.26808130403438313
0.4171520242948141 -> 0.41715202429481413
0.3586731020194385 -> 0.35867310201943847
0.92046525071377 -> 0.9204652507137699
0.827787278714121 -> 0.8277872787141211
0.4324295273153482 -> 0.43242952731534823
0.1409312952560242 -> 0.14093129525602421
0.891806341054245 -> 0.8918063410542451
0.988242787613481 -> 0.9882427876134811
0.893868390662584 -> 0.8938683906625839
0.945537360646239 -> 0.9455373606462389
0.3411712847002977 -> 0.34117128470029767
0.3091796484638831 -> 0.30917964846388313
0.2256957486307999 -> 0.22569574863079989
0.792456737015307 -> 0.7924567370153069
0.850155566523424 -> 0.8501555665234239
0.895159864509184 -> 0.8951598645091839
0.475707177564375 -> 0.47570717756437497
0.04491371254300058 -> 0.044913712543000583
0.2171973323837567 -> 0.21719733238375671
0.93130616962078 -> 0.9313061696207801
0.097169586116152 -> 0.09716958611615201
0.853262796224663 -> 0.8532627962246629
0.520678592509284 -> 0.5206785925092841
0.1008814693921899 -> 0.10088146939218989
0.827891097895813 -> 0.8278910978958131
0.800683436976453 -> 0.8006834369764529
0.761177760129712 -> 0.7611777601297121
0.952454435457949 -> 0.9524544354579489
0.7577714682842 -> 0.7577714682841999
0.656309687526412 -> 0.6563096875264119
0.62006746750642 -> 0.6200674675064199
0.679619580128556 -> 0.6796195801285559
0.865824553549359 -> 0.8658245535493591
0.98588606127299 -> 0.9858860612729901
0.05469691912560792 -> 0.054696919125607923
0.599247601390758 -> 0.5992476013907579
0.597482537699701 -> 0.5974825376997011
0.2045836021740325 -> 0.20458360217403249
0.2029113337670959 -> 0.20291133376709591
0.04133894739397714 -> 0.041338947393977143
0.2168284578034574 -> 0.21682845780345739
0.3294133864379096 -> 0.32941338643790963
0.04455320276418007 -> 0.044553202764180067
0.515063675015833 -> 0.5150636750158329
0.81498102834892 -> 0.8149810283489199
0.935760483018166 -> 0.9357604830181659
0.193087149540229 -> 0.19308714954022899
0.4302432076058679 -> 0.43024320760586787
0.2893696462832617 -> 0.28936964628326167
0.831886453293813 -> 0.8318864532938131
0.04256064366260515 -> 0.042560643662605147
0.03750212111943085 -> 0.037502121119430853
0.56425232001358 -> 0.5642523200135801
0.4025451817668457 -> 0.40254518176684573
0.4269409774735273 -> 0.42694097747352733
0.4401003235311646 -> 0.44010032353116457
0.2693821071336647 -> 0.26938210713366473
0.714852916285522 -> 0.7148529162855221
0.900536939462454 -> 0.9005369394624539
0.821983039279437 -> 0.8219830392794371
0.76642792256733 -> 0.7664279225673299
0.540013083411576 -> 0.5400130834115759
diff type $, left class java.util.Collections$SingletonMap, right class java.util.Collections$EmptyMap
diff map size $, left 1, right 0, com.alibaba.fastjson2.JSONObject
diff collection size $, left 1, right 0
diff collection size $, left 0, right 1
diff value $, left abc, right aac
diff type $.a, right is null, left class class java.lang.String
diff map $, java.util.Collections$SingletonMap
diff value $, left 1, right 2
diff value $.id, left 1, right 2
diff object $, class null
diff value $.value, left a, right b
diff object $, class null
diff value $.value, left ab, right b
diff object $, class null
diff value $.value, left ab, right ac
diff object $, class null
diff type $.value, right is null, left class class java.lang.String
diff object $, class null
diff type $.value, left is null, right class class java.lang.String
diff object $, class null
diff compare $, class jrt:/java.base/java/lang/String.class
diff array compare $, class null
diff sortedMap compare map $, class jrt:/java.base/java/util/LinkedHashMap.class
diff compare $, class null
d00000c00004e
78
12
13
{1},
{10},
{100},
{1000},
{10000},
{100000},
{1000000},
{10000000},
{100000000},
{1000000000},
{2, 1410065408},
{23, 1215752192},
{232, -727379968},
{2328, 1316134912},
{23283, 276447232},
{232830, -1530494976},
{2328306, 1874919424},
{23283064, 1569325056},
{232830643, -1486618624},
{-1966660860, -1981284352},
{5, 1808227885, 1661992960},
{54, 902409669, -559939584},
{542, 434162106, -1304428544},
{5421, 46653770, -159383552},
{54210, 466537709, -1593835520},
{542101, 370409800, 1241513984},
{5421010, -590869294, -469762048},
{54210108, -1613725636, -402653184},
{542101086, 1042612833, 268435456},
{1, 1126043566, 1836193738, -1610612736},
{12, -1624466224, 1182068202, 1073741824},
{126, 935206946, -1064219866, -2147483648},
{1262, 762134875, -2052264063, 0},
{12621, -968585837, 952195850, 0},
{126217, -1095923776, 932023908, 0},
{1262177, 1925664130, 730304488, 0},
{12621774, 2076772117, -1286889712, 0},
{126217744, -707115303, 16004768, 0},
{1262177448, 1518781562, 160047680, 0},
{2, -263127405, -1992053564, 1600476800, 0},
{29, 1663693251, 1554300843, -1175101184, 0},
{293, -542936671, -1636860747, 1133890048, 0},
{2938, -1134399408, 811261716, -1546001408, 0},
{29387, 1540907809, -477317426, 1719855104, 0},
{293873, -1770791086, -478206960, 18681856, 0},
{2938735, -528041668, -487102304, 186818560, 0},
{29387358, -985449376, -576055744, 1868185600, 0},
{293873587, -1264559160, -1465590140, 1501986816, 0},
{-1356231419, 239310294, -1770999509, 2134966272, 0},
{6, -677412302, -1901864351, -530125902, -125173760, 0},
{68, 1815811577, -1838774318, -1006291715, -1251737600, 0},
{684, 978246591, -1207873989, -1472982551, 367525888, 0},
{6842, 1192531325, 806162004, -1844923622, -619708416, 0},
{68422, -959588637, -528314547, -1269367028, -1902116864, 0},
{684227, -1005951770, -988178167, 191231613, -1841299456, 0},
{6842277, -1469583101, -1291847078, 1912316135, -1233125376, 0},
{68422776, -1810929116, -33568888, 1943292173, 553648128, 0},
{684227765, -929421967, -335688876, -2041914749, 1241513984, 0},
{1, -1747656935, -704285069, 938078541, 1055688992, -469762048, 0},
{15, -296700158, 1547083904, 790850820, 1966955336, -402653184, 0},
{159, 1327965719, -1709030143, -681426388, -1805283111, 268435456, 0},
{1593, 394755308, 89567762, 1775670717, -872961926, -1610612736, 0},
{15930, -347414216, 895677624, 576837993, -139684662, 1073741824, 0},
{159309, 820825138, 366841649, 1473412643, -1396846618, -2147483648, 0},
{
	"@type":"com.google.common.collect.SingletonImmutableBiMap",
	"k1":1
}
{
	"@type":"com.google.common.collect.SingletonImmutableBiMap",
	"k1":1
}
0xF 1111
0xF0 11110000
0x601100000

0	48	110000	3	0	18	0	0
1	49	110001	3	1	18	0	1
2	50	110010	3	2	18	0	2
3	51	110011	3	3	18	0	3
4	52	110100	3	4	18	0	4
5	53	110101	3	5	18	0	5
6	54	110110	3	6	18	0	6
7	55	110111	3	7	18	0	7
8	56	111000	3	8	18	0	8
9	57	111001	3	9	18	0	9
a	97	1100001	6	1	30	a	b
b	98	1100010	6	2	30	a	c
c	99	1100011	6	3	30	a	d
d	100	1100100	6	4	30	a	e
e	101	1100101	6	5	30	a	f
f	102	1100110	6	6	30	a	10
A	65	1000001	4	1	20	a	b
B	66	1000010	4	2	20	a	c
C	67	1000011	4	3	20	a	d
D	68	1000100	4	4	20	a	e
E	69	1000101	4	5	20	a	f
F	70	1000110	4	6	20	a	10
0xF 1111
0xF0 11110000
0x601100000

0 110000 & 11110000 = 110000
1 110001 & 11110000 = 110000
2 110010 & 11110000 = 110000
3 110011 & 11110000 = 110000
4 110100 & 11110000 = 110000
5 110101 & 11110000 = 110000
6 110110 & 11110000 = 110000
7 110111 & 11110000 = 110000
8 111000 & 11110000 = 110000
9 111001 & 11110000 = 110000

0 ((110000) & 1111 + 1100000) & 11110000 = 1100000
1 ((110001) & 1111 + 1100000) & 11110000 = 1100000
2 ((110010) & 1111 + 1100000) & 11110000 = 1100000
3 ((110011) & 1111 + 1100000) & 11110000 = 1100000
4 ((110100) & 1111 + 1100000) & 11110000 = 1100000
5 ((110101) & 1111 + 1100000) & 11110000 = 1100000
6 ((110110) & 1111 + 1100000) & 11110000 = 1100000
7 ((110111) & 1111 + 1100000) & 11110000 = 1100000
8 ((111000) & 1111 + 1100000) & 11110000 = 1100000
9 ((111001) & 1111 + 1100000) & 11110000 = 1100000
0.44726562 -> 0.44726563
3.0517578E-5 -> 3.05175781E-5
0.40039062 -> 0.40039063
0.42382812 -> 0.42382813
3.0517578E-5 -> 3.05175781E-5
{"id":1001,"org":{"id":2001}}
{
	"@type":"java.nio.HeapByteBuffer",
	"@value":[
		1,
		2,
		3
	]
}
{
	"v0000":100.0
}
{
	"v0000":100
}
{
	"id":100
}
{
	"v0000":100
}
{
	"v0000":1234567890
}
{
	"id":"0a8b4f5c-986d-4585-b27c-bc697007c35d"
}
{
	"id":100
}
{
	"v0000":100.0
}
{
	"v0000":100
}
{
	"v0000":1234567890
}
{
	"@type":"com.alibaba.fastjson2.issues_1600.Issue1624$Bean1#0",
	"@value":{
		"id":123
	}
}
[34,0,0,0,0,0,0,0,0,0,0,0,16]
{
	"@type":"com.alibaba.fastjson2_vo.Int1#0",
	"@value":{}
}
{}
17
{
	"id":"01234567890ABCDE01234567890ABCDE01234567890ABCDE01234567890ABCDE01234567890ABCDE",
	"v0":1,
	"v1":{},
	"v2":{},
	"v3":[
		1,
		2,
		3,
		4,
		5,
		6,
		7,
		8,
		9,
		0,
		1,
		2,
		3,
		4,
		5,
		6,
		7,
		8,
		9,
		0,
		"A",
		"B",
		"C",
		"D",
		"E",
		"F"
	]
}
[
	{
		"n234#0":13
	},
	{
		"#0":14
	},
	{
		"#0":15
	}
]
{
	"#-1":1,
	"#-2":"DataWorks"
}
jsonb size : 131
{"id":123456789,"v0":"123","v1":123456789012345678,"v2":123456789012345678901234567890,"v3":123.45,"v4":1230000.0,"v5":"abcdefg","v7":"null","v8":true,"v9":false,"v10":{"val":123},"v11":{},"v12":[1234],"v13":[12.34],"v14":[null]}
jsonb size : 131
{"id":123456789,"v0":"123","v1":123456789012345678,"v2":123456789012345678901234567890,"v3":123.45,"v4":1230000.0,"v5":"abcdefg","v7":"null","v8":true,"v9":false,"v10":{"val":123},"v11":{},"v12":[1234],"v13":[12.34],"v14":[null]}
jsonb size : 131
{"id":123456789,"v0":"123","v1":123456789012345678,"v2":123456789012345678901234567890,"v3":123.45,"v4":1230000.0,"v5":"abcdefg","v7":"null","v8":true,"v9":false,"v10":{"val":123},"v11":{},"v12":[1234],"v13":[12.34],"v14":[null]}
jsonb size : 131
{"id":123456789,"v0":"123","v1":123456789012345678,"v2":123456789012345678901234567890,"v3":123.45,"v4":1230000.0,"v5":"abcdefg","v7":"null","v8":true,"v9":false,"v10":{"val":123},"v11":{},"v12":[1234],"v13":[12.34],"v14":[null]}
jsonb size : 131
{"id":123456789,"v0":"123","v1":123456789012345678,"v2":123456789012345678901234567890,"v3":123.45,"v4":1230000.0,"v5":"abcdefg","v7":"null","v8":true,"v9":false,"v10":{"val":123},"v11":{},"v12":[1234],"v13":[12.34],"v14":[null]}
jsonb size : 131
{"id":123456789,"v0":"123","v1":123456789012345678,"v2":123456789012345678901234567890,"v3":123.45,"v4":1230000.0,"v5":"abcdefg","v7":"null","v8":true,"v9":false,"v10":{"val":123},"v11":{},"v12":[1234],"v13":[12.34],"v14":[null]}
jsonb size : 131
{"id":123456789,"v0":"123","v1":123456789012345678,"v2":123456789012345678901234567890,"v3":123.45,"v4":1230000.0,"v5":"abcdefg","v7":"null","v8":true,"v9":false,"v10":{"val":123},"v11":{},"v12":[1234],"v13":[12.34],"v14":[null]}
jsonb size : 131
{"id":123456789,"v0":"123","v1":123456789012345678,"v2":123456789012345678901234567890,"v3":123.45,"v4":1230000.0,"v5":"abcdefg","v7":"null","v8":true,"v9":false,"v10":{"val":123},"v11":{},"v12":[1234],"v13":[12.34],"v14":[null]}
{"value":["a","b","c"]}
{"value":["a","b","c"]}
{"value":["a","b","c"]}
{"value":["a","b","c"]}
{"value":["a","b","c"]}
{"value":["a","b","c"]}
{"value":["a","b","c"]}
{"value":["a","b","c"]}
{"value":["a","b","c"]}
{"value":["a","b","c"]}
{
	"value":"http://a.b.com"
}
{}
{
	"id":101,
	"name":"true",
	"type":"false"
}
"name"
"true"
"0"
"1"
"false"
{"id":"\"'\\\r\n\f\b\t中国😀😉®"}
{"id":"\"'\\\r\n\f\b\t中国😀😉®"}
{
	"value":-9223372036854775808
}
{
	"value":-2147483648
}
{
	"value":32767
}
{
	"value":8388607
}
{
	"value":0
}
{}
{
	"value":0
}
{
	"value":32767
}
{
	"value":8388607
}
{
	"value":2147483647
}
{
	"value":9223372036854775807
}
{
	"value":12345678901234567890123456789012345678901234567890123456789012345678901234567890
}
{
	"value":10
}
Sun Jan 01 08:00:00 CST 1899
Sun Jan 01 08:00:00 CST 1899
{
	"id":[
		91,
		-69,
		102,
		-93,
		80,
		-49,
		71,
		-3,
		-96,
		-50,
		-34,
		-72,
		108,
		-93,
		-5,
		-37
	]
}
{}
{
	"v0000":[1]
}
{
	"v0000":[1]
}
{"v0000":0,"v0001":1,"v0002":2,"v0003":3,"v0004":4,"v0005":5,"v0006":6,"v0007":7,"v0008":8,"v0009":9}
{"v0000":0,"v0001":-1,"v0002":-2,"v0003":-3,"v0004":-4,"v0005":-5,"v0006":-6,"v0007":-7,"v0008":-8,"v0009":-9}
Serialized JSON with context feature: {"booleanField":false,"otherField":""}
{"checkSqlInjection":false,"expression":{"cacheSqlSegment":false,"groupBy":[{}],"having":[{}],"normal":[{},"EQ",{},"AND",{},"NE",{},"AND",{},"IN",{}],"orderBy":[{}],"sqlSegment":""},"lastSql":{"stringValue":""},"paramNameSeq":0,"paramNameValuePairs":{},"sqlComment":{"stringValue":""},"sqlFirst":{"stringValue":""},"sqlSelect":{"stringValue":"*"},"typedThis":{"$ref":".."}}
A
A
[{"a":"1","a2":"1"},{"a":"2","a2":"2"}]
{"@type":"com.alibaba.fastjson2.issues_2500.Issue2583$Bean","enumMap":{"@type":"java.util.EnumMap"}}
{
	"date":"2023-03-26T10:25:19Z"
}
{"configs":{"FROM":[{"defaultFromId":"birtney"}]}}
1036864783
[{"ActionType":2,"AlgInfo":"","AuthorName":"瓜不瓜","AuthorTags":["日常文"],"BookId":1036864783,"BookIntro":"陆离凭借自己的努力和系统的帮助走上了人生巅峰。至于青梅？啥，我还有青梅竹马啊？","BookName":"被青梅拒绝后，我获得了模拟器","BookStatus":"连载","CategoryId":4,"CategoryName":"都市","Description":"所有人都认为陆离会和徐清在一起。毕竟这俩人郎才女貌，还从小认识。\n可在散伙饭那天，徐清拒绝了陆离的表白。正在陆离怅然之际，突然听到耳边传来的提示音。\n【恭喜您获","Did":"1036864783","Dt":1,"Ex2":"","LastChapterId":0,"LastChapterName":"","LastChapterTime":0,"Pos":0,"RankName":"","ShowTime":1692079200000,"SubCategoryName":"都市生活","Type":0,"WordCount":"58万","day":"15","fbAlg":"","fbAppId":0,"fbId":1036864783,"fbType":1,"isReal":true,"isVip":1,"lastUpdateTimes":"","month":"08","recommendCol":"rengongtuijian","recommendStyle":0,"sp":"{\"exposetime\":1692084881634,\"scene\":\"preface_with_editor\"}","stability":0,"year":"2023"}]
Issue1790.Bean(op=yyy, test={"erw":{"qqq":12313}})
WARNING: Use of the three-letter time zone ID "ACT" is deprecated and it will be removed in a future release
WARNING: Use of the three-letter time zone ID "AET" is deprecated and it will be removed in a future release
WARNING: Use of the three-letter time zone ID "AGT" is deprecated and it will be removed in a future release
WARNING: Use of the three-letter time zone ID "ART" is deprecated and it will be removed in a future release
WARNING: Use of the three-letter time zone ID "AST" is deprecated and it will be removed in a future release
WARNING: Use of the three-letter time zone ID "BET" is deprecated and it will be removed in a future release
WARNING: Use of the three-letter time zone ID "BST" is deprecated and it will be removed in a future release
WARNING: Use of the three-letter time zone ID "CAT" is deprecated and it will be removed in a future release
WARNING: Use of the three-letter time zone ID "CNT" is deprecated and it will be removed in a future release
WARNING: Use of the three-letter time zone ID "CST" is deprecated and it will be removed in a future release
WARNING: Use of the three-letter time zone ID "CTT" is deprecated and it will be removed in a future release
WARNING: Use of the three-letter time zone ID "EAT" is deprecated and it will be removed in a future release
WARNING: Use of the three-letter time zone ID "ECT" is deprecated and it will be removed in a future release
WARNING: Use of the three-letter time zone ID "EST" is deprecated and it will be removed in a future release
WARNING: Use of the three-letter time zone ID "HST" is deprecated and it will be removed in a future release
WARNING: Use of the three-letter time zone ID "IET" is deprecated and it will be removed in a future release
WARNING: Use of the three-letter time zone ID "IST" is deprecated and it will be removed in a future release
WARNING: Use of the three-letter time zone ID "JST" is deprecated and it will be removed in a future release
WARNING: Use of the three-letter time zone ID "MIT" is deprecated and it will be removed in a future release
WARNING: Use of the three-letter time zone ID "MST" is deprecated and it will be removed in a future release
WARNING: Use of the three-letter time zone ID "NET" is deprecated and it will be removed in a future release
WARNING: Use of the three-letter time zone ID "NST" is deprecated and it will be removed in a future release
WARNING: Use of the three-letter time zone ID "PLT" is deprecated and it will be removed in a future release
WARNING: Use of the three-letter time zone ID "PNT" is deprecated and it will be removed in a future release
WARNING: Use of the three-letter time zone ID "PRT" is deprecated and it will be removed in a future release
WARNING: Use of the three-letter time zone ID "PST" is deprecated and it will be removed in a future release
WARNING: Use of the three-letter time zone ID "SST" is deprecated and it will be removed in a future release
WARNING: Use of the three-letter time zone ID "VST" is deprecated and it will be removed in a future release
{"appResp":{"message":"成功","status":"200","timestamp":"2017-03-15 12:13:14"}}
Issue474.Result(items=[Issue474.Item(name=item1), Issue474.Item(name=item2)])
Issue474.Result(items=[Issue474.Item(name=item1), Issue474.Item(name=item2)])
{
	"@type":"com.alibaba.fastjson2.issues.Issue385$Bean#0",
	"@value":{
		"items":{
			"@type":"java.util.Arrays$ArrayList#1",
			"@value":[
				"CamelCase",
				"PascalCase"
			]
		}
	}
}
{"data":{"pageNum":1,"pageSize":100,"records":[{"calledTimes":1,"callerPhone":"大屏演示专用线路","channelCode":"0","chatRound":0,"customerPhone":"xxxx","duration":0,"endTime":"2022-06-27 20:29:51","finishStatusDesc":"占线","finishStatusId":6,"finishStatusName":"BUSY","intentionResult":"D","startTime":"2022-06-27 20:29:07"}],"total":1}}
{"reservationId":"1520799011718696960","mealsAvailable":true,"handBaggageNum":1,"checkedBaggageNum":0}
str = {"test":[{"demo":""}]}
list = Issue464.TestParam(test=[Issue464.Demo(demo=null)])
{"a":"a value","c":"c value"}
{"c":"c value"}
{"a":null,"b":null,"c":"c value"}
{"a":null,"b":"b value","c":null}
Issue448.BasicStaff(boyList=[Issue448.BasicStaff(boyList=null, localDate=2026-10-07, localDateTime=2026-10-07T00:41:34)], localDate=2026-10-07, localDateTime=2026-10-07T00:41:34)
required latitude
2147483650
[{"var1":"d0"}]
{"availableBeginTime":"2026-10-07 00:41:45.117","availableEndTime":"2026-10-07 17:21:45.117"}
{"availableBeginTime":"2026-10-07 00:41:45.118","availableEndTime":"2026-10-07 17:21:45.118"}
{"availableBeginTime":"2026-10-07 00:41:45.118","availableEndTime":"2026-10-07 17:21:45.118"}
{"availableBeginTime":"2026-10-07 00:41:45.118","availableEndTime":"2026-10-07 17:21:45.118"}
{"availableBeginTime":"2026-10-07 00:41:45.118","availableEndTime":"2026-10-07 17:21:45.118"}
{"availableBeginTime":"2026-10-07 00:41:45.118","availableEndTime":"2026-10-07 17:21:45.118"}
{"availableBeginTime":"2026-10-07 00:41:45.118","availableEndTime":"2026-10-07 17:21:45.118"}
{"availableBeginTime":"2026-10-07 00:41:45.118","availableEndTime":"2026-10-07 17:21:45.118"}
{"availableBeginTime":"2026-10-07 00:41:45.118","availableEndTime":"2026-10-07 17:21:45.118"}
{"availableBeginTime":"2026-10-07 00:41:45.118","availableEndTime":"2026-10-07 17:21:45.118"}
{"availableBeginTime":"2026-10-07 00:41:45.118","availableEndTime":"2026-10-07 17:21:45.118"}
{"availableBeginTime":"2026-10-07 00:41:45.118","availableEndTime":"2026-10-07 17:21:45.118"}
{"availableBeginTime":"2026-10-07 00:41:45.118","availableEndTime":"2026-10-07 17:21:45.118"}
{"availableBeginTime":"2026-10-07 00:41:45.118","availableEndTime":"2026-10-07 17:21:45.118"}
{"availableBeginTime":"2026-10-07 00:41:45.118","availableEndTime":"2026-10-07 17:21:45.118"}
{"availableBeginTime":"2026-10-07 00:41:45.118","availableEndTime":"2026-10-07 17:21:45.118"}
{"availableBeginTime":"2026-10-07 00:41:45.118","availableEndTime":"2026-10-07 17:21:45.118"}
{"availableBeginTime":"2026-10-07 00:41:45.118","availableEndTime":"2026-10-07 17:21:45.118"}
{"availableBeginTime":"2026-10-07 00:41:45.118","availableEndTime":"2026-10-07 17:21:45.118"}
{"availableBeginTime":"2026-10-07 00:41:45.118","availableEndTime":"2026-10-07 17:21:45.118"}
{"availableBeginTime":"2026-10-07 00:41:45.118","availableEndTime":"2026-10-07 17:21:45.118"}
{"availableBeginTime":"2026-10-07 00:41:45.118","availableEndTime":"2026-10-07 17:21:45.118"}
{"availableBeginTime":"2026-10-07 00:41:45.118","availableEndTime":"2026-10-07 17:21:45.118"}
{"availableBeginTime":"2026-10-07 00:41:45.118","availableEndTime":"2026-10-07 17:21:45.118"}
{"availableBeginTime":"2026-10-07 00:41:45.118","availableEndTime":"2026-10-07 17:21:45.118"}
{"availableBeginTime":"2026-10-07 00:41:45.118","availableEndTime":"2026-10-07 17:21:45.118"}
{"availableBeginTime":"2026-10-07 00:41:45.118","availableEndTime":"2026-10-07 17:21:45.118"}
{"availableBeginTime":"2026-10-07 00:41:45.118","availableEndTime":"2026-10-07 17:21:45.118"}
{"availableBeginTime":"2026-10-07 00:41:45.118","availableEndTime":"2026-10-07 17:21:45.118"}
{"availableBeginTime":"2026-10-07 00:41:45.118","availableEndTime":"2026-10-07 17:21:45.118"}
{"availableBeginTime":"2026-10-07 00:41:45.118","availableEndTime":"2026-10-07 17:21:45.118"}
{"availableBeginTime":"2026-10-07 00:41:45.118","availableEndTime":"2026-10-07 17:21:45.118"}
{"availableBeginTime":"2026-10-07 00:41:45.118","availableEndTime":"2026-10-07 17:21:45.118"}
{"availableBeginTime":"2026-10-07 00:41:45.118","availableEndTime":"2026-10-07 17:21:45.118"}
{"availableBeginTime":"2026-10-07 00:41:45.118","availableEndTime":"2026-10-07 17:21:45.118"}
{"availableBeginTime":"2026-10-07 00:41:45.118","availableEndTime":"2026-10-07 17:21:45.118"}
{"availableBeginTime":"2026-10-07 00:41:45.118","availableEndTime":"2026-10-07 17:21:45.118"}
{"availableBeginTime":"2026-10-07 00:41:45.118","availableEndTime":"2026-10-07 17:21:45.118"}
{"availableBeginTime":"2026-10-07 00:41:45.118","availableEndTime":"2026-10-07 17:21:45.118"}
{"availableBeginTime":"2026-10-07 00:41:45.118","availableEndTime":"2026-10-07 17:21:45.118"}
{"availableBeginTime":"2026-10-07 00:41:45.118","availableEndTime":"2026-10-07 17:21:45.118"}
{"availableBeginTime":"2026-10-07 00:41:45.118","availableEndTime":"2026-10-07 17:21:45.118"}
{"availableBeginTime":"2026-10-07 00:41:45.118","availableEndTime":"2026-10-07 17:21:45.118"}
{"availableBeginTime":"2026-10-07 00:41:45.118","availableEndTime":"2026-10-07 17:21:45.118"}
{"availableBeginTime":"2026-10-07 00:41:45.118","availableEndTime":"2026-10-07 17:21:45.118"}
{"availableBeginTime":"2026-10-07 00:41:45.118","availableEndTime":"2026-10-07 17:21:45.118"}
{"availableBeginTime":"2026-10-07 00:41:45.118","availableEndTime":"2026-10-07 17:21:45.118"}
{"availableBeginTime":"2026-10-07 00:41:45.118","availableEndTime":"2026-10-07 17:21:45.118"}
{"availableBeginTime":"2026-10-07 00:41:45.118","availableEndTime":"2026-10-07 17:21:45.118"}
{"availableBeginTime":"2026-10-07 00:41:45.118","availableEndTime":"2026-10-07 17:21:45.118"}
{"availableBeginTime":"2026-10-07 00:41:45.118","availableEndTime":"2026-10-07 17:21:45.118"}
{"availableBeginTime":"2026-10-07 00:41:45.118","availableEndTime":"2026-10-07 17:21:45.118"}
{"availableBeginTime":"2026-10-07 00:41:45.118","availableEndTime":"2026-10-07 17:21:45.118"}
{"availableBeginTime":"2026-10-07 00:41:45.118","availableEndTime":"2026-10-07 17:21:45.118"}
{"availableBeginTime":"2026-10-07 00:41:45.118","availableEndTime":"2026-10-07 17:21:45.118"}
{"availableBeginTime":"2026-10-07 00:41:45.118","availableEndTime":"2026-10-07 17:21:45.118"}
{"availableBeginTime":"2026-10-07 00:41:45.118","availableEndTime":"2026-10-07 17:21:45.118"}
{"availableBeginTime":"2026-10-07 00:41:45.118","availableEndTime":"2026-10-07 17:21:45.118"}
{"availableBeginTime":"2026-10-07 00:41:45.118","availableEndTime":"2026-10-07 17:21:45.118"}
{"availableBeginTime":"2026-10-07 00:41:45.118","availableEndTime":"2026-10-07 17:21:45.118"}
{"availableBeginTime":"2026-10-07 00:41:45.118","availableEndTime":"2026-10-07 17:21:45.118"}
{"availableBeginTime":"2026-10-07 00:41:45.118","availableEndTime":"2026-10-07 17:21:45.118"}
{"availableBeginTime":"2026-10-07 00:41:45.118","availableEndTime":"2026-10-07 17:21:45.118"}
{"availableBeginTime":"2026-10-07 00:41:45.118","availableEndTime":"2026-10-07 17:21:45.118"}
{"availableBeginTime":"2026-10-07 00:41:45.118","availableEndTime":"2026-10-07 17:21:45.118"}
{"availableBeginTime":"2026-10-07 00:41:45.118","availableEndTime":"2026-10-07 17:21:45.118"}
{"availableBeginTime":"2026-10-07 00:41:45.118","availableEndTime":"2026-10-07 17:21:45.118"}
{"availableBeginTime":"2026-10-07 00:41:45.118","availableEndTime":"2026-10-07 17:21:45.118"}
{"availableBeginTime":"2026-10-07 00:41:45.118","availableEndTime":"2026-10-07 17:21:45.118"}
{"availableBeginTime":"2026-10-07 00:41:45.118","availableEndTime":"2026-10-07 17:21:45.118"}
{"availableBeginTime":"2026-10-07 00:41:45.118","availableEndTime":"2026-10-07 17:21:45.118"}
{"availableBeginTime":"2026-10-07 00:41:45.118","availableEndTime":"2026-10-07 17:21:45.118"}
{"availableBeginTime":"2026-10-07 00:41:45.118","availableEndTime":"2026-10-07 17:21:45.118"}
{"availableBeginTime":"2026-10-07 00:41:45.118","availableEndTime":"2026-10-07 17:21:45.118"}
{"availableBeginTime":"2026-10-07 00:41:45.118","availableEndTime":"2026-10-07 17:21:45.118"}
{"availableBeginTime":"2026-10-07 00:41:45.118","availableEndTime":"2026-10-07 17:21:45.118"}
{"availableBeginTime":"2026-10-07 00:41:45.118","availableEndTime":"2026-10-07 17:21:45.118"}
{"availableBeginTime":"2026-10-07 00:41:45.118","availableEndTime":"2026-10-07 17:21:45.118"}
{"availableBeginTime":"2026-10-07 00:41:45.118","availableEndTime":"2026-10-07 17:21:45.118"}
{"availableBeginTime":"2026-10-07 00:41:45.118","availableEndTime":"2026-10-07 17:21:45.118"}
{"availableBeginTime":"2026-10-07 00:41:45.118","availableEndTime":"2026-10-07 17:21:45.118"}
{"availableBeginTime":"2026-10-07 00:41:45.118","availableEndTime":"2026-10-07 17:21:45.118"}
{"availableBeginTime":"2026-10-07 00:41:45.118","availableEndTime":"2026-10-07 17:21:45.118"}
{"availableBeginTime":"2026-10-07 00:41:45.118","availableEndTime":"2026-10-07 17:21:45.118"}
{"availableBeginTime":"2026-10-07 00:41:45.118","availableEndTime":"2026-10-07 17:21:45.118"}
{"availableBeginTime":"2026-10-07 00:41:45.118","availableEndTime":"2026-10-07 17:21:45.118"}
{"availableBeginTime":"2026-10-07 00:41:45.118","availableEndTime":"2026-10-07 17:21:45.118"}
{"availableBeginTime":"2026-10-07 00:41:45.118","availableEndTime":"2026-10-07 17:21:45.118"}
{"availableBeginTime":"2026-10-07 00:41:45.118","availableEndTime":"2026-10-07 17:21:45.118"}
{"availableBeginTime":"2026-10-07 00:41:45.118","availableEndTime":"2026-10-07 17:21:45.118"}
{"availableBeginTime":"2026-10-07 00:41:45.118","availableEndTime":"2026-10-07 17:21:45.118"}
{"availableBeginTime":"2026-10-07 00:41:45.118","availableEndTime":"2026-10-07 17:21:45.118"}
{"availableBeginTime":"2026-10-07 00:41:45.118","availableEndTime":"2026-10-07 17:21:45.118"}
{"availableBeginTime":"2026-10-07 00:41:45.118","availableEndTime":"2026-10-07 17:21:45.118"}
{"availableBeginTime":"2026-10-07 00:41:45.118","availableEndTime":"2026-10-07 17:21:45.118"}
{"availableBeginTime":"2026-10-07 00:41:45.118","availableEndTime":"2026-10-07 17:21:45.118"}
{"availableBeginTime":"2026-10-07 00:41:45.118","availableEndTime":"2026-10-07 17:21:45.118"}
{"availableBeginTime":"2026-10-07 00:41:45.118","availableEndTime":"2026-10-07 17:21:45.118"}
{"availableBeginTime":"2026-10-07 00:41:45.118","availableEndTime":"2026-10-07 17:21:45.118"}
{"availableBeginTime":"2026-10-07 00:41:45.118","availableEndTime":"2026-10-07 17:21:45.118"}
{"availableBeginTime":"2026-10-07 00:41:45.118","availableEndTime":"2026-10-07 17:21:45.118"}
{"availableBeginTime":"2026-10-07 00:41:45.118","availableEndTime":"2026-10-07 17:21:45.118"}
{"availableBeginTime":"2026-10-07 00:41:45.118","availableEndTime":"2026-10-07 17:21:45.118"}
{"availableBeginTime":"2026-10-07 00:41:45.118","availableEndTime":"2026-10-07 17:21:45.118"}
{"availableBeginTime":"2026-10-07 00:41:45.118","availableEndTime":"2026-10-07 17:21:45.118"}
{"availableBeginTime":"2026-10-07 00:41:45.118","availableEndTime":"2026-10-07 17:21:45.118"}
{"availableBeginTime":"2026-10-07 00:41:45.118","availableEndTime":"2026-10-07 17:21:45.118"}
{"availableBeginTime":"2026-10-07 00:41:45.118","availableEndTime":"2026-10-07 17:21:45.118"}
{"availableBeginTime":"2026-10-07 00:41:45.118","availableEndTime":"2026-10-07 17:21:45.118"}
{"availableBeginTime":"2026-10-07 00:41:45.118","availableEndTime":"2026-10-07 17:21:45.118"}
{"availableBeginTime":"2026-10-07 00:41:45.118","availableEndTime":"2026-10-07 17:21:45.118"}
{"availableBeginTime":"2026-10-07 00:41:45.118","availableEndTime":"2026-10-07 17:21:45.118"}
{"availableBeginTime":"2026-10-07 00:41:45.118","availableEndTime":"2026-10-07 17:21:45.118"}
{"availableBeginTime":"2026-10-07 00:41:45.118","availableEndTime":"2026-10-07 17:21:45.118"}
{"availableBeginTime":"2026-10-07 00:41:45.118","availableEndTime":"2026-10-07 17:21:45.118"}
{"availableBeginTime":"2026-10-07 00:41:45.118","availableEndTime":"2026-10-07 17:21:45.118"}
{"availableBeginTime":"2026-10-07 00:41:45.118","availableEndTime":"2026-10-07 17:21:45.118"}
{"availableBeginTime":"2026-10-07 00:41:45.118","availableEndTime":"2026-10-07 17:21:45.118"}
{"availableBeginTime":"2026-10-07 00:41:45.118","availableEndTime":"2026-10-07 17:21:45.118"}
{"availableBeginTime":"2026-10-07 00:41:45.118","availableEndTime":"2026-10-07 17:21:45.118"}
{"availableBeginTime":"2026-10-07 00:41:45.118","availableEndTime":"2026-10-07 17:21:45.118"}
{"availableBeginTime":"2026-10-07 00:41:45.118","availableEndTime":"2026-10-07 17:21:45.118"}
{"availableBeginTime":"2026-10-07 00:41:45.118","availableEndTime":"2026-10-07 17:21:45.118"}
{"availableBeginTime":"2026-10-07 00:41:45.118","availableEndTime":"2026-10-07 17:21:45.118"}
{"availableBeginTime":"2026-10-07 00:41:45.118","availableEndTime":"2026-10-07 17:21:45.118"}
{"availableBeginTime":"2026-10-07 00:41:45.118","availableEndTime":"2026-10-07 17:21:45.118"}
{"availableBeginTime":"2026-10-07 00:41:45.118","availableEndTime":"2026-10-07 17:21:45.118"}
{"availableBeginTime":"2026-10-07 00:41:45.118","availableEndTime":"2026-10-07 17:21:45.118"}
{"availableBeginTime":"2026-10-07 00:41:45.118","availableEndTime":"2026-10-07 17:21:45.118"}
{"availableBeginTime":"2026-10-07 00:41:45.118","availableEndTime":"2026-10-07 17:21:45.118"}
{"availableBeginTime":"2026-10-07 00:41:45.118","availableEndTime":"2026-10-07 17:21:45.118"}
{"availableBeginTime":"2026-10-07 00:41:45.118","availableEndTime":"2026-10-07 17:21:45.118"}
{"availableBeginTime":"2026-10-07 00:41:45.118","availableEndTime":"2026-10-07 17:21:45.118"}
{"availableBeginTime":"2026-10-07 00:41:45.118","availableEndTime":"2026-10-07 17:21:45.118"}
{"availableBeginTime":"2026-10-07 00:41:45.118","availableEndTime":"2026-10-07 17:21:45.118"}
{"availableBeginTime":"2026-10-07 00:41:45.118","availableEndTime":"2026-10-07 17:21:45.118"}
{"availableBeginTime":"2026-10-07 00:41:45.118","availableEndTime":"2026-10-07 17:21:45.118"}
{"availableBeginTime":"2026-10-07 00:41:45.118","availableEndTime":"2026-10-07 17:21:45.118"}
{"availableBeginTime":"2026-10-07 00:41:45.118","availableEndTime":"2026-10-07 17:21:45.118"}
{"availableBeginTime":"2026-10-07 00:41:45.118","availableEndTime":"2026-10-07 17:21:45.118"}
{"availableBeginTime":"2026-10-07 00:41:45.118","availableEndTime":"2026-10-07 17:21:45.118"}
{"availableBeginTime":"2026-10-07 00:41:45.118","availableEndTime":"2026-10-07 17:21:45.118"}
{"availableBeginTime":"2026-10-07 00:41:45.118","availableEndTime":"2026-10-07 17:21:45.118"}
{"availableBeginTime":"2026-10-07 00:41:45.118","availableEndTime":"2026-10-07 17:21:45.118"}
{"availableBeginTime":"2026-10-07 00:41:45.118","availableEndTime":"2026-10-07 17:21:45.118"}
{"availableBeginTime":"2026-10-07 00:41:45.118","availableEndTime":"2026-10-07 17:21:45.118"}
{"availableBeginTime":"2026-10-07 00:41:45.118","availableEndTime":"2026-10-07 17:21:45.118"}
{"availableBeginTime":"2026-10-07 00:41:45.118","availableEndTime":"2026-10-07 17:21:45.118"}
{"availableBeginTime":"2026-10-07 00:41:45.118","availableEndTime":"2026-10-07 17:21:45.118"}
{"availableBeginTime":"2026-10-07 00:41:45.118","availableEndTime":"2026-10-07 17:21:45.118"}
{"availableBeginTime":"2026-10-07 00:41:45.118","availableEndTime":"2026-10-07 17:21:45.118"}
{"availableBeginTime":"2026-10-07 00:41:45.118","availableEndTime":"2026-10-07 17:21:45.118"}
{"availableBeginTime":"2026-10-07 00:41:45.118","availableEndTime":"2026-10-07 17:21:45.118"}
{"availableBeginTime":"2026-10-07 00:41:45.118","availableEndTime":"2026-10-07 17:21:45.118"}
{"availableBeginTime":"2026-10-07 00:41:45.118","availableEndTime":"2026-10-07 17:21:45.118"}
{"availableBeginTime":"2026-10-07 00:41:45.119","availableEndTime":"2026-10-07 17:21:45.119"}
{"availableBeginTime":"2026-10-07 00:41:45.119","availableEndTime":"2026-10-07 17:21:45.119"}
{"availableBeginTime":"2026-10-07 00:41:45.119","availableEndTime":"2026-10-07 17:21:45.119"}
{"availableBeginTime":"2026-10-07 00:41:45.119","availableEndTime":"2026-10-07 17:21:45.119"}
{"availableBeginTime":"2026-10-07 00:41:45.119","availableEndTime":"2026-10-07 17:21:45.119"}
{"availableBeginTime":"2026-10-07 00:41:45.119","availableEndTime":"2026-10-07 17:21:45.119"}
{"availableBeginTime":"2026-10-07 00:41:45.119","availableEndTime":"2026-10-07 17:21:45.119"}
{"availableBeginTime":"2026-10-07 00:41:45.119","availableEndTime":"2026-10-07 17:21:45.119"}
{"availableBeginTime":"2026-10-07 00:41:45.119","availableEndTime":"2026-10-07 17:21:45.119"}
{"availableBeginTime":"2026-10-07 00:41:45.119","availableEndTime":"2026-10-07 17:21:45.119"}
{"availableBeginTime":"2026-10-07 00:41:45.119","availableEndTime":"2026-10-07 17:21:45.119"}
{"availableBeginTime":"2026-10-07 00:41:45.119","availableEndTime":"2026-10-07 17:21:45.119"}
{"availableBeginTime":"2026-10-07 00:41:45.119","availableEndTime":"2026-10-07 17:21:45.119"}
{"availableBeginTime":"2026-10-07 00:41:45.119","availableEndTime":"2026-10-07 17:21:45.119"}
{"availableBeginTime":"2026-10-07 00:41:45.119","availableEndTime":"2026-10-07 17:21:45.119"}
{"availableBeginTime":"2026-10-07 00:41:45.119","availableEndTime":"2026-10-07 17:21:45.119"}
{"availableBeginTime":"2026-10-07 00:41:45.119","availableEndTime":"2026-10-07 17:21:45.119"}
{"availableBeginTime":"2026-10-07 00:41:45.119","availableEndTime":"2026-10-07 17:21:45.119"}
{"availableBeginTime":"2026-10-07 00:41:45.119","availableEndTime":"2026-10-07 17:21:45.119"}
{"availableBeginTime":"2026-10-07 00:41:45.119","availableEndTime":"2026-10-07 17:21:45.119"}
{"availableBeginTime":"2026-10-07 00:41:45.119","availableEndTime":"2026-10-07 17:21:45.119"}
{"availableBeginTime":"2026-10-07 00:41:45.119","availableEndTime":"2026-10-07 17:21:45.119"}
{"availableBeginTime":"2026-10-07 00:41:45.119","availableEndTime":"2026-10-07 17:21:45.119"}
{"availableBeginTime":"2026-10-07 00:41:45.119","availableEndTime":"2026-10-07 17:21:45.119"}
{"availableBeginTime":"2026-10-07 00:41:45.119","availableEndTime":"2026-10-07 17:21:45.119"}
{"availableBeginTime":"2026-10-07 00:41:45.119","availableEndTime":"2026-10-07 17:21:45.119"}
{"availableBeginTime":"2026-10-07 00:41:45.119","availableEndTime":"2026-10-07 17:21:45.119"}
{"availableBeginTime":"2026-10-07 00:41:45.119","availableEndTime":"2026-10-07 17:21:45.119"}
{"availableBeginTime":"2026-10-07 00:41:45.119","availableEndTime":"2026-10-07 17:21:45.119"}
{"availableBeginTime":"2026-10-07 00:41:45.119","availableEndTime":"2026-10-07 17:21:45.119"}
{"availableBeginTime":"2026-10-07 00:41:45.119","availableEndTime":"2026-10-07 17:21:45.119"}
{"availableBeginTime":"2026-10-07 00:41:45.119","availableEndTime":"2026-10-07 17:21:45.119"}
{"availableBeginTime":"2026-10-07 00:41:45.119","availableEndTime":"2026-10-07 17:21:45.119"}
{"availableBeginTime":"2026-10-07 00:41:45.119","availableEndTime":"2026-10-07 17:21:45.119"}
{"availableBeginTime":"2026-10-07 00:41:45.119","availableEndTime":"2026-10-07 17:21:45.119"}
{"availableBeginTime":"2026-10-07 00:41:45.119","availableEndTime":"2026-10-07 17:21:45.119"}
{"availableBeginTime":"2026-10-07 00:41:45.119","availableEndTime":"2026-10-07 17:21:45.119"}
{"availableBeginTime":"2026-10-07 00:41:45.119","availableEndTime":"2026-10-07 17:21:45.119"}
{"availableBeginTime":"2026-10-07 00:41:45.119","availableEndTime":"2026-10-07 17:21:45.119"}
{"availableBeginTime":"2026-10-07 00:41:45.119","availableEndTime":"2026-10-07 17:21:45.119"}
{"availableBeginTime":"2026-10-07 00:41:45.119","availableEndTime":"2026-10-07 17:21:45.119"}
{"availableBeginTime":"2026-10-07 00:41:45.119","availableEndTime":"2026-10-07 17:21:45.119"}
{"availableBeginTime":"2026-10-07 00:41:45.119","availableEndTime":"2026-10-07 17:21:45.119"}
{"availableBeginTime":"2026-10-07 00:41:45.119","availableEndTime":"2026-10-07 17:21:45.119"}
{"availableBeginTime":"2026-10-07 00:41:45.119","availableEndTime":"2026-10-07 17:21:45.119"}
{"availableBeginTime":"2026-10-07 00:41:45.119","availableEndTime":"2026-10-07 17:21:45.119"}
{"availableBeginTime":"2026-10-07 00:41:45.119","availableEndTime":"2026-10-07 17:21:45.119"}
{"availableBeginTime":"2026-10-07 00:41:45.119","availableEndTime":"2026-10-07 17:21:45.119"}
{"availableBeginTime":"2026-10-07 00:41:45.119","availableEndTime":"2026-10-07 17:21:45.119"}
{"availableBeginTime":"2026-10-07 00:41:45.119","availableEndTime":"2026-10-07 17:21:45.119"}
{"availableBeginTime":"2026-10-07 00:41:45.119","availableEndTime":"2026-10-07 17:21:45.119"}
{"availableBeginTime":"2026-10-07 00:41:45.119","availableEndTime":"2026-10-07 17:21:45.119"}
{"availableBeginTime":"2026-10-07 00:41:45.119","availableEndTime":"2026-10-07 17:21:45.119"}
{"availableBeginTime":"2026-10-07 00:41:45.119","availableEndTime":"2026-10-07 17:21:45.119"}
{"availableBeginTime":"2026-10-07 00:41:45.119","availableEndTime":"2026-10-07 17:21:45.119"}
{"availableBeginTime":"2026-10-07 00:41:45.119","availableEndTime":"2026-10-07 17:21:45.119"}
{"availableBeginTime":"2026-10-07 00:41:45.119","availableEndTime":"2026-10-07 17:21:45.119"}
{"availableBeginTime":"2026-10-07 00:41:45.119","availableEndTime":"2026-10-07 17:21:45.119"}
{"availableBeginTime":"2026-10-07 00:41:45.119","availableEndTime":"2026-10-07 17:21:45.119"}
{"availableBeginTime":"2026-10-07 00:41:45.119","availableEndTime":"2026-10-07 17:21:45.119"}
{"availableBeginTime":"2026-10-07 00:41:45.119","availableEndTime":"2026-10-07 17:21:45.119"}
{"availableBeginTime":"2026-10-07 00:41:45.119","availableEndTime":"2026-10-07 17:21:45.119"}
{"availableBeginTime":"2026-10-07 00:41:45.119","availableEndTime":"2026-10-07 17:21:45.119"}
{"availableBeginTime":"2026-10-07 00:41:45.119","availableEndTime":"2026-10-07 17:21:45.119"}
{"availableBeginTime":"2026-10-07 00:41:45.119","availableEndTime":"2026-10-07 17:21:45.119"}
{"availableBeginTime":"2026-10-07 00:41:45.119","availableEndTime":"2026-10-07 17:21:45.119"}
{"availableBeginTime":"2026-10-07 00:41:45.119","availableEndTime":"2026-10-07 17:21:45.119"}
{"availableBeginTime":"2026-10-07 00:41:45.119","availableEndTime":"2026-10-07 17:21:45.119"}
{"availableBeginTime":"2026-10-07 00:41:45.119","availableEndTime":"2026-10-07 17:21:45.119"}
{"availableBeginTime":"2026-10-07 00:41:45.119","availableEndTime":"2026-10-07 17:21:45.119"}
{"availableBeginTime":"2026-10-07 00:41:45.119","availableEndTime":"2026-10-07 17:21:45.119"}
{"availableBeginTime":"2026-10-07 00:41:45.119","availableEndTime":"2026-10-07 17:21:45.119"}
{"availableBeginTime":"2026-10-07 00:41:45.119","availableEndTime":"2026-10-07 17:21:45.119"}
{"availableBeginTime":"2026-10-07 00:41:45.119","availableEndTime":"2026-10-07 17:21:45.119"}
{"availableBeginTime":"2026-10-07 00:41:45.119","availableEndTime":"2026-10-07 17:21:45.119"}
{"availableBeginTime":"2026-10-07 00:41:45.119","availableEndTime":"2026-10-07 17:21:45.119"}
{"availableBeginTime":"2026-10-07 00:41:45.119","availableEndTime":"2026-10-07 17:21:45.119"}
{"availableBeginTime":"2026-10-07 00:41:45.119","availableEndTime":"2026-10-07 17:21:45.119"}
{"availableBeginTime":"2026-10-07 00:41:45.119","availableEndTime":"2026-10-07 17:21:45.119"}
{"availableBeginTime":"2026-10-07 00:41:45.119","availableEndTime":"2026-10-07 17:21:45.119"}
{"availableBeginTime":"2026-10-07 00:41:45.119","availableEndTime":"2026-10-07 17:21:45.119"}
{"availableBeginTime":"2026-10-07 00:41:45.119","availableEndTime":"2026-10-07 17:21:45.119"}
{"availableBeginTime":"2026-10-07 00:41:45.119","availableEndTime":"2026-10-07 17:21:45.119"}
{"availableBeginTime":"2026-10-07 00:41:45.119","availableEndTime":"2026-10-07 17:21:45.119"}
{"availableBeginTime":"2026-10-07 00:41:45.119","availableEndTime":"2026-10-07 17:21:45.119"}
{"availableBeginTime":"2026-10-07 00:41:45.119","availableEndTime":"2026-10-07 17:21:45.119"}
{"availableBeginTime":"2026-10-07 00:41:45.119","availableEndTime":"2026-10-07 17:21:45.119"}
{"availableBeginTime":"2026-10-07 00:41:45.119","availableEndTime":"2026-10-07 17:21:45.119"}
{"availableBeginTime":"2026-10-07 00:41:45.119","availableEndTime":"2026-10-07 17:21:45.119"}
{"availableBeginTime":"2026-10-07 00:41:45.119","availableEndTime":"2026-10-07 17:21:45.119"}
{"availableBeginTime":"2026-10-07 00:41:45.119","availableEndTime":"2026-10-07 17:21:45.119"}
{"availableBeginTime":"2026-10-07 00:41:45.119","availableEndTime":"2026-10-07 17:21:45.119"}
{"availableBeginTime":"2026-10-07 00:41:45.119","availableEndTime":"2026-10-07 17:21:45.119"}
{"availableBeginTime":"2026-10-07 00:41:45.119","availableEndTime":"2026-10-07 17:21:45.119"}
{"availableBeginTime":"2026-10-07 00:41:45.119","availableEndTime":"2026-10-07 17:21:45.119"}
{"availableBeginTime":"2026-10-07 00:41:45.119","availableEndTime":"2026-10-07 17:21:45.119"}
{"availableBeginTime":"2026-10-07 00:41:45.119","availableEndTime":"2026-10-07 17:21:45.119"}
{"availableBeginTime":"2026-10-07 00:41:45.119","availableEndTime":"2026-10-07 17:21:45.119"}
{"availableBeginTime":"2026-10-07 00:41:45.119","availableEndTime":"2026-10-07 17:21:45.119"}
{"availableBeginTime":"2026-10-07 00:41:45.119","availableEndTime":"2026-10-07 17:21:45.119"}
{"availableBeginTime":"2026-10-07 00:41:45.119","availableEndTime":"2026-10-07 17:21:45.119"}
{"availableBeginTime":"2026-10-07 00:41:45.119","availableEndTime":"2026-10-07 17:21:45.119"}
{"availableBeginTime":"2026-10-07 00:41:45.119","availableEndTime":"2026-10-07 17:21:45.119"}
{"availableBeginTime":"2026-10-07 00:41:45.119","availableEndTime":"2026-10-07 17:21:45.119"}
{"availableBeginTime":"2026-10-07 00:41:45.119","availableEndTime":"2026-10-07 17:21:45.119"}
{"availableBeginTime":"2026-10-07 00:41:45.119","availableEndTime":"2026-10-07 17:21:45.119"}
{"availableBeginTime":"2026-10-07 00:41:45.119","availableEndTime":"2026-10-07 17:21:45.119"}
{"availableBeginTime":"2026-10-07 00:41:45.119","availableEndTime":"2026-10-07 17:21:45.119"}
{"availableBeginTime":"2026-10-07 00:41:45.119","availableEndTime":"2026-10-07 17:21:45.119"}
{"availableBeginTime":"2026-10-07 00:41:45.119","availableEndTime":"2026-10-07 17:21:45.119"}
{"availableBeginTime":"2026-10-07 00:41:45.119","availableEndTime":"2026-10-07 17:21:45.119"}
{"availableBeginTime":"2026-10-07 00:41:45.119","availableEndTime":"2026-10-07 17:21:45.119"}
{"availableBeginTime":"2026-10-07 00:41:45.119","availableEndTime":"2026-10-07 17:21:45.119"}
{"availableBeginTime":"2026-10-07 00:41:45.119","availableEndTime":"2026-10-07 17:21:45.119"}
{"availableBeginTime":"2026-10-07 00:41:45.119","availableEndTime":"2026-10-07 17:21:45.119"}
{"availableBeginTime":"2026-10-07 00:41:45.119","availableEndTime":"2026-10-07 17:21:45.119"}
{"availableBeginTime":"2026-10-07 00:41:45.119","availableEndTime":"2026-10-07 17:21:45.119"}
{"availableBeginTime":"2026-10-07 00:41:45.119","availableEndTime":"2026-10-07 17:21:45.119"}
{"availableBeginTime":"2026-10-07 00:41:45.119","availableEndTime":"2026-10-07 17:21:45.119"}
{"availableBeginTime":"2026-10-07 00:41:45.119","availableEndTime":"2026-10-07 17:21:45.119"}
{"availableBeginTime":"2026-10-07 00:41:45.119","availableEndTime":"2026-10-07 17:21:45.119"}
{"availableBeginTime":"2026-10-07 00:41:45.119","availableEndTime":"2026-10-07 17:21:45.119"}
{"availableBeginTime":"2026-10-07 00:41:45.119","availableEndTime":"2026-10-07 17:21:45.119"}
{"availableBeginTime":"2026-10-07 00:41:45.119","availableEndTime":"2026-10-07 17:21:45.119"}
{"availableBeginTime":"2026-10-07 00:41:45.119","availableEndTime":"2026-10-07 17:21:45.119"}
{"availableBeginTime":"2026-10-07 00:41:45.119","availableEndTime":"2026-10-07 17:21:45.119"}
{"availableBeginTime":"2026-10-07 00:41:45.119","availableEndTime":"2026-10-07 17:21:45.119"}
{"availableBeginTime":"2026-10-07 00:41:45.119","availableEndTime":"2026-10-07 17:21:45.119"}
{"availableBeginTime":"2026-10-07 00:41:45.119","availableEndTime":"2026-10-07 17:21:45.119"}
{"availableBeginTime":"2026-10-07 00:41:45.119","availableEndTime":"2026-10-07 17:21:45.119"}
{"availableBeginTime":"2026-10-07 00:41:45.119","availableEndTime":"2026-10-07 17:21:45.119"}
{"availableBeginTime":"2026-10-07 00:41:45.119","availableEndTime":"2026-10-07 17:21:45.119"}
{"availableBeginTime":"2026-10-07 00:41:45.119","availableEndTime":"2026-10-07 17:21:45.119"}
{"availableBeginTime":"2026-10-07 00:41:45.119","availableEndTime":"2026-10-07 17:21:45.119"}
{"availableBeginTime":"2026-10-07 00:41:45.119","availableEndTime":"2026-10-07 17:21:45.119"}
{"availableBeginTime":"2026-10-07 00:41:45.119","availableEndTime":"2026-10-07 17:21:45.119"}
{"availableBeginTime":"2026-10-07 00:41:45.119","availableEndTime":"2026-10-07 17:21:45.119"}
{"availableBeginTime":"2026-10-07 00:41:45.119","availableEndTime":"2026-10-07 17:21:45.119"}
{"availableBeginTime":"2026-10-07 00:41:45.119","availableEndTime":"2026-10-07 17:21:45.119"}
{"availableBeginTime":"2026-10-07 00:41:45.119","availableEndTime":"2026-10-07 17:21:45.119"}
{"availableBeginTime":"2026-10-07 00:41:45.119","availableEndTime":"2026-10-07 17:21:45.119"}
{"availableBeginTime":"2026-10-07 00:41:45.119","availableEndTime":"2026-10-07 17:21:45.119"}
{"availableBeginTime":"2026-10-07 00:41:45.119","availableEndTime":"2026-10-07 17:21:45.119"}
{"availableBeginTime":"2026-10-07 00:41:45.119","availableEndTime":"2026-10-07 17:21:45.119"}
{"availableBeginTime":"2026-10-07 00:41:45.119","availableEndTime":"2026-10-07 17:21:45.119"}
{"availableBeginTime":"2026-10-07 00:41:45.119","availableEndTime":"2026-10-07 17:21:45.119"}
{"availableBeginTime":"2026-10-07 00:41:45.119","availableEndTime":"2026-10-07 17:21:45.119"}
{"availableBeginTime":"2026-10-07 00:41:45.119","availableEndTime":"2026-10-07 17:21:45.119"}
{"availableBeginTime":"2026-10-07 00:41:45.119","availableEndTime":"2026-10-07 17:21:45.119"}
{"availableBeginTime":"2026-10-07 00:41:45.119","availableEndTime":"2026-10-07 17:21:45.119"}
{"availableBeginTime":"2026-10-07 00:41:45.119","availableEndTime":"2026-10-07 17:21:45.119"}
{"availableBeginTime":"2026-10-07 00:41:45.119","availableEndTime":"2026-10-07 17:21:45.119"}
{"availableBeginTime":"2026-10-07 00:41:45.119","availableEndTime":"2026-10-07 17:21:45.119"}
{"availableBeginTime":"2026-10-07 00:41:45.119","availableEndTime":"2026-10-07 17:21:45.119"}
{"availableBeginTime":"2026-10-07 00:41:45.119","availableEndTime":"2026-10-07 17:21:45.119"}
{"availableBeginTime":"2026-10-07 00:41:45.119","availableEndTime":"2026-10-07 17:21:45.119"}
{"availableBeginTime":"2026-10-07 00:41:45.119","availableEndTime":"2026-10-07 17:21:45.119"}
{"availableBeginTime":"2026-10-07 00:41:45.119","availableEndTime":"2026-10-07 17:21:45.119"}
{"availableBeginTime":"2026-10-07 00:41:45.119","availableEndTime":"2026-10-07 17:21:45.119"}
{"availableBeginTime":"2026-10-07 00:41:45.119","availableEndTime":"2026-10-07 17:21:45.119"}
{"availableBeginTime":"2026-10-07 00:41:45.119","availableEndTime":"2026-10-07 17:21:45.119"}
{"availableBeginTime":"2026-10-07 00:41:45.119","availableEndTime":"2026-10-07 17:21:45.119"}
{"availableBeginTime":"2026-10-07 00:41:45.119","availableEndTime":"2026-10-07 17:21:45.119"}
{"availableBeginTime":"2026-10-07 00:41:45.119","availableEndTime":"2026-10-07 17:21:45.119"}
{"availableBeginTime":"2026-10-07 00:41:45.119","availableEndTime":"2026-10-07 17:21:45.119"}
{"availableBeginTime":"2026-10-07 00:41:45.119","availableEndTime":"2026-10-07 17:21:45.119"}
{"availableBeginTime":"2026-10-07 00:41:45.119","availableEndTime":"2026-10-07 17:21:45.119"}
{"availableBeginTime":"2026-10-07 00:41:45.119","availableEndTime":"2026-10-07 17:21:45.119"}
{"availableBeginTime":"2026-10-07 00:41:45.119","availableEndTime":"2026-10-07 17:21:45.119"}
{"availableBeginTime":"2026-10-07 00:41:45.119","availableEndTime":"2026-10-07 17:21:45.119"}
{"availableBeginTime":"2026-10-07 00:41:45.119","availableEndTime":"2026-10-07 17:21:45.119"}
{"availableBeginTime":"2026-10-07 00:41:45.119","availableEndTime":"2026-10-07 17:21:45.119"}
{"availableBeginTime":"2026-10-07 00:41:45.119","availableEndTime":"2026-10-07 17:21:45.119"}
{"availableBeginTime":"2026-10-07 00:41:45.119","availableEndTime":"2026-10-07 17:21:45.119"}
{"availableBeginTime":"2026-10-07 00:41:45.119","availableEndTime":"2026-10-07 17:21:45.119"}
{"availableBeginTime":"2026-10-07 00:41:45.119","availableEndTime":"2026-10-07 17:21:45.119"}
{"availableBeginTime":"2026-10-07 00:41:45.119","availableEndTime":"2026-10-07 17:21:45.119"}
{"availableBeginTime":"2026-10-07 00:41:45.119","availableEndTime":"2026-10-07 17:21:45.119"}
{"availableBeginTime":"2026-10-07 00:41:45.119","availableEndTime":"2026-10-07 17:21:45.119"}
{"availableBeginTime":"2026-10-07 00:41:45.119","availableEndTime":"2026-10-07 17:21:45.119"}
{"availableBeginTime":"2026-10-07 00:41:45.119","availableEndTime":"2026-10-07 17:21:45.119"}
{"availableBeginTime":"2026-10-07 00:41:45.119","availableEndTime":"2026-10-07 17:21:45.119"}
{"availableBeginTime":"2026-10-07 00:41:45.119","availableEndTime":"2026-10-07 17:21:45.119"}
{"availableBeginTime":"2026-10-07 00:41:45.119","availableEndTime":"2026-10-07 17:21:45.119"}
{"availableBeginTime":"2026-10-07 00:41:45.119","availableEndTime":"2026-10-07 17:21:45.119"}
{"availableBeginTime":"2026-10-07 00:41:45.119","availableEndTime":"2026-10-07 17:21:45.119"}
{"availableBeginTime":"2026-10-07 00:41:45.119","availableEndTime":"2026-10-07 17:21:45.119"}
{"availableBeginTime":"2026-10-07 00:41:45.119","availableEndTime":"2026-10-07 17:21:45.119"}
{"availableBeginTime":"2026-10-07 00:41:45.119","availableEndTime":"2026-10-07 17:21:45.119"}
{"availableBeginTime":"2026-10-07 00:41:45.119","availableEndTime":"2026-10-07 17:21:45.119"}
{"availableBeginTime":"2026-10-07 00:41:45.119","availableEndTime":"2026-10-07 17:21:45.119"}
{"availableBeginTime":"2026-10-07 00:41:45.119","availableEndTime":"2026-10-07 17:21:45.119"}
{"availableBeginTime":"2026-10-07 00:41:45.119","availableEndTime":"2026-10-07 17:21:45.119"}
{"availableBeginTime":"2026-10-07 00:41:45.119","availableEndTime":"2026-10-07 17:21:45.119"}
{"availableBeginTime":"2026-10-07 00:41:45.119","availableEndTime":"2026-10-07 17:21:45.119"}
{"availableBeginTime":"2026-10-07 00:41:45.119","availableEndTime":"2026-10-07 17:21:45.119"}
{"availableBeginTime":"2026-10-07 00:41:45.119","availableEndTime":"2026-10-07 17:21:45.119"}
{"availableBeginTime":"2026-10-07 00:41:45.119","availableEndTime":"2026-10-07 17:21:45.119"}
{"availableBeginTime":"2026-10-07 00:41:45.119","availableEndTime":"2026-10-07 17:21:45.119"}
{"availableBeginTime":"2026-10-07 00:41:45.119","availableEndTime":"2026-10-07 17:21:45.119"}
{"availableBeginTime":"2026-10-07 00:41:45.119","availableEndTime":"2026-10-07 17:21:45.119"}
{"availableBeginTime":"2026-10-07 00:41:45.119","availableEndTime":"2026-10-07 17:21:45.119"}
{"availableBeginTime":"2026-10-07 00:41:45.119","availableEndTime":"2026-10-07 17:21:45.119"}
{"availableBeginTime":"2026-10-07 00:41:45.119","availableEndTime":"2026-10-07 17:21:45.119"}
{"availableBeginTime":"2026-10-07 00:41:45.119","availableEndTime":"2026-10-07 17:21:45.119"}
{"availableBeginTime":"2026-10-07 00:41:45.119","availableEndTime":"2026-10-07 17:21:45.119"}
{"availableBeginTime":"2026-10-07 00:41:45.119","availableEndTime":"2026-10-07 17:21:45.119"}
{"availableBeginTime":"2026-10-07 00:41:45.119","availableEndTime":"2026-10-07 17:21:45.119"}
{"availableBeginTime":"2026-10-07 00:41:45.119","availableEndTime":"2026-10-07 17:21:45.119"}
{"availableBeginTime":"2026-10-07 00:41:45.119","availableEndTime":"2026-10-07 17:21:45.119"}
{"availableBeginTime":"2026-10-07 00:41:45.119","availableEndTime":"2026-10-07 17:21:45.119"}
{"availableBeginTime":"2026-10-07 00:41:45.119","availableEndTime":"2026-10-07 17:21:45.119"}
{"availableBeginTime":"2026-10-07 00:41:45.119","availableEndTime":"2026-10-07 17:21:45.119"}
{"availableBeginTime":"2026-10-07 00:41:45.119","availableEndTime":"2026-10-07 17:21:45.119"}
{"availableBeginTime":"2026-10-07 00:41:45.12","availableEndTime":"2026-10-07 17:21:45.12"}
{"availableBeginTime":"2026-10-07 00:41:45.12","availableEndTime":"2026-10-07 17:21:45.12"}
{"availableBeginTime":"2026-10-07 00:41:45.12","availableEndTime":"2026-10-07 17:21:45.12"}
{"availableBeginTime":"2026-10-07 00:41:45.12","availableEndTime":"2026-10-07 17:21:45.12"}
{"availableBeginTime":"2026-10-07 00:41:45.12","availableEndTime":"2026-10-07 17:21:45.12"}
{"availableBeginTime":"2026-10-07 00:41:45.12","availableEndTime":"2026-10-07 17:21:45.12"}
{"availableBeginTime":"2026-10-07 00:41:45.12","availableEndTime":"2026-10-07 17:21:45.12"}
{"availableBeginTime":"2026-10-07 00:41:45.12","availableEndTime":"2026-10-07 17:21:45.12"}
{"availableBeginTime":"2026-10-07 00:41:45.12","availableEndTime":"2026-10-07 17:21:45.12"}
{"availableBeginTime":"2026-10-07 00:41:45.12","availableEndTime":"2026-10-07 17:21:45.12"}
{"availableBeginTime":"2026-10-07 00:41:45.12","availableEndTime":"2026-10-07 17:21:45.12"}
{"availableBeginTime":"2026-10-07 00:41:45.12","availableEndTime":"2026-10-07 17:21:45.12"}
{"availableBeginTime":"2026-10-07 00:41:45.12","availableEndTime":"2026-10-07 17:21:45.12"}
{"availableBeginTime":"2026-10-07 00:41:45.12","availableEndTime":"2026-10-07 17:21:45.12"}
{"availableBeginTime":"2026-10-07 00:41:45.12","availableEndTime":"2026-10-07 17:21:45.12"}
{"availableBeginTime":"2026-10-07 00:41:45.12","availableEndTime":"2026-10-07 17:21:45.12"}
{"availableBeginTime":"2026-10-07 00:41:45.12","availableEndTime":"2026-10-07 17:21:45.12"}
{"availableBeginTime":"2026-10-07 00:41:45.12","availableEndTime":"2026-10-07 17:21:45.12"}
{"availableBeginTime":"2026-10-07 00:41:45.12","availableEndTime":"2026-10-07 17:21:45.12"}
{"availableBeginTime":"2026-10-07 00:41:45.12","availableEndTime":"2026-10-07 17:21:45.12"}
{"availableBeginTime":"2026-10-07 00:41:45.12","availableEndTime":"2026-10-07 17:21:45.12"}
{"availableBeginTime":"2026-10-07 00:41:45.12","availableEndTime":"2026-10-07 17:21:45.12"}
{"availableBeginTime":"2026-10-07 00:41:45.12","availableEndTime":"2026-10-07 17:21:45.12"}
{"availableBeginTime":"2026-10-07 00:41:45.12","availableEndTime":"2026-10-07 17:21:45.12"}
{"availableBeginTime":"2026-10-07 00:41:45.12","availableEndTime":"2026-10-07 17:21:45.12"}
{"availableBeginTime":"2026-10-07 00:41:45.12","availableEndTime":"2026-10-07 17:21:45.12"}
{"availableBeginTime":"2026-10-07 00:41:45.12","availableEndTime":"2026-10-07 17:21:45.12"}
{"availableBeginTime":"2026-10-07 00:41:45.12","availableEndTime":"2026-10-07 17:21:45.12"}
{"availableBeginTime":"2026-10-07 00:41:45.12","availableEndTime":"2026-10-07 17:21:45.12"}
{"availableBeginTime":"2026-10-07 00:41:45.12","availableEndTime":"2026-10-07 17:21:45.12"}
{"availableBeginTime":"2026-10-07 00:41:45.12","availableEndTime":"2026-10-07 17:21:45.12"}
{"availableBeginTime":"2026-10-07 00:41:45.12","availableEndTime":"2026-10-07 17:21:45.12"}
{"availableBeginTime":"2026-10-07 00:41:45.12","availableEndTime":"2026-10-07 17:21:45.12"}
{"availableBeginTime":"2026-10-07 00:41:45.12","availableEndTime":"2026-10-07 17:21:45.12"}
{"availableBeginTime":"2026-10-07 00:41:45.12","availableEndTime":"2026-10-07 17:21:45.12"}
{"availableBeginTime":"2026-10-07 00:41:45.12","availableEndTime":"2026-10-07 17:21:45.12"}
{"availableBeginTime":"2026-10-07 00:41:45.12","availableEndTime":"2026-10-07 17:21:45.12"}
{"availableBeginTime":"2026-10-07 00:41:45.12","availableEndTime":"2026-10-07 17:21:45.12"}
{"availableBeginTime":"2026-10-07 00:41:45.12","availableEndTime":"2026-10-07 17:21:45.12"}
{"availableBeginTime":"2026-10-07 00:41:45.12","availableEndTime":"2026-10-07 17:21:45.12"}
{"availableBeginTime":"2026-10-07 00:41:45.12","availableEndTime":"2026-10-07 17:21:45.12"}
{"availableBeginTime":"2026-10-07 00:41:45.12","availableEndTime":"2026-10-07 17:21:45.12"}
{"availableBeginTime":"2026-10-07 00:41:45.12","availableEndTime":"2026-10-07 17:21:45.12"}
{"availableBeginTime":"2026-10-07 00:41:45.12","availableEndTime":"2026-10-07 17:21:45.12"}
{"availableBeginTime":"2026-10-07 00:41:45.12","availableEndTime":"2026-10-07 17:21:45.12"}
{"availableBeginTime":"2026-10-07 00:41:45.12","availableEndTime":"2026-10-07 17:21:45.12"}
{"availableBeginTime":"2026-10-07 00:41:45.12","availableEndTime":"2026-10-07 17:21:45.12"}
{"availableBeginTime":"2026-10-07 00:41:45.12","availableEndTime":"2026-10-07 17:21:45.12"}
{"availableBeginTime":"2026-10-07 00:41:45.12","availableEndTime":"2026-10-07 17:21:45.12"}
{"availableBeginTime":"2026-10-07 00:41:45.12","availableEndTime":"2026-10-07 17:21:45.12"}
{"availableBeginTime":"2026-10-07 00:41:45.12","availableEndTime":"2026-10-07 17:21:45.12"}
{"availableBeginTime":"2026-10-07 00:41:45.12","availableEndTime":"2026-10-07 17:21:45.12"}
{"availableBeginTime":"2026-10-07 00:41:45.12","availableEndTime":"2026-10-07 17:21:45.12"}
{"availableBeginTime":"2026-10-07 00:41:45.12","availableEndTime":"2026-10-07 17:21:45.12"}
{"availableBeginTime":"2026-10-07 00:41:45.12","availableEndTime":"2026-10-07 17:21:45.12"}
{"availableBeginTime":"2026-10-07 00:41:45.12","availableEndTime":"2026-10-07 17:21:45.12"}
{"availableBeginTime":"2026-10-07 00:41:45.12","availableEndTime":"2026-10-07 17:21:45.12"}
{"availableBeginTime":"2026-10-07 00:41:45.12","availableEndTime":"2026-10-07 17:21:45.12"}
{"availableBeginTime":"2026-10-07 00:41:45.12","availableEndTime":"2026-10-07 17:21:45.12"}
{"availableBeginTime":"2026-10-07 00:41:45.12","availableEndTime":"2026-10-07 17:21:45.12"}
{"availableBeginTime":"2026-10-07 00:41:45.12","availableEndTime":"2026-10-07 17:21:45.12"}
{"availableBeginTime":"2026-10-07 00:41:45.12","availableEndTime":"2026-10-07 17:21:45.12"}
{"availableBeginTime":"2026-10-07 00:41:45.12","availableEndTime":"2026-10-07 17:21:45.12"}
{"availableBeginTime":"2026-10-07 00:41:45.12","availableEndTime":"2026-10-07 17:21:45.12"}
{"availableBeginTime":"2026-10-07 00:41:45.12","availableEndTime":"2026-10-07 17:21:45.12"}
{"availableBeginTime":"2026-10-07 00:41:45.12","availableEndTime":"2026-10-07 17:21:45.12"}
{"availableBeginTime":"2026-10-07 00:41:45.12","availableEndTime":"2026-10-07 17:21:45.12"}
{"availableBeginTime":"2026-10-07 00:41:45.12","availableEndTime":"2026-10-07 17:21:45.12"}
{"availableBeginTime":"2026-10-07 00:41:45.12","availableEndTime":"2026-10-07 17:21:45.12"}
{"availableBeginTime":"2026-10-07 00:41:45.12","availableEndTime":"2026-10-07 17:21:45.12"}
{"availableBeginTime":"2026-10-07 00:41:45.12","availableEndTime":"2026-10-07 17:21:45.12"}
{"availableBeginTime":"2026-10-07 00:41:45.12","availableEndTime":"2026-10-07 17:21:45.12"}
{"availableBeginTime":"2026-10-07 00:41:45.12","availableEndTime":"2026-10-07 17:21:45.12"}
{"availableBeginTime":"2026-10-07 00:41:45.12","availableEndTime":"2026-10-07 17:21:45.12"}
{"availableBeginTime":"2026-10-07 00:41:45.12","availableEndTime":"2026-10-07 17:21:45.12"}
{"availableBeginTime":"2026-10-07 00:41:45.12","availableEndTime":"2026-10-07 17:21:45.12"}
{"availableBeginTime":"2026-10-07 00:41:45.12","availableEndTime":"2026-10-07 17:21:45.12"}
{"availableBeginTime":"2026-10-07 00:41:45.12","availableEndTime":"2026-10-07 17:21:45.12"}
{"availableBeginTime":"2026-10-07 00:41:45.12","availableEndTime":"2026-10-07 17:21:45.12"}
{"availableBeginTime":"2026-10-07 00:41:45.12","availableEndTime":"2026-10-07 17:21:45.12"}
{"availableBeginTime":"2026-10-07 00:41:45.12","availableEndTime":"2026-10-07 17:21:45.12"}
{"availableBeginTime":"2026-10-07 00:41:45.12","availableEndTime":"2026-10-07 17:21:45.12"}
{"availableBeginTime":"2026-10-07 00:41:45.12","availableEndTime":"2026-10-07 17:21:45.12"}
{"availableBeginTime":"2026-10-07 00:41:45.12","availableEndTime":"2026-10-07 17:21:45.12"}
{"availableBeginTime":"2026-10-07 00:41:45.12","availableEndTime":"2026-10-07 17:21:45.12"}
{"availableBeginTime":"2026-10-07 00:41:45.12","availableEndTime":"2026-10-07 17:21:45.12"}
{"availableBeginTime":"2026-10-07 00:41:45.12","availableEndTime":"2026-10-07 17:21:45.12"}
{"availableBeginTime":"2026-10-07 00:41:45.12","availableEndTime":"2026-10-07 17:21:45.12"}
{"availableBeginTime":"2026-10-07 00:41:45.12","availableEndTime":"2026-10-07 17:21:45.12"}
{"availableBeginTime":"2026-10-07 00:41:45.12","availableEndTime":"2026-10-07 17:21:45.12"}
{"availableBeginTime":"2026-10-07 00:41:45.12","availableEndTime":"2026-10-07 17:21:45.12"}
{"availableBeginTime":"2026-10-07 00:41:45.12","availableEndTime":"2026-10-07 17:21:45.12"}
{"availableBeginTime":"2026-10-07 00:41:45.12","availableEndTime":"2026-10-07 17:21:45.12"}
{"availableBeginTime":"2026-10-07 00:41:45.12","availableEndTime":"2026-10-07 17:21:45.12"}
{"availableBeginTime":"2026-10-07 00:41:45.12","availableEndTime":"2026-10-07 17:21:45.12"}
{"availableBeginTime":"2026-10-07 00:41:45.12","availableEndTime":"2026-10-07 17:21:45.12"}
{"availableBeginTime":"2026-10-07 00:41:45.12","availableEndTime":"2026-10-07 17:21:45.12"}
{"availableBeginTime":"2026-10-07 00:41:45.12","availableEndTime":"2026-10-07 17:21:45.12"}
{"availableBeginTime":"2026-10-07 00:41:45.12","availableEndTime":"2026-10-07 17:21:45.12"}
{"availableBeginTime":"2026-10-07 00:41:45.12","availableEndTime":"2026-10-07 17:21:45.12"}
{"availableBeginTime":"2026-10-07 00:41:45.12","availableEndTime":"2026-10-07 17:21:45.12"}
{"availableBeginTime":"2026-10-07 00:41:45.12","availableEndTime":"2026-10-07 17:21:45.12"}
{"availableBeginTime":"2026-10-07 00:41:45.12","availableEndTime":"2026-10-07 17:21:45.12"}
{"availableBeginTime":"2026-10-07 00:41:45.12","availableEndTime":"2026-10-07 17:21:45.12"}
{"availableBeginTime":"2026-10-07 00:41:45.12","availableEndTime":"2026-10-07 17:21:45.12"}
{"availableBeginTime":"2026-10-07 00:41:45.12","availableEndTime":"2026-10-07 17:21:45.12"}
{"availableBeginTime":"2026-10-07 00:41:45.12","availableEndTime":"2026-10-07 17:21:45.12"}
{"availableBeginTime":"2026-10-07 00:41:45.12","availableEndTime":"2026-10-07 17:21:45.12"}
{"availableBeginTime":"2026-10-07 00:41:45.12","availableEndTime":"2026-10-07 17:21:45.12"}
{"availableBeginTime":"2026-10-07 00:41:45.12","availableEndTime":"2026-10-07 17:21:45.12"}
{"availableBeginTime":"2026-10-07 00:41:45.12","availableEndTime":"2026-10-07 17:21:45.12"}
{"availableBeginTime":"2026-10-07 00:41:45.12","availableEndTime":"2026-10-07 17:21:45.12"}
{"availableBeginTime":"2026-10-07 00:41:45.12","availableEndTime":"2026-10-07 17:21:45.12"}
{"availableBeginTime":"2026-10-07 00:41:45.12","availableEndTime":"2026-10-07 17:21:45.12"}
{"availableBeginTime":"2026-10-07 00:41:45.12","availableEndTime":"2026-10-07 17:21:45.12"}
{"availableBeginTime":"2026-10-07 00:41:45.12","availableEndTime":"2026-10-07 17:21:45.12"}
{"availableBeginTime":"2026-10-07 00:41:45.12","availableEndTime":"2026-10-07 17:21:45.12"}
{"availableBeginTime":"2026-10-07 00:41:45.12","availableEndTime":"2026-10-07 17:21:45.12"}
{"availableBeginTime":"2026-10-07 00:41:45.12","availableEndTime":"2026-10-07 17:21:45.12"}
{"availableBeginTime":"2026-10-07 00:41:45.12","availableEndTime":"2026-10-07 17:21:45.12"}
{"availableBeginTime":"2026-10-07 00:41:45.12","availableEndTime":"2026-10-07 17:21:45.12"}
{"availableBeginTime":"2026-10-07 00:41:45.12","availableEndTime":"2026-10-07 17:21:45.12"}
{"availableBeginTime":"2026-10-07 00:41:45.12","availableEndTime":"2026-10-07 17:21:45.12"}
{"availableBeginTime":"2026-10-07 00:41:45.12","availableEndTime":"2026-10-07 17:21:45.12"}
{"availableBeginTime":"2026-10-07 00:41:45.12","availableEndTime":"2026-10-07 17:21:45.12"}
{"availableBeginTime":"2026-10-07 00:41:45.12","availableEndTime":"2026-10-07 17:21:45.12"}
{"availableBeginTime":"2026-10-07 00:41:45.12","availableEndTime":"2026-10-07 17:21:45.12"}
{"availableBeginTime":"2026-10-07 00:41:45.12","availableEndTime":"2026-10-07 17:21:45.12"}
{"availableBeginTime":"2026-10-07 00:41:45.12","availableEndTime":"2026-10-07 17:21:45.12"}
{"availableBeginTime":"2026-10-07 00:41:45.12","availableEndTime":"2026-10-07 17:21:45.12"}
{"availableBeginTime":"2026-10-07 00:41:45.12","availableEndTime":"2026-10-07 17:21:45.12"}
{"availableBeginTime":"2026-10-07 00:41:45.12","availableEndTime":"2026-10-07 17:21:45.12"}
{"availableBeginTime":"2026-10-07 00:41:45.12","availableEndTime":"2026-10-07 17:21:45.12"}
{"availableBeginTime":"2026-10-07 00:41:45.12","availableEndTime":"2026-10-07 17:21:45.12"}
{"availableBeginTime":"2026-10-07 00:41:45.12","availableEndTime":"2026-10-07 17:21:45.12"}
{"availableBeginTime":"2026-10-07 00:41:45.12","availableEndTime":"2026-10-07 17:21:45.12"}
{"availableBeginTime":"2026-10-07 00:41:45.12","availableEndTime":"2026-10-07 17:21:45.12"}
{"availableBeginTime":"2026-10-07 00:41:45.12","availableEndTime":"2026-10-07 17:21:45.12"}
{"availableBeginTime":"2026-10-07 00:41:45.12","availableEndTime":"2026-10-07 17:21:45.12"}
{"availableBeginTime":"2026-10-07 00:41:45.12","availableEndTime":"2026-10-07 17:21:45.12"}
{"availableBeginTime":"2026-10-07 00:41:45.12","availableEndTime":"2026-10-07 17:21:45.12"}
{"availableBeginTime":"2026-10-07 00:41:45.12","availableEndTime":"2026-10-07 17:21:45.12"}
{"availableBeginTime":"2026-10-07 00:41:45.12","availableEndTime":"2026-10-07 17:21:45.12"}
{"availableBeginTime":"2026-10-07 00:41:45.12","availableEndTime":"2026-10-07 17:21:45.12"}
{"availableBeginTime":"2026-10-07 00:41:45.12","availableEndTime":"2026-10-07 17:21:45.12"}
{"availableBeginTime":"2026-10-07 00:41:45.12","availableEndTime":"2026-10-07 17:21:45.12"}
{"availableBeginTime":"2026-10-07 00:41:45.12","availableEndTime":"2026-10-07 17:21:45.12"}
{"availableBeginTime":"2026-10-07 00:41:45.12","availableEndTime":"2026-10-07 17:21:45.12"}
{"availableBeginTime":"2026-10-07 00:41:45.12","availableEndTime":"2026-10-07 17:21:45.12"}
{"availableBeginTime":"2026-10-07 00:41:45.12","availableEndTime":"2026-10-07 17:21:45.12"}
{"availableBeginTime":"2026-10-07 00:41:45.12","availableEndTime":"2026-10-07 17:21:45.12"}
{"availableBeginTime":"2026-10-07 00:41:45.12","availableEndTime":"2026-10-07 17:21:45.12"}
{"availableBeginTime":"2026-10-07 00:41:45.12","availableEndTime":"2026-10-07 17:21:45.12"}
{"availableBeginTime":"2026-10-07 00:41:45.12","availableEndTime":"2026-10-07 17:21:45.12"}
{"availableBeginTime":"2026-10-07 00:41:45.12","availableEndTime":"2026-10-07 17:21:45.12"}
{"availableBeginTime":"2026-10-07 00:41:45.12","availableEndTime":"2026-10-07 17:21:45.12"}
{"availableBeginTime":"2026-10-07 00:41:45.12","availableEndTime":"2026-10-07 17:21:45.12"}
{"availableBeginTime":"2026-10-07 00:41:45.12","availableEndTime":"2026-10-07 17:21:45.12"}
{"availableBeginTime":"2026-10-07 00:41:45.12","availableEndTime":"2026-10-07 17:21:45.12"}
{"availableBeginTime":"2026-10-07 00:41:45.12","availableEndTime":"2026-10-07 17:21:45.12"}
{"availableBeginTime":"2026-10-07 00:41:45.12","availableEndTime":"2026-10-07 17:21:45.12"}
{"availableBeginTime":"2026-10-07 00:41:45.12","availableEndTime":"2026-10-07 17:21:45.12"}
{"availableBeginTime":"2026-10-07 00:41:45.12","availableEndTime":"2026-10-07 17:21:45.12"}
{"availableBeginTime":"2026-10-07 00:41:45.12","availableEndTime":"2026-10-07 17:21:45.12"}
{"availableBeginTime":"2026-10-07 00:41:45.12","availableEndTime":"2026-10-07 17:21:45.12"}
{"availableBeginTime":"2026-10-07 00:41:45.12","availableEndTime":"2026-10-07 17:21:45.12"}
{"availableBeginTime":"2026-10-07 00:41:45.12","availableEndTime":"2026-10-07 17:21:45.12"}
{"availableBeginTime":"2026-10-07 00:41:45.12","availableEndTime":"2026-10-07 17:21:45.12"}
{"availableBeginTime":"2026-10-07 00:41:45.12","availableEndTime":"2026-10-07 17:21:45.12"}
{"availableBeginTime":"2026-10-07 00:41:45.12","availableEndTime":"2026-10-07 17:21:45.12"}
{"availableBeginTime":"2026-10-07 00:41:45.12","availableEndTime":"2026-10-07 17:21:45.12"}
{"availableBeginTime":"2026-10-07 00:41:45.12","availableEndTime":"2026-10-07 17:21:45.12"}
{"availableBeginTime":"2026-10-07 00:41:45.12","availableEndTime":"2026-10-07 17:21:45.12"}
{"availableBeginTime":"2026-10-07 00:41:45.12","availableEndTime":"2026-10-07 17:21:45.12"}
{"availableBeginTime":"2026-10-07 00:41:45.12","availableEndTime":"2026-10-07 17:21:45.12"}
{"availableBeginTime":"2026-10-07 00:41:45.12","availableEndTime":"2026-10-07 17:21:45.12"}
{"availableBeginTime":"2026-10-07 00:41:45.12","availableEndTime":"2026-10-07 17:21:45.12"}
{"availableBeginTime":"2026-10-07 00:41:45.12","availableEndTime":"2026-10-07 17:21:45.12"}
{"availableBeginTime":"2026-10-07 00:41:45.12","availableEndTime":"2026-10-07 17:21:45.12"}
{"availableBeginTime":"2026-10-07 00:41:45.12","availableEndTime":"2026-10-07 17:21:45.12"}
{"availableBeginTime":"2026-10-07 00:41:45.12","availableEndTime":"2026-10-07 17:21:45.12"}
{"availableBeginTime":"2026-10-07 00:41:45.12","availableEndTime":"2026-10-07 17:21:45.12"}
{"availableBeginTime":"2026-10-07 00:41:45.12","availableEndTime":"2026-10-07 17:21:45.12"}
{"availableBeginTime":"2026-10-07 00:41:45.12","availableEndTime":"2026-10-07 17:21:45.12"}
{"availableBeginTime":"2026-10-07 00:41:45.12","availableEndTime":"2026-10-07 17:21:45.12"}
{"availableBeginTime":"2026-10-07 00:41:45.12","availableEndTime":"2026-10-07 17:21:45.12"}
{"availableBeginTime":"2026-10-07 00:41:45.12","availableEndTime":"2026-10-07 17:21:45.12"}
{"availableBeginTime":"2026-10-07 00:41:45.12","availableEndTime":"2026-10-07 17:21:45.12"}
{"availableBeginTime":"2026-10-07 00:41:45.12","availableEndTime":"2026-10-07 17:21:45.12"}
{"availableBeginTime":"2026-10-07 00:41:45.12","availableEndTime":"2026-10-07 17:21:45.12"}
{"availableBeginTime":"2026-10-07 00:41:45.12","availableEndTime":"2026-10-07 17:21:45.12"}
{"availableBeginTime":"2026-10-07 00:41:45.12","availableEndTime":"2026-10-07 17:21:45.12"}
{"availableBeginTime":"2026-10-07 00:41:45.12","availableEndTime":"2026-10-07 17:21:45.12"}
{"availableBeginTime":"2026-10-07 00:41:45.12","availableEndTime":"2026-10-07 17:21:45.12"}
{"availableBeginTime":"2026-10-07 00:41:45.12","availableEndTime":"2026-10-07 17:21:45.12"}
{"availableBeginTime":"2026-10-07 00:41:45.12","availableEndTime":"2026-10-07 17:21:45.12"}
{"availableBeginTime":"2026-10-07 00:41:45.12","availableEndTime":"2026-10-07 17:21:45.12"}
{"availableBeginTime":"2026-10-07 00:41:45.12","availableEndTime":"2026-10-07 17:21:45.12"}
{"availableBeginTime":"2026-10-07 00:41:45.12","availableEndTime":"2026-10-07 17:21:45.12"}
{"availableBeginTime":"2026-10-07 00:41:45.12","availableEndTime":"2026-10-07 17:21:45.12"}
{"availableBeginTime":"2026-10-07 00:41:45.12","availableEndTime":"2026-10-07 17:21:45.12"}
{"availableBeginTime":"2026-10-07 00:41:45.12","availableEndTime":"2026-10-07 17:21:45.12"}
{"availableBeginTime":"2026-10-07 00:41:45.12","availableEndTime":"2026-10-07 17:21:45.12"}
{"availableBeginTime":"2026-10-07 00:41:45.12","availableEndTime":"2026-10-07 17:21:45.12"}
{"availableBeginTime":"2026-10-07 00:41:45.12","availableEndTime":"2026-10-07 17:21:45.12"}
{"availableBeginTime":"2026-10-07 00:41:45.12","availableEndTime":"2026-10-07 17:21:45.12"}
{"availableBeginTime":"2026-10-07 00:41:45.12","availableEndTime":"2026-10-07 17:21:45.12"}
{"availableBeginTime":"2026-10-07 00:41:45.12","availableEndTime":"2026-10-07 17:21:45.12"}
{"availableBeginTime":"2026-10-07 00:41:45.12","availableEndTime":"2026-10-07 17:21:45.12"}
{"availableBeginTime":"2026-10-07 00:41:45.12","availableEndTime":"2026-10-07 17:21:45.12"}
{"availableBeginTime":"2026-10-07 00:41:45.12","availableEndTime":"2026-10-07 17:21:45.12"}
{"availableBeginTime":"2026-10-07 00:41:45.12","availableEndTime":"2026-10-07 17:21:45.12"}
{"availableBeginTime":"2026-10-07 00:41:45.12","availableEndTime":"2026-10-07 17:21:45.12"}
{"availableBeginTime":"2026-10-07 00:41:45.12","availableEndTime":"2026-10-07 17:21:45.12"}
{"availableBeginTime":"2026-10-07 00:41:45.12","availableEndTime":"2026-10-07 17:21:45.12"}
{"availableBeginTime":"2026-10-07 00:41:45.12","availableEndTime":"2026-10-07 17:21:45.12"}
{"availableBeginTime":"2026-10-07 00:41:45.12","availableEndTime":"2026-10-07 17:21:45.12"}
{"availableBeginTime":"2026-10-07 00:41:45.12","availableEndTime":"2026-10-07 17:21:45.12"}
{"availableBeginTime":"2026-10-07 00:41:45.12","availableEndTime":"2026-10-07 17:21:45.12"}
{"availableBeginTime":"2026-10-07 00:41:45.12","availableEndTime":"2026-10-07 17:21:45.12"}
{"availableBeginTime":"2026-10-07 00:41:45.12","availableEndTime":"2026-10-07 17:21:45.12"}
{"availableBeginTime":"2026-10-07 00:41:45.12","availableEndTime":"2026-10-07 17:21:45.12"}
{"availableBeginTime":"2026-10-07 00:41:45.12","availableEndTime":"2026-10-07 17:21:45.12"}
{"availableBeginTime":"2026-10-07 00:41:45.12","availableEndTime":"2026-10-07 17:21:45.12"}
{"availableBeginTime":"2026-10-07 00:41:45.12","availableEndTime":"2026-10-07 17:21:45.12"}
{"availableBeginTime":"2026-10-07 00:41:45.12","availableEndTime":"2026-10-07 17:21:45.12"}
{"availableBeginTime":"2026-10-07 00:41:45.12","availableEndTime":"2026-10-07 17:21:45.12"}
{"availableBeginTime":"2026-10-07 00:41:45.12","availableEndTime":"2026-10-07 17:21:45.12"}
{"availableBeginTime":"2026-10-07 00:41:45.12","availableEndTime":"2026-10-07 17:21:45.12"}
{"availableBeginTime":"2026-10-07 00:41:45.12","availableEndTime":"2026-10-07 17:21:45.12"}
{"availableBeginTime":"2026-10-07 00:41:45.12","availableEndTime":"2026-10-07 17:21:45.12"}
{"availableBeginTime":"2026-10-07 00:41:45.12","availableEndTime":"2026-10-07 17:21:45.12"}
{"availableBeginTime":"2026-10-07 00:41:45.12","availableEndTime":"2026-10-07 17:21:45.12"}
{"availableBeginTime":"2026-10-07 00:41:45.12","availableEndTime":"2026-10-07 17:21:45.12"}
{"availableBeginTime":"2026-10-07 00:41:45.12","availableEndTime":"2026-10-07 17:21:45.12"}
{"availableBeginTime":"2026-10-07 00:41:45.12","availableEndTime":"2026-10-07 17:21:45.12"}
{"availableBeginTime":"2026-10-07 00:41:45.12","availableEndTime":"2026-10-07 17:21:45.12"}
{"availableBeginTime":"2026-10-07 00:41:45.12","availableEndTime":"2026-10-07 17:21:45.12"}
{"availableBeginTime":"2026-10-07 00:41:45.12","availableEndTime":"2026-10-07 17:21:45.12"}
{"availableBeginTime":"2026-10-07 00:41:45.12","availableEndTime":"2026-10-07 17:21:45.12"}
{"availableBeginTime":"2026-10-07 00:41:45.12","availableEndTime":"2026-10-07 17:21:45.12"}
{"availableBeginTime":"2026-10-07 00:41:45.12","availableEndTime":"2026-10-07 17:21:45.12"}
{"availableBeginTime":"2026-10-07 00:41:45.12","availableEndTime":"2026-10-07 17:21:45.12"}
{"availableBeginTime":"2026-10-07 00:41:45.12","availableEndTime":"2026-10-07 17:21:45.12"}
{"availableBeginTime":"2026-10-07 00:41:45.12","availableEndTime":"2026-10-07 17:21:45.12"}
{"availableBeginTime":"2026-10-07 00:41:45.12","availableEndTime":"2026-10-07 17:21:45.12"}
{"availableBeginTime":"2026-10-07 00:41:45.12","availableEndTime":"2026-10-07 17:21:45.12"}
{"availableBeginTime":"2026-10-07 00:41:45.12","availableEndTime":"2026-10-07 17:21:45.12"}
{"availableBeginTime":"2026-10-07 00:41:45.12","availableEndTime":"2026-10-07 17:21:45.12"}
{"availableBeginTime":"2026-10-07 00:41:45.12","availableEndTime":"2026-10-07 17:21:45.12"}
{"availableBeginTime":"2026-10-07 00:41:45.12","availableEndTime":"2026-10-07 17:21:45.12"}
{"availableBeginTime":"2026-10-07 00:41:45.12","availableEndTime":"2026-10-07 17:21:45.12"}
{"availableBeginTime":"2026-10-07 00:41:45.12","availableEndTime":"2026-10-07 17:21:45.12"}
{"availableBeginTime":"2026-10-07 00:41:45.12","availableEndTime":"2026-10-07 17:21:45.12"}
{"availableBeginTime":"2026-10-07 00:41:45.12","availableEndTime":"2026-10-07 17:21:45.12"}
{"availableBeginTime":"2026-10-07 00:41:45.12","availableEndTime":"2026-10-07 17:21:45.12"}
{"availableBeginTime":"2026-10-07 00:41:45.12","availableEndTime":"2026-10-07 17:21:45.12"}
{"availableBeginTime":"2026-10-07 00:41:45.12","availableEndTime":"2026-10-07 17:21:45.12"}
{"availableBeginTime":"2026-10-07 00:41:45.12","availableEndTime":"2026-10-07 17:21:45.12"}
{"availableBeginTime":"2026-10-07 00:41:45.12","availableEndTime":"2026-10-07 17:21:45.12"}
{"availableBeginTime":"2026-10-07 00:41:45.12","availableEndTime":"2026-10-07 17:21:45.12"}
{"availableBeginTime":"2026-10-07 00:41:45.12","availableEndTime":"2026-10-07 17:21:45.12"}
{"availableBeginTime":"2026-10-07 00:41:45.12","availableEndTime":"2026-10-07 17:21:45.12"}
{"availableBeginTime":"2026-10-07 00:41:45.12","availableEndTime":"2026-10-07 17:21:45.12"}
{"availableBeginTime":"2026-10-07 00:41:45.12","availableEndTime":"2026-10-07 17:21:45.12"}
{"availableBeginTime":"2026-10-07 00:41:45.12","availableEndTime":"2026-10-07 17:21:45.12"}
{"availableBeginTime":"2026-10-07 00:41:45.12","availableEndTime":"2026-10-07 17:21:45.12"}
{"availableBeginTime":"2026-10-07 00:41:45.12","availableEndTime":"2026-10-07 17:21:45.12"}
{"availableBeginTime":"2026-10-07 00:41:45.12","availableEndTime":"2026-10-07 17:21:45.12"}
{"availableBeginTime":"2026-10-07 00:41:45.12","availableEndTime":"2026-10-07 17:21:45.12"}
{"availableBeginTime":"2026-10-07 00:41:45.12","availableEndTime":"2026-10-07 17:21:45.12"}
{"availableBeginTime":"2026-10-07 00:41:45.12","availableEndTime":"2026-10-07 17:21:45.12"}
{"availableBeginTime":"2026-10-07 00:41:45.12","availableEndTime":"2026-10-07 17:21:45.12"}
{"availableBeginTime":"2026-10-07 00:41:45.12","availableEndTime":"2026-10-07 17:21:45.12"}
{"availableBeginTime":"2026-10-07 00:41:45.12","availableEndTime":"2026-10-07 17:21:45.12"}
{"availableBeginTime":"2026-10-07 00:41:45.12","availableEndTime":"2026-10-07 17:21:45.12"}
{"availableBeginTime":"2026-10-07 00:41:45.12","availableEndTime":"2026-10-07 17:21:45.12"}
{"availableBeginTime":"2026-10-07 00:41:45.12","availableEndTime":"2026-10-07 17:21:45.12"}
{"availableBeginTime":"2026-10-07 00:41:45.12","availableEndTime":"2026-10-07 17:21:45.12"}
{"availableBeginTime":"2026-10-07 00:41:45.12","availableEndTime":"2026-10-07 17:21:45.12"}
{"availableBeginTime":"2026-10-07 00:41:45.12","availableEndTime":"2026-10-07 17:21:45.12"}
{"availableBeginTime":"2026-10-07 00:41:45.12","availableEndTime":"2026-10-07 17:21:45.12"}
{"availableBeginTime":"2026-10-07 00:41:45.12","availableEndTime":"2026-10-07 17:21:45.12"}
{"availableBeginTime":"2026-10-07 00:41:45.12","availableEndTime":"2026-10-07 17:21:45.12"}
{"availableBeginTime":"2026-10-07 00:41:45.12","availableEndTime":"2026-10-07 17:21:45.12"}
{"availableBeginTime":"2026-10-07 00:41:45.12","availableEndTime":"2026-10-07 17:21:45.12"}
{"availableBeginTime":"2026-10-07 00:41:45.12","availableEndTime":"2026-10-07 17:21:45.12"}
{"availableBeginTime":"2026-10-07 00:41:45.12","availableEndTime":"2026-10-07 17:21:45.12"}
{"availableBeginTime":"2026-10-07 00:41:45.12","availableEndTime":"2026-10-07 17:21:45.12"}
{"availableBeginTime":"2026-10-07 00:41:45.12","availableEndTime":"2026-10-07 17:21:45.12"}
{"availableBeginTime":"2026-10-07 00:41:45.12","availableEndTime":"2026-10-07 17:21:45.12"}
{"availableBeginTime":"2026-10-07 00:41:45.12","availableEndTime":"2026-10-07 17:21:45.12"}
{"availableBeginTime":"2026-10-07 00:41:45.12","availableEndTime":"2026-10-07 17:21:45.12"}
{"availableBeginTime":"2026-10-07 00:41:45.12","availableEndTime":"2026-10-07 17:21:45.12"}
{"availableBeginTime":"2026-10-07 00:41:45.12","availableEndTime":"2026-10-07 17:21:45.12"}
{"availableBeginTime":"2026-10-07 00:41:45.12","availableEndTime":"2026-10-07 17:21:45.12"}
{"availableBeginTime":"2026-10-07 00:41:45.12","availableEndTime":"2026-10-07 17:21:45.12"}
{"availableBeginTime":"2026-10-07 00:41:45.12","availableEndTime":"2026-10-07 17:21:45.12"}
{"availableBeginTime":"2026-10-07 00:41:45.12","availableEndTime":"2026-10-07 17:21:45.12"}
{"availableBeginTime":"2026-10-07 00:41:45.12","availableEndTime":"2026-10-07 17:21:45.12"}
{"availableBeginTime":"2026-10-07 00:41:45.12","availableEndTime":"2026-10-07 17:21:45.12"}
{"availableBeginTime":"2026-10-07 00:41:45.12","availableEndTime":"2026-10-07 17:21:45.12"}
{"availableBeginTime":"2026-10-07 00:41:45.12","availableEndTime":"2026-10-07 17:21:45.12"}
{"availableBeginTime":"2026-10-07 00:41:45.12","availableEndTime":"2026-10-07 17:21:45.12"}
{"availableBeginTime":"2026-10-07 00:41:45.12","availableEndTime":"2026-10-07 17:21:45.12"}
{"availableBeginTime":"2026-10-07 00:41:45.12","availableEndTime":"2026-10-07 17:21:45.12"}
{"availableBeginTime":"2026-10-07 00:41:45.12","availableEndTime":"2026-10-07 17:21:45.12"}
{"availableBeginTime":"2026-10-07 00:41:45.12","availableEndTime":"2026-10-07 17:21:45.12"}
{"availableBeginTime":"2026-10-07 00:41:45.12","availableEndTime":"2026-10-07 17:21:45.12"}
{"availableBeginTime":"2026-10-07 00:41:45.12","availableEndTime":"2026-10-07 17:21:45.12"}
{"availableBeginTime":"2026-10-07 00:41:45.12","availableEndTime":"2026-10-07 17:21:45.12"}
{"availableBeginTime":"2026-10-07 00:41:45.12","availableEndTime":"2026-10-07 17:21:45.12"}
{"availableBeginTime":"2026-10-07 00:41:45.12","availableEndTime":"2026-10-07 17:21:45.12"}
{"availableBeginTime":"2026-10-07 00:41:45.12","availableEndTime":"2026-10-07 17:21:45.12"}
{"availableBeginTime":"2026-10-07 00:41:45.12","availableEndTime":"2026-10-07 17:21:45.12"}
{"availableBeginTime":"2026-10-07 00:41:45.12","availableEndTime":"2026-10-07 17:21:45.12"}
{"availableBeginTime":"2026-10-07 00:41:45.12","availableEndTime":"2026-10-07 17:21:45.12"}
{"availableBeginTime":"2026-10-07 00:41:45.12","availableEndTime":"2026-10-07 17:21:45.12"}
{"availableBeginTime":"2026-10-07 00:41:45.12","availableEndTime":"2026-10-07 17:21:45.12"}
{"availableBeginTime":"2026-10-07 00:41:45.12","availableEndTime":"2026-10-07 17:21:45.12"}
{"availableBeginTime":"2026-10-07 00:41:45.12","availableEndTime":"2026-10-07 17:21:45.12"}
{"availableBeginTime":"2026-10-07 00:41:45.12","availableEndTime":"2026-10-07 17:21:45.12"}
{"availableBeginTime":"2026-10-07 00:41:45.12","availableEndTime":"2026-10-07 17:21:45.12"}
{"availableBeginTime":"2026-10-07 00:41:45.12","availableEndTime":"2026-10-07 17:21:45.12"}
{"availableBeginTime":"2026-10-07 00:41:45.12","availableEndTime":"2026-10-07 17:21:45.12"}
{"availableBeginTime":"2026-10-07 00:41:45.12","availableEndTime":"2026-10-07 17:21:45.12"}
{"availableBeginTime":"2026-10-07 00:41:45.12","availableEndTime":"2026-10-07 17:21:45.12"}
{"availableBeginTime":"2026-10-07 00:41:45.12","availableEndTime":"2026-10-07 17:21:45.12"}
{"availableBeginTime":"2026-10-07 00:41:45.12","availableEndTime":"2026-10-07 17:21:45.12"}
{"availableBeginTime":"2026-10-07 00:41:45.12","availableEndTime":"2026-10-07 17:21:45.12"}
{"availableBeginTime":"2026-10-07 00:41:45.12","availableEndTime":"2026-10-07 17:21:45.12"}
{"availableBeginTime":"2026-10-07 00:41:45.12","availableEndTime":"2026-10-07 17:21:45.12"}
{"availableBeginTime":"2026-10-07 00:41:45.12","availableEndTime":"2026-10-07 17:21:45.12"}
{"availableBeginTime":"2026-10-07 00:41:45.12","availableEndTime":"2026-10-07 17:21:45.12"}
{"availableBeginTime":"2026-10-07 00:41:45.12","availableEndTime":"2026-10-07 17:21:45.12"}
{"availableBeginTime":"2026-10-07 00:41:45.12","availableEndTime":"2026-10-07 17:21:45.12"}
{"availableBeginTime":"2026-10-07 00:41:45.12","availableEndTime":"2026-10-07 17:21:45.12"}
{"availableBeginTime":"2026-10-07 00:41:45.12","availableEndTime":"2026-10-07 17:21:45.12"}
{"availableBeginTime":"2026-10-07 00:41:45.12","availableEndTime":"2026-10-07 17:21:45.12"}
{"availableBeginTime":"2026-10-07 00:41:45.12","availableEndTime":"2026-10-07 17:21:45.12"}
{"availableBeginTime":"2026-10-07 00:41:45.12","availableEndTime":"2026-10-07 17:21:45.12"}
{"availableBeginTime":"2026-10-07 00:41:45.12","availableEndTime":"2026-10-07 17:21:45.12"}
{"availableBeginTime":"2026-10-07 00:41:45.12","availableEndTime":"2026-10-07 17:21:45.12"}
{"availableBeginTime":"2026-10-07 00:41:45.12","availableEndTime":"2026-10-07 17:21:45.12"}
{"availableBeginTime":"2026-10-07 00:41:45.12","availableEndTime":"2026-10-07 17:21:45.12"}
{"availableBeginTime":"2026-10-07 00:41:45.12","availableEndTime":"2026-10-07 17:21:45.12"}
{"availableBeginTime":"2026-10-07 00:41:45.12","availableEndTime":"2026-10-07 17:21:45.12"}
{"availableBeginTime":"2026-10-07 00:41:45.12","availableEndTime":"2026-10-07 17:21:45.12"}
{"availableBeginTime":"2026-10-07 00:41:45.12","availableEndTime":"2026-10-07 17:21:45.12"}
{"availableBeginTime":"2026-10-07 00:41:45.12","availableEndTime":"2026-10-07 17:21:45.12"}
{"availableBeginTime":"2026-10-07 00:41:45.12","availableEndTime":"2026-10-07 17:21:45.12"}
{"availableBeginTime":"2026-10-07 00:41:45.12","availableEndTime":"2026-10-07 17:21:45.12"}
{"availableBeginTime":"2026-10-07 00:41:45.12","availableEndTime":"2026-10-07 17:21:45.12"}
{"availableBeginTime":"2026-10-07 00:41:45.12","availableEndTime":"2026-10-07 17:21:45.12"}
{"availableBeginTime":"2026-10-07 00:41:45.12","availableEndTime":"2026-10-07 17:21:45.12"}
{"availableBeginTime":"2026-10-07 00:41:45.12","availableEndTime":"2026-10-07 17:21:45.12"}
{"availableBeginTime":"2026-10-07 00:41:45.12","availableEndTime":"2026-10-07 17:21:45.12"}
{"availableBeginTime":"2026-10-07 00:41:45.12","availableEndTime":"2026-10-07 17:21:45.12"}
{"availableBeginTime":"2026-10-07 00:41:45.12","availableEndTime":"2026-10-07 17:21:45.12"}
{"availableBeginTime":"2026-10-07 00:41:45.12","availableEndTime":"2026-10-07 17:21:45.12"}
{"availableBeginTime":"2026-10-07 00:41:45.12","availableEndTime":"2026-10-07 17:21:45.12"}
{"availableBeginTime":"2026-10-07 00:41:45.12","availableEndTime":"2026-10-07 17:21:45.12"}
{"availableBeginTime":"2026-10-07 00:41:45.12","availableEndTime":"2026-10-07 17:21:45.12"}
{"availableBeginTime":"2026-10-07 00:41:45.12","availableEndTime":"2026-10-07 17:21:45.12"}
{"availableBeginTime":"2026-10-07 00:41:45.12","availableEndTime":"2026-10-07 17:21:45.12"}
{"availableBeginTime":"2026-10-07 00:41:45.12","availableEndTime":"2026-10-07 17:21:45.12"}
{"availableBeginTime":"2026-10-07 00:41:45.12","availableEndTime":"2026-10-07 17:21:45.12"}
{"availableBeginTime":"2026-10-07 00:41:45.12","availableEndTime":"2026-10-07 17:21:45.12"}
{"availableBeginTime":"2026-10-07 00:41:45.12","availableEndTime":"2026-10-07 17:21:45.12"}
{"availableBeginTime":"2026-10-07 00:41:45.12","availableEndTime":"2026-10-07 17:21:45.12"}
{"availableBeginTime":"2026-10-07 00:41:45.12","availableEndTime":"2026-10-07 17:21:45.12"}
{"availableBeginTime":"2026-10-07 00:41:45.12","availableEndTime":"2026-10-07 17:21:45.12"}
{"availableBeginTime":"2026-10-07 00:41:45.12","availableEndTime":"2026-10-07 17:21:45.12"}
{"availableBeginTime":"2026-10-07 00:41:45.12","availableEndTime":"2026-10-07 17:21:45.12"}
{"availableBeginTime":"2026-10-07 00:41:45.12","availableEndTime":"2026-10-07 17:21:45.12"}
{"availableBeginTime":"2026-10-07 00:41:45.12","availableEndTime":"2026-10-07 17:21:45.12"}
{"availableBeginTime":"2026-10-07 00:41:45.12","availableEndTime":"2026-10-07 17:21:45.12"}
{"availableBeginTime":"2026-10-07 00:41:45.12","availableEndTime":"2026-10-07 17:21:45.12"}
{"availableBeginTime":"2026-10-07 00:41:45.12","availableEndTime":"2026-10-07 17:21:45.12"}
{"availableBeginTime":"2026-10-07 00:41:45.12","availableEndTime":"2026-10-07 17:21:45.12"}
{"availableBeginTime":"2026-10-07 00:41:45.12","availableEndTime":"2026-10-07 17:21:45.12"}
{"availableBeginTime":"2026-10-07 00:41:45.12","availableEndTime":"2026-10-07 17:21:45.12"}
{"availableBeginTime":"2026-10-07 00:41:45.12","availableEndTime":"2026-10-07 17:21:45.12"}
{"availableBeginTime":"2026-10-07 00:41:45.12","availableEndTime":"2026-10-07 17:21:45.12"}
{"availableBeginTime":"2026-10-07 00:41:45.12","availableEndTime":"2026-10-07 17:21:45.12"}
{"availableBeginTime":"2026-10-07 00:41:45.12","availableEndTime":"2026-10-07 17:21:45.12"}
{"availableBeginTime":"2026-10-07 00:41:45.12","availableEndTime":"2026-10-07 17:21:45.12"}
{"availableBeginTime":"2026-10-07 00:41:45.12","availableEndTime":"2026-10-07 17:21:45.12"}
{"availableBeginTime":"2026-10-07 00:41:45.12","availableEndTime":"2026-10-07 17:21:45.12"}
{"availableBeginTime":"2026-10-07 00:41:45.12","availableEndTime":"2026-10-07 17:21:45.12"}
{"availableBeginTime":"2026-10-07 00:41:45.12","availableEndTime":"2026-10-07 17:21:45.12"}
{"availableBeginTime":"2026-10-07 00:41:45.12","availableEndTime":"2026-10-07 17:21:45.12"}
{"availableBeginTime":"2026-10-07 00:41:45.12","availableEndTime":"2026-10-07 17:21:45.12"}
{"availableBeginTime":"2026-10-07 00:41:45.12","availableEndTime":"2026-10-07 17:21:45.12"}
{"availableBeginTime":"2026-10-07 00:41:45.12","availableEndTime":"2026-10-07 17:21:45.12"}
{"availableBeginTime":"2026-10-07 00:41:45.12","availableEndTime":"2026-10-07 17:21:45.12"}
{"availableBeginTime":"2026-10-07 00:41:45.12","availableEndTime":"2026-10-07 17:21:45.12"}
{"availableBeginTime":"2026-10-07 00:41:45.12","availableEndTime":"2026-10-07 17:21:45.12"}
{"availableBeginTime":"2026-10-07 00:41:45.12","availableEndTime":"2026-10-07 17:21:45.12"}
{"availableBeginTime":"2026-10-07 00:41:45.12","availableEndTime":"2026-10-07 17:21:45.12"}
{"availableBeginTime":"2026-10-07 00:41:45.12","availableEndTime":"2026-10-07 17:21:45.12"}
{"availableBeginTime":"2026-10-07 00:41:45.12","availableEndTime":"2026-10-07 17:21:45.12"}
{"availableBeginTime":"2026-10-07 00:41:45.12","availableEndTime":"2026-10-07 17:21:45.12"}
{"availableBeginTime":"2026-10-07 00:41:45.12","availableEndTime":"2026-10-07 17:21:45.12"}
{"availableBeginTime":"2026-10-07 00:41:45.12","availableEndTime":"2026-10-07 17:21:45.12"}
{"availableBeginTime":"2026-10-07 00:41:45.12","availableEndTime":"2026-10-07 17:21:45.12"}
{"availableBeginTime":"2026-10-07 00:41:45.12","availableEndTime":"2026-10-07 17:21:45.12"}
{"availableBeginTime":"2026-10-07 00:41:45.12","availableEndTime":"2026-10-07 17:21:45.12"}
{"availableBeginTime":"2026-10-07 00:41:45.12","availableEndTime":"2026-10-07 17:21:45.12"}
{"availableBeginTime":"2026-10-07 00:41:45.12","availableEndTime":"2026-10-07 17:21:45.12"}
{"availableBeginTime":"2026-10-07 00:41:45.12","availableEndTime":"2026-10-07 17:21:45.12"}
{"availableBeginTime":"2026-10-07 00:41:45.12","availableEndTime":"2026-10-07 17:21:45.12"}
{"availableBeginTime":"2026-10-07 00:41:45.12","availableEndTime":"2026-10-07 17:21:45.12"}
{"availableBeginTime":"2026-10-07 00:41:45.12","availableEndTime":"2026-10-07 17:21:45.12"}
{"availableBeginTime":"2026-10-07 00:41:45.12","availableEndTime":"2026-10-07 17:21:45.12"}
{"availableBeginTime":"2026-10-07 00:41:45.12","availableEndTime":"2026-10-07 17:21:45.12"}
{"availableBeginTime":"2026-10-07 00:41:45.12","availableEndTime":"2026-10-07 17:21:45.12"}
{"availableBeginTime":"2026-10-07 00:41:45.12","availableEndTime":"2026-10-07 17:21:45.12"}
{"availableBeginTime":"2026-10-07 00:41:45.12","availableEndTime":"2026-10-07 17:21:45.12"}
{"availableBeginTime":"2026-10-07 00:41:45.12","availableEndTime":"2026-10-07 17:21:45.12"}
{"availableBeginTime":"2026-10-07 00:41:45.12","availableEndTime":"2026-10-07 17:21:45.12"}
{"availableBeginTime":"2026-10-07 00:41:45.12","availableEndTime":"2026-10-07 17:21:45.12"}
{"availableBeginTime":"2026-10-07 00:41:45.12","availableEndTime":"2026-10-07 17:21:45.12"}
{"availableBeginTime":"2026-10-07 00:41:45.12","availableEndTime":"2026-10-07 17:21:45.12"}
{"availableBeginTime":"2026-10-07 00:41:45.12","availableEndTime":"2026-10-07 17:21:45.12"}
{"availableBeginTime":"2026-10-07 00:41:45.12","availableEndTime":"2026-10-07 17:21:45.12"}
{"availableBeginTime":"2026-10-07 00:41:45.12","availableEndTime":"2026-10-07 17:21:45.12"}
{"availableBeginTime":"2026-10-07 00:41:45.12","availableEndTime":"2026-10-07 17:21:45.12"}
{"availableBeginTime":"2026-10-07 00:41:45.12","availableEndTime":"2026-10-07 17:21:45.12"}
{"availableBeginTime":"2026-10-07 00:41:45.12","availableEndTime":"2026-10-07 17:21:45.12"}
{"availableBeginTime":"2026-10-07 00:41:45.12","availableEndTime":"2026-10-07 17:21:45.12"}
{"availableBeginTime":"2026-10-07 00:41:45.12","availableEndTime":"2026-10-07 17:21:45.12"}
{"availableBeginTime":"2026-10-07 00:41:45.12","availableEndTime":"2026-10-07 17:21:45.12"}
{"availableBeginTime":"2026-10-07 00:41:45.12","availableEndTime":"2026-10-07 17:21:45.12"}
{"availableBeginTime":"2026-10-07 00:41:45.12","availableEndTime":"2026-10-07 17:21:45.12"}
{"availableBeginTime":"2026-10-07 00:41:45.12","availableEndTime":"2026-10-07 17:21:45.12"}
{"availableBeginTime":"2026-10-07 00:41:45.12","availableEndTime":"2026-10-07 17:21:45.12"}
{"availableBeginTime":"2026-10-07 00:41:45.12","availableEndTime":"2026-10-07 17:21:45.12"}
{"availableBeginTime":"2026-10-07 00:41:45.12","availableEndTime":"2026-10-07 17:21:45.12"}
{"availableBeginTime":"2026-10-07 00:41:45.12","availableEndTime":"2026-10-07 17:21:45.12"}
{"availableBeginTime":"2026-10-07 00:41:45.12","availableEndTime":"2026-10-07 17:21:45.12"}
{"availableBeginTime":"2026-10-07 00:41:45.12","availableEndTime":"2026-10-07 17:21:45.12"}
{"availableBeginTime":"2026-10-07 00:41:45.12","availableEndTime":"2026-10-07 17:21:45.12"}
{"availableBeginTime":"2026-10-07 00:41:45.12","availableEndTime":"2026-10-07 17:21:45.12"}
{"availableBeginTime":"2026-10-07 00:41:45.12","availableEndTime":"2026-10-07 17:21:45.12"}
{"availableBeginTime":"2026-10-07 00:41:45.12","availableEndTime":"2026-10-07 17:21:45.12"}
{"availableBeginTime":"2026-10-07 00:41:45.12","availableEndTime":"2026-10-07 17:21:45.12"}
{"availableBeginTime":"2026-10-07 00:41:45.12","availableEndTime":"2026-10-07 17:21:45.12"}
{"availableBeginTime":"2026-10-07 00:41:45.12","availableEndTime":"2026-10-07 17:21:45.12"}
{"availableBeginTime":"2026-10-07 00:41:45.12","availableEndTime":"2026-10-07 17:21:45.12"}
{"availableBeginTime":"2026-10-07 00:41:45.12","availableEndTime":"2026-10-07 17:21:45.12"}
{"availableBeginTime":"2026-10-07 00:41:45.12","availableEndTime":"2026-10-07 17:21:45.12"}
{"availableBeginTime":"2026-10-07 00:41:45.12","availableEndTime":"2026-10-07 17:21:45.12"}
{"availableBeginTime":"2026-10-07 00:41:45.12","availableEndTime":"2026-10-07 17:21:45.12"}
{"availableBeginTime":"2026-10-07 00:41:45.12","availableEndTime":"2026-10-07 17:21:45.12"}
{"availableBeginTime":"2026-10-07 00:41:45.12","availableEndTime":"2026-10-07 17:21:45.12"}
{"availableBeginTime":"2026-10-07 00:41:45.12","availableEndTime":"2026-10-07 17:21:45.12"}
{"availableBeginTime":"2026-10-07 00:41:45.12","availableEndTime":"2026-10-07 17:21:45.12"}
{"availableBeginTime":"2026-10-07 00:41:45.12","availableEndTime":"2026-10-07 17:21:45.12"}
{"availableBeginTime":"2026-10-07 00:41:45.12","availableEndTime":"2026-10-07 17:21:45.12"}
{"availableBeginTime":"2026-10-07 00:41:45.12","availableEndTime":"2026-10-07 17:21:45.12"}
{"availableBeginTime":"2026-10-07 00:41:45.12","availableEndTime":"2026-10-07 17:21:45.12"}
{"availableBeginTime":"2026-10-07 00:41:45.12","availableEndTime":"2026-10-07 17:21:45.12"}
{"availableBeginTime":"2026-10-07 00:41:45.12","availableEndTime":"2026-10-07 17:21:45.12"}
{"availableBeginTime":"2026-10-07 00:41:45.12","availableEndTime":"2026-10-07 17:21:45.12"}
{"availableBeginTime":"2026-10-07 00:41:45.12","availableEndTime":"2026-10-07 17:21:45.12"}
{"availableBeginTime":"2026-10-07 00:41:45.12","availableEndTime":"2026-10-07 17:21:45.12"}
{"availableBeginTime":"2026-10-07 00:41:45.12","availableEndTime":"2026-10-07 17:21:45.12"}
{"availableBeginTime":"2026-10-07 00:41:45.12","availableEndTime":"2026-10-07 17:21:45.12"}
{"availableBeginTime":"2026-10-07 00:41:45.12","availableEndTime":"2026-10-07 17:21:45.12"}
{"availableBeginTime":"2026-10-07 00:41:45.12","availableEndTime":"2026-10-07 17:21:45.12"}
{"availableBeginTime":"2026-10-07 00:41:45.12","availableEndTime":"2026-10-07 17:21:45.12"}
{"availableBeginTime":"2026-10-07 00:41:45.12","availableEndTime":"2026-10-07 17:21:45.12"}
{"availableBeginTime":"2026-10-07 00:41:45.12","availableEndTime":"2026-10-07 17:21:45.12"}
{"availableBeginTime":"2026-10-07 00:41:45.12","availableEndTime":"2026-10-07 17:21:45.12"}
{"availableBeginTime":"2026-10-07 00:41:45.12","availableEndTime":"2026-10-07 17:21:45.12"}
{"availableBeginTime":"2026-10-07 00:41:45.12","availableEndTime":"2026-10-07 17:21:45.12"}
{"availableBeginTime":"2026-10-07 00:41:45.12","availableEndTime":"2026-10-07 17:21:45.12"}
{"availableBeginTime":"2026-10-07 00:41:45.12","availableEndTime":"2026-10-07 17:21:45.12"}
{"availableBeginTime":"2026-10-07 00:41:45.12","availableEndTime":"2026-10-07 17:21:45.12"}
{"availableBeginTime":"2026-10-07 00:41:45.12","availableEndTime":"2026-10-07 17:21:45.12"}
{"availableBeginTime":"2026-10-07 00:41:45.12","availableEndTime":"2026-10-07 17:21:45.12"}
{"availableBeginTime":"2026-10-07 00:41:45.12","availableEndTime":"2026-10-07 17:21:45.12"}
{"availableBeginTime":"2026-10-07 00:41:45.12","availableEndTime":"2026-10-07 17:21:45.12"}
{"availableBeginTime":"2026-10-07 00:41:45.12","availableEndTime":"2026-10-07 17:21:45.12"}
{"availableBeginTime":"2026-10-07 00:41:45.12","availableEndTime":"2026-10-07 17:21:45.12"}
{"availableBeginTime":"2026-10-07 00:41:45.12","availableEndTime":"2026-10-07 17:21:45.12"}
{"availableBeginTime":"2026-10-07 00:41:45.12","availableEndTime":"2026-10-07 17:21:45.12"}
{"availableBeginTime":"2026-10-07 00:41:45.12","availableEndTime":"2026-10-07 17:21:45.12"}
{"availableBeginTime":"2026-10-07 00:41:45.12","availableEndTime":"2026-10-07 17:21:45.12"}
{"availableBeginTime":"2026-10-07 00:41:45.12","availableEndTime":"2026-10-07 17:21:45.12"}
{"availableBeginTime":"2026-10-07 00:41:45.12","availableEndTime":"2026-10-07 17:21:45.12"}
{"availableBeginTime":"2026-10-07 00:41:45.12","availableEndTime":"2026-10-07 17:21:45.12"}
{"availableBeginTime":"2026-10-07 00:41:45.12","availableEndTime":"2026-10-07 17:21:45.12"}
{"availableBeginTime":"2026-10-07 00:41:45.12","availableEndTime":"2026-10-07 17:21:45.12"}
{"availableBeginTime":"2026-10-07 00:41:45.12","availableEndTime":"2026-10-07 17:21:45.12"}
{"availableBeginTime":"2026-10-07 00:41:45.12","availableEndTime":"2026-10-07 17:21:45.12"}
{"availableBeginTime":"2026-10-07 00:41:45.12","availableEndTime":"2026-10-07 17:21:45.12"}
{"availableBeginTime":"2026-10-07 00:41:45.12","availableEndTime":"2026-10-07 17:21:45.12"}
{"availableBeginTime":"2026-10-07 00:41:45.12","availableEndTime":"2026-10-07 17:21:45.12"}
{"availableBeginTime":"2026-10-07 00:41:45.12","availableEndTime":"2026-10-07 17:21:45.12"}
{"availableBeginTime":"2026-10-07 00:41:45.12","availableEndTime":"2026-10-07 17:21:45.12"}
{"availableBeginTime":"2026-10-07 00:41:45.12","availableEndTime":"2026-10-07 17:21:45.12"}
{"availableBeginTime":"2026-10-07 00:41:45.12","availableEndTime":"2026-10-07 17:21:45.12"}
{"availableBeginTime":"2026-10-07 00:41:45.12","availableEndTime":"2026-10-07 17:21:45.12"}
{"availableBeginTime":"2026-10-07 00:41:45.12","availableEndTime":"2026-10-07 17:21:45.12"}
{"availableBeginTime":"2026-10-07 00:41:45.12","availableEndTime":"2026-10-07 17:21:45.12"}
{"availableBeginTime":"2026-10-07 00:41:45.12","availableEndTime":"2026-10-07 17:21:45.12"}
{"availableBeginTime":"2026-10-07 00:41:45.12","availableEndTime":"2026-10-07 17:21:45.12"}
{"availableBeginTime":"2026-10-07 00:41:45.12","availableEndTime":"2026-10-07 17:21:45.12"}
{"availableBeginTime":"2026-10-07 00:41:45.12","availableEndTime":"2026-10-07 17:21:45.12"}
{"availableBeginTime":"2026-10-07 00:41:45.12","availableEndTime":"2026-10-07 17:21:45.12"}
{"availableBeginTime":"2026-10-07 00:41:45.12","availableEndTime":"2026-10-07 17:21:45.12"}
{"availableBeginTime":"2026-10-07 00:41:45.12","availableEndTime":"2026-10-07 17:21:45.12"}
{"availableBeginTime":"2026-10-07 00:41:45.12","availableEndTime":"2026-10-07 17:21:45.12"}
{"availableBeginTime":"2026-10-07 00:41:45.12","availableEndTime":"2026-10-07 17:21:45.12"}
{"availableBeginTime":"2026-10-07 00:41:45.12","availableEndTime":"2026-10-07 17:21:45.12"}
{"availableBeginTime":"2026-10-07 00:41:45.12","availableEndTime":"2026-10-07 17:21:45.12"}
{"availableBeginTime":"2026-10-07 00:41:45.12","availableEndTime":"2026-10-07 17:21:45.12"}
{"availableBeginTime":"2026-10-07 00:41:45.12","availableEndTime":"2026-10-07 17:21:45.12"}
{"availableBeginTime":"2026-10-07 00:41:45.12","availableEndTime":"2026-10-07 17:21:45.12"}
{"availableBeginTime":"2026-10-07 00:41:45.12","availableEndTime":"2026-10-07 17:21:45.12"}
{"availableBeginTime":"2026-10-07 00:41:45.12","availableEndTime":"2026-10-07 17:21:45.12"}
{"availableBeginTime":"2026-10-07 00:41:45.12","availableEndTime":"2026-10-07 17:21:45.12"}
{"availableBeginTime":"2026-10-07 00:41:45.12","availableEndTime":"2026-10-07 17:21:45.12"}
{"availableBeginTime":"2026-10-07 00:41:45.12","availableEndTime":"2026-10-07 17:21:45.12"}
{"availableBeginTime":"2026-10-07 00:41:45.12","availableEndTime":"2026-10-07 17:21:45.12"}
{"availableBeginTime":"2026-10-07 00:41:45.12","availableEndTime":"2026-10-07 17:21:45.12"}
{"availableBeginTime":"2026-10-07 00:41:45.12","availableEndTime":"2026-10-07 17:21:45.12"}
{"availableBeginTime":"2026-10-07 00:41:45.12","availableEndTime":"2026-10-07 17:21:45.12"}
{"availableBeginTime":"2026-10-07 00:41:45.12","availableEndTime":"2026-10-07 17:21:45.12"}
{"availableBeginTime":"2026-10-07 00:41:45.12","availableEndTime":"2026-10-07 17:21:45.12"}
{"availableBeginTime":"2026-10-07 00:41:45.12","availableEndTime":"2026-10-07 17:21:45.12"}
{"availableBeginTime":"2026-10-07 00:41:45.12","availableEndTime":"2026-10-07 17:21:45.12"}
{"availableBeginTime":"2026-10-07 00:41:45.12","availableEndTime":"2026-10-07 17:21:45.12"}
{"availableBeginTime":"2026-10-07 00:41:45.12","availableEndTime":"2026-10-07 17:21:45.12"}
{"availableBeginTime":"2026-10-07 00:41:45.12","availableEndTime":"2026-10-07 17:21:45.12"}
{"availableBeginTime":"2026-10-07 00:41:45.12","availableEndTime":"2026-10-07 17:21:45.12"}
{"availableBeginTime":"2026-10-07 00:41:45.12","availableEndTime":"2026-10-07 17:21:45.12"}
{"availableBeginTime":"2026-10-07 00:41:45.12","availableEndTime":"2026-10-07 17:21:45.12"}
{"availableBeginTime":"2026-10-07 00:41:45.12","availableEndTime":"2026-10-07 17:21:45.12"}
{"availableBeginTime":"2026-10-07 00:41:45.12","availableEndTime":"2026-10-07 17:21:45.12"}
{"availableBeginTime":"2026-10-07 00:41:45.12","availableEndTime":"2026-10-07 17:21:45.12"}
{"availableBeginTime":"2026-10-07 00:41:45.12","availableEndTime":"2026-10-07 17:21:45.12"}
{"availableBeginTime":"2026-10-07 00:41:45.12","availableEndTime":"2026-10-07 17:21:45.12"}
{"availableBeginTime":"2026-10-07 00:41:45.12","availableEndTime":"2026-10-07 17:21:45.12"}
{"availableBeginTime":"2026-10-07 00:41:45.12","availableEndTime":"2026-10-07 17:21:45.12"}
{"availableBeginTime":"2026-10-07 00:41:45.12","availableEndTime":"2026-10-07 17:21:45.12"}
{"availableBeginTime":"2026-10-07 00:41:45.12","availableEndTime":"2026-10-07 17:21:45.12"}
{"availableBeginTime":"2026-10-07 00:41:45.12","availableEndTime":"2026-10-07 17:21:45.12"}
{"availableBeginTime":"2026-10-07 00:41:45.12","availableEndTime":"2026-10-07 17:21:45.12"}
{"availableBeginTime":"2026-10-07 00:41:45.12","availableEndTime":"2026-10-07 17:21:45.12"}
{"availableBeginTime":"2026-10-07 00:41:45.12","availableEndTime":"2026-10-07 17:21:45.12"}
{"availableBeginTime":"2026-10-07 00:41:45.12","availableEndTime":"2026-10-07 17:21:45.12"}
{"availableBeginTime":"2026-10-07 00:41:45.12","availableEndTime":"2026-10-07 17:21:45.12"}
{"availableBeginTime":"2026-10-07 00:41:45.12","availableEndTime":"2026-10-07 17:21:45.12"}
{"availableBeginTime":"2026-10-07 00:41:45.12","availableEndTime":"2026-10-07 17:21:45.12"}
{"availableBeginTime":"2026-10-07 00:41:45.12","availableEndTime":"2026-10-07 17:21:45.12"}
{"availableBeginTime":"2026-10-07 00:41:45.12","availableEndTime":"2026-10-07 17:21:45.12"}
{"availableBeginTime":"2026-10-07 00:41:45.12","availableEndTime":"2026-10-07 17:21:45.12"}
{"availableBeginTime":"2026-10-07 00:41:45.12","availableEndTime":"2026-10-07 17:21:45.12"}
{"availableBeginTime":"2026-10-07 00:41:45.12","availableEndTime":"2026-10-07 17:21:45.12"}
{"availableBeginTime":"2026-10-07 00:41:45.12","availableEndTime":"2026-10-07 17:21:45.12"}
{"availableBeginTime":"2026-10-07 00:41:45.12","availableEndTime":"2026-10-07 17:21:45.12"}
{"availableBeginTime":"2026-10-07 00:41:45.12","availableEndTime":"2026-10-07 17:21:45.12"}
{"availableBeginTime":"2026-10-07 00:41:45.12","availableEndTime":"2026-10-07 17:21:45.12"}
{"availableBeginTime":"2026-10-07 00:41:45.12","availableEndTime":"2026-10-07 17:21:45.12"}
{"availableBeginTime":"2026-10-07 00:41:45.12","availableEndTime":"2026-10-07 17:21:45.12"}
{"availableBeginTime":"2026-10-07 00:41:45.12","availableEndTime":"2026-10-07 17:21:45.12"}
{"availableBeginTime":"2026-10-07 00:41:45.12","availableEndTime":"2026-10-07 17:21:45.12"}
{"availableBeginTime":"2026-10-07 00:41:45.12","availableEndTime":"2026-10-07 17:21:45.12"}
{"availableBeginTime":"2026-10-07 00:41:45.12","availableEndTime":"2026-10-07 17:21:45.12"}
{"availableBeginTime":"2026-10-07 00:41:45.12","availableEndTime":"2026-10-07 17:21:45.12"}
{"availableBeginTime":"2026-10-07 00:41:45.12","availableEndTime":"2026-10-07 17:21:45.12"}
{"availableBeginTime":"2026-10-07 00:41:45.12","availableEndTime":"2026-10-07 17:21:45.12"}
{"availableBeginTime":"2026-10-07 00:41:45.12","availableEndTime":"2026-10-07 17:21:45.12"}
{"availableBeginTime":"2026-10-07 00:41:45.12","availableEndTime":"2026-10-07 17:21:45.12"}
{"availableBeginTime":"2026-10-07 00:41:45.12","availableEndTime":"2026-10-07 17:21:45.12"}
{"availableBeginTime":"2026-10-07 00:41:45.12","availableEndTime":"2026-10-07 17:21:45.12"}
{"availableBeginTime":"2026-10-07 00:41:45.12","availableEndTime":"2026-10-07 17:21:45.12"}
{"availableBeginTime":"2026-10-07 00:41:45.12","availableEndTime":"2026-10-07 17:21:45.12"}
{"availableBeginTime":"2026-10-07 00:41:45.12","availableEndTime":"2026-10-07 17:21:45.12"}
{"availableBeginTime":"2026-10-07 00:41:45.12","availableEndTime":"2026-10-07 17:21:45.12"}
{"availableBeginTime":"2026-10-07 00:41:45.12","availableEndTime":"2026-10-07 17:21:45.12"}
{"availableBeginTime":"2026-10-07 00:41:45.12","availableEndTime":"2026-10-07 17:21:45.12"}
{"availableBeginTime":"2026-10-07 00:41:45.12","availableEndTime":"2026-10-07 17:21:45.12"}
{"availableBeginTime":"2026-10-07 00:41:45.12","availableEndTime":"2026-10-07 17:21:45.12"}
{"availableBeginTime":"2026-10-07 00:41:45.12","availableEndTime":"2026-10-07 17:21:45.12"}
{"availableBeginTime":"2026-10-07 00:41:45.12","availableEndTime":"2026-10-07 17:21:45.12"}
{"availableBeginTime":"2026-10-07 00:41:45.12","availableEndTime":"2026-10-07 17:21:45.12"}
{"availableBeginTime":"2026-10-07 00:41:45.12","availableEndTime":"2026-10-07 17:21:45.12"}
{"availableBeginTime":"2026-10-07 00:41:45.12","availableEndTime":"2026-10-07 17:21:45.12"}
{"availableBeginTime":"2026-10-07 00:41:45.12","availableEndTime":"2026-10-07 17:21:45.12"}
{"availableBeginTime":"2026-10-07 00:41:45.12","availableEndTime":"2026-10-07 17:21:45.12"}
{"availableBeginTime":"2026-10-07 00:41:45.12","availableEndTime":"2026-10-07 17:21:45.12"}
{"availableBeginTime":"2026-10-07 00:41:45.12","availableEndTime":"2026-10-07 17:21:45.12"}
{"availableBeginTime":"2026-10-07 00:41:45.12","availableEndTime":"2026-10-07 17:21:45.12"}
{"availableBeginTime":"2026-10-07 00:41:45.12","availableEndTime":"2026-10-07 17:21:45.12"}
{"availableBeginTime":"2026-10-07 00:41:45.12","availableEndTime":"2026-10-07 17:21:45.12"}
{"availableBeginTime":"2026-10-07 00:41:45.12","availableEndTime":"2026-10-07 17:21:45.12"}
{"availableBeginTime":"2026-10-07 00:41:45.12","availableEndTime":"2026-10-07 17:21:45.12"}
{"availableBeginTime":"2026-10-07 00:41:45.12","availableEndTime":"2026-10-07 17:21:45.12"}
{"availableBeginTime":"2026-10-07 00:41:45.12","availableEndTime":"2026-10-07 17:21:45.12"}
{"availableBeginTime":"2026-10-07 00:41:45.121","availableEndTime":"2026-10-07 17:21:45.121"}
{"availableBeginTime":"2026-10-07 00:41:45.121","availableEndTime":"2026-10-07 17:21:45.121"}
{"availableBeginTime":"2026-10-07 00:41:45.121","availableEndTime":"2026-10-07 17:21:45.121"}
{"availableBeginTime":"2026-10-07 00:41:45.121","availableEndTime":"2026-10-07 17:21:45.121"}
{"availableBeginTime":"2026-10-07 00:41:45.121","availableEndTime":"2026-10-07 17:21:45.121"}
{"availableBeginTime":"2026-10-07 00:41:45.121","availableEndTime":"2026-10-07 17:21:45.121"}
{"availableBeginTime":"2026-10-07 00:41:45.121","availableEndTime":"2026-10-07 17:21:45.121"}
{"availableBeginTime":"2026-10-07 00:41:45.121","availableEndTime":"2026-10-07 17:21:45.121"}
{"availableBeginTime":"2026-10-07 00:41:45.121","availableEndTime":"2026-10-07 17:21:45.121"}
{"availableBeginTime":"2026-10-07 00:41:45.121","availableEndTime":"2026-10-07 17:21:45.121"}
{"availableBeginTime":"2026-10-07 00:41:45.121","availableEndTime":"2026-10-07 17:21:45.121"}
{"availableBeginTime":"2026-10-07 00:41:45.121","availableEndTime":"2026-10-07 17:21:45.121"}
{"availableBeginTime":"2026-10-07 00:41:45.121","availableEndTime":"2026-10-07 17:21:45.121"}
{"availableBeginTime":"2026-10-07 00:41:45.121","availableEndTime":"2026-10-07 17:21:45.121"}
{"availableBeginTime":"2026-10-07 00:41:45.121","availableEndTime":"2026-10-07 17:21:45.121"}
{"availableBeginTime":"2026-10-07 00:41:45.121","availableEndTime":"2026-10-07 17:21:45.121"}
{"availableBeginTime":"2026-10-07 00:41:45.121","availableEndTime":"2026-10-07 17:21:45.121"}
{"availableBeginTime":"2026-10-07 00:41:45.121","availableEndTime":"2026-10-07 17:21:45.121"}
{"availableBeginTime":"2026-10-07 00:41:45.121","availableEndTime":"2026-10-07 17:21:45.121"}
{"availableBeginTime":"2026-10-07 00:41:45.121","availableEndTime":"2026-10-07 17:21:45.121"}
{"availableBeginTime":"2026-10-07 00:41:45.121","availableEndTime":"2026-10-07 17:21:45.121"}
{"availableBeginTime":"2026-10-07 00:41:45.121","availableEndTime":"2026-10-07 17:21:45.121"}
{"availableBeginTime":"2026-10-07 00:41:45.121","availableEndTime":"2026-10-07 17:21:45.121"}
{"availableBeginTime":"2026-10-07 00:41:45.121","availableEndTime":"2026-10-07 17:21:45.121"}
{"availableBeginTime":"2026-10-07 00:41:45.121","availableEndTime":"2026-10-07 17:21:45.121"}
{"availableBeginTime":"2026-10-07 00:41:45.121","availableEndTime":"2026-10-07 17:21:45.121"}
{"availableBeginTime":"2026-10-07 00:41:45.121","availableEndTime":"2026-10-07 17:21:45.121"}
{"availableBeginTime":"2026-10-07 00:41:45.121","availableEndTime":"2026-10-07 17:21:45.121"}
{"@type":"com.alibaba.fastjson2.issues.Issue508$Xx","base":{"@type":"com.alibaba.fastjson2.issues.Issue508$Device","id":1,"name":"xxx"}}
Parsed date: Wed Oct 11 00:00:00 CST 2023
Formatted date: {"utilDate":"2023-10-11"}
Parsed time: Sun Jul 05 16:11:10 CST 169108099
Formatted time: {"utilTime":"16:11:10"}
Parsed time: Sun Jul 05 16:11:00 CST 169108099
Formatted time: {"utilTime":"16:11"}
Parsed date: Wed Oct 11 00:00:00 CST 2023
Formatted date: {"utilDate":"2023-10-11"}
{"@type":"com.alibaba.fastjson2.issues.Canal_Issue4186$1"}
{"code":"项目成员1","formatType":0,"id":"a368f1ff-8702-4d80-9cdf-5260b5fe0fdd","level":0}
[Issue255.TestBean(type=text, data={content=hello111}), Issue255.TestBean(type=text, data={content=hello222})]
[Issue255.TestBean(type=text, data={content=hello111}), Issue255.TestBean(type=text, data={content=hello222})]
{"child_count":8,"del_state":0,"display_level":2,"id":54,"item_index":46,"parent_id":1,"path":"/1/54/","phase_id":1,"title":"八年级上","update_time":1596423978669}
{
	"@type":"com.alibaba.fastjson2.issues.Issue752$Bean#0",
	"@value":{
		"param":[
			"int",
			"int"
		]
	}
}
{
	"@type":"com.alibaba.fastjson2.issues.Issue571$Sample",
	"@value":[
		[
			true,
			false,
			false,
			true
		],
		true,
		false,
		"asdfASDF",
		"!",
		"$",
		[
			-1.234,
			-1.23,
			-12.0,
			-1.0,
			0.0,
			1.0,
			12.0,
			1.23,
			1.234
		],
		1.234567,
		7.654321,
		[
			-12.34,
			-12.3,
			-12.0,
			-1.0,
			0.0,
			1.0,
			12.0,
			12.3,
			12.34
		],
		12.345,
		54.321,
		[
			-1234,
			-123,
			-12,
			-1,
			0,
			1,
			12,
			123,
			1234
		],
		123,
		321,
		[
			-123400,
			-12300,
			-1200,
			-100,
			0,
			100,
			1200,
			12300,
			123400
		],
		1230000,
		3210000,
		{"$ref":".."},
		[
			-1234,
			-123,
			-12,
			-1,
			0,
			1,
			12,
			123,
			1234
		],
		12345,
		32100,
		"ABCDEFGHIJKLMNOPQRSTUVWXYZ0123456789"
	]
}
[Ljava.lang.String;@1b01a0b4
true
[[Ljava.lang.String;@6db47658
true
[[Ljava.lang.String;@6e145703
true
[[Ljava.lang.String;@121e3c62
true
362
{
	"@type":"com.alibaba.fastjson2.codec.JSONBTableTest4$B10#0",
	"@value":{
		"items":{
			"@type":"A#1",
			"@value":[
				{
					"id":101,
					"name":"DataWorks"
				},
				{
					"id":102,
					"name":"MaxCompute"
				}
			]
		}
	}
}
[-110, 118, 99, 111, 109, 46, 97, 108, 105, 98, 97, 98, 97, 46, 102, 97, 115, 116, 106, 115, 111, 110, 50, 46, 99, 111, 100, 101, 99, 46, 74, 83, 79, 78, 66, 84, 97, 98, 108, 101, 84, 101, 115, 116, 52, 36, 66, 0, -90, 78, 105, 116, 101, 109, 115, -106, -110, 121, 56, 48, 99, 111, 109, 46, 97, 108, 105, 98, 97, 98, 97, 46, 102, 97, 115, 116, 106, 115, 111, 110, 50, 46, 99, 111, 100, 101, 99, 46, 74, 83, 79, 78, 66, 84, 97, 98, 108, 101, 84, 101, 115, 116, 52, 36, 73, 116, 101, 109, 1, -90, 75, 105, 100, 56, 101, 77, 110, 97, 109, 101, 82, 68, 97, 116, 97, 87, 111, 114, 107, 115, -91, -110, 1, -90, 75, 105, 100, 56, 102, 77, 110, 97, 109, 101, 83, 77, 97, 120, 67, 111, 109, 112, 117, 116, 101, -91, -91]
{
	"@type":"com.alibaba.fastjson2.codec.RefTest7$Bean#0",
	"@value":{
		"values":{
			{
				"@type":"com.alibaba.fastjson2.codec.RefTest7$Key#1",
				"@value":{}
			}:{}
		},
		"values1":{
			{
				"@type":"#1",
				"@value":{}
			}:{"$ref":"$.values[0]"}
		}
	}
}
[StackTest.Node()]
[{"name":"DataWorks","id":101},{"id":102}]
{
	"actualTypeArguments":[
		"java.lang.String",
		"java.lang.String"
	],
	"rawType":"java.util.Map"
}
{
	"@type":"IllegalStateException#0",
	"@value":{
		"stackTrace":[
			{
				"fileName":"ExceptionTest.java",
				"lineNumber":61,
				"className":"com.alibaba.fastjson2.codec.ExceptionTest",
				"methodName":"test_exception_jsonb_fieldBased"
			},
			{
				"fileName":"DirectMethodHandleAccessor.java",
				"lineNumber":104,
				"className":"jdk.internal.reflect.DirectMethodHandleAccessor",
				"methodName":"invoke"
			},
			{
				"fileName":"Method.java",
				"lineNumber":565,
				"className":"java.lang.reflect.Method",
				"methodName":"invoke"
			},
			{
				"fileName":"ReflectionUtils.java",
				"lineNumber":787,
				"className":"org.junit.platform.commons.util.ReflectionUtils",
				"methodName":"invokeMethod"
			},
			{
				"fileName":"ReflectionSupport.java",
				"lineNumber":478,
				"className":"org.junit.platform.commons.support.ReflectionSupport",
				"methodName":"invokeMethod"
			},
			{
				"fileName":"MethodInvocation.java",
				"lineNumber":60,
				"className":"org.junit.jupiter.engine.execution.MethodInvocation",
				"methodName":"proceed"
			},
			{
				"fileName":"InvocationInterceptorChain.java",
				"lineNumber":131,
				"className":"org.junit.jupiter.engine.execution.InvocationInterceptorChain$ValidatingInvocation",
				"methodName":"proceed"
			},
			{
				"fileName":"TimeoutExtension.java",
				"lineNumber":161,
				"className":"org.junit.jupiter.engine.extension.TimeoutExtension",
				"methodName":"intercept"
			},
			{
				"fileName":"TimeoutExtension.java",
				"lineNumber":152,
				"className":"org.junit.jupiter.engine.extension.TimeoutExtension",
				"methodName":"interceptTestableMethod"
			},
			{
				"fileName":"TimeoutExtension.java",
				"lineNumber":91,
				"className":"org.junit.jupiter.engine.extension.TimeoutExtension",
				"methodName":"interceptTestMethod"
			},
			{
				"fileName":"InterceptingExecutableInvoker.java",
				"lineNumber":112,
				"className":"org.junit.jupiter.engine.execution.InterceptingExecutableInvoker$ReflectiveInterceptorCall",
				"methodName":"lambda$ofVoidMethod$0"
			},
			{
				"fileName":"InterceptingExecutableInvoker.java",
				"lineNumber":94,
				"className":"org.junit.jupiter.engine.execution.InterceptingExecutableInvoker",
				"methodName":"lambda$invoke$0"
			},
			{
				"fileName":"InvocationInterceptorChain.java",
				"lineNumber":106,
				"className":"org.junit.jupiter.engine.execution.InvocationInterceptorChain$InterceptedInvocation",
				"methodName":"proceed"
			},
			{
				"fileName":"InvocationInterceptorChain.java",
				"lineNumber":64,
				"className":"org.junit.jupiter.engine.execution.InvocationInterceptorChain",
				"methodName":"proceed"
			},
			{
				"fileName":"InvocationInterceptorChain.java",
				"lineNumber":45,
				"className":"org.junit.jupiter.engine.execution.InvocationInterceptorChain",
				"methodName":"chainAndInvoke"
			},
			{
				"fileName":"InvocationInterceptorChain.java",
				"lineNumber":37,
				"className":"org.junit.jupiter.engine.execution.InvocationInterceptorChain",
				"methodName":"invoke"
			},
			{
				"fileName":"InterceptingExecutableInvoker.java",
				"lineNumber":93,
				"className":"org.junit.jupiter.engine.execution.InterceptingExecutableInvoker",
				"methodName":"invoke"
			},
			{
				"fileName":"InterceptingExecutableInvoker.java",
				"lineNumber":87,
				"className":"org.junit.jupiter.engine.execution.InterceptingExecutableInvoker",
				"methodName":"invoke"
			},
			{
				"fileName":"TestMethodTestDescriptor.java",
				"lineNumber":221,
				"className":"org.junit.jupiter.engine.descriptor.TestMethodTestDescriptor",
				"methodName":"lambda$invokeTestMethod$4"
			},
			{
				"fileName":"ThrowableCollector.java",
				"lineNumber":73,
				"className":"org.junit.platform.engine.support.hierarchical.ThrowableCollector",
				"methodName":"execute"
			},
			{
				"fileName":"TestMethodTestDescriptor.java",
				"lineNumber":217,
				"className":"org.junit.jupiter.engine.descriptor.TestMethodTestDescriptor",
				"methodName":"invokeTestMethod"
			},
			{
				"fileName":"TestMethodTestDescriptor.java",
				"lineNumber":159,
				"className":"org.junit.jupiter.engine.descriptor.TestMethodTestDescriptor",
				"methodName":"execute"
			},
			{
				"fileName":"TestMethodTestDescriptor.java",
				"lineNumber":70,
				"className":"org.junit.jupiter.engine.descriptor.TestMethodTestDescriptor",
				"methodName":"execute"
			},
			{
				"fileName":"NodeTestTask.java",
				"lineNumber":157,
				"className":"org.junit.platform.engine.support.hierarchical.NodeTestTask",
				"methodName":"lambda$executeRecursively$6"
			},
			{
				"fileName":"ThrowableCollector.java",
				"lineNumber":73,
				"className":"org.junit.platform.engine.support.hierarchical.ThrowableCollector",
				"methodName":"execute"
			},
			{
				"fileName":"NodeTestTask.java",
				"lineNumber":147,
				"className":"org.junit.platform.engine.support.hierarchical.NodeTestTask",
				"methodName":"lambda$executeRecursively$8"
			},
			{
				"fileName":"Node.java",
				"lineNumber":137,
				"className":"org.junit.platform.engine.support.hierarchical.Node",
				"methodName":"around"
			},
			{
				"fileName":"NodeTestTask.java",
				"lineNumber":145,
				"className":"org.junit.platform.engine.support.hierarchical.NodeTestTask",
				"methodName":"lambda$executeRecursively$9"
			},
			{
				"fileName":"ThrowableCollector.java",
				"lineNumber":73,
				"className":"org.junit.platform.engine.support.hierarchical.ThrowableCollector",
				"methodName":"execute"
			},
			{
				"fileName":"NodeTestTask.java",
				"lineNumber":144,
				"className":"org.junit.platform.engine.support.hierarchical.NodeTestTask",
				"methodName":"executeRecursively"
			},
			{
				"fileName":"NodeTestTask.java",
				"lineNumber":101,
				"className":"org.junit.platform.engine.support.hierarchical.NodeTestTask",
				"methodName":"execute"
			},
			{
				"fileName":"ArrayList.java",
				"lineNumber":1604,
				"className":"java.util.ArrayList",
				"methodName":"forEach"
			},
			{
				"fileName":"SameThreadHierarchicalTestExecutorService.java",
				"lineNumber":41,
				"className":"org.junit.platform.engine.support.hierarchical.SameThreadHierarchicalTestExecutorService",
				"methodName":"invokeAll"
			},
			{
				"fileName":"NodeTestTask.java",
				"lineNumber":161,
				"className":"org.junit.platform.engine.support.hierarchical.NodeTestTask",
				"methodName":"lambda$executeRecursively$6"
			},
			{
				"fileName":"ThrowableCollector.java",
				"lineNumber":73,
				"className":"org.junit.platform.engine.support.hierarchical.ThrowableCollector",
				"methodName":"execute"
			},
			{
				"fileName":"NodeTestTask.java",
				"lineNumber":147,
				"className":"org.junit.platform.engine.support.hierarchical.NodeTestTask",
				"methodName":"lambda$executeRecursively$8"
			},
			{
				"fileName":"Node.java",
				"lineNumber":137,
				"className":"org.junit.platform.engine.support.hierarchical.Node",
				"methodName":"around"
			},
			{
				"fileName":"NodeTestTask.java",
				"lineNumber":145,
				"className":"org.junit.platform.engine.support.hierarchical.NodeTestTask",
				"methodName":"lambda$executeRecursively$9"
			},
			{
				"fileName":"ThrowableCollector.java",
				"lineNumber":73,
				"className":"org.junit.platform.engine.support.hierarchical.ThrowableCollector",
				"methodName":"execute"
			},
			{
				"fileName":"NodeTestTask.java",
				"lineNumber":144,
				"className":"org.junit.platform.engine.support.hierarchical.NodeTestTask",
				"methodName":"executeRecursively"
			},
			{
				"fileName":"NodeTestTask.java",
				"lineNumber":101,
				"className":"org.junit.platform.engine.support.hierarchical.NodeTestTask",
				"methodName":"execute"
			},
			{
				"fileName":"ArrayList.java",
				"lineNumber":1604,
				"className":"java.util.ArrayList",
				"methodName":"forEach"
			},
			{
				"fileName":"SameThreadHierarchicalTestExecutorService.java",
				"lineNumber":41,
				"className":"org.junit.platform.engine.support.hierarchical.SameThreadHierarchicalTestExecutorService",
				"methodName":"invokeAll"
			},
			{
				"fileName":"NodeTestTask.java",
				"lineNumber":161,
				"className":"org.junit.platform.engine.support.hierarchical.NodeTestTask",
				"methodName":"lambda$executeRecursively$6"
			},
			{
				"fileName":"ThrowableCollector.java",
				"lineNumber":73,
				"className":"org.junit.platform.engine.support.hierarchical.ThrowableCollector",
				"methodName":"execute"
			},
			{
				"fileName":"NodeTestTask.java",
				"lineNumber":147,
				"className":"org.junit.platform.engine.support.hierarchical.NodeTestTask",
				"methodName":"lambda$executeRecursively$8"
			},
			{
				"fileName":"Node.java",
				"lineNumber":137,
				"className":"org.junit.platform.engine.support.hierarchical.Node",
				"methodName":"around"
			},
			{
				"fileName":"NodeTestTask.java",
				"lineNumber":145,
				"className":"org.junit.platform.engine.support.hierarchical.NodeTestTask",
				"methodName":"lambda$executeRecursively$9"
			},
			{
				"fileName":"ThrowableCollector.java",
				"lineNumber":73,
				"className":"org.junit.platform.engine.support.hierarchical.ThrowableCollector",
				"methodName":"execute"
			},
			{
				"fileName":"NodeTestTask.java",
				"lineNumber":144,
				"className":"org.junit.platform.engine.support.hierarchical.NodeTestTask",
				"methodName":"executeRecursively"
			},
			{
				"fileName":"NodeTestTask.java",
				"lineNumber":101,
				"className":"org.junit.platform.engine.support.hierarchical.NodeTestTask",
				"methodName":"execute"
			},
			{
				"fileName":"SameThreadHierarchicalTestExecutorService.java",
				"lineNumber":35,
				"className":"org.junit.platform.engine.support.hierarchical.SameThreadHierarchicalTestExecutorService",
				"methodName":"submit"
			},
			{
				"fileName":"HierarchicalTestExecutor.java",
				"lineNumber":57,
				"className":"org.junit.platform.engine.support.hierarchical.HierarchicalTestExecutor",
				"methodName":"execute"
			},
			{
				"fileName":"HierarchicalTestEngine.java",
				"lineNumber":54,
				"className":"org.junit.platform.engine.support.hierarchical.HierarchicalTestEngine",
				"methodName":"execute"
			},
			{
				"fileName":"EngineExecutionOrchestrator.java",
				"lineNumber":230,
				"className":"org.junit.platform.launcher.core.EngineExecutionOrchestrator",
				"methodName":"executeEngine"
			},
			{
				"fileName":"EngineExecutionOrchestrator.java",
				"lineNumber":204,
				"className":"org.junit.platform.launcher.core.EngineExecutionOrchestrator",
				"methodName":"failOrExecuteEngine"
			},
			{
				"fileName":"EngineExecutionOrchestrator.java",
				"lineNumber":172,
				"className":"org.junit.platform.launcher.core.EngineExecutionOrchestrator",
				"methodName":"execute"
			},
			{
				"fileName":"EngineExecutionOrchestrator.java",
				"lineNumber":101,
				"className":"org.junit.platform.launcher.core.EngineExecutionOrchestrator",
				"methodName":"execute"
			},
			{
				"fileName":"EngineExecutionOrchestrator.java",
				"lineNumber":64,
				"className":"org.junit.platform.launcher.core.EngineExecutionOrchestrator",
				"methodName":"lambda$execute$0"
			},
			{
				"fileName":"EngineExecutionOrchestrator.java",
				"lineNumber":150,
				"className":"org.junit.platform.launcher.core.EngineExecutionOrchestrator",
				"methodName":"withInterceptedStreams"
			},
			{
				"fileName":"EngineExecutionOrchestrator.java",
				"lineNumber":63,
				"className":"org.junit.platform.launcher.core.EngineExecutionOrchestrator",
				"methodName":"execute"
			},
			{
				"fileName":"DefaultLauncher.java",
				"lineNumber":109,
				"className":"org.junit.platform.launcher.core.DefaultLauncher",
				"methodName":"execute"
			},
			{
				"fileName":"DefaultLauncher.java",
				"lineNumber":91,
				"className":"org.junit.platform.launcher.core.DefaultLauncher",
				"methodName":"execute"
			},
			{
				"fileName":"DelegatingLauncher.java",
				"lineNumber":47,
				"className":"org.junit.platform.launcher.core.DelegatingLauncher",
				"methodName":"execute"
			},
			{
				"fileName":"InterceptingLauncher.java",
				"lineNumber":39,
				"className":"org.junit.platform.launcher.core.InterceptingLauncher",
				"methodName":"lambda$execute$1"
			},
			{
				"fileName":"ClasspathAlignmentCheckingLauncherInterceptor.java",
				"lineNumber":25,
				"className":"org.junit.platform.launcher.core.ClasspathAlignmentCheckingLauncherInterceptor",
				"methodName":"intercept"
			},
			{
				"fileName":"InterceptingLauncher.java",
				"lineNumber":38,
				"className":"org.junit.platform.launcher.core.InterceptingLauncher",
				"methodName":"execute"
			},
			{
				"fileName":"DelegatingLauncher.java",
				"lineNumber":47,
				"className":"org.junit.platform.launcher.core.DelegatingLauncher",
				"methodName":"execute"
			},
			{
				"fileName":"LazyLauncher.java",
				"lineNumber":56,
				"className":"org.apache.maven.surefire.junitplatform.LazyLauncher",
				"methodName":"execute"
			},
			{
				"fileName":"JUnitPlatformProvider.java",
				"lineNumber":194,
				"className":"org.apache.maven.surefire.junitplatform.JUnitPlatformProvider",
				"methodName":"execute"
			},
			{
				"fileName":"JUnitPlatformProvider.java",
				"lineNumber":150,
				"className":"org.apache.maven.surefire.junitplatform.JUnitPlatformProvider",
				"methodName":"invokeAllTests"
			},
			{
				"fileName":"JUnitPlatformProvider.java",
				"lineNumber":124,
				"className":"org.apache.maven.surefire.junitplatform.JUnitPlatformProvider",
				"methodName":"invoke"
			},
			{
				"fileName":"ForkedBooter.java",
				"lineNumber":385,
				"className":"org.apache.maven.surefire.booter.ForkedBooter",
				"methodName":"runSuitesInProcess"
			},
			{
				"fileName":"ForkedBooter.java",
				"lineNumber":162,
				"className":"org.apache.maven.surefire.booter.ForkedBooter",
				"methodName":"execute"
			},
			{
				"fileName":"ForkedBooter.java",
				"lineNumber":507,
				"className":"org.apache.maven.surefire.booter.ForkedBooter",
				"methodName":"run"
			},
			{
				"fileName":"ForkedBooter.java",
				"lineNumber":495,
				"className":"org.apache.maven.surefire.booter.ForkedBooter",
				"methodName":"main"
			}
		],
		"suppressedExceptions":{
			"@type":"java.util.Collections$EmptyList#1",
			"@value":[]
		}
	}
}
{
	"@type":"java.time.format.DateTimeParseException#0",
	"@value":{
		"detailMessage":"aaa",
		"errorIndex":1,
		"parsedString":"bbb",
		"stackTrace":[
			{
				"fileName":"ExceptionTest.java",
				"lineNumber":76,
				"className":"com.alibaba.fastjson2.codec.ExceptionTest",
				"methodName":"test_exception_jsonb_fieldBased_1"
			},
			{
				"fileName":"DirectMethodHandleAccessor.java",
				"lineNumber":104,
				"className":"jdk.internal.reflect.DirectMethodHandleAccessor",
				"methodName":"invoke"
			},
			{
				"fileName":"Method.java",
				"lineNumber":565,
				"className":"java.lang.reflect.Method",
				"methodName":"invoke"
			},
			{
				"fileName":"ReflectionUtils.java",
				"lineNumber":787,
				"className":"org.junit.platform.commons.util.ReflectionUtils",
				"methodName":"invokeMethod"
			},
			{
				"fileName":"ReflectionSupport.java",
				"lineNumber":478,
				"className":"org.junit.platform.commons.support.ReflectionSupport",
				"methodName":"invokeMethod"
			},
			{
				"fileName":"MethodInvocation.java",
				"lineNumber":60,
				"className":"org.junit.jupiter.engine.execution.MethodInvocation",
				"methodName":"proceed"
			},
			{
				"fileName":"InvocationInterceptorChain.java",
				"lineNumber":131,
				"className":"org.junit.jupiter.engine.execution.InvocationInterceptorChain$ValidatingInvocation",
				"methodName":"proceed"
			},
			{
				"fileName":"TimeoutExtension.java",
				"lineNumber":161,
				"className":"org.junit.jupiter.engine.extension.TimeoutExtension",
				"methodName":"intercept"
			},
			{
				"fileName":"TimeoutExtension.java",
				"lineNumber":152,
				"className":"org.junit.jupiter.engine.extension.TimeoutExtension",
				"methodName":"interceptTestableMethod"
			},
			{
				"fileName":"TimeoutExtension.java",
				"lineNumber":91,
				"className":"org.junit.jupiter.engine.extension.TimeoutExtension",
				"methodName":"interceptTestMethod"
			},
			{
				"fileName":"InterceptingExecutableInvoker.java",
				"lineNumber":112,
				"className":"org.junit.jupiter.engine.execution.InterceptingExecutableInvoker$ReflectiveInterceptorCall",
				"methodName":"lambda$ofVoidMethod$0"
			},
			{
				"fileName":"InterceptingExecutableInvoker.java",
				"lineNumber":94,
				"className":"org.junit.jupiter.engine.execution.InterceptingExecutableInvoker",
				"methodName":"lambda$invoke$0"
			},
			{
				"fileName":"InvocationInterceptorChain.java",
				"lineNumber":106,
				"className":"org.junit.jupiter.engine.execution.InvocationInterceptorChain$InterceptedInvocation",
				"methodName":"proceed"
			},
			{
				"fileName":"InvocationInterceptorChain.java",
				"lineNumber":64,
				"className":"org.junit.jupiter.engine.execution.InvocationInterceptorChain",
				"methodName":"proceed"
			},
			{
				"fileName":"InvocationInterceptorChain.java",
				"lineNumber":45,
				"className":"org.junit.jupiter.engine.execution.InvocationInterceptorChain",
				"methodName":"chainAndInvoke"
			},
			{
				"fileName":"InvocationInterceptorChain.java",
				"lineNumber":37,
				"className":"org.junit.jupiter.engine.execution.InvocationInterceptorChain",
				"methodName":"invoke"
			},
			{
				"fileName":"InterceptingExecutableInvoker.java",
				"lineNumber":93,
				"className":"org.junit.jupiter.engine.execution.InterceptingExecutableInvoker",
				"methodName":"invoke"
			},
			{
				"fileName":"InterceptingExecutableInvoker.java",
				"lineNumber":87,
				"className":"org.junit.jupiter.engine.execution.InterceptingExecutableInvoker",
				"methodName":"invoke"
			},
			{
				"fileName":"TestMethodTestDescriptor.java",
				"lineNumber":221,
				"className":"org.junit.jupiter.engine.descriptor.TestMethodTestDescriptor",
				"methodName":"lambda$invokeTestMethod$4"
			},
			{
				"fileName":"ThrowableCollector.java",
				"lineNumber":73,
				"className":"org.junit.platform.engine.support.hierarchical.ThrowableCollector",
				"methodName":"execute"
			},
			{
				"fileName":"TestMethodTestDescriptor.java",
				"lineNumber":217,
				"className":"org.junit.jupiter.engine.descriptor.TestMethodTestDescriptor",
				"methodName":"invokeTestMethod"
			},
			{
				"fileName":"TestMethodTestDescriptor.java",
				"lineNumber":159,
				"className":"org.junit.jupiter.engine.descriptor.TestMethodTestDescriptor",
				"methodName":"execute"
			},
			{
				"fileName":"TestMethodTestDescriptor.java",
				"lineNumber":70,
				"className":"org.junit.jupiter.engine.descriptor.TestMethodTestDescriptor",
				"methodName":"execute"
			},
			{
				"fileName":"NodeTestTask.java",
				"lineNumber":157,
				"className":"org.junit.platform.engine.support.hierarchical.NodeTestTask",
				"methodName":"lambda$executeRecursively$6"
			},
			{
				"fileName":"ThrowableCollector.java",
				"lineNumber":73,
				"className":"org.junit.platform.engine.support.hierarchical.ThrowableCollector",
				"methodName":"execute"
			},
			{
				"fileName":"NodeTestTask.java",
				"lineNumber":147,
				"className":"org.junit.platform.engine.support.hierarchical.NodeTestTask",
				"methodName":"lambda$executeRecursively$8"
			},
			{
				"fileName":"Node.java",
				"lineNumber":137,
				"className":"org.junit.platform.engine.support.hierarchical.Node",
				"methodName":"around"
			},
			{
				"fileName":"NodeTestTask.java",
				"lineNumber":145,
				"className":"org.junit.platform.engine.support.hierarchical.NodeTestTask",
				"methodName":"lambda$executeRecursively$9"
			},
			{
				"fileName":"ThrowableCollector.java",
				"lineNumber":73,
				"className":"org.junit.platform.engine.support.hierarchical.ThrowableCollector",
				"methodName":"execute"
			},
			{
				"fileName":"NodeTestTask.java",
				"lineNumber":144,
				"className":"org.junit.platform.engine.support.hierarchical.NodeTestTask",
				"methodName":"executeRecursively"
			},
			{
				"fileName":"NodeTestTask.java",
				"lineNumber":101,
				"className":"org.junit.platform.engine.support.hierarchical.NodeTestTask",
				"methodName":"execute"
			},
			{
				"fileName":"ArrayList.java",
				"lineNumber":1604,
				"className":"java.util.ArrayList",
				"methodName":"forEach"
			},
			{
				"fileName":"SameThreadHierarchicalTestExecutorService.java",
				"lineNumber":41,
				"className":"org.junit.platform.engine.support.hierarchical.SameThreadHierarchicalTestExecutorService",
				"methodName":"invokeAll"
			},
			{
				"fileName":"NodeTestTask.java",
				"lineNumber":161,
				"className":"org.junit.platform.engine.support.hierarchical.NodeTestTask",
				"methodName":"lambda$executeRecursively$6"
			},
			{
				"fileName":"ThrowableCollector.java",
				"lineNumber":73,
				"className":"org.junit.platform.engine.support.hierarchical.ThrowableCollector",
				"methodName":"execute"
			},
			{
				"fileName":"NodeTestTask.java",
				"lineNumber":147,
				"className":"org.junit.platform.engine.support.hierarchical.NodeTestTask",
				"methodName":"lambda$executeRecursively$8"
			},
			{
				"fileName":"Node.java",
				"lineNumber":137,
				"className":"org.junit.platform.engine.support.hierarchical.Node",
				"methodName":"around"
			},
			{
				"fileName":"NodeTestTask.java",
				"lineNumber":145,
				"className":"org.junit.platform.engine.support.hierarchical.NodeTestTask",
				"methodName":"lambda$executeRecursively$9"
			},
			{
				"fileName":"ThrowableCollector.java",
				"lineNumber":73,
				"className":"org.junit.platform.engine.support.hierarchical.ThrowableCollector",
				"methodName":"execute"
			},
			{
				"fileName":"NodeTestTask.java",
				"lineNumber":144,
				"className":"org.junit.platform.engine.support.hierarchical.NodeTestTask",
				"methodName":"executeRecursively"
			},
			{
				"fileName":"NodeTestTask.java",
				"lineNumber":101,
				"className":"org.junit.platform.engine.support.hierarchical.NodeTestTask",
				"methodName":"execute"
			},
			{
				"fileName":"ArrayList.java",
				"lineNumber":1604,
				"className":"java.util.ArrayList",
				"methodName":"forEach"
			},
			{
				"fileName":"SameThreadHierarchicalTestExecutorService.java",
				"lineNumber":41,
				"className":"org.junit.platform.engine.support.hierarchical.SameThreadHierarchicalTestExecutorService",
				"methodName":"invokeAll"
			},
			{
				"fileName":"NodeTestTask.java",
				"lineNumber":161,
				"className":"org.junit.platform.engine.support.hierarchical.NodeTestTask",
				"methodName":"lambda$executeRecursively$6"
			},
			{
				"fileName":"ThrowableCollector.java",
				"lineNumber":73,
				"className":"org.junit.platform.engine.support.hierarchical.ThrowableCollector",
				"methodName":"execute"
			},
			{
				"fileName":"NodeTestTask.java",
				"lineNumber":147,
				"className":"org.junit.platform.engine.support.hierarchical.NodeTestTask",
				"methodName":"lambda$executeRecursively$8"
			},
			{
				"fileName":"Node.java",
				"lineNumber":137,
				"className":"org.junit.platform.engine.support.hierarchical.Node",
				"methodName":"around"
			},
			{
				"fileName":"NodeTestTask.java",
				"lineNumber":145,
				"className":"org.junit.platform.engine.support.hierarchical.NodeTestTask",
				"methodName":"lambda$executeRecursively$9"
			},
			{
				"fileName":"ThrowableCollector.java",
				"lineNumber":73,
				"className":"org.junit.platform.engine.support.hierarchical.ThrowableCollector",
				"methodName":"execute"
			},
			{
				"fileName":"NodeTestTask.java",
				"lineNumber":144,
				"className":"org.junit.platform.engine.support.hierarchical.NodeTestTask",
				"methodName":"executeRecursively"
			},
			{
				"fileName":"NodeTestTask.java",
				"lineNumber":101,
				"className":"org.junit.platform.engine.support.hierarchical.NodeTestTask",
				"methodName":"execute"
			},
			{
				"fileName":"SameThreadHierarchicalTestExecutorService.java",
				"lineNumber":35,
				"className":"org.junit.platform.engine.support.hierarchical.SameThreadHierarchicalTestExecutorService",
				"methodName":"submit"
			},
			{
				"fileName":"HierarchicalTestExecutor.java",
				"lineNumber":57,
				"className":"org.junit.platform.engine.support.hierarchical.HierarchicalTestExecutor",
				"methodName":"execute"
			},
			{
				"fileName":"HierarchicalTestEngine.java",
				"lineNumber":54,
				"className":"org.junit.platform.engine.support.hierarchical.HierarchicalTestEngine",
				"methodName":"execute"
			},
			{
				"fileName":"EngineExecutionOrchestrator.java",
				"lineNumber":230,
				"className":"org.junit.platform.launcher.core.EngineExecutionOrchestrator",
				"methodName":"executeEngine"
			},
			{
				"fileName":"EngineExecutionOrchestrator.java",
				"lineNumber":204,
				"className":"org.junit.platform.launcher.core.EngineExecutionOrchestrator",
				"methodName":"failOrExecuteEngine"
			},
			{
				"fileName":"EngineExecutionOrchestrator.java",
				"lineNumber":172,
				"className":"org.junit.platform.launcher.core.EngineExecutionOrchestrator",
				"methodName":"execute"
			},
			{
				"fileName":"EngineExecutionOrchestrator.java",
				"lineNumber":101,
				"className":"org.junit.platform.launcher.core.EngineExecutionOrchestrator",
				"methodName":"execute"
			},
			{
				"fileName":"EngineExecutionOrchestrator.java",
				"lineNumber":64,
				"className":"org.junit.platform.launcher.core.EngineExecutionOrchestrator",
				"methodName":"lambda$execute$0"
			},
			{
				"fileName":"EngineExecutionOrchestrator.java",
				"lineNumber":150,
				"className":"org.junit.platform.launcher.core.EngineExecutionOrchestrator",
				"methodName":"withInterceptedStreams"
			},
			{
				"fileName":"EngineExecutionOrchestrator.java",
				"lineNumber":63,
				"className":"org.junit.platform.launcher.core.EngineExecutionOrchestrator",
				"methodName":"execute"
			},
			{
				"fileName":"DefaultLauncher.java",
				"lineNumber":109,
				"className":"org.junit.platform.launcher.core.DefaultLauncher",
				"methodName":"execute"
			},
			{
				"fileName":"DefaultLauncher.java",
				"lineNumber":91,
				"className":"org.junit.platform.launcher.core.DefaultLauncher",
				"methodName":"execute"
			},
			{
				"fileName":"DelegatingLauncher.java",
				"lineNumber":47,
				"className":"org.junit.platform.launcher.core.DelegatingLauncher",
				"methodName":"execute"
			},
			{
				"fileName":"InterceptingLauncher.java",
				"lineNumber":39,
				"className":"org.junit.platform.launcher.core.InterceptingLauncher",
				"methodName":"lambda$execute$1"
			},
			{
				"fileName":"ClasspathAlignmentCheckingLauncherInterceptor.java",
				"lineNumber":25,
				"className":"org.junit.platform.launcher.core.ClasspathAlignmentCheckingLauncherInterceptor",
				"methodName":"intercept"
			},
			{
				"fileName":"InterceptingLauncher.java",
				"lineNumber":38,
				"className":"org.junit.platform.launcher.core.InterceptingLauncher",
				"methodName":"execute"
			},
			{
				"fileName":"DelegatingLauncher.java",
				"lineNumber":47,
				"className":"org.junit.platform.launcher.core.DelegatingLauncher",
				"methodName":"execute"
			},
			{
				"fileName":"LazyLauncher.java",
				"lineNumber":56,
				"className":"org.apache.maven.surefire.junitplatform.LazyLauncher",
				"methodName":"execute"
			},
			{
				"fileName":"JUnitPlatformProvider.java",
				"lineNumber":194,
				"className":"org.apache.maven.surefire.junitplatform.JUnitPlatformProvider",
				"methodName":"execute"
			},
			{
				"fileName":"JUnitPlatformProvider.java",
				"lineNumber":150,
				"className":"org.apache.maven.surefire.junitplatform.JUnitPlatformProvider",
				"methodName":"invokeAllTests"
			},
			{
				"fileName":"JUnitPlatformProvider.java",
				"lineNumber":124,
				"className":"org.apache.maven.surefire.junitplatform.JUnitPlatformProvider",
				"methodName":"invoke"
			},
			{
				"fileName":"ForkedBooter.java",
				"lineNumber":385,
				"className":"org.apache.maven.surefire.booter.ForkedBooter",
				"methodName":"runSuitesInProcess"
			},
			{
				"fileName":"ForkedBooter.java",
				"lineNumber":162,
				"className":"org.apache.maven.surefire.booter.ForkedBooter",
				"methodName":"execute"
			},
			{
				"fileName":"ForkedBooter.java",
				"lineNumber":507,
				"className":"org.apache.maven.surefire.booter.ForkedBooter",
				"methodName":"run"
			},
			{
				"fileName":"ForkedBooter.java",
				"lineNumber":495,
				"className":"org.apache.maven.surefire.booter.ForkedBooter",
				"methodName":"main"
			}
		],
		"suppressedExceptions":{
			"@type":"java.util.Collections$EmptyList#1",
			"@value":[]
		}
	}
}
{
	"@type":"IllegalStateException#0",
	"@value":{
		"stackTrace":[
			{
				"fileName":"ExceptionTest.java",
				"lineNumber":46,
				"className":"com.alibaba.fastjson2.codec.ExceptionTest",
				"methodName":"test_exception_jsonb"
			},
			{
				"fileName":"DirectMethodHandleAccessor.java",
				"lineNumber":104,
				"className":"jdk.internal.reflect.DirectMethodHandleAccessor",
				"methodName":"invoke"
			},
			{
				"fileName":"Method.java",
				"lineNumber":565,
				"className":"java.lang.reflect.Method",
				"methodName":"invoke"
			},
			{
				"fileName":"ReflectionUtils.java",
				"lineNumber":787,
				"className":"org.junit.platform.commons.util.ReflectionUtils",
				"methodName":"invokeMethod"
			},
			{
				"fileName":"ReflectionSupport.java",
				"lineNumber":478,
				"className":"org.junit.platform.commons.support.ReflectionSupport",
				"methodName":"invokeMethod"
			},
			{
				"fileName":"MethodInvocation.java",
				"lineNumber":60,
				"className":"org.junit.jupiter.engine.execution.MethodInvocation",
				"methodName":"proceed"
			},
			{
				"fileName":"InvocationInterceptorChain.java",
				"lineNumber":131,
				"className":"org.junit.jupiter.engine.execution.InvocationInterceptorChain$ValidatingInvocation",
				"methodName":"proceed"
			},
			{
				"fileName":"TimeoutExtension.java",
				"lineNumber":161,
				"className":"org.junit.jupiter.engine.extension.TimeoutExtension",
				"methodName":"intercept"
			},
			{
				"fileName":"TimeoutExtension.java",
				"lineNumber":152,
				"className":"org.junit.jupiter.engine.extension.TimeoutExtension",
				"methodName":"interceptTestableMethod"
			},
			{
				"fileName":"TimeoutExtension.java",
				"lineNumber":91,
				"className":"org.junit.jupiter.engine.extension.TimeoutExtension",
				"methodName":"interceptTestMethod"
			},
			{
				"fileName":"InterceptingExecutableInvoker.java",
				"lineNumber":112,
				"className":"org.junit.jupiter.engine.execution.InterceptingExecutableInvoker$ReflectiveInterceptorCall",
				"methodName":"lambda$ofVoidMethod$0"
			},
			{
				"fileName":"InterceptingExecutableInvoker.java",
				"lineNumber":94,
				"className":"org.junit.jupiter.engine.execution.InterceptingExecutableInvoker",
				"methodName":"lambda$invoke$0"
			},
			{
				"fileName":"InvocationInterceptorChain.java",
				"lineNumber":106,
				"className":"org.junit.jupiter.engine.execution.InvocationInterceptorChain$InterceptedInvocation",
				"methodName":"proceed"
			},
			{
				"fileName":"InvocationInterceptorChain.java",
				"lineNumber":64,
				"className":"org.junit.jupiter.engine.execution.InvocationInterceptorChain",
				"methodName":"proceed"
			},
			{
				"fileName":"InvocationInterceptorChain.java",
				"lineNumber":45,
				"className":"org.junit.jupiter.engine.execution.InvocationInterceptorChain",
				"methodName":"chainAndInvoke"
			},
			{
				"fileName":"InvocationInterceptorChain.java",
				"lineNumber":37,
				"className":"org.junit.jupiter.engine.execution.InvocationInterceptorChain",
				"methodName":"invoke"
			},
			{
				"fileName":"InterceptingExecutableInvoker.java",
				"lineNumber":93,
				"className":"org.junit.jupiter.engine.execution.InterceptingExecutableInvoker",
				"methodName":"invoke"
			},
			{
				"fileName":"InterceptingExecutableInvoker.java",
				"lineNumber":87,
				"className":"org.junit.jupiter.engine.execution.InterceptingExecutableInvoker",
				"methodName":"invoke"
			},
			{
				"fileName":"TestMethodTestDescriptor.java",
				"lineNumber":221,
				"className":"org.junit.jupiter.engine.descriptor.TestMethodTestDescriptor",
				"methodName":"lambda$invokeTestMethod$4"
			},
			{
				"fileName":"ThrowableCollector.java",
				"lineNumber":73,
				"className":"org.junit.platform.engine.support.hierarchical.ThrowableCollector",
				"methodName":"execute"
			},
			{
				"fileName":"TestMethodTestDescriptor.java",
				"lineNumber":217,
				"className":"org.junit.jupiter.engine.descriptor.TestMethodTestDescriptor",
				"methodName":"invokeTestMethod"
			},
			{
				"fileName":"TestMethodTestDescriptor.java",
				"lineNumber":159,
				"className":"org.junit.jupiter.engine.descriptor.TestMethodTestDescriptor",
				"methodName":"execute"
			},
			{
				"fileName":"TestMethodTestDescriptor.java",
				"lineNumber":70,
				"className":"org.junit.jupiter.engine.descriptor.TestMethodTestDescriptor",
				"methodName":"execute"
			},
			{
				"fileName":"NodeTestTask.java",
				"lineNumber":157,
				"className":"org.junit.platform.engine.support.hierarchical.NodeTestTask",
				"methodName":"lambda$executeRecursively$6"
			},
			{
				"fileName":"ThrowableCollector.java",
				"lineNumber":73,
				"className":"org.junit.platform.engine.support.hierarchical.ThrowableCollector",
				"methodName":"execute"
			},
			{
				"fileName":"NodeTestTask.java",
				"lineNumber":147,
				"className":"org.junit.platform.engine.support.hierarchical.NodeTestTask",
				"methodName":"lambda$executeRecursively$8"
			},
			{
				"fileName":"Node.java",
				"lineNumber":137,
				"className":"org.junit.platform.engine.support.hierarchical.Node",
				"methodName":"around"
			},
			{
				"fileName":"NodeTestTask.java",
				"lineNumber":145,
				"className":"org.junit.platform.engine.support.hierarchical.NodeTestTask",
				"methodName":"lambda$executeRecursively$9"
			},
			{
				"fileName":"ThrowableCollector.java",
				"lineNumber":73,
				"className":"org.junit.platform.engine.support.hierarchical.ThrowableCollector",
				"methodName":"execute"
			},
			{
				"fileName":"NodeTestTask.java",
				"lineNumber":144,
				"className":"org.junit.platform.engine.support.hierarchical.NodeTestTask",
				"methodName":"executeRecursively"
			},
			{
				"fileName":"NodeTestTask.java",
				"lineNumber":101,
				"className":"org.junit.platform.engine.support.hierarchical.NodeTestTask",
				"methodName":"execute"
			},
			{
				"fileName":"ArrayList.java",
				"lineNumber":1604,
				"className":"java.util.ArrayList",
				"methodName":"forEach"
			},
			{
				"fileName":"SameThreadHierarchicalTestExecutorService.java",
				"lineNumber":41,
				"className":"org.junit.platform.engine.support.hierarchical.SameThreadHierarchicalTestExecutorService",
				"methodName":"invokeAll"
			},
			{
				"fileName":"NodeTestTask.java",
				"lineNumber":161,
				"className":"org.junit.platform.engine.support.hierarchical.NodeTestTask",
				"methodName":"lambda$executeRecursively$6"
			},
			{
				"fileName":"ThrowableCollector.java",
				"lineNumber":73,
				"className":"org.junit.platform.engine.support.hierarchical.ThrowableCollector",
				"methodName":"execute"
			},
			{
				"fileName":"NodeTestTask.java",
				"lineNumber":147,
				"className":"org.junit.platform.engine.support.hierarchical.NodeTestTask",
				"methodName":"lambda$executeRecursively$8"
			},
			{
				"fileName":"Node.java",
				"lineNumber":137,
				"className":"org.junit.platform.engine.support.hierarchical.Node",
				"methodName":"around"
			},
			{
				"fileName":"NodeTestTask.java",
				"lineNumber":145,
				"className":"org.junit.platform.engine.support.hierarchical.NodeTestTask",
				"methodName":"lambda$executeRecursively$9"
			},
			{
				"fileName":"ThrowableCollector.java",
				"lineNumber":73,
				"className":"org.junit.platform.engine.support.hierarchical.ThrowableCollector",
				"methodName":"execute"
			},
			{
				"fileName":"NodeTestTask.java",
				"lineNumber":144,
				"className":"org.junit.platform.engine.support.hierarchical.NodeTestTask",
				"methodName":"executeRecursively"
			},
			{
				"fileName":"NodeTestTask.java",
				"lineNumber":101,
				"className":"org.junit.platform.engine.support.hierarchical.NodeTestTask",
				"methodName":"execute"
			},
			{
				"fileName":"ArrayList.java",
				"lineNumber":1604,
				"className":"java.util.ArrayList",
				"methodName":"forEach"
			},
			{
				"fileName":"SameThreadHierarchicalTestExecutorService.java",
				"lineNumber":41,
				"className":"org.junit.platform.engine.support.hierarchical.SameThreadHierarchicalTestExecutorService",
				"methodName":"invokeAll"
			},
			{
				"fileName":"NodeTestTask.java",
				"lineNumber":161,
				"className":"org.junit.platform.engine.support.hierarchical.NodeTestTask",
				"methodName":"lambda$executeRecursively$6"
			},
			{
				"fileName":"ThrowableCollector.java",
				"lineNumber":73,
				"className":"org.junit.platform.engine.support.hierarchical.ThrowableCollector",
				"methodName":"execute"
			},
			{
				"fileName":"NodeTestTask.java",
				"lineNumber":147,
				"className":"org.junit.platform.engine.support.hierarchical.NodeTestTask",
				"methodName":"lambda$executeRecursively$8"
			},
			{
				"fileName":"Node.java",
				"lineNumber":137,
				"className":"org.junit.platform.engine.support.hierarchical.Node",
				"methodName":"around"
			},
			{
				"fileName":"NodeTestTask.java",
				"lineNumber":145,
				"className":"org.junit.platform.engine.support.hierarchical.NodeTestTask",
				"methodName":"lambda$executeRecursively$9"
			},
			{
				"fileName":"ThrowableCollector.java",
				"lineNumber":73,
				"className":"org.junit.platform.engine.support.hierarchical.ThrowableCollector",
				"methodName":"execute"
			},
			{
				"fileName":"NodeTestTask.java",
				"lineNumber":144,
				"className":"org.junit.platform.engine.support.hierarchical.NodeTestTask",
				"methodName":"executeRecursively"
			},
			{
				"fileName":"NodeTestTask.java",
				"lineNumber":101,
				"className":"org.junit.platform.engine.support.hierarchical.NodeTestTask",
				"methodName":"execute"
			},
			{
				"fileName":"SameThreadHierarchicalTestExecutorService.java",
				"lineNumber":35,
				"className":"org.junit.platform.engine.support.hierarchical.SameThreadHierarchicalTestExecutorService",
				"methodName":"submit"
			},
			{
				"fileName":"HierarchicalTestExecutor.java",
				"lineNumber":57,
				"className":"org.junit.platform.engine.support.hierarchical.HierarchicalTestExecutor",
				"methodName":"execute"
			},
			{
				"fileName":"HierarchicalTestEngine.java",
				"lineNumber":54,
				"className":"org.junit.platform.engine.support.hierarchical.HierarchicalTestEngine",
				"methodName":"execute"
			},
			{
				"fileName":"EngineExecutionOrchestrator.java",
				"lineNumber":230,
				"className":"org.junit.platform.launcher.core.EngineExecutionOrchestrator",
				"methodName":"executeEngine"
			},
			{
				"fileName":"EngineExecutionOrchestrator.java",
				"lineNumber":204,
				"className":"org.junit.platform.launcher.core.EngineExecutionOrchestrator",
				"methodName":"failOrExecuteEngine"
			},
			{
				"fileName":"EngineExecutionOrchestrator.java",
				"lineNumber":172,
				"className":"org.junit.platform.launcher.core.EngineExecutionOrchestrator",
				"methodName":"execute"
			},
			{
				"fileName":"EngineExecutionOrchestrator.java",
				"lineNumber":101,
				"className":"org.junit.platform.launcher.core.EngineExecutionOrchestrator",
				"methodName":"execute"
			},
			{
				"fileName":"EngineExecutionOrchestrator.java",
				"lineNumber":64,
				"className":"org.junit.platform.launcher.core.EngineExecutionOrchestrator",
				"methodName":"lambda$execute$0"
			},
			{
				"fileName":"EngineExecutionOrchestrator.java",
				"lineNumber":150,
				"className":"org.junit.platform.launcher.core.EngineExecutionOrchestrator",
				"methodName":"withInterceptedStreams"
			},
			{
				"fileName":"EngineExecutionOrchestrator.java",
				"lineNumber":63,
				"className":"org.junit.platform.launcher.core.EngineExecutionOrchestrator",
				"methodName":"execute"
			},
			{
				"fileName":"DefaultLauncher.java",
				"lineNumber":109,
				"className":"org.junit.platform.launcher.core.DefaultLauncher",
				"methodName":"execute"
			},
			{
				"fileName":"DefaultLauncher.java",
				"lineNumber":91,
				"className":"org.junit.platform.launcher.core.DefaultLauncher",
				"methodName":"execute"
			},
			{
				"fileName":"DelegatingLauncher.java",
				"lineNumber":47,
				"className":"org.junit.platform.launcher.core.DelegatingLauncher",
				"methodName":"execute"
			},
			{
				"fileName":"InterceptingLauncher.java",
				"lineNumber":39,
				"className":"org.junit.platform.launcher.core.InterceptingLauncher",
				"methodName":"lambda$execute$1"
			},
			{
				"fileName":"ClasspathAlignmentCheckingLauncherInterceptor.java",
				"lineNumber":25,
				"className":"org.junit.platform.launcher.core.ClasspathAlignmentCheckingLauncherInterceptor",
				"methodName":"intercept"
			},
			{
				"fileName":"InterceptingLauncher.java",
				"lineNumber":38,
				"className":"org.junit.platform.launcher.core.InterceptingLauncher",
				"methodName":"execute"
			},
			{
				"fileName":"DelegatingLauncher.java",
				"lineNumber":47,
				"className":"org.junit.platform.launcher.core.DelegatingLauncher",
				"methodName":"execute"
			},
			{
				"fileName":"LazyLauncher.java",
				"lineNumber":56,
				"className":"org.apache.maven.surefire.junitplatform.LazyLauncher",
				"methodName":"execute"
			},
			{
				"fileName":"JUnitPlatformProvider.java",
				"lineNumber":194,
				"className":"org.apache.maven.surefire.junitplatform.JUnitPlatformProvider",
				"methodName":"execute"
			},
			{
				"fileName":"JUnitPlatformProvider.java",
				"lineNumber":150,
				"className":"org.apache.maven.surefire.junitplatform.JUnitPlatformProvider",
				"methodName":"invokeAllTests"
			},
			{
				"fileName":"JUnitPlatformProvider.java",
				"lineNumber":124,
				"className":"org.apache.maven.surefire.junitplatform.JUnitPlatformProvider",
				"methodName":"invoke"
			},
			{
				"fileName":"ForkedBooter.java",
				"lineNumber":385,
				"className":"org.apache.maven.surefire.booter.ForkedBooter",
				"methodName":"runSuitesInProcess"
			},
			{
				"fileName":"ForkedBooter.java",
				"lineNumber":162,
				"className":"org.apache.maven.surefire.booter.ForkedBooter",
				"methodName":"execute"
			},
			{
				"fileName":"ForkedBooter.java",
				"lineNumber":507,
				"className":"org.apache.maven.surefire.booter.ForkedBooter",
				"methodName":"run"
			},
			{
				"fileName":"ForkedBooter.java",
				"lineNumber":495,
				"className":"org.apache.maven.surefire.booter.ForkedBooter",
				"methodName":"main"
			}
		],
		"suppressed":[]
	}
}
{
	"ref":{"$ref":".."}
}
{
	"@type":"com.alibaba.fastjson2.codec.JSONBTableTest6$A#0",
	"@value":{
		"a":{
			"id":1001
		},
		"b":{"$ref":"$.a"}
	}
}
{
	"@type":"Cat",
	"catId":1001
}
{
	"@type":"Cat",
	"catId":1001
}
{
	"c1":{},
	"c2":{"$ref":"$.c1"}
}
{
	"c":{},
	"values":[
		{"$ref":"$.c"}
	]
}
{
	"list0":[
		{
			"id":101
		},
		{
			"id":102
		}
	],
	"list1":[
		{
			"id":201
		},
		{
			"id":202
		}
	],
	"list2":[
		{
			"id":201
		},
		{
			"id":202
		}
	]
}
{
	"@type":"com.alibaba.fastjson2.codec.JSONBTableTest2$C#0",
	"@value":{
		"list1":{
			"@type":"A#1",
			"@value":[
				{
					"id":201
				},
				{
					"id":202
				}
			]
		},
		"list2":[
			{
				"@type":"com.alibaba.fastjson2.codec.JSONBTableTest2$Item#2",
				"@value":{
					"id":301
				}
			},
			{
				"@type":"#2",
				"@value":{
					"id":302
				}
			}
		]
	}
}
{
	"@type":"com.alibaba.fastjson2.codec.JSONBTableTest8$Bean",
	"values":{
		"@type":"A",
		"@value":[
			{
				"event":{}
			},
			{
				"event":{"$ref":"$.values[0].event"}
			}
		]
	}
}
{
	"@type":"com.alibaba.fastjson2.codec.JSONBTableTest8$Bean#0",
	"@value":{
		"values":{
			"@type":"A#1",
			"@value":[
				{
					"event":{}
				},
				{"$ref":"$.values[0]"}
			]
		}
	}
}
{
	"v0001":102,
	"v0000":101,
	"v0007":108,
	"x0001":"2026-10-07 00:41:36.705453913",
	"v0006":107,
	"v0009":110,
	"x0003":"中3",
	"v0008":109,
	"x0002":"中2",
	"v0003":"104",
	"x0005":"中华人民共和国",
	"v0002":103,
	"x0004":"中4",
	"v0005":106,
	"v0004":"105"
}
bytes.length=56
bytes.length=87003
bytes.length=81
bytes3.length=174003
bytes.length=81
bytes3.length=174003
{"id":0,"name":"jobs"}
{"@type":"com.alibaba.fastjson2.codec.JSONBTableTest5$B","values":[{"id":101,"name":"DataWorks"},{"id":102,"name":"MaxCompute"}]}
{
	"@type":"JSONObject#0",
	"@value":{
		"@type":"com.alibaba.fastjson2.codec.JSONBTableTest5$B",
		"values":{
			"@type":"JSONArray#1",
			"@value":[
				{
					"@type":"#0",
					"@value":{
						"id":101,
						"name":"DataWorks"
					}
				},
				{
					"@type":"#0",
					"@value":{
						"id":102,
						"name":"MaxCompute"
					}
				}
			]
		}
	}
}
{
	"values":[
		{
			"id":101,
			"name":"DataWorks"
		},
		{
			"id":102,
			"name":"MaxCompute"
		}
	]
}
com.alibaba.fastjson2.JSONException: not support type : OBJECT_END -91, offset 55/55
	at com.alibaba.fastjson2.JSONReaderJSONB.readAny(JSONReaderJSONB.java:1031)
	at com.alibaba.fastjson2.reader.ObjectReaderImplMap.readJSONBObject(ObjectReaderImplMap.java:409)
	at com.alibaba.fastjson2.reader.ORG_1891_1_A.readJSONBObject(Unknown Source)
	at com.alibaba.fastjson2.JSONB.parseObject(JSONB.java:734)
	at com.alibaba.fastjson2.codec.JSONBTableTest5.test_d(JSONBTableTest5.java:34)
	at java.base/jdk.internal.reflect.DirectMethodHandleAccessor.invoke(DirectMethodHandleAccessor.java:104)
	at java.base/java.lang.reflect.Method.invoke(Method.java:565)
	at org.junit.platform.commons.util.ReflectionUtils.invokeMethod(ReflectionUtils.java:787)
	at org.junit.platform.commons.support.ReflectionSupport.invokeMethod(ReflectionSupport.java:478)
	at org.junit.jupiter.engine.execution.MethodInvocation.proceed(MethodInvocation.java:60)
	at org.junit.jupiter.engine.execution.InvocationInterceptorChain$ValidatingInvocation.proceed(InvocationInterceptorChain.java:131)
	at org.junit.jupiter.engine.extension.TimeoutExtension.intercept(TimeoutExtension.java:161)
	at org.junit.jupiter.engine.extension.TimeoutExtension.interceptTestableMethod(TimeoutExtension.java:152)
	at org.junit.jupiter.engine.extension.TimeoutExtension.interceptTestMethod(TimeoutExtension.java:91)
	at org.junit.jupiter.engine.execution.InterceptingExecutableInvoker$ReflectiveInterceptorCall.lambda$ofVoidMethod$0(InterceptingExecutableInvoker.java:112)
	at org.junit.jupiter.engine.execution.InterceptingExecutableInvoker.lambda$invoke$0(InterceptingExecutableInvoker.java:94)
	at org.junit.jupiter.engine.execution.InvocationInterceptorChain$InterceptedInvocation.proceed(InvocationInterceptorChain.java:106)
	at org.junit.jupiter.engine.execution.InvocationInterceptorChain.proceed(InvocationInterceptorChain.java:64)
	at org.junit.jupiter.engine.execution.InvocationInterceptorChain.chainAndInvoke(InvocationInterceptorChain.java:45)
	at org.junit.jupiter.engine.execution.InvocationInterceptorChain.invoke(InvocationInterceptorChain.java:37)
	at org.junit.jupiter.engine.execution.InterceptingExecutableInvoker.invoke(InterceptingExecutableInvoker.java:93)
	at org.junit.jupiter.engine.execution.InterceptingExecutableInvoker.invoke(InterceptingExecutableInvoker.java:87)
	at org.junit.jupiter.engine.descriptor.TestMethodTestDescriptor.lambda$invokeTestMethod$4(TestMethodTestDescriptor.java:221)
	at org.junit.platform.engine.support.hierarchical.ThrowableCollector.execute(ThrowableCollector.java:73)
	at org.junit.jupiter.engine.descriptor.TestMethodTestDescriptor.invokeTestMethod(TestMethodTestDescriptor.java:217)
	at org.junit.jupiter.engine.descriptor.TestMethodTestDescriptor.execute(TestMethodTestDescriptor.java:159)
	at org.junit.jupiter.engine.descriptor.TestMethodTestDescriptor.execute(TestMethodTestDescriptor.java:70)
	at org.junit.platform.engine.support.hierarchical.NodeTestTask.lambda$executeRecursively$6(NodeTestTask.java:157)
	at org.junit.platform.engine.support.hierarchical.ThrowableCollector.execute(ThrowableCollector.java:73)
	at org.junit.platform.engine.support.hierarchical.NodeTestTask.lambda$executeRecursively$8(NodeTestTask.java:147)
	at org.junit.platform.engine.support.hierarchical.Node.around(Node.java:137)
	at org.junit.platform.engine.support.hierarchical.NodeTestTask.lambda$executeRecursively$9(NodeTestTask.java:145)
	at org.junit.platform.engine.support.hierarchical.ThrowableCollector.execute(ThrowableCollector.java:73)
	at org.junit.platform.engine.support.hierarchical.NodeTestTask.executeRecursively(NodeTestTask.java:144)
	at org.junit.platform.engine.support.hierarchical.NodeTestTask.execute(NodeTestTask.java:101)
	at java.base/java.util.ArrayList.forEach(ArrayList.java:1604)
	at org.junit.platform.engine.support.hierarchical.SameThreadHierarchicalTestExecutorService.invokeAll(SameThreadHierarchicalTestExecutorService.java:41)
	at org.junit.platform.engine.support.hierarchical.NodeTestTask.lambda$executeRecursively$6(NodeTestTask.java:161)
	at org.junit.platform.engine.support.hierarchical.ThrowableCollector.execute(ThrowableCollector.java:73)
	at org.junit.platform.engine.support.hierarchical.NodeTestTask.lambda$executeRecursively$8(NodeTestTask.java:147)
	at org.junit.platform.engine.support.hierarchical.Node.around(Node.java:137)
	at org.junit.platform.engine.support.hierarchical.NodeTestTask.lambda$executeRecursively$9(NodeTestTask.java:145)
	at org.junit.platform.engine.support.hierarchical.ThrowableCollector.execute(ThrowableCollector.java:73)
	at org.junit.platform.engine.support.hierarchical.NodeTestTask.executeRecursively(NodeTestTask.java:144)
	at org.junit.platform.engine.support.hierarchical.NodeTestTask.execute(NodeTestTask.java:101)
	at java.base/java.util.ArrayList.forEach(ArrayList.java:1604)
	at org.junit.platform.engine.support.hierarchical.SameThreadHierarchicalTestExecutorService.invokeAll(SameThreadHierarchicalTestExecutorService.java:41)
	at org.junit.platform.engine.support.hierarchical.NodeTestTask.lambda$executeRecursively$6(NodeTestTask.java:161)
	at org.junit.platform.engine.support.hierarchical.ThrowableCollector.execute(ThrowableCollector.java:73)
	at org.junit.platform.engine.support.hierarchical.NodeTestTask.lambda$executeRecursively$8(NodeTestTask.java:147)
	at org.junit.platform.engine.support.hierarchical.Node.around(Node.java:137)
	at org.junit.platform.engine.support.hierarchical.NodeTestTask.lambda$executeRecursively$9(NodeTestTask.java:145)
	at org.junit.platform.engine.support.hierarchical.ThrowableCollector.execute(ThrowableCollector.java:73)
	at org.junit.platform.engine.support.hierarchical.NodeTestTask.executeRecursively(NodeTestTask.java:144)
	at org.junit.platform.engine.support.hierarchical.NodeTestTask.execute(NodeTestTask.java:101)
	at org.junit.platform.engine.support.hierarchical.SameThreadHierarchicalTestExecutorService.submit(SameThreadHierarchicalTestExecutorService.java:35)
	at org.junit.platform.engine.support.hierarchical.HierarchicalTestExecutor.execute(HierarchicalTestExecutor.java:57)
	at org.junit.platform.engine.support.hierarchical.HierarchicalTestEngine.execute(HierarchicalTestEngine.java:54)
	at org.junit.platform.launcher.core.EngineExecutionOrchestrator.executeEngine(EngineExecutionOrchestrator.java:230)
	at org.junit.platform.launcher.core.EngineExecutionOrchestrator.failOrExecuteEngine(EngineExecutionOrchestrator.java:204)
	at org.junit.platform.launcher.core.EngineExecutionOrchestrator.execute(EngineExecutionOrchestrator.java:172)
	at org.junit.platform.launcher.core.EngineExecutionOrchestrator.execute(EngineExecutionOrchestrator.java:101)
	at org.junit.platform.launcher.core.EngineExecutionOrchestrator.lambda$execute$0(EngineExecutionOrchestrator.java:64)
	at org.junit.platform.launcher.core.EngineExecutionOrchestrator.withInterceptedStreams(EngineExecutionOrchestrator.java:150)
	at org.junit.platform.launcher.core.EngineExecutionOrchestrator.execute(EngineExecutionOrchestrator.java:63)
	at org.junit.platform.launcher.core.DefaultLauncher.execute(DefaultLauncher.java:109)
	at org.junit.platform.launcher.core.DefaultLauncher.execute(DefaultLauncher.java:91)
	at org.junit.platform.launcher.core.DelegatingLauncher.execute(DelegatingLauncher.java:47)
	at org.junit.platform.launcher.core.InterceptingLauncher.lambda$execute$1(InterceptingLauncher.java:39)
	at org.junit.platform.launcher.core.ClasspathAlignmentCheckingLauncherInterceptor.intercept(ClasspathAlignmentCheckingLauncherInterceptor.java:25)
	at org.junit.platform.launcher.core.InterceptingLauncher.execute(InterceptingLauncher.java:38)
	at org.junit.platform.launcher.core.DelegatingLauncher.execute(DelegatingLauncher.java:47)
	at org.apache.maven.surefire.junitplatform.LazyLauncher.execute(LazyLauncher.java:56)
	at org.apache.maven.surefire.junitplatform.JUnitPlatformProvider.execute(JUnitPlatformProvider.java:194)
	at org.apache.maven.surefire.junitplatform.JUnitPlatformProvider.invokeAllTests(JUnitPlatformProvider.java:150)
	at org.apache.maven.surefire.junitplatform.JUnitPlatformProvider.invoke(JUnitPlatformProvider.java:124)
	at org.apache.maven.surefire.booter.ForkedBooter.runSuitesInProcess(ForkedBooter.java:385)
	at org.apache.maven.surefire.booter.ForkedBooter.execute(ForkedBooter.java:162)
	at org.apache.maven.surefire.booter.ForkedBooter.run(ForkedBooter.java:507)
	at org.apache.maven.surefire.booter.ForkedBooter.main(ForkedBooter.java:495)
[
	{
		"employees":[
			{
				"id":1
			},
			{
				"id":2
			},
			{
				"id":3
			}
		]
	}
]
1900-01-01	+08:05:43
1900-02-01	+08:05:43
1900-03-01	+08:05:43
1900-04-01	+08:05:43
1900-05-01	+08:05:43
1900-06-01	+08:05:43
1900-07-01	+08:05:43
1900-08-01	+08:05:43
1900-09-01	+08:05:43
1900-10-01	+08:05:43
1900-11-01	+08:05:43
1900-12-01	+08:05:43
1901-01-01	+08:00
1901-02-01	+08:00
1901-03-01	+08:00
1901-04-01	+08:00
1901-05-01	+08:00
1901-06-01	+08:00
1901-07-01	+08:00
1901-08-01	+08:00
1901-09-01	+08:00
1901-10-01	+08:00
1901-11-01	+08:00
1901-12-01	+08:00
1902-01-01	+08:00
1902-02-01	+08:00
1902-03-01	+08:00
1902-04-01	+08:00
1902-05-01	+08:00
1902-06-01	+08:00
1902-07-01	+08:00
1902-08-01	+08:00
1902-09-01	+08:00
1902-10-01	+08:00
1902-11-01	+08:00
1902-12-01	+08:00
1903-01-01	+08:00
1903-02-01	+08:00
1903-03-01	+08:00
1903-04-01	+08:00
1903-05-01	+08:00
1903-06-01	+08:00
1903-07-01	+08:00
1903-08-01	+08:00
1903-09-01	+08:00
1903-10-01	+08:00
1903-11-01	+08:00
1903-12-01	+08:00
1904-01-01	+08:00
1904-02-01	+08:00
1904-03-01	+08:00
1904-04-01	+08:00
1904-05-01	+08:00
1904-06-01	+08:00
1904-07-01	+08:00
1904-08-01	+08:00
1904-09-01	+08:00
1904-10-01	+08:00
1904-11-01	+08:00
1904-12-01	+08:00
1905-01-01	+08:00
1905-02-01	+08:00
1905-03-01	+08:00
1905-04-01	+08:00
1905-05-01	+08:00
1905-06-01	+08:00
1905-07-01	+08:00
1905-08-01	+08:00
1905-09-01	+08:00
1905-10-01	+08:00
1905-11-01	+08:00
1905-12-01	+08:00
1906-01-01	+08:00
1906-02-01	+08:00
1906-03-01	+08:00
1906-04-01	+08:00
1906-05-01	+08:00
1906-06-01	+08:00
1906-07-01	+08:00
1906-08-01	+08:00
1906-09-01	+08:00
1906-10-01	+08:00
1906-11-01	+08:00
1906-12-01	+08:00
1907-01-01	+08:00
1907-02-01	+08:00
1907-03-01	+08:00
1907-04-01	+08:00
1907-05-01	+08:00
1907-06-01	+08:00
1907-07-01	+08:00
1907-08-01	+08:00
1907-09-01	+08:00
1907-10-01	+08:00
1907-11-01	+08:00
1907-12-01	+08:00
1908-01-01	+08:00
1908-02-01	+08:00
1908-03-01	+08:00
1908-04-01	+08:00
1908-05-01	+08:00
1908-06-01	+08:00
1908-07-01	+08:00
1908-08-01	+08:00
1908-09-01	+08:00
1908-10-01	+08:00
1908-11-01	+08:00
1908-12-01	+08:00
1909-01-01	+08:00
1909-02-01	+08:00
1909-03-01	+08:00
1909-04-01	+08:00
1909-05-01	+08:00
1909-06-01	+08:00
1909-07-01	+08:00
1909-08-01	+08:00
1909-09-01	+08:00
1909-10-01	+08:00
1909-11-01	+08:00
1909-12-01	+08:00
1910-01-01	+08:00
1910-02-01	+08:00
1910-03-01	+08:00
1910-04-01	+08:00
1910-05-01	+08:00
1910-06-01	+08:00
1910-07-01	+08:00
1910-08-01	+08:00
1910-09-01	+08:00
1910-10-01	+08:00
1910-11-01	+08:00
1910-12-01	+08:00
1911-01-01	+08:00
1911-02-01	+08:00
1911-03-01	+08:00
1911-04-01	+08:00
1911-05-01	+08:00
1911-06-01	+08:00
1911-07-01	+08:00
1911-08-01	+08:00
1911-09-01	+08:00
1911-10-01	+08:00
1911-11-01	+08:00
1911-12-01	+08:00
1912-01-01	+08:00
1912-02-01	+08:00
1912-03-01	+08:00
1912-04-01	+08:00
1912-05-01	+08:00
1912-06-01	+08:00
1912-07-01	+08:00
1912-08-01	+08:00
1912-09-01	+08:00
1912-10-01	+08:00
1912-11-01	+08:00
1912-12-01	+08:00
1913-01-01	+08:00
1913-02-01	+08:00
1913-03-01	+08:00
1913-04-01	+08:00
1913-05-01	+08:00
1913-06-01	+08:00
1913-07-01	+08:00
1913-08-01	+08:00
1913-09-01	+08:00
1913-10-01	+08:00
1913-11-01	+08:00
1913-12-01	+08:00
1914-01-01	+08:00
1914-02-01	+08:00
1914-03-01	+08:00
1914-04-01	+08:00
1914-05-01	+08:00
1914-06-01	+08:00
1914-07-01	+08:00
1914-08-01	+08:00
1914-09-01	+08:00
1914-10-01	+08:00
1914-11-01	+08:00
1914-12-01	+08:00
1915-01-01	+08:00
1915-02-01	+08:00
1915-03-01	+08:00
1915-04-01	+08:00
1915-05-01	+08:00
1915-06-01	+08:00
1915-07-01	+08:00
1915-08-01	+08:00
1915-09-01	+08:00
1915-10-01	+08:00
1915-11-01	+08:00
1915-12-01	+08:00
1916-01-01	+08:00
1916-02-01	+08:00
1916-03-01	+08:00
1916-04-01	+08:00
1916-05-01	+08:00
1916-06-01	+08:00
1916-07-01	+08:00
1916-08-01	+08:00
1916-09-01	+08:00
1916-10-01	+08:00
1916-11-01	+08:00
1916-12-01	+08:00
1917-01-01	+08:00
1917-02-01	+08:00
1917-03-01	+08:00
1917-04-01	+08:00
1917-05-01	+08:00
1917-06-01	+08:00
1917-07-01	+08:00
1917-08-01	+08:00
1917-09-01	+08:00
1917-10-01	+08:00
1917-11-01	+08:00
1917-12-01	+08:00
1918-01-01	+08:00
1918-02-01	+08:00
1918-03-01	+08:00
1918-04-01	+08:00
1918-05-01	+08:00
1918-06-01	+08:00
1918-07-01	+08:00
1918-08-01	+08:00
1918-09-01	+08:00
1918-10-01	+08:00
1918-11-01	+08:00
1918-12-01	+08:00
1919-01-01	+08:00
1919-02-01	+08:00
1919-03-01	+08:00
1919-04-01	+08:00
1919-05-01	+09:00
1919-06-01	+09:00
1919-07-01	+09:00
1919-08-01	+09:00
1919-09-01	+09:00
1919-10-01	+08:00
1919-11-01	+08:00
1919-12-01	+08:00
1920-01-01	+08:00
1920-02-01	+08:00
1920-03-01	+08:00
1920-04-01	+08:00
1920-05-01	+08:00
1920-06-01	+08:00
1920-07-01	+08:00
1920-08-01	+08:00
1920-09-01	+08:00
1920-10-01	+08:00
1920-11-01	+08:00
1920-12-01	+08:00
1921-01-01	+08:00
1921-02-01	+08:00
1921-03-01	+08:00
1921-04-01	+08:00
1921-05-01	+08:00
1921-06-01	+08:00
1921-07-01	+08:00
1921-08-01	+08:00
1921-09-01	+08:00
1921-10-01	+08:00
1921-11-01	+08:00
1921-12-01	+08:00
1922-01-01	+08:00
1922-02-01	+08:00
1922-03-01	+08:00
1922-04-01	+08:00
1922-05-01	+08:00
1922-06-01	+08:00
1922-07-01	+08:00
1922-08-01	+08:00
1922-09-01	+08:00
1922-10-01	+08:00
1922-11-01	+08:00
1922-12-01	+08:00
1923-01-01	+08:00
1923-02-01	+08:00
1923-03-01	+08:00
1923-04-01	+08:00
1923-05-01	+08:00
1923-06-01	+08:00
1923-07-01	+08:00
1923-08-01	+08:00
1923-09-01	+08:00
1923-10-01	+08:00
1923-11-01	+08:00
1923-12-01	+08:00
1924-01-01	+08:00
1924-02-01	+08:00
1924-03-01	+08:00
1924-04-01	+08:00
1924-05-01	+08:00
1924-06-01	+08:00
1924-07-01	+08:00
1924-08-01	+08:00
1924-09-01	+08:00
1924-10-01	+08:00
1924-11-01	+08:00
1924-12-01	+08:00
1925-01-01	+08:00
1925-02-01	+08:00
1925-03-01	+08:00
1925-04-01	+08:00
1925-05-01	+08:00
1925-06-01	+08:00
1925-07-01	+08:00
1925-08-01	+08:00
1925-09-01	+08:00
1925-10-01	+08:00
1925-11-01	+08:00
1925-12-01	+08:00
1926-01-01	+08:00
1926-02-01	+08:00
1926-03-01	+08:00
1926-04-01	+08:00
1926-05-01	+08:00
1926-06-01	+08:00
1926-07-01	+08:00
1926-08-01	+08:00
1926-09-01	+08:00
1926-10-01	+08:00
1926-11-01	+08:00
1926-12-01	+08:00
1927-01-01	+08:00
1927-02-01	+08:00
1927-03-01	+08:00
1927-04-01	+08:00
1927-05-01	+08:00
1927-06-01	+08:00
1927-07-01	+08:00
1927-08-01	+08:00
1927-09-01	+08:00
1927-10-01	+08:00
1927-11-01	+08:00
1927-12-01	+08:00
1928-01-01	+08:00
1928-02-01	+08:00
1928-03-01	+08:00
1928-04-01	+08:00
1928-05-01	+08:00
1928-06-01	+08:00
1928-07-01	+08:00
1928-08-01	+08:00
1928-09-01	+08:00
1928-10-01	+08:00
1928-11-01	+08:00
1928-12-01	+08:00
1929-01-01	+08:00
1929-02-01	+08:00
1929-03-01	+08:00
1929-04-01	+08:00
1929-05-01	+08:00
1929-06-01	+08:00
1929-07-01	+08:00
1929-08-01	+08:00
1929-09-01	+08:00
1929-10-01	+08:00
1929-11-01	+08:00
1929-12-01	+08:00
1930-01-01	+08:00
1930-02-01	+08:00
1930-03-01	+08:00
1930-04-01	+08:00
1930-05-01	+08:00
1930-06-01	+08:00
1930-07-01	+08:00
1930-08-01	+08:00
1930-09-01	+08:00
1930-10-01	+08:00
1930-11-01	+08:00
1930-12-01	+08:00
1931-01-01	+08:00
1931-02-01	+08:00
1931-03-01	+08:00
1931-04-01	+08:00
1931-05-01	+08:00
1931-06-01	+08:00
1931-07-01	+08:00
1931-08-01	+08:00
1931-09-01	+08:00
1931-10-01	+08:00
1931-11-01	+08:00
1931-12-01	+08:00
1932-01-01	+08:00
1932-02-01	+08:00
1932-03-01	+08:00
1932-04-01	+08:00
1932-05-01	+08:00
1932-06-01	+08:00
1932-07-01	+08:00
1932-08-01	+08:00
1932-09-01	+08:00
1932-10-01	+08:00
1932-11-01	+08:00
1932-12-01	+08:00
1933-01-01	+08:00
1933-02-01	+08:00
1933-03-01	+08:00
1933-04-01	+08:00
1933-05-01	+08:00
1933-06-01	+08:00
1933-07-01	+08:00
1933-08-01	+08:00
1933-09-01	+08:00
1933-10-01	+08:00
1933-11-01	+08:00
1933-12-01	+08:00
1934-01-01	+08:00
1934-02-01	+08:00
1934-03-01	+08:00
1934-04-01	+08:00
1934-05-01	+08:00
1934-06-01	+08:00
1934-07-01	+08:00
1934-08-01	+08:00
1934-09-01	+08:00
1934-10-01	+08:00
1934-11-01	+08:00
1934-12-01	+08:00
1935-01-01	+08:00
1935-02-01	+08:00
1935-03-01	+08:00
1935-04-01	+08:00
1935-05-01	+08:00
1935-06-01	+08:00
1935-07-01	+08:00
1935-08-01	+08:00
1935-09-01	+08:00
1935-10-01	+08:00
1935-11-01	+08:00
1935-12-01	+08:00
1936-01-01	+08:00
1936-02-01	+08:00
1936-03-01	+08:00
1936-04-01	+08:00
1936-05-01	+08:00
1936-06-01	+08:00
1936-07-01	+08:00
1936-08-01	+08:00
1936-09-01	+08:00
1936-10-01	+08:00
1936-11-01	+08:00
1936-12-01	+08:00
1937-01-01	+08:00
1937-02-01	+08:00
1937-03-01	+08:00
1937-04-01	+08:00
1937-05-01	+08:00
1937-06-01	+08:00
1937-07-01	+08:00
1937-08-01	+08:00
1937-09-01	+08:00
1937-10-01	+08:00
1937-11-01	+08:00
1937-12-01	+08:00
1938-01-01	+08:00
1938-02-01	+08:00
1938-03-01	+08:00
1938-04-01	+08:00
1938-05-01	+08:00
1938-06-01	+08:00
1938-07-01	+08:00
1938-08-01	+08:00
1938-09-01	+08:00
1938-10-01	+08:00
1938-11-01	+08:00
1938-12-01	+08:00
1939-01-01	+08:00
1939-02-01	+08:00
1939-03-01	+08:00
1939-04-01	+08:00
1939-05-01	+08:00
1939-06-01	+08:00
1939-07-01	+08:00
1939-08-01	+08:00
1939-09-01	+08:00
1939-10-01	+08:00
1939-11-01	+08:00
1939-12-01	+08:00
1940-01-01	+08:00
1940-02-01	+08:00
1940-03-01	+08:00
1940-04-01	+08:00
1940-05-01	+08:00
1940-06-01	+08:00
1940-07-01	+09:00
1940-08-01	+09:00
1940-09-01	+09:00
1940-10-01	+09:00
1940-11-01	+08:00
1940-12-01	+08:00
1941-01-01	+08:00
1941-02-01	+08:00
1941-03-01	+08:00
1941-04-01	+09:00
1941-05-01	+09:00
1941-06-01	+09:00
1941-07-01	+09:00
1941-08-01	+09:00
1941-09-01	+09:00
1941-10-01	+09:00
1941-11-01	+09:00
1941-12-01	+08:00
1942-01-01	+08:00
1942-02-01	+09:00
1942-03-01	+09:00
1942-04-01	+09:00
1942-05-01	+09:00
1942-06-01	+09:00
1942-07-01	+09:00
1942-08-01	+09:00
1942-09-01	+09:00
1942-10-01	+09:00
1942-11-01	+09:00
1942-12-01	+09:00
1943-01-01	+09:00
1943-02-01	+09:00
1943-03-01	+09:00
1943-04-01	+09:00
1943-05-01	+09:00
1943-06-01	+09:00
1943-07-01	+09:00
1943-08-01	+09:00
1943-09-01	+09:00
1943-10-01	+09:00
1943-11-01	+09:00
1943-12-01	+09:00
1944-01-01	+09:00
1944-02-01	+09:00
1944-03-01	+09:00
1944-04-01	+09:00
1944-05-01	+09:00
1944-06-01	+09:00
1944-07-01	+09:00
1944-08-01	+09:00
1944-09-01	+09:00
1944-10-01	+09:00
1944-11-01	+09:00
1944-12-01	+09:00
1945-01-01	+09:00
1945-02-01	+09:00
1945-03-01	+09:00
1945-04-01	+09:00
1945-05-01	+09:00
1945-06-01	+09:00
1945-07-01	+09:00
1945-08-01	+09:00
1945-09-01	+09:00
1945-10-01	+08:00
1945-11-01	+08:00
1945-12-01	+08:00
1946-01-01	+08:00
1946-02-01	+08:00
1946-03-01	+08:00
1946-04-01	+08:00
1946-05-01	+08:00
1946-06-01	+09:00
1946-07-01	+09:00
1946-08-01	+09:00
1946-09-01	+09:00
1946-10-01	+08:00
1946-11-01	+08:00
1946-12-01	+08:00
1947-01-01	+08:00
1947-02-01	+08:00
1947-03-01	+08:00
1947-04-01	+08:00
1947-05-01	+09:00
1947-06-01	+09:00
1947-07-01	+09:00
1947-08-01	+09:00
1947-09-01	+09:00
1947-10-01	+09:00
1947-11-01	+08:00
1947-12-01	+08:00
1948-01-01	+08:00
1948-02-01	+08:00
1948-03-01	+08:00
1948-04-01	+08:00
1948-05-01	+08:00
1948-06-01	+09:00
1948-07-01	+09:00
1948-08-01	+09:00
1948-09-01	+09:00
1948-10-01	+08:00
1948-11-01	+08:00
1948-12-01	+08:00
1949-01-01	+08:00
1949-02-01	+08:00
1949-03-01	+08:00
1949-04-01	+08:00
1949-05-01	+08:00
1949-06-01	+08:00
1949-07-01	+08:00
1949-08-01	+08:00
1949-09-01	+08:00
1949-10-01	+08:00
1949-11-01	+08:00
1949-12-01	+08:00
1950-01-01	+08:00
1950-02-01	+08:00
1950-03-01	+08:00
1950-04-01	+08:00
1950-05-01	+08:00
1950-06-01	+08:00
1950-07-01	+08:00
1950-08-01	+08:00
1950-09-01	+08:00
1950-10-01	+08:00
1950-11-01	+08:00
1950-12-01	+08:00
1951-01-01	+08:00
1951-02-01	+08:00
1951-03-01	+08:00
1951-04-01	+08:00
1951-05-01	+08:00
1951-06-01	+08:00
1951-07-01	+08:00
1951-08-01	+08:00
1951-09-01	+08:00
1951-10-01	+08:00
1951-11-01	+08:00
1951-12-01	+08:00
1952-01-01	+08:00
1952-02-01	+08:00
1952-03-01	+08:00
1952-04-01	+08:00
1952-05-01	+08:00
1952-06-01	+08:00
1952-07-01	+08:00
1952-08-01	+08:00
1952-09-01	+08:00
1952-10-01	+08:00
1952-11-01	+08:00
1952-12-01	+08:00
1953-01-01	+08:00
1953-02-01	+08:00
1953-03-01	+08:00
1953-04-01	+08:00
1953-05-01	+08:00
1953-06-01	+08:00
1953-07-01	+08:00
1953-08-01	+08:00
1953-09-01	+08:00
1953-10-01	+08:00
1953-11-01	+08:00
1953-12-01	+08:00
1954-01-01	+08:00
1954-02-01	+08:00
1954-03-01	+08:00
1954-04-01	+08:00
1954-05-01	+08:00
1954-06-01	+08:00
1954-07-01	+08:00
1954-08-01	+08:00
1954-09-01	+08:00
1954-10-01	+08:00
1954-11-01	+08:00
1954-12-01	+08:00
1955-01-01	+08:00
1955-02-01	+08:00
1955-03-01	+08:00
1955-04-01	+08:00
1955-05-01	+08:00
1955-06-01	+08:00
1955-07-01	+08:00
1955-08-01	+08:00
1955-09-01	+08:00
1955-10-01	+08:00
1955-11-01	+08:00
1955-12-01	+08:00
1956-01-01	+08:00
1956-02-01	+08:00
1956-03-01	+08:00
1956-04-01	+08:00
1956-05-01	+08:00
1956-06-01	+08:00
1956-07-01	+08:00
1956-08-01	+08:00
1956-09-01	+08:00
1956-10-01	+08:00
1956-11-01	+08:00
1956-12-01	+08:00
1957-01-01	+08:00
1957-02-01	+08:00
1957-03-01	+08:00
1957-04-01	+08:00
1957-05-01	+08:00
1957-06-01	+08:00
1957-07-01	+08:00
1957-08-01	+08:00
1957-09-01	+08:00
1957-10-01	+08:00
1957-11-01	+08:00
1957-12-01	+08:00
1958-01-01	+08:00
1958-02-01	+08:00
1958-03-01	+08:00
1958-04-01	+08:00
1958-05-01	+08:00
1958-06-01	+08:00
1958-07-01	+08:00
1958-08-01	+08:00
1958-09-01	+08:00
1958-10-01	+08:00
1958-11-01	+08:00
1958-12-01	+08:00
1959-01-01	+08:00
1959-02-01	+08:00
1959-03-01	+08:00
1959-04-01	+08:00
1959-05-01	+08:00
1959-06-01	+08:00
1959-07-01	+08:00
1959-08-01	+08:00
1959-09-01	+08:00
1959-10-01	+08:00
1959-11-01	+08:00
1959-12-01	+08:00
1960-01-01	+08:00
1960-02-01	+08:00
1960-03-01	+08:00
1960-04-01	+08:00
1960-05-01	+08:00
1960-06-01	+08:00
1960-07-01	+08:00
1960-08-01	+08:00
1960-09-01	+08:00
1960-10-01	+08:00
1960-11-01	+08:00
1960-12-01	+08:00
1961-01-01	+08:00
1961-02-01	+08:00
1961-03-01	+08:00
1961-04-01	+08:00
1961-05-01	+08:00
1961-06-01	+08:00
1961-07-01	+08:00
1961-08-01	+08:00
1961-09-01	+08:00
1961-10-01	+08:00
1961-11-01	+08:00
1961-12-01	+08:00
1962-01-01	+08:00
1962-02-01	+08:00
1962-03-01	+08:00
1962-04-01	+08:00
1962-05-01	+08:00
1962-06-01	+08:00
1962-07-01	+08:00
1962-08-01	+08:00
1962-09-01	+08:00
1962-10-01	+08:00
1962-11-01	+08:00
1962-12-01	+08:00
1963-01-01	+08:00
1963-02-01	+08:00
1963-03-01	+08:00
1963-04-01	+08:00
1963-05-01	+08:00
1963-06-01	+08:00
1963-07-01	+08:00
1963-08-01	+08:00
1963-09-01	+08:00
1963-10-01	+08:00
1963-11-01	+08:00
1963-12-01	+08:00
1964-01-01	+08:00
1964-02-01	+08:00
1964-03-01	+08:00
1964-04-01	+08:00
1964-05-01	+08:00
1964-06-01	+08:00
1964-07-01	+08:00
1964-08-01	+08:00
1964-09-01	+08:00
1964-10-01	+08:00
1964-11-01	+08:00
1964-12-01	+08:00
1965-01-01	+08:00
1965-02-01	+08:00
1965-03-01	+08:00
1965-04-01	+08:00
1965-05-01	+08:00
1965-06-01	+08:00
1965-07-01	+08:00
1965-08-01	+08:00
1965-09-01	+08:00
1965-10-01	+08:00
1965-11-01	+08:00
1965-12-01	+08:00
1966-01-01	+08:00
1966-02-01	+08:00
1966-03-01	+08:00
1966-04-01	+08:00
1966-05-01	+08:00
1966-06-01	+08:00
1966-07-01	+08:00
1966-08-01	+08:00
1966-09-01	+08:00
1966-10-01	+08:00
1966-11-01	+08:00
1966-12-01	+08:00
1967-01-01	+08:00
1967-02-01	+08:00
1967-03-01	+08:00
1967-04-01	+08:00
1967-05-01	+08:00
1967-06-01	+08:00
1967-07-01	+08:00
1967-08-01	+08:00
1967-09-01	+08:00
1967-10-01	+08:00
1967-11-01	+08:00
1967-12-01	+08:00
1968-01-01	+08:00
1968-02-01	+08:00
1968-03-01	+08:00
1968-04-01	+08:00
1968-05-01	+08:00
1968-06-01	+08:00
1968-07-01	+08:00
1968-08-01	+08:00
1968-09-01	+08:00
1968-10-01	+08:00
1968-11-01	+08:00
1968-12-01	+08:00
1969-01-01	+08:00
1969-02-01	+08:00
1969-03-01	+08:00
1969-04-01	+08:00
1969-05-01	+08:00
1969-06-01	+08:00
1969-07-01	+08:00
1969-08-01	+08:00
1969-09-01	+08:00
1969-10-01	+08:00
1969-11-01	+08:00
1969-12-01	+08:00
1970-01-01	+08:00
1970-02-01	+08:00
1970-03-01	+08:00
1970-04-01	+08:00
1970-05-01	+08:00
1970-06-01	+08:00
1970-07-01	+08:00
1970-08-01	+08:00
1970-09-01	+08:00
1970-10-01	+08:00
1970-11-01	+08:00
1970-12-01	+08:00
1971-01-01	+08:00
1971-02-01	+08:00
1971-03-01	+08:00
1971-04-01	+08:00
1971-05-01	+08:00
1971-06-01	+08:00
1971-07-01	+08:00
1971-08-01	+08:00
1971-09-01	+08:00
1971-10-01	+08:00
1971-11-01	+08:00
1971-12-01	+08:00
1972-01-01	+08:00
1972-02-01	+08:00
1972-03-01	+08:00
1972-04-01	+08:00
1972-05-01	+08:00
1972-06-01	+08:00
1972-07-01	+08:00
1972-08-01	+08:00
1972-09-01	+08:00
1972-10-01	+08:00
1972-11-01	+08:00
1972-12-01	+08:00
1973-01-01	+08:00
1973-02-01	+08:00
1973-03-01	+08:00
1973-04-01	+08:00
1973-05-01	+08:00
1973-06-01	+08:00
1973-07-01	+08:00
1973-08-01	+08:00
1973-09-01	+08:00
1973-10-01	+08:00
1973-11-01	+08:00
1973-12-01	+08:00
1974-01-01	+08:00
1974-02-01	+08:00
1974-03-01	+08:00
1974-04-01	+08:00
1974-05-01	+08:00
1974-06-01	+08:00
1974-07-01	+08:00
1974-08-01	+08:00
1974-09-01	+08:00
1974-10-01	+08:00
1974-11-01	+08:00
1974-12-01	+08:00
1975-01-01	+08:00
1975-02-01	+08:00
1975-03-01	+08:00
1975-04-01	+08:00
1975-05-01	+08:00
1975-06-01	+08:00
1975-07-01	+08:00
1975-08-01	+08:00
1975-09-01	+08:00
1975-10-01	+08:00
1975-11-01	+08:00
1975-12-01	+08:00
1976-01-01	+08:00
1976-02-01	+08:00
1976-03-01	+08:00
1976-04-01	+08:00
1976-05-01	+08:00
1976-06-01	+08:00
1976-07-01	+08:00
1976-08-01	+08:00
1976-09-01	+08:00
1976-10-01	+08:00
1976-11-01	+08:00
1976-12-01	+08:00
1977-01-01	+08:00
1977-02-01	+08:00
1977-03-01	+08:00
1977-04-01	+08:00
1977-05-01	+08:00
1977-06-01	+08:00
1977-07-01	+08:00
1977-08-01	+08:00
1977-09-01	+08:00
1977-10-01	+08:00
1977-11-01	+08:00
1977-12-01	+08:00
1978-01-01	+08:00
1978-02-01	+08:00
1978-03-01	+08:00
1978-04-01	+08:00
1978-05-01	+08:00
1978-06-01	+08:00
1978-07-01	+08:00
1978-08-01	+08:00
1978-09-01	+08:00
1978-10-01	+08:00
1978-11-01	+08:00
1978-12-01	+08:00
1979-01-01	+08:00
1979-02-01	+08:00
1979-03-01	+08:00
1979-04-01	+08:00
1979-05-01	+08:00
1979-06-01	+08:00
1979-07-01	+08:00
1979-08-01	+08:00
1979-09-01	+08:00
1979-10-01	+08:00
1979-11-01	+08:00
1979-12-01	+08:00
1980-01-01	+08:00
1980-02-01	+08:00
1980-03-01	+08:00
1980-04-01	+08:00
1980-05-01	+08:00
1980-06-01	+08:00
1980-07-01	+08:00
1980-08-01	+08:00
1980-09-01	+08:00
1980-10-01	+08:00
1980-11-01	+08:00
1980-12-01	+08:00
1981-01-01	+08:00
1981-02-01	+08:00
1981-03-01	+08:00
1981-04-01	+08:00
1981-05-01	+08:00
1981-06-01	+08:00
1981-07-01	+08:00
1981-08-01	+08:00
1981-09-01	+08:00
1981-10-01	+08:00
1981-11-01	+08:00
1981-12-01	+08:00
1982-01-01	+08:00
1982-02-01	+08:00
1982-03-01	+08:00
1982-04-01	+08:00
1982-05-01	+08:00
1982-06-01	+08:00
1982-07-01	+08:00
1982-08-01	+08:00
1982-09-01	+08:00
1982-10-01	+08:00
1982-11-01	+08:00
1982-12-01	+08:00
1983-01-01	+08:00
1983-02-01	+08:00
1983-03-01	+08:00
1983-04-01	+08:00
1983-05-01	+08:00
1983-06-01	+08:00
1983-07-01	+08:00
1983-08-01	+08:00
1983-09-01	+08:00
1983-10-01	+08:00
1983-11-01	+08:00
1983-12-01	+08:00
1984-01-01	+08:00
1984-02-01	+08:00
1984-03-01	+08:00
1984-04-01	+08:00
1984-05-01	+08:00
1984-06-01	+08:00
1984-07-01	+08:00
1984-08-01	+08:00
1984-09-01	+08:00
1984-10-01	+08:00
1984-11-01	+08:00
1984-12-01	+08:00
1985-01-01	+08:00
1985-02-01	+08:00
1985-03-01	+08:00
1985-04-01	+08:00
1985-05-01	+08:00
1985-06-01	+08:00
1985-07-01	+08:00
1985-08-01	+08:00
1985-09-01	+08:00
1985-10-01	+08:00
1985-11-01	+08:00
1985-12-01	+08:00
1986-01-01	+08:00
1986-02-01	+08:00
1986-03-01	+08:00
1986-04-01	+08:00
1986-05-01	+08:00
1986-06-01	+09:00
1986-07-01	+09:00
1986-08-01	+09:00
1986-09-01	+09:00
1986-10-01	+08:00
1986-11-01	+08:00
1986-12-01	+08:00
1987-01-01	+08:00
1987-02-01	+08:00
1987-03-01	+08:00
1987-04-01	+08:00
1987-05-01	+09:00
1987-06-01	+09:00
1987-07-01	+09:00
1987-08-01	+09:00
1987-09-01	+09:00
1987-10-01	+08:00
1987-11-01	+08:00
1987-12-01	+08:00
1988-01-01	+08:00
1988-02-01	+08:00
1988-03-01	+08:00
1988-04-01	+08:00
1988-05-01	+09:00
1988-06-01	+09:00
1988-07-01	+09:00
1988-08-01	+09:00
1988-09-01	+09:00
1988-10-01	+08:00
1988-11-01	+08:00
1988-12-01	+08:00
1989-01-01	+08:00
1989-02-01	+08:00
1989-03-01	+08:00
1989-04-01	+08:00
1989-05-01	+09:00
1989-06-01	+09:00
1989-07-01	+09:00
1989-08-01	+09:00
1989-09-01	+09:00
1989-10-01	+08:00
1989-11-01	+08:00
1989-12-01	+08:00
1990-01-01	+08:00
1990-02-01	+08:00
1990-03-01	+08:00
1990-04-01	+08:00
1990-05-01	+09:00
1990-06-01	+09:00
1990-07-01	+09:00
1990-08-01	+09:00
1990-09-01	+09:00
1990-10-01	+08:00
1990-11-01	+08:00
1990-12-01	+08:00
1991-01-01	+08:00
1991-02-01	+08:00
1991-03-01	+08:00
1991-04-01	+08:00
1991-05-01	+09:00
1991-06-01	+09:00
1991-07-01	+09:00
1991-08-01	+09:00
1991-09-01	+09:00
1991-10-01	+08:00
1991-11-01	+08:00
1991-12-01	+08:00
1992-01-01	+08:00
1992-02-01	+08:00
1992-03-01	+08:00
1992-04-01	+08:00
1992-05-01	+08:00
1992-06-01	+08:00
1992-07-01	+08:00
1992-08-01	+08:00
1992-09-01	+08:00
1992-10-01	+08:00
1992-11-01	+08:00
1992-12-01	+08:00
1993-01-01	+08:00
1993-02-01	+08:00
1993-03-01	+08:00
1993-04-01	+08:00
1993-05-01	+08:00
1993-06-01	+08:00
1993-07-01	+08:00
1993-08-01	+08:00
1993-09-01	+08:00
1993-10-01	+08:00
1993-11-01	+08:00
1993-12-01	+08:00
1994-01-01	+08:00
1994-02-01	+08:00
1994-03-01	+08:00
1994-04-01	+08:00
1994-05-01	+08:00
1994-06-01	+08:00
1994-07-01	+08:00
1994-08-01	+08:00
1994-09-01	+08:00
1994-10-01	+08:00
1994-11-01	+08:00
1994-12-01	+08:00
1995-01-01	+08:00
1995-02-01	+08:00
1995-03-01	+08:00
1995-04-01	+08:00
1995-05-01	+08:00
1995-06-01	+08:00
1995-07-01	+08:00
1995-08-01	+08:00
1995-09-01	+08:00
1995-10-01	+08:00
1995-11-01	+08:00
1995-12-01	+08:00
1996-01-01	+08:00
1996-02-01	+08:00
1996-03-01	+08:00
1996-04-01	+08:00
1996-05-01	+08:00
1996-06-01	+08:00
1996-07-01	+08:00
1996-08-01	+08:00
1996-09-01	+08:00
1996-10-01	+08:00
1996-11-01	+08:00
1996-12-01	+08:00
1997-01-01	+08:00
1997-02-01	+08:00
1997-03-01	+08:00
1997-04-01	+08:00
1997-05-01	+08:00
1997-06-01	+08:00
1997-07-01	+08:00
1997-08-01	+08:00
1997-09-01	+08:00
1997-10-01	+08:00
1997-11-01	+08:00
1997-12-01	+08:00
1998-01-01	+08:00
1998-02-01	+08:00
1998-03-01	+08:00
1998-04-01	+08:00
1998-05-01	+08:00
1998-06-01	+08:00
1998-07-01	+08:00
1998-08-01	+08:00
1998-09-01	+08:00
1998-10-01	+08:00
1998-11-01	+08:00
1998-12-01	+08:00
1999-01-01	+08:00
1999-02-01	+08:00
1999-03-01	+08:00
1999-04-01	+08:00
1999-05-01	+08:00
1999-06-01	+08:00
1999-07-01	+08:00
1999-08-01	+08:00
1999-09-01	+08:00
1999-10-01	+08:00
1999-11-01	+08:00
1999-12-01	+08:00
{
	"@type":"com.alibaba.fastjson2.issues_2300.Issue2392$Bean",
	"value":{
		"@type":"kotlin.collections.EmptyList",
		"@value":[]
	}
}
{"testField":"My Test"}
{"n0":null,"n1":"1","s0":"","s1":"noear"}
{"v":6.805646932770577E38}
805893125
[Value2{val=1, v_al=2}, Value2{val=2, v_al=2}, Value2{val=3, v_al=2}]  
{"data":{"key1":"value1","key2":"value2"},"success":false}
{"data":["key1","key2"],"success":false}
com.alibaba.fastjson2.JSONException: illegal number, offset 25, char }
	at com.alibaba.fastjson2.JSONReader.numberError(JSONReader.java:6770)
	at com.alibaba.fastjson2.JSONReader.getInt64Value(JSONReader.java:2050)
	at com.alibaba.fastjson2.JSONReader.readInt64ValueOverflow(JSONReader.java:1933)
	at com.alibaba.fastjson2.JSONReaderUTF8.readInt64Value(JSONReaderUTF8.java:3757)
	at com.alibaba.fastjson2.reader.ORG_2077_1_LongVal.readObject(Unknown Source)
	at com.alibaba.fastjson2.JSON.parseObject(JSON.java:992)
	at com.alibaba.fastjson2.v1issues.issue_1400.Issue1423.test_for_issue(Issue1423.java:17)
	at java.base/jdk.internal.reflect.DirectMethodHandleAccessor.invoke(DirectMethodHandleAccessor.java:104)
	at java.base/java.lang.reflect.Method.invoke(Method.java:565)
	at org.junit.platform.commons.util.ReflectionUtils.invokeMethod(ReflectionUtils.java:787)
	at org.junit.platform.commons.support.ReflectionSupport.invokeMethod(ReflectionSupport.java:478)
	at org.junit.jupiter.engine.execution.MethodInvocation.proceed(MethodInvocation.java:60)
	at org.junit.jupiter.engine.execution.InvocationInterceptorChain$ValidatingInvocation.proceed(InvocationInterceptorChain.java:131)
	at org.junit.jupiter.engine.extension.TimeoutExtension.intercept(TimeoutExtension.java:161)
	at org.junit.jupiter.engine.extension.TimeoutExtension.interceptTestableMethod(TimeoutExtension.java:152)
	at org.junit.jupiter.engine.extension.TimeoutExtension.interceptTestMethod(TimeoutExtension.java:91)
	at org.junit.jupiter.engine.execution.InterceptingExecutableInvoker$ReflectiveInterceptorCall.lambda$ofVoidMethod$0(InterceptingExecutableInvoker.java:112)
	at org.junit.jupiter.engine.execution.InterceptingExecutableInvoker.lambda$invoke$0(InterceptingExecutableInvoker.java:94)
	at org.junit.jupiter.engine.execution.InvocationInterceptorChain$InterceptedInvocation.proceed(InvocationInterceptorChain.java:106)
	at org.junit.jupiter.engine.execution.InvocationInterceptorChain.proceed(InvocationInterceptorChain.java:64)
	at org.junit.jupiter.engine.execution.InvocationInterceptorChain.chainAndInvoke(InvocationInterceptorChain.java:45)
	at org.junit.jupiter.engine.execution.InvocationInterceptorChain.invoke(InvocationInterceptorChain.java:37)
	at org.junit.jupiter.engine.execution.InterceptingExecutableInvoker.invoke(InterceptingExecutableInvoker.java:93)
	at org.junit.jupiter.engine.execution.InterceptingExecutableInvoker.invoke(InterceptingExecutableInvoker.java:87)
	at org.junit.jupiter.engine.descriptor.TestMethodTestDescriptor.lambda$invokeTestMethod$4(TestMethodTestDescriptor.java:221)
	at org.junit.platform.engine.support.hierarchical.ThrowableCollector.execute(ThrowableCollector.java:73)
	at org.junit.jupiter.engine.descriptor.TestMethodTestDescriptor.invokeTestMethod(TestMethodTestDescriptor.java:217)
	at org.junit.jupiter.engine.descriptor.TestMethodTestDescriptor.execute(TestMethodTestDescriptor.java:159)
	at org.junit.jupiter.engine.descriptor.TestMethodTestDescriptor.execute(TestMethodTestDescriptor.java:70)
	at org.junit.platform.engine.support.hierarchical.NodeTestTask.lambda$executeRecursively$6(NodeTestTask.java:157)
	at org.junit.platform.engine.support.hierarchical.ThrowableCollector.execute(ThrowableCollector.java:73)
	at org.junit.platform.engine.support.hierarchical.NodeTestTask.lambda$executeRecursively$8(NodeTestTask.java:147)
	at org.junit.platform.engine.support.hierarchical.Node.around(Node.java:137)
	at org.junit.platform.engine.support.hierarchical.NodeTestTask.lambda$executeRecursively$9(NodeTestTask.java:145)
	at org.junit.platform.engine.support.hierarchical.ThrowableCollector.execute(ThrowableCollector.java:73)
	at org.junit.platform.engine.support.hierarchical.NodeTestTask.executeRecursively(NodeTestTask.java:144)
	at org.junit.platform.engine.support.hierarchical.NodeTestTask.execute(NodeTestTask.java:101)
	at java.base/java.util.ArrayList.forEach(ArrayList.java:1604)
	at org.junit.platform.engine.support.hierarchical.SameThreadHierarchicalTestExecutorService.invokeAll(SameThreadHierarchicalTestExecutorService.java:41)
	at org.junit.platform.engine.support.hierarchical.NodeTestTask.lambda$executeRecursively$6(NodeTestTask.java:161)
	at org.junit.platform.engine.support.hierarchical.ThrowableCollector.execute(ThrowableCollector.java:73)
	at org.junit.platform.engine.support.hierarchical.NodeTestTask.lambda$executeRecursively$8(NodeTestTask.java:147)
	at org.junit.platform.engine.support.hierarchical.Node.around(Node.java:137)
	at org.junit.platform.engine.support.hierarchical.NodeTestTask.lambda$executeRecursively$9(NodeTestTask.java:145)
	at org.junit.platform.engine.support.hierarchical.ThrowableCollector.execute(ThrowableCollector.java:73)
	at org.junit.platform.engine.support.hierarchical.NodeTestTask.executeRecursively(NodeTestTask.java:144)
	at org.junit.platform.engine.support.hierarchical.NodeTestTask.execute(NodeTestTask.java:101)
	at java.base/java.util.ArrayList.forEach(ArrayList.java:1604)
	at org.junit.platform.engine.support.hierarchical.SameThreadHierarchicalTestExecutorService.invokeAll(SameThreadHierarchicalTestExecutorService.java:41)
	at org.junit.platform.engine.support.hierarchical.NodeTestTask.lambda$executeRecursively$6(NodeTestTask.java:161)
	at org.junit.platform.engine.support.hierarchical.ThrowableCollector.execute(ThrowableCollector.java:73)
	at org.junit.platform.engine.support.hierarchical.NodeTestTask.lambda$executeRecursively$8(NodeTestTask.java:147)
	at org.junit.platform.engine.support.hierarchical.Node.around(Node.java:137)
	at org.junit.platform.engine.support.hierarchical.NodeTestTask.lambda$executeRecursively$9(NodeTestTask.java:145)
	at org.junit.platform.engine.support.hierarchical.ThrowableCollector.execute(ThrowableCollector.java:73)
	at org.junit.platform.engine.support.hierarchical.NodeTestTask.executeRecursively(NodeTestTask.java:144)
	at org.junit.platform.engine.support.hierarchical.NodeTestTask.execute(NodeTestTask.java:101)
	at org.junit.platform.engine.support.hierarchical.SameThreadHierarchicalTestExecutorService.submit(SameThreadHierarchicalTestExecutorService.java:35)
	at org.junit.platform.engine.support.hierarchical.HierarchicalTestExecutor.execute(HierarchicalTestExecutor.java:57)
	at org.junit.platform.engine.support.hierarchical.HierarchicalTestEngine.execute(HierarchicalTestEngine.java:54)
	at org.junit.platform.launcher.core.EngineExecutionOrchestrator.executeEngine(EngineExecutionOrchestrator.java:230)
	at org.junit.platform.launcher.core.EngineExecutionOrchestrator.failOrExecuteEngine(EngineExecutionOrchestrator.java:204)
	at org.junit.platform.launcher.core.EngineExecutionOrchestrator.execute(EngineExecutionOrchestrator.java:172)
	at org.junit.platform.launcher.core.EngineExecutionOrchestrator.execute(EngineExecutionOrchestrator.java:101)
	at org.junit.platform.launcher.core.EngineExecutionOrchestrator.lambda$execute$0(EngineExecutionOrchestrator.java:64)
	at org.junit.platform.launcher.core.EngineExecutionOrchestrator.withInterceptedStreams(EngineExecutionOrchestrator.java:150)
	at org.junit.platform.launcher.core.EngineExecutionOrchestrator.execute(EngineExecutionOrchestrator.java:63)
	at org.junit.platform.launcher.core.DefaultLauncher.execute(DefaultLauncher.java:109)
	at org.junit.platform.launcher.core.DefaultLauncher.execute(DefaultLauncher.java:91)
	at org.junit.platform.launcher.core.DelegatingLauncher.execute(DelegatingLauncher.java:47)
	at org.junit.platform.launcher.core.InterceptingLauncher.lambda$execute$1(InterceptingLauncher.java:39)
	at org.junit.platform.launcher.core.ClasspathAlignmentCheckingLauncherInterceptor.intercept(ClasspathAlignmentCheckingLauncherInterceptor.java:25)
	at org.junit.platform.launcher.core.InterceptingLauncher.execute(InterceptingLauncher.java:38)
	at org.junit.platform.launcher.core.DelegatingLauncher.execute(DelegatingLauncher.java:47)
	at org.apache.maven.surefire.junitplatform.LazyLauncher.execute(LazyLauncher.java:56)
	at org.apache.maven.surefire.junitplatform.JUnitPlatformProvider.execute(JUnitPlatformProvider.java:194)
	at org.apache.maven.surefire.junitplatform.JUnitPlatformProvider.invokeAllTests(JUnitPlatformProvider.java:150)
	at org.apache.maven.surefire.junitplatform.JUnitPlatformProvider.invoke(JUnitPlatformProvider.java:124)
	at org.apache.maven.surefire.booter.ForkedBooter.runSuitesInProcess(ForkedBooter.java:385)
	at org.apache.maven.surefire.booter.ForkedBooter.execute(ForkedBooter.java:162)
	at org.apache.maven.surefire.booter.ForkedBooter.run(ForkedBooter.java:507)
	at org.apache.maven.surefire.booter.ForkedBooter.main(ForkedBooter.java:495)
com.alibaba.fastjson2.JSONException: illegal number, offset 25, char }
	at com.alibaba.fastjson2.JSONReader.numberError(JSONReader.java:6770)
	at com.alibaba.fastjson2.JSONReader.getInt64Value(JSONReader.java:2050)
	at com.alibaba.fastjson2.JSONReader.readInt64ValueOverflow(JSONReader.java:1933)
	at com.alibaba.fastjson2.JSONReaderUTF8.readInt64Value(JSONReaderUTF8.java:3757)
	at com.alibaba.fastjson2.reader.ORG_2077_1_LongVal.readObject(Unknown Source)
	at com.alibaba.fastjson2.JSON.parseObject(JSON.java:992)
	at com.alibaba.fastjson2.v1issues.issue_1400.Issue1423.test_for_issue(Issue1423.java:17)
	at java.base/jdk.internal.reflect.DirectMethodHandleAccessor.invoke(DirectMethodHandleAccessor.java:104)
	at java.base/java.lang.reflect.Method.invoke(Method.java:565)
	at org.junit.platform.commons.util.ReflectionUtils.invokeMethod(ReflectionUtils.java:787)
	at org.junit.platform.commons.support.ReflectionSupport.invokeMethod(ReflectionSupport.java:478)
	at org.junit.jupiter.engine.execution.MethodInvocation.proceed(MethodInvocation.java:60)
	at org.junit.jupiter.engine.execution.InvocationInterceptorChain$ValidatingInvocation.proceed(InvocationInterceptorChain.java:131)
	at org.junit.jupiter.engine.extension.TimeoutExtension.intercept(TimeoutExtension.java:161)
	at org.junit.jupiter.engine.extension.TimeoutExtension.interceptTestableMethod(TimeoutExtension.java:152)
	at org.junit.jupiter.engine.extension.TimeoutExtension.interceptTestMethod(TimeoutExtension.java:91)
	at org.junit.jupiter.engine.execution.InterceptingExecutableInvoker$ReflectiveInterceptorCall.lambda$ofVoidMethod$0(InterceptingExecutableInvoker.java:112)
	at org.junit.jupiter.engine.execution.InterceptingExecutableInvoker.lambda$invoke$0(InterceptingExecutableInvoker.java:94)
	at org.junit.jupiter.engine.execution.InvocationInterceptorChain$InterceptedInvocation.proceed(InvocationInterceptorChain.java:106)
	at org.junit.jupiter.engine.execution.InvocationInterceptorChain.proceed(InvocationInterceptorChain.java:64)
	at org.junit.jupiter.engine.execution.InvocationInterceptorChain.chainAndInvoke(InvocationInterceptorChain.java:45)
	at org.junit.jupiter.engine.execution.InvocationInterceptorChain.invoke(InvocationInterceptorChain.java:37)
	at org.junit.jupiter.engine.execution.InterceptingExecutableInvoker.invoke(InterceptingExecutableInvoker.java:93)
	at org.junit.jupiter.engine.execution.InterceptingExecutableInvoker.invoke(InterceptingExecutableInvoker.java:87)
	at org.junit.jupiter.engine.descriptor.TestMethodTestDescriptor.lambda$invokeTestMethod$4(TestMethodTestDescriptor.java:221)
	at org.junit.platform.engine.support.hierarchical.ThrowableCollector.execute(ThrowableCollector.java:73)
	at org.junit.jupiter.engine.descriptor.TestMethodTestDescriptor.invokeTestMethod(TestMethodTestDescriptor.java:217)
	at org.junit.jupiter.engine.descriptor.TestMethodTestDescriptor.execute(TestMethodTestDescriptor.java:159)
	at org.junit.jupiter.engine.descriptor.TestMethodTestDescriptor.execute(TestMethodTestDescriptor.java:70)
	at org.junit.platform.engine.support.hierarchical.NodeTestTask.lambda$executeRecursively$6(NodeTestTask.java:157)
	at org.junit.platform.engine.support.hierarchical.ThrowableCollector.execute(ThrowableCollector.java:73)
	at org.junit.platform.engine.support.hierarchical.NodeTestTask.lambda$executeRecursively$8(NodeTestTask.java:147)
	at org.junit.platform.engine.support.hierarchical.Node.around(Node.java:137)
	at org.junit.platform.engine.support.hierarchical.NodeTestTask.lambda$executeRecursively$9(NodeTestTask.java:145)
	at org.junit.platform.engine.support.hierarchical.ThrowableCollector.execute(ThrowableCollector.java:73)
	at org.junit.platform.engine.support.hierarchical.NodeTestTask.executeRecursively(NodeTestTask.java:144)
	at org.junit.platform.engine.support.hierarchical.NodeTestTask.execute(NodeTestTask.java:101)
	at java.base/java.util.ArrayList.forEach(ArrayList.java:1604)
	at org.junit.platform.engine.support.hierarchical.SameThreadHierarchicalTestExecutorService.invokeAll(SameThreadHierarchicalTestExecutorService.java:41)
	at org.junit.platform.engine.support.hierarchical.NodeTestTask.lambda$executeRecursively$6(NodeTestTask.java:161)
	at org.junit.platform.engine.support.hierarchical.ThrowableCollector.execute(ThrowableCollector.java:73)
	at org.junit.platform.engine.support.hierarchical.NodeTestTask.lambda$executeRecursively$8(NodeTestTask.java:147)
	at org.junit.platform.engine.support.hierarchical.Node.around(Node.java:137)
	at org.junit.platform.engine.support.hierarchical.NodeTestTask.lambda$executeRecursively$9(NodeTestTask.java:145)
	at org.junit.platform.engine.support.hierarchical.ThrowableCollector.execute(ThrowableCollector.java:73)
	at org.junit.platform.engine.support.hierarchical.NodeTestTask.executeRecursively(NodeTestTask.java:144)
	at org.junit.platform.engine.support.hierarchical.NodeTestTask.execute(NodeTestTask.java:101)
	at java.base/java.util.ArrayList.forEach(ArrayList.java:1604)
	at org.junit.platform.engine.support.hierarchical.SameThreadHierarchicalTestExecutorService.invokeAll(SameThreadHierarchicalTestExecutorService.java:41)
	at org.junit.platform.engine.support.hierarchical.NodeTestTask.lambda$executeRecursively$6(NodeTestTask.java:161)
	at org.junit.platform.engine.support.hierarchical.ThrowableCollector.execute(ThrowableCollector.java:73)
	at org.junit.platform.engine.support.hierarchical.NodeTestTask.lambda$executeRecursively$8(NodeTestTask.java:147)
	at org.junit.platform.engine.support.hierarchical.Node.around(Node.java:137)
	at org.junit.platform.engine.support.hierarchical.NodeTestTask.lambda$executeRecursively$9(NodeTestTask.java:145)
	at org.junit.platform.engine.support.hierarchical.ThrowableCollector.execute(ThrowableCollector.java:73)
	at org.junit.platform.engine.support.hierarchical.NodeTestTask.executeRecursively(NodeTestTask.java:144)
	at org.junit.platform.engine.support.hierarchical.NodeTestTask.execute(NodeTestTask.java:101)
	at org.junit.platform.engine.support.hierarchical.SameThreadHierarchicalTestExecutorService.submit(SameThreadHierarchicalTestExecutorService.java:35)
	at org.junit.platform.engine.support.hierarchical.HierarchicalTestExecutor.execute(HierarchicalTestExecutor.java:57)
	at org.junit.platform.engine.support.hierarchical.HierarchicalTestEngine.execute(HierarchicalTestEngine.java:54)
	at org.junit.platform.launcher.core.EngineExecutionOrchestrator.executeEngine(EngineExecutionOrchestrator.java:230)
	at org.junit.platform.launcher.core.EngineExecutionOrchestrator.failOrExecuteEngine(EngineExecutionOrchestrator.java:204)
	at org.junit.platform.launcher.core.EngineExecutionOrchestrator.execute(EngineExecutionOrchestrator.java:172)
	at org.junit.platform.launcher.core.EngineExecutionOrchestrator.execute(EngineExecutionOrchestrator.java:101)
	at org.junit.platform.launcher.core.EngineExecutionOrchestrator.lambda$execute$0(EngineExecutionOrchestrator.java:64)
	at org.junit.platform.launcher.core.EngineExecutionOrchestrator.withInterceptedStreams(EngineExecutionOrchestrator.java:150)
	at org.junit.platform.launcher.core.EngineExecutionOrchestrator.execute(EngineExecutionOrchestrator.java:63)
	at org.junit.platform.launcher.core.DefaultLauncher.execute(DefaultLauncher.java:109)
	at org.junit.platform.launcher.core.DefaultLauncher.execute(DefaultLauncher.java:91)
	at org.junit.platform.launcher.core.DelegatingLauncher.execute(DelegatingLauncher.java:47)
	at org.junit.platform.launcher.core.InterceptingLauncher.lambda$execute$1(InterceptingLauncher.java:39)
	at org.junit.platform.launcher.core.ClasspathAlignmentCheckingLauncherInterceptor.intercept(ClasspathAlignmentCheckingLauncherInterceptor.java:25)
	at org.junit.platform.launcher.core.InterceptingLauncher.execute(InterceptingLauncher.java:38)
	at org.junit.platform.launcher.core.DelegatingLauncher.execute(DelegatingLauncher.java:47)
	at org.apache.maven.surefire.junitplatform.LazyLauncher.execute(LazyLauncher.java:56)
	at org.apache.maven.surefire.junitplatform.JUnitPlatformProvider.execute(JUnitPlatformProvider.java:194)
	at org.apache.maven.surefire.junitplatform.JUnitPlatformProvider.invokeAllTests(JUnitPlatformProvider.java:150)
	at org.apache.maven.surefire.junitplatform.JUnitPlatformProvider.invoke(JUnitPlatformProvider.java:124)
	at org.apache.maven.surefire.booter.ForkedBooter.runSuitesInProcess(ForkedBooter.java:385)
	at org.apache.maven.surefire.booter.ForkedBooter.execute(ForkedBooter.java:162)
	at org.apache.maven.surefire.booter.ForkedBooter.run(ForkedBooter.java:507)
	at org.apache.maven.surefire.booter.ForkedBooter.main(ForkedBooter.java:495)
{"code":"A001","name":"测试"}
{"model":{"age":30,"rowIndex":1},"sampleNum":"22B00123"}
{"test":"2017-11-17T00:00:00+08:00"}
{"test":"2017-11-17T00:00:00+08:00"}
[{"map3":["list0","list1"]},{"map2":["list0","list1"]},{"map1":["list0","list1"]},{"map0":["list0","list1"]},{"map7":["list0","list1"]},{"map6":["list0","list1"]},{"map5":["list0","list1"]},{"map4":["list0","list1"]},{"map9":["list0","list1"]},{"map8":["list0","list1"]}]
[map3=[list0, list1], map2=[list0, list1], map1=[list0, list1], map0=[list0, list1], map7=[list0, list1], map6=[list0, list1], map5=[list0, list1], map4=[list0, list1], map9=[list0, list1], map8=[list0, list1]]
{"@type":"com.alibaba.fastjson2.v1issues.issue_1500.Issue1556$ApiResult","code":0,"data":{"@type":"com.alibaba.fastjson2.v1issues.issue_1500.Issue1556$ClassForData","dataName":"dataname","first":{"addr":"It is addr","commonInfo":{"demoDate":"2026-10-07 00:41:37.964"}},"second":{"commonInfo":{"demoDate":"2026-10-07 00:41:37.964"},"name":"It is name"}},"msg":"Success"}
{"@type":"com.alibaba.fastjson2.v1issues.issue_1500.Issue1556$ApiResult","code":0,"data":{"@type":"com.alibaba.fastjson2.v1issues.issue_1500.Issue1556$ClassForData","dataName":"dataname","first":{"addr":"It is addr","commonInfo":{"demoDate":"2026-10-07 00:41:37.964"}},"second":{"commonInfo":{"demoDate":"2026-10-07 00:41:37.964"},"name":"It is name"}},"msg":"Success"}
WARNING: Use of the three-letter time zone ID "AST" is deprecated and it will be removed in a future release
WARNING: Use of the three-letter time zone ID "NST" is deprecated and it will be removed in a future release
WARNING: Use of the three-letter time zone ID "HST" is deprecated and it will be removed in a future release
WARNING: Use of the three-letter time zone ID "ACT" is deprecated and it will be removed in a future release
WARNING: Use of the three-letter time zone ID "BST" is deprecated and it will be removed in a future release
WARNING: Use of the three-letter time zone ID "AET" is deprecated and it will be removed in a future release
WARNING: Use of the three-letter time zone ID "IST" is deprecated and it will be removed in a future release
WARNING: Use of the three-letter time zone ID "CST" is deprecated and it will be removed in a future release
WARNING: Use of the three-letter time zone ID "NET" is deprecated and it will be removed in a future release
WARNING: Use of the three-letter time zone ID "AGT" is deprecated and it will be removed in a future release
WARNING: Use of the three-letter time zone ID "CAT" is deprecated and it will be removed in a future release
WARNING: Use of the three-letter time zone ID "MIT" is deprecated and it will be removed in a future release
WARNING: Use of the three-letter time zone ID "BET" is deprecated and it will be removed in a future release
WARNING: Use of the three-letter time zone ID "PST" is deprecated and it will be removed in a future release
WARNING: Use of the three-letter time zone ID "ART" is deprecated and it will be removed in a future release
WARNING: Use of the three-letter time zone ID "JST" is deprecated and it will be removed in a future release
WARNING: Use of the three-letter time zone ID "VST" is deprecated and it will be removed in a future release
WARNING: Use of the three-letter time zone ID "IET" is deprecated and it will be removed in a future release
WARNING: Use of the three-letter time zone ID "CNT" is deprecated and it will be removed in a future release
WARNING: Use of the three-letter time zone ID "PLT" is deprecated and it will be removed in a future release
WARNING: Use of the three-letter time zone ID "PNT" is deprecated and it will be removed in a future release
WARNING: Use of the three-letter time zone ID "EST" is deprecated and it will be removed in a future release
WARNING: Use of the three-letter time zone ID "EAT" is deprecated and it will be removed in a future release
WARNING: Use of the three-letter time zone ID "ECT" is deprecated and it will be removed in a future release
WARNING: Use of the three-letter time zone ID "PRT" is deprecated and it will be removed in a future release
WARNING: Use of the three-letter time zone ID "CTT" is deprecated and it will be removed in a future release
WARNING: Use of the three-letter time zone ID "SST" is deprecated and it will be removed in a future release
WARNING: Use of the three-letter time zone ID "MST" is deprecated and it will be removed in a future release
WARNING: Use of the three-letter time zone ID "AST" is deprecated and it will be removed in a future release
WARNING: Use of the three-letter time zone ID "NST" is deprecated and it will be removed in a future release
WARNING: Use of the three-letter time zone ID "HST" is deprecated and it will be removed in a future release
WARNING: Use of the three-letter time zone ID "ACT" is deprecated and it will be removed in a future release
WARNING: Use of the three-letter time zone ID "BST" is deprecated and it will be removed in a future release
WARNING: Use of the three-letter time zone ID "AET" is deprecated and it will be removed in a future release
WARNING: Use of the three-letter time zone ID "IST" is deprecated and it will be removed in a future release
WARNING: Use of the three-letter time zone ID "CST" is deprecated and it will be removed in a future release
WARNING: Use of the three-letter time zone ID "NET" is deprecated and it will be removed in a future release
WARNING: Use of the three-letter time zone ID "AGT" is deprecated and it will be removed in a future release
WARNING: Use of the three-letter time zone ID "CAT" is deprecated and it will be removed in a future release
WARNING: Use of the three-letter time zone ID "MIT" is deprecated and it will be removed in a future release
WARNING: Use of the three-letter time zone ID "BET" is deprecated and it will be removed in a future release
WARNING: Use of the three-letter time zone ID "PST" is deprecated and it will be removed in a future release
WARNING: Use of the three-letter time zone ID "ART" is deprecated and it will be removed in a future release
WARNING: Use of the three-letter time zone ID "JST" is deprecated and it will be removed in a future release
WARNING: Use of the three-letter time zone ID "VST" is deprecated and it will be removed in a future release
WARNING: Use of the three-letter time zone ID "IET" is deprecated and it will be removed in a future release
WARNING: Use of the three-letter time zone ID "CNT" is deprecated and it will be removed in a future release
WARNING: Use of the three-letter time zone ID "PLT" is deprecated and it will be removed in a future release
WARNING: Use of the three-letter time zone ID "PNT" is deprecated and it will be removed in a future release
WARNING: Use of the three-letter time zone ID "EST" is deprecated and it will be removed in a future release
WARNING: Use of the three-letter time zone ID "EAT" is deprecated and it will be removed in a future release
WARNING: Use of the three-letter time zone ID "ECT" is deprecated and it will be removed in a future release
WARNING: Use of the three-letter time zone ID "PRT" is deprecated and it will be removed in a future release
WARNING: Use of the three-letter time zone ID "CTT" is deprecated and it will be removed in a future release
WARNING: Use of the three-letter time zone ID "SST" is deprecated and it will be removed in a future release
WARNING: Use of the three-letter time zone ID "MST" is deprecated and it will be removed in a future release
您的预约已经超时
[{"x":"y"},{"x":"y"}]
{"models":[{"x":"y"},{"x":"y"}]}
{"a":{"x":"y"},"b":{"x":"y"}}
{"a":{"x":"y"},"b":{"x":"y"}}
com.alibaba.fastjson2.JSONException: parse enum error, class com.alibaba.fastjson2.v1issues.issue_2000.Issue2065$EnumClass, getCode 0, offset 10, character }, line 1, column 10, fastjson-version 2.0.64 {"code":0}
	at com.alibaba.fastjson2.reader.ObjectReaderImplEnum.readObject(ObjectReaderImplEnum.java:254)
	at com.alibaba.fastjson2.reader.ORG_2176_1_Model.readObject(Unknown Source)
	at com.alibaba.fastjson2.JSON.parseObject(JSON.java:1299)
	at com.alibaba.fastjson2.v1issues.issue_2000.Issue2065.test_for_issue(Issue2065.java:20)
	at java.base/jdk.internal.reflect.DirectMethodHandleAccessor.invoke(DirectMethodHandleAccessor.java:104)
	at java.base/java.lang.reflect.Method.invoke(Method.java:565)
	at org.junit.platform.commons.util.ReflectionUtils.invokeMethod(ReflectionUtils.java:787)
	at org.junit.platform.commons.support.ReflectionSupport.invokeMethod(ReflectionSupport.java:478)
	at org.junit.jupiter.engine.execution.MethodInvocation.proceed(MethodInvocation.java:60)
	at org.junit.jupiter.engine.execution.InvocationInterceptorChain$ValidatingInvocation.proceed(InvocationInterceptorChain.java:131)
	at org.junit.jupiter.engine.extension.TimeoutExtension.intercept(TimeoutExtension.java:161)
	at org.junit.jupiter.engine.extension.TimeoutExtension.interceptTestableMethod(TimeoutExtension.java:152)
	at org.junit.jupiter.engine.extension.TimeoutExtension.interceptTestMethod(TimeoutExtension.java:91)
	at org.junit.jupiter.engine.execution.InterceptingExecutableInvoker$ReflectiveInterceptorCall.lambda$ofVoidMethod$0(InterceptingExecutableInvoker.java:112)
	at org.junit.jupiter.engine.execution.InterceptingExecutableInvoker.lambda$invoke$0(InterceptingExecutableInvoker.java:94)
	at org.junit.jupiter.engine.execution.InvocationInterceptorChain$InterceptedInvocation.proceed(InvocationInterceptorChain.java:106)
	at org.junit.jupiter.engine.execution.InvocationInterceptorChain.proceed(InvocationInterceptorChain.java:64)
	at org.junit.jupiter.engine.execution.InvocationInterceptorChain.chainAndInvoke(InvocationInterceptorChain.java:45)
	at org.junit.jupiter.engine.execution.InvocationInterceptorChain.invoke(InvocationInterceptorChain.java:37)
	at org.junit.jupiter.engine.execution.InterceptingExecutableInvoker.invoke(InterceptingExecutableInvoker.java:93)
	at org.junit.jupiter.engine.execution.InterceptingExecutableInvoker.invoke(InterceptingExecutableInvoker.java:87)
	at org.junit.jupiter.engine.descriptor.TestMethodTestDescriptor.lambda$invokeTestMethod$4(TestMethodTestDescriptor.java:221)
	at org.junit.platform.engine.support.hierarchical.ThrowableCollector.execute(ThrowableCollector.java:73)
	at org.junit.jupiter.engine.descriptor.TestMethodTestDescriptor.invokeTestMethod(TestMethodTestDescriptor.java:217)
	at org.junit.jupiter.engine.descriptor.TestMethodTestDescriptor.execute(TestMethodTestDescriptor.java:159)
	at org.junit.jupiter.engine.descriptor.TestMethodTestDescriptor.execute(TestMethodTestDescriptor.java:70)
	at org.junit.platform.engine.support.hierarchical.NodeTestTask.lambda$executeRecursively$6(NodeTestTask.java:157)
	at org.junit.platform.engine.support.hierarchical.ThrowableCollector.execute(ThrowableCollector.java:73)
	at org.junit.platform.engine.support.hierarchical.NodeTestTask.lambda$executeRecursively$8(NodeTestTask.java:147)
	at org.junit.platform.engine.support.hierarchical.Node.around(Node.java:137)
	at org.junit.platform.engine.support.hierarchical.NodeTestTask.lambda$executeRecursively$9(NodeTestTask.java:145)
	at org.junit.platform.engine.support.hierarchical.ThrowableCollector.execute(ThrowableCollector.java:73)
	at org.junit.platform.engine.support.hierarchical.NodeTestTask.executeRecursively(NodeTestTask.java:144)
	at org.junit.platform.engine.support.hierarchical.NodeTestTask.execute(NodeTestTask.java:101)
	at java.base/java.util.ArrayList.forEach(ArrayList.java:1604)
	at org.junit.platform.engine.support.hierarchical.SameThreadHierarchicalTestExecutorService.invokeAll(SameThreadHierarchicalTestExecutorService.java:41)
	at org.junit.platform.engine.support.hierarchical.NodeTestTask.lambda$executeRecursively$6(NodeTestTask.java:161)
	at org.junit.platform.engine.support.hierarchical.ThrowableCollector.execute(ThrowableCollector.java:73)
	at org.junit.platform.engine.support.hierarchical.NodeTestTask.lambda$executeRecursively$8(NodeTestTask.java:147)
	at org.junit.platform.engine.support.hierarchical.Node.around(Node.java:137)
	at org.junit.platform.engine.support.hierarchical.NodeTestTask.lambda$executeRecursively$9(NodeTestTask.java:145)
	at org.junit.platform.engine.support.hierarchical.ThrowableCollector.execute(ThrowableCollector.java:73)
	at org.junit.platform.engine.support.hierarchical.NodeTestTask.executeRecursively(NodeTestTask.java:144)
	at org.junit.platform.engine.support.hierarchical.NodeTestTask.execute(NodeTestTask.java:101)
	at java.base/java.util.ArrayList.forEach(ArrayList.java:1604)
	at org.junit.platform.engine.support.hierarchical.SameThreadHierarchicalTestExecutorService.invokeAll(SameThreadHierarchicalTestExecutorService.java:41)
	at org.junit.platform.engine.support.hierarchical.NodeTestTask.lambda$executeRecursively$6(NodeTestTask.java:161)
	at org.junit.platform.engine.support.hierarchical.ThrowableCollector.execute(ThrowableCollector.java:73)
	at org.junit.platform.engine.support.hierarchical.NodeTestTask.lambda$executeRecursively$8(NodeTestTask.java:147)
	at org.junit.platform.engine.support.hierarchical.Node.around(Node.java:137)
	at org.junit.platform.engine.support.hierarchical.NodeTestTask.lambda$executeRecursively$9(NodeTestTask.java:145)
	at org.junit.platform.engine.support.hierarchical.ThrowableCollector.execute(ThrowableCollector.java:73)
	at org.junit.platform.engine.support.hierarchical.NodeTestTask.executeRecursively(NodeTestTask.java:144)
	at org.junit.platform.engine.support.hierarchical.NodeTestTask.execute(NodeTestTask.java:101)
	at org.junit.platform.engine.support.hierarchical.SameThreadHierarchicalTestExecutorService.submit(SameThreadHierarchicalTestExecutorService.java:35)
	at org.junit.platform.engine.support.hierarchical.HierarchicalTestExecutor.execute(HierarchicalTestExecutor.java:57)
	at org.junit.platform.engine.support.hierarchical.HierarchicalTestEngine.execute(HierarchicalTestEngine.java:54)
	at org.junit.platform.launcher.core.EngineExecutionOrchestrator.executeEngine(EngineExecutionOrchestrator.java:230)
	at org.junit.platform.launcher.core.EngineExecutionOrchestrator.failOrExecuteEngine(EngineExecutionOrchestrator.java:204)
	at org.junit.platform.launcher.core.EngineExecutionOrchestrator.execute(EngineExecutionOrchestrator.java:172)
	at org.junit.platform.launcher.core.EngineExecutionOrchestrator.execute(EngineExecutionOrchestrator.java:101)
	at org.junit.platform.launcher.core.EngineExecutionOrchestrator.lambda$execute$0(EngineExecutionOrchestrator.java:64)
	at org.junit.platform.launcher.core.EngineExecutionOrchestrator.withInterceptedStreams(EngineExecutionOrchestrator.java:150)
	at org.junit.platform.launcher.core.EngineExecutionOrchestrator.execute(EngineExecutionOrchestrator.java:63)
	at org.junit.platform.launcher.core.DefaultLauncher.execute(DefaultLauncher.java:109)
	at org.junit.platform.launcher.core.DefaultLauncher.execute(DefaultLauncher.java:91)
	at org.junit.platform.launcher.core.DelegatingLauncher.execute(DelegatingLauncher.java:47)
	at org.junit.platform.launcher.core.InterceptingLauncher.lambda$execute$1(InterceptingLauncher.java:39)
	at org.junit.platform.launcher.core.ClasspathAlignmentCheckingLauncherInterceptor.intercept(ClasspathAlignmentCheckingLauncherInterceptor.java:25)
	at org.junit.platform.launcher.core.InterceptingLauncher.execute(InterceptingLauncher.java:38)
	at org.junit.platform.launcher.core.DelegatingLauncher.execute(DelegatingLauncher.java:47)
	at org.apache.maven.surefire.junitplatform.LazyLauncher.execute(LazyLauncher.java:56)
	at org.apache.maven.surefire.junitplatform.JUnitPlatformProvider.execute(JUnitPlatformProvider.java:194)
	at org.apache.maven.surefire.junitplatform.JUnitPlatformProvider.invokeAllTests(JUnitPlatformProvider.java:150)
	at org.apache.maven.surefire.junitplatform.JUnitPlatformProvider.invoke(JUnitPlatformProvider.java:124)
	at org.apache.maven.surefire.booter.ForkedBooter.runSuitesInProcess(ForkedBooter.java:385)
	at org.apache.maven.surefire.booter.ForkedBooter.execute(ForkedBooter.java:162)
	at org.apache.maven.surefire.booter.ForkedBooter.run(ForkedBooter.java:507)
	at org.apache.maven.surefire.booter.ForkedBooter.main(ForkedBooter.java:495)
{"value":10}
fastjson eval: [{"name":"level3","field":"leve3Field","body":{"name":"level4","field":"leve4Field"}}]
com.alibaba.fastjson2.v1issues.issue_1600.issue_1699.obj.RatingDetailBO@a58f9a6
{"data":"","data2":"","data3":"","data4":"","data5":"","data6":"","data7":"","data8":"","data9":""}
{"data":"","data2":"","data3":"","data4":"","data5":"","data6":"","data7":"","data8":"","data9":""}
setter not found, class com.alibaba.fastjson2.v1issues.issue_1200.Issue1271$A, property b
setter not found, class com.alibaba.fastjson2.v1issues.issue_1200.Issue1271$B, property b
setter not found, class com.alibaba.fastjson2.v1issues.issue_1200.Issue1271$A, property b
setter not found, class com.alibaba.fastjson2.v1issues.issue_1200.Issue1271$B, property b
name=id,value=1
name=name,value=name
{"id":1,"nt":"name"}
{}
{"ab":{}}
{"ab":{}}
{"_parentId":"001"}
{"_parentId":"001"}
{"name":"b","value":{"name":"a","value":1},"value1":{"a":{"name":"a","value":1}}}
{"name":"b","value":{"a":{"name":"a","value":1}},"value1":{"name":"a","value":1}}
DataSimpleVO [name=b, value={"a":{"name":"a","value":1}}, value1={"name":"a","value":1}]
{"a":1,"b":"b","bars":{"c":3}}
{"@type":"com.alibaba.fastjson2.v1issues.issue_1300.Issue1319$MyTest","myEnum":"Test1","value":1}
{"myEnum":"Test1","value":1}
com.alibaba.fastjson2.v1issues.issue_1300.Issue1357$Test2Bean@433cec3b
{"@type":"com.alibaba.fastjson2.v1issues.issue_1300.Issue1319C$MyTest","myEnum":"Test1","value":1}
{"myEnum":"Test1","value":1}
before：Data : aaa
{"stackTrace":[{"fileName":"Issue1344.java","lineNumber":16,"className":"com.alibaba.fastjson2.v1issues.issue_1300.Issue1344","methodName":"test_for_issue"},{"fileName":"DirectMethodHandleAccessor.java","lineNumber":104,"className":"jdk.internal.reflect.DirectMethodHandleAccessor","methodName":"invoke"},{"fileName":"Method.java","lineNumber":565,"className":"java.lang.reflect.Method","methodName":"invoke"},{"fileName":"ReflectionUtils.java","lineNumber":787,"className":"org.junit.platform.commons.util.ReflectionUtils","methodName":"invokeMethod"},{"fileName":"ReflectionSupport.java","lineNumber":478,"className":"org.junit.platform.commons.support.ReflectionSupport","methodName":"invokeMethod"},{"fileName":"MethodInvocation.java","lineNumber":60,"className":"org.junit.jupiter.engine.execution.MethodInvocation","methodName":"proceed"},{"fileName":"InvocationInterceptorChain.java","lineNumber":131,"className":"org.junit.jupiter.engine.execution.InvocationInterceptorChain$ValidatingInvocation","methodName":"proceed"},{"fileName":"TimeoutExtension.java","lineNumber":161,"className":"org.junit.jupiter.engine.extension.TimeoutExtension","methodName":"intercept"},{"fileName":"TimeoutExtension.java","lineNumber":152,"className":"org.junit.jupiter.engine.extension.TimeoutExtension","methodName":"interceptTestableMethod"},{"fileName":"TimeoutExtension.java","lineNumber":91,"className":"org.junit.jupiter.engine.extension.TimeoutExtension","methodName":"interceptTestMethod"},{"fileName":"InterceptingExecutableInvoker.java","lineNumber":112,"className":"org.junit.jupiter.engine.execution.InterceptingExecutableInvoker$ReflectiveInterceptorCall","methodName":"lambda$ofVoidMethod$0"},{"fileName":"InterceptingExecutableInvoker.java","lineNumber":94,"className":"org.junit.jupiter.engine.execution.InterceptingExecutableInvoker","methodName":"lambda$invoke$0"},{"fileName":"InvocationInterceptorChain.java","lineNumber":106,"className":"org.junit.jupiter.engine.execution.InvocationInterceptorChain$InterceptedInvocation","methodName":"proceed"},{"fileName":"InvocationInterceptorChain.java","lineNumber":64,"className":"org.junit.jupiter.engine.execution.InvocationInterceptorChain","methodName":"proceed"},{"fileName":"InvocationInterceptorChain.java","lineNumber":45,"className":"org.junit.jupiter.engine.execution.InvocationInterceptorChain","methodName":"chainAndInvoke"},{"fileName":"InvocationInterceptorChain.java","lineNumber":37,"className":"org.junit.jupiter.engine.execution.InvocationInterceptorChain","methodName":"invoke"},{"fileName":"InterceptingExecutableInvoker.java","lineNumber":93,"className":"org.junit.jupiter.engine.execution.InterceptingExecutableInvoker","methodName":"invoke"},{"fileName":"InterceptingExecutableInvoker.java","lineNumber":87,"className":"org.junit.jupiter.engine.execution.InterceptingExecutableInvoker","methodName":"invoke"},{"fileName":"TestMethodTestDescriptor.java","lineNumber":221,"className":"org.junit.jupiter.engine.descriptor.TestMethodTestDescriptor","methodName":"lambda$invokeTestMethod$4"},{"fileName":"ThrowableCollector.java","lineNumber":73,"className":"org.junit.platform.engine.support.hierarchical.ThrowableCollector","methodName":"execute"},{"fileName":"TestMethodTestDescriptor.java","lineNumber":217,"className":"org.junit.jupiter.engine.descriptor.TestMethodTestDescriptor","methodName":"invokeTestMethod"},{"fileName":"TestMethodTestDescriptor.java","lineNumber":159,"className":"org.junit.jupiter.engine.descriptor.TestMethodTestDescriptor","methodName":"execute"},{"fileName":"TestMethodTestDescriptor.java","lineNumber":70,"className":"org.junit.jupiter.engine.descriptor.TestMethodTestDescriptor","methodName":"execute"},{"fileName":"NodeTestTask.java","lineNumber":157,"className":"org.junit.platform.engine.support.hierarchical.NodeTestTask","methodName":"lambda$executeRecursively$6"},{"fileName":"ThrowableCollector.java","lineNumber":73,"className":"org.junit.platform.engine.support.hierarchical.ThrowableCollector","methodName":"execute"},{"fileName":"NodeTestTask.java","lineNumber":147,"className":"org.junit.platform.engine.support.hierarchical.NodeTestTask","methodName":"lambda$executeRecursively$8"},{"fileName":"Node.java","lineNumber":137,"className":"org.junit.platform.engine.support.hierarchical.Node","methodName":"around"},{"fileName":"NodeTestTask.java","lineNumber":145,"className":"org.junit.platform.engine.support.hierarchical.NodeTestTask","methodName":"lambda$executeRecursively$9"},{"fileName":"ThrowableCollector.java","lineNumber":73,"className":"org.junit.platform.engine.support.hierarchical.ThrowableCollector","methodName":"execute"},{"fileName":"NodeTestTask.java","lineNumber":144,"className":"org.junit.platform.engine.support.hierarchical.NodeTestTask","methodName":"executeRecursively"},{"fileName":"NodeTestTask.java","lineNumber":101,"className":"org.junit.platform.engine.support.hierarchical.NodeTestTask","methodName":"execute"},{"fileName":"ArrayList.java","lineNumber":1604,"className":"java.util.ArrayList","methodName":"forEach"},{"fileName":"SameThreadHierarchicalTestExecutorService.java","lineNumber":41,"className":"org.junit.platform.engine.support.hierarchical.SameThreadHierarchicalTestExecutorService","methodName":"invokeAll"},{"fileName":"NodeTestTask.java","lineNumber":161,"className":"org.junit.platform.engine.support.hierarchical.NodeTestTask","methodName":"lambda$executeRecursively$6"},{"fileName":"ThrowableCollector.java","lineNumber":73,"className":"org.junit.platform.engine.support.hierarchical.ThrowableCollector","methodName":"execute"},{"fileName":"NodeTestTask.java","lineNumber":147,"className":"org.junit.platform.engine.support.hierarchical.NodeTestTask","methodName":"lambda$executeRecursively$8"},{"fileName":"Node.java","lineNumber":137,"className":"org.junit.platform.engine.support.hierarchical.Node","methodName":"around"},{"fileName":"NodeTestTask.java","lineNumber":145,"className":"org.junit.platform.engine.support.hierarchical.NodeTestTask","methodName":"lambda$executeRecursively$9"},{"fileName":"ThrowableCollector.java","lineNumber":73,"className":"org.junit.platform.engine.support.hierarchical.ThrowableCollector","methodName":"execute"},{"fileName":"NodeTestTask.java","lineNumber":144,"className":"org.junit.platform.engine.support.hierarchical.NodeTestTask","methodName":"executeRecursively"},{"fileName":"NodeTestTask.java","lineNumber":101,"className":"org.junit.platform.engine.support.hierarchical.NodeTestTask","methodName":"execute"},{"fileName":"ArrayList.java","lineNumber":1604,"className":"java.util.ArrayList","methodName":"forEach"},{"fileName":"SameThreadHierarchicalTestExecutorService.java","lineNumber":41,"className":"org.junit.platform.engine.support.hierarchical.SameThreadHierarchicalTestExecutorService","methodName":"invokeAll"},{"fileName":"NodeTestTask.java","lineNumber":161,"className":"org.junit.platform.engine.support.hierarchical.NodeTestTask","methodName":"lambda$executeRecursively$6"},{"fileName":"ThrowableCollector.java","lineNumber":73,"className":"org.junit.platform.engine.support.hierarchical.ThrowableCollector","methodName":"execute"},{"fileName":"NodeTestTask.java","lineNumber":147,"className":"org.junit.platform.engine.support.hierarchical.NodeTestTask","methodName":"lambda$executeRecursively$8"},{"fileName":"Node.java","lineNumber":137,"className":"org.junit.platform.engine.support.hierarchical.Node","methodName":"around"},{"fileName":"NodeTestTask.java","lineNumber":145,"className":"org.junit.platform.engine.support.hierarchical.NodeTestTask","methodName":"lambda$executeRecursively$9"},{"fileName":"ThrowableCollector.java","lineNumber":73,"className":"org.junit.platform.engine.support.hierarchical.ThrowableCollector","methodName":"execute"},{"fileName":"NodeTestTask.java","lineNumber":144,"className":"org.junit.platform.engine.support.hierarchical.NodeTestTask","methodName":"executeRecursively"},{"fileName":"NodeTestTask.java","lineNumber":101,"className":"org.junit.platform.engine.support.hierarchical.NodeTestTask","methodName":"execute"},{"fileName":"SameThreadHierarchicalTestExecutorService.java","lineNumber":35,"className":"org.junit.platform.engine.support.hierarchical.SameThreadHierarchicalTestExecutorService","methodName":"submit"},{"fileName":"HierarchicalTestExecutor.java","lineNumber":57,"className":"org.junit.platform.engine.support.hierarchical.HierarchicalTestExecutor","methodName":"execute"},{"fileName":"HierarchicalTestEngine.java","lineNumber":54,"className":"org.junit.platform.engine.support.hierarchical.HierarchicalTestEngine","methodName":"execute"},{"fileName":"EngineExecutionOrchestrator.java","lineNumber":230,"className":"org.junit.platform.launcher.core.EngineExecutionOrchestrator","methodName":"executeEngine"},{"fileName":"EngineExecutionOrchestrator.java","lineNumber":204,"className":"org.junit.platform.launcher.core.EngineExecutionOrchestrator","methodName":"failOrExecuteEngine"},{"fileName":"EngineExecutionOrchestrator.java","lineNumber":172,"className":"org.junit.platform.launcher.core.EngineExecutionOrchestrator","methodName":"execute"},{"fileName":"EngineExecutionOrchestrator.java","lineNumber":101,"className":"org.junit.platform.launcher.core.EngineExecutionOrchestrator","methodName":"execute"},{"fileName":"EngineExecutionOrchestrator.java","lineNumber":64,"className":"org.junit.platform.launcher.core.EngineExecutionOrchestrator","methodName":"lambda$execute$0"},{"fileName":"EngineExecutionOrchestrator.java","lineNumber":150,"className":"org.junit.platform.launcher.core.EngineExecutionOrchestrator","methodName":"withInterceptedStreams"},{"fileName":"EngineExecutionOrchestrator.java","lineNumber":63,"className":"org.junit.platform.launcher.core.EngineExecutionOrchestrator","methodName":"execute"},{"fileName":"DefaultLauncher.java","lineNumber":109,"className":"org.junit.platform.launcher.core.DefaultLauncher","methodName":"execute"},{"fileName":"DefaultLauncher.java","lineNumber":91,"className":"org.junit.platform.launcher.core.DefaultLauncher","methodName":"execute"},{"fileName":"DelegatingLauncher.java","lineNumber":47,"className":"org.junit.platform.launcher.core.DelegatingLauncher","methodName":"execute"},{"fileName":"InterceptingLauncher.java","lineNumber":39,"className":"org.junit.platform.launcher.core.InterceptingLauncher","methodName":"lambda$execute$1"},{"fileName":"ClasspathAlignmentCheckingLauncherInterceptor.java","lineNumber":25,"className":"org.junit.platform.launcher.core.ClasspathAlignmentCheckingLauncherInterceptor","methodName":"intercept"},{"fileName":"InterceptingLauncher.java","lineNumber":38,"className":"org.junit.platform.launcher.core.InterceptingLauncher","methodName":"execute"},{"fileName":"DelegatingLauncher.java","lineNumber":47,"className":"org.junit.platform.launcher.core.DelegatingLauncher","methodName":"execute"},{"fileName":"LazyLauncher.java","lineNumber":56,"className":"org.apache.maven.surefire.junitplatform.LazyLauncher","methodName":"execute"},{"fileName":"JUnitPlatformProvider.java","lineNumber":194,"className":"org.apache.maven.surefire.junitplatform.JUnitPlatformProvider","methodName":"execute"},{"fileName":"JUnitPlatformProvider.java","lineNumber":150,"className":"org.apache.maven.surefire.junitplatform.JUnitPlatformProvider","methodName":"invokeAllTests"},{"fileName":"JUnitPlatformProvider.java","lineNumber":124,"className":"org.apache.maven.surefire.junitplatform.JUnitPlatformProvider","methodName":"invoke"},{"fileName":"ForkedBooter.java","lineNumber":385,"className":"org.apache.maven.surefire.booter.ForkedBooter","methodName":"runSuitesInProcess"},{"fileName":"ForkedBooter.java","lineNumber":162,"className":"org.apache.maven.surefire.booter.ForkedBooter","methodName":"execute"},{"fileName":"ForkedBooter.java","lineNumber":507,"className":"org.apache.maven.surefire.booter.ForkedBooter","methodName":"run"},{"fileName":"ForkedBooter.java","lineNumber":495,"className":"org.apache.maven.surefire.booter.ForkedBooter","methodName":"main"}],"message":"Data : aaa","suppressed":[],"localizedMessage":"Data : aaa"}
after：null
{"aBoolean":false,"aByte":0,"aChar":"\u0000","aDouble":0.0,"aFloat":0.0,"aLong":0,"aShort":0,"anInt":0}
{"aBoolean":true,"aBoolean2":false,"aByte":8,"aByte2":9,"aChar":"J","aDouble":88.88,"aDouble2":99.99,"aFloat":8.8,"aFloat2":9.9,"aLong":8888,"aLong2":9999,"aShort":88,"aShort2":99,"anInt":888,"character":"C","integer":999,"string":"test"}
{"is_judge":true}
{
	"@type":"com.alibaba.fastjson2.hsf.VeryComplexDO#0",
	"@value":{
		"fshort":4,
		"pBaseDO":{},
		"pbyte":5,
		"pdouble":6.6,
		"pfloat":7.7,
		"pint":8,
		"plong":9
	}
}
{
	"@type":"com.alibaba.fastjson2.hsf.VeryComplexDO#0",
	"@value":{
		"fshort":2,
		"pBaseDO":{},
		"pbyte":3,
		"pdouble":9999.9999,
		"pfloat":1.2,
		"pint":69,
		"plist":{
			"@type":"A#1",
			"@value":[
				"taobao",
				"java",
				"linux"
			]
		},
		"plong":56,
		"plongArray":[
			1,
			2,
			3,
			4,
			5,
			6
		]
	}
}
123456789012345678901234567890123456789012345678901234567890
Issue1168.Wrapper(inner=Issue1168.Inner(id=1))
com.alibaba.fastjson2.issues_1000.Issue1457$Test2@73da1f76
{
	"@type":"java.util.Collections$SynchronizedMap"
}
{
	"@type":"java.util.Collections$SynchronizedSet",
	"@value":[
		1,
		2,
		3
	]
}
{
	"@type":"java.util.Collections$SynchronizedRandomAccessList",
	"@value":[
		1,
		2,
		3
	]
}
{
	"@type":"java.util.Collections$SynchronizedNavigableMap"
}
{
	"@type":"java.util.Collections$SynchronizedSortedMap"
}
{
	"@type":"java.util.Collections$SynchronizedSortedSet",
	"@value":[
		1,
		2,
		3
	]
}
{
	"@type":"java.util.Collections$SynchronizedNavigableSet",
	"@value":[
		1,
		2,
		3
	]
}
{
	"@type":"java.util.Collections$SynchronizedCollection",
	"@value":[
		1,
		2,
		3
	]
}
{"testEnum":"E1"}
{"testEnum":"E1"}
"E1"
{"testEnum":3}
false
false
{"name":"{\"paternalSurname\": \"Rodríguez\"}"}
strJson={"@type":"com.alibaba.fastjson2.issues_1000.Issue1069$UserAttrActionInfo","tagInfos":{"@type":"java.util.LinkedHashMap",1234:[1L,2L,3L,4L]}}
fastjson2 data:{"values":[[123,456]]}
{"accountType":2}
